2839,861;63
2840,861;5338
2841,861;69
2842,861;71
2843,861;72
2844,861;69
2845,861;87
2846,861;9988
2847,861;80
2848,861;70
2849,861;54
2850,861;78
2851,861;265
2852,861;10775
2853,861;66
2854,861;65
2855,861;68
2856,861;65
2857,861;485
2858,861;10689
2859,861;66
2860,861;64
2861,861;70
2862,861;56
2863,861;522
2864,861;10694
2865,861;65
2866,861;75
2867,861;61
2868,861;71
2869,861;529
2870,861;10666
2871,861;61
2872,861;81
2873,861;60
2874,861;72
2875,861;524
2876,861;10704
2877,861;57
2878,861;71
2879,861;72
2880,861;67
2881,861;562
2882,861;10664
2883,861;57
2884,861;60
2885,861;72
2886,861;83
2887,861;564
2888,861;10671
2889,861;55
2890,861;62
2891,861;61
2892,861;94
2893,861;548
2894,861;10634
2895,861;78
2896,861;56
2897,861;75
2898,861;67
2899,861;538
2900,861;10654
2901,861;54
2902,861;68
2903,861;66
2904,861;78
2905,861;673
2906,861;10535
2907,861;78
2908,861;65
2909,861;80
2910,861;58
2911,861;560
2912,861;10650
2913,861;78
2914,861;82
2915,861;69
2916,861;63
2917,861;537
2918,861;10656
2919,861;70
2920,861;53
2921,861;75
2922,861;85
2923,861;550
2924,861;10626
2925,861;71
2926,861;62
2927,861;68
2928,861;88
2929,861;542
2930,861;10589
2931,753;78
2932,753;65
2933,753;64
2934,753;59
2935,753;550
2936,753;10639
2937,753;71
2938,753;71
2939,753;76
2940,753;73
2941,753;557
2942,753;10635
2943,753;73
2944,753;63
2945,753;75
2946,753;78
2947,753;560
2948,753;10597
2949,753;61
2950,753;66
2951,753;64
2952,753;57
2953,753;534
2954,753;10619
2955,753;63
2956,753;48
2957,753;77
2958,753;66
2959,753;520
2960,753;10626
2961,753;67
2962,753;68
2963,753;77
2964,753;80
2965,753;535
2966,753;10558
2967,753;58
2968,753;77
2969,753;64
2970,753;85
2971,753;551
2972,753;10611
2973,753;54
2974,753;69
2975,753;74
2976,753;65
2977,753;521
2978,753;10601
2979,753;77
2980,753;55
2981,753;73
2982,753;86
2983,753;547
2984,753;10606
2985,753;54
2986,753;72
2987,753;66
2988,753;65
2989,753;621
2990,753;10497
2991,753;78
2992,753;86
2993,753;78
2994,753;71
2995,753;545
2996,753;10580
2997,753;71
2998,753;67
2999,753;82
3000,753;83
3001,753;580
3002,753;10555
3003,753;57
3004,753;80
3005,753;69
3006,753;88
3007,753;555
3008,753;10571
3009,753;66
3010,753;77
3011,753;62
3012,753;82
3013,753;547
3014,753;10609
3015,753;69
3016,753;65
3017,753;71
3018,753;66
3019,753;534
3020,753;10591
3021,753;68
3022,753;69
3023,753;68
3024,753;73
3025,753;536
3026,753;10607
3027,753;55
3028,753;67
3029,753;72
3030,753;69
3031,753;529
3033,901;10596
3034,901;74
3035,901;83
3036,901;65
3037,901;59
3038,901;543
3039,901;10569
3040,901;80
3041,901;88
3042,901;68
3043,901;68
3044,901;535
3045,901;10603
3046,901;67
3047,901;71
3048,901;67
3049,901;67
3050,901;519
3051,901;10596
3052,901;56
3053,901;75
3054,901;73
3055,901;68
3056,901;531
3057,901;10594
3058,901;66
3059,901;70
3060,901;87
3061,901;83
3062,901;533
3063,901;10587
3064,901;57
3065,901;71
3066,901;73
3067,901;52
3068,901;483
3069,901;10614
3070,901;59
3071,901;63
3072,901;46
3073,901;66
3074,901;517
3075,901;10585
3076,901;74
3077,901;66
3078,901;71
3079,901;83
3080,901;534
3081,901;10568
3082,901;68
3083,901;58
3084,901;54
3085,901;71
3086,901;536
3087,901;10582
3088,901;54
3089,901;51
3090,901;58
3091,901;75
3092,901;531
3093,901;10587
3094,901;59
3095,901;53
3096,901;64
3097,901;69
3098,901;526
3099,901;10570
3100,901;60
3101,901;54
3102,901;53
3103,901;64
3104,901;529
3105,901;10572
3106,901;52
3107,901;51
3108,901;51
3109,901;58
3110,901;529
3111,901;10576
3112,901;51
3113,901;55
3114,901;62
3115,901;55
3116,901;504
3117,901;10558
3118,901;51
3119,901;52
3120,901;58
3121,901;55
3122,901;521
3123,901;10585
3124,901;38
3125,901;66
3126,901;68
3127,901;39
3128,901;613
3129,901;10495
3130,901;60
3131,901;46
3132,901;44
3133,901;53
3133,383;520
3134,383;10561
3135,383;47
3136,383;62
3137,383;47
3138,383;52
3139,383;504
3140,383;10580
3141,383;56
3142,383;46
3143,383;59
3144,383;62
3145,383;509
3146,383;10587
3147,383;49
3148,383;47
3149,383;49
3150,383;55
3151,383;120
3152,383;10643
3153,383;45
3154,383;71
3155,383;64
3156,383;56
3157,383;429
3158,383;10552
3159,383;44
3160,383;61
3161,383;53
3162,383;70
3163,383;500
3164,383;10582
3165,383;49
3166,383;66
3167,383;57
3168,383;53
3169,383;505
3170,383;10586
3171,383;44
3172,383;49
3173,383;53
3174,383;44
3175,383;511
3176,383;10571
3177,383;47
3178,383;59
3179,383;41
3180,383;63
3181,383;535
3182,383;10596
3183,383;49
3184,383;54
3185,383;50
3186,383;69
3187,383;510
3188,383;10571
3189,383;48
3190,383;59
3191,383;60
3192,383;63
3193,383;506
3194,383;10608
3195,383;45
3196,383;57
3197,383;48
3198,383;59
3199,383;515
3200,383;10583
3201,383;55
3202,383;50
3203,383;59
3204,383;59
3205,383;532
3206,383;10587
3207,383;58
3208,383;59
3209,383;61
3210,383;64
3211,383;518
3212,383;10605
3213,383;51
3214,383;56
3215,383;72
3216,383;55
3217,383;511
3218,383;10619
3219,383;59
3220,383;59
3221,383;72
3222,383;49
3223,383;519
3224,383;10587
3225,383;64
3226,383;61
3227,383;56
3228,383;70
3229,383;600
3230,383;10548
3231,383;69
3232,383;58
3233,383;64
3234,383;70
3235,383;487
3236,383;10570
3237,383;63
3238,383;63
3239,383;77
3240,383;63
3241,383;500
3242,383;10588
3243,383;62
3244,383;65
3245,383;85
3246,383;67
3247,383;507
3248,383;10587
3249,383;61
3250,383;66
3251,383;65
3252,383;58
3253,383;482
3254,383;10548
3255,383;57
3256,383;60
3257,383;75
3258,383;74
3259,383;480
3260,383;10576
3261,383;63
3262,383;61
3263,383;67
3264,383;59
3265,383;508
3266,383;10575
3267,383;54
3268,383;76
3269,383;64
3270,383;54
3271,383;498
3272,383;10598
3273,383;75
3274,383;75
3275,383;73
3276,383;94
3277,383;499
3278,383;10606
3279,383;69
3280,383;63
3281,383;81
3282,383;77
3283,383;514
3284,383;10614
3285,383;66
3286,383;67
3287,383;72
3288,383;98
3289,383;509
3290,383;10635
3291,383;77
3292,383;83
3293,383;78
3294,383;73
3295,383;500
3296,383;10586
3297,383;71
3298,383;56
3299,383;73
3300,383;85
3301,383;606
3302,383;10506
3303,383;64
3304,383;72
3305,383;76
3306,383;81
3307,383;572
3308,383;10515
3309,383;61
3310,383;77
3311,383;65
3312,383;73
3313,383;484
3314,383;10584
3315,383;65
3316,383;83
3317,383;90
3318,383;62
3319,383;514
3320,383;10591
3321,383;67
3322,383;72
3323,383;79
3324,383;84
3325,383;515
3326,383;10614
3327,383;81
3328,383;72
3329,383;65
3330,383;71
3331,383;476
3332,383;10627
3333,383;69
3334,383;78
3335,86;75
3336,86;70
3337,86;481
3338,86;10598
3339,86;65
3340,86;78
3341,86;55
3342,86;69
3343,86;487
3344,86;10595
3345,86;70
3346,86;69
3347,86;79
3348,86;72
3349,86;475
3350,86;10601
3351,86;68
3352,86;74
3353,86;68
3354,86;74
3355,86;481
3356,86;10616
3357,86;70
3358,86;75
3359,86;65
3360,86;81
3361,86;488
3362,86;10596
3363,86;69
3364,86;72
3365,86;69
3366,86;69
3367,86;506
3368,86;10586
3369,86;73
3370,86;91
3371,86;70
3372,86;75
3373,86;474
3374,86;10605
3375,86;56
3376,86;59
3377,86;81
3378,86;70
3379,86;474
3380,86;10601
3381,86;77
3382,86;65
3383,86;80
3384,86;69
3385,86;483
3386,86;10607
3387,86;58
3388,86;73
3389,86;75
3390,86;66
3391,86;471
3392,86;10589
3393,86;53
3394,86;62
3395,86;71
3396,86;73
3397,86;461
3398,86;10654
3399,86;56
3400,86;73
3401,86;73
3402,86;82
3403,86;601
3404,86;10474
3405,86;68
3406,86;63
3407,86;59
3408,86;75
3409,86;461
3410,86;10647
3411,86;54
3412,86;72
3413,86;64
3414,86;65
3415,86;570
3416,86;10497
3417,86;81
3418,86;67
3419,86;63
3420,86;66
3421,86;473
3422,86;10626
3423,86;52
3424,86;71
3425,86;67
3426,86;75
3427,86;446
3428,86;10607
3429,86;55
3430,86;72
3431,86;63
3432,86;76
3433,86;474
3434,86;10627
3435,86;60
3436,571;82
3437,571;77
3438,571;77
3439,571;453
3440,571;10622
3441,571;60
3442,571;64
3443,571;68
3444,571;67
3445,571;457
3446,571;10604
3447,571;56
3448,571;78
3449,571;61
3450,571;72
3451,571;453
3452,571;10631
3453,571;66
3454,571;69
3455,571;57
3456,571;64
3457,571;534
3458,571;10555
3459,571;70
3460,571;66
3461,571;50
3462,571;65
3463,571;85
3464,571;10683
3465,571;73
3466,571;58
3467,571;67
3468,571;58
3469,571;387
3470,571;10665
3471,571;81
3472,571;71
3473,571;45
3474,571;62
3475,571;447
3476,571;10632
3477,571;60
3478,571;60
3479,571;73
3480,571;64
3481,571;478
3482,571;10630
3483,571;57
3484,571;62
3485,571;85
3486,571;81
3487,571;456
3488,571;10619
3489,571;70
3490,571;63
3491,571;68
3492,571;72
3493,571;453
3494,571;10633
3495,571;57
3496,571;62
3497,571;61
3498,571;66
3499,571;455
3500,571;10642
3501,571;56
3502,571;52
3503,571;84
3504,571;70
3505,571;463
3506,571;10631
3507,571;70
3508,571;77
3509,571;71
3510,571;73
3511,571;460
3512,571;10612
3513,571;53
3514,571;60
3515,571;54
3516,571;77
3517,571;473
3518,571;10633
3519,571;57
3520,571;71
3521,571;63
3522,571;57
3523,571;466
3524,571;10628
3525,571;71
3526,571;79
3527,571;76
3528,571;62
3529,571;463
3530,571;10608
3531,571;63
3532,571;69
3533,571;77
3534,571;70
3535,571;445
3536,571;10664
3537,204;60
3538,204;66
3539,204;64
3540,204;77
3541,204;473
3542,204;10638
3543,204;58
3544,204;83
3545,204;70
3546,204;70
3547,204;572
3548,204;10514
3549,204;83
3550,204;64
3551,204;66
3552,204;80
3553,204;433
3554,204;10629
3555,204;82
3556,204;82
3557,204;76
3558,204;72
3559,204;464
3560,204;10623
3561,204;70
3562,204;71
3563,204;78
3564,204;72
3565,204;469
3566,204;10623
3567,204;61
3568,204;94
3569,204;63
3570,204;75
3571,204;477
3572,204;10640
3573,204;74
3574,204;56
3575,204;66
3576,204;76
3577,204;463
3578,204;10583
3579,204;59
3580,204;69
3581,204;72
3582,204;66
3583,204;440
3584,204;10634
3585,204;85
3586,204;81
3587,204;71
3588,204;63
3589,204;453
3590,204;10642
3591,204;61
3592,204;68
3593,204;71
3594,204;73
3595,204;436
3596,204;10627
3597,204;67
3598,204;75
3599,204;68
3600,204;78
3601,204;464
3602,204;10644
3603,204;75
3604,204;68
3605,204;68
3606,204;70
3607,204;463
3608,204;10622
3609,204;67
3610,204;75
3611,204;71
3612,204;82
3613,204;453
3614,204;10632
3615,204;65
3616,204;53
3617,204;60
3618,204;84
3619,204;452
3620,204;10607
3621,204;76
3622,204;68
3623,204;84
3624,204;76
3625,204;464
3626,204;10618
3627,204;67
3628,204;69
3629,204;63
3630,204;73
3631,204;441
3632,204;10655
3633,204;69
3634,204;85
3635,204;82
3636,204;62
3637,204;442
3638,752;10627
3639,752;66
3640,752;72
3641,752;75
3642,752;65
3643,752;459
3644,752;10630
3645,752;70
3646,752;81
3647,752;71
3648,752;96
3649,752;441
3650,752;10664
3651,752;69
3652,752;59
3653,752;56
3654,752;79
3655,752;438
3656,752;10649
3657,752;74
3658,752;74
3659,752;81
3660,752;65
3661,752;441
3662,752;10639
3663,752;54
3664,752;75
3665,752;92
3666,752;76
3667,752;471
3668,752;10617
3669,752;72
3670,752;59
3671,752;62
3672,752;76
3673,752;430
3674,752;10633
3675,752;85
3676,752;64
3677,752;70
3678,752;83
3679,752;445
3680,752;10678
3681,752;76
3682,752;53
3683,752;65
3684,752;74
3685,752;433
3686,752;10662
3687,752;58
3688,752;68
3689,752;59
3690,752;70
3691,752;444
3692,752;10680
3693,752;70
3694,752;64
3695,752;76
3696,752;71
3697,752;424
3698,752;10653
3699,752;56
3700,752;64
3701,752;59
3702,752;64
3703,752;457
3704,752;10656
3705,752;66
3706,752;64
3707,752;65
3708,752;74
3709,752;438
3710,752;10656
3711,752;65
3712,752;68
3713,752;53
3714,752;62
3715,752;457
3716,752;10672
3717,752;66
3718,752;61
3719,752;51
3720,752;48
3721,752;432
3722,752;10655
3723,752;65
3724,752;56
3725,752;68
3726,752;52
3727,752;448
3728,752;10628
3729,752;58
3730,752;60
3731,752;66
3732,752;66
3733,752;431
3734,752;10646
3735,752;54
3736,752;59
3737,752;67
3738,752;46
3739,752;424
3740,752;10644
3741,752;56
3742,752;47
3743,752;68
3744,752;56
3745,752;437
3746,752;10661
3747,752;56
3748,752;54
3749,752;63
3750,752;51
3751,752;409
3752,752;10673
3753,752;50
3754,752;53
3755,752;48
3756,752;46
3757,752;414
3758,752;10645
3759,752;54
3760,752;50
3761,752;63
3762,752;55
3763,752;429
3764,752;10641
3765,752;56
3766,752;46
3767,752;52
3768,752;49
3769,752;490
3770,752;10590
3771,752;59
3772,752;44
3773,752;47
3774,752;42
3775,752;57
3776,752;10653
3777,752;46
3778,752;41
3779,752;47
3780,752;54
3781,752;345
3782,752;10664
3783,752;60
3784,752;53
3785,752;66
3786,752;54
3787,752;411
3788,752;10702
3789,752;41
3790,752;56
3791,752;42
3792,752;49
3793,752;402
3794,752;10680
3795,752;59
3796,752;45
3797,752;42
3798,752;54
3799,752;409
3800,752;10661
3801,752;54
3802,752;51
3803,752;51
3804,752;40
3805,752;418
3806,752;10655
3807,752;54
3808,752;59
3809,752;41
3810,752;54
3811,752;425
3812,752;10653
3813,752;57
3814,752;46
3815,752;48
3816,752;41
3817,752;426
3818,752;10666
3819,752;57
3820,752;73
3821,752;67
3822,752;75
3823,752;446
3824,752;10676
3825,752;54
3826,752;54
3827,752;61
3828,752;53
3829,752;433
3830,752;10650
3831,752;62
3832,752;50
3833,752;58
3834,752;66
3835,752;410
3836,752;10666
3837,752;61
3838,752;70
3839,752;73
3840,861;63
3841,861;420
3842,861;10673
3843,861;64
3844,861;64
3845,861;57
3846,861;66
3847,861;418
3848,861;10667
3849,861;58
3850,861;56
3851,861;56
3852,861;57
3853,861;422
3854,861;10648
3855,861;64
3856,861;70
3857,861;63
3858,861;63
3859,861;419
3860,861;10651
3861,861;64
3862,861;79
3863,861;64
3864,861;73
3865,861;418
3866,861;10651
3867,861;64
3868,861;73
3869,861;71
3870,861;75
3871,861;414
3872,861;10702
3873,861;72
3874,861;68
3875,861;69
3876,861;73
3877,861;410
3878,861;10668
3879,861;65
3880,861;84
3881,861;74
3882,861;64
3883,861;438
3884,861;10678
3885,861;60
3886,861;73
3887,861;69
3888,861;65
3889,861;405
3890,861;10687
3891,861;54
3892,861;60
3893,861;75
3894,861;68
3895,861;395
3896,861;10681
3897,861;64
3898,861;66
3899,861;70
3900,861;76
3901,861;401
3902,861;10687
3903,861;66
3904,861;68
3905,861;68
3906,861;72
3907,861;410
3908,861;10671
3909,861;76
3910,861;62
3911,861;79
3912,861;75
3913,861;422
3914,861;10692
3915,861;74
3916,861;58
3917,861;70
3918,861;74
3919,861;448
3920,861;10632
3921,861;66
3922,861;54
3923,861;75
3924,861;75
3925,861;408
3926,861;10681
3927,861;72
3928,861;71
3929,861;70
3930,861;71
3931,861;448
3932,861;10638
3933,861;73
3934,861;64
3935,861;58
3936,861;98
3937,861;415
3938,861;10682
3939,861;59
3940,861;69
3941,028;69
3942,028;67
3943,028;409
3944,028;10681
3945,028;70
3946,028;60
3947,028;74
3948,028;76
3949,028;392
3950,028;10678
3951,028;53
3952,028;74
3953,028;61
3954,028;80
3955,028;385
3956,028;10679
3957,028;82
3958,028;73
3959,028;74
3960,028;80
3961,028;392
3962,028;10697
3963,028;54
3964,028;73
3965,028;64
3966,028;78
3967,028;398
3968,028;10703
3969,028;66
3970,028;71
3971,028;81
3972,028;83
3973,028;392
3974,028;10703
3975,028;62
3976,028;64
3977,028;74
3978,028;80
3979,028;406
3980,028;10715
3981,028;75
3982,028;64
3983,028;80
3984,028;70
3985,028;410
3986,028;10678
3987,028;81
3988,028;69
3989,028;79
3990,028;69
3991,028;403
3992,028;10695
3993,028;71
3994,028;58
3995,028;69
3996,028;73
3997,028;385
3998,028;10699
3999,028;64
4000,028;66
4001,028;70
4002,028;77
4003,028;405
4004,028;10693
4005,028;49
4006,028;83
4007,028;66
4008,028;76
4009,028;401
4010,028;10687
4011,028;55
4012,028;75
4013,028;66
4014,028;69
4015,028;375
4016,028;10699
4017,028;64
4018,028;83
4019,028;60
4020,028;73
4021,028;406
4022,028;10729
4023,028;51
4024,028;64
4025,028;82
4026,028;68
4027,028;394
4028,028;10713
4029,028;61
4030,028;74
4031,028;72
4032,028;63
4033,028;367
4034,028;10670
4035,028;53
4036,028;62
4037,028;73
4038,028;63
4039,028;403
4040,028;10646
4041,028;69
4042,86;60
4043,86;65
4044,86;62
4045,86;408
4046,86;10669
4047,86;73
4048,86;56
4049,86;64
4050,86;63
4051,86;372
4052,86;10686
4053,86;61
4054,86;69
4055,86;80
4056,86;76
4057,86;378
4058,86;10693
4059,86;58
4060,86;56
4061,86;71
4062,86;65
4063,86;442
4064,86;10618
4065,86;57
4066,86;59
4067,86;51
4068,86;60
4069,86;372
4070,86;10693
4071,86;63
4072,86;64
4073,86;73
4074,86;76
4075,86;377
4076,86;10717
4077,86;68
4078,86;68
4079,86;67
4080,86;82
4081,86;365
4082,86;10689
4083,86;49
4084,86;50
4085,86;52
4086,86;58
4087,86;79
4088,86;10679
4089,86;61
4090,86;62
4091,86;72
4092,86;77
4093,86;311
4094,86;10704
4095,86;73
4096,86;65
4097,86;66
4098,86;67
4099,86;347
4100,86;10703
4101,86;59
4102,86;76
4103,86;74
4104,86;75
4105,86;411
4106,86;10654
4107,86;58
4108,86;65
4109,86;69
4110,86;68
4111,86;349
4112,86;10704
4113,86;72
4114,86;66
4115,86;63
4116,86;77
4117,86;381
4118,86;10694
4119,86;62
4120,86;58
4121,86;64
4122,86;84
4123,86;350
4124,86;10720
4125,86;78
4126,86;84
4127,86;70
4128,86;86
4129,86;352
4130,86;10687
4131,86;72
4132,86;68
4133,86;82
4134,86;72
4135,86;368
4136,86;10699
4137,86;72
4138,86;86
4139,86;64
4140,86;72
4141,86;364
4142,86;10709
4143,628;54
4144,628;73
4145,628;83
4146,628;63
4147,628;366
4148,628;10732
4149,628;70
4150,628;74
4151,628;75
4152,628;64
4153,628;361
4154,628;10714
4155,628;62
4156,628;74
4157,628;72
4158,628;81
4159,628;353
4160,628;10726
4161,628;75
4162,628;67
4163,628;67
4164,628;67
4165,628;363
4166,628;10720
4167,628;60
4168,628;63
4169,628;64
4170,628;63
4171,628;370
4172,628;10695
4173,628;56
4174,628;69
4175,628;64
4176,628;73
4177,628;355
4178,628;10671
4179,628;76
4180,628;59
4181,628;67
4182,628;57
4183,628;380
4184,628;10710
4185,628;76
4186,628;66
4187,628;72
4188,628;72
4189,628;373
4190,628;10731
4191,628;81
4192,628;80
4193,628;75
4194,628;80
4195,628;349
4196,628;10729
4197,628;68
4198,628;66
4199,628;76
4200,628;72
4201,628;404
4202,628;10672
4203,628;70
4204,628;72
4205,628;75
4206,628;69
4207,628;353
4208,628;10728
4209,628;81
4210,628;80
4211,628;78
4212,628;71
4213,628;351
4214,628;10747
4215,628;50
4216,628;49
4217,628;70
4218,628;67
4219,628;341
4220,628;10722
4221,628;69
4222,628;78
4223,628;68
4224,628;77
4225,628;360
4226,628;10733
4227,628;75
4228,628;52
4229,628;67
4230,628;70
4231,628;355
4232,628;10739
4233,628;75
4234,628;87
4235,628;68
4236,628;58
4237,628;354
4238,628;10725
4239,628;72
4240,628;71
4241,628;67
4242,628;85
4243,628;348
4244,628;10731
4245,628;67
4246,628;89
4247,628;69
4248,628;69
4249,628;370
4250,628;10732
4251,628;67
4252,628;70
4253,628;86
4254,628;69
4255,628;359
4256,628;10703
4257,628;57
4258,628;62
4259,628;70
4260,628;79
4261,628;359
4262,628;10709
4263,628;80
4264,628;62
4265,628;74
4266,628;88
4267,628;368
4268,628;10725
4269,628;74
4270,628;91
4271,628;71
4272,628;60
4273,628;352
4274,628;10745
4275,628;66
4276,628;60
4277,628;81
4278,628;63
4279,628;338
4280,628;10707
4281,628;65
4282,628;67
4283,628;82
4284,628;58
4285,628;342
4286,628;10709
4287,628;65
4288,628;73
4289,628;71
4290,628;67
4291,628;352
4292,628;10735
4293,628;74
4294,628;68
4295,628;69
4296,628;89
4297,628;332
4298,628;10745
4299,628;81
4300,628;87
4301,628;68
4302,628;67
4303,628;395
4304,628;10670
4305,628;78
4306,628;75
4307,628;80
4308,628;72
4309,628;350
4310,628;10721
4311,628;62
4312,628;78
4313,628;72
4314,628;56
4315,628;338
4316,628;10746
4317,628;60
4318,628;77
4319,628;69
4320,628;71
4321,628;355
4322,628;10723
4323,628;71
4324,628;72
4325,628;83
4326,628;64
4327,628;369
4328,628;10716
4329,628;55
4330,628;61
4331,628;81
4332,628;70
4333,628;344
4334,628;10723
4335,628;71
4336,628;58
4337,628;61
4338,628;72
4339,628;356
4340,628;10731
4341,628;49
4342,628;70
4343,628;60
4344,628;58
4345,746;355
4346,746;10729
4347,746;57
4348,746;60
4349,746;64
4350,746;72
4351,746;341
4352,746;10717
4353,746;58
4354,746;60
4355,746;57
4356,746;66
4357,746;343
4358,746;10761
4359,746;46
4360,746;66
4361,746;52
4362,746;66
4363,746;333
4364,746;10717
4365,746;49
4366,746;53
4367,746;53
4368,746;50
4369,746;340
4370,746;10739
4371,746;49
4372,746;70
4373,746;55
4374,746;63
4375,746;349
4376,746;10707
4377,746;64
4378,746;55
4379,746;62
4380,746;61
4381,746;325
4382,746;10724
4383,746;70
4384,746;51
4385,746;53
4386,746;52
4387,746;317
4388,746;10753
4389,746;46
4390,746;50
4391,746;45
4392,746;58
4393,746;314
4394,746;10752
4395,746;41
4396,746;46
4397,746;46
4398,746;62
4399,746;53
4400,746;10691
4401,746;47
4402,746;56
4403,746;55
4404,746;57
4405,746;251
4406,746;10759
4407,746;46
4408,746;51
4409,746;49
4410,746;46
4411,746;304
4412,746;10744
4413,746;49
4414,746;52
4415,746;65
4416,746;51
4417,746;335
4418,746;10750
4419,746;48
4420,746;68
4421,746;61
4422,746;49
4423,746;345
4424,746;10727
4425,746;54
4426,746;56
4427,746;73
4428,746;57
4429,746;339
4430,746;10739
4431,746;52
4432,746;57
4433,746;55
4434,746;55
4435,746;322
4436,746;10750
4437,746;42
4438,746;50
4439,746;48
4440,746;51
4441,746;316
4442,746;10757
4443,746;45
4444,746;70
4445,746;59
4446,573;64
4447,573;320
4448,573;10748
4449,573;60
4450,573;52
4451,573;64
4452,573;55
4453,573;329
4454,573;10743
4455,573;57
4456,573;49
4457,573;70
4458,573;66
4459,573;323
4460,573;10770
4461,573;69
4462,573;66
4463,573;49
4464,573;65
4465,573;343
4466,573;10743
4467,573;67
4468,573;62
4469,573;68
4470,573;77
4471,573;326
4472,573;10738
4473,573;51
4474,573;75
4475,573;70
4476,573;67
4477,573;326
4478,573;10753
4479,573;67
4480,573;66
4481,573;69
4482,573;64
4483,573;326
4484,573;10754
4485,573;62
4486,573;60
4487,573;88
4488,573;62
4489,573;323
4490,573;10742
4491,573;71
4492,573;68
4493,573;79
4494,573;67
4495,573;316
4496,573;10776
4497,573;68
4498,573;60
4499,573;59
4500,573;65
4501,573;314
4502,573;10755
4503,573;55
4504,573;69
4505,573;73
4506,573;82
4507,573;321
4508,573;10778
4509,573;71
4510,573;70
4511,573;70
4512,573;72
4513,573;314
4514,573;10789
4515,573;70
4516,573;64
4517,573;74
4518,573;75
4519,573;297
4520,573;10747
4521,573;78
4522,573;64
4523,573;65
4524,573;72
4525,573;319
4526,573;10751
4527,573;63
4528,573;69
4529,573;79
4530,573;77
4531,573;316
4532,573;10761
4533,573;69
4534,573;72
4535,573;61
4536,573;70
4537,573;308
4538,573;10742
4539,573;54
4540,573;95
4541,573;78
4542,573;63
4543,573;332
4544,573;10750
4545,573;74
4546,573;53
4547,86;60
4548,86;66
4549,86;315
4550,86;10776
4551,86;63
4552,86;73
4553,86;79
4554,86;69
4555,86;312
4556,86;10767
4557,86;69
4558,86;72
4559,86;68
4560,86;61
4561,86;303
4562,86;10778
4563,86;71
4564,86;55
4565,86;87
4566,86;71
4567,86;311
4568,86;10751
4569,86;77
4570,86;74
4571,86;56
4572,86;83
4573,86;301
4574,86;10767
4575,86;71
4576,86;68
4577,86;81
4578,86;82
4579,86;282
4580,86;10783
4581,86;72
4582,86;72
4583,86;88
4584,86;77
4585,86;315
4586,86;10751
4587,86;65
4588,86;76
4589,86;71
4590,86;69
4591,86;305
4592,86;10785
4593,86;74
4594,86;76
4595,86;77
4596,86;79
4597,86;309
4598,86;10775
4599,86;71
4600,86;68
4601,86;75
4602,86;63
4603,86;276
4604,86;10760
4605,86;60
4606,86;77
4607,86;79
4608,86;61
4609,86;291
4610,86;10778
4611,86;73
4612,86;73
4613,86;70
4614,86;68
4615,86;294
4616,86;10811
4617,86;66
4618,86;58
4619,86;87
4620,86;69
4621,86;293
4622,86;10797
4623,86;67
4624,86;64
4625,86;86
4626,86;73
4627,86;312
4628,86;10773
4629,86;62
4630,86;75
4631,86;59
4632,86;68
4633,86;278
4634,86;10796
4635,86;70
4636,86;74
4637,86;68
4638,86;91
4639,86;296
4640,86;10796
4641,86;59
4642,86;78
4643,86;66
4644,86;66
4645,86;279
4646,86;10786
4647,86;63
4648,488;72
4649,488;90
4650,488;82
4651,488;306
4652,488;10799
4653,488;53
4654,488;68
4655,488;79
4656,488;62
4657,488;272
4658,488;10782
4659,488;65
4660,488;62
4661,488;74
4662,488;69
4663,488;277
4664,488;10828
4665,488;71
4666,488;70
4667,488;77
4668,488;60
4669,488;278
4670,488;10761
4671,488;59
4672,488;66
4673,488;52
4674,488;53
4675,488;276
4676,488;10797
4677,488;54
4678,488;66
4679,488;66
4680,488;81
4681,488;266
4682,488;10811
4683,488;74
4684,488;57
4685,488;58
4686,488;59
4687,488;259
4688,488;10797
4689,488;63
4690,488;50
4691,488;70
4692,488;58
4693,488;270
4694,488;10846
4695,488;64
4696,488;74
4697,488;74
4698,488;75
4699,488;340
4700,488;10733
4701,488;49
4702,488;59
4703,488;54
4704,488;54
4705,488;271
4706,488;10785
4707,488;51
4708,488;91
4709,488;58
4710,488;53
4711,488;74
4712,488;10653
4713,488;60
4714,488;75
4715,488;80
4716,488;73
4717,488;252
4718,488;10763
4719,488;75
4720,488;63
4721,488;74
4722,488;72
4723,488;241
4724,488;10805
4725,488;60
4726,488;77
4727,488;61
4728,488;71
4729,488;279
4730,488;10785
4731,488;63
4732,488;56
4733,488;70
4734,488;69
4735,488;256
4736,488;10837
4737,488;55
4738,488;65
4739,488;65
4740,488;60
4741,488;266
4742,488;10801
4743,488;57
4744,488;55
4745,488;56
4746,488;72
4747,488;251
4748,488;10838
4749,748;56
4750,748;61
4751,748;70
4752,748;70
4753,748;263
4754,748;10821
4755,748;74
4756,748;70
4757,748;78
4758,748;56
4759,748;395
4760,748;10697
4761,748;64
4762,748;59
4763,748;60
4764,748;66
4765,748;256
4766,748;10783
4767,748;65
4768,748;60
4769,748;73
4770,748;52
4771,748;242
4772,748;10835
4773,748;67
4774,748;61
4775,748;67
4776,748;73
4777,748;241
4778,748;10792
4779,748;58
4780,748;78
4781,748;67
4782,748;82
4783,748;265
4784,748;10803
4785,748;44
4786,748;61
4787,748;61
4788,748;56
4789,748;271
4790,748;10809
4791,748;57
4792,748;68
4793,748;61
4794,748;77
4795,748;228
4796,748;10840
4797,748;65
4798,748;66
4799,748;68
4800,748;68
4801,748;268
4802,748;10822
4803,748;63
4804,748;69
4805,748;71
4806,748;61
4807,748;271
4808,748;10806
4809,748;77
4810,748;73
4811,748;82
4812,748;79
4813,748;255
4814,748;10822
4815,748;75
4816,748;67
4817,748;78
4818,748;78
4819,748;244
4820,748;10840
4821,748;58
4822,748;71
4823,748;74
4824,748;67
4825,748;250
4826,748;10842
4827,748;72
4828,748;73
4829,748;64
4830,748;66
4831,748;240
4832,748;10815
4833,748;74
4834,748;93
4835,748;80
4836,748;74
4837,748;266
4838,748;10805
4839,748;63
4840,748;67
4841,748;57
4842,748;69
4843,748;279
4844,748;10808
4845,748;59
4846,748;68
4847,748;66
4848,748;66
4849,748;267
4850,748;10802
4851,748;58
4852,748;73
4853,748;80
4854,748;79
4855,748;242
4856,748;10840
4857,748;65
4858,748;71
4859,748;71
4860,748;79
4861,748;237
4862,748;10824
4863,748;66
4864,748;75
4865,748;65
4866,748;65
4867,748;237
4868,748;10827
4869,748;54
4870,748;73
4871,748;75
4872,748;77
4873,748;239
4874,748;10808
4875,748;73
4876,748;84
4877,748;73
4878,748;63
4879,748;237
4880,748;10813
4881,748;67
4882,748;80
4883,748;79
4884,748;58
4885,748;232
4886,748;10833
4887,748;71
4888,748;72
4889,748;66
4890,748;81
4891,748;237
4892,748;10821
4893,748;61
4894,748;75
4895,748;71
4896,748;85
4897,748;242
4898,748;10856
4899,748;74
4900,748;68
4901,748;75
4902,748;73
4903,748;242
4904,748;10837
4905,748;81
4906,748;73
4907,748;60
4908,748;79
4909,748;238
4910,748;10856
4911,748;89
4912,748;77
4913,748;68
4914,748;70
4915,748;239
4916,748;10838
4917,748;69
4918,748;78
4919,748;75
4920,748;72
4921,748;209
4922,748;10857
4923,748;64
4924,748;72
4925,748;76
4926,748;83
4927,748;247
4928,748;10846
4929,748;61
4930,748;74
4931,748;67
4932,748;80
4933,748;238
4934,748;10844
4935,748;61
4936,748;52
4937,748;77
4938,748;78
4939,748;223
4940,748;10832
4941,748;65
4942,748;71
4943,748;65
4944,748;73
4945,748;255
4946,748;10889
4947,748;62
4948,748;61
4949,748;84
4950,748;80
4951,089;249
4952,089;10826
4953,089;56
4954,089;71
4955,089;63
4956,089;66
4957,089;247
4958,089;10850
4959,089;74
4960,089;66
4961,089;73
4962,089;87
4963,089;251
4964,089;10864
4965,089;63
4966,089;62
4967,089;68
4968,089;68
4969,089;259
4970,089;10869
4971,089;63
4972,089;65
4973,089;60
4974,089;63
4975,089;234
4976,089;10831
4977,089;66
4978,089;54
4979,089;56
4980,089;59
4981,089;240
4982,089;10860
4983,089;54
4984,089;50
4985,089;59
4986,089;56
4987,089;242
4988,089;10823
4989,089;46
4990,089;61
4991,089;54
4992,089;50
4993,089;219
4994,089;10837
4995,089;68
4996,089;59
4997,089;64
4998,089;65
4999,089;204
5000,089;10822
5001,089;51
5002,089;59
5003,089;64
5004,089;54
5005,089;242
5006,089;10838
5007,089;63
5008,089;56
5009,089;53
5010,089;51
5011,089;223
5012,089;10859
5013,089;44
5014,089;64
5015,089;48
5016,089;64
5017,089;201
5018,089;10819
5019,089;58
5020,089;49
5021,089;55
5022,089;46
5023,089;53
5024,089;10704
5025,089;37
5026,089;46
5027,089;56
5028,089;47
5029,089;141
5030,089;10830
5031,089;60
5032,089;59
5033,089;54
5034,089;41
5035,089;204
5036,089;10852
5037,089;56
5038,089;40
5039,089;40
5040,089;61
5041,089;222
5042,089;10873
5043,089;44
5044,089;42
5045,089;62
5046,089;74
5047,089;209
5048,089;10836
5049,089;61
5050,089;62
5051,089;55
5052,734;53
5053,734;328
5054,734;10758
5055,734;62
5056,734;43
5057,734;58
5058,734;55
5059,734;229
5060,734;10831
5061,734;51
5062,734;72
5063,734;68
5064,734;55
5065,734;216
5066,734;10883
5067,734;69
5068,734;61
5069,734;66
5070,734;71
5071,734;223
5072,734;10846
5073,734;65
5074,734;70
5075,734;64
5076,734;80
5077,734;212
5078,734;10889
5079,734;65
5080,734;75
5081,734;61
5082,734;63
5083,734;211
5084,734;10862
5085,734;60
5086,734;61
5087,734;76
5088,734;81
5089,734;222
5090,734;10883
5091,734;68
5092,734;67
5093,734;72
5094,734;60
5095,734;208
5096,734;10891
5097,734;52
5098,734;70
5099,734;48
5100,734;84
5101,734;239
5102,734;10868
5103,734;49
5104,734;77
5105,734;67
5106,734;79
5107,734;217
5108,734;10878
5109,734;62
5110,734;77
5111,734;70
5112,734;72
5113,734;199
5114,734;10880
5115,734;59
5116,734;53
5117,734;73
5118,734;74
5119,734;203
5120,734;10904
5121,734;71
5122,734;85
5123,734;82
5124,734;77
5125,734;224
5126,734;10872
5127,734;84
5128,734;63
5129,734;86
5130,734;70
5131,734;334
5132,734;10792
5133,734;63
5134,734;84
5135,734;76
5136,734;96
5137,734;184
5138,734;10882
5139,734;67
5140,734;70
5141,734;86
5142,734;66
5143,734;216
5144,734;10874
5145,734;72
5146,734;71
5147,734;90
5148,734;89
5149,734;208
5150,734;10890
5151,734;79
5152,734;85
5153,029;77
5154,029;66
5155,029;197
5156,029;10866
5157,029;68
5158,029;76
5159,029;66
5160,029;66
5161,029;193
5162,029;10851
5163,029;74
5164,029;82
5165,029;67
5166,029;69
5167,029;191
5168,029;10916
5169,029;58
5170,029;72
5171,029;80
5172,029;75
5173,029;203
5174,029;10885
5175,029;64
5176,029;66
5177,029;55
5178,029;77
5179,029;186
5180,029;10872
5181,029;68
5182,029;66
5183,029;64
5184,029;71
5185,029;191
5186,029;10884
5187,029;65
5188,029;68
5189,029;60
5190,029;85
5191,029;193
5192,029;10901
5193,029;79
5194,029;57
5195,029;71
5196,029;87
5197,029;182
5198,029;10858
5199,029;79
5200,029;82
5201,029;65
5202,029;80
5203,029;197
5204,029;10864
5205,029;63
5206,029;63
5207,029;64
5208,029;81
5209,029;204
5210,029;10893
5211,029;74
5212,029;68
5213,029;87
5214,029;85
5215,029;187
5216,029;10869
5217,029;70
5218,029;73
5219,029;77
5220,029;73
5221,029;186
5222,029;10899
5223,029;67
5224,029;65
5225,029;71
5226,029;54
5227,029;201
5228,029;10875
5229,029;56
5230,029;82
5231,029;51
5232,029;53
5233,029;202
5234,029;10873
5235,029;60
5236,029;78
5237,029;73
5238,029;77
5239,029;181
5240,029;10900
5241,029;69
5242,029;67
5243,029;82
5244,029;75
5245,029;179
5246,029;10883
5247,029;74
5248,029;65
5249,029;63
5250,029;79
5251,029;173
5252,029;10905
5253,029;51
5254,032;62
5255,032;57
5256,032;66
5257,032;176
5258,032;10896
5259,032;53
5260,032;81
5261,032;63
5262,032;58
5263,032;257
5264,032;10839
5265,032;62
5266,032;70
5267,032;66
5268,032;69
5269,032;167
5270,032;10909
5271,032;56
5272,032;65
5273,032;73
5274,032;80
5275,032;235
5276,032;10826
5277,032;68
5278,032;61
5279,032;74
5280,032;52
5281,032;164
5282,032;10876
5283,032;51
5284,032;65
5285,032;72
5286,032;74
5287,032;178
5288,032;10868
5289,032;71
5290,032;73
5291,032;75
5292,032;58
5293,032;154
5294,032;10918
5295,032;61
5296,032;56
5297,032;61
5298,032;71
5299,032;150
5300,032;10895
5301,032;75
5302,032;74
5303,032;69
5304,032;70
5305,032;162
5306,032;10897
5307,032;58
5308,032;63
5309,032;64
5310,032;64
5311,032;161
5312,032;10908
5313,032;79
5314,032;68
5315,032;58
5316,032;71
5317,032;153
5318,032;10927
5319,032;55
5320,032;50
5321,032;75
5322,032;55
5323,032;208
5324,032;10831
5325,032;59
5326,032;71
5327,032;66
5328,032;65
5329,032;164
5330,032;10920
5331,032;63
5332,032;58
5333,032;71
5334,032;80
5335,032;70
5336,032;10678
5337,032;63
5338,032;56
5339,032;74
5340,032;66
5341,032;153
5342,032;10866
5343,032;63
5344,032;48
5345,032;66
5346,032;79
5347,032;147
5348,032;10908
5349,032;62
5350,032;59
5351,032;58
5352,032;63
5353,032;147
5354,032;10879
5355,032;62
5356,032;68
5357,032;53
5358,032;68
5359,032;154
5360,032;10893
5361,032;63
5362,032;55
5363,032;67
5364,032;80
5365,032;167
5366,032;10918
5367,032;53
5368,032;83
5369,032;65
5370,032;76
5371,032;134
5372,032;10925
5373,032;65
5374,032;79
5375,032;74
5376,032;76
5377,032;143
5378,032;10881
5379,032;59
5380,032;65
5381,032;68
5382,032;59
5383,032;159
5384,032;10902
5385,032;69
5386,032;72
5387,032;68
5388,032;55
5389,032;183
5390,032;10938
5391,032;57
5392,032;69
5393,032;78
5394,032;75
5395,032;143
5396,032;10903
5397,032;62
5398,032;72
5399,032;49
5400,032;77
5401,032;153
5402,032;10927
5403,032;71
5404,032;67
5405,032;68
5406,032;70
5407,032;178
5408,032;10910
5409,032;69
5410,032;61
5411,032;57
5412,032;79
5413,032;156
5414,032;10920
5415,032;72
5416,032;63
5417,032;61
5418,032;57
5419,032;143
5420,032;10927
5421,032;56
5422,032;65
5423,032;71
5424,032;54
5425,032;143
5426,032;10920
5427,032;73
5428,032;59
5429,032;72
5430,032;65
5431,032;155
5432,032;10907
5433,032;59
5434,032;70
5435,032;69
5436,032;69
5437,032;173
5438,032;10900
5439,032;75
5440,032;58
5441,032;70
5442,032;72
5443,032;138
5444,032;10895
5445,032;58
5446,032;79
5447,032;68
5448,032;92
5449,032;159
5450,032;10914
5451,032;70
5452,032;55
5453,032;73
5454,032;74
5455,032;156
5456,861;10887
5457,861;69
5458,861;78
5459,861;73
5460,861;91
5461,861;148
5462,861;10940
5463,861;66
5464,861;64
5465,861;82
5466,861;69
5467,861;158
5468,861;10947
5469,861;68
5470,861;70
5471,861;67
5472,861;83
5473,861;150
5474,861;10922
5475,861;61
5476,861;69
5477,861;60
5478,861;87
5479,861;125
5480,861;10945
5481,861;64
5482,861;61
5483,861;84
5484,861;69
5485,861;248
5486,861;10831
5487,861;71
5488,861;67
5489,861;77
5490,861;58
5491,861;151
5492,861;10934
5493,861;63
5494,861;68
5495,861;71
5496,861;64
5497,861;151
5498,861;10933
5499,861;56
5500,861;82
5501,861;78
5502,861;69
5503,861;158
5504,861;10927
5505,861;67
5506,861;86
5507,861;68
5508,861;68
5509,861;136
5510,861;10954
5511,861;68
5512,861;66
5513,861;81
5514,861;84
5515,861;136
5516,861;10917
5517,861;70
5518,861;65
5519,861;84
5520,861;75
5521,861;144
5522,861;10950
5523,861;67
5524,861;60
5525,861;70
5526,861;77
5527,861;156
5528,861;10915
5529,861;67
5530,861;72
5531,861;77
5532,861;68
5533,861;150
5534,861;10936
5535,861;66
5536,861;74
5537,861;82
5538,861;54
5539,861;160
5540,861;10948
5541,861;64
5542,861;72
5543,861;62
5544,861;81
5545,861;165
5546,861;10911
5547,861;81
5548,861;77
5549,861;78
5550,861;67
5551,861;217
5552,861;10840
5553,861;65
5554,861;74
5555,861;76
5556,861;73
5557,357;114
5558,357;10931
5559,357;66
5560,357;68
5561,357;71
5562,357;74
5563,357;146
5564,357;10901
5565,357;75
5566,357;79
5567,357;73
5568,357;68
5569,357;143
5570,357;10966
5571,357;72
5572,357;65
5573,357;75
5574,357;63
5575,357;154
5576,357;10968
5577,357;65
5578,357;68
5579,357;81
5580,357;66
5581,357;272
5582,357;10836
5583,357;52
5584,357;63
5585,357;65
5586,357;72
5587,357;132
5588,357;10956
5589,357;58
5590,357;61
5591,357;61
5592,357;60
5593,357;144
5594,357;10942
5595,357;71
5596,357;68
5597,357;60
5598,357;66
5599,357;144
5600,357;10913
5601,357;69
5602,357;61
5603,357;62
5604,357;68
5605,357;124
5606,357;10931
5607,357;48
5608,357;61
5609,357;62
5610,357;62
5611,357;145
5612,357;10922
5613,357;49
5614,357;61
5615,357;57
5616,357;67
5617,357;126
5618,357;10975
5619,357;48
5620,357;60
5621,357;67
5622,357;60
5623,357;132
5624,357;10979
5625,357;77
5626,357;63
5627,357;52
5628,357;56
5629,357;214
5630,357;10864
5631,357;53
5632,357;54
5633,357;58
5634,357;68
5635,357;116
5636,357;10951
5637,357;65
5638,357;53
5639,357;58
5640,357;52
5641,357;132
5642,357;10918
5643,357;47
5644,357;52
5645,357;48
5646,357;50
5647,357;68
5648,357;10678
5649,357;58
5650,357;47
5651,357;65
5652,357;54
5653,357;54
5654,357;10975
5655,357;58
5656,357;59
5657,357;50
5658,413;62
5659,413;106
5660,413;10988
5661,413;56
5662,413;69
5663,413;60
5664,413;51
5665,413;96
5666,413;10944
5667,413;50
5668,413;44
5669,413;62
5670,413;64
5671,413;106
5672,413;10972
5673,413;60
5674,413;48
5675,413;63
5676,413;58
5677,413;117
5678,413;10941
5679,413;43
5680,413;54
5681,413;58
5682,413;63
5683,413;251
5684,413;10840
5685,413;62
5686,413;66
5687,413;63
5688,413;57
5689,413;120
5690,413;10971
5691,413;63
5692,413;97
5693,413;83
5694,413;68
5695,413;125
5696,413;10960
5697,413;61
5698,413;75
5699,413;73
5700,413;62
5701,413;134
5702,413;10960
5703,413;50
5704,413;62
5705,413;62
5706,413;79
5707,413;120
5708,413;10939
5709,413;53
5710,413;65
5711,413;66
5712,413;49
5713,413;136
5714,413;10954
5715,413;82
5716,413;60
5717,413;77
5718,413;78
5719,413;107
5720,413;10954
5721,413;63
5722,413;64
5723,413;65
5724,413;78
5725,413;102
5726,413;10980
5727,413;69
5728,413;67
5729,413;72
5730,413;55
5731,413;124
5732,413;10949
5733,413;68
5734,413;71
5735,413;69
5736,413;66
5737,413;107
5738,413;10938
5739,413;69
5740,413;78
5741,413;70
5742,413;71
5743,413;127
5744,413;10974
5745,413;65
5746,413;70
5747,413;78
5748,413;74
5749,413;110
5750,413;10985
5751,413;71
5752,413;71
5753,413;76
5754,413;68
5755,413;140
5756,413;10935
5757,413;73
5758,413;92
5759,609;80
5760,609;84
5761,609;110
5762,609;10965
5763,609;66
5764,609;69
5765,609;66
5766,609;65
5767,609;106
5768,609;10958
5769,609;68
5770,609;61
5771,609;75
5772,609;77
5773,609;102
5774,609;10964
5775,609;60
5776,609;71
5777,609;74
5778,609;61
5779,609;136
5780,609;10942
5781,609;61
5782,609;69
5783,609;69
5784,609;84
5785,609;78
5786,609;10960
5787,609;82
5788,609;76
5789,609;75
5790,609;66
5791,609;114
5792,609;10967
5793,609;81
5794,609;62
5795,609;58
5796,609;77
5797,609;84
5798,609;10978
5799,609;77
5800,609;57
5801,609;67
5802,609;68
5803,609;94
5804,609;10978
5805,609;67
5806,609;60
5807,609;64
5808,609;66
5809,609;94
5810,609;10978
5811,609;79
5812,609;66
5813,609;75
5814,609;82
5815,609;80
5816,609;10947
5817,609;61
5818,609;52
5819,609;68
5820,609;68
5821,609;95
5822,609;10992
5823,609;79
5824,609;61
5825,609;76
5826,609;83
5827,609;93
5828,609;11000
5829,609;81
5830,609;65
5831,609;62
5832,609;72
5833,609;89
5834,609;10991
5835,609;74
5836,609;71
5837,609;75
5838,609;66
5839,609;78
5840,609;11001
5841,609;57
5842,609;74
5843,609;72
5844,609;69
5845,609;72
5846,609;10993
5847,609;76
5848,609;61
5849,609;85
5850,609;76
5851,609;80
5852,609;10959
5853,609;65
5854,609;81
5855,609;88
5856,609;87
5857,609;94
5858,609;11006
5859,609;58
5860,609;75
5861,609;62
5862,609;51
5863,609;84
5864,609;10979
5865,609;66
5866,609;70
5867,609;70
5868,609;59
5869,609;80
5870,609;10992
5871,609;69
5872,609;65
5873,609;95
5874,609;63
5875,609;92
5876,609;10977
5877,609;53
5878,609;64
5879,609;62
5880,609;79
5881,609;95
5882,609;10974
5883,609;60
5884,609;68
5885,609;69
5886,609;74
5887,609;72
5888,609;10955
5889,609;66
5890,609;77
5891,609;69
5892,609;64
5893,609;84
5894,609;10968
5895,609;73
5896,609;66
5897,609;87
5898,609;63
5899,609;114
5900,609;10962
5901,609;54
5902,609;62
5903,609;70
5904,609;57
5905,609;88
5906,609;10982
5907,609;69
5908,609;54
5909,609;66
5910,609;68
5911,609;106
5912,609;11002
5913,609;53
5914,609;63
5915,609;80
5916,609;64
5917,609;76
5918,609;11001
5919,609;62
5920,609;58
5921,609;80
5922,609;64
5923,609;88
5924,609;10978
5925,609;64
5926,609;52
5927,609;75
5928,609;69
5929,609;71
5930,609;10996
5931,609;69
5932,609;64
5933,609;71
5934,609;63
5935,609;73
5936,609;10967
5937,609;54
5938,609;81
5939,609;59
5940,609;58
5941,609;159
5942,609;10873
5943,609;63
5944,609;63
5945,609;62
5946,609;71
5947,609;78
5948,609;10980
5949,609;79
5950,609;60
5951,609;66
5952,609;70
5953,609;79
5954,609;10976
5955,609;77
5956,609;69
5957,609;62
5958,609;68
5959,609;64
5960,609;10654
5961,559;45
5962,559;74
5963,559;67
5964,559;59
5965,559;71
5966,559;10925
5967,559;49
5968,559;70
5969,559;88
5970,559;87
5971,559;63
5972,559;10942
5973,559;48
5974,559;62
5975,559;64
5976,559;73
5977,559;63
5978,559;10972
5979,559;68
5980,559;59
5981,559;59
5982,559;71
5983,559;88
5984,559;10996
5985,559;49
5986,559;74
5987,559;67
5988,559;72
5989,559;92
5990,559;10995
5991,559;53
5992,559;71
5993,559;84
5994,559;71
5995,559;89
5996,559;10982
5997,559;63
5998,559;69
5999,559;67
6000,559;56
6001,559;78
6002,559;10976
6003,559;61
6004,559;73
6005,559;84
6006,559;61
6007,559;64
6008,559;10992
6009,559;63
6010,559;69
6011,559;63
6012,559;75
6013,559;92
6014,559;11002
6015,559;52
6016,559;72
6017,559;87
6018,559;81
6019,559;78
6020,559;10996
6021,559;57
6022,559;69
6023,559;65
6024,559;74
6025,559;81
6026,559;10964
6027,559;58
6028,559;63
6029,559;80
6030,559;70
6031,559;81
6032,559;10971
6033,559;67
6034,559;82
6035,559;70
6036,559;70
6037,559;77
6038,559;10953
6039,559;61
6040,559;54
6041,559;63
6042,559;70
6043,559;84
6044,559;11000
6045,559;70
6046,559;78
6047,559;89
6048,559;67
6049,559;72
6050,559;10989
6051,559;64
6052,559;77
6053,559;80
6054,559;75
6055,559;78
6056,559;10990
6057,559;67
6058,559;81
6059,559;67
6060,559;76
6061,559;77
6062,734;10973
6063,734;55
6064,734;66
6065,734;60
6066,734;86
6067,734;88
6068,734;11012
6069,734;64
6070,734;59
6071,734;55
6072,734;85
6073,734;81
6074,734;10987
6075,734;49
6076,734;74
6077,734;62
6078,734;75
6079,734;85
6080,734;10982
6081,734;66
6082,734;64
6083,734;65
6084,734;66
6085,734;73
6086,734;10998
6087,734;69
6088,734;80
6089,734;66
6090,734;83
6091,734;83
6092,734;10975
6093,734;64
6094,734;67
6095,734;79
6096,734;83
6097,734;75
6098,734;10947
6099,734;83
6100,734;69
6101,734;80
6102,734;82
6103,734;91
6104,734;10989
6105,734;67
6106,734;76
6107,734;69
6108,734;67
6109,734;82
6110,734;10988
6111,734;74
6112,734;73
6113,734;76
6114,734;93
6115,734;79
6116,734;10999
6117,734;61
6118,734;82
6119,734;68
6120,734;68
6121,734;85
6122,734;10978
6123,734;60
6124,734;59
6125,734;62
6126,734;81
6127,734;86
6128,734;10992
6129,734;66
6130,734;74
6131,734;76
6132,734;70
6133,734;63
6134,734;11003
6135,734;66
6136,734;55
6137,734;61
6138,734;91
6139,734;74
6140,734;10987
6141,734;70
6142,734;75
6143,734;61
6144,734;67
6145,734;74
6146,734;10981
6147,734;69
6148,734;68
6149,734;64
6150,734;65
6151,734;76
6152,734;11015
6153,734;76
6154,734;77
6155,734;75
6156,734;58
6157,734;66
6158,734;11012
6159,734;67
6160,734;63
6161,734;67
6162,734;72
6163,503;76
6164,503;10987
6165,503;63
6166,503;65
6167,503;91
6168,503;84
6169,503;97
6170,503;10993
6171,503;72
6172,503;62
6173,503;64
6174,503;87
6175,503;89
6176,503;10983
6177,503;70
6178,503;63
6179,503;73
6180,503;86
6181,503;80
6182,503;11025
6183,503;76
6184,503;76
6185,503;73
6186,503;78
6187,503;73
6188,503;11002
6189,503;59
6190,503;74
6191,503;71
6192,503;69
6193,503;113
6194,503;10958
6195,503;63
6196,503;55
6197,503;78
6198,503;69
6199,503;71
6200,503;11007
6201,503;70
6202,503;70
6203,503;72
6204,503;75
6205,503;82
6206,503;10994
6207,503;68
6208,503;69
6209,503;83
6210,503;67
6211,503;100
6212,503;10946
6213,503;57
6214,503;82
6215,503;72
6216,503;79
6217,503;74
6218,503;11015
6219,503;56
6220,503;72
6221,503;66
6222,503;73
6223,503;81
6224,503;11018
6225,503;72
6226,503;72
6227,503;71
6228,503;80
6229,503;122
6230,503;10975
6231,503;68
6232,503;68
6233,503;62
6234,503;76
6235,503;76
6236,503;10990
6237,503;53
6238,503;71
6239,503;64
6240,503;54
6241,503;79
6242,503;10988
6243,503;52
6244,503;54
6245,503;74
6246,503;69
6247,503;67
6248,503;11004
6249,503;64
6250,503;57
6251,503;69
6252,503;65
6253,503;77
6254,503;10990
6255,503;50
6256,503;61
6257,503;65
6258,503;53
6259,503;64
6260,503;10994
6261,503;57
6262,503;70
6263,503;66
6264,472;61
6265,472;70
6266,472;10975
6267,472;64
6268,472;43
6269,472;63
6270,472;46
6271,472;51
6272,472;10672
6273,472;51
6274,472;52
6275,472;57
6276,472;64
6277,472;60
6278,472;10941
6279,472;53
6280,472;46
6281,472;66
6282,472;46
6283,472;78
6284,472;11009
6285,472;52
6286,472;63
6287,472;73
6288,472;55
6289,472;160
6290,472;10912
6291,472;57
6292,472;62
6293,472;72
6294,472;58
6295,472;68
6296,472;10982
6297,472;65
6298,472;66
6299,472;68
6300,472;61
6301,472;67
6302,472;10998
6303,472;61
6304,472;60
6305,472;74
6306,472;63
6307,472;82
6308,472;11021
6309,472;59
6310,472;80
6311,472;71
6312,472;75
6313,472;73
6314,472;11031
6315,472;64
6316,472;69
6317,472;64
6318,472;69
6319,472;64
6320,472;11018
6321,472;62
6322,472;78
6323,472;77
6324,472;61
6325,472;80
6326,472;11003
6327,472;47
6328,472;63
6329,472;69
6330,472;87
6331,472;76
6332,472;10973
6333,472;62
6334,472;75
6335,472;75
6336,472;63
6337,472;77
6338,472;10989
6339,472;73
6340,472;59
6341,472;67
6342,472;55
6343,472;70
6344,472;11017
6345,472;84
6346,472;65
6347,472;59
6348,472;78
6349,472;81
6350,472;11012
6351,472;82
6352,472;70
6353,472;80
6354,472;57
6355,472;85
6356,472;11006
6357,472;54
6358,472;69
6359,472;83
6360,472;70
6361,472;84
6362,472;11004
6363,472;76
6364,472;75
6365,472;63
6366,472;81
6367,472;81
6368,472;10991
6369,472;61
6370,472;72
6371,472;71
6372,472;76
6373,472;74
6374,472;10970
6375,472;56
6376,472;55
6377,472;71
6378,472;88
6379,472;70
6380,472;10987
6381,472;76
6382,472;84
6383,472;68
6384,472;78
6385,472;74
6386,472;10997
6387,472;56
6388,472;68
6389,472;77
6390,472;78
6391,472;70
6392,472;10990
6393,472;58
6394,472;71
6395,472;71
6396,472;71
6397,472;76
6398,472;10997
6399,472;59
6400,472;77
6401,472;70
6402,472;66
6403,472;79
6404,472;10982
6405,472;70
6406,472;65
6407,472;59
6408,472;65
6409,472;76
6410,472;11006
6411,472;69
6412,472;68
6413,472;80
6414,472;82
6415,472;89
6416,472;10995
6417,472;61
6418,472;60
6419,472;66
6420,472;74
6421,472;69
6422,472;10966
6423,472;61
6424,472;78
6425,472;88
6426,472;79
6427,472;87
6428,472;10992
6429,472;77
6430,472;72
6431,472;74
6432,472;77
6433,472;92
6434,472;10972
6435,472;60
6436,472;55
6437,472;76
6438,472;65
6439,472;87
6440,472;10983
6441,472;64
6442,472;74
6443,472;89
6444,472;82
6445,472;83
6446,472;10979
6447,472;68
6448,472;77
6449,472;85
6450,472;78
6451,472;79
6452,472;11015
6453,472;74
6454,472;66
6455,472;73
6456,472;80
6457,472;90
6458,472;10971
6459,472;80
6460,472;72
6461,472;67
6462,472;81
6463,472;79
6464,472;10998
6465,472;71
6466,724;73
6467,724;67
6468,724;75
6469,724;71
6470,724;11040
6471,724;77
6472,724;59
6473,724;52
6474,724;72
6475,724;66
6476,724;10957
6477,724;56
6478,724;72
6479,724;65
6480,724;87
6481,724;74
6482,724;10991
6483,724;62
6484,724;53
6485,724;60
6486,724;73
6487,724;68
6488,724;10996
6489,724;74
6490,724;67
6491,724;56
6492,724;64
6493,724;72
6494,724;10977
6495,724;57
6496,724;68
6497,724;93
6498,724;75
6499,724;62
6500,724;10984
6501,724;73
6502,724;61
6503,724;79
6504,724;72
6505,724;86
6506,724;10994
6507,724;59
6508,724;76
6509,724;59
6510,724;72
6511,724;94
6512,724;10990
6513,724;74
6514,724;67
6515,724;52
6516,724;69
6517,724;80
6518,724;10982
6519,724;52
6520,724;76
6521,724;46
6522,724;60
6523,724;64
6524,724;11000
6525,724;64
6526,724;61
6527,724;68
6528,724;70
6529,724;72
6530,724;10969
6531,724;62
6532,724;79
6533,724;79
6534,724;71
6535,724;75
6536,724;10989
6537,724;55
6538,724;72
6539,724;64
6540,724;62
6541,724;61
6542,724;10973
6543,724;56
6544,724;66
6545,724;66
6546,724;66
6547,724;70
6548,724;10964
6549,724;67
6550,724;68
6551,724;61
6552,724;71
6553,724;76
6554,724;10989
6555,724;56
6556,724;54
6557,724;76
6558,724;66
6559,724;94
6560,724;10972
6561,724;59
6562,724;68
6563,724;67
6564,724;65
6565,724;62
6566,724;10979
6567,36;52
6568,36;54
6569,36;44
6570,36;57
6571,36;83
6572,36;10997
6573,36;55
6574,36;59
6575,36;61
6576,36;67
6577,36;72
6578,36;10975
6579,36;66
6580,36;58
6581,36;82
6582,36;60
6583,36;65
6584,36;10620
6585,36;54
6586,36;60
6587,36;67
6588,36;67
6589,36;58
6590,36;10942
6591,36;57
6592,36;70
6593,36;60
6594,36;70
6595,36;74
6596,36;10973
6597,36;55
6598,36;73
6599,36;56
6600,36;53
6601,36;77
6602,36;10997
6603,36;70
6604,36;73
6605,36;68
6606,36;82
6607,36;89
6608,36;10988
6609,36;66
6610,36;63
6611,36;62
6612,36;67
6613,36;83
6614,36;10994
6615,36;66
6616,36;55
6617,36;94
6618,36;69
6619,36;70
6620,36;10971
6621,36;67
6622,36;65
6623,36;58
6624,36;76
6625,36;83
6626,36;10986
6627,36;55
6628,36;62
6629,36;71
6630,36;77
6631,36;83
6632,36;10990
6633,36;71
6634,36;63
6635,36;51
6636,36;66
6637,36;65
6638,36;10974
6639,36;69
6640,36;64
6641,36;66
6642,36;71
6643,36;65
6644,36;10979
6645,36;64
6646,36;58
6647,36;69
6648,36;64
6649,36;73
6650,36;11002
6651,36;58
6652,36;69
6653,36;67
6654,36;64
6655,36;60
6656,36;10979
6657,36;69
6658,36;59
6659,36;62
6660,36;82
6661,36;83
6662,36;10980
6663,36;62
6664,36;65
6665,36;86
6666,36;63
6667,36;90
6667,74;10977
6668,74;57
6669,74;70
6670,74;81
6671,74;72
6672,74;68
6673,74;11022
6674,74;74
6675,74;72
6676,74;69
6677,74;68
6678,74;83
6679,74;10956
6680,74;65
6681,74;76
6682,74;71
6683,74;74
6684,74;77
6685,74;10997
6686,74;59
6687,74;64
6688,74;67
6689,74;81
6690,74;81
6691,74;10989
6692,74;73
6693,74;67
6694,74;76
6695,74;70
6696,74;67
6697,74;10970
6698,74;62
6699,74;85
6700,74;60
6701,74;79
6702,74;96
6703,74;10992
6704,74;80
6705,74;59
6706,74;85
6707,74;78
6708,74;75
6709,74;10986
6710,74;56
6711,74;63
6712,74;80
6713,74;61
6714,74;85
6715,74;11001
6716,74;64
6717,74;56
6718,74;71
6719,74;88
6720,74;69
6721,74;10964
6722,74;63
6723,74;65
6724,74;62
6725,74;58
6726,74;67
6727,74;10986
6728,74;79
6729,74;71
6730,74;64
6731,74;64
6732,74;77
6733,74;10971
6734,74;66
6735,74;60
6736,74;75
6737,74;72
6738,74;73
6739,74;10981
6740,74;64
6741,74;53
6742,74;57
6743,74;68
6744,74;70
6745,74;10991
6746,74;78
6747,74;68
6748,74;77
6749,74;76
6750,74;74
6751,74;10948
6752,74;64
6753,74;66
6754,74;66
6755,74;80
6756,74;78
6757,74;11004
6758,74;55
6759,74;66
6760,74;82
6761,74;73
6762,74;80
6763,74;10963
6764,74;70
6765,74;75
6766,74;67
6767,74;68
6769,565;95
6770,565;10992
6771,565;82
6772,565;61
6773,565;72
6774,565;55
6775,565;70
6776,565;10990
6777,565;82
6778,565;65
6779,565;80
6780,565;62
6781,565;88
6782,565;10979
6783,565;66
6784,565;85
6785,565;73
6786,565;90
6787,565;101
6788,565;11007
6789,565;75
6790,565;66
6791,565;65
6792,565;72
6793,565;82
6794,565;10998
6795,565;67
6796,565;73
6797,565;82
6798,565;63
6799,565;82
6800,565;11010
6801,565;65
6802,565;81
6803,565;77
6804,565;59
6805,565;71
6806,565;11014
6807,565;63
6808,565;71
6809,565;96
6810,565;85
6811,565;85
6812,565;10982
6813,565;58
6814,565;78
6815,565;76
6816,565;66
6817,565;71
6818,565;10991
6819,565;75
6820,565;92
6821,565;75
6822,565;86
6823,565;73
6824,565;11009
6825,565;65
6826,565;64
6827,565;71
6828,565;91
6829,565;81
6830,565;11001
6831,565;67
6832,565;79
6833,565;81
6834,565;80
6835,565;74
6836,565;11012
6837,565;59
6838,565;68
6839,565;85
6840,565;75
6841,565;83
6842,565;10959
6843,565;63
6844,565;88
6845,565;52
6846,565;79
6847,565;82
6848,565;11025
6849,565;58
6850,565;57
6851,565;73
6852,565;72
6853,565;70
6854,565;10993
6855,565;56
6856,565;64
6857,565;63
6858,565;60
6859,565;80
6860,565;11000
6861,565;62
6862,565;54
6863,565;65
6864,565;66
6865,565;68
6866,565;11031
6867,565;60
6868,565;66
6869,565;80
6870,637;79
6871,637;52
6872,637;11014
6873,637;56
6874,637;60
6875,637;71
6876,637;62
6877,637;57
6878,637;10994
6879,637;53
6880,637;52
6881,637;64
6882,637;63
6883,637;71
6884,637;10966
6885,637;54
6886,637;56
6887,637;53
6888,637;71
6889,637;62
6890,637;10987
6891,637;61
6892,637;61
6893,637;56
6894,637;65
6895,637;53
6896,637;10652
6897,637;66
6898,637;54
6899,637;64
6900,637;62
6901,637;61
6902,637;10955
6903,637;48
6904,637;54
6905,637;59
6906,637;64
6907,637;61
6908,637;10983
6909,637;60
6910,637;57
6911,637;52
6912,637;59
6913,637;62
6914,637;10991
6915,637;51
6916,637;62
6917,637;53
6918,637;73
6919,637;63
6920,637;11005
6921,637;63
6922,637;70
6923,637;65
6924,637;63
6925,637;59
6926,637;11006
6927,637;71
6928,637;75
6929,637;64
6930,637;47
6931,637;64
6932,637;11033
6933,637;75
6934,637;63
6935,637;63
6936,637;77
6937,637;77
6938,637;10991
6939,637;61
6940,637;62
6941,637;65
6942,637;73
6943,637;69
6944,637;11020
6945,637;74
6946,637;74
6947,637;80
6948,637;83
6949,637;77
6950,637;11007
6951,637;82
6952,637;75
6953,637;60
6954,637;64
6955,637;67
6956,637;10996
6957,637;69
6958,637;70
6959,637;88
6960,637;77
6961,637;77
6962,637;10991
6963,637;55
6964,637;59
6965,637;68
6966,637;58
6967,637;76
6968,637;11008
6969,637;64
6970,637;78
6971,637;79
6972,637;84
6973,637;84
6974,637;11011
6975,637;60
6976,637;71
6977,637;81
6978,637;78
6979,637;70
6980,637;11031
6981,637;65
6982,637;77
6983,637;67
6984,637;71
6985,637;82
6986,637;10989
6987,637;68
6988,637;73
6989,637;72
6990,637;86
6991,637;88
6992,637;11011
6993,637;60
6994,637;80
6995,637;66
6996,637;79
6997,637;81
6998,637;10989
6999,637;70
7000,637;68
7001,637;71
7002,637;65
7003,637;70
7004,637;10965
7005,637;88
7006,637;101
7007,637;68
7008,637;66
7009,637;76
7010,637;10998
7011,637;59
7012,637;73
7013,637;84
7014,637;69
7015,637;74
7016,637;10981
7017,637;60
7018,637;72
7019,637;78
7020,637;73
7021,637;72
7022,637;10980
7023,637;78
7024,637;72
7025,637;75
7026,637;78
7027,637;73
7028,637;10966
7029,637;79
7030,637;73
7031,637;87
7032,637;76
7033,637;72
7034,637;10994
7035,637;62
7036,637;89
7037,637;75
7038,637;73
7039,637;66
7040,637;10975
7041,637;87
7042,637;75
7043,637;75
7044,637;81
7045,637;79
7046,637;11011
7047,637;64
7048,637;59
7049,637;64
7050,637;72
7051,637;80
7052,637;10976
7053,637;87
7054,637;65
7055,637;81
7056,637;82
7057,637;71
7058,637;11016
7059,637;73
7060,637;62
7061,637;84
7062,637;82
7063,637;81
7064,637;10975
7065,637;70
7066,637;72
7067,637;89
7068,637;80
7069,637;75
7070,637;10994
7071,637;63
7072,416;69
7073,416;76
7074,416;92
7075,416;73
7076,416;10953
7077,416;61
7078,416;68
7079,416;73
7080,416;64
7081,416;84
7082,416;10994
7083,416;66
7084,416;71
7085,416;74
7086,416;71
7087,416;73
7088,416;10998
7089,416;56
7090,416;67
7091,416;80
7092,416;56
7093,416;74
7094,416;10969
7095,416;75
7096,416;73
7097,416;72
7098,416;85
7099,416;76
7100,416;10990
7101,416;62
7102,416;58
7103,416;79
7104,416;72
7105,416;81
7106,416;10998
7107,416;79
7108,416;52
7109,416;76
7110,416;80
7111,416;75
7112,416;10992
7113,416;76
7114,416;68
7115,416;87
7116,416;67
7117,416;56
7118,416;10993
7119,416;67
7120,416;66
7121,416;87
7122,416;71
7123,416;65
7124,416;10971
7125,416;60
7126,416;73
7127,416;74
7128,416;80
7129,416;75
7130,416;10969
7131,416;63
7132,416;66
7133,416;69
7134,416;75
7135,416;83
7136,416;10995
7137,416;77
7138,416;66
7139,416;78
7140,416;73
7141,416;66
7142,416;11005
7143,416;59
7144,416;87
7145,416;64
7146,416;72
7147,416;80
7148,416;10985
7149,416;63
7150,416;67
7151,416;71
7152,416;58
7153,416;70
7154,416;10987
7155,416;58
7156,416;78
7157,416;71
7158,416;88
7159,416;74
7160,416;10989
7161,416;60
7162,416;53
7163,416;75
7164,416;85
7165,416;78
7166,416;11027
7167,416;56
7168,416;52
7169,416;65
7170,416;68
7171,416;71
7172,416;11021
7172,862;74
7173,862;59
7174,862;63
7175,862;56
7176,862;69
7177,862;10960
7178,862;55
7179,862;71
7180,862;75
7181,862;63
7182,862;80
7183,862;10948
7184,862;66
7185,862;73
7186,862;62
7187,862;76
7188,862;73
7189,862;10976
7190,862;79
7191,862;70
7192,862;50
7193,862;78
7194,862;94
7195,862;10985
7196,862;78
7197,862;67
7198,862;64
7199,862;65
7200,862;74
7201,862;10985
7202,862;62
7203,862;49
7204,862;67
7205,862;69
7206,862;63
7207,862;10662
7208,862;63
7209,862;53
7210,862;67
7211,862;58
7212,862;62
7213,862;10905
7214,862;66
7215,862;61
7216,862;58
7217,862;56
7218,862;57
7219,862;10974
7220,862;63
7221,862;61
7222,862;79
7223,862;65
7224,862;74
7225,862;10946
7226,862;54
7227,862;63
7228,862;75
7229,862;78
7230,862;73
7231,862;11007
7232,862;65
7233,862;66
7234,862;60
7235,862;70
7236,862;70
7237,862;10942
7238,862;72
7239,862;59
7240,862;70
7241,862;70
7242,862;79
7243,862;10989
7244,862;73
7245,862;78
7246,862;81
7247,862;53
7248,862;86
7249,862;10986
7250,862;85
7251,862;67
7252,862;82
7253,862;65
7254,862;67
7255,862;10999
7256,862;69
7257,862;74
7258,862;73
7259,862;71
7260,862;71
7261,862;10963
7262,862;68
7263,862;65
7264,862;66
7265,862;70
7266,862;80
7267,862;10991
7268,862;73
7269,862;76
7270,862;65
7271,862;66
7272,862;79
7273,513;10977
7274,513;74
7275,513;72
7276,513;59
7277,513;66
7278,513;75
7279,513;10986
7280,513;56
7281,513;73
7282,513;82
7283,513;65
7284,513;72
7285,513;10985
7286,513;51
7287,513;71
7288,513;76
7289,513;84
7290,513;74
7291,513;10988
7292,513;55
7293,513;57
7294,513;85
7295,513;61
7296,513;86
7297,513;10950
7298,513;67
7299,513;58
7300,513;72
7301,513;64
7302,513;80
7303,513;10998
7304,513;69
7305,513;55
7306,513;68
7307,513;56
7308,513;54
7309,513;11023
7310,513;64
7311,513;69
7312,513;88
7313,513;70
7314,513;57
7315,513;10980
7316,513;68
7317,513;56
7318,513;77
7319,513;74
7320,513;96
7321,513;10985
7322,513;73
7323,513;65
7324,513;74
7325,513;88
7326,513;77
7327,513;10992
7328,513;61
7329,513;83
7330,513;76
7331,513;72
7332,513;88
7333,513;10995
7334,513;62
7335,513;59
7336,513;71
7337,513;77
7338,513;77
7339,513;10990
7340,513;57
7341,513;75
7342,513;66
7343,513;88
7344,513;63
7345,513;10990
7346,513;94
7347,513;60
7348,513;77
7349,513;75
7350,513;75
7351,513;11009
7352,513;59
7353,513;84
7354,513;79
7355,513;94
7356,513;87
7357,513;10997
7358,513;70
7359,513;80
7360,513;76
7361,513;64
7362,513;71
7363,513;10972
7364,513;62
7365,513;77
7366,513;59
7367,513;60
7368,513;63
7369,513;10994
7370,513;54
7371,513;80
7372,513;81
7373,513;64
7375,724;72
7376,724;10989
7377,724;75
7378,724;81
7379,724;89
7380,724;67
7381,724;82
7382,724;10987
7383,724;59
7384,724;63
7385,724;68
7386,724;68
7387,724;82
7388,724;11016
7389,724;68
7390,724;86
7391,724;65
7392,724;89
7393,724;68
7394,724;11005
7395,724;54
7396,724;75
7397,724;65
7398,724;77
7399,724;73
7400,724;10982
7401,724;63
7402,724;79
7403,724;72
7404,724;77
7405,724;91
7406,724;10975
7407,724;69
7408,724;76
7409,724;74
7410,724;73
7411,724;97
7412,724;10954
7413,724;83
7414,724;83
7415,724;61
7416,724;86
7417,724;73
7418,724;10991
7419,724;67
7420,724;72
7421,724;88
7422,724;83
7423,724;75
7424,724;11024
7425,724;67
7426,724;66
7427,724;67
7428,724;67
7429,724;72
7430,724;11028
7431,724;65
7432,724;71
7433,724;76
7434,724;71
7435,724;98
7436,724;10967
7437,724;64
7438,724;81
7439,724;55
7440,724;79
7441,724;73
7442,724;10991
7443,724;73
7444,724;71
7445,724;59
7446,724;89
7447,724;92
7448,724;11013
7449,724;76
7450,724;75
7451,724;83
7452,724;70
7453,724;86
7454,724;10991
7455,724;58
7456,724;51
7457,724;68
7458,724;67
7459,724;71
7460,724;10987
7461,724;59
7462,724;64
7463,724;73
7464,724;66
7465,724;84
7466,724;11019
7467,724;79
7468,724;64
7469,724;72
7470,724;72
7471,724;69
7472,724;11065
7473,724;70
7474,724;78
7475,724;71
7476,724;71
7477,724;80
7478,724;11017
7479,724;60
7480,724;66
7481,724;83
7482,724;71
7483,724;68
7484,724;11014
7485,724;62
7486,724;57
7487,724;73
7488,724;74
7489,724;78
7490,724;10999
7491,724;59
7492,724;76
7493,724;79
7494,724;66
7495,724;75
7496,724;10998
7497,724;72
7498,724;67
7499,724;61
7500,724;60
7501,724;64
7502,724;10991
7503,724;66
7504,724;66
7505,724;71
7506,724;46
7507,724;85
7508,724;11022
7509,724;70
7510,724;70
7511,724;74
7512,724;63
7513,724;68
7514,724;10998
7515,724;57
7516,724;56
7517,724;66
7518,724;56
7519,724;54
7520,724;10699
7521,724;52
7522,724;75
7523,724;62
7524,724;46
7525,724;54
7526,724;10956
7527,724;65
7528,724;60
7529,724;51
7530,724;66
7531,724;72
7532,724;10999
7533,724;68
7534,724;69
7535,724;60
7536,724;67
7537,724;66
7538,724;11034
7539,724;58
7540,724;46
7541,724;81
7542,724;63
7543,724;80
7544,724;10991
7545,724;48
7546,724;51
7547,724;62
7548,724;63
7549,724;62
7550,724;10996
7551,724;56
7552,724;82
7553,724;65
7554,724;68
7555,724;82
7556,724;11018
7557,724;56
7558,724;80
7559,724;79
7560,724;64
7561,724;93
7562,724;10993
7563,724;64
7564,724;64
7565,724;83
7566,724;68
7567,724;67
7568,724;11022
7569,724;75
7570,724;70
7571,724;74
7572,724;91
7573,724;60
7574,724;11023
7575,724;61
7576,724;73
7577,86;74
7578,86;75
7579,86;65
7580,86;10990
7581,86;84
7582,86;84
7583,86;68
7584,86;58
7585,86;85
7586,86;11019
7587,86;66
7588,86;69
7589,86;64
7590,86;72
7591,86;82
7592,86;11008
7593,86;69
7594,86;82
7595,86;80
7596,86;54
7597,86;68
7598,86;11011
7599,86;79
7600,86;64
7601,86;78
7602,86;64
7603,86;89
7604,86;11014
7605,86;63
7606,86;66
7607,86;61
7608,86;92
7609,86;75
7610,86;10998
7611,86;49
7612,86;72
7613,86;74
7614,86;74
7615,86;83
7616,86;10988
7617,86;65
7618,86;65
7619,86;67
7620,86;81
7621,86;84
7622,86;10984
7623,86;69
7624,86;75
7625,86;63
7626,86;83
7627,86;75
7628,86;10990
7629,86;70
7630,86;73
7631,86;84
7632,86;78
7633,86;74
7634,86;11007
7635,86;73
7636,86;55
7637,86;66
7638,86;69
7639,86;70
7640,86;11003
7641,86;71
7642,86;64
7643,86;74
7644,86;81
7645,86;60
7646,86;11002
7647,86;77
7648,86;65
7649,86;92
7650,86;84
7651,86;70
7652,86;10978
7653,86;69
7654,86;63
7655,86;81
7656,86;91
7657,86;70
7658,86;10973
7659,86;83
7660,86;76
7661,86;94
7662,86;93
7663,86;92
7664,86;10971
7665,86;58
7666,86;62
7667,86;72
7668,86;90
7669,86;73
7670,86;11006
7671,86;54
7672,86;83
7673,86;77
7674,86;72
7675,86;67
7676,86;10968
7677,86;61
7678,735;64
7679,735;84
7680,735;81
7681,735;73
7682,735;10996
7683,735;62
7684,735;82
7685,735;70
7686,735;66
7687,735;74
7688,735;10985
7689,735;66
7690,735;63
7691,735;73
7692,735;83
7693,735;78
7694,735;10995
7695,735;66
7696,735;62
7697,735;80
7698,735;75
7699,735;78
7700,735;10989
7701,735;70
7702,735;73
7703,735;61
7704,735;71
7705,735;74
7706,735;11005
7707,735;63
7708,735;63
7709,735;72
7710,735;69
7711,735;66
7712,735;10986
7713,735;85
7714,735;64
7715,735;67
7716,735;56
7717,735;76
7718,735;11007
7719,735;51
7720,735;55
7721,735;85
7722,735;70
7723,735;90
7724,735;10976
7725,735;86
7726,735;72
7727,735;58
7728,735;77
7729,735;68
7730,735;10969
7731,735;56
7732,735;77
7733,735;78
7734,735;81
7735,735;80
7736,735;10990
7737,735;91
7738,735;72
7739,735;85
7740,735;69
7741,735;72
7742,735;10974
7743,735;74
7744,735;69
7745,735;71
7746,735;69
7747,735;60
7748,735;10991
7749,735;65
7750,735;60
7751,735;63
7752,735;76
7753,735;77
7754,735;11002
7755,735;76
7756,735;64
7757,735;69
7758,735;79
7759,735;65
7760,735;10987
7761,735;63
7762,735;65
7763,735;79
7764,735;94
7765,735;63
7766,735;11025
7767,735;57
7768,735;74
7769,735;87
7770,735;78
7771,735;86
7772,735;11019
7773,735;71
7774,735;66
7775,735;84
7776,735;65
7777,735;74
7778,735;11000
7778,415;77
7779,415;79
7780,415;73
7781,415;79
7782,415;53
7783,415;10947
7784,415;63
7785,415;79
7786,415;67
7787,415;73
7788,415;76
7789,415;10991
7790,415;71
7791,415;62
7792,415;69
7793,415;72
7794,415;62
7795,415;10975
7796,415;69
7797,415;79
7798,415;64
7799,415;69
7800,415;72
7801,415;10977
7802,415;67
7803,415;63
7804,415;64
7805,415;82
7806,415;86
7807,415;11003
7808,415;76
7809,415;60
7810,415;71
7811,415;66
7812,415;64
7813,415;10976
7814,415;55
7815,415;68
7816,415;80
7817,415;46
7818,415;67
7819,415;10998
7820,415;66
7821,415;73
7822,415;66
7823,415;65
7824,415;66
7825,415;10976
7826,415;60
7827,415;53
7828,415;63
7829,415;56
7830,415;76
7831,415;10688
7832,415;74
7833,415;55
7834,415;85
7835,415;68
7836,415;72
7837,415;10941
7838,415;71
7839,415;64
7840,415;60
7841,415;71
7842,415;76
7843,415;11009
7844,415;53
7845,415;64
7846,415;62
7847,415;63
7848,415;68
7849,415;11009
7850,415;52
7851,415;61
7852,415;66
7853,415;61
7854,415;61
7855,415;11004
7856,415;58
7857,415;72
7858,415;55
7859,415;54
7860,415;76
7861,415;11018
7862,415;55
7863,415;58
7864,415;74
7865,415;71
7866,415;84
7867,415;10970
7868,415;60
7869,415;59
7870,415;71
7871,415;75
7872,415;71
7873,415;10995
7874,415;54
7875,415;55
7876,415;56
7877,415;80
7878,415;65
7880,861;10975
7881,861;68
7882,861;78
7883,861;72
7884,861;80
7885,861;63
7886,861;11000
7887,861;66
7888,861;66
7889,861;73
7890,861;62
7891,861;66
7892,861;11017
7893,861;61
7894,861;48
7895,861;65
7896,861;70
7897,861;76
7898,861;10971
7899,861;58
7900,861;79
7901,861;68
7902,861;75
7903,861;66
7904,861;10972
7905,861;67
7906,861;59
7907,861;75
7908,861;72
7909,861;68
7910,861;10993
7911,861;57
7912,861;61
7913,861;72
7914,861;77
7915,861;69
7916,861;11050
7917,861;50
7918,861;77
7919,861;67
7920,861;64
7921,861;91
7922,861;10993
7923,861;65
7924,861;69
7925,861;70
7926,861;85
7927,861;83
7928,861;10995
7929,861;66
7930,861;62
7931,861;72
7932,861;68
7933,861;74
7934,861;10996
7935,861;65
7936,861;77
7937,861;74
7938,861;69
7939,861;84
7940,861;11007
7941,861;68
7942,861;78
7943,861;68
7944,861;75
7945,861;72
7946,861;11006
7947,861;68
7948,861;65
7949,861;70
7950,861;65
7951,861;71
7952,861;10990
7953,861;69
7954,861;71
7955,861;78
7956,861;71
7957,861;69
7958,861;10984
7959,861;65
7960,861;60
7961,861;47
7962,861;74
7963,861;66
7964,861;10964
7965,861;72
7966,861;71
7967,861;65
7968,861;81
7969,861;76
7970,861;11022
7971,861;68
7972,861;84
7973,861;63
7974,861;79
7975,861;75
7976,861;11004
7977,861;67
7978,861;71
7979,861;71
7980,861;77
7980,861;77
7981,861;10962
7982,861;57
7983,861;65
7984,861;90
7985,861;78
7986,861;84
7987,861;10990
7988,861;50
7989,861;82
7990,861;69
7991,861;78
7992,861;88
7993,861;10983
7994,861;76
7995,861;55
7996,861;71
7997,861;72
7998,861;77
7999,861;10968
8000,861;72
8001,861;67
8002,861;84
8003,861;87
8004,861;65
8005,861;10987
8006,861;68
8007,861;65
8008,861;71
8009,861;64
8010,861;69
8011,861;11020
8012,861;66
8013,861;67
8014,861;61
8015,861;86
8016,861;80
8017,861;11031
8018,861;69
8019,861;71
8020,861;78
8021,861;83
8022,861;72
8023,861;10994
8024,861;59
8025,861;79
8026,861;59
8027,861;49
8028,861;72
8029,861;11002
8030,861;75
8031,861;77
8032,861;88
8033,861;84
8034,861;62
8035,861;11011
8036,861;64
8037,861;74
8038,861;75
8039,861;78
8040,861;71
8041,861;10987
8042,861;73
8043,861;69
8044,861;73
8045,861;97
8046,861;80
8047,861;10991
8048,861;71
8049,861;72
8050,861;77
8051,861;59
8052,861;64
8053,861;11022
8054,861;54
8055,861;77
8056,861;79
8057,861;68
8058,861;83
8059,861;10997
8060,861;64
8061,861;78
8062,861;93
8063,861;79
8064,861;71
8065,861;11027
8066,861;62
8067,861;64
8068,861;79
8069,861;76
8070,861;87
8071,861;11036
8072,861;66
8073,861;72
8074,861;74
8075,861;75
8076,861;85
8077,861;11026
8078,861;66
8079,861;68
8080,861;60
8082,651;71
8083,651;78
8084,651;11006
8085,651;62
8086,651;73
8087,651;67
8088,651;54
8089,651;64
8090,651;11010
8091,651;68
8092,651;80
8093,651;72
8094,651;85
8095,651;74
8096,651;10995
8097,651;69
8098,651;80
8099,651;80
8100,651;87
8101,651;77
8102,651;11003
8103,651;73
8104,651;72
8105,651;68
8106,651;63
8107,651;71
8108,651;11030
8109,651;79
8110,651;67
8111,651;59
8112,651;80
8113,651;74
8114,651;11018
8115,651;65
8116,651;63
8117,651;69
8118,651;68
8119,651;74
8120,651;10997
8121,651;63
8122,651;72
8123,651;70
8124,651;84
8125,651;73
8126,651;11001
8127,651;68
8128,651;69
8129,651;64
8130,651;66
8131,651;69
8132,651;11000
8133,651;61
8134,651;56
8135,651;72
8136,651;78
8137,651;59
8138,651;11000
8139,651;62
8140,651;49
8141,651;65
8142,651;79
8143,651;74
8144,651;10666
8145,651;62
8146,651;64
8147,651;50
8148,651;78
8149,651;64
8150,651;10952
8151,651;61
8152,651;61
8153,651;57
8154,651;68
8155,651;63
8156,651;11019
8157,651;68
8158,651;63
8159,651;72
8160,651;54
8161,651;68
8162,651;11004
8163,651;64
8164,651;80
8165,651;65
8166,651;59
8167,651;71
8168,651;11048
8169,651;74
8170,651;64
8171,651;68
8172,651;75
8173,651;77
8174,651;10987
8175,651;57
8176,651;81
8177,651;59
8178,651;65
8179,651;84
8180,651;11009
8181,651;64
8182,651;69
8183,746;74
8184,746;76
8185,746;70
8186,746;10970
8187,746;76
8188,746;63
8189,746;68
8190,746;75
8191,746;72
8192,746;11029
8193,746;59
8194,746;61
8195,746;86
8196,746;82
8197,746;76
8198,746;11040
8199,746;69
8200,746;61
8201,746;72
8202,746;75
8203,746;90
8204,746;11007
8205,746;63
8206,746;76
8207,746;68
8208,746;71
8209,746;69
8210,746;11042
8211,746;73
8212,746;81
8213,746;74
8214,746;77
8215,746;76
8216,746;10983
8217,746;72
8218,746;54
8219,746;78
8220,746;71
8221,746;74
8222,746;11060
8223,746;66
8224,746;70
8225,746;64
8226,746;68
8227,746;62
8228,746;11012
8229,746;70
8230,746;64
8231,746;81
8232,746;69
8233,746;82
8234,746;11015
8235,746;82
8236,746;57
8237,746;76
8238,746;75
8239,746;83
8240,746;11020
8241,746;57
8242,746;82
8243,746;71
8244,746;70
8245,746;75
8246,746;10977
8247,746;49
8248,746;69
8249,746;73
8250,746;91
8251,746;74
8252,746;10991
8253,746;70
8254,746;71
8255,746;75
8256,746;73
8257,746;65
8258,746;11022
8259,746;65
8260,746;60
8261,746;80
8262,746;82
8263,746;70
8264,746;11015
8265,746;61
8266,746;67
8267,746;63
8268,746;73
8269,746;69
8270,746;11009
8271,746;74
8272,746;76
8273,746;71
8274,746;84
8275,746;78
8276,746;10962
8277,746;81
8278,746;77
8279,746;54
8280,746;85
8281,746;73
8282,746;11013
8283,746;61
8283,892;68
8284,892;78
8285,892;80
8286,892;88
8287,892;10987
8288,892;64
8289,892;79
8290,892;61
8291,892;69
8292,892;76
8293,892;10987
8294,892;70
8295,892;63
8296,892;66
8297,892;64
8298,892;73
8299,892;10961
8300,892;80
8301,892;55
8302,892;54
8303,892;58
8304,892;74
8305,892;11017
8306,892;58
8307,892;67
8308,892;76
8309,892;64
8310,892;73
8311,892;11018
8312,892;58
8313,892;72
8314,892;64
8315,892;83
8316,892;83
8317,892;10995
8318,892;63
8319,892;63
8320,892;61
8321,892;78
8322,892;70
8323,892;10987
8324,892;76
8325,892;74
8326,892;70
8327,892;79
8328,892;64
8329,892;11013
8330,892;56
8331,892;66
8332,892;65
8333,892;59
8334,892;73
8335,892;10982
8336,892;68
8337,892;61
8338,892;71
8339,892;75
8340,892;81
8341,892;10979
8342,892;72
8343,892;74
8344,892;74
8345,892;80
8346,892;84
8347,892;11002
8348,892;77
8349,892;82
8350,892;55
8351,892;76
8352,892;67
8353,892;10974
8354,892;70
8355,892;75
8356,892;63
8357,892;77
8358,892;77
8359,892;10995
8360,892;66
8361,892;75
8362,892;72
8363,892;66
8364,892;56
8365,892;10987
8366,892;62
8367,892;67
8368,892;63
8369,892;75
8370,892;65
8371,892;10992
8372,892;69
8373,892;70
8374,892;61
8375,892;59
8376,892;66
8377,892;10974
8378,892;55
8379,892;68
8380,892;90
8381,892;69
8382,892;78
8383,892;10975
8385,657;69
8386,657;72
8387,657;80
8388,657;76
8389,657;71
8390,657;10951
8391,657;57
8392,657;74
8393,657;68
8394,657;82
8395,657;65
8396,657;10985
8397,657;64
8398,657;67
8399,657;73
8400,657;74
8401,657;60
8402,657;10957
8403,657;66
8404,657;78
8405,657;63
8406,657;66
8407,657;70
8408,657;10995
8409,657;58
8410,657;70
8411,657;64
8412,657;71
8413,657;91
8414,657;11007
8415,657;55
8416,657;67
8417,657;57
8418,657;54
8419,657;76
8420,657;10998
8421,657;68
8422,657;65
8423,657;56
8424,657;70
8425,657;66
8426,657;10967
8427,657;72
8428,657;58
8429,657;55
8430,657;70
8431,657;78
8432,657;10985
8433,657;54
8434,657;67
8435,657;66
8436,657;74
8437,657;59
8438,657;10991
8439,657;65
8440,657;58
8441,657;55
8442,657;78
8443,657;58
8444,657;10985
8445,657;69
8446,657;68
8447,657;68
8448,657;77
8449,657;76
8450,657;10958
8451,657;53
8452,657;59
8453,657;75
8454,657;61
8455,657;57
8456,657;10666
8457,657;73
8458,657;72
8459,657;63
8460,657;63
8461,657;75
8462,657;10922
8463,657;64
8464,657;70
8465,657;70
8466,657;77
8467,657;55
8468,657;10922
8469,657;54
8470,657;65
8471,657;59
8472,657;52
8473,657;78
8474,657;10985
8475,657;51
8476,657;66
8477,657;55
8478,657;59
8479,657;75
8480,657;10992
8481,657;63
8482,657;63
8483,657;66
8484,657;84
8485,657;68
8486,468;10985
8487,468;52
8488,468;68
8489,468;66
8490,468;64
8491,468;69
8492,468;10973
8493,468;63
8494,468;52
8495,468;52
8496,468;68
8497,468;73
8498,468;10984
8499,468;66
8500,468;71
8501,468;70
8502,468;62
8503,468;72
8504,468;10973
8505,468;61
8506,468;65
8507,468;76
8508,468;83
8509,468;76
8510,468;10998
8511,468;66
8512,468;76
8513,468;61
8514,468;80
8515,468;68
8516,468;10983
8517,468;64
8518,468;65
8519,468;71
8520,468;75
8521,468;72
8522,468;10977
8523,468;55
8524,468;70
8525,468;79
8526,468;80
8527,468;68
8528,468;11002
8529,468;61
8530,468;64
8531,468;66
8532,468;72
8533,468;70
8534,468;11003
8535,468;64
8536,468;69
8537,468;75
8538,468;69
8539,468;69
8540,468;10992
8541,468;63
8542,468;66
8543,468;72
8544,468;71
8545,468;59
8546,468;11004
8547,468;62
8548,468;73
8549,468;74
8550,468;71
8551,468;81
8552,468;10975
8553,468;79
8554,468;72
8555,468;72
8556,468;69
8557,468;79
8558,468;10994
8559,468;69
8560,468;64
8561,468;64
8562,468;94
8563,468;83
8564,468;10993
8565,468;63
8566,468;74
8567,468;81
8568,468;57
8569,468;77
8570,468;10997
8571,468;62
8572,468;75
8573,468;74
8574,468;81
8575,468;62
8576,468;10964
8577,468;69
8578,468;60
8579,468;88
8580,468;55
8581,468;82
8582,468;10997
8583,468;66
8584,468;67
8585,468;82
8586,468;69
8587,468;67
8588,468;10991
8589,468;69
8590,468;61
8591,468;80
8592,468;71
8593,468;67
8594,468;10986
8595,468;73
8596,468;70
8597,468;70
8598,468;69
8599,468;90
8600,468;11004
8601,468;64
8602,468;72
8603,468;76
8604,468;72
8605,468;74
8606,468;11011
8607,468;59
8608,468;51
8609,468;78
8610,468;84
8611,468;62
8612,468;10981
8613,468;69
8614,468;71
8615,468;75
8616,468;59
8617,468;76
8618,468;10984
8619,468;73
8620,468;66
8621,468;57
8622,468;74
8623,468;68
8624,468;10986
8625,468;78
8626,468;61
8627,468;64
8628,468;78
8629,468;78
8630,468;10987
8631,468;61
8632,468;87
8633,468;75
8634,468;57
8635,468;66
8636,468;10980
8637,468;67
8638,468;75
8639,468;84
8640,468;78
8641,468;88
8642,468;10989
8643,468;72
8644,468;86
8645,468;76
8646,468;75
8647,468;75
8648,468;10972
8649,468;89
8650,468;76
8651,468;79
8652,468;70
8653,468;70
8654,468;10961
8655,468;71
8656,468;53
8657,468;81
8658,468;68
8659,468;84
8660,468;11007
8661,468;34
8662,468;75
8663,468;67
8664,468;65
8665,468;76
8666,468;11007
8667,468;85
8668,468;89
8669,468;69
8670,468;63
8671,468;66
8672,468;11015
8673,468;83
8674,468;77
8675,468;65
8676,468;73
8677,468;84
8678,468;11017
8679,468;66
8680,468;70
8681,468;88
8682,468;78
8683,468;85
8684,468;10997
8685,468;74
8686,468;63
8687,468;71
8688,315;75
8689,315;70
8690,315;11001
8691,315;71
8692,315;72
8693,315;88
8694,315;75
8695,315;79
8696,315;11025
8697,315;74
8698,315;79
8699,315;79
8700,315;62
8701,315;80
8702,315;11022
8703,315;76
8704,315;79
8705,315;71
8706,315;73
8707,315;74
8708,315;11003
8709,315;57
8710,315;73
8711,315;83
8712,315;78
8713,315;64
8714,315;11054
8715,315;73
8716,315;78
8717,315;74
8718,315;90
8719,315;65
8720,315;10985
8721,315;63
8722,315;70
8723,315;60
8724,315;66
8725,315;81
8726,315;11005
8727,315;63
8728,315;56
8729,315;77
8730,315;77
8731,315;81
8732,315;11051
8733,315;77
8734,315;69
8735,315;70
8736,315;75
8737,315;74
8738,315;11015
8739,315;54
8740,315;62
8741,315;60
8742,315;67
8743,315;80
8744,315;11016
8745,315;70
8746,315;75
8747,315;68
8748,315;83
8749,315;71
8750,315;11009
8751,315;57
8752,315;64
8753,315;51
8754,315;55
8755,315;66
8756,315;11053
8757,315;57
8758,315;78
8759,315;72
8760,315;72
8761,315;61
8762,315;11013
8763,315;54
8764,315;71
8765,315;57
8766,315;77
8767,315;70
8768,315;10694
8769,315;62
8770,315;78
8771,315;63
8772,315;67
8773,315;70
8774,315;10955
8775,315;52
8776,315;83
8777,315;82
8778,315;61
8779,315;68
8780,315;10983
8781,315;61
8782,315;67
8783,315;76
8784,315;74
8785,315;72
8786,315;10993
8787,315;66
8788,315;60
8789,86;86
8790,86;79
8791,86;67
8792,86;11012
8793,86;65
8794,86;71
8795,86;81
8796,86;67
8797,86;74
8798,86;11029
8799,86;52
8800,86;67
8801,86;82
8802,86;62
8803,86;78
8804,86;11017
8805,86;60
8806,86;90
8807,86;53
8808,86;75
8809,86;83
8810,86;11044
8811,86;69
8812,86;82
8813,86;63
8814,86;78
8815,86;65
8816,86;11000
8817,86;64
8818,86;72
8819,86;96
8820,86;86
8821,86;85
8822,86;11012
8823,86;69
8824,86;65
8825,86;72
8826,86;76
8827,86;63
8828,86;11033
8829,86;72
8830,86;45
8831,86;84
8832,86;70
8833,86;83
8834,86;11017
8835,86;85
8836,86;74
8837,86;78
8838,86;68
8839,86;87
8840,86;10998
8841,86;81
8842,86;66
8843,86;60
8844,86;84
8845,86;83
8846,86;11021
8847,86;69
8848,86;77
8849,86;66
8850,86;78
8851,86;70
8852,86;11026
8853,86;66
8854,86;74
8855,86;68
8856,86;69
8857,86;65
8858,86;10990
8859,86;72
8860,86;79
8861,86;82
8862,86;85
8863,86;70
8864,86;11000
8865,86;70
8866,86;71
8867,86;59
8868,86;81
8869,86;68
8870,86;10983
8871,86;66
8872,86;69
8873,86;72
8874,86;73
8875,86;77
8876,86;10990
8877,86;71
8878,86;71
8879,86;81
8880,86;61
8881,86;80
8882,86;10974
8883,86;74
8884,86;55
8885,86;80
8886,86;64
8887,86;84
8888,86;11007
8889,86;67
8890,91;56
8891,91;71
8892,91;72
8893,91;70
8894,91;11021
8895,91;61
8896,91;85
8897,91;74
8898,91;77
8899,91;90
8900,91;11008
8901,91;70
8902,91;85
8903,91;66
8904,91;81
8905,91;74
8906,91;11005
8907,91;67
8908,91;63
8909,91;60
8910,91;89
8911,91;68
8912,91;10979
8913,91;60
8914,91;73
8915,91;64
8916,91;92
8917,91;62
8918,91;10981
8919,91;76
8920,91;62
8921,91;81
8922,91;74
8923,91;64
8924,91;11024
8925,91;83
8926,91;81
8927,91;80
8928,91;60
8929,91;76
8930,91;11039
8931,91;72
8932,91;74
8933,91;66
8934,91;72
8935,91;87
8936,91;10987
8937,91;64
8938,91;65
8939,91;70
8940,91;73
8941,91;64
8942,91;10970
8943,91;62
8944,91;67
8945,91;82
8946,91;61
8947,91;74
8948,91;10967
8949,91;73
8950,91;64
8951,91;69
8952,91;66
8953,91;72
8954,91;11016
8955,91;70
8956,91;60
8957,91;62
8958,91;61
8959,91;67
8960,91;10991
8961,91;84
8962,91;65
8963,91;61
8964,91;77
8965,91;92
8966,91;10967
8967,91;62
8968,91;76
8969,91;78
8970,91;54
8971,91;79
8972,91;11009
8973,91;65
8974,91;70
8975,91;88
8976,91;87
8977,91;74
8978,91;10988
8979,91;78
8980,91;72
8981,91;89
8982,91;67
8983,91;60
8984,91;10991
8985,91;74
8986,91;61
8987,91;58
8988,91;80
8989,91;70
8990,91;11002
8991,392;59
8992,392;61
8993,392;61
8994,392;74
8995,392;74
8996,392;11000
8997,392;65
8998,392;66
8999,392;87
9000,392;63
9001,392;73
9002,392;11007
9003,392;54
9004,392;59
9005,392;70
9006,392;71
9007,392;76
9008,392;11011
9009,392;68
9010,392;71
9011,392;72
9012,392;86
9013,392;68
9014,392;10995
9015,392;66
9016,392;67
9017,392;66
9018,392;74
9019,392;88
9020,392;11004
9021,392;64
9022,392;71
9023,392;68
9024,392;67
9025,392;64
9026,392;11007
9027,392;55
9028,392;67
9029,392;79
9030,392;65
9031,392;71
9032,392;10998
9033,392;73
9034,392;65
9035,392;54
9036,392;77
9037,392;77
9038,392;10990
9039,392;60
9040,392;77
9041,392;71
9042,392;70
9043,392;85
9044,392;10977
9045,392;52
9046,392;68
9047,392;65
9048,392;68
9049,392;77
9050,392;11001
9051,392;62
9052,392;58
9053,392;70
9054,392;68
9055,392;70
9056,392;10949
9057,392;70
9058,392;57
9059,392;80
9060,392;58
9061,392;64
9062,392;11000
9063,392;53
9064,392;75
9065,392;38
9066,392;75
9067,392;66
9068,392;10975
9069,392;61
9070,392;71
9071,392;81
9072,392;73
9073,392;48
9074,392;11000
9075,392;50
9076,392;56
9077,392;45
9078,392;60
9079,392;58
9080,392;10642
9081,392;71
9082,392;59
9083,392;69
9084,392;76
9085,392;60
9086,392;10919
9087,392;58
9088,392;67
9089,392;62
9090,392;57
9091,392;48
9092,392;10952
9093,392;67
9094,392;65
9095,392;76
9096,392;60
9097,392;62
9098,392;10975
9099,392;51
9100,392;64
9101,392;63
9102,392;63
9103,392;86
9104,392;11016
9105,392;57
9106,392;51
9107,392;40
9108,392;53
9109,392;66
9110,392;10989
9111,392;64
9112,392;58
9113,392;63
9114,392;73
9115,392;63
9116,392;10958
9117,392;55
9118,392;82
9119,392;75
9120,392;70
9121,392;74
9122,392;10985
9123,392;90
9124,392;58
9125,392;67
9126,392;87
9127,392;78
9128,392;11000
9129,392;59
9130,392;77
9131,392;63
9132,392;59
9133,392;74
9134,392;10967
9135,392;66
9136,392;71
9137,392;62
9138,392;75
9139,392;72
9140,392;11027
9141,392;73
9142,392;81
9143,392;65
9144,392;76
9145,392;66
9146,392;10974
9147,392;52
9148,392;78
9149,392;74
9150,392;93
9151,392;77
9152,392;10996
9153,392;57
9154,392;68
9155,392;82
9156,392;67
9157,392;70
9158,392;10995
9159,392;75
9160,392;72
9161,392;66
9162,392;62
9163,392;71
9164,392;10983
9165,392;65
9166,392;75
9167,392;68
9168,392;76
9169,392;77
9170,392;10997
9171,392;73
9172,392;88
9173,392;73
9174,392;77
9175,392;90
9176,392;11002
9177,392;65
9178,392;76
9179,392;74
9180,392;68
9181,392;86
9182,392;10995
9183,392;64
9184,392;61
9185,392;63
9186,392;66
9187,392;63
9188,392;10991
9189,392;65
9190,392;61
9191,392;64
9192,392;87
9192,783;68
9193,783;10991
9194,783;66
9195,783;81
9196,783;74
9197,783;64
9198,783;68
9199,783;11035
9200,783;71
9201,783;55
9202,783;71
9203,783;80
9204,783;74
9205,783;10990
9206,783;65
9207,783;56
9208,783;61
9209,783;67
9210,783;78
9211,783;11011
9212,783;60
9213,783;86
9214,783;74
9215,783;75
9216,783;98
9217,783;11014
9218,783;70
9219,783;65
9220,783;73
9221,783;78
9222,783;66
9223,783;10979
9224,783;79
9225,783;79
9226,783;76
9227,783;90
9228,783;71
9229,783;11005
9230,783;72
9231,783;68
9232,783;69
9233,783;72
9234,783;90
9235,783;11004
9236,783;66
9237,783;84
9238,783;76
9239,783;82
9240,783;79
9241,783;10957
9242,783;82
9243,783;77
9244,783;76
9245,783;89
9246,783;71
9247,783;10984
9248,783;59
9249,783;73
9250,783;73
9251,783;75
9252,783;78
9253,783;10986
9254,783;68
9255,783;55
9256,783;49
9257,783;68
9258,783;67
9259,783;10993
9260,783;57
9261,783;97
9262,783;73
9263,783;84
9264,783;81
9265,783;10982
9266,783;52
9267,783;73
9268,783;69
9269,783;75
9270,783;96
9271,783;11035
9272,783;82
9273,783;70
9274,783;69
9275,783;77
9276,783;76
9277,783;11007
9278,783;63
9279,783;71
9280,783;61
9281,783;63
9282,783;77
9283,783;11021
9284,783;76
9285,783;69
9286,783;68
9287,783;59
9288,783;75
9289,783;11027
9290,783;62
9291,783;74
9292,783;62
9294,86;73
9295,86;76
9296,86;11023
9297,86;61
9298,86;74
9299,86;74
9300,86;70
9301,86;78
9302,86;10993
9303,86;71
9304,86;69
9305,86;77
9306,86;69
9307,86;81
9308,86;11016
9309,86;67
9310,86;73
9311,86;78
9312,86;76
9313,86;87
9314,86;11018
9315,86;77
9316,86;76
9317,86;82
9318,86;80
9319,86;92
9320,86;11020
9321,86;73
9322,86;63
9323,86;84
9324,86;88
9325,86;88
9326,86;11027
9327,86;58
9328,86;60
9329,86;65
9330,86;80
9331,86;81
9332,86;11034
9333,86;52
9334,86;76
9335,86;71
9336,86;79
9337,86;68
9338,86;10989
9339,86;70
9340,86;70
9341,86;66
9342,86;80
9343,86;81
9344,86;11007
9345,86;85
9346,86;73
9347,86;82
9348,86;55
9349,86;77
9350,86;11001
9351,86;62
9352,86;77
9353,86;79
9354,86;72
9355,86;80
9356,86;11050
9357,86;68
9358,86;60
9359,86;75
9360,86;79
9361,86;73
9362,86;10982
9363,86;66
9364,86;74
9365,86;72
9366,86;71
9367,86;68
9368,86;11013
9369,86;60
9370,86;65
9371,86;65
9372,86;59
9373,86;73
9374,86;11034
9375,86;51
9376,86;68
9377,86;79
9378,86;59
9379,86;62
9380,86;11010
9381,86;66
9382,86;78
9383,86;58
9384,86;62
9385,86;64
9386,86;10981
9387,86;61
9388,86;66
9389,86;70
9390,86;73
9391,86;59
9392,86;10668
9393,86;68
9394,86;96
9395,297;74
9396,297;58
9397,297;67
9398,297;10932
9399,297;64
9400,297;73
9401,297;52
9402,297;67
9403,297;85
9404,297;10961
9405,297;53
9406,297;60
9407,297;69
9408,297;83
9409,297;70
9410,297;10974
9411,297;78
9412,297;77
9413,297;54
9414,297;80
9415,297;74
9416,297;11021
9417,297;58
9418,297;64
9419,297;75
9420,297;79
9421,297;85
9422,297;10999
9423,297;68
9424,297;74
9425,297;79
9426,297;77
9427,297;70
9428,297;11030
9429,297;61
9430,297;67
9431,297;74
9432,297;61
9433,297;90
9434,297;11058
9435,297;77
9436,297;85
9437,297;74
9438,297;78
9439,297;65
9440,297;11042
9441,297;77
9442,297;62
9443,297;72
9444,297;72
9445,297;79
9446,297;11018
9447,297;74
9448,297;73
9449,297;73
9450,297;74
9451,297;89
9452,297;11015
9453,297;72
9454,297;74
9455,297;88
9456,297;91
9457,297;70
9458,297;11041
9459,297;68
9460,297;78
9461,297;80
9462,297;72
9463,297;74
9464,297;11041
9465,297;62
9466,297;76
9467,297;70
9468,297;83
9469,297;74
9470,297;11008
9471,297;63
9472,297;68
9473,297;62
9474,297;86
9475,297;83
9476,297;11024
9477,297;74
9478,297;75
9479,297;90
9480,297;65
9481,297;65
9482,297;11001
9483,297;68
9484,297;71
9485,297;97
9486,297;60
9487,297;87
9488,297;11009
9489,297;60
9490,297;76
9491,297;74
9492,297;67
9493,297;86
9494,297;10988
9495,297;68
9496,86;60
9497,86;74
9498,86;81
9499,86;83
9500,86;10971
9501,86;73
9502,86;72
9503,86;74
9504,86;74
9505,86;93
9506,86;10967
9507,86;64
9508,86;82
9509,86;75
9510,86;62
9511,86;84
9512,86;10986
9513,86;64
9514,86;83
9515,86;81
9516,86;81
9517,86;88
9518,86;10982
9519,86;80
9520,86;71
9521,86;80
9522,86;59
9523,86;76
9524,86;10971
9525,86;71
9526,86;78
9527,86;92
9528,86;93
9529,86;82
9530,86;10991
9531,86;75
9532,86;64
9533,86;71
9534,86;61
9535,86;72
9536,86;11002
9537,86;69
9538,86;74
9539,86;78
9540,86;75
9541,86;69
9542,86;10979
9543,86;57
9544,86;68
9545,86;73
9546,86;59
9547,86;86
9548,86;11022
9549,86;69
9550,86;76
9551,86;70
9552,86;60
9553,86;69
9554,86;11028
9555,86;64
9556,86;69
9557,86;72
9558,86;66
9559,86;75
9560,86;11013
9561,86;70
9562,86;73
9563,86;83
9564,86;66
9565,86;78
9566,86;10998
9567,86;57
9568,86;66
9569,86;55
9570,86;83
9571,86;70
9572,86;10997
9573,86;64
9574,86;60
9575,86;67
9576,86;60
9577,86;66
9578,86;10997
9579,86;72
9580,86;72
9581,86;75
9582,86;92
9583,86;68
9584,86;11024
9585,86;58
9586,86;64
9587,86;75
9588,86;72
9589,86;85
9590,86;10977
9591,86;61
9592,86;72
9593,86;73
9594,86;78
9595,86;68
9596,86;11009
9597,86;71
9598,86;70
9599,86;69
9600,86;61
9601,86;66
9602,86;10997
9603,86;59
9604,86;57
9605,86;62
9606,86;61
9607,86;67
9608,86;10976
9609,86;58
9610,86;61
9611,86;66
9612,86;62
9613,86;74
9614,86;10980
9615,86;73
9616,86;65
9617,86;71
9618,86;66
9619,86;65
9620,86;10990
9621,86;74
9622,86;77
9623,86;65
9624,86;70
9625,86;77
9626,86;10994
9627,86;70
9628,86;59
9629,86;70
9630,86;65
9631,86;78
9632,86;10981
9633,86;60
9634,86;58
9635,86;82
9636,86;71
9637,86;63
9638,86;10990
9639,86;57
9640,86;63
9641,86;85
9642,86;68
9643,86;72
9644,86;10996
9645,86;65
9646,86;62
9647,86;68
9648,86;74
9649,86;63
9650,86;10975
9651,86;74
9652,86;67
9653,86;57
9654,86;74
9655,86;71
9656,86;10999
9657,86;62
9658,86;70
9659,86;64
9660,86;81
9661,86;79
9662,86;10979
9663,86;74
9664,86;73
9665,86;61
9666,86;63
9667,86;85
9668,86;11002
9669,86;66
9670,86;50
9671,86;58
9672,86;64
9673,86;89
9674,86;11001
9675,86;70
9676,86;59
9677,86;63
9678,86;54
9679,86;86
9680,86;10986
9681,86;56
9682,86;80
9683,86;86
9684,86;69
9685,86;91
9686,86;11004
9687,86;67
9688,86;48
9689,86;66
9690,86;74
9691,86;78
9692,86;11021
9693,86;65
9694,86;69
9695,86;64
9696,86;51
9697,86;75
9698,421;11004
9699,421;55
9700,421;61
9701,421;57
9702,421;61
9703,421;59
9704,421;10623
9705,421;75
9706,421;73
9707,421;58
9708,421;63
9709,421;60
9710,421;10924
9711,421;68
9712,421;76
9713,421;62
9714,421;75
9715,421;64
9716,421;10962
9717,421;60
9718,421;58
9719,421;69
9720,421;53
9721,421;65
9722,421;10978
9723,421;59
9724,421;69
9725,421;65
9726,421;75
9727,421;53
9728,421;10998
9729,421;66
9730,421;58
9731,421;72
9732,421;71
9733,421;74
9734,421;10941
9735,421;61
9736,421;77
9737,421;64
9738,421;64
9739,421;65
9740,421;10971
9741,421;67
9742,421;67
9743,421;73
9744,421;76
9745,421;82
9746,421;10964
9747,421;53
9748,421;72
9749,421;81
9750,421;53
9751,421;61
9752,421;11010
9753,421;74
9754,421;61
9755,421;62
9756,421;71
9757,421;64
9758,421;10969
9759,421;63
9760,421;62
9761,421;87
9762,421;72
9763,421;70
9764,421;10987
9765,421;55
9766,421;68
9767,421;79
9768,421;55
9769,421;78
9770,421;10997
9771,421;69
9772,421;79
9773,421;73
9774,421;72
9775,421;58
9776,421;11014
9777,421;71
9778,421;63
9779,421;67
9780,421;72
9781,421;76
9782,421;10973
9783,421;68
9784,421;66
9785,421;77
9786,421;61
9787,421;87
9788,421;10994
9789,421;60
9790,421;64
9791,421;70
9792,421;65
9793,421;84
9794,421;10991
9795,421;62
9796,421;76
9797,421;76
9798,421;70
9799,737;64
9800,737;11007
9801,737;81
9802,737;61
9803,737;77
9804,737;64
9805,737;67
9806,737;10987
9807,737;75
9808,737;64
9809,737;56
9810,737;71
9811,737;83
9812,737;10997
9813,737;79
9814,737;64
9815,737;89
9816,737;91
9817,737;79
9818,737;11022
9819,737;78
9820,737;68
9821,737;82
9822,737;89
9823,737;75
9824,737;10997
9825,737;65
9826,737;46
9827,737;81
9828,737;64
9829,737;79
9830,737;11018
9831,737;60
9832,737;70
9833,737;71
9834,737;70
9835,737;78
9836,737;10965
9837,737;58
9838,737;63
9839,737;63
9840,737;66
9841,737;65
9842,737;11008
9843,737;71
9844,737;63
9845,737;73
9846,737;91
9847,737;71
9848,737;11004
9849,737;61
9850,737;59
9851,737;78
9852,737;74
9853,737;63
9854,737;11015
9855,737;71
9856,737;59
9857,737;78
9858,737;70
9859,737;65
9860,737;11004
9861,737;66
9862,737;76
9863,737;78
9864,737;74
9865,737;99
9866,737;11001
9867,737;79
9868,737;68
9869,737;77
9870,737;78
9871,737;81
9872,737;10997
9873,737;69
9874,737;67
9875,737;79
9876,737;83
9877,737;68
9878,737;10998
9879,737;68
9880,737;69
9881,737;77
9882,737;75
9883,737;90
9884,737;11024
9885,737;72
9886,737;62
9887,737;62
9888,737;84
9889,737;69
9890,737;11008
9891,737;51
9892,737;73
9893,737;62
9894,737;71
9895,737;67
9896,737;10974
9897,737;68
9898,737;77
9899,737;80
9900,273;69
9901,273;74
9902,273;11034
9903,273;63
9904,273;67
9905,273;67
9906,273;84
9907,273;80
9908,273;10983
9909,273;66
9910,273;63
9911,273;77
9912,273;77
9913,273;76
9914,273;10977
9915,273;76
9916,273;64
9917,273;88
9918,273;96
9919,273;59
9920,273;10996
9921,273;67
9922,273;83
9923,273;76
9924,273;63
9925,273;60
9926,273;10978
9927,273;67
9928,273;73
9929,273;71
9930,273;90
9931,273;80
9932,273;10973
9933,273;71
9934,273;61
9935,273;72
9936,273;81
9937,273;92
9938,273;11010
9939,273;79
9940,273;69
9941,273;64
9942,273;68
9943,273;69
9944,273;11001
9945,273;58
9946,273;76
9947,273;74
9948,273;79
9949,273;86
9950,273;11005
9951,273;64
9952,273;73
9953,273;92
9954,273;88
9955,273;75
9956,273;11008
9957,273;80
9958,273;75
9959,273;69
9960,273;92
9961,273;71
9962,273;11008
9963,273;74
9964,273;65
9965,273;78
9966,273;65
9967,273;73
9968,273;11051
9969,273;77
9970,273;70
9971,273;81
9972,273;68
9973,273;74
9974,273;11004
9975,273;54
9976,273;81
9977,273;64
9978,273;68
9979,273;79
9980,273;10994
9981,273;59
9982,273;60
9983,273;71
9984,273;79
9985,273;95
9986,273;11017
9987,273;59
9988,273;68
9989,273;81
9990,273;67
9991,273;56
9992,273;11022
9993,273;64
9994,273;76
9995,273;82
9996,273;60
9997,273;69
9998,273;11009
9999,273;74
10000,273;56
10000,508;61
10001,508;74
10002,508;74
10003,508;10975
10004,508;64
10005,508;75
10006,508;69
10007,508;74
10008,508;75
10009,508;11001
10010,508;73
10011,508;79
10012,508;57
10013,508;70
10014,508;72
10015,508;10662
10016,508;60
10017,508;62
10018,508;79
10019,508;81
10020,508;58
10021,508;10979
10022,508;55
10023,508;75
10024,508;70
10025,508;63
10026,508;75
10027,508;11008
10028,508;71
10029,508;73
10030,508;80
10031,508;82
10032,508;56
10033,508;10966
10034,508;54
10035,508;57
10036,508;73
10037,508;80
10038,508;72
10039,508;11015
10040,508;79
10041,508;73
10042,508;68
10043,508;87
10044,508;81
10045,508;10998
10046,508;65
10047,508;67
10048,508;64
10049,508;93
10050,508;67
10051,508;11006
10052,508;52
10053,508;70
10054,508;88
10055,508;70
10056,508;87
10057,508;10972
10058,508;84
10059,508;69
10060,508;71
10061,508;71
10062,508;86
10063,508;10978
10064,508;73
10065,508;79
10066,508;86
10067,508;81
10068,508;66
10069,508;10987
10070,508;69
10071,508;81
10072,508;80
10073,508;71
10074,508;105
10075,508;10986
10076,508;78
10077,508;63
10078,508;93
10079,508;75
10080,508;74
10081,508;11016
10082,508;63
10083,508;73
10084,508;85
10085,508;74
10086,508;70
10087,508;11021
10088,508;65
10089,508;57
10090,508;93
10091,508;91
10092,508;73
10093,508;10984
10094,508;70
10095,508;62
10096,508;51
10097,508;71
10098,508;79
10099,508;11004
10100,508;64
10101,508;65
10102,508;70
10103,508;83
10104,508;79
10105,508;10987
10106,508;79
10107,508;67
10108,508;76
10109,508;82
10110,508;87
10111,508;11007
10112,508;71
10113,508;61
10114,508;64
10115,508;72
10116,508;78
10117,508;11006
10118,508;82
10119,508;65
10120,508;73
10121,508;68
10122,508;79
10123,508;10980
10124,508;61
10125,508;81
10126,508;65
10127,508;73
10128,508;89
10129,508;10969
10130,508;61
10131,508;71
10132,508;82
10133,508;80
10134,508;64
10135,508;11021
10136,508;76
10137,508;56
10138,508;81
10139,508;74
10140,508;68
10141,508;11025
10142,508;61
10143,508;60
10144,508;85
10145,508;68
10146,508;88
10147,508;10981
10148,508;68
10149,508;58
10150,508;76
10151,508;66
10152,508;76
10153,508;11000
10154,508;67
10155,508;68
10156,508;75
10157,508;67
10158,508;95
10159,508;11011
10160,508;56
10161,508;84
10162,508;62
10163,508;62
10164,508;76
10165,508;11009
10166,508;63
10167,508;71
10168,508;71
10169,508;80
10170,508;74
10171,508;11020
10172,508;62
10173,508;74
10174,508;72
10175,508;70
10176,508;76
10177,508;10993
10178,508;62
10179,508;69
10180,508;76
10181,508;62
10182,508;73
10183,508;10998
10184,508;67
10185,508;67
10186,508;76
10187,508;62
10188,508;66
10189,508;10995
10190,508;73
10191,508;78
10192,508;70
10193,508;70
10194,508;77
10195,508;10994
10196,508;75
10197,508;72
10198,508;65
10199,508;79
10200,508;76
10201,508;10992
10203,634;71
10204,634;64
10205,634;74
10206,634;69
10207,634;77
10208,634;10964
10209,634;69
10210,634;62
10211,634;67
10212,634;52
10213,634;83
10214,634;11023
10215,634;68
10216,634;60
10217,634;71
10218,634;68
10219,634;73
10220,634;10962
10221,634;62
10222,634;66
10223,634;65
10224,634;63
10225,634;63
10226,634;10992
10227,634;71
10228,634;78
10229,634;78
10230,634;74
10231,634;77
10232,634;10972
10233,634;69
10234,634;76
10235,634;70
10236,634;65
10237,634;63
10238,634;10982
10239,634;58
10240,634;65
10241,634;74
10242,634;72
10243,634;83
10244,634;10994
10245,634;60
10246,634;57
10247,634;67
10248,634;73
10249,634;66
10250,634;11008
10251,634;63
10252,634;70
10253,634;62
10254,634;82
10255,634;81
10256,634;11008
10257,634;75
10258,634;74
10259,634;66
10260,634;63
10261,634;61
10262,634;10993
10263,634;57
10264,634;63
10265,634;76
10266,634;72
10267,634;72
10268,634;10995
10269,634;79
10270,634;68
10271,634;64
10272,634;72
10273,634;73
10274,634;10997
10275,634;69
10276,634;57
10277,634;73
10278,634;80
10279,634;87
10280,634;11003
10281,634;80
10282,634;59
10283,634;75
10284,634;64
10285,634;59
10286,634;11033
10287,634;66
10288,634;58
10289,634;68
10290,634;61
10291,634;71
10292,634;10995
10293,634;53
10294,634;60
10295,634;62
10296,634;58
10297,634;82
10298,634;11024
10299,634;72
10300,634;61
10301,634;76
10302,634;65
10303,634;58
10304,566;10999
10305,566;55
10306,566;67
10307,566;65
10308,566;72
10309,566;70
10310,566;10995
10311,566;70
10312,566;79
10313,566;64
10314,566;77
10315,566;67
10316,566;10987
10317,566;55
10318,566;70
10319,566;67
10320,566;74
10321,566;59
10322,566;10990
10323,566;45
10324,566;61
10325,566;65
10326,566;60
10327,566;75
10328,566;10651
10329,566;48
10330,566;62
10331,566;55
10332,566;87
10333,566;71
10334,566;10930
10335,566;70
10336,566;50
10337,566;64
10338,566;70
10339,566;63
10340,566;10982
10341,566;61
10342,566;53
10343,566;76
10344,566;65
10345,566;68
10346,566;10970
10347,566;59
10348,566;65
10349,566;61
10350,566;68
10351,566;65
10352,566;10979
10353,566;69
10354,566;75
10355,566;76
10356,566;71
10357,566;64
10358,566;11002
10359,566;81
10360,566;77
10361,566;68
10362,566;70
10363,566;81
10364,566;10996
10365,566;62
10366,566;66
10367,566;50
10368,566;84
10369,566;72
10370,566;11000
10371,566;49
10372,566;76
10373,566;78
10374,566;73
10375,566;57
10376,566;10995
10377,566;74
10378,566;65
10379,566;62
10380,566;72
10381,566;76
10382,566;11006
10383,566;61
10384,566;67
10385,566;59
10386,566;76
10387,566;71
10388,566;11017
10389,566;55
10390,566;59
10391,566;72
10392,566;74
10393,566;74
10394,566;10989
10395,566;55
10396,566;74
10397,566;65
10398,566;75
10399,566;65
10400,566;10998
10401,566;57
10402,566;61
10403,566;71
10404,566;71
10405,652;69
10406,652;11018
10407,652;64
10408,652;65
10409,652;70
10410,652;76
10411,652;65
10412,652;10975
10413,652;76
10414,652;85
10415,652;79
10416,652;85
10417,652;74
10418,652;11010
10419,652;66
10420,652;62
10421,652;65
10422,652;76
10423,652;60
10424,652;11017
10425,652;79
10426,652;60
10427,652;63
10428,652;72
10429,652;76
10430,652;11015
10431,652;60
10432,652;58
10433,652;73
10434,652;64
10435,652;62
10436,652;10983
10437,652;78
10438,652;67
10439,652;77
10440,652;74
10441,652;71
10442,652;10989
10443,652;63
10444,652;68
10445,652;81
10446,652;77
10447,652;64
10448,652;11009
10449,652;68
10450,652;55
10451,652;82
10452,652;69
10453,652;80
10454,652;10977
10455,652;57
10456,652;62
10457,652;48
10458,652;77
10459,652;74
10460,652;10989
10461,652;66
10462,652;61
10463,652;62
10464,652;67
10465,652;77
10466,652;10998
10467,652;90
10468,652;91
10469,652;75
10470,652;83
10471,652;88
10472,652;10999
10473,652;72
10474,652;75
10475,652;83
10476,652;68
10477,652;75
10478,652;10978
10479,652;62
10480,652;83
10481,652;72
10482,652;63
10483,652;71
10484,652;11000
10485,652;73
10486,652;75
10487,652;78
10488,652;79
10489,652;87
10490,652;11029
10491,652;70
10492,652;62
10493,652;76
10494,652;71
10495,652;76
10496,652;10993
10497,652;68
10498,652;73
10499,652;67
10500,652;78
10501,652;82
10502,652;10979
10503,652;59
10504,652;78
10505,652;74
10505,981;63
10506,981;66
10507,981;10976
10508,981;67
10509,981;72
10510,981;94
10511,981;80
10512,981;65
10513,981;11016
10514,981;61
10515,981;65
10516,981;65
10517,981;69
10518,981;64
10519,981;10995
10520,981;65
10521,981;68
10522,981;78
10523,981;72
10524,981;89
10525,981;10974
10526,981;66
10527,981;69
10528,981;68
10529,981;60
10530,981;67
10531,981;10962
10532,981;56
10533,981;67
10534,981;64
10535,981;68
10536,981;63
10537,981;10997
10538,981;82
10539,981;67
10540,981;58
10541,981;79
10542,981;68
10543,981;11020
10544,981;58
10545,981;71
10546,981;72
10547,981;78
10548,981;93
10549,981;10993
10550,981;72
10551,981;73
10552,981;74
10553,981;82
10554,981;69
10555,981;10985
10556,981;58
10557,981;71
10558,981;77
10559,981;82
10560,981;67
10561,981;11038
10562,981;68
10563,981;59
10564,981;74
10565,981;76
10566,981;86
10567,981;11001
10568,981;73
10569,981;71
10570,981;68
10571,981;79
10572,981;80
10573,981;11013
10574,981;70
10575,981;81
10576,981;90
10577,981;70
10578,981;74
10579,981;10984
10580,981;72
10581,981;76
10582,981;69
10583,981;91
10584,981;74
10585,981;11015
10586,981;62
10587,981;65
10588,981;96
10589,981;81
10590,981;65
10591,981;11043
10592,981;66
10593,981;70
10594,981;87
10595,981;92
10596,981;88
10597,981;11009
10598,981;75
10599,981;63
10600,981;67
10601,981;69
10602,981;75
10603,981;10979
10604,981;63
10605,981;87
10606,981;77
10607,981;86
10608,981;89
10609,981;11031
10610,981;76
10611,981;69
10612,981;75
10613,981;81
10614,981;85
10615,981;11017
10616,981;76
10617,981;63
10618,981;92
10619,981;72
10620,981;64
10621,981;11007
10622,981;70
10623,981;80
10624,981;70
10625,981;77
10626,981;68
10627,981;11018
10628,981;65
10629,981;78
10630,981;74
10631,981;81
10632,981;75
10633,981;10977
10634,981;65
10635,981;53
10636,981;74
10637,981;69
10638,981;91
10639,981;10680
10640,981;79
10641,981;69
10642,981;78
10643,981;80
10644,981;70
10645,981;10940
10646,981;84
10647,981;86
10648,981;69
10649,981;79
10650,981;71
10651,981;11007
10652,981;59
10653,981;69
10654,981;72
10655,981;60
10656,981;73
10657,981;11002
10658,981;59
10659,981;64
10660,981;74
10661,981;64
10662,981;61
10663,981;10998
10664,981;71
10665,981;64
10666,981;58
10667,981;76
10668,981;79
10669,981;11040
10670,981;78
10671,981;77
10672,981;75
10673,981;84
10674,981;89
10675,981;10987
10676,981;85
10677,981;59
10678,981;69
10679,981;72
10680,981;77
10681,981;11000
10682,981;89
10683,981;58
10684,981;94
10685,981;78
10686,981;76
10687,981;11013
10688,981;74
10689,981;72
10690,981;75
10691,981;78
10692,981;73
10693,981;11019
10694,981;78
10695,981;82
10696,981;77
10697,981;74
10698,981;65
10699,981;11017
10700,981;66
10701,981;76
10702,981;77
10703,981;68
10704,981;75
10705,981;11039
10706,981;81
10708,86;59
10709,86;95
10710,86;93
10711,86;75
10712,86;10990
10713,86;66
10714,86;68
10715,86;91
10716,86;80
10717,86;67
10718,86;11021
10719,86;71
10720,86;65
10721,86;66
10722,86;71
10723,86;62
10724,86;11012
10725,86;65
10726,86;61
10727,86;72
10728,86;65
10729,86;79
10730,86;10985
10731,86;56
10732,86;58
10733,86;76
10734,86;74
10735,86;63
10736,86;11029
10737,86;76
10738,86;82
10739,86;66
10740,86;78
10741,86;74
10742,86;11025
10743,86;67
10744,86;85
10745,86;75
10746,86;77
10747,86;78
10748,86;10976
10749,86;67
10750,86;76
10751,86;83
10752,86;70
10753,86;81
10754,86;10992
10755,86;65
10756,86;56
10757,86;76
10758,86;77
10759,86;88
10760,86;10989
10761,86;71
10762,86;77
10763,86;66
10764,86;79
10765,86;75
10766,86;11018
10767,86;82
10768,86;64
10769,86;82
10770,86;85
10771,86;67
10772,86;11010
10773,86;87
10774,86;56
10775,86;76
10776,86;86
10777,86;65
10778,86;10998
10779,86;65
10780,86;86
10781,86;73
10782,86;70
10783,86;89
10784,86;11012
10785,86;65
10786,86;71
10787,86;77
10788,86;75
10789,86;82
10790,86;11003
10791,86;65
10792,86;91
10793,86;79
10794,86;69
10795,86;89
10796,86;11000
10797,86;65
10798,86;86
10799,86;75
10800,86;83
10801,86;77
10802,86;11018
10803,86;60
10804,86;61
10805,86;78
10806,86;69
10807,86;73
10808,86;11013
10809,36;66
10810,36;56
10811,36;66
10812,36;79
10813,36;68
10814,36;10988
10815,36;54
10816,36;72
10817,36;94
10818,36;76
10819,36;73
10820,36;11013
10821,36;56
10822,36;67
10823,36;55
10824,36;79
10825,36;70
10826,36;10996
10827,36;52
10828,36;62
10829,36;77
10830,36;63
10831,36;76
10832,36;10988
10833,36;64
10834,36;68
10835,36;73
10836,36;68
10837,36;75
10838,36;11016
10839,36;67
10840,36;70
10841,36;66
10842,36;77
10843,36;80
10844,36;10956
10845,36;78
10846,36;76
10847,36;75
10848,36;76
10849,36;56
10850,36;11021
10851,36;67
10852,36;71
10853,36;67
10854,36;61
10855,36;94
10856,36;11020
10857,36;60
10858,36;63
10859,36;60
10860,36;67
10861,36;70
10862,36;10997
10863,36;59
10864,36;69
10865,36;80
10866,36;71
10867,36;77
10868,36;10984
10869,36;71
10870,36;81
10871,36;73
10872,36;89
10873,36;61
10874,36;10995
10875,36;62
10876,36;65
10877,36;59
10878,36;83
10879,36;78
10880,36;11009
10881,36;70
10882,36;64
10883,36;62
10884,36;61
10885,36;65
10886,36;11012
10887,36;76
10888,36;82
10889,36;65
10890,36;72
10891,36;68
10892,36;10971
10893,36;61
10894,36;58
10895,36;66
10896,36;64
10897,36;86
10898,36;11003
10899,36;51
10900,36;55
10901,36;78
10902,36;67
10903,36;77
10904,36;11011
10905,36;76
10906,36;54
10907,36;72
10908,36;69
10909,36;80
10909,61;11019
10910,61;74
10911,61;63
10912,61;55
10913,61;69
10914,61;79
10915,61;11012
10916,61;74
10917,61;56
10918,61;63
10919,61;70
10920,61;83
10921,61;11001
10922,61;82
10923,61;73
10924,61;61
10925,61;96
10926,61;71
10927,61;10967
10928,61;61
10929,61;65
10930,61;59
10931,61;59
10932,61;68
10933,61;10984
10934,61;60
10935,61;63
10936,61;54
10937,61;73
10938,61;77
10939,61;11011
10940,61;61
10941,61;53
10942,61;69
10943,61;62
10944,61;73
10945,61;10995
10946,61;58
10947,61;56
10948,61;70
10949,61;56
10950,61;83
10951,61;10664
10952,61;49
10953,61;70
10954,61;56
10955,61;62
10956,61;75
10957,61;10945
10958,61;65
10959,61;67
10960,61;64
10961,61;67
10962,61;65
10963,61;11002
10964,61;57
10965,61;60
10966,61;67
10967,61;71
10968,61;76
10969,61;11019
10970,61;71
10971,61;63
10972,61;78
10973,61;65
10974,61;60
10975,61;10997
10976,61;65
10977,61;56
10978,61;55
10979,61;70
10980,61;84
10981,61;11019
10982,61;51
10983,61;60
10984,61;75
10985,61;60
10986,61;70
10987,61;10998
10988,61;53
10989,61;70
10990,61;67
10991,61;69
10992,61;83
10993,61;11001
10994,61;87
10995,61;61
10996,61;75
10997,61;67
10998,61;74
10999,61;10987
11000,61;53
11001,61;72
11002,61;66
11003,61;75
11004,61;87
11005,61;10994
11006,61;62
11007,61;64
11008,61;74
11009,61;63
11011,573;72
11012,573;11004
11013,573;67
11014,573;68
11015,573;83
11016,573;57
11017,573;57
11018,573;11048
11019,573;55
11020,573;86
11021,573;56
11022,573;85
11023,573;70
11024,573;10972
11025,573;58
11026,573;67
11027,573;62
11028,573;55
11029,573;70
11030,573;11016
11031,573;70
11032,573;67
11033,573;60
11034,573;63
11035,573;80
11036,573;10987
11037,573;65
11038,573;76
11039,573;69
11040,573;83
11041,573;84
11042,573;11034
11043,573;71
11044,573;60
11045,573;58
11046,573;73
11047,573;65
11048,573;11023
11049,573;68
11050,573;79
11051,573;74
11052,573;79
11053,573;76
11054,573;11006
11055,573;73
11056,573;69
11057,573;60
11058,573;71
11059,573;81
11060,573;11017
11061,573;64
11062,573;84
11063,573;79
11064,573;78
11065,573;65
11066,573;11001
11067,573;58
11068,573;70
11069,573;56
11070,573;68
11071,573;75
11072,573;11039
11073,573;67
11074,573;54
11075,573;89
11076,573;59
11077,573;58
11078,573;10999
11079,573;70
11080,573;64
11081,573;86
11082,573;79
11083,573;77
11084,573;11023
11085,573;71
11086,573;71
11087,573;78
11088,573;59
11089,573;68
11090,573;10993
11091,573;79
11092,573;79
11093,573;89
11094,573;82
11095,573;75
11096,573;10999
11097,573;67
11098,573;63
11099,573;77
11100,573;64
11101,573;62
11102,573;11015
11103,573;64
11104,573;72
11105,573;77
11106,573;84
11107,573;65
11108,573;11022
11109,573;62
11110,573;59
11111,573;69
11111,785;83
11112,785;64
11113,785;10988
11114,785;53
11115,785;72
11116,785;62
11117,785;62
11118,785;69
11119,785;11023
11120,785;63
11121,785;71
11122,785;82
11123,785;75
11124,785;76
11125,785;11020
11126,785;67
11127,785;72
11128,785;65
11129,785;76
11130,785;80
11131,785;11051
11132,785;81
11133,785;70
11134,785;81
11135,785;70
11136,785;70
11137,785;11002
11138,785;69
11139,785;69
11140,785;76
11141,785;84
11142,785;90
11143,785;10985
11144,785;60
11145,785;62
11146,785;63
11147,785;79
11148,785;67
11149,785;10998
11150,785;76
11151,785;56
11152,785;72
11153,785;85
11154,785;80
11155,785;11011
11156,785;67
11157,785;75
11158,785;80
11159,785;69
11160,785;73
11161,785;11041
11162,785;77
11163,785;76
11164,785;60
11165,785;66
11166,785;92
11167,785;10988
11168,785;52
11169,785;73
11170,785;79
11171,785;80
11172,785;72
11173,785;11014
11174,785;68
11175,785;70
11176,785;66
11177,785;75
11178,785;67
11179,785;11024
11180,785;61
11181,785;73
11182,785;72
11183,785;89
11184,785;81
11185,785;11034
11186,785;67
11187,785;67
11188,785;66
11189,785;79
11190,785;71
11191,785;11023
11192,785;69
11193,785;59
11194,785;80
11195,785;69
11196,785;81
11197,785;11044
11198,785;65
11199,785;51
11200,785;74
11201,785;98
11202,785;74
11203,785;11026
11204,785;59
11205,785;72
11206,785;61
11207,785;88
11208,785;92
11209,785;11011
11210,785;69
11211,785;74
11213,785;75
11214,785;97
11215,785;84
11216,785;11028
11217,785;60
11218,785;76
11219,785;73
11220,785;69
11221,785;94
11222,785;11039
11223,785;75
11224,785;77
11225,785;69
11226,785;72
11227,785;70
11228,785;10999
11229,785;70
11230,785;77
11231,785;77
11232,785;58
11233,785;82
11234,785;11043
11235,785;99
11236,785;72
11237,785;69
11238,785;72
11239,785;78
11240,785;11030
11241,785;62
11242,785;81
11243,785;78
11244,785;75
11245,785;79
11246,785;11044
11247,785;81
11248,785;71
11249,785;79
11250,785;64
11251,785;79
11252,785;11035
11253,785;80
11254,785;76
11255,785;65
11256,785;80
11257,785;79
11258,785;10993
11259,785;72
11260,785;74
11261,785;82
11262,785;72
11263,785;76
11264,785;10641
11265,785;74
11266,785;68
11267,785;54
11268,785;73
11269,785;76
11270,785;10958
11271,785;58
11272,785;73
11273,785;73
11274,785;76
11275,785;82
11276,785;11049
11277,785;72
11278,785;73
11279,785;81
11280,785;63
11281,785;72
11282,785;11047
11283,785;85
11284,785;71
11285,785;83
11286,785;76
11287,785;67
11288,785;11006
11289,785;60
11290,785;74
11291,785;69
11292,785;76
11293,785;93
11294,785;11017
11295,785;75
11296,785;68
11297,785;74
11298,785;79
11299,785;71
11300,785;11010
11301,785;65
11302,785;72
11303,785;64
11304,785;75
11305,785;68
11306,785;10989
11307,785;76
11308,785;62
11309,785;66
11310,785;68
11311,785;84
11312,785;11012
11313,785;64
11314,733;66
11315,733;70
11316,733;75
11317,733;73
11318,733;11008
11319,733;61
11320,733;61
11321,733;72
11322,733;80
11323,733;86
11324,733;10993
11325,733;70
11326,733;74
11327,733;76
11328,733;72
11329,733;68
11330,733;11035
11331,733;76
11332,733;78
11333,733;83
11334,733;80
11335,733;94
11336,733;11022
11337,733;79
11338,733;66
11339,733;83
11340,733;68
11341,733;88
11342,733;11049
11343,733;66
11344,733;73
11345,733;80
11346,733;84
11347,733;73
11348,733;11010
11349,733;60
11350,733;63
11351,733;89
11352,733;77
11353,733;80
11354,733;11006
11355,733;76
11356,733;64
11357,733;69
11358,733;71
11359,733;84
11360,733;10981
11361,733;67
11362,733;75
11363,733;73
11364,733;80
11365,733;85
11366,733;11056
11367,733;55
11368,733;68
11369,733;71
11370,733;73
11371,733;89
11372,733;11059
11373,733;63
11374,733;77
11375,733;70
11376,733;59
11377,733;80
11378,733;11028
11379,733;76
11380,733;78
11381,733;82
11382,733;66
11383,733;76
11384,733;11007
11385,733;69
11386,733;73
11387,733;68
11388,733;68
11389,733;81
11390,733;11010
11391,733;72
11392,733;75
11393,733;91
11394,733;68
11395,733;92
11396,733;11013
11397,733;71
11398,733;65
11399,733;62
11400,733;77
11401,733;73
11402,733;11012
11403,733;59
11404,733;70
11405,733;73
11406,733;86
11407,733;83
11408,733;11020
11409,733;70
11410,733;81
11411,733;82
11412,733;74
11413,733;79
11414,733;11029
11415,704;52
11416,704;70
11417,704;82
11418,704;66
11419,704;60
11420,704;11005
11421,704;80
11422,704;73
11423,704;80
11424,704;74
11425,704;69
11426,704;11053
11427,704;61
11428,704;84
11429,704;78
11430,704;64
11431,704;54
11432,704;10998
11433,704;67
11434,704;72
11435,704;59
11436,704;79
11437,704;65
11438,704;11040
11439,704;62
11440,704;68
11441,704;61
11442,704;71
11443,704;92
11444,704;10985
11445,704;63
11446,704;63
11447,704;67
11448,704;79
11449,704;84
11450,704;11004
11451,704;86
11452,704;81
11453,704;77
11454,704;81
11455,704;77
11456,704;11047
11457,704;96
11458,704;70
11459,704;71
11460,704;69
11461,704;70
11462,704;11007
11463,704;79
11464,704;52
11465,704;65
11466,704;68
11467,704;85
11468,704;11016
11469,704;70
11470,704;73
11471,704;87
11472,704;70
11473,704;78
11474,704;10965
11475,704;69
11476,704;62
11477,704;76
11478,704;73
11479,704;91
11480,704;11009
11481,704;74
11482,704;62
11483,704;74
11484,704;72
11485,704;84
11486,704;11020
11487,704;67
11488,704;66
11489,704;79
11490,704;81
11491,704;67
11492,704;11045
11493,704;59
11494,704;65
11495,704;68
11496,704;76
11497,704;67
11498,704;11010
11499,704;69
11500,704;69
11501,704;71
11502,704;71
11503,704;61
11504,704;11007
11505,704;63
11506,704;57
11507,704;74
11508,704;88
11509,704;72
11510,704;10981
11511,704;66
11512,704;79
11513,704;73
11514,704;67
11515,704;70
11516,86;10998
11517,86;55
11518,86;66
11519,86;61
11520,86;66
11521,86;69
11522,86;11014
11523,86;68
11524,86;63
11525,86;56
11526,86;70
11527,86;65
11528,86;11011
11529,86;71
11530,86;66
11531,86;71
11532,86;69
11533,86;64
11534,86;10989
11535,86;53
11536,86;76
11537,86;63
11538,86;76
11539,86;75
11540,86;11013
11541,86;56
11542,86;67
11543,86;83
11544,86;66
11545,86;65
11546,86;11036
11547,86;58
11548,86;83
11549,86;85
11550,86;66
11551,86;71
11552,86;11016
11553,86;68
11554,86;67
11555,86;70
11556,86;75
11557,86;67
11558,86;11003
11559,86;60
11560,86;61
11561,86;56
11562,86;67
11563,86;68
11564,86;10992
11565,86;56
11566,86;58
11567,86;66
11568,86;64
11569,86;80
11570,86;11008
11571,86;72
11572,86;69
11573,86;60
11574,86;66
11575,86;58
11576,86;10665
11577,86;62
11578,86;63
11579,86;45
11580,86;77
11581,86;64
11582,86;10938
11583,86;59
11584,86;58
11585,86;69
11586,86;64
11587,86;81
11588,86;10998
11589,86;67
11590,86;68
11591,86;58
11592,86;67
11593,86;65
11594,86;11004
11595,86;57
11596,86;69
11597,86;73
11598,86;68
11599,86;77
11600,86;10962
11601,86;53
11602,86;70
11603,86;74
11604,86;55
11605,86;73
11606,86;10995
11607,86;57
11608,86;62
11609,86;68
11610,86;64
11611,86;70
11612,86;11020
11613,86;60
11614,86;75
11615,86;65
11616,86;60
11617,59;70
11618,59;10984
11619,59;57
11620,59;59
11621,59;68
11622,59;60
11623,59;60
11624,59;11008
11625,59;65
11626,59;86
11627,59;71
11628,59;63
11629,59;52
11630,59;11024
11631,59;59
11632,59;52
11633,59;58
11634,59;69
11635,59;81
11636,59;10997
11637,59;66
11638,59;63
11639,59;77
11640,59;63
11641,59;80
11642,59;11051
11643,59;65
11644,59;64
11645,59;71
11646,59;64
11647,59;69
11648,59;10980
11649,59;64
11650,59;65
11651,59;80
11652,59;68
11653,59;83
11654,59;11015
11655,59;71
11656,59;73
11657,59;92
11658,59;90
11659,59;83
11660,59;11005
11661,59;70
11662,59;75
11663,59;56
11664,59;69
11665,59;77
11666,59;11010
11667,59;54
11668,59;65
11669,59;72
11670,59;69
11671,59;69
11672,59;10998
11673,59;68
11674,59;73
11675,59;62
11676,59;78
11677,59;82
11678,59;11002
11679,59;71
11680,59;69
11681,59;72
11682,59;79
11683,59;70
11684,59;10997
11685,59;84
11686,59;83
11687,59;75
11688,59;85
11689,59;64
11690,59;11019
11691,59;74
11692,59;64
11693,59;70
11694,59;57
11695,59;81
11696,59;11004
11697,59;63
11698,59;70
11699,59;75
11700,59;81
11701,59;66
11702,59;11015
11703,59;58
11704,59;69
11705,59;59
11706,59;62
11707,59;70
11708,59;11021
11709,59;48
11710,59;76
11711,59;62
11712,59;81
11713,59;62
11714,59;10997
11715,59;74
11716,59;55
11717,59;75
11718,59;65
11719,59;90
11720,59;11012
11721,59;71
11722,59;83
11723,59;77
11724,59;88
11725,59;80
11726,59;11035
11727,59;77
11728,59;69
11729,59;71
11730,59;82
11731,59;91
11732,59;11024
11733,59;68
11734,59;66
11735,59;54
11736,59;74
11737,59;87
11738,59;11040
11739,59;60
11740,59;71
11741,59;76
11742,59;82
11743,59;75
11744,59;11035
11745,59;70
11746,59;74
11747,59;76
11748,59;97
11749,59;71
11750,59;11030
11751,59;70
11752,59;79
11753,59;81
11754,59;72
11755,59;84
11756,59;11017
11757,59;60
11758,59;65
11759,59;88
11760,59;86
11761,59;73
11762,59;10988
11763,59;62
11764,59;63
11765,59;89
11766,59;64
11767,59;75
11768,59;11037
11769,59;58
11770,59;81
11771,59;68
11772,59;71
11773,59;78
11774,59;11012
11775,59;74
11776,59;64
11777,59;55
11778,59;71
11779,59;80
11780,59;11018
11781,59;79
11782,59;75
11783,59;77
11784,59;70
11785,59;78
11786,59;11023
11787,59;57
11788,59;61
11789,59;92
11790,59;76
11791,59;52
11792,59;11004
11793,59;86
11794,59;64
11795,59;76
11796,59;76
11797,59;78
11798,59;11010
11799,59;57
11800,59;68
11801,59;65
11802,59;83
11803,59;83
11804,59;11018
11805,59;70
11806,59;77
11807,59;53
11808,59;71
11809,59;82
11810,59;11023
11811,59;76
11812,59;67
11813,59;78
11814,59;74
11815,59;69
11816,59;11053
11817,59;62
11818,59;99
11819,875;84
11820,875;73
11821,875;78
11822,875;11025
11823,875;71
11824,875;49
11825,875;87
11826,875;76
11827,875;89
11828,875;11040
11829,875;73
11830,875;65
11831,875;83
11832,875;69
11833,875;62
11834,875;11014
11835,875;69
11836,875;64
11837,875;87
11838,875;88
11839,875;61
11840,875;11072
11841,875;75
11842,875;78
11843,875;72
11844,875;85
11845,875;76
11846,875;11035
11847,875;71
11848,875;67
11849,875;68
11850,875;95
11851,875;76
11852,875;11037
11853,875;60
11854,875;74
11855,875;78
11856,875;64
11857,875;73
11858,875;11041
11859,875;59
11860,875;78
11861,875;62
11862,875;71
11863,875;80
11864,875;11009
11865,875;70
11866,875;74
11867,875;76
11868,875;96
11869,875;89
11870,875;11049
11871,875;69
11872,875;65
11873,875;67
11874,875;64
11875,875;69
11876,875;11017
11877,875;79
11878,875;63
11879,875;65
11880,875;89
11881,875;62
11882,875;11022
11883,875;81
11884,875;83
11885,875;62
11886,875;83
11887,875;75
11888,875;10684
11889,875;75
11890,875;71
11891,875;85
11892,875;79
11893,875;72
11894,875;10961
11895,875;66
11896,875;74
11897,875;74
11898,875;84
11899,875;77
11900,875;11012
11901,875;67
11902,875;75
11903,875;63
11904,875;86
11905,875;90
11906,875;11037
11907,875;72
11908,875;76
11909,875;60
11910,875;74
11911,875;88
11912,875;11018
11913,875;61
11914,875;72
11915,875;73
11916,875;66
11917,875;83
11918,875;11016
11919,875;66
11920,278;76
11921,278;84
11922,278;90
11923,278;79
11924,278;11012
11925,278;81
11926,278;58
11927,278;70
11928,278;82
11929,278;64
11930,278;11036
11931,278;67
11932,278;73
11933,278;72
11934,278;78
11935,278;71
11936,278;11040
11937,278;66
11938,278;55
11939,278;67
11940,278;76
11941,278;91
11942,278;11001
11943,278;65
11944,278;75
11945,278;69
11946,278;75
11947,278;74
11948,278;11014
11949,278;72
11950,278;63
11951,278;83
11952,278;62
11953,278;82
11954,278;11042
11955,278;63
11956,278;77
11957,278;77
11958,278;73
11959,278;75
11960,278;11022
11961,278;81
11962,278;72
11963,278;71
11964,278;86
11965,278;70
11966,278;10983
11967,278;84
11968,278;50
11969,278;85
11970,278;97
11971,278;74
11972,278;11019
11973,278;74
11974,278;75
11975,278;78
11976,278;80
11977,278;70
11978,278;11009
11979,278;75
11980,278;75
11981,278;70
11982,278;64
11983,278;76
11984,278;10981
11985,278;73
11986,278;68
11987,278;68
11988,278;78
11989,278;80
11990,278;10982
11991,278;66
11992,278;64
11993,278;83
11994,278;76
11995,278;79
11996,278;11015
11997,278;80
11998,278;63
11999,278;77
12000,278;61
12001,278;61
12002,278;11017
12003,278;68
12004,278;71
12005,278;66
12006,278;81
12007,278;75
12008,278;10951
12009,278;81
12010,278;73
12011,278;83
12012,278;77
12013,278;76
12014,278;11001
12015,278;57
12016,278;76
12017,278;66
12018,278;89
12019,278;107
12020,278;10998
12020,579;70
12021,579;73
12022,579;69
12023,579;66
12024,579;69
12025,579;11034
12026,579;61
12027,579;83
12028,579;66
12029,579;77
12030,579;76
12031,579;11032
12032,579;97
12033,579;52
12034,579;74
12035,579;70
12036,579;69
12037,579;11035
12038,579;74
12039,579;73
12040,579;71
12041,579;70
12042,579;67
12043,579;11020
12044,579;67
12045,579;66
12046,579;62
12047,579;75
12048,579;78
12049,579;11001
12050,579;66
12051,579;80
12052,579;78
12053,579;63
12054,579;67
12055,579;11021
12056,579;66
12057,579;71
12058,579;65
12059,579;74
12060,579;63
12061,579;10998
12062,579;71
12063,579;59
12064,579;74
12065,579;55
12066,579;81
12067,579;10980
12068,579;68
12069,579;65
12070,579;83
12071,579;76
12072,579;68
12073,579;11018
12074,579;57
12075,579;81
12076,579;90
12077,579;75
12078,579;78
12079,579;11028
12080,579;64
12081,579;51
12082,579;80
12083,579;88
12084,579;86
12085,579;10973
12086,579;66
12087,579;87
12088,579;90
12089,579;67
12090,579;76
12091,579;11003
12092,579;55
12093,579;74
12094,579;73
12095,579;72
12096,579;81
12097,579;11010
12098,579;73
12099,579;68
12100,579;67
12101,579;64
12102,579;67
12103,579;11007
12104,579;74
12105,579;75
12106,579;62
12107,579;67
12108,579;75
12109,579;11022
12110,579;65
12111,579;65
12112,579;71
12113,579;59
12114,579;85
12115,579;11009
12116,579;71
12117,579;66
12118,579;63
12119,579;76
12120,579;71
12122,86;11033
12123,86;72
12124,86;71
12125,86;74
12126,86;71
12127,86;91
12128,86;10992
12129,86;61
12130,86;61
12131,86;68
12132,86;71
12133,86;75
12134,86;11016
12135,86;56
12136,86;68
12137,86;64
12138,86;64
12139,86;69
12140,86;11001
12141,86;86
12142,86;66
12143,86;68
12144,86;83
12145,86;76
12146,86;11018
12147,86;65
12148,86;67
12149,86;79
12150,86;72
12151,86;71
12152,86;11013
12153,86;72
12154,86;70
12155,86;68
12156,86;67
12157,86;78
12158,86;11011
12159,86;56
12160,86;70
12161,86;57
12162,86;53
12163,86;67
12164,86;11031
12165,86;52
12166,86;81
12167,86;77
12168,86;73
12169,86;63
12170,86;10998
12171,86;56
12172,86;61
12173,86;73
12174,86;67
12175,86;58
12176,86;10988
12177,86;62
12178,86;71
12179,86;67
12180,86;60
12181,86;71
12182,86;11014
12183,86;60
12184,86;67
12185,86;50
12186,86;62
12187,86;65
12188,86;10999
12189,86;61
12190,86;75
12191,86;63
12192,86;51
12193,86;62
12194,86;11024
12195,86;66
12196,86;63
12197,86;68
12198,86;62
12199,86;64
12200,86;10680
12201,86;60
12202,86;70
12203,86;51
12204,86;76
12205,86;65
12206,86;10911
12207,86;59
12208,86;69
12209,86;62
12210,86;70
12211,86;76
12212,86;10957
12213,86;74
12214,86;68
12215,86;54
12216,86;83
12217,86;58
12218,86;11002
12219,86;61
12220,86;73
12221,86;62
12222,86;66
12223,86;63
12224,86;11041
12225,86;60
12226,86;70
12227,86;74
12228,86;64
12229,86;66
12230,86;11039
12231,86;61
12232,86;63
12233,86;56
12234,86;93
12235,86;63
12236,86;11003
12237,86;67
12238,86;82
12239,86;60
12240,86;58
12241,86;78
12242,86;11019
12243,86;63
12244,86;79
12245,86;52
12246,86;62
12247,86;70
12248,86;10976
12249,86;76
12250,86;72
12251,86;76
12252,86;72
12253,86;59
12254,86;11006
12255,86;52
12256,86;77
12257,86;61
12258,86;67
12259,86;79
12260,86;11005
12261,86;77
12262,86;56
12263,86;76
12264,86;70
12265,86;75
12266,86;11047
12267,86;51
12268,86;82
12269,86;69
12270,86;92
12271,86;70
12272,86;10995
12273,86;60
12274,86;69
12275,86;80
12276,86;77
12277,86;76
12278,86;11038
12279,86;74
12280,86;76
12281,86;56
12282,86;73
12283,86;86
12284,86;11010
12285,86;49
12286,86;68
12287,86;66
12288,86;66
12289,86;72
12290,86;10995
12291,86;57
12292,86;49
12293,86;64
12294,86;68
12295,86;75
12296,86;11013
12297,86;76
12298,86;68
12299,86;70
12300,86;58
12301,86;74
12302,86;11017
12303,86;72
12304,86;77
12305,86;85
12306,86;71
12307,86;63
12308,86;11003
12309,86;61
12310,86;52
12311,86;69
12312,86;80
12313,86;72
12314,86;11029
12315,86;73
12316,86;84
12317,86;80
12318,86;65
12319,86;83
12320,86;11007
12321,86;56
12322,86;76
12323,86;83
12324,716;57
12325,716;80
12326,716;11026
12327,716;71
12328,716;61
12329,716;78
12330,716;78
12331,716;74
12332,716;11031
12333,716;70
12334,716;74
12335,716;77
12336,716;73
12337,716;89
12338,716;11003
12339,716;73
12340,716;59
12341,716;80
12342,716;79
12343,716;66
12344,716;11021
12345,716;57
12346,716;64
12347,716;80
12348,716;65
12349,716;77
12350,716;11029
12351,716;53
12352,716;69
12353,716;73
12354,716;58
12355,716;78
12356,716;11023
12357,716;70
12358,716;89
12359,716;85
12360,716;75
12361,716;81
12362,716;11012
12363,716;74
12364,716;75
12365,716;70
12366,716;71
12367,716;87
12368,716;10998
12369,716;68
12370,716;88
12371,716;76
12372,716;62
12373,716;75
12374,716;11022
12375,716;58
12376,716;86
12377,716;77
12378,716;79
12379,716;92
12380,716;11008
12381,716;61
12382,716;61
12383,716;76
12384,716;53
12385,716;76
12386,716;11019
12387,716;66
12388,716;72
12389,716;71
12390,716;70
12391,716;91
12392,716;11002
12393,716;69
12394,716;84
12395,716;65
12396,716;70
12397,716;76
12398,716;11046
12399,716;65
12400,716;89
12401,716;64
12402,716;84
12403,716;81
12404,716;11006
12405,716;71
12406,716;58
12407,716;68
12408,716;85
12409,716;78
12410,716;11021
12411,716;60
12412,716;69
12413,716;62
12414,716;78
12415,716;78
12416,716;11030
12417,716;80
12418,716;67
12419,716;61
12420,716;55
12421,716;73
12422,716;11018
12423,716;61
12424,716;69
12425,525;58
12426,525;72
12427,525;83
12428,525;11037
12429,525;63
12430,525;73
12431,525;85
12432,525;67
12433,525;64
12434,525;11012
12435,525;55
12436,525;68
12437,525;74
12438,525;72
12439,525;71
12440,525;11038
12441,525;65
12442,525;65
12443,525;69
12444,525;82
12445,525;100
12446,525;11012
12447,525;65
12448,525;71
12449,525;76
12450,525;68
12451,525;67
12452,525;11039
12453,525;80
12454,525;71
12455,525;84
12456,525;71
12457,525;60
12458,525;11036
12459,525;69
12460,525;81
12461,525;88
12462,525;60
12463,525;90
12464,525;11022
12465,525;63
12466,525;76
12467,525;68
12468,525;78
12469,525;68
12470,525;11035
12471,525;75
12472,525;69
12473,525;82
12474,525;79
12475,525;82
12476,525;11010
12477,525;54
12478,525;68
12479,525;91
12480,525;75
12481,525;67
12482,525;11049
12483,525;64
12484,525;76
12485,525;77
12486,525;82
12487,525;99
12488,525;11016
12489,525;83
12490,525;82
12491,525;80
12492,525;82
12493,525;84
12494,525;11016
12495,525;51
12496,525;69
12497,525;63
12498,525;81
12499,525;62
12500,525;11065
12501,525;67
12502,525;71
12503,525;80
12504,525;80
12505,525;93
12506,525;11039
12507,525;61
12508,525;66
12509,525;66
12510,525;79
12511,525;81
12512,525;10696
12513,525;65
12514,525;83
12515,525;85
12516,525;75
12517,525;80
12518,525;10953
12519,525;67
12520,525;68
12521,525;69
12522,525;77
12523,525;75
12524,525;11040
12525,525;60
12526,78;64
12527,78;78
12528,78;85
12529,78;78
12530,78;11029
12531,78;62
12532,78;68
12533,78;69
12534,78;69
12535,78;70
12536,78;11042
12537,78;89
12538,78;72
12539,78;75
12540,78;74
12541,78;75
12542,78;11007
12543,78;51
12544,78;54
12545,78;71
12546,78;78
12547,78;72
12548,78;11033
12549,78;81
12550,78;70
12551,78;75
12552,78;84
12553,78;86
12554,78;10989
12555,78;90
12556,78;71
12557,78;72
12558,78;66
12559,78;87
12560,78;11045
12561,78;78
12562,78;72
12563,78;80
12564,78;82
12565,78;82
12566,78;11030
12567,78;66
12568,78;65
12569,78;69
12570,78;74
12571,78;75
12572,78;10976
12573,78;68
12574,78;82
12575,78;80
12576,78;72
12577,78;83
12578,78;11020
12579,78;74
12580,78;82
12581,78;75
12582,78;74
12583,78;76
12584,78;11046
12585,78;89
12586,78;73
12587,78;63
12588,78;91
12589,78;86
12590,78;11041
12591,78;71
12592,78;50
12593,78;69
12594,78;65
12595,78;70
12596,78;11056
12597,78;70
12598,78;86
12599,78;60
12600,78;84
12601,78;89
12602,78;11000
12603,78;69
12604,78;70
12605,78;83
12606,78;85
12607,78;76
12608,78;10995
12609,78;68
12610,78;60
12611,78;75
12612,78;80
12613,78;77
12614,78;11044
12615,78;65
12616,78;74
12617,78;79
12618,78;70
12619,78;74
12620,78;11021
12621,78;54
12622,78;79
12623,78;86
12624,78;78
12625,78;69
12626,78;11024
12626,8;69
12627,8;64
12628,8;60
12629,8;68
12630,8;61
12631,8;11031
12632,8;69
12633,8;83
12634,8;73
12635,8;66
12636,8;65
12637,8;10986
12638,8;80
12639,8;71
12640,8;71
12641,8;75
12642,8;62
12643,8;11012
12644,8;69
12645,8;81
12646,8;69
12647,8;74
12648,8;88
12649,8;10964
12650,8;62
12651,8;74
12652,8;68
12653,8;71
12654,8;68
12655,8;11044
12656,8;60
12657,8;77
12658,8;68
12659,8;50
12660,8;81
12661,8;11014
12662,8;77
12663,8;66
12664,8;75
12665,8;72
12666,8;71
12667,8;11019
12668,8;74
12669,8;68
12670,8;59
12671,8;72
12672,8;64
12673,8;11007
12674,8;87
12675,8;77
12676,8;58
12677,8;61
12678,8;62
12679,8;11024
12680,8;80
12681,8;80
12682,8;87
12683,8;81
12684,8;76
12685,8;10968
12686,8;64
12687,8;57
12688,8;74
12689,8;57
12690,8;71
12691,8;11015
12692,8;62
12693,8;75
12694,8;89
12695,8;75
12696,8;73
12697,8;11039
12698,8;70
12699,8;65
12700,8;76
12701,8;63
12702,8;67
12703,8;11051
12704,8;63
12705,8;58
12706,8;54
12707,8;62
12708,8;79
12709,8;10991
12710,8;59
12711,8;61
12712,8;70
12713,8;64
12714,8;78
12715,8;10990
12716,8;58
12717,8;55
12718,8;81
12719,8;57
12720,8;85
12721,8;11012
12722,8;58
12723,8;70
12724,8;68
12725,8;81
12726,8;71
12727,8;10998
12728,8;60
12729,8;58
12730,8;72
12731,8;76
12732,8;70
12733,8;11044
12734,8;64
12735,8;78
12736,8;69
12737,8;82
12738,8;73
12739,8;11025
12740,8;55
12741,8;52
12742,8;67
12743,8;54
12744,8;61
12745,8;11026
12746,8;60
12747,8;67
12748,8;58
12749,8;82
12750,8;74
12751,8;10998
12752,8;53
12753,8;58
12754,8;75
12755,8;67
12756,8;86
12757,8;11005
12758,8;71
12759,8;75
12760,8;69
12761,8;59
12762,8;65
12763,8;11009
12764,8;63
12765,8;70
12766,8;65
12767,8;75
12768,8;89
12769,8;11009
12770,8;54
12771,8;60
12772,8;53
12773,8;70
12774,8;73
12775,8;11024
12776,8;56
12777,8;65
12778,8;73
12779,8;74
12780,8;63
12781,8;10957
12782,8;57
12783,8;77
12784,8;69
12785,8;64
12786,8;83
12787,8;10987
12788,8;71
12789,8;64
12790,8;61
12791,8;54
12792,8;65
12793,8;11020
12794,8;74
12795,8;69
12796,8;74
12797,8;84
12798,8;75
12799,8;10989
12800,8;51
12801,8;58
12802,8;57
12803,8;46
12804,8;59
12805,8;10981
12806,8;48
12807,8;55
12808,8;59
12809,8;66
12810,8;79
12811,8;11025
12812,8;51
12813,8;60
12814,8;55
12815,8;71
12816,8;64
12817,8;11024
12818,8;64
12819,8;61
12820,8;72
12821,8;66
12822,8;68
12823,8;10704
12824,8;59
12825,8;54
12826,8;69
12827,8;82
12829,721;72
12830,721;10948
12831,721;66
12832,721;49
12833,721;69
12834,721;62
12835,721;70
12836,721;11006
12837,721;67
12838,721;62
12839,721;57
12840,721;61
12841,721;66
12842,721;10984
12843,721;70
12844,721;66
12845,721;71
12846,721;76
12847,721;55
12848,721;11014
12849,721;67
12850,721;60
12851,721;72
12852,721;63
12853,721;78
12854,721;11001
12855,721;63
12856,721;78
12857,721;60
12858,721;61
12859,721;69
12860,721;11002
12861,721;50
12862,721;74
12863,721;64
12864,721;78
12865,721;80
12866,721;10985
12867,721;54
12868,721;66
12869,721;60
12870,721;61
12871,721;71
12872,721;11057
12873,721;78
12874,721;73
12875,721;67
12876,721;74
12877,721;73
12878,721;11021
12879,721;56
12880,721;62
12881,721;74
12882,721;74
12883,721;72
12884,721;10988
12885,721;70
12886,721;50
12887,721;70
12888,721;58
12889,721;77
12890,721;11028
12891,721;59
12892,721;73
12893,721;59
12894,721;71
12895,721;79
12896,721;11004
12897,721;61
12898,721;76
12899,721;71
12900,721;70
12901,721;77
12902,721;11034
12903,721;57
12904,721;56
12905,721;78
12906,721;67
12907,721;71
12908,721;11008
12909,721;77
12910,721;76
12911,721;61
12912,721;59
12913,721;80
12914,721;11033
12915,721;65
12916,721;64
12917,721;60
12918,721;87
12919,721;73
12920,721;11028
12921,721;77
12922,721;72
12923,721;79
12924,721;63
12925,721;73
12926,721;11017
12927,721;61
12928,721;64
12929,721;86
12930,741;60
12931,741;55
12932,741;11032
12933,741;69
12934,741;71
12935,741;79
12936,741;70
12937,741;84
12938,741;11010
12939,741;74
12940,741;53
12941,741;77
12942,741;93
12943,741;79
12944,741;11034
12945,741;57
12946,741;77
12947,741;67
12948,741;84
12949,741;69
12950,741;11044
12951,741;77
12952,741;64
12953,741;72
12954,741;78
12955,741;69
12956,741;11003
12957,741;55
12958,741;72
12959,741;87
12960,741;72
12961,741;78
12962,741;11010
12963,741;59
12964,741;61
12965,741;76
12966,741;59
12967,741;70
12968,741;11001
12969,741;60
12970,741;69
12971,741;57
12972,741;78
12973,741;68
12974,741;11018
12975,741;87
12976,741;84
12977,741;78
12978,741;93
12979,741;82
12980,741;11030
12981,741;73
12982,741;68
12983,741;63
12984,741;77
12985,741;62
12986,741;11017
12987,741;63
12988,741;74
12989,741;68
12990,741;74
12991,741;90
12992,741;11005
12993,741;62
12994,741;80
12995,741;66
12996,741;66
12997,741;77
12998,741;11019
12999,741;55
13000,741;58
13001,741;83
13002,741;68
13003,741;81
13004,741;11008
13005,741;69
13006,741;66
13007,741;71
13008,741;71
13009,741;65
13010,741;11000
13011,741;84
13012,741;66
13013,741;67
13014,741;78
13015,741;94
13016,741;11010
13017,741;76
13018,741;79
13019,741;70
13020,741;59
13021,741;59
13022,741;10988
13023,741;70
13024,741;71
13025,741;77
13026,741;79
13027,741;74
13028,741;11049
13029,741;74
13030,741;69
13031,656;72
13032,656;69
13033,656;76
13034,656;11016
13035,656;78
13036,656;84
13037,656;81
13038,656;71
13039,656;61
13040,656;11040
13041,656;60
13042,656;62
13043,656;82
13044,656;73
13045,656;76
13046,656;10996
13047,656;78
13048,656;69
13049,656;57
13050,656;76
13051,656;65
13052,656;11004
13053,656;78
13054,656;89
13055,656;67
13056,656;84
13057,656;74
13058,656;11028
13059,656;60
13060,656;83
13061,656;58
13062,656;74
13063,656;96
13064,656;11055
13065,656;72
13066,656;69
13067,656;68
13068,656;65
13069,656;75
13070,656;11048
13071,656;85
13072,656;74
13073,656;78
13074,656;71
13075,656;80
13076,656;11034
13077,656;71
13078,656;68
13079,656;85
13080,656;68
13081,656;70
13082,656;11028
13083,656;68
13084,656;68
13085,656;68
13086,656;85
13087,656;68
13088,656;11048
13089,656;71
13090,656;77
13091,656;77
13092,656;80
13093,656;65
13094,656;11058
13095,656;69
13096,656;81
13097,656;72
13098,656;77
13099,656;79
13100,656;11030
13101,656;65
13102,656;75
13103,656;78
13104,656;74
13105,656;80
13106,656;11015
13107,656;65
13108,656;80
13109,656;84
13110,656;90
13111,656;79
13112,656;11057
13113,656;44
13114,656;82
13115,656;93
13116,656;71
13117,656;80
13118,656;11070
13119,656;59
13120,656;60
13121,656;68
13122,656;63
13123,656;74
13124,656;11059
13125,656;71
13126,656;75
13127,656;82
13128,656;74
13129,656;80
13130,656;11003
13131,656;69
13131,801;75
13132,801;77
13133,801;54
13134,801;90
13135,801;10691
13136,801;71
13137,801;65
13138,801;79
13139,801;91
13140,801;62
13141,801;10951
13142,801;68
13143,801;67
13144,801;92
13145,801;71
13146,801;70
13147,801;11014
13148,801;79
13149,801;77
13150,801;77
13151,801;100
13152,801;66
13153,801;11039
13154,801;82
13155,801;64
13156,801;81
13157,801;75
13158,801;87
13159,801;11052
13160,801;63
13161,801;69
13162,801;86
13163,801;71
13164,801;92
13165,801;11027
13166,801;61
13167,801;63
13168,801;68
13169,801;66
13170,801;78
13171,801;11052
13172,801;63
13173,801;61
13174,801;64
13175,801;88
13176,801;76
13177,801;11034
13178,801;77
13179,801;58
13180,801;62
13181,801;75
13182,801;62
13183,801;11003
13184,801;78
13185,801;67
13186,801;70
13187,801;77
13188,801;76
13189,801;11009
13190,801;55
13191,801;82
13192,801;76
13193,801;66
13194,801;89
13195,801;11008
13196,801;90
13197,801;68
13198,801;75
13199,801;76
13200,801;69
13201,801;11015
13202,801;66
13203,801;64
13204,801;78
13205,801;81
13206,801;84
13207,801;11001
13208,801;86
13209,801;58
13210,801;72
13211,801;89
13212,801;75
13213,801;11020
13214,801;70
13215,801;63
13216,801;62
13217,801;75
13218,801;72
13219,801;11032
13220,801;69
13221,801;83
13222,801;61
13223,801;77
13224,801;72
13225,801;11014
13226,801;72
13227,801;63
13228,801;51
13229,801;79
13230,801;69
13231,801;11031
13232,539;67
13233,539;61
13234,539;76
13235,539;71
13236,539;63
13237,539;10991
13238,539;67
13239,539;77
13240,539;76
13241,539;71
13242,539;65
13243,539;11003
13244,539;74
13245,539;65
13246,539;60
13247,539;80
13248,539;75
13249,539;11003
13250,539;81
13251,539;75
13252,539;76
13253,539;74
13254,539;80
13255,539;11018
13256,539;67
13257,539;66
13258,539;73
13259,539;75
13260,539;70
13261,539;11029
13262,539;51
13263,539;80
13264,539;79
13265,539;72
13266,539;91
13267,539;11025
13268,539;61
13269,539;54
13270,539;70
13271,539;78
13272,539;76
13273,539;11025
13274,539;73
13275,539;67
13276,539;64
13277,539;77
13278,539;67
13279,539;11017
13280,539;72
13281,539;79
13282,539;81
13283,539;88
13284,539;73
13285,539;10966
13286,539;53
13287,539;65
13288,539;49
13289,539;74
13290,539;71
13291,539;11046
13292,539;72
13293,539;66
13294,539;74
13295,539;70
13296,539;82
13297,539;10997
13298,539;73
13299,539;59
13300,539;67
13301,539;79
13302,539;83
13303,539;11031
13304,539;75
13305,539;72
13306,539;73
13307,539;88
13308,539;81
13309,539;11022
13310,539;55
13311,539;65
13312,539;81
13313,539;70
13314,539;66
13315,539;10989
13316,539;64
13317,539;72
13318,539;93
13319,539;57
13320,539;75
13321,539;10996
13322,539;61
13323,539;77
13324,539;50
13325,539;82
13326,539;74
13327,539;11010
13328,539;66
13329,539;63
13330,539;66
13331,539;86
13332,539;68
13333,539;10989
13334,539;53
13335,539;71
13336,539;74
13337,539;66
13338,539;65
13339,539;11030
13340,539;59
13341,539;78
13342,539;77
13343,539;74
13344,539;70
13345,539;11017
13346,539;75
13347,539;70
13348,539;70
13349,539;75
13350,539;77
13351,539;11007
13352,539;59
13353,539;64
13354,539;87
13355,539;70
13356,539;78
13357,539;11021
13358,539;66
13359,539;84
13360,539;68
13361,539;79
13362,539;65
13363,539;11052
13364,539;63
13365,539;66
13366,539;57
13367,539;79
13368,539;75
13369,539;11032
13370,539;62
13371,539;47
13372,539;57
13373,539;71
13374,539;76
13375,539;11009
13376,539;67
13377,539;75
13378,539;58
13379,539;59
13380,539;65
13381,539;10978
13382,539;63
13383,539;73
13384,539;63
13385,539;66
13386,539;80
13387,539;11024
13388,539;62
13389,539;77
13390,539;75
13391,539;72
13392,539;60
13393,539;10983
13394,539;63
13395,539;55
13396,539;75
13397,539;57
13398,539;76
13399,539;11024
13400,539;54
13401,539;60
13402,539;87
13403,539;64
13404,539;71
13405,539;11012
13406,539;63
13407,539;43
13408,539;68
13409,539;80
13410,539;78
13411,539;10981
13412,539;66
13413,539;65
13414,539;61
13415,539;76
13416,539;68
13417,539;11005
13418,539;67
13419,539;66
13420,539;56
13421,539;74
13422,539;63
13423,539;11023
13424,539;65
13425,539;73
13426,539;73
13427,539;73
13428,539;49
13429,539;11030
13430,539;67
13431,539;66
13432,539;73
13433,539;64
13435,703;68
13436,703;11011
13437,703;55
13438,703;58
13439,703;73
13440,703;71
13441,703;55
13442,703;11003
13443,703;62
13444,703;60
13445,703;55
13446,703;57
13447,703;57
13448,703;10661
13449,703;51
13450,703;50
13451,703;51
13452,703;60
13453,703;80
13454,703;10961
13455,703;47
13456,703;68
13457,703;73
13458,703;77
13459,703;64
13460,703;11003
13461,703;52
13462,703;71
13463,703;59
13464,703;70
13465,703;77
13466,703;11016
13467,703;62
13468,703;83
13469,703;62
13470,703;52
13471,703;74
13472,703;10979
13473,703;55
13474,703;77
13475,703;48
13476,703;81
13477,703;78
13478,703;11015
13479,703;59
13480,703;64
13481,703;80
13482,703;67
13483,703;67
13484,703;11036
13485,703;58
13486,703;52
13487,703;77
13488,703;63
13489,703;77
13490,703;11022
13491,703;62
13492,703;62
13493,703;67
13494,703;74
13495,703;67
13496,703;10998
13497,703;77
13498,703;52
13499,703;67
13500,703;72
13501,703;64
13502,703;11031
13503,703;77
13504,703;52
13505,703;80
13506,703;75
13507,703;74
13508,703;11012
13509,703;66
13510,703;76
13511,703;61
13512,703;73
13513,703;74
13514,703;11031
13515,703;58
13516,703;86
13517,703;75
13518,703;64
13519,703;73
13520,703;11039
13521,703;54
13522,703;56
13523,703;81
13524,703;76
13525,703;89
13526,703;11025
13527,703;62
13528,703;87
13529,703;67
13530,703;48
13531,703;73
13532,703;11027
13533,703;50
13534,703;63
13535,703;76
13536,86;77
13537,86;75
13538,86;11010
13539,86;67
13540,86;68
13541,86;64
13542,86;68
13543,86;77
13544,86;11016
13545,86;70
13546,86;61
13547,86;70
13548,86;66
13549,86;74
13550,86;10990
13551,86;68
13552,86;82
13553,86;77
13554,86;63
13555,86;62
13556,86;11020
13557,86;57
13558,86;67
13559,86;74
13560,86;78
13561,86;96
13562,86;11021
13563,86;66
13564,86;56
13565,86;87
13566,86;62
13567,86;79
13568,86;11003
13569,86;64
13570,86;65
13571,86;66
13572,86;77
13573,86;71
13574,86;11033
13575,86;66
13576,86;72
13577,86;68
13578,86;81
13579,86;69
13580,86;11030
13581,86;73
13582,86;58
13583,86;63
13584,86;63
13585,86;82
13586,86;10998
13587,86;69
13588,86;73
13589,86;75
13590,86;55
13591,86;87
13592,86;11042
13593,86;65
13594,86;56
13595,86;81
13596,86;80
13597,86;80
13598,86;11040
13599,86;72
13600,86;56
13601,86;83
13602,86;75
13603,86;67
13604,86;10997
13605,86;73
13606,86;74
13607,86;83
13608,86;89
13609,86;91
13610,86;11035
13611,86;71
13612,86;66
13613,86;70
13614,86;72
13615,86;76
13616,86;11003
13617,86;63
13618,86;69
13619,86;78
13620,86;64
13621,86;64
13622,86;11004
13623,86;69
13624,86;65
13625,86;61
13626,86;73
13627,86;74
13628,86;10988
13629,86;62
13630,86;76
13631,86;81
13632,86;81
13633,86;76
13634,86;11047
13635,86;62
13636,86;64
13637,418;65
13638,418;81
13639,418;77
13640,418;11037
13641,418;58
13642,418;62
13643,418;75
13644,418;71
13645,418;74
13646,418;11038
13647,418;71
13648,418;62
13649,418;62
13650,418;82
13651,418;73
13652,418;11023
13653,418;60
13654,418;58
13655,418;66
13656,418;62
13657,418;85
13658,418;11008
13659,418;66
13660,418;75
13661,418;84
13662,418;65
13663,418;76
13664,418;10990
13665,418;75
13666,418;55
13667,418;53
13668,418;86
13669,418;69
13670,418;11005
13671,418;78
13672,418;59
13673,418;82
13674,418;85
13675,418;79
13676,418;11040
13677,418;78
13678,418;73
13679,418;74
13680,418;77
13681,418;83
13682,418;11055
13683,418;69
13684,418;72
13685,418;78
13686,418;72
13687,418;77
13688,418;11022
13689,418;63
13690,418;61
13691,418;79
13692,418;82
13693,418;76
13694,418;11032
13695,418;55
13696,418;81
13697,418;63
13698,418;77
13699,418;64
13700,418;11056
13701,418;67
13702,418;67
13703,418;73
13704,418;75
13705,418;83
13706,418;11021
13707,418;51
13708,418;74
13709,418;78
13710,418;72
13711,418;85
13712,418;11021
13713,418;72
13714,418;76
13715,418;86
13716,418;84
13717,418;88
13718,418;11055
13719,418;62
13720,418;79
13721,418;74
13722,418;70
13723,418;71
13724,418;11068
13725,418;86
13726,418;79
13727,418;74
13728,418;86
13729,418;85
13730,418;11028
13731,418;85
13732,418;75
13733,418;95
13734,418;69
13735,418;80
13736,418;11025
13737,418;59
13738,535;72
13739,535;89
13740,535;55
13741,535;84
13742,535;11046
13743,535;74
13744,535;74
13745,535;69
13746,535;63
13747,535;89
13748,535;11053
13749,535;70
13750,535;64
13751,535;64
13752,535;92
13753,535;71
13754,535;11022
13755,535;68
13756,535;71
13757,535;72
13758,535;69
13759,535;98
13760,535;10688
13761,535;65
13762,535;78
13763,535;77
13764,535;81
13765,535;78
13766,535;10962
13767,535;62
13768,535;73
13769,535;63
13770,535;69
13771,535;73
13772,535;11021
13773,535;60
13774,535;63
13775,535;87
13776,535;74
13777,535;81
13778,535;11052
13779,535;72
13780,535;61
13781,535;68
13782,535;78
13783,535;101
13784,535;11037
13785,535;68
13786,535;65
13787,535;73
13788,535;77
13789,535;77
13790,535;11025
13791,535;59
13792,535;70
13793,535;69
13794,535;78
13795,535;66
13796,535;11035
13797,535;65
13798,535;74
13799,535;66
13800,535;79
13801,535;83
13802,535;10999
13803,535;66
13804,535;67
13805,535;84
13806,535;69
13807,535;78
13808,535;11067
13809,535;71
13810,535;80
13811,535;79
13812,535;68
13813,535;100
13814,535;11015
13815,535;73
13816,535;57
13817,535;78
13818,535;62
13819,535;69
13820,535;11020
13821,535;61
13822,535;79
13823,535;71
13824,535;75
13825,535;77
13826,535;11041
13827,535;52
13828,535;63
13829,535;87
13830,535;59
13831,535;65
13832,535;11032
13833,535;68
13834,535;58
13835,535;93
13836,535;69
13837,535;72
13838,535;11018
13839,535;65
13840,535;69
13841,535;72
13842,535;78
13843,535;77
13844,535;11023
13845,535;62
13846,535;78
13847,535;88
13848,535;80
13849,535;82
13850,535;10992
13851,535;60
13852,535;81
13853,535;65
13854,535;71
13855,535;76
13856,535;11013
13857,535;67
13858,535;70
13859,535;86
13860,535;73
13861,535;76
13862,535;11023
13863,535;71
13864,535;65
13865,535;78
13866,535;61
13867,535;77
13868,535;11019
13869,535;80
13870,535;73
13871,535;59
13872,535;83
13873,535;79
13874,535;11015
13875,535;63
13876,535;79
13877,535;74
13878,535;69
13879,535;93
13880,535;11034
13881,535;63
13882,535;76
13883,535;91
13884,535;85
13885,535;83
13886,535;11011
13887,535;57
13888,535;70
13889,535;74
13890,535;76
13891,535;66
13892,535;10997
13893,535;57
13894,535;82
13895,535;72
13896,535;81
13897,535;69
13898,535;11022
13899,535;67
13900,535;57
13901,535;54
13902,535;59
13903,535;73
13904,535;11008
13905,535;67
13906,535;61
13907,535;63
13908,535;69
13909,535;73
13910,535;11043
13911,535;61
13912,535;75
13913,535;65
13914,535;69
13915,535;89
13916,535;11011
13917,535;68
13918,535;56
13919,535;70
13920,535;72
13921,535;74
13922,535;11048
13923,535;68
13924,535;68
13925,535;68
13926,535;57
13927,535;89
13928,535;11036
13929,535;77
13930,535;61
13931,535;70
13932,535;54
13933,535;78
13934,535;10994
13935,535;87
13936,535;96
13937,535;66
13938,535;60
13939,535;74
13940,871;11021
13941,871;72
13942,871;67
13943,871;71
13944,871;67
13945,871;72
13946,871;11041
13947,871;59
13948,871;64
13949,871;84
13950,871;76
13951,871;77
13952,871;10994
13953,871;68
13954,871;68
13955,871;71
13956,871;68
13957,871;82
13958,871;11040
13959,871;59
13960,871;78
13961,871;87
13962,871;66
13963,871;81
13964,871;10986
13965,871;75
13966,871;68
13967,871;65
13968,871;68
13969,871;69
13970,871;11029
13971,871;65
13972,871;64
13973,871;76
13974,871;64
13975,871;76
13976,871;11008
13977,871;58
13978,871;67
13979,871;73
13980,871;82
13981,871;67
13982,871;11023
13983,871;57
13984,871;75
13985,871;67
13986,871;59
13987,871;86
13988,871;11042
13989,871;44
13990,871;60
13991,871;60
13992,871;63
13993,871;68
13994,871;11039
13995,871;64
13996,871;71
13997,871;61
13998,871;78
13999,871;78
14000,871;11027
14001,871;72
14002,871;53
14003,871;72
14004,871;76
14005,871;84
14006,871;11013
14007,871;60
14008,871;72
14009,871;64
14010,871;53
14011,871;68
14012,871;11044
14013,871;59
14014,871;75
14015,871;64
14016,871;80
14017,871;63
14018,871;11033
14019,871;66
14020,871;75
14021,871;56
14022,871;70
14023,871;68
14024,871;11038
14025,871;67
14026,871;68
14027,871;70
14028,871;80
14029,871;70
14030,871;11041
14031,871;72
14032,871;71
14033,871;65
14034,871;65
14035,871;78
14036,871;11005
14037,871;64
14038,871;66
14039,871;82
14040,871;57
14041,729;75
14042,729;11029
14043,729;58
14044,729;61
14045,729;71
14046,729;58
14047,729;71
14048,729;11023
14049,729;57
14050,729;63
14051,729;68
14052,729;77
14053,729;63
14054,729;10983
14055,729;62
14056,729;52
14057,729;52
14058,729;67
14059,729;61
14060,729;11022
14061,729;70
14062,729;70
14063,729;63
14064,729;65
14065,729;60
14066,729;11009
14067,729;61
14068,729;69
14069,729;74
14070,729;64
14071,729;59
14072,729;10684
14073,729;65
14074,729;71
14075,729;53
14076,729;62
14077,729;67
14078,729;10919
14079,729;69
14080,729;55
14081,729;57
14082,729;66
14083,729;80
14084,729;11001
14085,729;61
14086,729;70
14087,729;58
14088,729;70
14089,729;73
14090,729;11014
14091,729;61
14092,729;62
14093,729;68
14094,729;78
14095,729;60
14096,729;11043
14097,729;64
14098,729;67
14099,729;65
14100,729;71
14101,729;93
14102,729;11008
14103,729;52
14104,729;57
14105,729;72
14106,729;76
14107,729;73
14108,729;11029
14109,729;53
14110,729;73
14111,729;74
14112,729;82
14113,729;53
14114,729;11015
14115,729;77
14116,729;74
14117,729;70
14118,729;64
14119,729;85
14120,729;11049
14121,729;71
14122,729;63
14123,729;58
14124,729;82
14125,729;59
14126,729;11028
14127,729;61
14128,729;47
14129,729;68
14130,729;83
14131,729;85
14132,729;10976
14133,729;65
14134,729;57
14135,729;69
14136,729;75
14137,729;59
14138,729;11008
14139,729;52
14140,729;52
14141,729;89
14142,86;54
14143,86;68
14144,86;10965
14145,86;66
14146,86;64
14147,86;72
14148,86;71
14149,86;64
14150,86;11021
14151,86;59
14152,86;70
14153,86;74
14154,86;68
14155,86;69
14156,86;11013
14157,86;77
14158,86;81
14159,86;57
14160,86;81
14161,86;64
14162,86;11015
14163,86;65
14164,86;62
14165,86;67
14166,86;67
14167,86;75
14168,86;11023
14169,86;62
14170,86;73
14171,86;62
14172,86;77
14173,86;72
14174,86;11008
14175,86;77
14176,86;58
14177,86;70
14178,86;72
14179,86;62
14180,86;11042
14181,86;56
14182,86;64
14183,86;84
14184,86;93
14185,86;86
14186,86;11054
14187,86;71
14188,86;74
14189,86;59
14190,86;75
14191,86;84
14192,86;11062
14193,86;57
14194,86;73
14195,86;61
14196,86;80
14197,86;68
14198,86;11017
14199,86;68
14200,86;71
14201,86;59
14202,86;57
14203,86;76
14204,86;11040
14205,86;57
14206,86;57
14207,86;73
14208,86;77
14209,86;93
14210,86;11013
14211,86;68
14212,86;73
14213,86;71
14214,86;78
14215,86;61
14216,86;11031
14217,86;81
14218,86;74
14219,86;69
14220,86;65
14221,86;71
14222,86;11040
14223,86;78
14224,86;80
14225,86;67
14226,86;68
14227,86;69
14228,86;11088
14229,86;69
14230,86;65
14231,86;72
14232,86;78
14233,86;77
14234,86;11042
14235,86;81
14236,86;87
14237,86;87
14238,86;70
14239,86;87
14240,86;11018
14241,86;72
14242,86;85
14243,062;62
14244,062;76
14245,062;95
14246,062;11052
14247,062;58
14248,062;70
14249,062;84
14250,062;56
14251,062;59
14252,062;11014
14253,062;69
14254,062;73
14255,062;73
14256,062;71
14257,062;86
14258,062;11025
14259,062;78
14260,062;74
14261,062;86
14262,062;72
14263,062;89
14264,062;11038
14265,062;54
14266,062;74
14267,062;68
14268,062;66
14269,062;75
14270,062;11022
14271,062;79
14272,062;72
14273,062;71
14274,062;73
14275,062;76
14276,062;11025
14277,062;58
14278,062;81
14279,062;69
14280,062;57
14281,062;71
14282,062;11003
14283,062;75
14284,062;71
14285,062;60
14286,062;75
14287,062;73
14288,062;11033
14289,062;69
14290,062;65
14291,062;64
14292,062;68
14293,062;69
14294,062;11010
14295,062;68
14296,062;85
14297,062;73
14298,062;75
14299,062;74
14300,062;10999
14301,062;58
14302,062;48
14303,062;68
14304,062;70
14305,062;67
14306,062;11018
14307,062;69
14308,062;69
14309,062;72
14310,062;66
14311,062;80
14312,062;11022
14313,062;68
14314,062;71
14315,062;60
14316,062;96
14317,062;88
14318,062;11031
14319,062;78
14320,062;63
14321,062;66
14322,062;64
14323,062;67
14324,062;11054
14325,062;84
14326,062;59
14327,062;68
14328,062;65
14329,062;78
14330,062;11056
14331,062;72
14332,062;80
14333,062;60
14334,062;89
14335,062;88
14336,062;11026
14337,062;59
14338,062;75
14339,062;60
14340,062;85
14341,062;80
14342,062;11032
14343,062;74
14344,062;88
14345,062;65
14346,062;85
14347,062;69
14348,062;11077
14349,062;72
14350,062;81
14351,062;65
14352,062;64
14353,062;68
14354,062;11021
14355,062;66
14356,062;66
14357,062;72
14358,062;78
14359,062;83
14360,062;11050
14361,062;73
14362,062;91
14363,062;86
14364,062;70
14365,062;80
14366,062;11034
14367,062;70
14368,062;63
14369,062;76
14370,062;83
14371,062;74
14372,062;11034
14373,062;55
14374,062;64
14375,062;69
14376,062;73
14377,062;72
14378,062;11025
14379,062;57
14380,062;65
14381,062;86
14382,062;66
14383,062;74
14384,062;10682
14385,062;77
14386,062;71
14387,062;83
14388,062;71
14389,062;79
14390,062;10962
14391,062;62
14392,062;85
14393,062;95
14394,062;80
14395,062;87
14396,062;11063
14397,062;84
14398,062;74
14399,062;61
14400,062;74
14401,062;82
14402,062;11053
14403,062;56
14404,062;77
14405,062;82
14406,062;85
14407,062;69
14408,062;11041
14409,062;61
14410,062;89
14411,062;70
14412,062;73
14413,062;76
14414,062;11036
14415,062;68
14416,062;72
14417,062;67
14418,062;74
14419,062;75
14420,062;11022
14421,062;61
14422,062;87
14423,062;63
14424,062;77
14425,062;81
14426,062;11059
14427,062;78
14428,062;59
14429,062;68
14430,062;88
14431,062;77
14432,062;11026
14433,062;75
14434,062;65
14435,062;69
14436,062;77
14437,062;85
14438,062;11031
14439,062;75
14440,062;71
14441,062;72
14442,062;72
14443,062;73
14444,062;11007
14445,075;60
14446,075;64
14447,075;91
14448,075;101
14449,075;69
14450,075;11022
14451,075;77
14452,075;59
14453,075;78
14454,075;67
14455,075;78
14456,075;11048
14457,075;68
14458,075;64
14459,075;76
14460,075;69
14461,075;82
14462,075;11057
14463,075;72
14464,075;83
14465,075;64
14466,075;63
14467,075;74
14468,075;11044
14469,075;54
14470,075;52
14471,075;66
14472,075;80
14473,075;78
14474,075;11008
14475,075;66
14476,075;62
14477,075;83
14478,075;72
14479,075;66
14480,075;11024
14481,075;60
14482,075;74
14483,075;76
14484,075;68
14485,075;81
14486,075;11020
14487,075;68
14488,075;73
14489,075;78
14490,075;84
14491,075;70
14492,075;11018
14493,075;56
14494,075;84
14495,075;77
14496,075;76
14497,075;76
14498,075;11001
14499,075;54
14500,075;77
14501,075;72
14502,075;74
14503,075;60
14504,075;11004
14505,075;72
14506,075;65
14507,075;84
14508,075;77
14509,075;78
14510,075;11000
14511,075;66
14512,075;80
14513,075;74
14514,075;74
14515,075;79
14516,075;11007
14517,075;78
14518,075;69
14519,075;58
14520,075;76
14521,075;92
14522,075;11032
14523,075;72
14524,075;82
14525,075;84
14526,075;85
14527,075;80
14528,075;11006
14529,075;61
14530,075;69
14531,075;65
14532,075;75
14533,075;65
14534,075;11022
14535,075;70
14536,075;61
14537,075;66
14538,075;93
14539,075;76
14540,075;11049
14541,075;76
14542,075;74
14543,075;54
14544,075;73
14545,075;84
14546,323;11033
14547,323;77
14548,323;72
14549,323;73
14550,323;77
14551,323;88
14552,323;10983
14553,323;66
14554,323;68
14555,323;67
14556,323;92
14557,323;72
14558,323;11038
14559,323;56
14560,323;86
14561,323;72
14562,323;78
14563,323;70
14564,323;10987
14565,323;80
14566,323;90
14567,323;84
14568,323;88
14569,323;57
14570,323;11012
14571,323;60
14572,323;63
14573,323;76
14574,323;66
14575,323;69
14576,323;11031
14577,323;65
14578,323;62
14579,323;75
14580,323;59
14581,323;61
14582,323;11033
14583,323;71
14584,323;80
14585,323;76
14586,323;76
14587,323;71
14588,323;10998
14589,323;60
14590,323;70
14591,323;69
14592,323;81
14593,323;81
14594,323;11012
14595,323;71
14596,323;64
14597,323;81
14598,323;73
14599,323;75
14600,323;11016
14601,323;70
14602,323;75
14603,323;75
14604,323;82
14605,323;78
14606,323;10967
14607,323;51
14608,323;51
14609,323;68
14610,323;76
14611,323;80
14612,323;11016
14613,323;54
14614,323;74
14615,323;68
14616,323;74
14617,323;75
14618,323;11024
14619,323;68
14620,323;62
14621,323;66
14622,323;68
14623,323;64
14624,323;11028
14625,323;78
14626,323;56
14627,323;65
14628,323;70
14629,323;83
14630,323;11033
14631,323;57
14632,323;54
14633,323;67
14634,323;61
14635,323;65
14636,323;11027
14637,323;83
14638,323;60
14639,323;66
14640,323;67
14641,323;72
14642,323;11046
14643,323;52
14644,323;65
14645,323;74
14646,323;64
14647,097;64
14648,097;11015
14649,097;60
14650,097;70
14651,097;65
14652,097;54
14653,097;67
14654,097;11029
14655,097;83
14656,097;84
14657,097;71
14658,097;66
14659,097;61
14660,097;11029
14661,097;61
14662,097;76
14663,097;67
14664,097;72
14665,097;72
14666,097;11016
14667,097;49
14668,097;53
14669,097;65
14670,097;71
14671,097;73
14672,097;11023
14673,097;76
14674,097;63
14675,097;64
14676,097;67
14677,097;56
14678,097;11026
14679,097;57
14680,097;71
14681,097;64
14682,097;58
14683,097;54
14684,097;11052
14685,097;59
14686,097;58
14687,097;76
14688,097;72
14689,097;70
14690,097;11014
14691,097;55
14692,097;60
14693,097;55
14694,097;62
14695,097;66
14696,097;10721
14697,097;55
14698,097;60
14699,097;58
14700,097;60
14701,097;69
14702,097;10940
14703,097;47
14704,097;57
14705,097;69
14706,097;78
14707,097;70
14708,097;11003
14709,097;76
14710,097;61
14711,097;66
14712,097;66
14713,097;58
14714,097;11063
14715,097;61
14716,097;66
14717,097;67
14718,097;89
14719,097;81
14720,097;11023
14721,097;61
14722,097;77
14723,097;69
14724,097;63
14725,097;66
14726,097;11011
14727,097;67
14728,097;65
14729,097;63
14730,097;69
14731,097;63
14732,097;11016
14733,097;59
14734,097;61
14735,097;71
14736,097;63
14737,097;69
14738,097;11017
14739,097;72
14740,097;56
14741,097;69
14742,097;66
14743,097;74
14744,097;10986
14745,097;69
14746,097;78
14747,097;86
14748,234;61
14749,234;72
14750,234;11071
14751,234;48
14752,234;73
14753,234;63
14754,234;74
14755,234;75
14756,234;11012
14757,234;57
14758,234;59
14759,234;63
14760,234;67
14761,234;78
14762,234;11032
14763,234;72
14764,234;69
14765,234;74
14766,234;56
14767,234;68
14768,234;11029
14769,234;75
14770,234;67
14771,234;67
14772,234;68
14773,234;60
14774,234;11009
14775,234;65
14776,234;70
14777,234;79
14778,234;64
14779,234;62
14780,234;11041
14781,234;56
14782,234;66
14783,234;62
14784,234;64
14785,234;70
14786,234;11052
14787,234;77
14788,234;59
14789,234;75
14790,234;74
14791,234;70
14792,234;11059
14793,234;59
14794,234;62
14795,234;62
14796,234;65
14797,234;77
14798,234;11058
14799,234;67
14800,234;67
14801,234;75
14802,234;80
14803,234;88
14804,234;11030
14805,234;68
14806,234;69
14807,234;81
14808,234;76
14809,234;73
14810,234;11033
14811,234;55
14812,234;82
14813,234;84
14814,234;76
14815,234;77
14816,234;11059
14817,234;63
14818,234;66
14819,234;83
14820,234;81
14821,234;93
14822,234;11037
14823,234;68
14824,234;62
14825,234;76
14826,234;73
14827,234;81
14828,234;11036
14829,234;67
14830,234;65
14831,234;89
14832,234;73
14833,234;65
14834,234;11015
14835,234;67
14836,234;66
14837,234;71
14838,234;84
14839,234;75
14840,234;11041
14841,234;67
14842,234;61
14843,234;80
14844,234;61
14845,234;69
14846,234;11009
14847,234;68
14848,234;76
14849,234;72
14850,234;72
14851,234;89
14852,234;11033
14853,234;63
14854,234;65
14855,234;76
14856,234;70
14857,234;71
14858,234;11033
14859,234;72
14860,234;55
14861,234;78
14862,234;71
14863,234;78
14864,234;11013
14865,234;51
14866,234;69
14867,234;77
14868,234;70
14869,234;63
14870,234;11043
14871,234;54
14872,234;64
14873,234;73
14874,234;68
14875,234;70
14876,234;11045
14877,234;79
14878,234;75
14879,234;57
14880,234;72
14881,234;85
14882,234;11039
14883,234;66
14884,234;62
14885,234;88
14886,234;83
14887,234;85
14888,234;11053
14889,234;60
14890,234;65
14891,234;81
14892,234;70
14893,234;70
14894,234;11020
14895,234;62
14896,234;85
14897,234;61
14898,234;64
14899,234;76
14900,234;11036
14901,234;77
14902,234;60
14903,234;82
14904,234;63
14905,234;96
14906,234;11019
14907,234;56
14908,234;81
14909,234;64
14910,234;64
14911,234;88
14912,234;11041
14913,234;69
14914,234;69
14915,234;63
14916,234;82
14917,234;67
14918,234;11052
14919,234;76
14920,234;71
14921,234;59
14922,234;59
14923,234;86
14924,234;11028
14925,234;65
14926,234;76
14927,234;78
14928,234;92
14929,234;82
14930,234;11041
14931,234;71
14932,234;67
14933,234;68
14934,234;72
14935,234;80
14936,234;11013
14937,234;76
14938,234;52
14939,234;84
14940,234;78
14941,234;87
14942,234;11046
14943,234;66
14944,234;76
14945,234;52
14946,234;83
14947,234;66
14948,234;11076
14949,234;71
14950,314;78
14951,314;79
14952,314;68
14953,314;97
14954,314;11054
14955,314;61
14956,314;73
14957,314;70
14958,314;68
14959,314;82
14960,314;11037
14961,314;53
14962,314;67
14963,314;66
14964,314;63
14965,314;73
14966,314;11060
14967,314;64
14968,314;80
14969,314;73
14970,314;96
14971,314;67
14972,314;11033
14973,314;76
14974,314;92
14975,314;80
14976,314;89
14977,314;95
14978,314;10995
14979,314;62
14980,314;63
14981,314;75
14982,314;91
14983,314;72
14984,314;11055
14985,314;69
14986,314;71
14987,314;74
14988,314;69
14989,314;97
14990,314;11039
14991,314;68
14992,314;59
14993,314;63
14994,314;76
14995,314;74
14996,314;11045
14997,314;73
14998,314;87
14999,314;88
15000,314;72
15001,314;90
15002,314;11048
15003,314;78
15004,314;63
15005,314;68
15006,314;67
15007,314;84
15008,314;10703
15009,314;80
15010,314;78
15011,314;80
15012,314;72
15013,314;95
15014,314;11000
15015,314;73
15016,314;68
15017,314;51
15018,314;76
15019,314;84
15020,314;11069
15021,314;69
15022,314;59
15023,314;91
15024,314;68
15025,314;71
15026,314;11021
15027,314;77
15028,314;71
15029,314;85
15030,314;76
15031,314;77
15032,314;11038
15033,314;68
15034,314;73
15035,314;72
15036,314;81
15037,314;86
15038,314;11035
15039,314;66
15040,314;78
15041,314;78
15042,314;75
15043,314;89
15044,314;11049
15045,314;66
15046,314;69
15047,314;80
15048,314;71
15049,314;72
15050,314;11061
15050,506;57
15051,506;59
15052,506;66
15053,506;77
15054,506;94
15055,506;11069
15056,506;69
15057,506;79
15058,506;75
15059,506;73
15060,506;80
15061,506;11074
15062,506;69
15063,506;60
15064,506;73
15065,506;82
15066,506;76
15067,506;11020
15068,506;64
15069,506;70
15070,506;69
15071,506;82
15072,506;89
15073,506;11010
15074,506;65
15075,506;69
15076,506;74
15077,506;76
15078,506;88
15079,506;11067
15080,506;61
15081,506;61
15082,506;83
15083,506;71
15084,506;74
15085,506;11048
15086,506;56
15087,506;83
15088,506;79
15089,506;62
15090,506;82
15091,506;11024
15092,506;75
15093,506;79
15094,506;77
15095,506;77
15096,506;90
15097,506;11042
15098,506;70
15099,506;87
15100,506;74
15101,506;85
15102,506;79
15103,506;11031
15104,506;69
15105,506;61
15106,506;72
15107,506;86
15108,506;58
15109,506;11016
15110,506;73
15111,506;54
15112,506;54
15113,506;68
15114,506;82
15115,506;11015
15116,506;64
15117,506;65
15118,506;67
15119,506;79
15120,506;62
15121,506;11038
15122,506;59
15123,506;70
15124,506;83
15125,506;68
15126,506;74
15127,506;11018
15128,506;69
15129,506;79
15130,506;71
15131,506;86
15132,506;73
15133,506;11028
15134,506;49
15135,506;71
15136,506;79
15137,506;68
15138,506;87
15139,506;11016
15140,506;60
15141,506;79
15142,506;80
15143,506;60
15144,506;81
15145,506;11059
15146,506;67
15147,506;72
15148,506;71
15149,506;72
15150,506;66
15152,552;11013
15153,552;70
15154,552;59
15155,552;69
15156,552;71
15157,552;67
15158,552;11021
15159,552;73
15160,552;66
15161,552;83
15162,552;66
15163,552;87
15164,552;10990
15165,552;59
15166,552;83
15167,552;66
15168,552;69
15169,552;74
15170,552;11026
15171,552;70
15172,552;75
15173,552;76
15174,552;56
15175,552;69
15176,552;11036
15177,552;50
15178,552;76
15179,552;76
15180,552;88
15181,552;75
15182,552;11026
15183,552;74
15184,552;61
15185,552;78
15186,552;67
15187,552;78
15188,552;10999
15189,552;48
15190,552;72
15191,552;77
15192,552;81
15193,552;80
15194,552;11036
15195,552;70
15196,552;71
15197,552;61
15198,552;76
15199,552;72
15200,552;11050
15201,552;66
15202,552;72
15203,552;69
15204,552;67
15205,552;73
15206,552;11062
15207,552;67
15208,552;59
15209,552;63
15210,552;67
15211,552;77
15212,552;11044
15213,552;68
15214,552;77
15215,552;73
15216,552;73
15217,552;66
15218,552;11045
15219,552;73
15220,552;66
15221,552;66
15222,552;67
15223,552;76
15224,552;11053
15225,552;77
15226,552;57
15227,552;90
15228,552;71
15229,552;68
15230,552;11053
15231,552;73
15232,552;67
15233,552;72
15234,552;68
15235,552;85
15236,552;11007
15237,552;76
15238,552;65
15239,552;67
15240,552;73
15241,552;74
15242,552;11028
15243,552;64
15244,552;67
15245,552;83
15246,552;61
15247,552;64
15248,552;11051
15249,552;49
15250,552;71
15251,552;81
15252,552;66
15253,474;83
15254,474;11011
15255,474;76
15256,474;74
15257,474;61
15258,474;78
15259,474;80
15260,474;11002
15261,474;60
15262,474;74
15263,474;72
15264,474;63
15265,474;64
15266,474;11031
15267,474;67
15268,474;63
15269,474;73
15270,474;62
15271,474;70
15272,474;11019
15273,474;70
15274,474;70
15275,474;71
15276,474;71
15277,474;72
15278,474;11022
15279,474;66
15280,474;70
15281,474;65
15282,474;73
15283,474;60
15284,474;11019
15285,474;76
15286,474;65
15287,474;66
15288,474;63
15289,474;66
15290,474;11041
15291,474;71
15292,474;64
15293,474;57
15294,474;63
15295,474;71
15296,474;11020
15297,474;57
15298,474;60
15299,474;62
15300,474;51
15301,474;81
15302,474;11010
15303,474;38
15304,474;60
15305,474;68
15306,474;65
15307,474;73
15308,474;11017
15309,474;49
15310,474;45
15311,474;69
15312,474;68
15313,474;59
15314,474;11004
15315,474;54
15316,474;71
15317,474;62
15318,474;63
15319,474;64
15320,474;10683
15321,474;52
15322,474;56
15323,474;65
15324,474;49
15325,474;67
15326,474;10941
15327,474;62
15328,474;65
15329,474;49
15330,474;69
15331,474;64
15332,474;11025
15333,474;61
15334,474;56
15335,474;62
15336,474;67
15337,474;51
15338,474;11014
15339,474;67
15340,474;63
15341,474;64
15342,474;68
15343,474;50
15344,474;11055
15345,474;60
15346,474;66
15347,474;63
15348,474;59
15349,474;60
15350,474;11014
15351,474;64
15352,474;63
15353,474;75
15353,71;70
15354,71;71
15355,71;11013
15356,71;55
15357,71;64
15358,71;82
15359,71;55
15360,71;64
15361,71;11035
15362,71;64
15363,71;61
15364,71;83
15365,71;67
15366,71;80
15367,71;11034
15368,71;69
15369,71;71
15370,71;75
15371,71;58
15372,71;91
15373,71;11064
15374,71;68
15375,71;67
15376,71;67
15377,71;80
15378,71;70
15379,71;11030
15380,71;58
15381,71;55
15382,71;69
15383,71;70
15384,71;66
15385,71;11012
15386,71;74
15387,71;71
15388,71;61
15389,71;58
15390,71;71
15391,71;11030
15392,71;62
15393,71;77
15394,71;63
15395,71;64
15396,71;63
15397,71;11042
15398,71;71
15399,71;76
15400,71;75
15401,71;53
15402,71;78
15403,71;11041
15404,71;71
15405,71;62
15406,71;84
15407,71;88
15408,71;63
15409,71;11073
15410,71;64
15411,71;72
15412,71;81
15413,71;80
15414,71;75
15415,71;11053
15416,71;64
15417,71;64
15418,71;70
15419,71;78
15420,71;87
15421,71;11017
15422,71;64
15423,71;69
15424,71;63
15425,71;78
15426,71;65
15427,71;11035
15428,71;74
15429,71;64
15430,71;60
15431,71;74
15432,71;71
15433,71;11015
15434,71;64
15435,71;61
15436,71;61
15437,71;62
15438,71;71
15439,71;11039
15440,71;71
15441,71;60
15442,71;87
15443,71;81
15444,71;70
15445,71;11011
15446,71;59
15447,71;62
15448,71;64
15449,71;70
15450,71;71
15451,71;11034
15452,71;57
15453,71;63
15454,71;63
15455,71;72
15456,71;78
15457,71;11038
15458,71;65
15459,71;80
15460,71;72
15461,71;61
15462,71;66
15463,71;11019
15464,71;65
15465,71;72
15466,71;71
15467,71;64
15468,71;78
15469,71;11008
15470,71;61
15471,71;69
15472,71;68
15473,71;73
15474,71;76
15475,71;11021
15476,71;68
15477,71;65
15478,71;68
15479,71;76
15480,71;81
15481,71;11048
15482,71;59
15483,71;74
15484,71;69
15485,71;73
15486,71;92
15487,71;11025
15488,71;87
15489,71;61
15490,71;66
15491,71;56
15492,71;89
15493,71;11044
15494,71;70
15495,71;67
15496,71;62
15497,71;72
15498,71;84
15499,71;11017
15500,71;77
15501,71;69
15502,71;72
15503,71;59
15504,71;76
15505,71;11005
15506,71;76
15507,71;79
15508,71;79
15509,71;69
15510,71;71
15511,71;11068
15512,71;67
15513,71;70
15514,71;61
15515,71;80
15516,71;92
15517,71;11056
15518,71;73
15519,71;62
15520,71;73
15521,71;64
15522,71;71
15523,71;11034
15524,71;67
15525,71;74
15526,71;72
15527,71;76
15528,71;75
15529,71;11013
15530,71;65
15531,71;66
15532,71;89
15533,71;65
15534,71;73
15535,71;11014
15536,71;64
15537,71;53
15538,71;84
15539,71;85
15540,71;75
15541,71;11044
15542,71;66
15543,71;67
15544,71;77
15545,71;67
15546,71;68
15547,71;11021
15548,71;77
15549,71;66
15550,71;90
15551,71;73
15552,71;80
15553,71;11025
15554,71;75
15556,86;76
15557,86;76
15558,86;68
15559,86;69
15560,86;11038
15561,86;63
15562,86;64
15563,86;88
15564,86;61
15565,86;97
15566,86;11046
15567,86;81
15568,86;64
15569,86;80
15570,86;62
15571,86;73
15572,86;11046
15573,86;68
15574,86;72
15575,86;71
15576,86;55
15577,86;74
15578,86;11077
15579,86;82
15580,86;68
15581,86;78
15582,86;59
15583,86;73
15584,86;11049
15585,86;57
15586,86;73
15587,86;86
15588,86;76
15589,86;90
15590,86;11043
15591,86;64
15592,86;60
15593,86;78
15594,86;63
15595,86;81
15596,86;11058
15597,86;82
15598,86;76
15599,86;70
15600,86;93
15601,86;74
15602,86;11065
15603,86;61
15604,86;58
15605,86;67
15606,86;76
15607,86;84
15608,86;11041
15609,86;62
15610,86;57
15611,86;84
15612,86;73
15613,86;89
15614,86;11047
15615,86;68
15616,86;90
15617,86;75
15618,86;75
15619,86;82
15620,86;11071
15621,86;62
15622,86;91
15623,86;83
15624,86;83
15625,86;84
15626,86;11016
15627,86;64
15628,86;84
15629,86;70
15630,86;92
15631,86;83
15632,86;10714
15633,86;67
15634,86;70
15635,86;72
15636,86;63
15637,86;78
15638,86;10972
15639,86;61
15640,86;76
15641,86;87
15642,86;72
15643,86;58
15644,86;11031
15645,86;60
15646,86;63
15647,86;83
15648,86;74
15649,86;70
15650,86;11039
15651,86;68
15652,86;69
15653,86;76
15654,86;81
15655,86;70
15656,86;11041
15657,265;93
15658,265;71
15659,265;66
15660,265;70
15661,265;85
15662,265;11042
15663,265;66
15664,265;75
15665,265;77
15666,265;81
15667,265;83
15668,265;11033
15669,265;71
15670,265;82
15671,265;82
15672,265;75
15673,265;76
15674,265;11038
15675,265;72
15676,265;89
15677,265;64
15678,265;78
15679,265;68
15680,265;11043
15681,265;72
15682,265;57
15683,265;75
15684,265;95
15685,265;73
15686,265;11057
15687,265;77
15688,265;66
15689,265;73
15690,265;74
15691,265;77
15692,265;11055
15693,265;74
15694,265;74
15695,265;66
15696,265;86
15697,265;88
15698,265;11016
15699,265;75
15700,265;67
15701,265;58
15702,265;80
15703,265;94
15704,265;11074
15705,265;85
15706,265;55
15707,265;81
15708,265;80
15709,265;81
15710,265;11044
15711,265;71
15712,265;74
15713,265;87
15714,265;77
15715,265;71
15716,265;11053
15717,265;70
15718,265;46
15719,265;67
15720,265;87
15721,265;85
15722,265;11046
15723,265;74
15724,265;72
15725,265;69
15726,265;82
15727,265;75
15728,265;11028
15729,265;55
15730,265;65
15731,265;75
15732,265;70
15733,265;80
15734,265;11041
15735,265;60
15736,265;67
15737,265;72
15738,265;76
15739,265;69
15740,265;11015
15741,265;83
15742,265;76
15743,265;73
15744,265;61
15745,265;88
15746,265;11039
15747,265;63
15748,265;64
15749,265;62
15750,265;78
15751,265;85
15752,265;11051
15753,265;67
15754,265;62
15755,265;75
15756,265;68
15757,265;73
15757,36;11054
15758,36;63
15759,36;66
15760,36;82
15761,36;68
15762,36;82
15763,36;11045
15764,36;55
15765,36;62
15766,36;66
15767,36;58
15768,36;92
15769,36;11013
15770,36;59
15771,36;50
15772,36;72
15773,36;70
15774,36;73
15775,36;11040
15776,36;71
15777,36;64
15778,36;61
15779,36;70
15780,36;63
15781,36;11045
15782,36;67
15783,36;71
15784,36;67
15785,36;45
15786,36;84
15787,36;11017
15788,36;70
15789,36;69
15790,36;78
15791,36;68
15792,36;86
15793,36;11065
15794,36;54
15795,36;72
15796,36;72
15797,36;55
15798,36;72
15799,36;11044
15800,36;53
15801,36;85
15802,36;62
15803,36;60
15804,36;87
15805,36;11032
15806,36;71
15807,36;73
15808,36;65
15809,36;83
15810,36;68
15811,36;11037
15812,36;65
15813,36;67
15814,36;69
15815,36;69
15816,36;69
15817,36;11064
15818,36;61
15819,36;74
15820,36;69
15821,36;87
15822,36;71
15823,36;11080
15824,36;62
15825,36;75
15826,36;75
15827,36;76
15828,36;69
15829,36;11048
15830,36;62
15831,36;63
15832,36;87
15833,36;74
15834,36;64
15835,36;11043
15836,36;58
15837,36;71
15838,36;68
15839,36;70
15840,36;68
15841,36;11055
15842,36;64
15843,36;71
15844,36;76
15845,36;62
15846,36;87
15847,36;11027
15848,36;65
15849,36;95
15850,36;65
15851,36;55
15852,36;70
15853,36;11053
15854,36;59
15855,36;78
15856,36;69
15857,36;78
15858,9;60
15859,9;11042
15860,9;62
15861,9;74
15862,9;98
15863,9;60
15864,9;60
15865,9;11054
15866,9;71
15867,9;68
15868,9;58
15869,9;69
15870,9;73
15871,9;11036
15872,9;56
15873,9;72
15874,9;69
15875,9;83
15876,9;65
15877,9;11028
15878,9;64
15879,9;72
15880,9;69
15881,9;76
15882,9;73
15883,9;11070
15884,9;74
15885,9;67
15886,9;63
15887,9;73
15888,9;76
15889,9;11051
15890,9;59
15891,9;61
15892,9;62
15893,9;76
15894,9;68
15895,9;11022
15896,9;66
15897,9;70
15898,9;69
15899,9;65
15900,9;71
15901,9;11054
15902,9;73
15903,9;72
15904,9;62
15905,9;62
15906,9;72
15907,9;11023
15908,9;76
15909,9;62
15910,9;61
15911,9;91
15912,9;64
15913,9;11004
15914,9;52
15915,9;60
15916,9;61
15917,9;76
15918,9;58
15919,9;11058
15920,9;57
15921,9;70
15922,9;65
15923,9;63
15924,9;74
15925,9;11071
15926,9;54
15927,9;71
15928,9;70
15929,9;58
15930,9;78
15931,9;11043
15932,9;54
15933,9;50
15934,9;57
15935,9;60
15936,9;73
15937,9;11032
15938,9;56
15939,9;58
15940,9;74
15941,9;70
15942,9;67
15943,9;10710
15944,9;69
15945,9;61
15946,9;67
15947,9;71
15948,9;57
15949,9;11003
15950,9;48
15951,9;68
15952,9;57
15953,9;53
15954,9;81
15955,9;11040
15956,9;54
15957,9;62
15958,9;60
15959,9;50
15960,9;73
15961,9;11038
15962,9;69
15963,9;63
15964,9;70
15965,9;70
15966,9;74
15967,9;11032
15968,9;42
15969,9;71
15970,9;63
15971,9;72
15972,9;78
15973,9;11057
15974,9;59
15975,9;67
15976,9;64
15977,9;62
15978,9;85
15979,9;11047
15980,9;65
15981,9;57
15982,9;68
15983,9;66
15984,9;59
15985,9;11078
15986,9;62
15987,9;58
15988,9;61
15989,9;81
15990,9;61
15991,9;11051
15992,9;60
15993,9;55
15994,9;85
15995,9;72
15996,9;88
15997,9;11054
15998,9;68
15999,9;49
16000,9;84
16001,9;72
16002,9;67
16003,9;11068
16004,9;66
16005,9;54
16006,9;78
16007,9;68
16008,9;66
16009,9;11024
16010,9;60
16011,9;59
16012,9;69
16013,9;60
16014,9;78
16015,9;11081
16016,9;50
16017,9;71
16018,9;78
16019,9;75
16020,9;64
16021,9;11049
16022,9;64
16023,9;65
16024,9;56
16025,9;70
16026,9;79
16027,9;11069
16028,9;57
16029,9;70
16030,9;52
16031,9;74
16032,9;81
16033,9;11068
16034,9;67
16035,9;59
16036,9;62
16037,9;78
16038,9;82
16039,9;11056
16040,9;67
16041,9;66
16042,9;67
16043,9;78
16044,9;67
16045,9;11070
16046,9;59
16047,9;72
16048,9;67
16049,9;78
16050,9;62
16051,9;11016
16052,9;89
16053,9;74
16054,9;78
16055,9;70
16056,9;82
16057,9;11045
16058,9;69
16059,9;55
16061,199;73
16062,199;67
16063,199;74
16064,199;11046
16065,199;62
16066,199;93
16067,199;72
16068,199;70
16069,199;75
16070,199;11030
16071,199;58
16072,199;82
16073,199;60
16074,199;54
16075,199;78
16076,199;11046
16077,199;65
16078,199;56
16079,199;77
16080,199;76
16081,199;61
16082,199;11068
16083,199;70
16084,199;56
16085,199;73
16086,199;84
16087,199;77
16088,199;11046
16089,199;63
16090,199;53
16091,199;69
16092,199;80
16093,199;60
16094,199;11035
16095,199;72
16096,199;51
16097,199;77
16098,199;73
16099,199;63
16100,199;11033
16101,199;53
16102,199;65
16103,199;71
16104,199;64
16105,199;76
16106,199;11047
16107,199;67
16108,199;74
16109,199;77
16110,199;80
16111,199;77
16112,199;11033
16113,199;50
16114,199;59
16115,199;70
16116,199;91
16117,199;74
16118,199;10999
16119,199;67
16120,199;74
16121,199;57
16122,199;66
16123,199;72
16124,199;11039
16125,199;73
16126,199;76
16127,199;64
16128,199;83
16129,199;81
16130,199;11039
16131,199;71
16132,199;63
16133,199;76
16134,199;62
16135,199;70
16136,199;11044
16137,199;53
16138,199;80
16139,199;70
16140,199;74
16141,199;74
16142,199;11077
16143,199;76
16144,199;73
16145,199;68
16146,199;76
16147,199;69
16148,199;11045
16149,199;64
16150,199;71
16151,199;77
16152,199;57
16153,199;72
16154,199;11050
16155,199;56
16156,199;50
16157,199;79
16158,199;75
16159,199;83
16160,199;11022
16161,199;67
16162,86;75
16163,86;72
16164,86;75
16165,86;68
16166,86;11042
16167,86;68
16168,86;73
16169,86;84
16170,86;65
16171,86;76
16172,86;11049
16173,86;72
16174,86;77
16175,86;60
16176,86;76
16177,86;76
16178,86;11084
16179,86;73
16180,86;61
16181,86;74
16182,86;81
16183,86;84
16184,86;11068
16185,86;77
16186,86;72
16187,86;74
16188,86;63
16189,86;63
16190,86;11053
16191,86;74
16192,86;63
16193,86;70
16194,86;78
16195,86;78
16196,86;11038
16197,86;64
16198,86;73
16199,86;87
16200,86;67
16201,86;65
16202,86;11049
16203,86;62
16204,86;76
16205,86;73
16206,86;91
16207,86;92
16208,86;11071
16209,86;57
16210,86;68
16211,86;70
16212,86;80
16213,86;77
16214,86;11040
16215,86;62
16216,86;59
16217,86;74
16218,86;80
16219,86;80
16220,86;11071
16221,86;68
16222,86;69
16223,86;85
16224,86;67
16225,86;84
16226,86;11048
16227,86;70
16228,86;69
16229,86;69
16230,86;80
16231,86;67
16232,86;11030
16233,86;72
16234,86;81
16235,86;68
16236,86;75
16237,86;77
16238,86;11074
16239,86;73
16240,86;65
16241,86;71
16242,86;81
16243,86;84
16244,86;11071
16245,86;59
16246,86;64
16247,86;68
16248,86;86
16249,86;83
16250,86;11005
16251,86;79
16252,86;60
16253,86;84
16254,86;89
16255,86;55
16256,86;10749
16257,86;75
16258,86;73
16259,86;74
16260,86;82
16261,86;72
16262,86;11007
16263,21;84
16264,21;66
16265,21;77
16266,21;80
16267,21;88
16268,21;11060
16269,21;60
16270,21;73
16271,21;75
16272,21;75
16273,21;82
16274,21;11058
16275,21;60
16276,21;68
16277,21;66
16278,21;88
16279,21;71
16280,21;11062
16281,21;76
16282,21;75
16283,21;68
16284,21;76
16285,21;82
16286,21;11040
16287,21;65
16288,21;88
16289,21;79
16290,21;83
16291,21;87
16292,21;11056
16293,21;52
16294,21;78
16295,21;84
16296,21;79
16297,21;64
16298,21;11060
16299,21;62
16300,21;61
16301,21;80
16302,21;69
16303,21;74
16304,21;11065
16305,21;71
16306,21;74
16307,21;74
16308,21;79
16309,21;85
16310,21;11062
16311,21;63
16312,21;66
16313,21;73
16314,21;68
16315,21;92
16316,21;11060
16317,21;65
16318,21;64
16319,21;76
16320,21;69
16321,21;78
16322,21;11062
16323,21;83
16324,21;80
16325,21;61
16326,21;81
16327,21;61
16328,21;11106
16329,21;76
16330,21;66
16331,21;71
16332,21;82
16333,21;77
16334,21;11042
16335,21;71
16336,21;75
16337,21;72
16338,21;74
16339,21;62
16340,21;11040
16341,21;63
16342,21;64
16343,21;78
16344,21;78
16345,21;71
16346,21;11030
16347,21;66
16348,21;70
16349,21;73
16350,21;67
16351,21;73
16352,21;11048
16353,21;75
16354,21;61
16355,21;90
16356,21;79
16357,21;73
16358,21;11047
16359,21;66
16360,21;64
16361,21;82
16362,21;73
16363,21;85
16364,72;11026
16365,72;58
16366,72;62
16367,72;66
16368,72;63
16369,72;72
16370,72;11051
16371,72;63
16372,72;73
16373,72;80
16374,72;73
16375,72;66
16376,72;11032
16377,72;66
16378,72;78
16379,72;75
16380,72;78
16381,72;83
16382,72;11062
16383,72;72
16384,72;72
16385,72;68
16386,72;76
16387,72;68
16388,72;11026
16389,72;61
16390,72;65
16391,72;70
16392,72;66
16393,72;79
16394,72;11055
16395,72;60
16396,72;70
16397,72;55
16398,72;66
16399,72;70
16400,72;11053
16401,72;72
16402,72;82
16403,72;76
16404,72;78
16405,72;82
16406,72;11076
16407,72;69
16408,72;65
16409,72;83
16410,72;82
16411,72;70
16412,72;11037
16413,72;72
16414,72;66
16415,72;78
16416,72;66
16417,72;64
16418,72;11051
16419,72;66
16420,72;75
16421,72;53
16422,72;70
16423,72;71
16424,72;11037
16425,72;49
16426,72;57
16427,72;53
16428,72;74
16429,72;69
16430,72;11046
16431,72;74
16432,72;57
16433,72;83
16434,72;77
16435,72;68
16436,72;11059
16437,72;67
16438,72;71
16439,72;70
16440,72;74
16441,72;82
16442,72;11056
16443,72;67
16444,72;61
16445,72;73
16446,72;70
16447,72;100
16448,72;11063
16449,72;62
16450,72;75
16451,72;83
16452,72;79
16453,72;78
16454,72;11046
16455,72;57
16456,72;78
16457,72;76
16458,72;73
16459,72;67
16460,72;11072
16461,72;74
16462,72;69
16463,72;71
16464,72;69
16465,72;70
16466,72;11054
16467,72;50
16468,72;83
16469,72;79
16470,72;76
16471,72;79
16472,72;11041
16473,72;65
16474,72;69
16475,72;71
16476,72;71
16477,72;53
16478,72;11082
16479,72;68
16480,72;62
16481,72;82
16482,72;85
16483,72;73
16484,72;11089
16485,72;57
16486,72;73
16487,72;60
16488,72;82
16489,72;50
16490,72;11034
16491,72;60
16492,72;66
16493,72;60
16494,72;62
16495,72;86
16496,72;11050
16497,72;70
16498,72;66
16499,72;58
16500,72;78
16501,72;86
16502,72;11025
16503,72;47
16504,72;57
16505,72;71
16506,72;73
16507,72;86
16508,72;11070
16509,72;56
16510,72;57
16511,72;67
16512,72;89
16513,72;73
16514,72;11064
16515,72;74
16516,72;62
16517,72;69
16518,72;69
16519,72;70
16520,72;11076
16521,72;58
16522,72;64
16523,72;84
16524,72;66
16525,72;78
16526,72;11034
16527,72;69
16528,72;68
16529,72;72
16530,72;71
16531,72;86
16532,72;11086
16533,72;60
16534,72;57
16535,72;66
16536,72;69
16537,72;73
16538,72;11059
16539,72;50
16540,72;69
16541,72;63
16542,72;60
16543,72;86
16544,72;11062
16545,72;58
16546,72;62
16547,72;56
16548,72;67
16549,72;74
16550,72;11028
16551,72;52
16552,72;62
16553,72;71
16554,72;59
16555,72;56
16556,72;11069
16557,72;63
16558,72;52
16559,72;65
16560,72;66
16561,72;58
16562,72;11057
16563,72;58
16564,72;49
16565,72;64
16566,279;64
16567,279;55
16568,279;10730
16569,279;58
16570,279;68
16571,279;68
16572,279;55
16573,279;66
16574,279;10966
16575,279;63
16576,279;79
16577,279;70
16578,279;66
16579,279;65
16580,279;11037
16581,279;43
16582,279;63
16583,279;68
16584,279;56
16585,279;72
16586,279;11050
16587,279;56
16588,279;59
16589,279;74
16590,279;71
16591,279;75
16592,279;11048
16593,279;70
16594,279;68
16595,279;65
16596,279;57
16597,279;73
16598,279;11072
16599,279;59
16600,279;71
16601,279;59
16602,279;57
16603,279;60
16604,279;11069
16605,279;62
16606,279;81
16607,279;62
16608,279;72
16609,279;68
16610,279;11078
16611,279;54
16612,279;65
16613,279;75
16614,279;82
16615,279;57
16616,279;11032
16617,279;77
16618,279;64
16619,279;66
16620,279;79
16621,279;70
16622,279;11059
16623,279;62
16624,279;60
16625,279;58
16626,279;66
16627,279;77
16628,279;11085
16629,279;68
16630,279;54
16631,279;77
16632,279;75
16633,279;81
16634,279;11049
16635,279;64
16636,279;59
16637,279;67
16638,279;78
16639,279;80
16640,279;11053
16641,279;70
16642,279;66
16643,279;71
16644,279;57
16645,279;68
16646,279;11077
16647,279;59
16648,279;77
16649,279;62
16650,279;68
16651,279;71
16652,279;11048
16653,279;65
16654,279;77
16655,279;58
16656,279;68
16657,279;69
16658,279;11070
16659,279;62
16660,279;58
16661,279;51
16662,279;55
16663,279;83
16664,279;11076
16665,279;67
16666,279;75
16667,278;68
16668,278;66
16669,278;74
16670,278;11059
16671,278;55
16672,278;63
16673,278;70
16674,278;69
16675,278;68
16676,278;11068
16677,278;64
16678,278;68
16679,278;80
16680,278;66
16681,278;59
16682,278;11045
16683,278;54
16684,278;72
16685,278;63
16686,278;72
16687,278;64
16688,278;11052
16689,278;68
16690,278;71
16691,278;72
16692,278;63
16693,278;71
16694,278;11045
16695,278;73
16696,278;64
16697,278;90
16698,278;64
16699,278;72
16700,278;11036
16701,278;62
16702,278;64
16703,278;58
16704,278;63
16705,278;60
16706,278;11052
16707,278;60
16708,278;75
16709,278;58
16710,278;74
16711,278;69
16712,278;11046
16713,278;57
16714,278;71
16715,278;57
16716,278;73
16717,278;62
16718,278;11063
16719,278;71
16720,278;55
16721,278;73
16722,278;65
16723,278;79
16724,278;11075
16725,278;76
16726,278;62
16727,278;76
16728,278;67
16729,278;85
16730,278;11066
16731,278;68
16732,278;56
16733,278;82
16734,278;77
16735,278;67
16736,278;11015
16737,278;66
16738,278;67
16739,278;55
16740,278;63
16741,278;65
16742,278;11057
16743,278;75
16744,278;81
16745,278;72
16746,278;88
16747,278;93
16748,278;11054
16749,278;74
16750,278;44
16751,278;70
16752,278;73
16753,278;69
16754,278;11070
16755,278;52
16756,278;76
16757,278;74
16758,278;82
16759,278;63
16760,278;11078
16761,278;65
16762,278;71
16763,278;81
16764,278;81
16765,278;77
16766,278;11067
16767,278;87
16768,301;72
16769,301;72
16770,301;66
16771,301;78
16772,301;11024
16773,301;49
16774,301;66
16775,301;78
16776,301;72
16777,301;81
16778,301;11050
16779,301;70
16780,301;78
16781,301;85
16782,301;75
16783,301;74
16784,301;11058
16785,301;51
16786,301;68
16787,301;70
16788,301;68
16789,301;73
16790,301;11077
16791,301;67
16792,301;66
16793,301;81
16794,301;69
16795,301;63
16796,301;11069
16797,301;50
16798,301;73
16799,301;75
16800,301;84
16801,301;68
16802,301;11063
16803,301;70
16804,301;75
16805,301;81
16806,301;81
16807,301;79
16808,301;11042
16809,301;75
16810,301;67
16811,301;72
16812,301;65
16813,301;77
16814,301;11069
16815,301;69
16816,301;67
16817,301;79
16818,301;83
16819,301;83
16820,301;11067
16821,301;82
16822,301;86
16823,301;74
16824,301;78
16825,301;80
16826,301;11089
16827,301;62
16828,301;70
16829,301;72
16830,301;70
16831,301;74
16832,301;11058
16833,301;67
16834,301;66
16835,301;73
16836,301;96
16837,301;82
16838,301;11061
16839,301;67
16840,301;73
16841,301;68
16842,301;73
16843,301;62
16844,301;11097
16845,301;75
16846,301;73
16847,301;72
16848,301;62
16849,301;81
16850,301;11038
16851,301;71
16852,301;60
16853,301;76
16854,301;77
16855,301;98
16856,301;11066
16857,301;68
16858,301;90
16859,301;77
16860,301;79
16861,301;81
16862,301;11080
16863,301;62
16864,301;70
16865,301;70
16866,301;77
16867,301;76
16868,301;11024
16869,733;60
16870,733;72
16871,733;96
16872,733;85
16873,733;67
16874,733;11065
16875,733;85
16876,733;75
16877,733;64
16878,733;71
16879,733;85
16880,733;10762
16881,733;60
16882,733;64
16883,733;76
16884,733;59
16885,733;80
16886,733;11021
16887,733;63
16888,733;71
16889,733;72
16890,733;85
16891,733;90
16892,733;11069
16893,733;66
16894,733;54
16895,733;65
16896,733;80
16897,733;85
16898,733;11109
16899,733;63
16900,733;83
16901,733;88
16902,733;57
16903,733;70
16904,733;11092
16905,733;66
16906,733;61
16907,733;70
16908,733;79
16909,733;75
16910,733;11070
16911,733;68
16912,733;71
16913,733;75
16914,733;62
16915,733;78
16916,733;11094
16917,733;78
16918,733;67
16919,733;87
16920,733;91
16921,733;78
16922,733;11111
16923,733;64
16924,733;86
16925,733;62
16926,733;71
16927,733;69
16928,733;11122
16929,733;56
16930,733;70
16931,733;66
16932,733;79
16933,733;69
16934,733;11064
16935,733;67
16936,733;71
16937,733;75
16938,733;82
16939,733;86
16940,733;11083
16941,733;67
16942,733;59
16943,733;61
16944,733;60
16945,733;77
16946,733;11112
16947,733;67
16948,733;86
16949,733;76
16950,733;69
16951,733;97
16952,733;11101
16953,733;62
16954,733;79
16955,733;69
16956,733;60
16957,733;82
16958,733;11061
16959,733;46
16960,733;79
16961,733;84
16962,733;70
16963,733;74
16964,733;11071
16965,733;67
16966,733;78
16967,733;55
16968,733;72
16969,733;73
16970,733;11086
16971,733;71
16972,733;59
16973,733;55
16974,733;77
16975,733;84
16976,733;11090
16977,733;64
16978,733;60
16979,733;76
16980,733;86
16981,733;65
16982,733;11104
16983,733;65
16984,733;68
16985,733;63
16986,733;71
16987,733;65
16988,733;11056
16989,733;63
16990,733;65
16991,733;63
16992,733;79
16993,733;70
16994,733;11059
16995,733;64
16996,733;78
16997,733;78
16998,733;69
16999,733;76
17000,733;11058
17001,733;67
17002,733;60
17003,733;80
17004,733;48
17005,733;73
17006,733;11091
17007,733;68
17008,733;85
17009,733;76
17010,733;82
17011,733;71
17012,733;11064
17013,733;68
17014,733;72
17015,733;85
17016,733;79
17017,733;83
17018,733;11089
17019,733;59
17020,733;67
17021,733;72
17022,733;79
17023,733;61
17024,733;11071
17025,733;64
17026,733;52
17027,733;64
17028,733;62
17029,733;67
17030,733;11096
17031,733;57
17032,733;58
17033,733;79
17034,733;68
17035,733;78
17036,733;11049
17037,733;78
17038,733;67
17039,733;57
17040,733;79
17041,733;80
17042,733;11072
17043,733;71
17044,733;69
17045,733;66
17046,733;73
17047,733;76
17048,733;11048
17049,733;69
17050,733;64
17051,733;85
17052,733;80
17053,733;75
17054,733;11076
17055,733;73
17056,733;72
17057,733;57
17058,733;66
17059,733;77
17060,733;11077
17061,733;65
17062,733;63
17063,733;73
17064,733;55
17065,733;77
17066,733;11077
17067,733;77
17068,733;54
17069,733;66
17070,733;80
17071,86;85
17072,86;11079
17073,86;65
17074,86;63
17075,86;66
17076,86;74
17077,86;72
17078,86;11062
17079,86;66
17080,86;56
17081,86;63
17082,86;85
17083,86;63
17084,86;11081
17085,86;80
17086,86;64
17087,86;76
17088,86;69
17089,86;79
17090,86;11060
17091,86;64
17092,86;77
17093,86;52
17094,86;68
17095,86;67
17096,86;11035
17097,86;64
17098,86;82
17099,86;83
17100,86;68
17101,86;70
17102,86;11071
17103,86;62
17104,86;85
17105,86;62
17106,86;73
17107,86;82
17108,86;11056
17109,86;76
17110,86;86
17111,86;81
17112,86;56
17113,86;81
17114,86;11080
17115,86;73
17116,86;55
17117,86;79
17118,86;77
17119,86;77
17120,86;11083
17121,86;68
17122,86;51
17123,86;81
17124,86;45
17125,86;80
17126,86;11085
17127,86;79
17128,86;67
17129,86;73
17130,86;64
17131,86;64
17132,86;11081
17133,86;63
17134,86;40
17135,86;77
17136,86;67
17137,86;76
17138,86;11104
17139,86;67
17140,86;62
17141,86;71
17142,86;78
17143,86;64
17144,86;11059
17145,86;64
17146,86;68
17147,86;73
17148,86;65
17149,86;68
17150,86;11083
17151,86;61
17152,86;57
17153,86;66
17154,86;55
17155,86;68
17156,86;11071
17157,86;53
17158,86;81
17159,86;72
17160,86;68
17161,86;62
17162,86;11086
17163,86;58
17164,86;53
17165,86;61
17166,86;64
17167,86;76
17168,86;11069
17169,86;64
17170,86;55
17171,86;52
17172,035;73
17173,035;54
17174,035;11092
17175,035;61
17176,035;61
17177,035;67
17178,035;39
17179,035;77
17180,035;11101
17181,035;62
17182,035;67
17183,035;68
17184,035;63
17185,035;68
17186,035;11046
17187,035;50
17188,035;58
17189,035;54
17190,035;66
17191,035;68
17192,035;10739
17193,035;48
17194,035;59
17195,035;58
17196,035;69
17197,035;78
17198,035;10985
17199,035;69
17200,035;69
17201,035;64
17202,035;53
17203,035;54
17204,035;11050
17205,035;67
17206,035;69
17207,035;69
17208,035;59
17209,035;66
17210,035;11072
17211,035;71
17212,035;64
17213,035;53
17214,035;64
17215,035;70
17216,035;11053
17217,035;52
17218,035;66
17219,035;65
17220,035;70
17221,035;83
17222,035;11084
17223,035;67
17224,035;71
17225,035;63
17226,035;64
17227,035;70
17228,035;11059
17229,035;72
17230,035;71
17231,035;73
17232,035;79
17233,035;72
17234,035;11088
17235,035;76
17236,035;74
17237,035;69
17238,035;62
17239,035;73
17240,035;11094
17241,035;60
17242,035;77
17243,035;58
17244,035;61
17245,035;67
17246,035;11044
17247,035;63
17248,035;64
17249,035;70
17250,035;71
17251,035;72
17252,035;11059
17253,035;60
17254,035;70
17255,035;58
17256,035;78
17257,035;80
17258,035;11043
17259,035;61
17260,035;63
17261,035;83
17262,035;67
17263,035;67
17264,035;11060
17265,035;65
17266,035;72
17267,035;48
17268,035;61
17269,035;78
17270,035;11074
17271,035;72
17272,035;58
17272,527;68
17273,527;69
17274,527;73
17275,527;11043
17276,527;81
17277,527;69
17278,527;65
17279,527;73
17280,527;64
17281,527;11075
17282,527;66
17283,527;80
17284,527;69
17285,527;61
17286,527;78
17287,527;11069
17288,527;59
17289,527;52
17290,527;67
17291,527;52
17292,527;74
17293,527;11057
17294,527;79
17295,527;76
17296,527;78
17297,527;68
17298,527;73
17299,527;11064
17300,527;61
17301,527;74
17302,527;64
17303,527;67
17304,527;87
17305,527;11094
17306,527;53
17307,527;76
17308,527;64
17309,527;79
17310,527;76
17311,527;11046
17312,527;64
17313,527;81
17314,527;62
17315,527;89
17316,527;73
17317,527;11061
17318,527;70
17319,527;53
17320,527;70
17321,527;68
17322,527;78
17323,527;11062
17324,527;61
17325,527;64
17326,527;66
17327,527;91
17328,527;75
17329,527;11071
17330,527;61
17331,527;65
17332,527;87
17333,527;80
17334,527;79
17335,527;11063
17336,527;51
17337,527;55
17338,527;75
17339,527;52
17340,527;77
17341,527;11044
17342,527;70
17343,527;74
17344,527;71
17345,527;67
17346,527;63
17347,527;11068
17348,527;61
17349,527;60
17350,527;87
17351,527;68
17352,527;68
17353,527;11097
17354,527;61
17355,527;82
17356,527;71
17357,527;73
17358,527;87
17359,527;11077
17360,527;64
17361,527;64
17362,527;59
17363,527;76
17364,527;75
17365,527;11086
17366,527;58
17367,527;70
17368,527;59
17369,527;72
17370,527;72
17371,527;11094
17372,527;57
17373,437;75
17374,437;84
17375,437;70
17376,437;70
17377,437;11065
17378,437;59
17379,437;72
17380,437;61
17381,437;54
17382,437;93
17383,437;11091
17384,437;66
17385,437;80
17386,437;67
17387,437;59
17388,437;79
17389,437;11080
17390,437;52
17391,437;73
17392,437;65
17393,437;71
17394,437;71
17395,437;11082
17396,437;64
17397,437;78
17398,437;81
17399,437;71
17400,437;66
17401,437;11066
17402,437;64
17403,437;61
17404,437;61
17405,437;66
17406,437;69
17407,437;11100
17408,437;60
17409,437;62
17410,437;69
17411,437;84
17412,437;77
17413,437;11086
17414,437;41
17415,437;62
17416,437;73
17417,437;69
17418,437;83
17419,437;11106
17420,437;87
17421,437;85
17422,437;63
17423,437;87
17424,437;75
17425,437;11105
17426,437;75
17427,437;76
17428,437;61
17429,437;70
17430,437;73
17431,437;11102
17432,437;72
17433,437;71
17434,437;76
17435,437;79
17436,437;73
17437,437;11105
17438,437;74
17439,437;73
17440,437;83
17441,437;72
17442,437;73
17443,437;11079
17444,437;80
17445,437;68
17446,437;68
17447,437;86
17448,437;70
17449,437;11081
17450,437;63
17451,437;72
17452,437;72
17453,437;75
17454,437;81
17455,437;11060
17456,437;63
17457,437;77
17458,437;68
17459,437;80
17460,437;75
17461,437;11067
17462,437;73
17463,437;66
17464,437;60
17465,437;83
17466,437;71
17467,437;11113
17468,437;62
17469,437;58
17470,437;74
17471,437;79
17472,437;71
17473,437;11088
17475,561;65
17476,561;66
17477,561;55
17478,561;63
17479,561;81
17480,561;11090
17481,561;92
17482,561;73
17483,561;70
17484,561;97
17485,561;74
17486,561;11121
17487,561;64
17488,561;57
17489,561;77
17490,561;64
17491,561;96
17492,561;11110
17493,561;70
17494,561;70
17495,561;68
17496,561;65
17497,561;85
17498,561;11070
17499,561;67
17500,561;68
17501,561;74
17502,561;73
17503,561;71
17504,561;10768
17505,561;61
17506,561;64
17507,561;62
17508,561;83
17509,561;82
17510,561;11008
17511,561;64
17512,561;59
17513,561;70
17514,561;65
17515,561;74
17516,561;11089
17517,561;55
17518,561;70
17519,561;72
17520,561;77
17521,561;78
17522,561;11082
17523,561;84
17524,561;56
17525,561;63
17526,561;71
17527,561;74
17528,561;11085
17529,561;61
17530,561;74
17531,561;66
17532,561;69
17533,561;75
17534,561;11080
17535,561;81
17536,561;63
17537,561;65
17538,561;76
17539,561;75
17540,561;11086
17541,561;93
17542,561;83
17543,561;74
17544,561;64
17545,561;72
17546,561;11122
17547,561;68
17548,561;76
17549,561;78
17550,561;56
17551,561;58
17552,561;11078
17553,561;79
17554,561;67
17555,561;59
17556,561;76
17557,561;71
17558,561;11073
17559,561;64
17560,561;60
17561,561;73
17562,561;78
17563,561;86
17564,561;11092
17565,561;59
17566,561;66
17567,561;63
17568,561;73
17569,561;76
17570,561;11071
17571,561;71
17572,561;75
17573,561;68
17574,561;89
17575,561;87
17576,561;11100
17577,561;70
17578,561;66
17579,561;65
17580,561;78
17581,561;75
17582,561;11129
17583,561;64
17584,561;60
17585,561;82
17586,561;68
17587,561;67
17588,561;11075
17589,561;87
17590,561;68
17591,561;69
17592,561;72
17593,561;75
17594,561;11073
17595,561;68
17596,561;63
17597,561;69
17598,561;69
17599,561;72
17600,561;11071
17601,561;66
17602,561;86
17603,561;77
17604,561;67
17605,561;64
17606,561;11072
17607,561;74
17608,561;72
17609,561;70
17610,561;54
17611,561;75
17612,561;11080
17613,561;63
17614,561;73
17615,561;78
17616,561;49
17617,561;81
17618,561;11056
17619,561;68
17620,561;68
17621,561;79
17622,561;70
17623,561;75
17624,561;11060
17625,561;78
17626,561;70
17627,561;71
17628,561;84
17629,561;91
17630,561;11066
17631,561;50
17632,561;65
17633,561;76
17634,561;87
17635,561;69
17636,561;11060
17637,561;71
17638,561;69
17639,561;86
17640,561;62
17641,561;92
17642,561;11057
17643,561;63
17644,561;81
17645,561;51
17646,561;81
17647,561;63
17648,561;11077
17649,561;70
17650,561;83
17651,561;58
17652,561;66
17653,561;78
17654,561;11054
17655,561;73
17656,561;69
17657,561;67
17658,561;55
17659,561;80
17660,561;11062
17661,561;56
17662,561;62
17663,561;59
17664,561;61
17665,561;69
17666,561;11060
17667,561;72
17668,561;69
17669,561;72
17670,561;88
17671,561;80
17672,561;11054
17673,561;58
17674,561;67
17675,561;64
17676,561;75
17677,732;75
17678,732;11074
17679,732;72
17680,732;81
17681,732;73
17682,732;75
17683,732;64
17684,732;11066
17685,732;59
17686,732;66
17687,732;83
17688,732;69
17689,732;68
17690,732;11059
17691,732;58
17692,732;71
17693,732;75
17694,732;74
17695,732;60
17696,732;11049
17697,732;68
17698,732;66
17699,732;59
17700,732;68
17701,732;76
17702,732;11053
17703,732;54
17704,732;52
17705,732;59
17706,732;59
17707,732;71
17708,732;11082
17709,732;56
17710,732;62
17711,732;67
17712,732;72
17713,732;62
17714,732;11056
17715,732;74
17716,732;66
17717,732;67
17718,732;71
17719,732;77
17720,732;11119
17721,732;74
17722,732;65
17723,732;77
17724,732;75
17725,732;56
17726,732;11059
17727,732;45
17728,732;66
17729,732;58
17730,732;65
17731,732;67
17732,732;11065
17733,732;64
17734,732;66
17735,732;65
17736,732;74
17737,732;64
17738,732;11064
17739,732;59
17740,732;65
17741,732;71
17742,732;68
17743,732;83
17744,732;11068
17745,732;65
17746,732;77
17747,732;86
17748,732;68
17749,732;54
17750,732;11065
17751,732;59
17752,732;71
17753,732;69
17754,732;64
17755,732;77
17756,732;11043
17757,732;57
17758,732;73
17759,732;63
17760,732;72
17761,732;68
17762,732;11089
17763,732;61
17764,732;60
17765,732;79
17766,732;75
17767,732;84
17768,732;11083
17769,732;73
17770,732;65
17771,732;70
17772,732;61
17773,732;81
17774,732;11087
17775,732;45
17776,732;62
17777,732;74
17778,668;70
17779,668;77
17780,668;11077
17781,668;62
17782,668;56
17783,668;72
17784,668;61
17785,668;72
17786,668;11088
17787,668;79
17788,668;46
17789,668;87
17790,668;69
17791,668;58
17792,668;11095
17793,668;71
17794,668;59
17795,668;53
17796,668;59
17797,668;64
17798,668;11084
17799,668;59
17800,668;54
17801,668;62
17802,668;74
17803,668;59
17804,668;11091
17805,668;44
17806,668;55
17807,668;70
17808,668;64
17809,668;87
17810,668;11052
17811,668;70
17812,668;55
17813,668;49
17814,668;67
17815,668;58
17816,668;10722
17817,668;65
17818,668;69
17819,668;58
17820,668;56
17821,668;55
17822,668;10956
17823,668;63
17824,668;64
17825,668;58
17826,668;78
17827,668;50
17828,668;11042
17829,668;64
17830,668;67
17831,668;86
17832,668;80
17833,668;63
17834,668;11059
17835,668;61
17836,668;51
17837,668;69
17838,668;55
17839,668;75
17840,668;11059
17841,668;75
17842,668;64
17843,668;70
17844,668;58
17845,668;62
17846,668;11047
17847,668;70
17848,668;65
17849,668;58
17850,668;67
17851,668;64
17852,668;11051
17853,668;67
17854,668;77
17855,668;76
17856,668;74
17857,668;86
17858,668;11070
17859,668;66
17860,668;65
17861,668;57
17862,668;64
17863,668;62
17864,668;11088
17865,668;76
17866,668;65
17867,668;55
17868,668;89
17869,668;64
17870,668;11078
17871,668;67
17872,668;70
17873,668;71
17874,668;74
17875,668;70
17876,668;11055
17877,668;68
17878,668;71
17879,513;57
17880,513;70
17881,513;60
17882,513;11042
17883,513;67
17884,513;63
17885,513;82
17886,513;89
17887,513;70
17888,513;11046
17889,513;69
17890,513;66
17891,513;67
17892,513;69
17893,513;80
17894,513;11077
17895,513;54
17896,513;70
17897,513;62
17898,513;59
17899,513;73
17900,513;11085
17901,513;67
17902,513;78
17903,513;79
17904,513;79
17905,513;85
17906,513;11072
17907,513;74
17908,513;78
17909,513;80
17910,513;62
17911,513;70
17912,513;11083
17913,513;68
17914,513;65
17915,513;84
17916,513;80
17917,513;88
17918,513;11078
17919,513;61
17920,513;68
17921,513;69
17922,513;72
17923,513;75
17924,513;11059
17925,513;63
17926,513;56
17927,513;73
17928,513;80
17929,513;81
17930,513;11040
17931,513;58
17932,513;75
17933,513;71
17934,513;66
17935,513;88
17936,513;11040
17937,513;72
17938,513;68
17939,513;71
17940,513;70
17941,513;71
17942,513;11103
17943,513;67
17944,513;81
17945,513;64
17946,513;76
17947,513;79
17948,513;11074
17949,513;64
17950,513;73
17951,513;84
17952,513;69
17953,513;81
17954,513;11048
17955,513;67
17956,513;68
17957,513;63
17958,513;71
17959,513;71
17960,513;11056
17961,513;59
17962,513;87
17963,513;69
17964,513;57
17965,513;79
17966,513;11046
17967,513;76
17968,513;73
17969,513;82
17970,513;75
17971,513;69
17972,513;11095
17973,513;62
17974,513;66
17975,513;61
17976,513;61
17977,513;62
17978,513;11053
17979,513;61
17980,055;79
17981,055;74
17982,055;63
17983,055;69
17984,055;11061
17985,055;60
17986,055;64
17987,055;73
17988,055;76
17989,055;72
17990,055;11064
17991,055;57
17992,055;66
17993,055;58
17994,055;68
17995,055;88
17996,055;11061
17997,055;74
17998,055;87
17999,055;66
18000,055;64
18001,055;80
18002,055;11055
18003,055;57
18004,055;75
18005,055;75
18006,055;86
18007,055;76
18008,055;11068
18009,055;57
18010,055;83
18011,055;75
18012,055;75
18013,055;88
18014,055;11058
18015,055;55
18016,055;79
18017,055;71
18018,055;82
18019,055;64
18020,055;11057
18021,055;67
18022,055;58
18023,055;71
18024,055;64
18025,055;62
18026,055;11075
18027,055;69
18028,055;79
18029,055;70
18030,055;73
18031,055;95
18032,055;11071
18033,055;82
18034,055;55
18035,055;71
18036,055;73
18037,055;72
18038,055;11065
18039,055;61
18040,055;66
18041,055;56
18042,055;64
18043,055;72
18044,055;11064
18045,055;57
18046,055;77
18047,055;66
18048,055;70
18049,055;104
18050,055;11085
18051,055;63
18052,055;57
18053,055;80
18054,055;75
18055,055;89
18056,055;11055
18057,055;73
18058,055;76
18059,055;73
18060,055;77
18061,055;84
18062,055;11066
18063,055;59
18064,055;72
18065,055;85
18066,055;69
18067,055;83
18068,055;11081
18069,055;59
18070,055;78
18071,055;81
18072,055;69
18073,055;73
18074,055;11084
18075,055;65
18076,055;78
18077,055;76
18078,055;66
18079,055;61
18080,055;11051
18081,055;74
18082,055;71
18083,055;68
18084,055;93
18085,055;66
18086,055;11085
18087,055;60
18088,055;82
18089,055;78
18090,055;70
18091,055;77
18092,055;11065
18093,055;80
18094,055;66
18095,055;80
18096,055;63
18097,055;83
18098,055;11056
18099,055;69
18100,055;58
18101,055;75
18102,055;81
18103,055;82
18104,055;11069
18105,055;70
18106,055;51
18107,055;72
18108,055;67
18109,055;75
18110,055;11084
18111,055;80
18112,055;76
18113,055;85
18114,055;68
18115,055;78
18116,055;11071
18117,055;65
18118,055;72
18119,055;77
18120,055;73
18121,055;83
18122,055;11053
18123,055;67
18124,055;67
18125,055;90
18126,055;79
18127,055;76
18128,055;10732
18129,055;71
18130,055;75
18131,055;74
18132,055;73
18133,055;86
18134,055;10995
18135,055;56
18136,055;80
18137,055;83
18138,055;86
18139,055;98
18140,055;11057
18141,055;61
18142,055;84
18143,055;74
18144,055;66
18145,055;55
18146,055;11069
18147,055;70
18148,055;77
18149,055;79
18150,055;76
18151,055;73
18152,055;11075
18153,055;72
18154,055;76
18155,055;74
18156,055;73
18157,055;76
18158,055;11068
18159,055;78
18160,055;80
18161,055;77
18162,055;85
18163,055;71
18164,055;11062
18165,055;70
18166,055;73
18167,055;74
18168,055;70
18169,055;79
18170,055;11059
18171,055;78
18172,055;67
18173,055;78
18174,055;69
18175,055;60
18176,055;11069
18177,055;56
18178,055;58
18179,055;79
18180,055;65
18181,055;72
18182,391;11088
18183,391;62
18184,391;69
18185,391;88
18186,391;72
18187,391;69
18188,391;11054
18189,391;69
18190,391;55
18191,391;70
18192,391;90
18193,391;66
18194,391;11114
18195,391;64
18196,391;83
18197,391;70
18198,391;64
18199,391;91
18200,391;11077
18201,391;72
18202,391;49
18203,391;70
18204,391;74
18205,391;71
18206,391;11103
18207,391;70
18208,391;78
18209,391;65
18210,391;78
18211,391;96
18212,391;11108
18213,391;63
18214,391;74
18215,391;54
18216,391;90
18217,391;84
18218,391;11067
18219,391;62
18220,391;82
18221,391;66
18222,391;71
18223,391;68
18224,391;11059
18225,391;54
18226,391;57
18227,391;67
18228,391;71
18229,391;73
18230,391;11074
18231,391;73
18232,391;66
18233,391;76
18234,391;70
18235,391;71
18236,391;11088
18237,391;66
18238,391;66
18239,391;65
18240,391;77
18241,391;83
18242,391;11040
18243,391;63
18244,391;65
18245,391;85
18246,391;63
18247,391;81
18248,391;11081
18249,391;58
18250,391;66
18251,391;57
18252,391;68
18253,391;77
18254,391;11073
18255,391;80
18256,391;64
18257,391;72
18258,391;69
18259,391;80
18260,391;11073
18261,391;66
18262,391;81
18263,391;75
18264,391;71
18265,391;83
18266,391;11101
18267,391;68
18268,391;47
18269,391;64
18270,391;72
18271,391;73
18272,391;11044
18273,391;66
18274,391;89
18275,391;78
18276,391;64
18277,391;71
18278,391;11066
18279,391;63
18280,391;74
18281,391;62
18282,391;67
18283,477;90
18284,477;11070
18285,477;61
18286,477;58
18287,477;66
18288,477;68
18289,477;89
18290,477;11094
18291,477;59
18292,477;64
18293,477;59
18294,477;68
18295,477;73
18296,477;11032
18297,477;70
18298,477;68
18299,477;59
18300,477;72
18301,477;74
18302,477;11093
18303,477;55
18304,477;80
18305,477;67
18306,477;79
18307,477;82
18308,477;11056
18309,477;56
18310,477;66
18311,477;76
18312,477;54
18313,477;67
18314,477;11048
18315,477;81
18316,477;58
18317,477;74
18318,477;86
18319,477;72
18320,477;11079
18321,477;70
18322,477;63
18323,477;90
18324,477;66
18325,477;96
18326,477;11070
18327,477;55
18328,477;63
18329,477;68
18330,477;70
18331,477;81
18332,477;11054
18333,477;56
18334,477;75
18335,477;70
18336,477;82
18337,477;66
18338,477;11076
18339,477;67
18340,477;63
18341,477;77
18342,477;76
18343,477;79
18344,477;11075
18345,477;72
18346,477;55
18347,477;61
18348,477;68
18349,477;79
18350,477;11072
18351,477;56
18352,477;64
18353,477;61
18354,477;78
18355,477;74
18356,477;11069
18357,477;55
18358,477;65
18359,477;77
18360,477;69
18361,477;71
18362,477;11082
18363,477;63
18364,477;76
18365,477;55
18366,477;88
18367,477;86
18368,477;11073
18369,477;62
18370,477;72
18371,477;73
18372,477;60
18373,477;73
18374,477;11077
18375,477;62
18376,477;68
18377,477;75
18378,477;80
18379,477;79
18380,477;11061
18381,477;79
18382,477;62
18383,477;76
18384,497;64
18385,497;60
18386,497;11069
18387,497;66
18388,497;61
18389,497;83
18390,497;68
18391,497;73
18392,497;11044
18393,497;53
18394,497;64
18395,497;66
18396,497;70
18397,497;72
18398,497;11069
18399,497;50
18400,497;58
18401,497;83
18402,497;64
18403,497;65
18404,497;11093
18405,497;69
18406,497;66
18407,497;77
18408,497;62
18409,497;68
18410,497;11040
18411,497;55
18412,497;63
18413,497;62
18414,497;68
18415,497;68
18416,497;11038
18417,497;50
18418,497;57
18419,497;66
18420,497;58
18421,497;68
18422,497;11054
18423,497;47
18424,497;59
18425,497;66
18426,497;65
18427,497;52
18428,497;11041
18429,497;59
18430,497;54
18431,497;51
18432,497;58
18433,497;65
18434,497;11069
18435,497;67
18436,497;56
18437,497;65
18438,497;58
18439,497;77
18440,497;10706
18441,497;48
18442,497;56
18443,497;45
18444,497;60
18445,497;62
18446,497;10984
18447,497;60
18448,497;72
18449,497;79
18450,497;74
18451,497;72
18452,497;11034
18453,497;67
18454,497;51
18455,497;56
18456,497;75
18457,497;64
18458,497;11020
18459,497;53
18460,497;75
18461,497;63
18462,497;73
18463,497;64
18464,497;11043
18465,497;56
18466,497;74
18467,497;66
18468,497;70
18469,497;76
18470,497;11073
18471,497;67
18472,497;60
18473,497;73
18474,497;73
18475,497;79
18476,497;11042
18477,497;72
18478,497;66
18479,497;76
18480,497;69
18481,497;65
18482,497;11030
18483,497;80
18484,497;61
18485,742;74
18486,742;58
18487,742;65
18488,742;11073
18489,742;62
18490,742;73
18491,742;66
18492,742;70
18493,742;61
18494,742;11021
18495,742;71
18496,742;66
18497,742;75
18498,742;72
18499,742;65
18500,742;11050
18501,742;57
18502,742;60
18503,742;70
18504,742;48
18505,742;73
18506,742;11069
18507,742;74
18508,742;67
18509,742;76
18510,742;65
18511,742;66
18512,742;11070
18513,742;57
18514,742;79
18515,742;58
18516,742;80
18517,742;78
18518,742;11069
18519,742;62
18520,742;82
18521,742;53
18522,742;78
18523,742;81
18524,742;11045
18525,742;67
18526,742;61
18527,742;59
18528,742;79
18529,742;70
18530,742;11044
18531,742;65
18532,742;67
18533,742;63
18534,742;78
18535,742;77
18536,742;11050
18537,742;70
18538,742;57
18539,742;70
18540,742;68
18541,742;66
18542,742;11029
18543,742;48
18544,742;58
18545,742;76
18546,742;64
18547,742;62
18548,742;11035
18549,742;73
18550,742;71
18551,742;70
18552,742;62
18553,742;79
18554,742;11035
18555,742;59
18556,742;80
18557,742;56
18558,742;92
18559,742;68
18560,742;11040
18561,742;57
18562,742;48
18563,742;66
18564,742;83
18565,742;73
18566,742;11027
18567,742;61
18568,742;67
18569,742;62
18570,742;69
18571,742;66
18572,742;11053
18573,742;54
18574,742;56
18575,742;70
18576,742;65
18577,742;75
18578,742;11039
18579,742;78
18580,742;85
18581,742;80
18582,742;67
18583,742;76
18584,742;11066
18585,742;78
18586,742;86
18587,742;89
18588,742;76
18589,742;65
18590,742;11043
18591,742;78
18592,742;75
18593,742;60
18594,742;75
18595,742;77
18596,742;11025
18597,742;59
18598,742;57
18599,742;69
18600,742;57
18601,742;73
18602,742;11031
18603,742;58
18604,742;75
18605,742;77
18606,742;83
18607,742;80
18608,742;11051
18609,742;67
18610,742;58
18611,742;71
18612,742;62
18613,742;54
18614,742;11043
18615,742;61
18616,742;65
18617,742;64
18618,742;57
18619,742;78
18620,742;11057
18621,742;83
18622,742;69
18623,742;61
18624,742;77
18625,742;82
18626,742;11093
18627,742;69
18628,742;64
18629,742;70
18630,742;72
18631,742;81
18632,742;11079
18633,742;69
18634,742;80
18635,742;65
18636,742;70
18637,742;69
18638,742;11055
18639,742;72
18640,742;72
18641,742;58
18642,742;63
18643,742;76
18644,742;11066
18645,742;67
18646,742;69
18647,742;68
18648,742;89
18649,742;82
18650,742;11054
18651,742;52
18652,742;74
18653,742;68
18654,742;77
18655,742;76
18656,742;11074
18657,742;69
18658,742;73
18659,742;68
18660,742;77
18661,742;84
18662,742;11097
18663,742;52
18664,742;66
18665,742;65
18666,742;70
18667,742;92
18668,742;11071
18669,742;63
18670,742;86
18671,742;71
18672,742;67
18673,742;70
18674,742;11063
18675,742;79
18676,742;78
18677,742;77
18678,742;75
18679,742;70
18680,742;11060
18681,742;69
18682,742;78
18683,742;60
18684,742;79
18685,742;83
18686,742;11087
18687,734;73
18688,734;71
18689,734;66
18690,734;83
18691,734;75
18692,734;11047
18693,734;56
18694,734;68
18695,734;72
18696,734;85
18697,734;63
18698,734;11054
18699,734;80
18700,734;87
18701,734;81
18702,734;62
18703,734;72
18704,734;11057
18705,734;61
18706,734;62
18707,734;67
18708,734;78
18709,734;95
18710,734;11044
18711,734;76
18712,734;62
18713,734;67
18714,734;87
18715,734;75
18716,734;11064
18717,734;59
18718,734;67
18719,734;78
18720,734;70
18721,734;74
18722,734;11063
18723,734;62
18724,734;69
18725,734;73
18726,734;78
18727,734;83
18728,734;11072
18729,734;72
18730,734;76
18731,734;74
18732,734;87
18733,734;75
18734,734;11053
18735,734;59
18736,734;64
18737,734;61
18738,734;74
18739,734;85
18740,734;11062
18741,734;74
18742,734;73
18743,734;82
18744,734;68
18745,734;71
18746,734;11066
18747,734;65
18748,734;67
18749,734;74
18750,734;88
18751,734;78
18752,734;10728
18753,734;59
18754,734;75
18755,734;90
18756,734;91
18757,734;68
18758,734;10979
18759,734;68
18760,734;72
18761,734;79
18762,734;78
18763,734;103
18764,734;11035
18765,734;68
18766,734;79
18767,734;91
18768,734;83
18769,734;88
18770,734;11046
18771,734;63
18772,734;66
18773,734;64
18774,734;82
18775,734;75
18776,734;11038
18777,734;76
18778,734;90
18779,734;64
18780,734;92
18781,734;89
18782,734;11039
18783,734;56
18784,734;92
18785,734;79
18786,734;68
18787,734;72
18788,428;11065
18789,428;70
18790,428;66
18791,428;57
18792,428;80
18793,428;72
18794,428;11060
18795,428;74
18796,428;81
18797,428;84
18798,428;67
18799,428;68
18800,428;11051
18801,428;67
18802,428;93
18803,428;68
18804,428;94
18805,428;83
18806,428;11031
18807,428;52
18808,428;87
18809,428;78
18810,428;65
18811,428;85
18812,428;11090
18813,428;59
18814,428;59
18815,428;81
18816,428;67
18817,428;69
18818,428;11065
18819,428;66
18820,428;74
18821,428;84
18822,428;79
18823,428;67
18824,428;11065
18825,428;67
18826,428;80
18827,428;55
18828,428;62
18829,428;81
18830,428;11051
18831,428;79
18832,428;68
18833,428;75
18834,428;72
18835,428;84
18836,428;11051
18837,428;80
18838,428;72
18839,428;59
18840,428;57
18841,428;89
18842,428;11055
18843,428;73
18844,428;79
18845,428;73
18846,428;73
18847,428;84
18848,428;11058
18849,428;61
18850,428;42
18851,428;61
18852,428;62
18853,428;85
18854,428;11065
18855,428;72
18856,428;73
18857,428;81
18858,428;66
18859,428;72
18860,428;11054
18861,428;73
18862,428;78
18863,428;67
18864,428;58
18865,428;88
18866,428;11069
18867,428;70
18868,428;63
18869,428;73
18870,428;76
18871,428;52
18872,428;11073
18873,428;61
18874,428;68
18875,428;80
18876,428;78
18877,428;89
18878,428;11036
18879,428;51
18880,428;61
18881,428;69
18882,428;74
18883,428;71
18884,428;11064
18885,428;64
18886,428;68
18887,428;77
18888,428;80
18888,286;75
18889,286;11029
18890,286;62
18891,286;82
18892,286;90
18893,286;81
18894,286;80
18895,286;11021
18896,286;64
18897,286;80
18898,286;63
18899,286;73
18900,286;68
18901,286;11058
18902,286;63
18903,286;69
18904,286;67
18905,286;83
18906,286;50
18907,286;11067
18908,286;57
18909,286;67
18910,286;70
18911,286;88
18912,286;72
18913,286;11006
18914,286;60
18915,286;68
18916,286;72
18917,286;73
18918,286;87
18919,286;11031
18920,286;61
18921,286;87
18922,286;77
18923,286;68
18924,286;71
18925,286;11051
18926,286;55
18927,286;76
18928,286;77
18929,286;78
18930,286;66
18931,286;11034
18932,286;65
18933,286;60
18934,286;63
18935,286;80
18936,286;74
18937,286;11050
18938,286;61
18939,286;70
18940,286;70
18941,286;78
18942,286;75
18943,286;11042
18944,286;62
18945,286;77
18946,286;55
18947,286;67
18948,286;70
18949,286;11036
18950,286;67
18951,286;65
18952,286;64
18953,286;76
18954,286;65
18955,286;11069
18956,286;50
18957,286;66
18958,286;53
18959,286;67
18960,286;72
18961,286;11049
18962,286;67
18963,286;83
18964,286;72
18965,286;75
18966,286;76
18967,286;11025
18968,286;62
18969,286;75
18970,286;56
18971,286;82
18972,286;66
18973,286;11032
18974,286;60
18975,286;78
18976,286;74
18977,286;75
18978,286;68
18979,286;11061
18980,286;65
18981,286;57
18982,286;67
18983,286;60
18984,286;70
18985,286;11057
18986,286;63
18987,286;72
18988,286;66
18990,501;71
18991,501;90
18992,501;11051
18993,501;60
18994,501;77
18995,501;77
18996,501;63
18997,501;64
18998,501;11030
18999,501;57
19000,501;53
19001,501;63
19002,501;64
19003,501;76
19004,501;11022
19005,501;66
19006,501;72
19007,501;71
19008,501;82
19009,501;58
19010,501;11067
19011,501;52
19012,501;71
19013,501;61
19014,501;74
19015,501;72
19016,501;11041
19017,501;74
19018,501;78
19019,501;44
19020,501;59
19021,501;81
19022,501;11047
19023,501;69
19024,501;78
19025,501;82
19026,501;58
19027,501;67
19028,501;11052
19029,501;62
19030,501;65
19031,501;58
19032,501;67
19033,501;44
19034,501;11056
19035,501;60
19036,501;71
19037,501;68
19038,501;69
19039,501;81
19040,501;11050
19041,501;47
19042,501;56
19043,501;56
19044,501;57
19045,501;74
19046,501;11046
19047,501;45
19048,501;50
19049,501;58
19050,501;71
19051,501;66
19052,501;11049
19053,501;63
19054,501;62
19055,501;61
19056,501;62
19057,501;66
19058,501;11028
