2843,496;77
2844,496;5303
2845,496;82
2846,496;61
2847,496;72
2848,496;49
2849,496;3599
2850,496;6440
2851,496;77
2852,496;58
2853,496;72
2854,496;83
2855,496;4575
2856,496;6429
2857,496;56
2858,496;83
2859,496;72
2860,496;77
2861,496;4754
2862,496;6416
2863,496;62
2864,496;73
2865,496;65
2866,496;76
2867,496;4802
2868,496;6383
2869,496;96
2870,496;58
2871,496;78
2872,496;74
2873,496;4802
2874,496;6394
2875,496;72
2876,496;74
2877,496;72
2878,496;72
2879,496;4784
2880,496;6385
2881,496;59
2882,496;72
2883,496;57
2884,496;69
2885,496;4804
2886,496;6393
2887,496;58
2888,496;58
2889,496;80
2890,496;74
2891,496;4794
2892,496;6372
2893,496;74
2894,496;73
2895,496;73
2896,496;70
2897,496;4813
2898,496;6383
2899,496;76
2900,496;81
2901,496;68
2902,496;65
2903,496;4791
2904,496;6371
2905,496;73
2906,496;66
2907,496;69
2908,496;87
2909,496;4821
2910,496;6364
2911,496;67
2912,496;68
2913,496;81
2914,496;72
2915,496;4801
2916,496;6381
2917,496;44
2918,496;76
2919,496;80
2920,496;74
2921,496;4787
2922,496;6379
2923,496;63
2924,496;56
2925,496;58
2926,496;83
2927,496;4781
2928,496;6375
2929,496;79
2930,496;67
2931,162;70
2932,162;73
2933,162;4789
2934,162;6374
2935,162;69
2936,162;67
2937,162;77
2938,162;76
2939,162;4796
2940,162;6365
2941,162;75
2942,162;75
2943,162;75
2944,162;75
2945,162;4766
2946,162;6352
2947,162;75
2948,162;72
2949,162;66
2950,162;80
2951,162;4765
2952,162;6371
2953,162;74
2954,162;65
2955,162;80
2956,162;64
2957,162;4786
2958,162;6355
2959,162;77
2960,162;58
2961,162;82
2962,162;78
2963,162;4802
2964,162;6348
2965,162;62
2966,162;67
2967,162;74
2968,162;62
2969,162;4805
2970,162;6344
2971,162;78
2972,162;82
2973,162;64
2974,162;67
2975,162;4783
2976,162;6347
2977,162;58
2978,162;61
2979,162;74
2980,162;76
2981,162;4739
2982,162;6387
2983,162;63
2984,162;77
2985,162;100
2986,162;66
2987,162;4774
2988,162;6342
2989,162;84
2990,162;83
2991,162;60
2992,162;73
2993,162;4788
2994,162;6341
2995,162;86
2996,162;66
2997,162;79
2998,162;85
2999,162;4779
3000,162;6361
3001,162;58
3002,162;62
3003,162;81
3004,162;76
3005,162;4774
3006,162;6349
3007,162;64
3008,162;79
3009,162;65
3010,162;74
3011,162;4863
3012,162;6259
3013,162;64
3014,162;77
3015,162;80
3016,162;82
3017,162;4771
3018,162;6342
3019,162;62
3020,162;80
3021,162;81
3022,162;73
3023,162;4758
3024,162;6336
3025,162;66
3026,162;74
3027,162;72
3028,162;79
3029,162;4757
3030,162;6350
3031,162;63
3033,054;84
3034,054;74
3035,054;83
3036,054;4808
3037,054;6336
3038,054;73
3039,054;59
3040,054;76
3041,054;68
3042,054;4748
3043,054;6361
3044,054;66
3045,054;51
3046,054;76
3047,054;75
3048,054;4751
3049,054;6338
3050,054;67
3051,054;59
3052,054;68
3053,054;71
3054,054;4752
3055,054;6337
3056,054;63
3057,054;80
3058,054;76
3059,054;82
3060,054;4776
3061,054;6308
3062,054;71
3063,054;52
3064,054;57
3065,054;84
3066,054;4741
3067,054;6336
3068,054;68
3069,054;64
3070,054;46
3071,054;62
3072,054;4890
3073,054;6230
3074,054;54
3075,054;62
3076,054;68
3077,054;58
3078,054;4910
3079,054;6195
3080,054;65
3081,054;68
3082,054;60
3083,054;70
3084,054;4772
3085,054;6369
3086,054;43
3087,054;53
3088,054;68
3089,054;62
3090,054;4740
3091,054;6333
3092,054;66
3093,054;51
3094,054;47
3095,054;55
3096,054;4788
3097,054;6364
3098,054;60
3099,054;53
3100,054;50
3101,054;63
3102,054;4729
3103,054;6355
3104,054;47
3105,054;50
3106,054;54
3107,054;57
3108,054;4738
3109,054;6326
3110,054;50
3111,054;43
3112,054;54
3113,054;62
3114,054;4759
3115,054;6339
3116,054;51
3117,054;41
3118,054;49
3119,054;48
3120,054;4790
3121,054;6306
3122,054;60
3123,054;50
3124,054;65
3125,054;38
3126,054;4735
3127,054;6317
3128,054;53
3129,054;63
3130,054;48
3131,054;76
3132,054;4738
3133,054;6358
3133,719;44
3134,719;53
3135,719;59
3136,719;53
3137,719;4746
3138,719;6360
3139,719;60
3140,719;48
3141,719;52
3142,719;59
3143,719;4701
3144,719;6343
3145,719;40
3146,719;50
3147,719;51
3148,719;66
3149,719;4703
3150,719;6326
3151,719;49
3152,719;54
3153,719;53
3154,719;48
3155,719;4357
3156,719;6352
3157,719;55
3158,719;48
3159,719;61
3160,719;54
3161,719;4686
3162,719;6351
3163,719;41
3164,719;69
3165,719;52
3166,719;64
3167,719;4720
3168,719;6354
3169,719;33
3170,719;56
3171,719;58
3172,719;61
3173,719;4701
3174,719;6305
3175,719;51
3176,719;62
3177,719;57
3178,719;42
3179,719;4723
3180,719;6358
3181,719;54
3182,719;49
3183,719;58
3184,719;52
3185,719;4725
3186,719;6348
3187,719;61
3188,719;60
3189,719;45
3190,719;61
3191,719;4732
3192,719;6355
3193,719;65
3194,719;51
3195,719;60
3196,719;52
3197,719;4746
3198,719;6336
3199,719;58
3200,719;48
3201,719;53
3202,719;52
3203,719;4738
3204,719;6343
3205,719;77
3206,719;61
3207,719;58
3208,719;56
3209,719;4744
3210,719;6342
3211,719;39
3212,719;53
3213,719;54
3214,719;62
3215,719;4730
3216,719;6339
3217,719;71
3218,719;72
3219,719;64
3220,719;62
3221,719;4720
3222,719;6350
3223,719;57
3224,719;55
3225,719;64
3226,719;70
3227,719;4718
3228,719;6380
3229,719;66
3230,719;66
3231,719;52
3232,719;66
3233,719;4718
3235,185;6362
3236,185;63
3237,185;65
3238,185;66
3239,185;60
3240,185;4726
3241,185;6364
3242,185;55
3243,185;49
3244,185;63
3245,185;76
3246,185;4727
3247,185;6351
3248,185;62
3249,185;64
3250,185;55
3251,185;77
3252,185;4714
3253,185;6362
3254,185;63
3255,185;58
3256,185;78
3257,185;72
3258,185;4712
3259,185;6356
3260,185;66
3261,185;75
3262,185;59
3263,185;68
3264,185;4720
3265,185;6379
3266,185;64
3267,185;78
3268,185;63
3269,185;71
3270,185;4713
3271,185;6369
3272,185;67
3273,185;61
3274,185;82
3275,185;72
3276,185;4706
3277,185;6353
3278,185;74
3279,185;79
3280,185;66
3281,185;75
3282,185;4705
3283,185;6350
3284,185;59
3285,185;80
3286,185;58
3287,185;71
3288,185;4721
3289,185;6364
3290,185;58
3291,185;81
3292,185;74
3293,185;51
3294,185;4700
3295,185;6377
3296,185;70
3297,185;83
3298,185;63
3299,185;98
3300,185;4705
3301,185;6376
3302,185;57
3303,185;60
3304,185;50
3305,185;68
3306,185;4703
3307,185;6370
3308,185;71
3309,185;66
3310,185;79
3311,185;73
3312,185;4715
3313,185;6351
3314,185;57
3315,185;83
3316,185;82
3317,185;87
3318,185;4715
3319,185;6376
3320,185;59
3321,185;79
3322,185;70
3323,185;61
3324,185;4694
3325,185;6351
3326,185;75
3327,185;74
3328,185;62
3329,185;77
3330,185;4717
3331,185;6364
3332,185;64
3333,185;64
3334,185;79
3335,185;82
3334,909;4719
3335,909;6370
3336,909;63
3337,909;77
3338,909;67
3339,909;92
3340,909;4701
3341,909;6363
3342,909;62
3343,909;72
3344,909;68
3345,909;56
3346,909;4677
3347,909;6367
3348,909;62
3349,909;85
3350,909;63
3351,909;65
3352,909;4714
3353,909;6390
3354,909;66
3355,909;71
3356,909;65
3357,909;80
3358,909;4703
3359,909;6375
3360,909;76
3361,909;69
3362,909;79
3363,909;82
3364,909;4711
3365,909;6368
3366,909;62
3367,909;67
3368,909;84
3369,909;65
3370,909;4697
3371,909;6373
3372,909;67
3373,909;68
3374,909;74
3375,909;63
3376,909;4674
3377,909;6358
3378,909;63
3379,909;63
3380,909;83
3381,909;69
3382,909;4696
3383,909;6361
3384,909;65
3385,909;63
3386,909;78
3387,909;60
3388,909;4693
3389,909;6392
3390,909;68
3391,909;62
3392,909;75
3393,909;70
3394,909;4696
3395,909;6378
3396,909;60
3397,909;79
3398,909;79
3399,909;62
3400,909;4683
3401,909;6380
3402,909;51
3403,909;74
3404,909;69
3405,909;65
3406,909;4673
3407,909;6388
3408,909;68
3409,909;69
3410,909;67
3411,909;71
3412,909;4673
3413,909;6398
3414,909;66
3415,909;73
3416,909;67
3417,909;63
3418,909;4687
3419,909;6389
3420,909;54
3421,909;67
3422,909;54
3423,909;54
3424,909;4681
3425,909;6363
3426,909;68
3427,909;83
3428,909;79
3429,909;73
3430,909;4678
3431,909;6376
3432,909;83
3433,909;67
3434,909;80
3435,909;86
3436,909;4702
3437,909;6370
3438,909;55
3439,909;73
3440,909;69
3441,909;84
3442,909;4661
3443,909;6384
3444,909;53
3445,909;70
3446,909;70
3447,909;71
3448,909;4668
3449,909;6382
3450,909;72
3451,909;53
3452,909;78
3453,909;73
3454,909;4681
3455,909;6396
3456,909;65
3457,909;58
3458,909;66
3459,909;70
3460,909;4659
3461,909;6390
3462,909;61
3463,909;69
3464,909;57
3465,909;65
3466,909;4316
3467,909;6396
3468,909;73
3469,909;73
3470,909;91
3471,909;52
3472,909;4623
3473,909;6368
3474,909;63
3475,909;63
3476,909;60
3477,909;57
3478,909;4671
3479,909;6399
3480,909;64
3481,909;64
3482,909;68
3483,909;58
3484,909;4674
3485,909;6367
3486,909;55
3487,909;70
3488,909;59
3489,909;73
3490,909;4698
3491,909;6385
3492,909;68
3493,909;64
3494,909;72
3495,909;80
3496,909;4674
3497,909;6410
3498,909;55
3499,909;69
3500,909;62
3501,909;61
3502,909;4664
3503,909;6391
3504,909;74
3505,909;63
3506,909;78
3507,909;76
3508,909;4668
3509,909;6403
3510,909;65
3511,909;74
3512,909;81
3513,909;70
3514,909;4663
3515,909;6399
3516,909;68
3517,909;79
3518,909;62
3519,909;69
3520,909;4668
3521,909;6397
3522,909;58
3523,909;67
3524,909;72
3525,909;62
3526,909;4648
3527,909;6385
3528,909;56
3529,909;72
3530,909;84
3531,909;77
3532,909;4669
3533,909;6398
3534,909;69
3535,909;68
3537,666;74
3538,666;78
3539,666;4669
3540,666;6394
3541,666;64
3542,666;71
3543,666;57
3544,666;66
3545,666;4682
3546,666;6388
3547,666;68
3548,666;81
3549,666;78
3550,666;70
3551,666;4690
3552,666;6386
3553,666;78
3554,666;66
3555,666;83
3556,666;68
3557,666;4646
3558,666;6404
3559,666;63
3560,666;76
3561,666;76
3562,666;80
3563,666;4665
3564,666;6419
3565,666;69
3566,666;62
3567,666;70
3568,666;68
3569,666;4672
3570,666;6411
3571,666;58
3572,666;71
3573,666;85
3574,666;77
3575,666;4674
3576,666;6414
3577,666;62
3578,666;86
3579,666;49
3580,666;81
3581,666;4675
3582,666;6400
3583,666;67
3584,666;83
3585,666;74
3586,666;65
3587,666;4672
3588,666;6393
3589,666;77
3590,666;69
3591,666;72
3592,666;67
3593,666;4660
3594,666;6408
3595,666;73
3596,666;59
3597,666;70
3598,666;59
3599,666;4702
3600,666;6401
3601,666;71
3602,666;73
3603,666;77
3604,666;69
3605,666;4651
3606,666;6405
3607,666;68
3608,666;65
3609,666;84
3610,666;67
3611,666;4638
3612,666;6383
3613,666;81
3614,666;81
3615,666;73
3616,666;71
3617,666;4647
3618,666;6411
3619,666;61
3620,666;71
3621,666;67
3622,666;82
3623,666;4652
3624,666;6407
3625,666;89
3626,666;76
3627,666;56
3628,666;79
3629,666;4630
3630,666;6385
3631,666;62
3632,666;67
3633,666;64
3634,666;67
3635,666;4672
3636,666;6413
3637,666;65
3638,995;71
3639,995;64
3640,995;75
3641,995;4652
3642,995;6417
3643,995;66
3644,995;75
3645,995;59
3646,995;68
3647,995;4636
3648,995;6401
3649,995;61
3650,995;71
3651,995;58
3652,995;88
3653,995;4648
3654,995;6422
3655,995;64
3656,995;68
3657,995;81
3658,995;63
3659,995;4650
3660,995;6404
3661,995;73
3662,995;66
3663,995;66
3664,995;86
3665,995;4656
3666,995;6422
3667,995;56
3668,995;64
3669,995;67
3670,995;83
3671,995;4657
3672,995;6392
3673,995;61
3674,995;62
3675,995;73
3676,995;51
3677,995;4658
3678,995;6433
3679,995;60
3680,995;58
3681,995;68
3682,995;66
3683,995;4656
3684,995;6420
3685,995;56
3686,995;56
3687,995;74
3688,995;69
3689,995;4641
3690,995;6416
3691,995;56
3692,995;66
3693,995;60
3694,995;70
3695,995;4681
3696,995;6405
3697,995;57
3698,995;70
3699,995;61
3700,995;48
3701,995;4681
3702,995;6399
3703,995;68
3704,995;70
3705,995;54
3706,995;65
3707,995;4665
3708,995;6404
3709,995;55
3710,995;66
3711,995;62
3712,995;61
3713,995;4682
3714,995;6402
3715,995;70
3716,995;59
3717,995;67
3718,995;69
3719,995;4683
3720,995;6386
3721,995;60
3722,995;65
3723,995;47
3724,995;63
3725,995;4663
3726,995;6431
3727,995;61
3728,995;62
3729,995;53
3730,995;56
3731,995;4613
3732,995;6437
3733,995;41
3734,995;51
3735,995;50
3736,995;55
3737,995;4627
3738,995;6427
3740,259;68
3741,259;60
3742,259;56
3743,259;49
3744,259;4623
3745,259;6395
3746,259;53
3747,259;67
3748,259;52
3749,259;49
3750,259;4647
3751,259;6424
3752,259;47
3753,259;57
3754,259;52
3755,259;66
3756,259;4643
3757,259;6416
3758,259;57
3759,259;58
3760,259;52
3761,259;46
3762,259;4635
3763,259;6424
3764,259;51
3765,259;58
3766,259;58
3767,259;52
3768,259;4646
3769,259;6407
3770,259;48
3771,259;48
3772,259;42
3773,259;54
3774,259;4642
3775,259;6424
3776,259;48
3777,259;55
3778,259;51
3779,259;63
3780,259;4281
3781,259;6410
3782,259;50
3783,259;55
3784,259;50
3785,259;54
3786,259;4559
3787,259;6396
3788,259;62
3789,259;55
3790,259;60
3791,259;60
3792,259;4606
3793,259;6443
3794,259;54
3795,259;51
3796,259;58
3797,259;53
3798,259;4648
3799,259;6417
3800,259;60
3801,259;56
3802,259;55
3803,259;48
3804,259;4611
3805,259;6415
3806,259;48
3807,259;59
3808,259;57
3809,259;72
3810,259;4632
3811,259;6429
3812,259;67
3813,259;54
3814,259;56
3815,259;64
3816,259;4621
3817,259;6411
3818,259;49
3819,259;47
3820,259;45
3821,259;56
3822,259;4644
3823,259;6422
3824,259;52
3825,259;64
3826,259;59
3827,259;54
3828,259;4651
3829,259;6378
3830,259;75
3831,259;60
3832,259;65
3833,259;61
3834,259;4636
3835,259;6456
3836,259;62
3837,259;51
3838,259;65
3839,259;68
3840,259;4615
3840,799;6444
3841,799;67
3842,799;51
3843,799;73
3844,799;64
3845,799;4625
3846,799;6460
3847,799;57
3848,799;67
3849,799;69
3850,799;61
3851,799;4648
3852,799;6426
3853,799;73
3854,799;58
3855,799;68
3856,799;59
3857,799;4647
3858,799;6422
3859,799;58
3860,799;84
3861,799;72
3862,799;63
3863,799;4651
3864,799;6430
3865,799;62
3866,799;52
3867,799;59
3868,799;79
3869,799;4610
3870,799;6448
3871,799;75
3872,799;70
3873,799;79
3874,799;62
3875,799;4629
3876,799;6474
3877,799;51
3878,799;80
3879,799;70
3880,799;80
3881,799;4608
3882,799;6445
3883,799;83
3884,799;72
3885,799;66
3886,799;72
3887,799;4626
3888,799;6445
3889,799;73
3890,799;64
3891,799;82
3892,799;67
3893,799;4623
3894,799;6466
3895,799;79
3896,799;61
3897,799;74
3898,799;59
3899,799;4611
3900,799;6441
3901,799;61
3902,799;69
3903,799;77
3904,799;66
3905,799;4602
3906,799;6448
3907,799;71
3908,799;68
3909,799;83
3910,799;73
3911,799;4643
3912,799;6459
3913,799;49
3914,799;76
3915,799;68
3916,799;76
3917,799;4603
3918,799;6438
3919,799;63
3920,799;73
3921,799;81
3922,799;69
3923,799;4625
3924,799;6455
3925,799;79
3926,799;65
3927,799;61
3928,799;97
3929,799;4598
3930,799;6473
3931,799;76
3932,799;54
3933,799;67
3934,799;66
3935,799;4623
3936,799;6476
3937,799;69
3938,799;81
3939,799;72
3940,799;76
3941,799;4597
3942,799;6438
3943,799;67
3944,799;70
3945,799;73
3946,799;52
3947,799;4610
3948,799;6447
3949,799;81
3950,799;89
3951,799;69
3952,799;69
3953,799;4623
3954,799;6444
3955,799;70
3956,799;68
3957,799;70
3958,799;70
3959,799;4625
3960,799;6444
3961,799;57
3962,799;73
3963,799;68
3964,799;68
3965,799;4595
3966,799;6448
3967,799;62
3968,799;65
3969,799;75
3970,799;85
3971,799;4610
3972,799;6444
3973,799;79
3974,799;68
3975,799;77
3976,799;75
3977,799;4607
3978,799;6451
3979,799;56
3980,799;72
3981,799;70
3982,799;70
3983,799;4598
3984,799;6458
3985,799;73
3986,799;77
3987,799;85
3988,799;63
3989,799;4581
3990,799;6446
3991,799;67
3992,799;78
3993,799;66
3994,799;73
3995,799;4614
3996,799;6446
3997,799;64
3998,799;57
3999,799;59
4000,799;78
4001,799;4597
4002,799;6457
4003,799;67
4004,799;62
4005,799;63
4006,799;81
4007,799;4576
4008,799;6476
4009,799;74
4010,799;73
4011,799;74
4012,799;67
4013,799;4606
4014,799;6449
4015,799;59
4016,799;69
4017,799;69
4018,799;67
4019,799;4591
4020,799;6457
4021,799;79
4022,799;82
4023,799;71
4024,799;61
4025,799;4591
4026,799;6446
4027,799;55
4028,799;76
4029,799;61
4030,799;62
4031,799;4596
4032,799;6467
4033,799;60
4034,799;58
4035,799;87
4036,799;72
4037,799;4606
4038,799;6489
4039,799;62
4040,799;56
4041,799;72
4042,91;81
4043,91;4582
4044,91;6466
4045,91;70
4046,91;60
4047,91;70
4048,91;77
4049,91;4597
4050,91;6458
4051,91;59
4052,91;65
4053,91;65
4054,91;72
4055,91;4596
4056,91;6481
4057,91;56
4058,91;68
4059,91;70
4060,91;82
4061,91;4589
4062,91;6475
4063,91;59
4064,91;69
4065,91;59
4066,91;60
4067,91;4559
4068,91;6469
4069,91;47
4070,91;68
4071,91;72
4072,91;67
4073,91;4601
4074,91;6461
4075,91;65
4076,91;57
4077,91;75
4078,91;64
4079,91;4572
4080,91;6457
4081,91;51
4082,91;64
4083,91;54
4084,91;55
4085,91;4579
4086,91;6460
4087,91;64
4088,91;63
4089,91;71
4090,91;49
4091,91;4246
4092,91;6476
4093,91;66
4094,91;80
4095,91;57
4096,91;48
4097,91;4508
4098,91;6479
4099,91;56
4100,91;57
4101,91;68
4102,91;53
4103,91;4564
4104,91;6482
4105,91;70
4106,91;67
4107,91;70
4108,91;70
4109,91;4562
4110,91;6471
4111,91;63
4112,91;66
4113,91;57
4114,91;68
4115,91;4560
4116,91;6488
4117,91;69
4118,91;54
4119,91;72
4120,91;42
4121,91;4608
4122,91;6476
4123,91;65
4124,91;68
4125,91;68
4126,91;78
4127,91;4585
4128,91;6484
4129,91;73
4130,91;71
4131,91;69
4132,91;79
4133,91;4606
4134,91;6474
4135,91;70
4136,91;66
4137,91;70
4138,91;73
4139,91;4559
4140,91;6489
4141,91;49
4142,91;61
4144,287;51
4145,287;72
4146,287;4578
4147,287;6502
4148,287;57
4149,287;59
4150,287;68
4151,287;60
4152,287;4578
4153,287;6467
4154,287;58
4155,287;70
4156,287;80
4157,287;48
4158,287;4579
4159,287;6495
4160,287;60
4161,287;74
4162,287;93
4163,287;65
4164,287;4582
4165,287;6500
4166,287;79
4167,287;74
4168,287;64
4169,287;77
4170,287;4581
4171,287;6484
4172,287;59
4173,287;63
4174,287;74
4175,287;64
4176,287;4549
4177,287;6504
4178,287;83
4179,287;86
4180,287;65
4181,287;69
4182,287;4554
4183,287;6481
4184,287;66
4185,287;63
4186,287;68
4187,287;64
4188,287;4563
4189,287;6479
4190,287;81
4191,287;59
4192,287;70
4193,287;66
4194,287;4555
4195,287;6474
4196,287;74
4197,287;74
4198,287;76
4199,287;62
4200,287;4585
4201,287;6487
4202,287;66
4203,287;74
4204,287;77
4205,287;76
4206,287;4547
4207,287;6482
4208,287;74
4209,287;74
4210,287;77
4211,287;76
4212,287;4572
4213,287;6495
4214,287;75
4215,287;53
4216,287;54
4217,287;52
4218,287;4589
4219,287;6484
4220,287;83
4221,287;68
4222,287;88
4223,287;67
4224,287;4559
4225,287;6531
4226,287;78
4227,287;62
4228,287;74
4229,287;72
4230,287;4552
4231,287;6495
4232,287;61
4233,287;62
4234,287;58
4235,287;60
4236,287;4568
4237,287;6485
4238,287;74
4239,287;64
4240,287;66
4241,287;71
4242,287;4566
4243,287;6447
4244,287;72
4245,282;74
4246,282;83
4247,282;71
4248,282;4545
4249,282;6490
4250,282;48
4251,282;72
4252,282;80
4253,282;74
4254,282;4581
4255,282;6499
4256,282;71
4257,282;84
4258,282;71
4259,282;78
4260,282;4563
4261,282;6497
4262,282;60
4263,282;74
4264,282;79
4265,282;73
4266,282;4551
4267,282;6491
4268,282;56
4269,282;79
4270,282;61
4271,282;80
4272,282;4579
4273,282;6532
4274,282;78
4275,282;85
4276,282;77
4277,282;69
4278,282;4555
4279,282;6496
4280,282;70
4281,282;79
4282,282;62
4283,282;69
4284,282;4544
4285,282;6491
4286,282;73
4287,282;59
4288,282;57
4289,282;80
4290,282;4561
4291,282;6516
4292,282;69
4293,282;68
4294,282;70
4295,282;72
4296,282;4581
4297,282;6492
4298,282;72
4299,282;57
4300,282;80
4301,282;78
4302,282;4557
4303,282;6492
4304,282;59
4305,282;70
4306,282;72
4307,282;70
4308,282;4560
4309,282;6516
4310,282;58
4311,282;59
4312,282;64
4313,282;63
4314,282;4547
4315,282;6484
4316,282;64
4317,282;63
4318,282;61
4319,282;89
4320,282;4573
4321,282;6475
4322,282;59
4323,282;62
4324,282;71
4325,282;50
4326,282;4556
4327,282;6523
4328,282;63
4329,282;60
4330,282;73
4331,282;69
4332,282;4546
4333,282;6507
4334,282;65
4335,282;79
4336,282;52
4337,282;61
4338,282;4581
4339,282;6515
4340,282;72
4341,282;63
4342,282;72
4343,282;68
4344,282;4576
4345,282;6495
4346,057;62
4347,057;67
4348,057;59
4349,057;51
4350,057;4563
4351,057;6482
4352,057;55
4353,057;68
4354,057;63
4355,057;70
4356,057;4568
4357,057;6499
4358,057;53
4359,057;63
4360,057;63
4361,057;53
4362,057;4539
4363,057;6522
4364,057;64
4365,057;68
4366,057;58
4367,057;58
4368,057;4555
4369,057;6492
4370,057;68
4371,057;64
4372,057;61
4373,057;69
4374,057;4555
4375,057;6514
4376,057;52
4377,057;51
4378,057;66
4379,057;42
4380,057;4572
4381,057;6522
4382,057;63
4383,057;51
4384,057;49
4385,057;59
4386,057;4549
4387,057;6498
4388,057;54
4389,057;44
4390,057;63
4391,057;55
4392,057;4541
4393,057;6510
4394,057;59
4395,057;67
4396,057;56
4397,057;47
4398,057;4538
4399,057;6500
4400,057;55
4401,057;53
4402,057;54
4403,057;49
4404,057;4188
4405,057;6506
4406,057;54
4407,057;49
4408,057;63
4409,057;45
4410,057;4463
4411,057;6504
4412,057;48
4413,057;50
4414,057;47
4415,057;57
4416,057;4526
4417,057;6501
4418,057;43
4419,057;56
4420,057;48
4421,057;61
4422,057;4529
4423,057;6498
4424,057;58
4425,057;49
4426,057;59
4427,057;49
4428,057;4552
4429,057;6524
4430,057;60
4431,057;63
4432,057;60
4433,057;59
4434,057;4515
4435,057;6528
4436,057;60
4437,057;52
4438,057;62
4439,057;58
4440,057;4537
4441,057;6502
4442,057;43
4443,057;54
4444,057;64
4445,057;57
4446,057;4527
4447,057;6527
4448,057;60
4449,057;62
4450,057;58
4451,057;65
4452,057;4549
4453,057;6512
4454,057;62
4455,057;60
4456,057;71
4457,057;59
4458,057;4529
4459,057;6527
4460,057;56
4461,057;54
4462,057;59
4463,057;59
4464,057;4551
4465,057;6524
4466,057;65
4467,057;68
4468,057;60
4469,057;54
4470,057;4525
4471,057;6511
4472,057;68
4473,057;69
4474,057;83
4475,057;59
4476,057;4541
4477,057;6528
4478,057;44
4479,057;59
4480,057;74
4481,057;65
4482,057;4553
4483,057;6535
4484,057;57
4485,057;77
4486,057;64
4487,057;69
4488,057;4532
4489,057;6533
4490,057;57
4491,057;69
4492,057;63
4493,057;62
4494,057;4521
4495,057;6518
4496,057;68
4497,057;64
4498,057;75
4499,057;75
4500,057;4515
4501,057;6510
4502,057;67
4503,057;82
4504,057;58
4505,057;65
4506,057;4549
4507,057;6536
4508,057;72
4509,057;63
4510,057;79
4511,057;50
4512,057;4505
4513,057;6552
4514,057;59
4515,057;57
4516,057;74
4517,057;84
4518,057;4540
4519,057;6534
4520,057;63
4521,057;76
4522,057;80
4523,057;66
4524,057;4532
4525,057;6551
4526,057;62
4527,057;72
4528,057;82
4529,057;71
4530,057;4520
4531,057;6527
4532,057;68
4533,057;67
4534,057;67
4535,057;80
4536,057;4488
4537,057;6537
4538,057;66
4539,057;73
4540,057;79
4541,057;68
4542,057;4510
4543,057;6543
4544,057;62
4545,057;70
4546,057;62
4547,057;83
4547,995;4530
4548,995;6532
4549,995;58
4550,995;85
4551,995;73
4552,995;67
4553,995;4563
4554,995;6550
4555,995;64
4556,995;66
4557,995;66
4558,995;77
4559,995;4505
4560,995;6555
4561,995;73
4562,995;65
4563,995;77
4564,995;70
4565,995;4503
4566,995;6528
4567,995;67
4568,995;78
4569,995;75
4570,995;74
4571,995;4557
4572,995;6474
4573,995;87
4574,995;58
4575,995;77
4576,995;72
4577,995;4514
4578,995;6541
4579,995;64
4580,995;81
4581,995;73
4582,995;73
4583,995;4513
4584,995;6564
4585,995;61
4586,995;63
4587,995;92
4588,995;59
4589,995;4498
4590,995;6541
4591,995;65
4592,995;68
4593,995;77
4594,995;82
4595,995;4502
4596,995;6550
4597,995;70
4598,995;68
4599,995;60
4600,995;97
4601,995;4527
4602,995;6542
4603,995;67
4604,995;63
4605,995;61
4606,995;67
4607,995;4512
4608,995;6507
4609,995;52
4610,995;59
4611,995;73
4612,995;80
4613,995;4514
4614,995;6556
4615,995;71
4616,995;72
4617,995;78
4618,995;73
4619,995;4498
4620,995;6531
4621,995;68
4622,995;74
4623,995;66
4624,995;82
4625,995;4518
4626,995;6554
4627,995;68
4628,995;61
4629,995;64
4630,995;74
4631,995;4514
4632,995;6552
4633,995;67
4634,995;68
4635,995;85
4636,995;70
4637,995;4580
4638,995;6462
4639,995;72
4640,995;69
4641,995;73
4642,995;79
4643,995;4501
4644,995;6566
4645,995;80
4646,995;66
4647,995;82
4649,205;82
4650,205;4566
4651,205;6458
4652,205;74
4653,205;65
4654,205;83
4655,205;67
4656,205;4491
4657,205;6532
4658,205;61
4659,205;71
4660,205;49
4661,205;78
4662,205;4489
4663,205;6562
4664,205;75
4665,205;56
4666,205;79
4667,205;61
4668,205;4492
4669,205;6556
4670,205;54
4671,205;67
4672,205;71
4673,205;70
4674,205;4474
4675,205;6554
4676,205;68
4677,205;71
4678,205;63
4679,205;82
4680,205;4483
4681,205;6556
4682,205;68
4683,205;72
4684,205;58
4685,205;70
4686,205;4499
4687,205;6555
4688,205;61
4689,205;70
4690,205;69
4691,205;73
4692,205;4478
4693,205;6549
4694,205;58
4695,205;74
4696,205;78
4697,205;72
4698,205;4471
4699,205;6573
4700,205;67
4701,205;61
4702,205;70
4703,205;72
4704,205;4494
4705,205;6541
4706,205;44
4707,205;74
4708,205;68
4709,205;60
4710,205;4483
4711,205;6585
4712,205;63
4713,205;81
4714,205;60
4715,205;77
4716,205;4125
4717,205;6595
4718,205;56
4719,205;38
4720,205;63
4721,205;62
4722,205;4439
4723,205;6554
4724,205;48
4725,205;59
4726,205;66
4727,205;62
4728,205;4467
4729,205;6558
4730,205;66
4731,205;56
4732,205;64
4733,205;66
4734,205;4484
4735,205;6561
4736,205;72
4737,205;64
4738,205;57
4739,205;72
4740,205;4498
4741,205;6568
4742,205;60
4743,205;73
4744,205;55
4745,205;75
4746,205;4463
4747,205;6567
4748,205;75
4749,205;69
4750,051;62
4751,051;50
4752,051;4481
4753,051;6565
4754,051;63
4755,051;62
4756,051;60
4757,051;89
4758,051;4503
4759,051;6569
4760,051;60
4761,051;67
4762,051;62
4763,051;54
4764,051;4480
4765,051;6584
4766,051;71
4767,051;58
4768,051;68
4769,051;55
4770,051;4480
4771,051;6584
4772,051;73
4773,051;82
4774,051;78
4775,051;76
4776,051;4499
4777,051;6552
4778,051;73
4779,051;59
4780,051;75
4781,051;80
4782,051;4488
4783,051;6571
4784,051;74
4785,051;69
4786,051;76
4787,051;67
4788,051;4478
4789,051;6581
4790,051;71
4791,051;66
4792,051;72
4793,051;69
4794,051;4457
4795,051;6558
4796,051;59
4797,051;77
4798,051;66
4799,051;68
4800,051;4471
4801,051;6552
4802,051;67
4803,051;64
4804,051;74
4805,051;62
4806,051;4477
4807,051;6570
4808,051;60
4809,051;69
4810,051;76
4811,051;79
4812,051;4561
4813,051;6500
4814,051;74
4815,051;73
4816,051;81
4817,051;82
4818,051;4474
4819,051;6583
4820,051;75
4821,051;64
4822,051;77
4823,051;85
4824,051;4489
4825,051;6570
4826,051;67
4827,051;76
4828,051;73
4829,051;77
4830,051;4472
4831,051;6571
4832,051;65
4833,051;71
4834,051;61
4835,051;80
4836,051;4461
4837,051;6582
4838,051;73
4839,051;53
4840,051;71
4841,051;77
4842,051;4526
4843,051;6525
4844,051;59
4845,051;76
4846,051;82
4847,051;64
4848,051;4483
4849,051;6594
4850,051;60
4850,693;78
4851,693;68
4852,693;77
4853,693;4489
4854,693;6585
4855,693;71
4856,693;66
4857,693;73
4858,693;96
4859,693;4480
4860,693;6586
4861,693;77
4862,693;75
4863,693;86
4864,693;81
4865,693;4475
4866,693;6607
4867,693;70
4868,693;69
4869,693;78
4870,693;73
4871,693;4489
4872,693;6592
4873,693;71
4874,693;52
4875,693;65
4876,693;61
4877,693;4486
4878,693;6558
4879,693;75
4880,693;72
4881,693;69
4882,693;72
4883,693;4461
4884,693;6585
4885,693;60
4886,693;72
4887,693;78
4888,693;79
4889,693;4473
4890,693;6593
4891,693;72
4892,693;65
4893,693;91
4894,693;74
4895,693;4470
4896,693;6590
4897,693;67
4898,693;71
4899,693;75
4900,693;86
4901,693;4454
4902,693;6602
4903,693;70
4904,693;75
4905,693;66
4906,693;89
4907,693;4465
4908,693;6594
4909,693;86
4910,693;63
4911,693;79
4912,693;92
4913,693;4493
4914,693;6584
4915,693;62
4916,693;70
4917,693;79
4918,693;60
4919,693;4479
4920,693;6596
4921,693;61
4922,693;78
4923,693;70
4924,693;72
4925,693;4461
4926,693;6575
4927,693;64
4928,693;74
4929,693;64
4930,693;90
4931,693;4465
4932,693;6599
4933,693;66
4934,693;87
4935,693;82
4936,693;67
4937,693;4497
4938,693;6592
4939,693;74
4940,693;83
4941,693;73
4942,693;74
4943,693;4476
4944,693;6611
4945,693;72
4946,693;73
4947,693;78
4948,693;64
4949,693;4469
4950,693;6572
4951,693;58
4952,693;62
4953,693;64
4954,693;81
4955,693;4501
4956,693;6585
4957,693;68
4958,693;73
4959,693;63
4960,693;78
4961,693;4464
4962,693;6612
4963,693;71
4964,693;65
4965,693;57
4966,693;51
4967,693;4459
4968,693;6596
4969,693;58
4970,693;80
4971,693;70
4972,693;55
4973,693;4514
4974,693;6568
4975,693;54
4976,693;61
4977,693;68
4978,693;82
4979,693;4460
4980,693;6592
4981,693;59
4982,693;59
4983,693;64
4984,693;55
4985,693;4450
4986,693;6620
4987,693;53
4988,693;72
4989,693;42
4990,693;64
4991,693;4468
4992,693;6593
4993,693;50
4994,693;65
4995,693;53
4996,693;48
4997,693;4493
4998,693;6553
4999,693;57
5000,693;55
5001,693;63
5002,693;59
5003,693;4434
5004,693;6600
5005,693;51
5006,693;61
5007,693;41
5008,693;48
5009,693;4446
5010,693;6623
5011,693;60
5012,693;54
5013,693;51
5014,693;50
5015,693;4461
5016,693;6613
5017,693;62
5018,693;64
5019,693;41
5020,693;52
5021,693;4454
5022,693;6622
5023,693;56
5024,693;42
5025,693;45
5026,693;48
5027,693;4097
5028,693;6637
5029,693;40
5030,693;52
5031,693;59
5032,693;49
5033,693;4405
5034,693;6586
5035,693;50
5036,693;55
5037,693;58
5038,693;52
5039,693;4424
5040,693;6613
5041,693;52
5042,693;51
5043,693;58
5044,693;45
5045,693;4442
5046,693;6594
5047,693;60
5048,693;53
5049,693;64
5050,693;57
5051,693;4427
5051,719;6591
5052,719;47
5053,719;69
5054,719;44
5055,719;60
5056,719;4458
5057,719;6625
5058,719;69
5059,719;52
5060,719;68
5061,719;62
5062,719;4452
5063,719;6564
5064,719;61
5065,719;66
5066,719;61
5067,719;49
5068,719;4445
5069,719;6612
5070,719;48
5071,719;57
5072,719;57
5073,719;68
5074,719;4470
5075,719;6615
5076,719;67
5077,719;89
5078,719;70
5079,719;78
5080,719;4456
5081,719;6616
5082,719;59
5083,719;63
5084,719;62
5085,719;75
5086,719;4429
5087,719;6638
5088,719;54
5089,719;69
5090,719;69
5091,719;54
5092,719;4448
5093,719;6642
5094,719;65
5095,719;55
5096,719;63
5097,719;84
5098,719;4450
5099,719;6606
5100,719;52
5101,719;62
5102,719;78
5103,719;90
5104,719;4483
5105,719;6606
5106,719;64
5107,719;66
5108,719;62
5109,719;68
5110,719;4438
5111,719;6647
5112,719;73
5113,719;73
5114,719;76
5115,719;72
5116,719;4495
5117,719;6607
5118,719;72
5119,719;60
5120,719;74
5121,719;71
5122,719;4429
5123,719;6647
5124,719;58
5125,719;60
5126,719;77
5127,719;69
5128,719;4424
5129,719;6627
5130,719;84
5131,719;68
5132,719;79
5133,719;78
5134,719;4448
5135,719;6622
5136,719;72
5137,719;76
5138,719;75
5139,719;78
5140,719;4484
5141,719;6574
5142,719;69
5143,719;58
5144,719;92
5145,719;84
5146,719;4507
5147,719;6552
5148,719;73
5149,719;78
5150,719;79
5151,719;79
5154,056;4442
5155,056;6624
5156,056;65
5157,056;60
5158,056;83
5159,056;59
5160,056;4434
5161,056;6639
5162,056;63
5163,056;53
5164,056;64
5165,056;76
5166,056;4427
5167,056;6609
5168,056;76
5169,056;62
5170,056;73
5171,056;80
5172,056;4422
5173,056;6618
5174,056;66
5175,056;66
5176,056;70
5177,056;67
5178,056;4423
5179,056;6638
5180,056;64
5181,056;68
5182,056;75
5183,056;80
5184,056;4411
5185,056;6620
5186,056;73
5187,056;62
5188,056;66
5189,056;75
5190,056;4403
5191,056;6655
5192,056;79
5193,056;62
5194,056;69
5195,056;70
5196,056;4439
5197,056;6651
5198,056;74
5199,056;79
5200,056;69
5201,056;66
5202,056;4432
5203,056;6643
5204,056;75
5205,056;71
5206,056;76
5207,056;60
5208,056;4441
5209,056;6626
5210,056;72
5211,056;60
5212,056;64
5213,056;84
5214,056;4457
5215,056;6642
5216,056;63
5217,056;74
5218,056;63
5219,056;69
5220,056;4415
5221,056;6662
5222,056;68
5223,056;83
5224,056;96
5225,056;71
5226,056;4433
5227,056;6629
5228,056;76
5229,056;68
5230,056;74
5231,056;87
5232,056;4437
5233,056;6643
5234,056;44
5235,056;71
5236,056;78
5237,056;68
5238,056;4447
5239,056;6649
5240,056;49
5241,056;66
5242,056;67
5243,056;76
5244,056;4420
5245,056;6620
5246,056;64
5247,056;51
5248,056;79
5249,056;67
5250,056;4402
5251,056;6644
5252,056;66
5253,056;66
5254,056;69
5254,408;73
5255,408;4422
5256,408;6650
5257,408;63
5258,408;63
5259,408;71
5260,408;72
5261,408;4423
5262,408;6673
5263,408;79
5264,408;87
5265,408;63
5266,408;81
5267,408;4414
5268,408;6627
5269,408;59
5270,408;60
5271,408;74
5272,408;64
5273,408;4407
5274,408;6666
5275,408;52
5276,408;61
5277,408;59
5278,408;74
5279,408;4399
5280,408;6639
5281,408;60
5282,408;66
5283,408;73
5284,408;67
5285,408;4382
5286,408;6644
5287,408;63
5288,408;75
5289,408;67
5290,408;71
5291,408;4392
5292,408;6661
5293,408;62
5294,408;58
5295,408;77
5296,408;84
5297,408;4373
5298,408;6662
5299,408;67
5300,408;69
5301,408;64
5302,408;77
5303,408;4396
5304,408;6628
5305,408;65
5306,408;60
5307,408;55
5308,408;60
5309,408;4378
5310,408;6668
5311,408;55
5312,408;77
5313,408;67
5314,408;69
5315,408;4386
5316,408;6658
5317,408;70
5318,408;65
5319,408;58
5320,408;59
5321,408;4388
5322,408;6644
5323,408;76
5324,408;65
5325,408;72
5326,408;70
5327,408;4378
5328,408;6647
5329,408;74
5330,408;57
5331,408;66
5332,408;75
5333,408;4392
5334,408;6644
5335,408;61
5336,408;52
5337,408;65
5338,408;80
5339,408;4036
5340,408;6667
5341,408;62
5342,408;52
5343,408;73
5344,408;61
5345,408;4365
5346,408;6597
5347,408;63
5348,408;68
5349,408;62
5350,408;59
5351,408;4395
5352,408;6610
5353,408;61
5354,408;62
5355,313;61
5356,313;72
5357,313;4381
5358,313;6659
5359,313;58
5360,313;74
5361,313;65
5362,313;50
5363,313;4385
5364,313;6661
5365,313;63
5366,313;70
5367,313;70
5368,313;71
5369,313;4383
5370,313;6640
5371,313;64
5372,313;64
5373,313;72
5374,313;73
5375,313;4393
5376,313;6634
5377,313;58
5378,313;56
5379,313;52
5380,313;85
5381,313;4367
5382,313;6676
5383,313;70
5384,313;62
5385,313;62
5386,313;81
5387,313;4390
5388,313;6667
5389,313;81
5390,313;79
5391,313;65
5392,313;63
5393,313;4416
5394,313;6578
5395,313;67
5396,313;71
5397,313;73
5398,313;67
5399,313;4390
5400,313;6657
5401,313;76
5402,313;69
5403,313;56
5404,313;72
5405,313;4490
5406,313;6565
5407,313;71
5408,313;72
5409,313;67
5410,313;80
5411,313;4381
5412,313;6677
5413,313;82
5414,313;69
5415,313;59
5416,313;83
5417,313;4400
5418,313;6675
5419,313;58
5420,313;48
5421,313;56
5422,313;75
5423,313;4392
5424,313;6654
5425,313;75
5426,313;70
5427,313;72
5428,313;61
5429,313;4387
5430,313;6658
5431,313;78
5432,313;76
5433,313;67
5434,313;71
5435,313;4383
5436,313;6647
5437,313;71
5438,313;85
5439,313;86
5440,313;64
5441,313;4356
5442,313;6662
5443,313;78
5444,313;70
5445,313;87
5446,313;83
5447,313;4377
5448,313;6686
5449,313;59
5450,313;81
5451,313;74
5452,313;70
5453,313;4394
5454,313;6655
5455,313;66
5456,992;74
5457,992;82
5458,992;82
5459,992;4377
5460,992;6655
5461,992;71
5462,992;75
5463,992;75
5464,992;80
5465,992;4390
5466,992;6653
5467,992;60
5468,992;67
5469,992;82
5470,992;61
5471,992;4357
5472,992;6667
5473,992;60
5474,992;69
5475,992;64
5476,992;69
5477,992;4365
5478,992;6669
5479,992;64
5480,992;74
5481,992;78
5482,992;69
5483,992;4358
5484,992;6645
5485,992;65
5486,992;74
5487,992;65
5488,992;69
5489,992;4379
5490,992;6669
5491,992;79
5492,992;77
5493,992;88
5494,992;73
5495,992;4379
5496,992;6693
5497,992;79
5498,992;76
5499,992;69
5500,992;77
5501,992;4384
5502,992;6664
5503,992;63
5504,992;90
5505,992;72
5506,992;83
5507,992;4360
5508,992;6677
5509,992;65
5510,992;65
5511,992;55
5512,992;63
5513,992;4360
5514,992;6694
5515,992;68
5516,992;67
5517,992;70
5518,992;73
5519,992;4354
5520,992;6678
5521,992;69
5522,992;67
5523,992;74
5524,992;71
5525,992;4367
5526,992;6686
5527,992;62
5528,992;56
5529,992;89
5530,992;83
5531,992;4366
5532,992;6680
5533,992;74
5534,992;62
5535,992;77
5536,992;78
5537,992;4381
5538,992;6666
5539,992;67
5540,992;75
5541,992;71
5542,992;75
5543,992;4369
5544,992;6702
5545,992;72
5546,992;72
5547,992;50
5548,992;60
5549,992;4380
5550,992;6693
5551,992;64
5552,992;81
5553,992;80
5554,992;67
5555,992;4385
5556,992;6716
5557,992;60
5558,992;69
5559,992;69
5560,992;65
5561,992;4373
5562,992;6669
5563,992;64
5564,992;70
5565,992;70
5566,992;66
5567,992;4407
5568,992;6681
5569,992;69
5570,992;66
5571,992;55
5572,992;67
5573,992;4387
5574,992;6678
5575,992;77
5576,992;66
5577,992;68
5578,992;90
5579,992;4363
5580,992;6696
5581,992;63
5582,992;82
5583,992;71
5584,992;76
5585,992;4368
5586,992;6661
5587,992;71
5588,992;74
5589,992;70
5590,992;61
5591,992;4360
5592,992;6696
5593,992;68
5594,992;65
5595,992;55
5596,992;74
5597,992;4377
5598,992;6685
5599,992;56
5600,992;56
5601,992;60
5602,992;77
5603,992;4367
5604,992;6700
5605,992;64
5606,992;64
5607,992;70
5608,992;55
5609,992;4371
5610,992;6672
5611,992;60
5612,992;66
5613,992;57
5614,992;65
5615,992;4388
5616,992;6688
5617,992;58
5618,992;62
5619,992;71
5620,992;59
5621,992;4349
5622,992;6678
5623,992;43
5624,992;69
5625,992;61
5626,992;54
5627,992;4367
5628,992;6685
5629,992;48
5630,992;55
5631,992;57
5632,992;51
5633,992;4346
5634,992;6666
5635,992;62
5636,992;53
5637,992;59
5638,992;63
5639,992;4362
5640,992;6675
5641,992;58
5642,992;60
5643,992;49
5644,992;64
5645,992;4331
5646,992;6694
5647,992;53
5648,992;71
5649,992;58
5650,992;58
5651,992;3971
5652,992;6716
5653,992;57
5654,992;41
5655,992;52
5656,992;61
5657,992;4277
5658,062;6725
5659,062;56
5660,062;45
5661,062;63
5662,062;49
5663,062;4326
5664,062;6722
5665,062;67
5666,062;48
5667,062;59
5668,062;63
5669,062;4351
5670,062;6702
5671,062;58
5672,062;56
5673,062;59
5674,062;57
5675,062;4379
5676,062;6712
5677,062;56
5678,062;61
5679,062;67
5680,062;61
5681,062;4415
5682,062;6615
5683,062;64
5684,062;73
5685,062;61
5686,062;56
5687,062;4350
5688,062;6727
5689,062;47
5690,062;67
5691,062;82
5692,062;59
5693,062;4360
5694,062;6709
5695,062;49
5696,062;75
5697,062;63
5698,062;62
5699,062;4363
5700,062;6703
5701,062;71
5702,062;78
5703,062;63
5704,062;66
5705,062;4372
5706,062;6714
5707,062;61
5708,062;63
5709,062;67
5710,062;71
5711,062;4333
5712,062;6715
5713,062;51
5714,062;59
5715,062;56
5716,062;74
5717,062;4365
5718,062;6705
5719,062;62
5720,062;65
5721,062;63
5722,062;71
5723,062;4346
5724,062;6701
5725,062;69
5726,062;77
5727,062;81
5728,062;59
5729,062;4351
5730,062;6710
5731,062;54
5732,062;73
5733,062;81
5734,062;70
5735,062;4356
5736,062;6741
5737,062;63
5738,062;79
5739,062;81
5740,062;79
5741,062;4327
5742,062;6714
5743,062;55
5744,062;55
5745,062;73
5746,062;76
5747,062;4318
5748,062;6729
5749,062;81
5750,062;64
5751,062;60
5752,062;76
5753,062;4331
5754,062;6738
5755,062;71
5756,062;51
5757,062;59
5758,062;79
5759,512;4359
5760,512;6736
5761,512;64
5762,512;65
5763,512;65
5764,512;78
5765,512;4351
5766,512;6704
5767,512;64
5768,512;64
5769,512;73
5770,512;68
5771,512;4343
5772,512;6718
5773,512;77
5774,512;66
5775,512;76
5776,512;83
5777,512;4380
5778,512;6694
5779,512;73
5780,512;78
5781,512;69
5782,512;76
5783,512;4324
5784,512;6731
5785,512;57
5786,512;73
5787,512;80
5788,512;63
5789,512;4340
5790,512;6717
5791,512;73
5792,512;57
5793,512;55
5794,512;64
5795,512;4351
5796,512;6729
5797,512;74
5798,512;75
5799,512;72
5800,512;59
5801,512;4319
5802,512;6722
5803,512;65
5804,512;66
5805,512;70
5806,512;63
5807,512;4329
5808,512;6717
5809,512;56
5810,512;79
5811,512;74
5812,512;73
5813,512;4399
5814,512;6669
5815,512;67
5816,512;72
5817,512;70
5818,512;69
5819,512;4356
5820,512;6684
5821,512;66
5822,512;65
5823,512;68
5824,512;49
5825,512;4353
5826,512;6684
5827,512;81
5828,512;65
5829,512;65
5830,512;85
5831,512;4325
5832,512;6735
5833,512;72
5834,512;66
5835,512;74
5836,512;65
5837,512;4323
5838,512;6753
5839,512;63
5840,512;65
5841,512;66
5842,512;74
5843,512;4335
5844,512;6738
5845,512;67
5846,512;72
5847,512;55
5848,512;67
5849,512;4342
5850,512;6712
5851,512;69
5852,512;83
5853,512;76
5854,512;75
5855,512;4370
5856,512;6709
5857,512;69
5858,512;68
5859,512;68
5860,533;89
5861,533;4324
5862,533;6746
5863,533;63
5864,533;72
5865,533;77
5866,533;67
5867,533;4323
5868,533;6734
5869,533;63
5870,533;72
5871,533;65
5872,533;69
5873,533;4319
5874,533;6745
5875,533;63
5876,533;78
5877,533;78
5878,533;64
5879,533;4327
5880,533;6727
5881,533;66
5882,533;83
5883,533;80
5884,533;65
5885,533;4296
5886,533;6738
5887,533;59
5888,533;67
5889,533;75
5890,533;60
5891,533;4294
5892,533;6721
5893,533;57
5894,533;81
5895,533;60
5896,533;74
5897,533;4308
5898,533;6749
5899,533;80
5900,533;61
5901,533;65
5902,533;75
5903,533;4304
5904,533;6727
5905,533;78
5906,533;65
5907,533;61
5908,533;79
5909,533;4319
5910,533;6748
5911,533;66
5912,533;68
5913,533;84
5914,533;68
5915,533;4316
5916,533;6769
5917,533;67
5918,533;68
5919,533;58
5920,533;63
5921,533;4309
5922,533;6733
5923,533;76
5924,533;62
5925,533;69
5926,533;73
5927,533;4298
5928,533;6748
5929,533;55
5930,533;61
5931,533;65
5932,533;65
5933,533;4303
5934,533;6756
5935,533;58
5936,533;62
5937,533;70
5938,533;74
5939,533;4299
5940,533;6745
5941,533;69
5942,533;63
5943,533;68
5944,533;63
5945,533;4299
5946,533;6747
5947,533;59
5948,533;61
5949,533;67
5950,533;70
5951,533;4292
5952,533;6744
5953,533;45
5954,533;76
5955,533;61
5956,533;64
5957,533;4323
5958,533;6732
5959,533;74
5960,533;73
5961,413;57
5962,413;56
5963,413;3940
5964,413;6763
5965,413;59
5966,413;62
5967,413;86
5968,413;61
5969,413;4225
5970,413;6750
5971,413;57
5972,413;63
5973,413;58
5974,413;65
5975,413;4267
5976,413;6778
5977,413;58
5978,413;69
5979,413;66
5980,413;55
5981,413;4282
5982,413;6755
5983,413;68
5984,413;77
5985,413;83
5986,413;74
5987,413;4275
5988,413;6734
5989,413;72
5990,413;70
5991,413;68
5992,413;78
5993,413;4297
5994,413;6766
5995,413;65
5996,413;67
5997,413;83
5998,413;66
5999,413;4291
6000,413;6750
6001,413;70
6002,413;64
6003,413;83
6004,413;70
6005,413;4281
6006,413;6747
6007,413;73
6008,413;70
6009,413;61
6010,413;90
6011,413;4269
6012,413;6741
6013,413;58
6014,413;72
6015,413;63
6016,413;68
6017,413;4288
6018,413;6744
6019,413;69
6020,413;77
6021,413;61
6022,413;81
6023,413;4336
6024,413;6732
6025,413;70
6026,413;71
6027,413;78
6028,413;66
6029,413;4404
6030,413;6643
6031,413;55
6032,413;60
6033,413;55
6034,413;82
6035,413;4312
6036,413;6774
6037,413;73
6038,413;80
6039,413;73
6040,413;62
6041,413;4319
6042,413;6756
6043,413;53
6044,413;62
6045,413;66
6046,413;84
6047,413;4285
6048,413;6761
6049,413;68
6050,413;77
6051,413;64
6052,413;84
6053,413;4312
6054,413;6737
6055,413;62
6056,413;83
6057,413;78
6058,413;74
6059,413;4298
6060,413;6739
6061,413;69
6062,413;71
6063,413;70
6064,413;67
6065,413;4278
6066,413;6751
6067,413;61
6068,413;64
6069,413;68
6070,413;74
6071,413;4289
6072,413;6743
6073,413;79
6074,413;85
6075,413;65
6076,413;67
6077,413;4325
6078,413;6749
6079,413;73
6080,413;64
6081,413;61
6082,413;72
6083,413;4325
6084,413;6753
6085,413;73
6086,413;72
6087,413;65
6088,413;81
6089,413;4283
6090,413;6766
6091,413;60
6092,413;53
6093,413;65
6094,413;84
6095,413;4300
6096,413;6754
6097,413;70
6098,413;82
6099,413;70
6100,413;84
6101,413;4282
6102,413;6792
6103,413;57
6104,413;84
6105,413;63
6106,413;74
6107,413;4295
6108,413;6749
6109,413;73
6110,413;56
6111,413;80
6112,413;69
6113,413;4261
6114,413;6782
6115,413;69
6116,413;57
6117,413;66
6118,413;72
6119,413;4275
6120,413;6794
6121,413;52
6122,413;58
6123,413;77
6124,413;60
6125,413;4271
6126,413;6756
6127,413;66
6128,413;79
6129,413;76
6130,413;69
6131,413;4294
6132,413;6754
6133,413;76
6134,413;65
6135,413;82
6136,413;69
6137,413;4294
6138,413;6786
6139,413;53
6140,413;56
6141,413;77
6142,413;70
6143,413;4287
6144,413;6776
6145,413;60
6146,413;78
6147,413;69
6148,413;69
6149,413;4282
6150,413;6807
6151,413;58
6152,413;70
6153,413;71
6154,413;73
6155,413;4281
6156,413;6782
6157,413;82
6158,413;55
6159,413;72
6160,413;60
6161,413;4291
6162,413;6772
6163,551;81
6164,551;80
6165,551;79
6166,551;91
6167,551;4247
6168,551;6786
6169,551;78
6170,551;72
6171,551;81
6172,551;68
6173,551;4272
6174,551;6769
6175,551;73
6176,551;74
6177,551;66
6178,551;73
6179,551;4287
6180,551;6780
6181,551;65
6182,551;67
6183,551;75
6184,551;74
6185,551;4317
6186,551;6764
6187,551;80
6188,551;67
6189,551;78
6190,551;68
6191,551;4263
6192,551;6808
6193,551;73
6194,551;67
6195,551;76
6196,551;61
6197,551;4296
6198,551;6779
6199,551;75
6200,551;72
6201,551;73
6202,551;64
6203,551;4329
6204,551;6729
6205,551;72
6206,551;78
6207,551;93
6208,551;69
6209,551;4376
6210,551;6714
6211,551;95
6212,551;63
6213,551;56
6214,551;68
6215,551;4282
6216,551;6781
6217,551;60
6218,551;65
6219,551;88
6220,551;71
6221,551;4282
6222,551;6790
6223,551;49
6224,551;58
6225,551;71
6226,551;73
6227,551;4260
6228,551;6798
6229,551;77
6230,551;76
6231,551;68
6232,551;72
6233,551;4300
6234,551;6781
6235,551;70
6236,551;69
6237,551;76
6238,551;63
6239,551;4285
6240,551;6781
6241,551;61
6242,551;62
6243,551;70
6244,551;63
6245,551;4239
6246,551;6764
6247,551;70
6248,551;57
6249,551;58
6250,551;56
6251,551;4253
6252,551;6787
6253,551;47
6254,551;66
6255,551;77
6256,551;54
6257,551;4274
6258,551;6774
6259,551;45
6260,551;54
6261,551;53
6262,551;50
6263,551;4246
6264,705;6774
6265,705;47
6266,705;50
6267,705;51
6268,705;56
6269,705;4244
6270,705;6800
6271,705;40
6272,705;66
6273,705;62
6274,705;64
6275,705;3879
6276,705;6778
6277,705;65
6278,705;65
6279,705;63
6280,705;57
6281,705;4189
6282,705;6765
6283,705;50
6284,705;47
6285,705;56
6286,705;57
6287,705;4239
6288,705;6779
6289,705;53
6290,705;54
6291,705;66
6292,705;66
6293,705;4260
6294,705;6781
6295,705;75
6296,705;66
6297,705;62
6298,705;59
6299,705;4249
6300,705;6776
6301,705;59
6302,705;66
6303,705;73
6304,705;73
6305,705;4312
6306,705;6743
6307,705;41
6308,705;64
6309,705;56
6310,705;71
6311,705;4262
6312,705;6768
6313,705;53
6314,705;59
6315,705;75
6316,705;63
6317,705;4254
6318,705;6768
6319,705;56
6320,705;81
6321,705;95
6322,705;78
6323,705;4271
6324,705;6782
6325,705;67
6326,705;48
6327,705;69
6328,705;83
6329,705;4298
6330,705;6745
6331,705;68
6332,705;75
6333,705;100
6334,705;76
6335,705;4277
6336,705;6828
6337,705;59
6338,705;74
6339,705;69
6340,705;83
6341,705;4258
6342,705;6787
6343,705;68
6344,705;75
6345,705;65
6346,705;60
6347,705;4264
6348,705;6826
6349,705;59
6350,705;64
6351,705;83
6352,705;78
6353,705;4265
6354,705;6756
6355,705;65
6356,705;75
6357,705;75
6358,705;69
6359,705;4256
6360,705;6831
6361,705;62
6362,705;71
6363,705;80
6364,705;62
6365,809;4240
6366,809;6801
6367,809;62
6368,809;74
6369,809;74
6370,809;77
6371,809;4250
6372,809;6782
6373,809;69
6374,809;64
6375,809;59
6376,809;69
6377,809;4266
6378,809;6795
6379,809;87
6380,809;79
6381,809;77
6382,809;93
6383,809;4251
6384,809;6804
6385,809;65
6386,809;54
6387,809;81
6388,809;79
6389,809;4261
6390,809;6798
6391,809;70
6392,809;63
6393,809;78
6394,809;72
6395,809;4286
6396,809;6810
6397,809;56
6398,809;69
6399,809;76
6400,809;80
6401,809;4235
6402,809;6824
6403,809;79
6404,809;88
6405,809;70
6406,809;78
6407,809;4223
6408,809;6809
6409,809;80
6410,809;74
6411,809;82
6412,809;70
6413,809;4225
6414,809;6783
6415,809;71
6416,809;78
6417,809;77
6418,809;74
6419,809;4239
6420,809;6824
6421,809;75
6422,809;72
6423,809;70
6424,809;51
6425,809;4227
6426,809;6789
6427,809;65
6428,809;71
6429,809;73
6430,809;91
6431,809;4237
6432,809;6802
6433,809;61
6434,809;76
6435,809;57
6436,809;79
6437,809;4235
6438,809;6777
6439,809;59
6440,809;62
6441,809;73
6442,809;69
6443,809;4248
6444,809;6815
6445,809;64
6446,809;70
6447,809;60
6448,809;70
6449,809;4227
6450,809;6812
6451,809;66
6452,809;72
6453,809;70
6454,809;75
6455,809;4220
6456,809;6812
6457,809;73
6458,809;74
6459,809;70
6460,809;69
6461,809;4231
6462,809;6805
6463,809;80
6464,809;70
6465,809;86
6466,777;64
6467,777;4227
6468,777;6787
6469,777;72
6470,777;78
6471,777;67
6472,777;85
6473,777;4258
6474,777;6771
6475,777;63
6476,777;63
6477,777;75
6478,777;65
6479,777;4274
6480,777;6757
6481,777;65
6482,777;57
6483,777;93
6484,777;70
6485,777;4214
6486,777;6795
6487,777;70
6488,777;86
6489,777;74
6490,777;70
6491,777;4293
6492,777;6735
6493,777;69
6494,777;74
6495,777;60
6496,777;75
6497,777;4292
6498,777;6743
6499,777;64
6500,777;86
6501,777;69
6502,777;79
6503,777;4237
6504,777;6848
6505,777;61
6506,777;55
6507,777;60
6508,777;69
6509,777;4195
6510,777;6833
6511,777;57
6512,777;62
6513,777;74
6514,777;69
6515,777;4205
6516,777;6848
6517,777;66
6518,777;75
6519,777;64
6520,777;80
6521,777;4226
6522,777;6843
6523,777;63
6524,777;73
6525,777;64
6526,777;67
6527,777;4204
6528,777;6827
6529,777;74
6530,777;81
6531,777;73
6532,777;60
6533,777;4213
6534,777;6796
6535,777;75
6536,777;70
6537,777;74
6538,777;72
6539,777;4191
6540,777;6830
6541,777;56
6542,777;77
6543,777;72
6544,777;67
6545,777;4284
6546,777;6768
6547,777;64
6548,777;68
6549,777;94
6550,777;64
6551,777;4220
6552,777;6839
6553,777;76
6554,777;55
6555,777;67
6556,777;66
6557,777;4279
6558,777;6738
6559,777;68
6560,777;66
6561,777;66
6562,777;51
6563,777;4224
6564,777;6829
6565,777;62
6566,777;76
6567,777;77
6568,777;66
6569,777;4191
6570,777;6847
6571,777;53
6572,777;72
6573,777;60
6574,777;57
6575,777;4289
6576,777;6755
6577,777;60
6578,777;76
6579,777;49
6580,777;75
6581,777;4217
6582,777;6842
6583,777;58
6584,777;58
6585,777;66
6586,777;70
6587,777;3858
6588,777;6866
6589,777;71
6590,777;68
6591,777;52
6592,777;78
6593,777;4149
6594,777;6830
6595,777;61
6596,777;65
6597,777;77
6598,777;79
6599,777;4184
6600,777;6834
6601,777;70
6602,777;78
6603,777;68
6604,777;51
6605,777;4250
6606,777;6757
6607,777;54
6608,777;56
6609,777;70
6610,777;61
6611,777;4202
6612,777;6851
6613,777;69
6614,777;65
6615,777;80
6616,777;66
6617,777;4200
6618,777;6849
6619,777;53
6620,777;68
6621,777;71
6622,777;62
6623,777;4193
6624,777;6859
6625,777;65
6626,777;67
6627,777;88
6628,777;71
6629,777;4206
6630,777;6840
6631,777;59
6632,777;67
6633,777;73
6634,777;84
6635,777;4221
6636,777;6859
6637,777;56
6638,777;72
6639,777;64
6640,777;67
6641,777;4197
6642,777;6872
6643,777;57
6644,777;65
6645,777;60
6646,777;62
6647,777;4197
6648,777;6854
6649,777;66
6650,777;61
6651,777;56
6652,777;64
6653,777;4197
6654,777;6832
6655,777;61
6656,777;62
6657,777;58
6658,777;59
6659,777;4215
6660,777;6863
6661,777;89
6662,777;71
6663,777;66
6664,777;69
6665,777;4186
6666,777;6858
6667,777;56
6668,861;61
6669,861;68
6670,861;72
6671,861;4203
6672,861;6848
6673,861;79
6674,861;74
6675,861;81
6676,861;72
6677,861;4189
6678,861;6854
6679,861;56
6680,861;64
6681,861;55
6682,861;70
6683,861;4205
6684,861;6824
6685,861;76
6686,861;79
6687,861;60
6688,861;69
6689,861;4209
6690,861;6841
6691,861;58
6692,861;59
6693,861;64
6694,861;71
6695,861;4182
6696,861;6836
6697,861;62
6698,861;68
6699,861;75
6700,861;65
6701,861;4185
6702,861;6837
6703,861;75
6704,861;71
6705,861;75
6706,861;91
6707,861;4172
6708,861;6866
6709,861;67
6710,861;61
6711,861;88
6712,861;86
6713,861;4167
6714,861;6857
6715,861;71
6716,861;71
6717,861;64
6718,861;57
6719,861;4193
6720,861;6848
6721,861;79
6722,861;78
6723,861;80
6724,861;67
6725,861;4169
6726,861;6860
6727,861;63
6728,861;68
6729,861;63
6730,861;89
6731,861;4190
6732,861;6868
6733,861;88
6734,861;64
6735,861;66
6736,861;68
6737,861;4164
6738,861;6866
6739,861;63
6740,861;69
6741,861;57
6742,861;76
6743,861;4203
6744,861;6867
6745,861;60
6746,861;69
6747,861;69
6748,861;82
6749,861;4174
6750,861;6889
6751,861;65
6752,861;68
6753,861;69
6754,861;69
6755,861;4202
6756,861;6869
6757,861;77
6758,861;76
6759,861;80
6760,861;82
6761,861;4195
6762,861;6843
6763,861;73
6764,861;67
6765,861;78
6766,861;78
6767,861;4182
6768,861;6891
6769,493;69
6770,493;91
6771,493;74
6772,493;73
6773,493;4177
6774,493;6892
6775,493;63
6776,493;63
6777,493;66
6778,493;74
6779,493;4201
6780,493;6853
6781,493;54
6782,493;70
6783,493;60
6784,493;76
6785,493;4189
6786,493;6866
6787,493;75
6788,493;72
6789,493;88
6790,493;76
6791,493;4167
6792,493;6866
6793,493;71
6794,493;81
6795,493;74
6796,493;68
6797,493;4183
6798,493;6867
6799,493;66
6800,493;70
6801,493;71
6802,493;75
6803,493;4176
6804,493;6870
6805,493;64
6806,493;76
6807,493;76
6808,493;73
6809,493;4178
6810,493;6862
6811,493;80
6812,493;70
6813,493;73
6814,493;57
6815,493;4186
6816,493;6862
6817,493;57
6818,493;73
6819,493;92
6820,493;72
6821,493;4200
6822,493;6851
6823,493;56
6824,493;57
6825,493;59
6826,493;60
6827,493;4202
6828,493;6856
6829,493;81
6830,493;67
6831,493;89
6832,493;82
6833,493;4178
6834,493;6884
6835,493;84
6836,493;71
6837,493;71
6838,493;75
6839,493;4160
6840,493;6918
6841,493;56
6842,493;59
6843,493;53
6844,493;81
6845,493;4168
6846,493;6875
6847,493;71
6848,493;58
6849,493;77
6850,493;69
6851,493;4180
6852,493;6893
6853,493;58
6854,493;63
6855,493;71
6856,493;73
6857,493;4174
6858,493;6868
6859,493;57
6860,493;68
6861,493;65
6862,493;58
6863,493;4195
6864,493;6868
6865,493;63
6866,493;79
6867,493;73
6868,493;84
6869,493;4156
6870,261;6889
6871,261;64
6872,261;54
6873,261;67
6874,261;63
6875,261;4189
6876,261;6872
6877,261;73
6878,261;69
6879,261;51
6880,261;65
6881,261;4182
6882,261;6866
6883,261;56
6884,261;60
6885,261;56
6886,261;54
6887,261;4184
6888,261;6899
6889,261;52
6890,261;67
6891,261;71
6892,261;46
6893,261;4160
6894,261;6896
6895,261;55
6896,261;62
6897,261;66
6898,261;65
6899,261;3808
6900,261;6902
6901,261;52
6902,261;60
6903,261;68
6904,261;65
6905,261;4104
6906,261;6887
6907,261;53
6908,261;59
6909,261;55
6910,261;61
6911,261;4173
6912,261;6880
6913,261;46
6914,261;62
6915,261;57
6916,261;60
6917,261;4159
6918,261;6871
6919,261;48
6920,261;69
6921,261;47
6922,261;65
6923,261;4168
6924,261;6872
6925,261;65
6926,261;70
6927,261;80
6928,261;73
6929,261;4150
6930,261;6889
6931,261;61
6932,261;57
6933,261;72
6934,261;71
6935,261;4188
6936,261;6888
6937,261;57
6938,261;78
6939,261;48
6940,261;72
6941,261;4184
6942,261;6889
6943,261;76
6944,261;71
6945,261;96
6946,261;79
6947,261;4166
6948,261;6873
6949,261;63
6950,261;62
6951,261;55
6952,261;61
6953,261;4197
6954,261;6888
6955,261;67
6956,261;68
6957,261;75
6958,261;71
6959,261;4169
6960,261;6908
6961,261;65
6962,261;67
6963,261;69
6964,261;80
6965,261;4250
6966,261;6809
6967,261;66
6968,261;81
6969,261;80
6970,261;65
6971,49;4242
6972,49;6819
6973,49;64
6974,49;58
6975,49;67
6976,49;86
6977,49;4158
6978,49;6868
6979,49;63
6980,49;85
6981,49;58
6982,49;89
6983,49;4160
6984,49;6916
6985,49;59
6986,49;78
6987,49;68
6988,49;70
6989,49;4158
6990,49;6883
6991,49;50
6992,49;72
6993,49;61
6994,49;88
6995,49;4152
6996,49;6897
6997,49;62
6998,49;69
6999,49;62
7000,49;66
7001,49;4150
7002,49;6897
7003,49;73
7004,49;66
7005,49;79
7006,49;83
7007,49;4153
7008,49;6891
7009,49;60
7010,49;65
7011,49;66
7012,49;78
7013,49;4137
7014,49;6901
7015,49;59
7016,49;77
7017,49;62
7018,49;71
7019,49;4121
7020,49;6902
7021,49;62
7022,49;73
7023,49;75
7024,49;76
7025,49;4163
7026,49;6929
7027,49;75
7028,49;85
7029,49;94
7030,49;61
7031,49;4132
7032,49;6901
7033,49;79
7034,49;54
7035,49;82
7036,49;69
7037,49;4134
7038,49;6916
7039,49;68
7040,49;73
7041,49;70
7042,49;71
7043,49;4140
7044,49;6925
7045,49;63
7046,49;84
7047,49;82
7048,49;78
7049,49;4172
7050,49;6895
7051,49;106
7052,49;87
7053,49;72
7054,49;67
7055,49;4162
7056,49;6914
7057,49;69
7058,49;70
7059,49;56
7060,49;80
7061,49;4134
7062,49;6911
7063,49;68
7064,49;90
7065,49;79
7066,49;71
7067,49;4136
7068,49;6903
7069,49;79
7070,49;58
7071,49;63
7072,49;53
7073,49;4145
7074,49;6907
7075,49;69
7076,49;79
7077,49;64
7078,49;78
7079,49;4142
7080,49;6908
7081,49;69
7082,49;72
7083,49;71
7084,49;69
7085,49;4137
7086,49;6929
7087,49;73
7088,49;76
7089,49;78
7090,49;86
7091,49;4128
7092,49;6933
7093,49;76
7094,49;75
7095,49;67
7096,49;73
7097,49;4127
7098,49;6921
7099,49;70
7100,49;82
7101,49;74
7102,49;51
7103,49;4151
7104,49;6891
7105,49;51
7106,49;67
7107,49;76
7108,49;77
7109,49;4124
7110,49;6899
7111,49;80
7112,49;56
7113,49;77
7114,49;58
7115,49;4151
7116,49;6890
7117,49;71
7118,49;64
7119,49;55
7120,49;76
7121,49;4142
7122,49;6931
7123,49;73
7124,49;58
7125,49;71
7126,49;64
7127,49;4142
7128,49;6940
7129,49;68
7130,49;86
7131,49;78
7132,49;75
7133,49;4115
7134,49;6910
7135,49;75
7136,49;68
7137,49;70
7138,49;68
7139,49;4129
7140,49;6934
7141,49;56
7142,49;69
7143,49;78
7144,49;73
7145,49;4119
7146,49;6915
7147,49;55
7148,49;66
7149,49;58
7150,49;78
7151,49;4141
7152,49;6909
7153,49;64
7154,49;69
7155,49;72
7156,49;83
7157,49;4109
7158,49;6930
7159,49;67
7160,49;56
7161,49;86
7162,49;72
7163,49;4119
7164,49;6930
7165,49;63
7166,49;81
7167,49;73
7168,49;68
7169,49;4196
7170,49;6845
7171,49;58
7172,49;76
7173,625;55
7174,625;58
7175,625;4101
7176,625;6919
7177,625;60
7178,625;66
7179,625;66
7180,625;75
7181,625;4119
7182,625;6927
7183,625;54
7184,625;59
7185,625;75
7186,625;56
7187,625;4109
7188,625;6936
7189,625;56
7190,625;54
7191,625;52
7192,625;75
7193,625;4103
7194,625;6925
7195,625;66
7196,625;70
7197,625;61
7198,625;69
7199,625;4094
7200,625;6929
7201,625;49
7202,625;61
7203,625;74
7204,625;65
7205,625;4105
7206,625;6945
7207,625;85
7208,625;48
7209,625;53
7210,625;66
7211,625;3744
7212,625;6976
7213,625;64
7214,625;56
7215,625;64
7216,625;75
7217,625;4019
7218,625;6954
7219,625;67
7220,625;62
7221,625;61
7222,625;71
7223,625;4106
7224,625;6943
7225,625;58
7226,625;80
7227,625;76
7228,625;63
7229,625;4105
7230,625;6925
7231,625;65
7232,625;63
7233,625;81
7234,625;63
7235,625;4103
7236,625;6942
7237,625;66
7238,625;59
7239,625;57
7240,625;71
7241,625;4106
7242,625;6946
7243,625;57
7244,625;62
7245,625;82
7246,625;65
7247,625;4078
7248,625;6944
7249,625;78
7250,625;59
7251,625;66
7252,625;77
7253,625;4080
7254,625;6928
7255,625;73
7256,625;74
7257,625;75
7258,625;72
7259,625;4098
7260,625;6935
7261,625;65
7262,625;74
7263,625;61
7264,625;60
7265,625;4188
7266,625;6844
7267,625;60
7268,625;67
7269,625;66
7270,625;65
7271,625;4086
7272,625;6939
7273,625;78
7274,76;77
7275,76;75
7276,76;55
7277,76;4092
7278,76;6958
7279,76;64
7280,76;78
7281,76;63
7282,76;79
7283,76;4117
7284,76;6930
7285,76;85
7286,76;91
7287,76;68
7288,76;64
7289,76;4089
7290,76;6939
7291,76;65
7292,76;76
7293,76;69
7294,76;56
7295,76;4100
7296,76;6941
7297,76;62
7298,76;69
7299,76;68
7300,76;74
7301,76;4135
7302,76;6936
7303,76;65
7304,76;68
7305,76;72
7306,76;64
7307,76;4083
7308,76;6959
7309,76;55
7310,76;72
7311,76;83
7312,76;71
7313,76;4117
7314,76;6924
7315,76;65
7316,76;74
7317,76;76
7318,76;70
7319,76;4086
7320,76;6956
7321,76;73
7322,76;59
7323,76;61
7324,76;79
7325,76;4100
7326,76;6935
7327,76;75
7328,76;79
7329,76;73
7330,76;75
7331,76;4092
7332,76;6953
7333,76;58
7334,76;60
7335,76;77
7336,76;58
7337,76;4094
7338,76;6939
7339,76;72
7340,76;73
7341,76;73
7342,76;55
7343,76;4089
7344,76;6937
7345,76;80
7346,76;60
7347,76;84
7348,76;80
7349,76;4101
7350,76;6963
7351,76;76
7352,76;66
7353,76;86
7354,76;72
7355,76;4096
7356,76;6975
7357,76;62
7358,76;71
7359,76;90
7360,76;69
7361,76;4109
7362,76;6937
7363,76;76
7364,76;58
7365,76;75
7366,76;76
7367,76;4104
7368,76;6956
7369,76;48
7370,76;77
7371,76;65
7372,76;73
7373,76;4065
7374,76;6960
7374,841;75
7375,841;73
7376,841;69
7377,841;73
7378,841;4066
7379,841;6945
7380,841;77
7381,841;67
7382,841;59
7383,841;73
7384,841;4084
7385,841;6953
7386,841;74
7387,841;71
7388,841;73
7389,841;61
7390,841;4083
7391,841;6962
7392,841;54
7393,841;70
7394,841;78
7395,841;82
7396,841;4172
7397,841;6883
7398,841;60
7399,841;74
7400,841;73
7401,841;63
7402,841;4076
7403,841;6944
7404,841;79
7405,841;65
7406,841;75
7407,841;88
7408,841;4093
7409,841;6964
7410,841;77
7411,841;80
7412,841;92
7413,841;70
7414,841;4096
7415,841;6965
7416,841;77
7417,841;57
7418,841;59
7419,841;74
7420,841;4105
7421,841;6972
7422,841;78
7423,841;68
7424,841;72
7425,841;75
7426,841;4066
7427,841;6963
7428,841;68
7429,841;74
7430,841;93
7431,841;68
7432,841;4218
7433,841;6848
7434,841;61
7435,841;74
7436,841;90
7437,841;85
7438,841;4136
7439,841;6976
7440,841;71
7441,841;68
7442,841;58
7443,841;85
7444,841;4089
7445,841;6966
7446,841;68
7447,841;48
7448,841;71
7449,841;69
7450,841;4063
7451,841;6967
7452,841;65
7453,841;55
7454,841;77
7455,841;67
7456,841;4085
7457,841;6973
7458,841;80
7459,841;65
7460,841;78
7461,841;73
7462,841;4089
7463,841;6963
7464,841;75
7465,841;73
7466,841;82
7467,841;62
7468,841;4098
7469,841;6969
7470,841;65
7471,841;70
7472,841;65
7473,841;54
7474,841;4104
7475,985;6997
7476,985;54
7477,985;72
7478,985;68
7479,985;87
7480,985;4092
7481,985;6969
7482,985;64
7483,985;67
7484,985;59
7485,985;74
7486,985;4109
7487,985;6974
7488,985;55
7489,985;75
7490,985;80
7491,985;71
7492,985;4103
7493,985;6980
7494,985;67
7495,985;54
7496,985;74
7497,985;57
7498,985;4104
7499,985;6986
7500,985;69
7501,985;60
7502,985;56
7503,985;72
7504,985;4057
7505,985;6980
7506,985;53
7507,985;63
7508,985;59
7509,985;55
7510,985;4074
7511,985;6983
7512,985;49
7513,985;53
7514,985;65
7515,985;80
7516,985;4063
7517,985;6953
7518,985;72
7519,985;60
7520,985;61
7521,985;55
7522,985;3684
7523,985;7032
7524,985;46
7525,985;59
7526,985;61
7527,985;57
7528,985;4009
7529,985;6946
7530,985;59
7531,985;49
7532,985;62
7533,985;55
7534,985;4110
7535,985;6935
7536,985;69
7537,985;68
7538,985;58
7539,985;61
7540,985;4087
7541,985;6992
7542,985;72
7543,985;75
7544,985;64
7545,985;71
7546,985;4062
7547,985;6983
7548,985;67
7549,985;69
7550,985;55
7551,985;59
7552,985;4095
7553,985;6970
7554,985;62
7555,985;76
7556,985;59
7557,985;71
7558,985;4076
7559,985;6996
7560,985;70
7561,985;71
7562,985;69
7563,985;78
7564,985;4079
7565,985;7007
7566,985;67
7567,985;78
7568,985;65
7569,985;75
7570,985;4099
7571,985;6996
7572,985;57
7573,985;60
7574,985;79
7575,985;78
7578,955;4107
7579,955;6979
7580,955;69
7581,955;60
7582,955;71
7583,955;60
7584,955;4072
7585,955;6991
7586,955;65
7587,955;75
7588,955;76
7589,955;67
7590,955;4066
7591,955;6995
7592,955;74
7593,955;69
7594,955;65
7595,955;90
7596,955;4063
7597,955;6965
7598,955;69
7599,955;79
7600,955;74
7601,955;81
7602,955;4097
7603,955;6962
7604,955;67
7605,955;60
7606,955;77
7607,955;72
7608,955;4053
7609,955;6976
7610,955;73
7611,955;85
7612,955;75
7613,955;77
7614,955;4075
7615,955;6989
7616,955;70
7617,955;85
7618,955;98
7619,955;56
7620,955;4071
7621,955;6982
7622,955;65
7623,955;77
7624,955;68
7625,955;82
7626,955;4091
7627,955;6975
7628,955;72
7629,955;66
7630,955;69
7631,955;74
7632,955;4029
7633,955;6994
7634,955;74
7635,955;68
7636,955;81
7637,955;74
7638,955;4040
7639,955;6993
7640,955;79
7641,955;84
7642,955;66
7643,955;84
7644,955;4041
7645,955;6987
7646,955;79
7647,955;74
7648,955;76
7649,955;68
7650,955;4060
7651,955;7008
7652,955;52
7653,955;70
7654,955;52
7655,955;84
7656,955;4072
7657,955;7013
7658,955;75
7659,955;67
7660,955;70
7661,955;79
7662,955;4049
7663,955;6986
7664,955;73
7665,955;54
7666,955;81
7667,955;80
7668,955;4048
7669,955;7008
7670,955;76
7671,955;80
7672,955;77
7673,955;76
7674,955;4022
7675,955;7000
7676,955;66
7677,955;69
7678,955;95
7677,955;70
7678,955;4066
7679,955;6981
7680,955;70
7681,955;60
7682,955;68
7683,955;74
7684,955;4065
7685,955;6996
7686,955;54
7687,955;71
7688,955;77
7689,955;64
7690,955;4043
7691,955;6978
7692,955;65
7693,955;72
7694,955;75
7695,955;98
7696,955;4058
7697,955;6999
7698,955;60
7699,955;83
7700,955;86
7701,955;84
7702,955;4065
7703,955;6999
7704,955;70
7705,955;68
7706,955;62
7707,955;63
7708,955;4035
7709,955;7016
7710,955;72
7711,955;66
7712,955;68
7713,955;78
7714,955;4048
7715,955;7003
7716,955;51
7717,955;65
7718,955;76
7719,955;72
7720,955;4023
7721,955;6984
7722,955;62
7723,955;70
7724,955;69
7725,955;52
7726,955;4022
7727,955;7003
7728,955;66
7729,955;67
7730,955;66
7731,955;80
7732,955;4038
7733,955;7011
7734,955;41
7735,955;64
7736,955;66
7737,955;76
7738,955;4032
7739,955;7020
7740,955;59
7741,955;73
7742,955;82
7743,955;84
7744,955;4055
7745,955;7015
7746,955;58
7747,955;68
7748,955;66
7749,955;60
7750,955;4025
7751,955;6999
7752,955;46
7753,955;59
7754,955;84
7755,955;70
7756,955;4029
7757,955;7005
7758,955;57
7759,955;66
7760,955;63
7761,955;70
7762,955;4012
7763,955;7023
7764,955;66
7765,955;79
7766,955;61
7767,955;78
7768,955;4020
7769,955;7009
7770,955;63
7771,955;77
7772,955;62
7773,955;90
7774,955;4028
7775,955;7022
7776,955;67
7777,955;62
7779,468;61
7780,468;73
7781,468;4033
7782,468;7014
7783,468;65
7784,468;67
7785,468;64
7786,468;79
7787,468;4029
7788,468;7028
7789,468;68
7790,468;44
7791,468;66
7792,468;64
7793,468;4031
7794,468;7021
7795,468;73
7796,468;80
7797,468;66
7798,468;72
7799,468;3997
7800,468;7023
7801,468;58
7802,468;75
7803,468;68
7804,468;73
7805,468;4006
7806,468;7023
7807,468;62
7808,468;51
7809,468;71
7810,468;70
7811,468;3994
7812,468;7022
7813,468;66
7814,468;73
7815,468;88
7816,468;65
7817,468;4003
7818,468;7030
7819,468;61
7820,468;63
7821,468;69
7822,468;66
7823,468;3997
7824,468;7004
7825,468;55
7826,468;55
7827,468;64
7828,468;71
7829,468;4023
7830,468;7008
7831,468;67
7832,468;55
7833,468;85
7834,468;67
7835,468;3736
7836,468;6970
7837,468;64
7838,468;67
7839,468;55
7840,468;67
7841,468;3934
7842,468;7022
7843,468;51
7844,468;51
7845,468;67
7846,468;83
7847,468;3976
7848,468;7023
7849,468;57
7850,468;69
7851,468;70
7852,468;58
7853,468;4015
7854,468;7014
7855,468;58
7856,468;61
7857,468;67
7858,468;60
7859,468;3982
7860,468;7032
7861,468;70
7862,468;49
7863,468;60
7864,468;62
7865,468;4014
7866,468;7052
7867,468;55
7868,468;65
7869,468;74
7870,468;65
7871,468;3981
7872,468;7031
7873,468;72
7874,468;66
7875,468;58
7876,468;69
7877,468;4007
7878,468;7023
7879,468;69
7880,673;61
7881,673;68
7882,673;61
7883,673;3987
7884,673;7029
7885,673;63
7886,673;76
7887,673;67
7888,673;67
7889,673;4001
7890,673;7026
7891,673;76
7892,673;68
7893,673;79
7894,673;75
7895,673;4010
7896,673;7043
7897,673;60
7898,673;72
7899,673;73
7900,673;77
7901,673;4007
7902,673;7037
7903,673;67
7904,673;62
7905,673;84
7906,673;66
7907,673;4009
7908,673;7027
7909,673;66
7910,673;61
7911,673;75
7912,673;72
7913,673;3991
7914,673;7026
7915,673;61
7916,673;67
7917,673;78
7918,673;65
7919,673;4030
7920,673;7025
7921,673;67
7922,673;65
7923,673;63
7924,673;76
7925,673;4046
7926,673;6969
7927,673;85
7928,673;61
7929,673;68
7930,673;95
7931,673;4001
7932,673;7013
7933,673;78
7934,673;75
7935,673;75
7936,673;61
7937,673;4024
7938,673;7012
7939,673;68
7940,673;68
7941,673;68
7942,673;66
7943,673;4017
7944,673;7029
7945,673;86
7946,673;75
7947,673;60
7948,673;76
7949,673;3980
7950,673;7046
7951,673;71
7952,673;77
7953,673;80
7954,673;72
7955,673;3998
7956,673;7029
7957,673;56
7958,673;71
7959,673;67
7960,673;73
7961,673;4017
7962,673;7060
7963,673;73
7964,673;63
7965,673;72
7966,673;62
7967,673;4007
7968,673;7047
7969,673;79
7970,673;75
7971,673;72
7972,673;70
7973,673;3990
7974,673;7044
7975,673;71
7976,673;64
7977,673;91
7978,673;67
7979,673;4008
7980,673;7033
7981,289;68
7982,289;60
7983,289;75
7984,289;58
7985,289;4008
7986,289;7037
7987,289;76
7988,289;70
7989,289;72
7990,289;66
7991,289;3982
7992,289;7051
7993,289;69
7994,289;75
7995,289;76
7996,289;71
7997,289;4000
7998,289;7068
7999,289;65
8000,289;87
8001,289;67
8002,289;65
8003,289;4014
8004,289;7018
8005,289;67
8006,289;63
8007,289;83
8008,289;75
8009,289;4027
8010,289;7048
8011,289;67
8012,289;77
8013,289;68
8014,289;71
8015,289;3998
8016,289;7044
8017,289;67
8018,289;70
8019,289;64
8020,289;85
8021,289;4025
8022,289;7067
8023,289;70
8024,289;83
8025,289;78
8026,289;81
8027,289;3984
8028,289;7082
8029,289;52
8030,289;57
8031,289;66
8032,289;71
8033,289;4071
8034,289;6966
8035,289;67
8036,289;76
8037,289;73
8038,289;63
8039,289;3992
8040,289;7040
8041,289;73
8042,289;82
8043,289;70
8044,289;81
8045,289;4004
8046,289;7070
8047,289;70
8048,289;65
8049,289;64
8050,289;81
8051,289;4019
8052,289;7068
8053,289;61
8054,289;59
8055,289;72
8056,289;67
8057,289;4002
8058,289;7058
8059,289;63
8060,289;74
8061,289;73
8062,289;55
8063,289;4006
8064,289;7050
8065,289;68
8066,289;68
8067,289;57
8068,289;72
8069,289;3995
8070,289;7036
8071,289;64
8072,289;64
8073,289;82
8074,289;78
8075,289;4027
8076,289;7037
8077,289;70
8078,289;65
8079,289;70
8080,289;100
8081,289;4028
8082,282;7067
8083,282;67
8084,282;69
8085,282;67
8086,282;77
8087,282;4035
8088,282;7027
8089,282;83
8090,282;68
8091,282;82
8092,282;68
8093,282;4012
8094,282;7094
8095,282;82
8096,282;71
8097,282;59
8098,282;63
8099,282;3997
8100,282;7061
8101,282;69
8102,282;80
8103,282;61
8104,282;65
8105,282;3987
8106,282;7057
8107,282;46
8108,282;71
8109,282;67
8110,282;67
8111,282;4003
8112,282;7051
8113,282;63
8114,282;63
8115,282;54
8116,282;69
8117,282;3996
8118,282;7052
8119,282;62
8120,282;60
8121,282;73
8122,282;71
8123,282;3977
8124,282;7064
8125,282;50
8126,282;71
8127,282;71
8128,282;63
8129,282;3962
8130,282;7079
8131,282;66
8132,282;64
8133,282;75
8134,282;75
8135,282;3980
8136,282;7070
8137,282;59
8138,282;65
8139,282;54
8140,282;57
8141,282;3963
8142,282;7079
8143,282;63
8144,282;53
8145,282;68
8146,282;65
8147,282;3612
8148,282;7082
8149,282;63
8150,282;44
8151,282;60
8152,282;70
8153,282;3908
8154,282;7074
8155,282;52
8156,282;49
8157,282;58
8158,282;67
8159,282;3970
8160,282;7052
8161,282;54
8162,282;50
8163,282;67
8164,282;69
8165,282;3976
8166,282;7054
8167,282;60
8168,282;72
8169,282;77
8170,282;72
8171,282;4000
8172,282;7063
8173,282;52
8174,282;70
8175,282;77
8176,282;64
8177,282;3972
8178,282;7049
8179,282;67
8180,282;62
8181,282;57
8182,282;60
8183,282;3989
8184,282;7060
8185,282;76
8186,282;60
8187,282;69
8188,282;71
8189,282;3944
8190,282;7084
8191,282;78
8192,282;77
8193,282;88
8194,282;60
8195,282;3986
8196,282;7078
8197,282;64
8198,282;61
8199,282;71
8200,282;70
8201,282;3982
8202,282;7090
8203,282;66
8204,282;64
8205,282;64
8206,282;84
8207,282;3992
8208,282;7067
8209,282;55
8210,282;67
8211,282;88
8212,282;62
8213,282;3986
8214,282;7086
8215,282;63
8216,282;77
8217,282;59
8218,282;92
8219,282;3985
8220,282;7095
8221,282;76
8222,282;68
8223,282;66
8224,282;77
8225,282;3964
8226,282;7079
8227,282;74
8228,282;53
8229,282;85
8230,282;79
8231,282;3950
8232,282;7104
8233,282;65
8234,282;66
8235,282;62
8236,282;74
8237,282;3986
8238,282;7099
8239,282;67
8240,282;67
8241,282;74
8242,282;59
8243,282;3937
8244,282;7088
8245,282;63
8246,282;75
8247,282;76
8248,282;69
8249,282;3979
8250,282;7047
8251,282;70
8252,282;62
8253,282;88
8254,282;68
8255,282;4008
8256,282;7052
8257,282;63
8258,282;72
8259,282;70
8260,282;82
8261,282;3971
8262,282;7083
8263,282;69
8264,282;74
8265,282;69
8266,282;71
8267,282;3928
8268,282;7091
8269,282;57
8270,282;63
8271,282;78
8272,282;84
8273,282;4039
8274,282;7010
8275,282;84
8276,282;79
8277,282;83
8278,282;78
8279,282;3939
8280,282;7118
8281,282;60
8282,282;77
8283,282;73
8283,894;76
8284,894;3941
8285,894;7074
8286,894;70
8287,894;69
8288,894;77
8289,894;66
8290,894;3935
8291,894;7087
8292,894;58
8293,894;78
8294,894;62
8295,894;53
8296,894;3954
8297,894;7085
8298,894;64
8299,894;67
8300,894;62
8301,894;66
8302,894;3928
8303,894;7109
8304,894;84
8305,894;81
8306,894;76
8307,894;77
8308,894;3961
8309,894;7112
8310,894;66
8311,894;76
8312,894;68
8313,894;74
8314,894;3959
8315,894;7078
8316,894;66
8317,894;68
8318,894;68
8319,894;64
8320,894;3939
8321,894;7113
8322,894;76
8323,894;69
8324,894;74
8325,894;101
8326,894;3952
8327,894;7093
8328,894;61
8329,894;70
8330,894;67
8331,894;75
8332,894;3959
8333,894;7091
8334,894;69
8335,894;77
8336,894;68
8337,894;73
8338,894;3933
8339,894;7103
8340,894;77
8341,894;62
8342,894;77
8343,894;68
8344,894;3927
8345,894;7099
8346,894;71
8347,894;66
8348,894;63
8349,894;66
8350,894;3936
8351,894;7086
8352,894;67
8353,894;78
8354,894;76
8355,894;59
8356,894;3941
8357,894;7108
8358,894;76
8359,894;79
8360,894;63
8361,894;68
8362,894;3940
8363,894;7114
8364,894;67
8365,894;64
8366,894;68
8367,894;78
8368,894;3931
8369,894;7106
8370,894;63
8371,894;68
8372,894;81
8373,894;70
8374,894;3898
8375,894;7100
8376,894;63
8377,894;65
8378,894;63
8379,894;73
8380,894;3942
8381,894;7117
8382,894;58
8383,894;65
8385,18;59
8386,18;70
8387,18;3937
8388,18;7107
8389,18;66
8390,18;75
8391,18;61
8392,18;74
8393,18;3931
8394,18;7101
8395,18;70
8396,18;59
8397,18;62
8398,18;68
8399,18;3937
8400,18;7101
8401,18;65
8402,18;69
8403,18;64
8404,18;82
8405,18;3929
8406,18;7128
8407,18;61
8408,18;62
8409,18;80
8410,18;71
8411,18;3934
8412,18;7121
8413,18;60
8414,18;65
8415,18;68
8416,18;72
8417,18;3924
8418,18;7105
8419,18;52
8420,18;82
8421,18;86
8422,18;59
8423,18;3910
8424,18;7083
8425,18;57
8426,18;69
8427,18;79
8428,18;71
8429,18;3935
8430,18;7074
8431,18;60
8432,18;50
8433,18;70
8434,18;64
8435,18;3934
8436,18;7106
8437,18;55
8438,18;58
8439,18;59
8440,18;59
8441,18;3917
8442,18;7096
8443,18;58
8444,18;64
8445,18;75
8446,18;60
8447,18;3935
8448,18;7096
8449,18;57
8450,18;64
8451,18;58
8452,18;72
8453,18;3916
8454,18;7100
8455,18;60
8456,18;65
8457,18;69
8458,18;64
8459,18;3561
8460,18;7147
8461,18;59
8462,18;57
8463,18;59
8464,18;58
8465,18;3823
8466,18;7129
8467,18;51
8468,18;50
8469,18;66
8470,18;81
8471,18;3874
8472,18;7110
8473,18;55
8474,18;66
8475,18;68
8476,18;65
8477,18;3915
8478,18;7119
8479,18;75
8480,18;54
8481,18;67
8482,18;64
8483,18;3893
8484,18;7109
8485,18;64
8486,094;66
8487,094;63
8488,094;58
8489,094;3904
8490,094;7112
8491,094;56
8492,094;68
8493,094;59
8494,094;69
8495,094;3926
8496,094;7116
8497,094;60
8498,094;54
8499,094;61
8500,094;78
8501,094;3923
8502,094;7124
8503,094;69
8504,094;71
8505,094;71
8506,094;57
8507,094;3905
8508,094;7122
8509,094;72
8510,094;75
8511,094;61
8512,094;79
8513,094;3874
8514,094;7139
8515,094;66
8516,094;86
8517,094;62
8518,094;61
8519,094;3906
8520,094;7137
8521,094;60
8522,094;70
8523,094;57
8524,094;77
8525,094;3904
8526,094;7123
8527,094;70
8528,094;82
8529,094;70
8530,094;73
8531,094;3885
8532,094;7124
8533,094;83
8534,094;78
8535,094;89
8536,094;77
8537,094;3899
8538,094;7098
8539,094;80
8540,094;62
8541,094;65
8542,094;62
8543,094;3909
8544,094;7131
8545,094;66
8546,094;71
8547,094;54
8548,094;78
8549,094;3892
8550,094;7108
8551,094;59
8552,094;68
8553,094;82
8554,094;61
8555,094;3927
8556,094;7136
8557,094;75
8558,094;57
8559,094;72
8560,094;61
8561,094;3901
8562,094;7148
8563,094;54
8564,094;75
8565,094;84
8566,094;68
8567,094;3915
8568,094;7131
8569,094;63
8570,094;58
8571,094;89
8572,094;59
8573,094;3888
8574,094;7147
8575,094;51
8576,094;62
8577,094;78
8578,094;76
8579,094;3907
8580,094;7151
8581,094;64
8582,094;60
8583,094;62
8584,094;90
8585,094;3905
8586,094;7133
8587,4;61
8588,4;76
8589,4;78
8590,4;80
8591,4;3896
8592,4;7125
8593,4;66
8594,4;86
8595,4;76
8596,4;73
8597,4;3912
8598,4;7128
8599,4;72
8600,4;78
8601,4;70
8602,4;91
8603,4;3895
8604,4;7134
8605,4;86
8606,4;78
8607,4;60
8608,4;63
8609,4;3881
8610,4;7176
8611,4;69
8612,4;65
8613,4;68
8614,4;84
8615,4;3922
8616,4;7135
8617,4;61
8618,4;69
8619,4;57
8620,4;75
8621,4;3903
8622,4;7156
8623,4;64
8624,4;68
8625,4;74
8626,4;80
8627,4;3903
8628,4;7155
8629,4;59
8630,4;61
8631,4;63
8632,4;81
8633,4;3886
8634,4;7140
8635,4;86
8636,4;83
8637,4;71
8638,4;62
8639,4;3898
8640,4;7122
8641,4;76
8642,4;84
8643,4;81
8644,4;88
8645,4;3922
8646,4;7142
8647,4;74
8648,4;91
8649,4;63
8650,4;85
8651,4;3862
8652,4;7150
8653,4;62
8654,4;73
8655,4;62
8656,4;68
8657,4;3887
8658,4;7129
8659,4;61
8660,4;71
8661,4;72
8662,4;83
8663,4;3917
8664,4;7115
8665,4;70
8666,4;71
8667,4;74
8668,4;87
8669,4;3897
8670,4;7139
8671,4;69
8672,4;77
8673,4;79
8674,4;92
8675,4;3913
8676,4;7140
8677,4;68
8678,4;78
8679,4;66
8680,4;73
8681,4;3935
8682,4;7142
8683,4;66
8684,4;64
8685,4;92
8686,4;86
8687,4;3907
8688,4;7146
8689,4;71
8690,4;65
8691,4;68
8692,4;74
8693,4;3914
8694,4;7171
8695,4;88
8696,4;81
8697,4;80
8698,4;65
8699,4;3919
8700,4;7153
8701,4;62
8702,4;53
8703,4;82
8704,4;82
8705,4;3900
8706,4;7156
8707,4;68
8708,4;66
8709,4;72
8710,4;76
8711,4;3892
8712,4;7153
8713,4;77
8714,4;73
8715,4;63
8716,4;81
8717,4;3892
8718,4;7169
8719,4;80
8720,4;58
8721,4;67
8722,4;77
8723,4;3884
8724,4;7164
8725,4;79
8726,4;65
8727,4;79
8728,4;77
8729,4;3914
8730,4;7155
8731,4;60
8732,4;72
8733,4;76
8734,4;79
8735,4;3890
8736,4;7148
8737,4;58
8738,4;73
8739,4;73
8740,4;70
8741,4;3885
8742,4;7159
8743,4;65
8744,4;70
8745,4;77
8746,4;84
8747,4;3885
8748,4;7137
8749,4;70
8750,4;66
8751,4;72
8752,4;65
8753,4;3887
8754,4;7170
8755,4;53
8756,4;67
8757,4;63
8758,4;59
8759,4;3863
8760,4;7171
8761,4;51
8762,4;59
8763,4;71
8764,4;77
8765,4;3862
8766,4;7135
8767,4;57
8768,4;67
8769,4;68
8770,4;68
8771,4;3497
8772,4;7185
8773,4;72
8774,4;60
8775,4;64
8776,4;58
8777,4;3806
8778,4;7154
8779,4;76
8780,4;64
8781,4;73
8782,4;72
8783,4;3869
8784,4;7176
8785,4;67
8786,4;76
8787,4;88
8788,4;64
8789,759;3862
8790,759;7177
8791,759;50
8792,759;77
8793,759;62
8794,759;68
8795,759;3906
8796,759;7170
8797,759;55
8798,759;66
8799,759;66
8800,759;71
8801,759;3883
8802,759;7139
8803,759;67
8804,759;70
8805,759;71
8806,759;65
8807,759;3884
8808,759;7131
8809,759;68
8810,759;80
8811,759;61
8812,759;74
8813,759;3871
8814,759;7173
8815,759;70
8816,759;67
8817,759;77
8818,759;76
8819,759;3880
8820,759;7157
8821,759;63
8822,759;64
8823,759;73
8824,759;85
8825,759;3880
8826,759;7169
8827,759;54
8828,759;80
8829,759;77
8830,759;71
8831,759;3854
8832,759;7161
8833,759;56
8834,759;70
8835,759;92
8836,759;82
8837,759;3901
8838,759;7137
8839,759;64
8840,759;78
8841,759;61
8842,759;65
8843,759;3879
8844,759;7203
8845,759;66
8846,759;78
8847,759;72
8848,759;80
8849,759;3880
8850,759;7186
8851,759;72
8852,759;65
8853,759;70
8854,759;62
8855,759;3855
8856,759;7165
8857,759;85
8858,759;73
8859,759;67
8860,759;69
8861,759;3886
8862,759;7175
8863,759;65
8864,759;71
8865,759;64
8866,759;66
8867,759;3850
8868,759;7175
8869,759;67
8870,759;77
8871,759;73
8872,759;72
8873,759;3864
8874,759;7184
8875,759;86
8876,759;73
8877,759;79
8878,759;63
8879,759;3849
8880,759;7168
8881,759;74
8882,759;79
8883,759;75
8884,759;90
8885,759;3858
8886,759;7178
8887,759;74
8888,759;70
8889,759;64
8890,543;65
8891,543;3861
8892,543;7205
8893,543;71
8894,543;74
8895,543;92
8896,543;59
8897,543;3863
8898,543;7175
8899,543;68
8900,543;65
8901,543;64
8902,543;74
8903,543;3861
8904,543;7186
8905,543;66
8906,543;73
8907,543;85
8908,543;71
8909,543;3860
8910,543;7171
8911,543;59
8912,543;62
8913,543;69
8914,543;74
8915,543;3817
8916,543;7172
8917,543;82
8918,543;75
8919,543;73
8920,543;74
8921,543;3845
8922,543;7209
8923,543;75
8924,543;87
8925,543;66
8926,543;67
8927,543;3846
8928,543;7202
8929,543;83
8930,543;54
8931,543;67
8932,543;78
8933,543;3848
8934,543;7172
8935,543;74
8936,543;65
8937,543;77
8938,543;67
8939,543;3847
8940,543;7208
8941,543;74
8942,543;72
8943,543;75
8944,543;77
8945,543;3854
8946,543;7160
8947,543;47
8948,543;55
8949,543;64
8950,543;72
8951,543;3827
8952,543;7210
8953,543;63
8954,543;74
8955,543;73
8956,543;78
8957,543;3855
8958,543;7220
8959,543;56
8960,543;63
8961,543;79
8962,543;96
8963,543;3841
8964,543;7196
8965,543;59
8966,543;57
8967,543;72
8968,543;76
8969,543;3832
8970,543;7181
8971,543;50
8972,543;66
8973,543;58
8974,543;68
8975,543;3833
8976,543;7184
8977,543;61
8978,543;66
8979,543;75
8980,543;69
8981,543;3836
8982,543;7171
8983,543;71
8984,543;64
8985,543;88
8986,543;84
8987,543;3823
8988,543;7213
8989,543;67
8990,543;83
8991,404;65
8992,404;68
8993,404;3827
8994,404;7189
8995,404;71
8996,404;56
8997,404;60
8998,404;78
8999,404;3932
9000,404;7124
9001,404;58
9002,404;51
9003,404;73
9004,404;81
9005,404;3818
9006,404;7206
9007,404;55
9008,404;79
9009,404;71
9010,404;74
9011,404;3827
9012,404;7206
9013,404;60
9014,404;68
9015,404;57
9016,404;84
9017,404;3824
9018,404;7208
9019,404;64
9020,404;70
9021,404;68
9022,404;64
9023,404;3826
9024,404;7200
9025,404;66
9026,404;60
9027,404;90
9028,404;81
9029,404;3810
9030,404;7201
9031,404;65
9032,404;64
9033,404;57
9034,404;74
9035,404;3815
9036,404;7210
9037,404;58
9038,404;68
9039,404;78
9040,404;72
9041,404;3848
9042,404;7200
9043,404;57
9044,404;58
9045,404;71
9046,404;74
9047,404;3810
9048,404;7224
9049,404;67
9050,404;61
9051,404;69
9052,404;59
9053,404;3801
9054,404;7198
9055,404;65
9056,404;57
9057,404;71
9058,404;66
9059,404;3825
9060,404;7205
9061,404;72
9062,404;43
9063,404;64
9064,404;55
9065,404;3814
9066,404;7221
9067,404;73
9068,404;69
9069,404;72
9070,404;69
9071,404;3802
9072,404;7216
9073,404;60
9074,404;62
9075,404;87
9076,404;71
9077,404;3815
9078,404;7205
9079,404;58
9080,404;44
9081,404;70
9082,404;67
9083,404;3485
9084,404;7244
9085,404;61
9086,404;58
9087,404;70
9088,404;61
9089,404;3732
9090,404;7222
9091,404;61
9092,486;47
9093,486;57
9094,486;67
9095,486;3813
9096,486;7203
9097,486;61
9098,486;77
9099,486;67
9100,486;72
9101,486;3848
9102,486;7214
9103,486;59
9104,486;71
9105,486;63
9106,486;64
9107,486;3794
9108,486;7212
9109,486;66
9110,486;65
9111,486;56
9112,486;75
9113,486;3810
9114,486;7244
9115,486;64
9116,486;76
9117,486;59
9118,486;47
9119,486;3814
9120,486;7228
9121,486;58
9122,486;66
9123,486;73
9124,486;77
9125,486;3797
9126,486;7206
9127,486;56
9128,486;58
9129,486;63
9130,486;61
9131,486;3806
9132,486;7211
9133,486;60
9134,486;63
9135,486;62
9136,486;59
9137,486;3804
9138,486;7229
9139,486;57
9140,486;66
9141,486;72
9142,486;57
9143,486;3831
9144,486;7215
9145,486;73
9146,486;82
9147,486;64
9148,486;55
9149,486;3795
9150,486;7193
9151,486;65
9152,486;58
9153,486;70
9154,486;72
9155,486;3792
9156,486;7231
9157,486;74
9158,486;79
9159,486;73
9160,486;72
9161,486;3802
9162,486;7227
9163,486;61
9164,486;78
9165,486;64
9166,486;80
9167,486;3807
9168,486;7225
9169,486;50
9170,486;62
9171,486;85
9172,486;64
9173,486;3805
9174,486;7222
9175,486;81
9176,486;71
9177,486;72
9178,486;70
9179,486;3794
9180,486;7219
9181,486;66
9182,486;56
9183,486;69
9184,486;62
9185,486;3800
9186,486;7232
9187,486;56
9188,486;70
9189,486;72
9190,486;62
9191,486;3806
9192,486;7216
9193,486;57
9194,486;81
9195,486;73
9196,486;67
9197,486;3844
9198,486;7218
9199,486;53
9200,486;56
9201,486;69
9202,486;78
9203,486;3796
9204,486;7217
9205,486;78
9206,486;69
9207,486;76
9208,486;67
9209,486;3806
9210,486;7246
9211,486;57
9212,486;66
9213,486;114
9214,486;69
9215,486;3814
9216,486;7238
9217,486;72
9218,486;75
9219,486;58
9220,486;60
9221,486;3803
9222,486;7235
9223,486;70
9224,486;66
9225,486;72
9226,486;78
9227,486;3803
9228,486;7255
9229,486;63
9230,486;64
9231,486;78
9232,486;79
9233,486;3802
9234,486;7235
9235,486;65
9236,486;68
9237,486;68
9238,486;74
9239,486;3819
9240,486;7206
9241,486;76
9242,486;93
9243,486;72
9244,486;74
9245,486;3800
9246,486;7243
9247,486;63
9248,486;61
9249,486;81
9250,486;82
9251,486;3805
9252,486;7211
9253,486;67
9254,486;74
9255,486;79
9256,486;72
9257,486;3786
9258,486;7251
9259,486;63
9260,486;77
9261,486;97
9262,486;65
9263,486;3771
9264,486;7225
9265,486;62
9266,486;62
9267,486;79
9268,486;66
9269,486;3805
9270,486;7249
9271,486;61
9272,486;72
9273,486;67
9274,486;76
9275,486;3769
9276,486;7241
9277,486;72
9278,486;83
9279,486;77
9280,486;74
9281,486;3798
9282,486;7230
9283,486;62
9284,486;77
9285,486;86
9286,486;75
9287,486;3807
9288,486;7237
9289,486;71
9290,486;74
9291,486;80
9292,486;71
9293,486;3788
9295,101;7235
9296,101;65
9297,101;75
9298,101;71
9299,101;60
9300,101;3798
9301,101;7255
9302,101;67
9303,101;77
9304,101;83
9305,101;61
9306,101;3799
9307,101;7251
9308,101;65
9309,101;76
9310,101;68
9311,101;74
9312,101;3804
9313,101;7218
9314,101;67
9315,101;84
9316,101;83
9317,101;79
9318,101;3771
9319,101;7280
9320,101;69
9321,101;83
9322,101;80
9323,101;84
9324,101;3794
9325,101;7259
9326,101;61
9327,101;63
9328,101;69
9329,101;72
9330,101;3839
9331,101;7201
9332,101;79
9333,101;79
9334,101;70
9335,101;73
9336,101;3799
9337,101;7248
9338,101;70
9339,101;73
9340,101;83
9341,101;82
9342,101;3793
9343,101;7254
9344,101;63
9345,101;64
9346,101;76
9347,101;79
9348,101;3792
9349,101;7235
9350,101;67
9351,101;70
9352,101;71
9353,101;80
9354,101;3819
9355,101;7248
9356,101;94
9357,101;70
9358,101;72
9359,101;68
9360,101;3806
9361,101;7239
9362,101;69
9363,101;92
9364,101;88
9365,101;65
9366,101;3790
9367,101;7263
9368,101;74
9369,101;90
9370,101;65
9371,101;82
9372,101;3790
9373,101;7271
9374,101;78
9375,101;69
9376,101;78
9377,101;76
9378,101;3793
9379,101;7245
9380,101;68
9381,101;54
9382,101;65
9383,101;88
9384,101;3800
9385,101;7251
9386,101;64
9387,101;64
9388,101;58
9389,101;65
9390,101;3790
9391,101;7232
9392,101;62
9393,101;79
9394,101;61
9395,101;62
9394,913;3409
9395,913;7300
9396,913;65
9397,913;68
9398,913;57
9399,913;82
9400,913;3709
9401,913;7275
9402,913;57
9403,913;71
9404,913;77
9405,913;64
9406,913;3784
9407,913;7282
9408,913;61
9409,913;72
9410,913;56
9411,913;72
9412,913;3794
9413,913;7238
9414,913;73
9415,913;75
9416,913;72
9417,913;69
9418,913;3780
9419,913;7282
9420,913;73
9421,913;79
9422,913;74
9423,913;70
9424,913;3767
9425,913;7235
9426,913;63
9427,913;68
9428,913;88
9429,913;72
9430,913;3772
9431,913;7266
9432,913;76
9433,913;72
9434,913;81
9435,913;66
9436,913;3775
9437,913;7272
9438,913;57
9439,913;77
9440,913;78
9441,913;78
9442,913;3780
9443,913;7262
9444,913;71
9445,913;77
9446,913;70
9447,913;66
9448,913;3784
9449,913;7268
9450,913;57
9451,913;66
9452,913;59
9453,913;67
9454,913;3787
9455,913;7262
9456,913;83
9457,913;79
9458,913;73
9459,913;80
9460,913;3821
9461,913;7244
9462,913;63
9463,913;82
9464,913;89
9465,913;88
9466,913;3794
9467,913;7266
9468,913;82
9469,913;83
9470,913;81
9471,913;72
9472,913;3787
9473,913;7280
9474,913;73
9475,913;72
9476,913;70
9477,913;71
9478,913;3784
9479,913;7280
9480,913;66
9481,913;92
9482,913;72
9483,913;66
9484,913;3764
9485,913;7283
9486,913;64
9487,913;67
9488,913;58
9489,913;82
9490,913;3745
9491,913;7278
9492,913;52
9493,913;74
9494,913;63
9496,733;66
9497,733;3762
9498,733;7268
9499,733;76
9500,733;68
9501,733;76
9502,733;77
9503,733;3764
9504,733;7260
9505,733;72
9506,733;66
9507,733;82
9508,733;73
9509,733;3769
9510,733;7282
9511,733;67
9512,733;71
9513,733;82
9514,733;57
9515,733;3771
9516,733;7270
9517,733;81
9518,733;61
9519,733;74
9520,733;75
9521,733;3760
9522,733;7301
9523,733;49
9524,733;65
9525,733;64
9526,733;77
9527,733;3786
9528,733;7252
9529,733;85
9530,733;72
9531,733;66
9532,733;78
9533,733;3753
9534,733;7254
9535,733;57
9536,733;75
9537,733;73
9538,733;64
9539,733;3768
9540,733;7259
9541,733;63
9542,733;73
9543,733;63
9544,733;88
9545,733;3730
9546,733;7304
9547,733;77
9548,733;70
9549,733;80
9550,733;77
9551,733;3729
9552,733;7225
9553,733;76
9554,733;75
9555,733;68
9556,733;79
9557,733;3749
9558,733;7262
9559,733;78
9560,733;69
9561,733;81
9562,733;72
9563,733;3738
9564,733;7292
9565,733;52
9566,733;59
9567,733;63
9568,733;63
9569,733;3760
9570,733;7285
9571,733;61
9572,733;66
9573,733;66
9574,733;80
9575,733;3759
9576,733;7305
9577,733;67
9578,733;71
9579,733;83
9580,733;70
9581,733;3730
9582,733;7291
9583,733;73
9584,733;76
9585,733;76
9586,733;80
9587,733;3765
9588,733;7268
9589,733;78
9590,733;51
9591,733;79
9592,733;69
9593,733;3877
9594,733;7135
9595,733;60
9596,733;81
9596,729;70
9597,729;73
9598,729;3740
9599,729;7266
9600,729;75
9601,729;80
9602,729;72
9603,729;65
9604,729;3742
9605,729;7274
9606,729;64
9607,729;68
9608,729;68
9609,729;75
9610,729;3740
9611,729;7294
9612,729;66
9613,729;65
9614,729;74
9615,729;62
9616,729;3759
9617,729;7293
9618,729;61
9619,729;69
9620,729;69
9621,729;79
9622,729;3769
9623,729;7278
9624,729;82
9625,729;73
9626,729;71
9627,729;84
9628,729;3722
9629,729;7287
9630,729;71
9631,729;71
9632,729;66
9633,729;84
9634,729;3735
9635,729;7310
9636,729;59
9637,729;61
9638,729;83
9639,729;68
9640,729;3855
9641,729;7183
9642,729;65
9643,729;65
9644,729;77
9645,729;68
9646,729;3705
9647,729;7289
9648,729;73
9649,729;65
9650,729;70
9651,729;64
9652,729;3713
9653,729;7282
9654,729;66
9655,729;67
9656,729;68
9657,729;66
9658,729;3743
9659,729;7312
9660,729;75
9661,729;80
9662,729;62
9663,729;71
9664,729;3731
9665,729;7327
9666,729;64
9667,729;70
9668,729;79
9669,729;74
9670,729;3708
9671,729;7305
9672,729;63
9673,729;67
9674,729;71
9675,729;67
9676,729;3711
9677,729;7327
9678,729;53
9679,729;64
9680,729;59
9681,729;85
9682,729;3742
9683,729;7272
9684,729;62
9685,729;69
9686,729;64
9687,729;70
9688,729;3702
9689,729;7309
9690,729;58
9691,729;59
9692,729;71
9693,729;67
9694,729;3730
9695,729;7278
9696,729;60
9698,689;47
9699,689;54
9700,689;56
9701,689;3732
9702,689;7299
9703,689;60
9704,689;54
9705,689;73
9706,689;64
9707,689;3376
9708,689;7339
9709,689;64
9710,689;73
9711,689;69
9712,689;66
9713,689;3654
9714,689;7262
9715,689;60
9716,689;66
9717,689;61
9718,689;76
9719,689;3705
9720,689;7329
9721,689;59
9722,689;65
9723,689;66
9724,689;76
9725,689;3705
9726,689;7334
9727,689;48
9728,689;68
9729,689;59
9730,689;62
9731,689;3720
9732,689;7309
9733,689;64
9734,689;66
9735,689;75
9736,689;63
9737,689;3733
9738,689;7289
9739,689;70
9740,689;66
9741,689;65
9742,689;75
9743,689;3703
9744,689;7355
9745,689;51
9746,689;68
9747,689;62
9748,689;74
9749,689;3723
9750,689;7308
9751,689;52
9752,689;66
9753,689;69
9754,689;64
9755,689;3728
9756,689;7319
9757,689;59
9758,689;63
9759,689;73
9760,689;75
9761,689;3787
9762,689;7219
9763,689;72
9764,689;67
9765,689;77
9766,689;71
9767,689;3716
9768,689;7314
9769,689;78
9770,689;57
9771,689;61
9772,689;75
9773,689;3682
9774,689;7313
9775,689;65
9776,689;60
9777,689;68
9778,689;67
9779,689;3738
9780,689;7281
9781,689;69
9782,689;57
9783,689;51
9784,689;68
9785,689;3719
9786,689;7332
9787,689;57
9788,689;67
9789,689;85
9790,689;80
9791,689;3688
9792,689;7297
9793,689;63
9794,689;72
9795,689;75
9796,689;64
9797,689;3737
9798,689;7308
9799,689;60
9800,689;87
9801,689;64
9802,689;85
9803,689;3715
9804,689;7340
9805,689;61
9806,689;57
9807,689;61
9808,689;68
9809,689;3712
9810,689;7338
9811,689;53
9812,689;65
9813,689;77
9814,689;79
9815,689;3712
9816,689;7297
9817,689;63
9818,689;72
9819,689;61
9820,689;61
9821,689;3717
9822,689;7314
9823,689;69
9824,689;81
9825,689;67
9826,689;72
9827,689;3704
9828,689;7317
9829,689;66
9830,689;70
9831,689;78
9832,689;69
9833,689;3707
9834,689;7314
9835,689;62
9836,689;68
9837,689;67
9838,689;76
9839,689;3717
9840,689;7342
9841,689;66
9842,689;55
9843,689;72
9844,689;80
9845,689;3700
9846,689;7334
9847,689;64
9848,689;78
9849,689;69
9850,689;74
9851,689;3680
9852,689;7325
9853,689;63
9854,689;80
9855,689;61
9856,689;78
9857,689;3727
9858,689;7336
9859,689;65
9860,689;58
9861,689;59
9862,689;73
9863,689;3704
9864,689;7333
9865,689;61
9866,689;77
9867,689;83
9868,689;85
9869,689;3712
9870,689;7330
9871,689;73
9872,689;75
9873,689;71
9874,689;68
9875,689;3686
9876,689;7337
9877,689;68
9878,689;68
9879,689;55
9880,689;59
9881,689;3729
9882,689;7306
9883,689;60
9884,689;59
9885,689;78
9886,689;66
9887,689;3714
9888,689;7343
9889,689;74
9890,689;62
9891,689;70
9892,689;72
9893,689;3705
9894,689;7341
9895,689;61
9896,689;63
9897,689;71
9898,689;66
9899,689;3747
9900,792;7332
9901,792;70
9902,792;76
9903,792;71
9904,792;77
9905,792;3705
9906,792;7301
9907,792;71
9908,792;76
9909,792;65
9910,792;62
9911,792;3699
9912,792;7352
9913,792;58
9914,792;62
9915,792;66
9916,792;90
9917,792;3689
9918,792;7343
9919,792;83
9920,792;48
9921,792;61
9922,792;59
9923,792;3688
9924,792;7375
9925,792;70
9926,792;64
9927,792;73
9928,792;79
9929,792;3708
9930,792;7343
9931,792;68
9932,792;61
9933,792;93
9934,792;80
9935,792;3763
9936,792;7320
9937,792;71
9938,792;67
9939,792;71
9940,792;93
9941,792;3729
9942,792;7309
9943,792;78
9944,792;73
9945,792;77
9946,792;62
9947,792;3706
9948,792;7334
9949,792;74
9950,792;83
9951,792;74
9952,792;81
9953,792;3705
9954,792;7367
9955,792;71
9956,792;63
9957,792;71
9958,792;69
9959,792;3701
9960,792;7333
9961,792;90
9962,792;80
9963,792;76
9964,792;74
9965,792;3706
9966,792;7346
9967,792;75
9968,792;70
9969,792;69
9970,792;79
9971,792;3718
9972,792;7342
9973,792;63
9974,792;88
9975,792;77
9976,792;81
9977,792;3705
9978,792;7325
9979,792;74
9980,792;64
9981,792;67
9982,792;79
9983,792;3694
9984,792;7371
9985,792;64
9986,792;73
9987,792;74
9988,792;66
9989,792;3781
9990,792;7279
9991,792;79
9992,792;70
9993,792;69
9994,792;64
9995,792;3695
9996,792;7325
9997,792;64
9998,792;79
9999,792;64
10000,792;69
10000,939;3714
10001,939;7381
10002,939;63
10003,939;82
10004,939;78
10005,939;58
10006,939;3686
10007,939;7386
10008,939;75
10009,939;72
10010,939;66
10011,939;57
10012,939;3669
10013,939;7331
10014,939;71
10015,939;68
10016,939;71
10017,939;82
10018,939;3345
10019,939;7403
10020,939;56
10021,939;72
10022,939;76
10023,939;60
10024,939;3630
10025,939;7335
10026,939;74
10027,939;71
10028,939;74
10029,939;71
10030,939;3675
10031,939;7365
10032,939;88
10033,939;61
10034,939;79
10035,939;79
10036,939;3704
10037,939;7346
10038,939;59
10039,939;77
10040,939;72
10041,939;73
10042,939;3667
10043,939;7345
10044,939;60
10045,939;69
10046,939;75
10047,939;76
10048,939;3668
10049,939;7353
10050,939;80
10051,939;76
10052,939;64
10053,939;75
10054,939;3714
10055,939;7391
10056,939;74
10057,939;75
10058,939;88
10059,939;100
10060,939;3697
10061,939;7354
10062,939;70
10063,939;86
10064,939;68
10065,939;65
10066,939;3691
10067,939;7366
10068,939;71
10069,939;65
10070,939;76
10071,939;80
10072,939;3680
10073,939;7360
10074,939;72
10075,939;73
10076,939;97
10077,939;76
10078,939;3715
10079,939;7331
10080,939;69
10081,939;74
10082,939;74
10083,939;65
10084,939;3675
10085,939;7360
10086,939;61
10087,939;85
10088,939;83
10089,939;62
10090,939;3681
10091,939;7356
10092,939;69
10093,939;69
10094,939;70
10095,939;82
10096,939;3693
10097,939;7345
10098,939;65
10099,939;82
10100,939;83
10101,79;69
10102,79;3685
10103,79;7388
10104,79;66
10105,79;68
10106,79;60
10107,79;78
10108,79;3664
10109,79;7351
10110,79;82
10111,79;84
10112,79;91
10113,79;74
10114,79;3679
10115,79;7366
10116,79;71
10117,79;54
10118,79;72
10119,79;67
10120,79;3691
10121,79;7374
10122,79;71
10123,79;72
10124,79;77
10125,79;79
10126,79;3649
10127,79;7373
10128,79;87
10129,79;54
10130,79;75
10131,79;72
10132,79;3675
10133,79;7359
10134,79;64
10135,79;68
10136,79;77
10137,79;66
10138,79;3685
10139,79;7366
10140,79;58
10141,79;76
10142,79;70
10143,79;86
10144,79;3673
10145,79;7333
10146,79;72
10147,79;61
10148,79;79
10149,79;63
10150,79;3656
10151,79;7369
10152,79;81
10153,79;82
10154,79;62
10155,79;75
10156,79;3661
10157,79;7394
10158,79;71
10159,79;55
10160,79;92
10161,79;62
10162,79;3657
10163,79;7385
10164,79;72
10165,79;63
10166,79;67
10167,79;54
10168,79;3663
10169,79;7345
10170,79;81
10171,79;90
10172,79;84
10173,79;63
10174,79;3657
10175,79;7364
10176,79;60
10177,79;71
10178,79;65
10179,79;85
10180,79;3667
10181,79;7390
10182,79;68
10183,79;58
10184,79;60
10185,79;76
10186,79;3667
10187,79;7376
10188,79;78
10189,79;71
10190,79;70
10191,79;68
10192,79;3660
10193,79;7386
10194,79;71
10195,79;74
10196,79;59
10197,79;66
10198,79;3669
10199,79;7378
10200,79;75
10201,79;75
10203,662;85
10204,662;66
10205,662;3658
10206,662;7353
10207,662;64
10208,662;69
10209,662;64
10210,662;70
10211,662;3650
10212,662;7373
10213,662;78
10214,662;63
10215,662;82
10216,662;79
10217,662;3660
10218,662;7362
10219,662;68
10220,662;79
10221,662;77
10222,662;70
10223,662;3648
10224,662;7399
10225,662;50
10226,662;86
10227,662;62
10228,662;77
10229,662;3660
10230,662;7337
10231,662;68
10232,662;51
10233,662;75
10234,662;64
10235,662;3650
10236,662;7392
10237,662;57
10238,662;63
10239,662;72
10240,662;79
10241,662;3652
10242,662;7387
10243,662;52
10244,662;66
10245,662;55
10246,662;83
10247,662;3635
10248,662;7373
10249,662;63
10250,662;88
10251,662;72
10252,662;62
10253,662;3620
10254,662;7379
10255,662;66
10256,662;71
10257,662;72
10258,662;57
10259,662;3647
10260,662;7360
10261,662;60
10262,662;80
10263,662;76
10264,662;74
10265,662;3763
10266,662;7272
10267,662;82
10268,662;61
10269,662;63
10270,662;69
10271,662;3645
10272,662;7368
10273,662;71
10274,662;70
10275,662;67
10276,662;61
10277,662;3652
10278,662;7409
10279,662;74
10280,662;67
10281,662;70
10282,662;65
10283,662;3628
10284,662;7377
10285,662;72
10286,662;77
10287,662;66
10288,662;78
10289,662;3639
10290,662;7386
10291,662;62
10292,662;71
10293,662;78
10294,662;68
10295,662;3643
10296,662;7394
10297,662;69
10298,662;58
10299,662;56
10300,662;72
10301,662;3647
10302,662;7381
10303,662;53
10304,662;80
10305,662;63
10306,662;75
10307,662;3639
10308,662;7418
10309,662;64
10310,662;59
10311,662;66
10312,662;63
10313,662;3630
10314,662;7405
10315,662;64
10316,662;64
10317,662;75
10318,662;66
10319,662;3629
10320,662;7393
10321,662;58
10322,662;73
10323,662;58
10324,662;49
10325,662;3642
10326,662;7412
10327,662;55
10328,662;71
10329,662;65
10330,662;68
10331,662;3284
10332,662;7420
10333,662;50
10334,662;71
10335,662;73
10336,662;51
10337,662;3557
10338,662;7403
10339,662;63
10340,662;67
10341,662;77
10342,662;49
10343,662;3604
10344,662;7378
10345,662;68
10346,662;55
10347,662;69
10348,662;64
10349,662;3629
10350,662;7410
10351,662;67
10352,662;66
10353,662;57
10354,662;73
10355,662;3635
10356,662;7415
10357,662;72
10358,662;74
10359,662;65
10360,662;54
10361,662;3609
10362,662;7402
10363,662;75
10364,662;75
10365,662;72
10366,662;63
10367,662;3611
10368,662;7403
10369,662;56
10370,662;74
10371,662;71
10372,662;58
10373,662;3603
10374,662;7426
10375,662;74
10376,662;59
10377,662;77
10378,662;68
10379,662;3620
10380,662;7402
10381,662;65
10382,662;75
10383,662;83
10384,662;59
10385,662;3630
10386,662;7424
10387,662;67
10388,662;73
10389,662;64
10390,662;61
10391,662;3608
10392,662;7397
10393,662;69
10394,662;77
10395,662;65
10396,662;74
10397,662;3629
10398,662;7407
10399,662;60
10400,662;73
10401,662;81
10402,662;68
10403,662;3615
10404,662;7410
10405,6;51
10406,6;53
10407,6;61
10408,6;61
10409,6;3620
10410,6;7400
10411,6;48
10412,6;66
10413,6;78
10414,6;72
10415,6;3627
10416,6;7414
10417,6;68
10418,6;67
10419,6;75
10420,6;70
10421,6;3613
10422,6;7400
10423,6;69
10424,6;65
10425,6;64
10426,6;76
10427,6;3613
10428,6;7429
10429,6;59
10430,6;61
10431,6;87
10432,6;81
10433,6;3633
10434,6;7402
10435,6;77
10436,6;77
10437,6;67
10438,6;73
10439,6;3615
10440,6;7407
10441,6;63
10442,6;86
10443,6;60
10444,6;74
10445,6;3608
10446,6;7406
10447,6;77
10448,6;68
10449,6;65
10450,6;61
10451,6;3598
10452,6;7413
10453,6;64
10454,6;76
10455,6;79
10456,6;65
10457,6;3631
10458,6;7419
10459,6;55
10460,6;76
10461,6;71
10462,6;80
10463,6;3625
10464,6;7440
10465,6;78
10466,6;70
10467,6;75
10468,6;74
10469,6;3634
10470,6;7420
10471,6;61
10472,6;69
10473,6;83
10474,6;69
10475,6;3627
10476,6;7400
10477,6;71
10478,6;57
10479,6;71
10480,6;79
10481,6;3623
10482,6;7408
10483,6;65
10484,6;78
10485,6;65
10486,6;77
10487,6;3625
10488,6;7414
10489,6;60
10490,6;69
10491,6;54
10492,6;73
10493,6;3625
10494,6;7428
10495,6;78
10496,6;75
10497,6;59
10498,6;74
10499,6;3599
10500,6;7400
10501,6;63
10502,6;72
10503,6;66
10504,6;78
10505,6;3620
10506,995;7419
10507,995;74
10508,995;77
10509,995;73
10510,995;67
10511,995;3618
10512,995;7426
10513,995;66
10514,995;62
10515,995;87
10516,995;87
10517,995;3626
10518,995;7418
10519,995;64
10520,995;78
10521,995;73
10522,995;70
10523,995;3615
10524,995;7436
10525,995;76
10526,995;73
10527,995;68
10528,995;70
10529,995;3602
10530,995;7418
10531,995;70
10532,995;68
10533,995;71
10534,995;74
10535,995;3717
10536,995;7292
10537,995;64
10538,995;69
10539,995;80
10540,995;75
10541,995;3623
10542,995;7444
10543,995;67
10544,995;66
10545,995;80
10546,995;68
10547,995;3621
10548,995;7439
10549,995;82
10550,995;73
10551,995;67
10552,995;67
10553,995;3619
10554,995;7443
10555,995;67
10556,995;77
10557,995;88
10558,995;76
10559,995;3618
10560,995;7435
10561,995;74
10562,995;68
10563,995;65
10564,995;71
10565,995;3601
10566,995;7435
10567,995;68
10568,995;68
10569,995;88
10570,995;81
10571,995;3603
10572,995;7449
10573,995;78
10574,995;82
10575,995;82
10576,995;78
10577,995;3630
10578,995;7421
10579,995;80
10580,995;74
10581,995;58
10582,995;71
10583,995;3757
10584,995;7312
10585,995;63
10586,995;104
10587,995;74
10588,995;70
10589,995;3602
10590,995;7428
10591,995;70
10592,995;77
10593,995;71
10594,995;65
10595,995;3639
10596,995;7447
10597,995;69
10598,995;63
10599,995;73
10600,995;67
10601,995;3617
10602,995;7412
10603,995;81
10604,995;74
10605,995;72
10606,995;73
10606,746;3630
10607,746;7434
10608,746;65
10609,746;80
10610,746;74
10611,746;77
10612,746;3618
10613,746;7453
10614,746;85
10615,746;95
10616,746;70
10617,746;75
10618,746;3634
10619,746;7451
10620,746;67
10621,746;78
10622,746;70
10623,746;69
10624,746;3617
10625,746;7430
10626,746;63
10627,746;82
10628,746;81
10629,746;80
10630,746;3649
10631,746;7400
10632,746;78
10633,746;66
10634,746;71
10635,746;63
10636,746;3616
10637,746;7450
10638,746;68
10639,746;69
10640,746;64
10641,746;69
10642,746;3232
10643,746;7472
10644,746;82
10645,746;70
10646,746;92
10647,746;86
10648,746;3527
10649,746;7457
10650,746;90
10651,746;82
10652,746;66
10653,746;75
10654,746;3600
10655,746;7458
10656,746;67
10657,746;64
10658,746;75
10659,746;82
10660,746;3624
10661,746;7469
10662,746;59
10663,746;62
10664,746;67
10665,746;67
10666,746;3616
10667,746;7434
10668,746;78
10669,746;77
10670,746;71
10671,746;77
10672,746;3617
10673,746;7468
10674,746;60
10675,746;59
10676,746;61
10677,746;79
10678,746;3598
10679,746;7469
10680,746;71
10681,746;84
10682,746;78
10683,746;59
10684,746;3607
10685,746;7467
10686,746;78
10687,746;68
10688,746;86
10689,746;87
10690,746;3595
10691,746;7444
10692,746;76
10693,746;73
10694,746;64
10695,746;77
10696,746;3589
10697,746;7466
10698,746;76
10699,746;68
10700,746;83
10701,746;76
10702,746;3635
10703,746;7454
10704,746;84
10705,746;84
10706,746;86
10708,995;66
10709,995;3604
10710,995;7434
10711,995;73
10712,995;72
10713,995;69
10714,995;83
10715,995;3613
10716,995;7433
10717,995;79
10718,995;96
10719,995;74
10720,995;64
10721,995;3583
10722,995;7458
10723,995;66
10724,995;72
10725,995;79
10726,995;92
10727,995;3585
10728,995;7481
10729,995;62
10730,995;58
10731,995;76
10732,995;80
10733,995;3568
10734,995;7472
10735,995;71
10736,995;60
10737,995;71
10738,995;57
10739,995;3582
10740,995;7461
10741,995;76
10742,995;83
10743,995;71
10744,995;75
10745,995;3567
10746,995;7432
10747,995;48
10748,995;71
10749,995;73
10750,995;68
10751,995;3574
10752,995;7498
10753,995;80
10754,995;74
10755,995;66
10756,995;70
10757,995;3603
10758,995;7429
10759,995;65
10760,995;75
10761,995;71
10762,995;63
10763,995;3574
10764,995;7449
10765,995;70
10766,995;77
10767,995;64
10768,995;73
10769,995;3560
10770,995;7466
10771,995;75
10772,995;63
10773,995;72
10774,995;82
10775,995;3576
10776,995;7467
10777,995;68
10778,995;60
10779,995;70
10780,995;79
10781,995;3594
10782,995;7464
10783,995;59
10784,995;76
10785,995;86
10786,995;73
10787,995;3555
10788,995;7477
10789,995;74
10790,995;64
10791,995;60
10792,995;68
10793,995;3556
10794,995;7473
10795,995;64
10796,995;79
10797,995;78
10798,995;64
10799,995;3567
10800,995;7460
10801,995;69
10802,995;75
10803,995;79
10804,995;72
10805,995;3575
10806,995;7463
10807,995;61
10808,995;72
10809,995;67
10810,995;78
10811,995;3554
10812,995;7511
10813,995;54
10814,995;66
10815,995;59
10816,995;69
10817,995;3578
10818,995;7469
10819,995;77
10820,995;75
10821,995;73
10822,995;78
10823,995;3569
10824,995;7469
10825,995;66
10826,995;68
10827,995;71
10828,995;81
10829,995;3574
10830,995;7467
10831,995;62
10832,995;62
10833,995;84
10834,995;72
10835,995;3551
10836,995;7484
10837,995;62
10838,995;71
10839,995;81
10840,995;77
10841,995;3563
10842,995;7483
10843,995;58
10844,995;63
10845,995;72
10846,995;65
10847,995;3550
10848,995;7471
10849,995;64
10850,995;64
10851,995;68
10852,995;73
10853,995;3549
10854,995;7465
10855,995;67
10856,995;63
10857,995;67
10858,995;76
10859,995;3556
10860,995;7464
10861,995;75
10862,995;54
10863,995;60
10864,995;76
10865,995;3543
10866,995;7444
10867,995;69
10868,995;72
10869,995;73
10870,995;87
10871,995;3547
10872,995;7488
10873,995;59
10874,995;81
10875,995;56
10876,995;64
10877,995;3566
10878,995;7507
10879,995;67
10880,995;65
10881,995;66
10882,995;73
10883,995;3551
10884,995;7474
10885,995;66
10886,995;67
10887,995;76
10888,995;85
10889,995;3523
10890,995;7470
10891,995;75
10892,995;70
10893,995;80
10894,995;89
10895,995;3549
10896,995;7471
10897,995;68
10898,995;71
10899,995;62
10900,995;66
10901,995;3537
10902,995;7483
10903,995;61
10904,995;70
10905,995;63
10906,995;79
10907,995;3526
10908,995;7463
10909,995;69
10910,751;70
10911,751;75
10912,751;61
10913,751;3556
10914,751;7483
10915,751;78
10916,751;81
10917,751;74
10918,751;71
10919,751;3549
10920,751;7490
10921,751;69
10922,751;65
10923,751;63
10924,751;78
10925,751;3514
10926,751;7497
10927,751;61
10928,751;64
10929,751;67
10930,751;82
10931,751;3548
10932,751;7489
10933,751;58
10934,751;52
10935,751;69
10936,751;68
10937,751;3543
10938,751;7488
10939,751;59
10940,751;80
10941,751;67
10942,751;72
10943,751;3509
10944,751;7494
10945,751;60
10946,751;55
10947,751;59
10948,751;71
10949,751;3549
10950,751;7487
10951,751;62
10952,751;61
10953,751;66
10954,751;61
10955,751;3200
10956,751;7506
10957,751;65
10958,751;46
10959,751;62
10960,751;64
10961,751;3477
10962,751;7482
10963,751;64
10964,751;71
10965,751;62
10966,751;75
10967,751;3527
10968,751;7512
10969,751;71
10970,751;66
10971,751;77
10972,751;53
10973,751;3516
10974,751;7507
10975,751;47
10976,751;62
10977,751;68
10978,751;76
10979,751;3490
10980,751;7511
10981,751;70
10982,751;49
10983,751;69
10984,751;60
10985,751;3528
10986,751;7505
10987,751;69
10988,751;74
10989,751;62
10990,751;67
10991,751;3512
10992,751;7488
10993,751;59
10994,751;64
10995,751;77
10996,751;49
10997,751;3535
10998,751;7476
10999,751;61
11000,751;64
11001,751;68
11002,751;79
11003,751;3516
11004,751;7486
11005,751;65
11006,751;66
11007,751;68
11008,751;78
11009,751;3519
11010,751;7504
11010,948;60
11011,948;59
11012,948;81
11013,948;69
11014,948;3530
11015,948;7526
11016,948;78
11017,948;62
11018,948;61
11019,948;64
11020,948;3559
11021,948;7491
11022,948;67
11023,948;69
11024,948;70
11025,948;64
11026,948;3532
11027,948;7512
11028,948;74
11029,948;70
11030,948;77
11031,948;77
11032,948;3511
11033,948;7485
11034,948;61
11035,948;71
11036,948;70
11037,948;77
11038,948;3530
11039,948;7496
11040,948;59
11041,948;72
11042,948;65
11043,948;58
11044,948;3544
11045,948;7501
11046,948;62
11047,948;57
11048,948;75
11049,948;75
11050,948;3593
11051,948;7434
11052,948;83
11053,948;81
11054,948;64
11055,948;73
11056,948;3651
11057,948;7395
11058,948;66
11059,948;50
11060,948;88
11061,948;68
11062,948;3553
11063,948;7504
11064,948;60
11065,948;79
11066,948;63
11067,948;73
11068,948;3539
11069,948;7497
11070,948;70
11071,948;75
11072,948;64
11073,948;83
11074,948;3531
11075,948;7487
11076,948;71
11077,948;85
11078,948;73
11079,948;60
11080,948;3548
11081,948;7506
11082,948;60
11083,948;59
11084,948;59
11085,948;81
11086,948;3537
11087,948;7500
11088,948;69
11089,948;62
11090,948;67
11091,948;81
11092,948;3516
11093,948;7507
11094,948;70
11095,948;63
11096,948;73
11097,948;78
11098,948;3560
11099,948;7510
11100,948;80
11101,948;65
11102,948;76
11103,948;69
11104,948;3531
11105,948;7507
11106,948;84
11107,948;81
11108,948;67
11109,948;74
11110,948;3524
11111,557;7492
11112,557;76
11113,557;77
11114,557;69
11115,557;77
11116,557;3539
11117,557;7539
11118,557;84
11119,557;70
11120,557;66
11121,557;72
11122,557;3632
11123,557;7393
11124,557;70
11125,557;69
11126,557;88
11127,557;84
11128,557;3505
11129,557;7535
11130,557;64
11131,557;79
11132,557;78
11133,557;51
11134,557;3542
11135,557;7546
11136,557;49
11137,557;50
11138,557;72
11139,557;73
11140,557;3592
11141,557;7470
11142,557;82
11143,557;76
11144,557;69
11145,557;68
11146,557;3531
11147,557;7495
11148,557;75
11149,557;69
11150,557;80
11151,557;85
11152,557;3584
11153,557;7453
11154,557;58
11155,557;70
11156,557;73
11157,557;76
11158,557;3505
11159,557;7536
11160,557;73
11161,557;80
11162,557;74
11163,557;82
11164,557;3519
11165,557;7523
11166,557;68
11167,557;72
11168,557;63
11169,557;76
11170,557;3518
11171,557;7531
11172,557;67
11173,557;81
11174,557;63
11175,557;69
11176,557;3519
11177,557;7527
11178,557;52
11179,557;71
11180,557;73
11181,557;64
11182,557;3543
11183,557;7514
11184,557;76
11185,557;71
11186,557;81
11187,557;67
11188,557;3524
11189,557;7512
11190,557;65
11191,557;70
11192,557;60
11193,557;57
11194,557;3520
11195,557;7522
11196,557;60
11197,557;71
11198,557;94
11199,557;75
11200,557;3514
11201,557;7527
11202,557;57
11203,557;84
11204,557;69
11205,557;77
11206,557;3509
11207,557;7532
11208,557;56
11209,557;83
11210,557;86
11211,557;90
11213,811;3535
11214,811;7514
11215,811;64
11216,811;97
11217,811;62
11218,811;85
11219,811;3537
11220,811;7517
11221,811;76
11222,811;79
11223,811;73
11224,811;81
11225,811;3530
11226,811;7536
11227,811;63
11228,811;87
11229,811;68
11230,811;80
11231,811;3518
11232,811;7522
11233,811;79
11234,811;80
11235,811;69
11236,811;84
11237,811;3533
11238,811;7536
11239,811;70
11240,811;85
11241,811;66
11242,811;88
11243,811;3515
11244,811;7536
11245,811;56
11246,811;68
11247,811;59
11248,811;70
11249,811;3513
11250,811;7527
11251,811;64
11252,811;68
11253,811;67
11254,811;78
11255,811;3485
11256,811;7548
11257,811;67
11258,811;80
11259,811;80
11260,811;82
11261,811;3489
11262,811;7540
11263,811;79
11264,811;78
11265,811;70
11266,811;72
11267,811;3123
11268,811;7568
11269,811;63
11270,811;69
11271,811;75
11272,811;66
11273,811;3414
11274,811;7536
11275,811;63
11276,811;69
11277,811;87
11278,811;69
11279,811;3500
11280,811;7526
11281,811;72
11282,811;78
11283,811;83
11284,811;72
11285,811;3577
11286,811;7498
11287,811;75
11288,811;82
11289,811;63
11290,811;69
11291,811;3506
11292,811;7544
11293,811;69
11294,811;74
11295,811;74
11296,811;74
11297,811;3496
11298,811;7564
11299,811;54
11300,811;69
11301,811;75
11302,811;70
11303,811;3492
11304,811;7530
11305,811;69
11306,811;57
11307,811;82
11308,811;68
11309,811;3499
11310,811;7572
11311,811;71
11312,811;82
11313,811;67
11314,087;86
11315,087;3498
11316,087;7568
11317,087;71
11318,087;82
11319,087;72
11320,087;97
11321,087;3501
11322,087;7548
11323,087;74
11324,087;68
11325,087;82
11326,087;63
11327,087;3505
11328,087;7536
11329,087;66
11330,087;90
11331,087;58
11332,087;78
11333,087;3496
11334,087;7541
11335,087;84
11336,087;58
11337,087;72
11338,087;76
11339,087;3497
11340,087;7567
11341,087;71
11342,087;77
11343,087;77
11344,087;81
11345,087;3485
11346,087;7561
11347,087;59
11348,087;77
11349,087;65
11350,087;84
11351,087;3464
11352,087;7540
11353,087;63
11354,087;63
11355,087;69
11356,087;87
11357,087;3481
11358,087;7582
11359,087;78
11360,087;70
11361,087;61
11362,087;87
11363,087;3472
11364,087;7544
11365,087;65
11366,087;57
11367,087;79
11368,087;70
11369,087;3468
11370,087;7549
11371,087;72
11372,087;74
11373,087;84
11374,087;85
11375,087;3466
11376,087;7553
11377,087;82
11378,087;64
11379,087;84
11380,087;75
11381,087;3450
11382,087;7568
11383,087;71
11384,087;66
11385,087;77
11386,087;82
11387,087;3456
11388,087;7576
11389,087;62
11390,087;73
11391,087;79
11392,087;70
11393,087;3477
11394,087;7561
11395,087;91
11396,087;74
11397,087;73
11398,087;89
11399,087;3472
11400,087;7565
11401,087;76
11402,087;64
11403,087;78
11404,087;72
11405,087;3467
11406,087;7546
11407,087;73
11408,087;73
11409,087;71
11410,087;74
11411,087;3468
11412,087;7553
11413,087;76
11414,087;61
11415,087;85
11416,087;78
11417,087;3438
11418,087;7546
11419,087;62
11420,087;73
11421,087;76
11422,087;61
11423,087;3455
11424,087;7553
11425,087;66
11426,087;68
11427,087;77
11428,087;68
11429,087;3458
11430,087;7580
11431,087;69
11432,087;78
11433,087;78
11434,087;69
11435,087;3473
11436,087;7546
11437,087;73
11438,087;56
11439,087;63
11440,087;79
11441,087;3470
11442,087;7571
11443,087;74
11444,087;78
11445,087;68
11446,087;81
11447,087;3460
11448,087;7582
11449,087;67
11450,087;65
11451,087;61
11452,087;75
11453,087;3457
11454,087;7555
11455,087;64
11456,087;52
11457,087;92
11458,087;84
11459,087;3467
11460,087;7560
11461,087;64
11462,087;66
11463,087;71
11464,087;68
11465,087;3450
11466,087;7538
11467,087;67
11468,087;73
11469,087;67
11470,087;74
11471,087;3444
11472,087;7573
11473,087;50
11474,087;73
11475,087;71
11476,087;77
11477,087;3448
11478,087;7563
11479,087;73
11480,087;58
11481,087;73
11482,087;78
11483,087;3478
11484,087;7569
11485,087;76
11486,087;52
11487,087;76
11488,087;78
11489,087;3426
11490,087;7540
11491,087;56
11492,087;71
11493,087;78
11494,087;66
11495,087;3448
11496,087;7551
11497,087;78
11498,087;65
11499,087;69
11500,087;76
11501,087;3457
11502,087;7569
11503,087;85
11504,087;81
11505,087;76
11506,087;74
11507,087;3432
11508,087;7573
11509,087;68
11510,087;66
11511,087;76
11512,087;64
11513,087;3523
11514,087;7503
11515,087;51
11515,956;74
11516,956;69
11517,956;63
11518,956;3451
11519,956;7528
11520,956;65
11521,956;64
11522,956;75
11523,956;66
11524,956;3420
11525,956;7568
11526,956;94
11527,956;69
11528,956;59
11529,956;85
11530,956;3425
11531,956;7574
11532,956;64
11533,956;77
11534,956;81
11535,956;84
11536,956;3436
11537,956;7571
11538,956;71
11539,956;72
11540,956;60
11541,956;55
11542,956;3438
11543,956;7594
11544,956;65
11545,956;80
11546,956;78
11547,956;57
11548,956;3418
11549,956;7576
11550,956;72
11551,956;68
11552,956;67
11553,956;68
11554,956;3424
11555,956;7606
11556,956;55
11557,956;67
11558,956;69
11559,956;66
11560,956;3446
11561,956;7569
11562,956;68
11563,956;63
11564,956;69
11565,956;54
11566,956;3429
11567,956;7598
11568,956;74
11569,956;65
11570,956;78
11571,956;66
11572,956;3456
11573,956;7584
11574,956;64
11575,956;60
11576,956;75
11577,956;80
11578,956;3092
11579,956;7617
11580,956;62
11581,956;70
11582,956;58
11583,956;78
11584,956;3374
11585,956;7573
11586,956;53
11587,956;61
11588,956;62
11589,956;70
11590,956;3418
11591,956;7604
11592,956;60
11593,956;64
11594,956;56
11595,956;67
11596,956;3440
11597,956;7585
11598,956;57
11599,956;70
11600,956;72
11601,956;52
11602,956;3424
11603,956;7580
11604,956;55
11605,956;56
11606,956;76
11607,956;61
11608,956;3428
11609,956;7598
11610,956;66
11611,956;55
11612,956;61
11613,956;69
11614,956;3420
11615,956;7586
11616,913;64
11617,913;63
11618,913;64
11619,913;76
11620,913;3438
11621,913;7563
11622,913;64
11623,913;74
11624,913;59
11625,913;67
11626,913;3438
11627,913;7624
11628,913;59
11629,913;72
11630,913;79
11631,913;67
11632,913;3441
11633,913;7588
11634,913;60
11635,913;71
11636,913;68
11637,913;55
11638,913;3425
11639,913;7599
11640,913;69
11641,913;64
11642,913;79
11643,913;63
11644,913;3422
11645,913;7598
11646,913;57
11647,913;66
11648,913;83
11649,913;62
11650,913;3414
11651,913;7582
11652,913;64
11653,913;67
11654,913;67
11655,913;77
11656,913;3426
11657,913;7600
11658,913;76
11659,913;54
11660,913;56
11661,913;83
11662,913;3439
11663,913;7609
11664,913;63
11665,913;65
11666,913;73
11667,913;56
11668,913;3427
11669,913;7589
11670,913;65
11671,913;60
11672,913;85
11673,913;65
11674,913;3429
11675,913;7584
11676,913;60
11677,913;72
11678,913;88
11679,913;75
11680,913;3426
11681,913;7615
11682,913;66
11683,913;79
11684,913;68
11685,913;79
11686,913;3432
11687,913;7591
11688,913;77
11689,913;72
11690,913;69
11691,913;56
11692,913;3432
11693,913;7570
11694,913;67
11695,913;73
11696,913;78
11697,913;63
11698,913;3416
11699,913;7598
11700,913;52
11701,913;81
11702,913;64
11703,913;69
11704,913;3414
11705,913;7584
11706,913;70
11707,913;71
11708,913;78
11709,913;67
11710,913;3394
11711,913;7598
11712,913;67
11713,913;57
11714,913;64
11715,913;66
11716,913;3420
11718,61;7603
11719,61;65
11720,61;47
11721,61;62
11722,61;71
11723,61;3426
11724,61;7607
11725,61;67
11726,61;69
11727,61;71
11728,61;67
11729,61;3413
11730,61;7597
11731,61;79
11732,61;70
11733,61;70
11734,61;69
11735,61;3424
11736,61;7605
11737,61;80
11738,61;65
11739,61;60
11740,61;61
11741,61;3428
11742,61;7602
11743,61;68
11744,61;69
11745,61;79
11746,61;77
11747,61;3403
11748,61;7637
11749,61;57
11750,61;82
11751,61;65
11752,61;73
11753,61;3411
11754,61;7607
11755,61;79
11756,61;84
11757,61;94
11758,61;69
11759,61;3415
11760,61;7630
11761,61;65
11762,61;80
11763,61;75
11764,61;64
11765,61;3396
11766,61;7595
11767,61;69
11768,61;66
11769,61;75
11770,61;84
11771,61;3421
11772,61;7609
11773,61;70
11774,61;83
11775,61;63
11776,61;75
11777,61;3400
11778,61;7615
11779,61;72
11780,61;63
11781,61;76
11782,61;70
11783,61;3392
11784,61;7617
11785,61;71
11786,61;66
11787,61;75
11788,61;67
11789,61;3423
11790,61;7609
11791,61;69
11792,61;74
11793,61;79
11794,61;68
11795,61;3415
11796,61;7616
11797,61;74
11798,61;75
11799,61;83
11800,61;76
11801,61;3428
11802,61;7626
11803,61;76
11804,61;80
11805,61;93
11806,61;68
11807,61;3437
11808,61;7614
11809,61;78
11810,61;67
11811,61;80
11812,61;69
11813,61;3415
11814,61;7622
11815,61;64
11816,61;70
11817,61;78
11818,61;64
11818,628;3418
11819,628;7635
11820,628;84
11821,628;90
11822,628;81
11823,628;90
11824,628;3423
11825,628;7612
11826,628;53
11827,628;73
11828,628;85
11829,628;65
11830,628;3422
11831,628;7597
11832,628;77
11833,628;63
11834,628;71
11835,628;78
11836,628;3414
11837,628;7642
11838,628;71
11839,628;72
11840,628;82
11841,628;78
11842,628;3420
11843,628;7627
11844,628;68
11845,628;78
11846,628;87
11847,628;77
11848,628;3426
11849,628;7615
11850,628;63
11851,628;74
11852,628;62
11853,628;61
11854,628;3439
11855,628;7628
11856,628;88
11857,628;79
11858,628;67
11859,628;75
11860,628;3432
11861,628;7638
11862,628;74
11863,628;75
11864,628;65
11865,628;74
11866,628;3414
11867,628;7645
11868,628;82
11869,628;73
11870,628;87
11871,628;89
11872,628;3403
11873,628;7621
11874,628;68
11875,628;79
11876,628;88
11877,628;93
11878,628;3411
11879,628;7616
11880,628;72
11881,628;64
11882,628;76
11883,628;87
11884,628;3406
11885,628;7635
11886,628;69
11887,628;78
11888,628;60
11889,628;77
11890,628;3014
11891,628;7658
11892,628;62
11893,628;80
11894,628;58
11895,628;74
11896,628;3325
11897,628;7646
11898,628;83
11899,628;70
11900,628;78
11901,628;84
11902,628;3402
11903,628;7654
11904,628;68
11905,628;73
11906,628;68
11907,628;77
11908,628;3385
11909,628;7648
11910,628;77
11911,628;79
11912,628;81
11913,628;56
11914,628;3410
11915,628;7624
11916,628;70
11917,628;73
11918,628;84
11919,628;90
11920,628;3405
11921,628;7650
11922,628;68
11923,628;74
11924,628;84
11925,628;93
11926,628;3375
11927,628;7611
11928,628;67
11929,628;77
11930,628;68
11931,628;74
11932,628;3392
11933,628;7629
11934,628;67
11935,628;82
11936,628;67
11937,628;89
11938,628;3411
11939,628;7645
11940,628;65
11941,628;75
11942,628;73
11943,628;62
11944,628;3384
11945,628;7618
11946,628;76
11947,628;62
11948,628;62
11949,628;77
11950,628;3387
11951,628;7608
11952,628;72
11953,628;63
11954,628;83
11955,628;74
11956,628;3399
11957,628;7653
11958,628;64
11959,628;90
11960,628;64
11961,628;90
11962,628;3394
11963,628;7647
11964,628;68
11965,628;63
11966,628;76
11967,628;63
11968,628;3408
11969,628;7629
11970,628;87
11971,628;71
11972,628;90
11973,628;63
11974,628;3407
11975,628;7640
11976,628;66
11977,628;62
11978,628;83
11979,628;60
11980,628;3386
11981,628;7661
11982,628;65
11983,628;55
11984,628;57
11985,628;67
11986,628;3401
11987,628;7654
11988,628;74
11989,628;72
11990,628;74
11991,628;69
11992,628;3403
11993,628;7638
11994,628;54
11995,628;78
11996,628;56
11997,628;78
11998,628;3355
11999,628;7656
12000,628;70
12001,628;74
12002,628;68
12003,628;73
12004,628;3395
12005,628;7628
12006,628;71
12007,628;63
12008,628;79
12009,628;72
12010,628;3386
12011,628;7654
12012,628;71
12013,628;71
12014,628;89
12015,628;87
12016,628;3364
12017,628;7664
12018,628;76
12019,628;73
12022,051;73
12023,051;66
12024,051;3387
12025,051;7677
12026,051;64
12027,051;62
12028,051;64
12029,051;85
12030,051;3386
12031,051;7641
12032,051;65
12033,051;75
12034,051;78
12035,051;73
12036,051;3385
12037,051;7660
12038,051;61
12039,051;55
12040,051;73
12041,051;60
12042,051;3399
12043,051;7664
12044,051;63
12045,051;70
12046,051;69
12047,051;83
12048,051;3364
12049,051;7645
12050,051;58
12051,051;93
12052,051;62
12053,051;67
12054,051;3389
12055,051;7650
12056,051;61
12057,051;45
12058,051;71
12059,051;62
12060,051;3346
12061,051;7648
12062,051;63
12063,051;62
12064,051;66
12065,051;73
12066,051;3348
12067,051;7668
12068,051;67
12069,051;69
12070,051;72
12071,051;76
12072,051;3381
12073,051;7662
12074,051;64
12075,051;75
12076,051;77
12077,051;82
12078,051;3383
12079,051;7672
12080,051;67
12081,051;76
12082,051;62
12083,051;68
12084,051;3383
12085,051;7671
12086,051;84
12087,051;73
12088,051;78
12089,051;85
12090,051;3358
12091,051;7714
12092,051;76
12093,051;71
12094,051;72
12095,051;70
12096,051;3372
12097,051;7648
12098,051;63
12099,051;77
12100,051;68
12101,051;74
12102,051;3363
12103,051;7664
12104,051;53
12105,051;67
12106,051;73
12107,051;70
12108,051;3347
12109,051;7661
12110,051;76
12111,051;72
12112,051;76
12113,051;72
12114,051;3370
12115,051;7656
12116,051;72
12117,051;79
12118,051;63
12119,051;65
12120,051;3358
12121,051;7651
12122,051;67
12122,413;94
12123,413;67
12124,413;74
12125,413;3372
12126,413;7676
12127,413;69
12128,413;82
12129,413;76
12130,413;66
12131,413;3334
12132,413;7682
12133,413;66
12134,413;66
12135,413;65
12136,413;73
12137,413;3387
12138,413;7617
12139,413;78
12140,413;86
12141,413;64
12142,413;82
12143,413;3355
12144,413;7641
12145,413;59
12146,413;76
12147,413;75
12148,413;73
12149,413;3353
12150,413;7679
12151,413;57
12152,413;73
12153,413;65
12154,413;68
12155,413;3343
12156,413;7650
12157,413;49
12158,413;68
12159,413;66
12160,413;68
12161,413;3379
12162,413;7658
12163,413;67
12164,413;58
12165,413;70
12166,413;72
12167,413;3343
12168,413;7663
12169,413;60
12170,413;55
12171,413;60
12172,413;76
12173,413;3317
12174,413;7715
12175,413;55
12176,413;70
12177,413;62
12178,413;68
12179,413;3324
12180,413;7651
12181,413;55
12182,413;67
12183,413;74
12184,413;67
12185,413;3340
12186,413;7667
12187,413;51
12188,413;77
12189,413;68
12190,413;62
12191,413;3317
12192,413;7683
12193,413;63
12194,413;71
12195,413;77
12196,413;64
12197,413;3347
12198,413;7673
12199,413;61
12200,413;54
12201,413;71
12202,413;68
12203,413;2987
12204,413;7707
12205,413;63
12206,413;65
12207,413;69
12208,413;54
12209,413;3256
12210,413;7675
12211,413;58
12212,413;69
12213,413;64
12214,413;55
12215,413;3322
12216,413;7668
12217,413;68
12218,413;63
12219,413;69
12220,413;66
12221,413;3318
12222,413;7697
12223,564;51
12224,564;60
12225,564;53
12226,564;70
12227,564;3325
12228,564;7666
12229,564;67
12230,564;68
12231,564;56
12232,564;76
12233,564;3318
12234,564;7701
12235,564;69
12236,564;70
12237,564;66
12238,564;72
12239,564;3333
12240,564;7679
12241,564;65
12242,564;79
12243,564;64
12244,564;63
12245,564;3320
12246,564;7711
12247,564;73
12248,564;68
12249,564;81
12250,564;68
12251,564;3323
12252,564;7669
12253,564;59
12254,564;66
12255,564;62
12256,564;68
12257,564;3318
12258,564;7691
12259,564;49
12260,564;77
12261,564;61
12262,564;69
12263,564;3373
12264,564;7665
12265,564;74
12266,564;63
12267,564;78
12268,564;95
12269,564;3335
12270,564;7704
12271,564;70
12272,564;69
12273,564;53
12274,564;80
12275,564;3344
12276,564;7694
12277,564;67
12278,564;69
12279,564;88
12280,564;75
12281,564;3336
12282,564;7686
12283,564;69
12284,564;61
12285,564;66
12286,564;81
12287,564;3320
12288,564;7697
12289,564;57
12290,564;69
12291,564;70
12292,564;78
12293,564;3347
12294,564;7694
12295,564;63
12296,564;65
12297,564;75
12298,564;69
12299,564;3337
12300,564;7706
12301,564;74
12302,564;69
12303,564;64
12304,564;73
12305,564;3330
12306,564;7679
12307,564;65
12308,564;64
12309,564;87
12310,564;65
12311,564;3324
12312,564;7721
12313,564;55
12314,564;61
12315,564;71
12316,564;86
12317,564;3305
12318,564;7689
12319,564;71
12320,564;80
12321,564;63
12322,564;85
12323,564;3344
12324,854;7691
12325,854;61
12326,854;75
12327,854;58
12328,854;81
12329,854;3329
12330,854;7692
12331,854;67
12332,854;60
12333,854;82
12334,854;73
12335,854;3326
12336,854;7685
12337,854;76
12338,854;69
12339,854;63
12340,854;76
12341,854;3328
12342,854;7707
12343,854;75
12344,854;76
12345,854;79
12346,854;61
12347,854;3336
12348,854;7711
12349,854;75
12350,854;78
12351,854;83
12352,854;84
12353,854;3314
12354,854;7702
12355,854;66
12356,854;81
12357,854;85
12358,854;60
12359,854;3315
12360,854;7698
12361,854;67
12362,854;58
12363,854;70
12364,854;71
12365,854;3335
12366,854;7684
12367,854;66
12368,854;63
12369,854;73
12370,854;67
12371,854;3336
12372,854;7705
12373,854;63
12374,854;64
12375,854;67
12376,854;76
12377,854;3337
12378,854;7710
12379,854;69
12380,854;75
12381,854;72
12382,854;77
12383,854;3335
12384,854;7720
12385,854;51
12386,854;83
12387,854;88
12388,854;68
12389,854;3318
12390,854;7676
12391,854;66
12392,854;76
12393,854;97
12394,854;64
12395,854;3333
12396,854;7709
12397,854;60
12398,854;63
12399,854;69
12400,854;72
12401,854;3317
12402,854;7741
12403,854;52
12404,854;76
12405,854;65
12406,854;81
12407,854;3318
12408,854;7719
12409,854;68
12410,854;68
12411,854;85
12412,854;70
12413,854;3334
12414,854;7711
12415,854;74
12416,854;69
12417,854;68
12418,854;65
12419,854;3327
12420,854;7708
12421,854;61
12422,854;74
12423,854;79
12424,854;76
12425,854;3405
12426,854;7628
12427,854;68
12428,854;66
12429,854;66
12430,854;73
12431,854;3312
12432,854;7692
12433,854;64
12434,854;75
12435,854;64
12436,854;83
12437,854;3339
12438,854;7738
12439,854;71
12440,854;85
12441,854;72
12442,854;66
12443,854;3345
12444,854;7695
12445,854;65
12446,854;66
12447,854;70
12448,854;72
12449,854;3321
12450,854;7683
12451,854;76
12452,854;79
12453,854;66
12454,854;77
12455,854;3342
12456,854;7709
12457,854;58
12458,854;73
12459,854;82
12460,854;81
12461,854;3346
12462,854;7725
12463,854;69
12464,854;76
12465,854;76
12466,854;83
12467,854;3308
12468,854;7698
12469,854;68
12470,854;61
12471,854;54
12472,854;81
12473,854;3335
12474,854;7740
12475,854;76
12476,854;72
12477,854;71
12478,854;65
12479,854;3332
12480,854;7711
12481,854;78
12482,854;63
12483,854;66
12484,854;85
12485,854;3315
12486,854;7698
12487,854;78
12488,854;85
12489,854;71
12490,854;76
12491,854;3304
12492,854;7740
12493,854;64
12494,854;66
12495,854;71
12496,854;72
12497,854;3325
12498,854;7710
12499,854;61
12500,854;59
12501,854;83
12502,854;76
12503,854;3319
12504,854;7743
12505,854;68
12506,854;84
12507,854;75
12508,854;84
12509,854;3294
12510,854;7719
12511,854;65
12512,854;72
12513,854;77
12514,854;89
12515,854;2942
12516,854;7764
12517,854;83
12518,854;74
12519,854;69
12520,854;95
12521,854;3299
12522,854;7662
12523,854;67
12524,854;61
12525,854;74
12526,412;66
12527,412;3300
12528,412;7736
12529,412;77
12530,412;78
12531,412;75
12532,412;71
12533,412;3306
12534,412;7747
12535,412;67
12536,412;72
12537,412;93
12538,412;77
12539,412;3326
12540,412;7759
12541,412;63
12542,412;69
12543,412;77
12544,412;62
12545,412;3318
12546,412;7716
12547,412;72
12548,412;67
12549,412;73
12550,412;79
12551,412;3305
12552,412;7730
12553,412;66
12554,412;60
12555,412;72
12556,412;61
12557,412;3298
12558,412;7703
12559,412;63
12560,412;67
12561,412;74
12562,412;78
12563,412;3288
12564,412;7730
12565,412;76
12566,412;76
12567,412;70
12568,412;71
12569,412;3308
12570,412;7728
12571,412;59
12572,412;81
12573,412;73
12574,412;77
12575,412;3307
12576,412;7734
12577,412;66
12578,412;66
12579,412;91
12580,412;74
12581,412;3319
12582,412;7732
12583,412;52
12584,412;77
12585,412;76
12586,412;72
12587,412;3308
12588,412;7736
12589,412;65
12590,412;66
12591,412;71
12592,412;58
12593,412;3279
12594,412;7744
12595,412;63
12596,412;69
12597,412;64
12598,412;66
12599,412;3346
12600,412;7684
12601,412;71
12602,412;69
12603,412;72
12604,412;81
12605,412;3276
12606,412;7755
12607,412;67
12608,412;80
12609,412;73
12610,412;73
12611,412;3265
12612,412;7751
12613,412;76
12614,412;63
12615,412;69
12616,412;73
12617,412;3290
12618,412;7754
12619,412;66
12620,412;56
12621,412;65
12622,412;70
12623,412;3278
12624,412;7737
12625,412;68
12626,412;73
12627,994;70
12628,994;77
12629,994;3263
12630,994;7735
12631,994;74
12632,994;79
12633,994;78
12634,994;75
12635,994;3262
12636,994;7760
12637,994;59
12638,994;68
12639,994;81
12640,994;79
12641,994;3284
12642,994;7731
12643,994;54
12644,994;64
12645,994;84
12646,994;65
12647,994;3264
12648,994;7747
12649,994;66
12650,994;72
12651,994;79
12652,994;74
12653,994;3240
12654,994;7742
12655,994;76
12656,994;74
12657,994;71
12658,994;70
12659,994;3269
12660,994;7739
12661,994;74
12662,994;63
12663,994;71
12664,994;76
12665,994;3280
12666,994;7724
12667,994;79
12668,994;63
12669,994;71
12670,994;75
12671,994;3248
12672,994;7784
12673,994;72
12674,994;68
12675,994;76
12676,994;63
12677,994;3273
12678,994;7752
12679,994;71
12680,994;71
12681,994;64
12682,994;89
12683,994;3285
12684,994;7752
12685,994;73
12686,994;69
12687,994;65
12688,994;66
12689,994;3276
12690,994;7765
12691,994;56
12692,994;56
12693,994;75
12694,994;85
12695,994;3257
12696,994;7745
12697,994;76
12698,994;67
12699,994;82
12700,994;79
12701,994;3282
12702,994;7737
12703,994;59
12704,994;73
12705,994;74
12706,994;65
12707,994;3259
12708,994;7730
12709,994;54
12710,994;79
12711,994;63
12712,994;71
12713,994;3263
12714,994;7749
12715,994;53
12716,994;56
12717,994;66
12718,994;70
12719,994;3262
12720,994;7735
12721,994;52
12722,994;52
12723,994;64
12724,994;85
12725,994;3273
12726,994;7776
12727,994;73
12728,735;70
12729,735;75
12730,735;65
12731,735;3237
12732,735;7773
12733,735;63
12734,735;66
12735,735;56
12736,735;65
12737,735;3273
12738,735;7756
12739,735;58
12740,735;58
12741,735;71
12742,735;71
12743,735;3254
12744,735;7760
12745,735;50
12746,735;71
12747,735;59
12748,735;69
12749,735;3252
12750,735;7787
12751,735;72
12752,735;66
12753,735;56
12754,735;68
12755,735;3375
12756,735;7669
12757,735;72
12758,735;60
12759,735;59
12760,735;87
12761,735;3256
12762,735;7770
12763,735;61
12764,735;73
12765,735;64
12766,735;58
12767,735;3223
12768,735;7758
12769,735;54
12770,735;67
12771,735;61
12772,735;74
12773,735;3244
12774,735;7765
12775,735;83
12776,735;76
12777,735;78
12778,735;63
12779,735;3266
12780,735;7767
12781,735;60
12782,735;67
12783,735;58
12784,735;64
12785,735;3236
12786,735;7745
12787,735;58
12788,735;62
12789,735;65
12790,735;71
12791,735;3233
12792,735;7776
12793,735;58
12794,735;67
12795,735;44
12796,735;65
12797,735;3236
12798,735;7762
12799,735;69
12800,735;58
12801,735;68
12802,735;71
12803,735;3242
12804,735;7792
12805,735;72
12806,735;63
12807,735;72
12808,735;65
12809,735;3246
12810,735;7784
12811,735;58
12812,735;66
12813,735;60
12814,735;61
12815,735;3246
12816,735;7749
12817,735;51
12818,735;60
12819,735;69
12820,735;65
12821,735;3233
12822,735;7789
12823,735;54
12824,735;71
12825,735;67
12826,735;71
12827,735;2869
12828,735;7795
12829,909;61
12830,909;50
12831,909;75
12832,909;64
12833,909;3181
12834,909;7789
12835,909;71
12836,909;59
12837,909;56
12838,909;60
12839,909;3245
12840,909;7781
12841,909;65
12842,909;80
12843,909;60
12844,909;76
12845,909;3216
12846,909;7776
12847,909;63
12848,909;55
12849,909;62
12850,909;69
12851,909;3218
12852,909;7769
12853,909;67
12854,909;68
12855,909;76
12856,909;57
12857,909;3229
12858,909;7786
12859,909;48
12860,909;68
12861,909;66
12862,909;73
12863,909;3218
12864,909;7792
12865,909;65
12866,909;71
12867,909;70
12868,909;65
12869,909;3243
12870,909;7767
12871,909;57
12872,909;61
12873,909;63
12874,909;59
12875,909;3222
12876,909;7769
12877,909;51
12878,909;71
12879,909;70
12880,909;74
12881,909;3221
12882,909;7790
12883,909;62
12884,909;83
12885,909;74
12886,909;68
12887,909;3234
12888,909;7783
12889,909;57
12890,909;71
12891,909;69
12892,909;64
12893,909;3240
12894,909;7805
12895,909;65
12896,909;74
12897,909;52
12898,909;62
12899,909;3231
12900,909;7794
12901,909;71
12902,909;67
12903,909;69
12904,909;69
12905,909;3211
12906,909;7793
12907,909;71
12908,909;65
12909,909;73
12910,909;79
12911,909;3212
12912,909;7803
12913,909;45
12914,909;58
12915,909;70
12916,909;77
12917,909;3221
12918,909;7784
12919,909;58
12920,909;65
12921,909;79
12922,909;77
12923,909;3217
12924,909;7781
12925,909;64
12926,909;79
12927,909;73
12928,909;75
12929,909;3211
12930,909;7778
12931,909;50
12932,909;77
12933,909;68
12934,909;77
12935,909;3213
12936,909;7791
12937,909;55
12938,909;61
12939,909;52
12940,909;73
12941,909;3223
12942,909;7806
12943,909;62
12944,909;62
12945,909;72
12946,909;66
12947,909;3232
12948,909;7772
12949,909;70
12950,909;71
12951,909;72
12952,909;86
12953,909;3243
12954,909;7777
12955,909;73
12956,909;53
12957,909;52
12958,909;73
12959,909;3227
12960,909;7825
12961,909;65
12962,909;61
12963,909;85
12964,909;71
12965,909;3197
12966,909;7814
12967,909;59
12968,909;88
12969,909;72
12970,909;70
12971,909;3235
12972,909;7814
12973,909;70
12974,909;74
12975,909;80
12976,909;70
12977,909;3223
12978,909;7767
12979,909;75
12980,909;59
12981,909;68
12982,909;68
12983,909;3201
12984,909;7806
12985,909;60
12986,909;63
12987,909;75
12988,909;54
12989,909;3192
12990,909;7835
12991,909;63
12992,909;76
12993,909;72
12994,909;82
12995,909;3224
12996,909;7798
12997,909;69
12998,909;76
12999,909;77
13000,909;73
13001,909;3231
13002,909;7811
13003,909;63
13004,909;79
13005,909;58
13006,909;57
13007,909;3216
13008,909;7802
13009,909;61
13010,909;66
13011,909;71
13012,909;89
13013,909;3181
13014,909;7802
13015,909;68
13016,909;69
13017,909;69
13018,909;65
13019,909;3192
13020,909;7808
13021,909;66
13022,909;79
13023,909;80
13024,909;73
13025,909;3223
13026,909;7805
13027,909;66
13028,909;79
13029,909;73
13030,909;84
13031,839;3203
13032,839;7817
13033,839;68
13034,839;87
13035,839;67
13036,839;68
13037,839;3214
13038,839;7801
13039,839;70
13040,839;81
13041,839;69
13042,839;79
13043,839;3219
13044,839;7797
13045,839;69
13046,839;80
13047,839;79
13048,839;66
13049,839;3211
13050,839;7809
13051,839;62
13052,839;79
13053,839;57
13054,839;74
13055,839;3231
13056,839;7802
13057,839;69
13058,839;73
13059,839;74
13060,839;73
13061,839;3252
13062,839;7828
13063,839;70
13064,839;65
13065,839;74
13066,839;87
13067,839;3204
13068,839;7827
13069,839;77
13070,839;55
13071,839;67
13072,839;82
13073,839;3228
13074,839;7807
13075,839;72
13076,839;99
13077,839;72
13078,839;72
13079,839;3205
13080,839;7816
13081,839;66
13082,839;77
13083,839;74
13084,839;78
13085,839;3202
13086,839;7807
13087,839;74
13088,839;76
13089,839;89
13090,839;76
13091,839;3239
13092,839;7842
13093,839;84
13094,839;68
13095,839;72
13096,839;74
13097,839;3215
13098,839;7807
13099,839;71
13100,839;76
13101,839;83
13102,839;67
13103,839;3205
13104,839;7804
13105,839;76
13106,839;74
13107,839;69
13108,839;73
13109,839;3210
13110,839;7809
13111,839;76
13112,839;70
13113,839;81
13114,839;85
13115,839;3230
13116,839;7824
13117,839;60
13118,839;82
13119,839;69
13120,839;76
13121,839;3200
13122,839;7798
13123,839;80
13124,839;70
13125,839;66
13126,839;81
13127,839;3193
13128,839;7817
13129,839;72
13130,839;65
13131,839;70
13132,752;104
13133,752;3180
13134,752;7831
13135,752;70
13136,752;80
13137,752;76
13138,752;77
13139,752;2851
13140,752;7832
13141,752;74
13142,752;83
13143,752;81
13144,752;90
13145,752;3148
13146,752;7807
13147,752;77
13148,752;76
13149,752;64
13150,752;63
13151,752;3183
13152,752;7833
13153,752;66
13154,752;82
13155,752;83
13156,752;66
13157,752;3188
13158,752;7809
13159,752;67
13160,752;79
13161,752;88
13162,752;88
13163,752;3253
13164,752;7789
13165,752;61
13166,752;72
13167,752;68
13168,752;72
13169,752;3190
13170,752;7831
13171,752;78
13172,752;92
13173,752;93
13174,752;72
13175,752;3189
13176,752;7835
13177,752;82
13178,752;79
13179,752;68
13180,752;87
13181,752;3198
13182,752;7811
13183,752;65
13184,752;71
13185,752;87
13186,752;68
13187,752;3193
13188,752;7844
13189,752;81
13190,752;63
13191,752;72
13192,752;64
13193,752;3182
13194,752;7825
13195,752;85
13196,752;82
13197,752;64
13198,752;80
13199,752;3208
13200,752;7830
13201,752;77
13202,752;74
13203,752;57
13204,752;67
13205,752;3207
13206,752;7798
13207,752;87
13208,752;64
13209,752;69
13210,752;79
13211,752;3194
13212,752;7846
13213,752;69
13214,752;82
13215,752;94
13216,752;74
13217,752;3208
13218,752;7840
13219,752;69
13220,752;73
13221,752;76
13222,752;91
13223,752;3190
13224,752;7834
13225,752;70
13226,752;64
13227,752;82
13228,752;53
13229,752;3185
13230,752;7815
13231,752;62
13232,752;71
13233,239;83
13234,239;73
13235,239;3163
13236,239;7844
13237,239;63
13238,239;78
13239,239;87
13240,239;64
13241,239;3174
13242,239;7840
13243,239;77
13244,239;82
13245,239;68
13246,239;80
13247,239;3158
13248,239;7847
13249,239;65
13250,239;72
13251,239;76
13252,239;71
13253,239;3177
13254,239;7833
13255,239;80
13256,239;65
13257,239;68
13258,239;68
13259,239;3185
13260,239;7859
13261,239;50
13262,239;67
13263,239;77
13264,239;81
13265,239;3167
13266,239;7835
13267,239;59
13268,239;74
13269,239;71
13270,239;78
13271,239;3173
13272,239;7845
13273,239;69
13274,239;54
13275,239;63
13276,239;84
13277,239;3171
13278,239;7850
13279,239;53
13280,239;73
13281,239;59
13282,239;83
13283,239;3172
13284,239;7826
13285,239;70
13286,239;66
13287,239;74
13288,239;85
13289,239;3159
13290,239;7850
13291,239;69
13292,239;62
13293,239;75
13294,239;93
13295,239;3172
13296,239;7828
13297,239;77
13298,239;80
13299,239;88
13300,239;72
13301,239;3155
13302,239;7867
13303,239;63
13304,239;76
13305,239;65
13306,239;75
13307,239;3146
13308,239;7823
13309,239;64
13310,239;65
13311,239;73
13312,239;75
13313,239;3153
13314,239;7839
13315,239;75
13316,239;61
13317,239;61
13318,239;78
13319,239;3158
13320,239;7817
13321,239;74
13322,239;78
13323,239;71
13324,239;64
13325,239;3150
13326,239;7825
13327,239;47
13328,239;64
13329,239;85
13330,239;77
13331,239;3152
13332,239;7809
13333,239;71
13334,135;60
13335,135;77
13336,135;69
13337,135;3159
13338,135;7860
13339,135;70
13340,135;73
13341,135;75
13342,135;70
13343,135;3159
13344,135;7887
13345,135;66
13346,135;63
13347,135;89
13348,135;79
13349,135;3180
13350,135;7820
13351,135;74
13352,135;56
13353,135;72
13354,135;58
13355,135;3156
13356,135;7843
13357,135;82
13358,135;58
13359,135;77
13360,135;86
13361,135;3154
13362,135;7859
13363,135;62
13364,135;64
13365,135;69
13366,135;74
13367,135;3148
13368,135;7843
13369,135;52
13370,135;66
13371,135;59
13372,135;72
13373,135;3138
13374,135;7847
13375,135;70
13376,135;71
13377,135;79
13378,135;53
13379,135;3144
13380,135;7868
13381,135;69
13382,135;77
13383,135;72
13384,135;57
13385,135;3156
13386,135;7854
13387,135;48
13388,135;67
13389,135;78
13390,135;68
13391,135;3147
13392,135;7834
13393,135;40
13394,135;64
13395,135;78
13396,135;60
13397,135;3165
13398,135;7836
13399,135;62
13400,135;67
13401,135;84
13402,135;68
13403,135;3139
13404,135;7840
13405,135;65
13406,135;77
13407,135;68
13408,135;64
13409,135;3153
13410,135;7849
13411,135;66
13412,135;79
13413,135;49
13414,135;66
13415,135;3153
13416,135;7870
13417,135;60
13418,135;52
13419,135;50
13420,135;64
13421,135;3152
13422,135;7835
13423,135;61
13424,135;74
13425,135;76
13426,135;67
13427,135;3127
13428,135;7868
13429,135;54
13430,135;60
13431,135;57
13432,135;65
13433,135;3143
13434,135;7852
13435,414;52
13436,414;61
13437,414;72
13438,414;57
13439,414;3129
13440,414;7893
13441,414;67
13442,414;57
13443,414;66
13444,414;76
13445,414;3133
13446,414;7876
13447,414;67
13448,414;57
13449,414;63
13450,414;72
13451,414;2768
13452,414;7895
13453,414;53
13454,414;61
13455,414;62
13456,414;66
13457,414;3040
13458,414;7864
13459,414;55
13460,414;68
13461,414;64
13462,414;74
13463,414;3131
13464,414;7847
13465,414;65
13466,414;68
13467,414;88
13468,414;63
13469,414;3135
13470,414;7851
13471,414;68
13472,414;58
13473,414;66
13474,414;68
13475,414;3109
13476,414;7858
13477,414;69
13478,414;55
13479,414;62
13480,414;58
13481,414;3118
13482,414;7902
13483,414;52
13484,414;63
13485,414;67
13486,414;57
13487,414;3144
13488,414;7881
13489,414;54
13490,414;79
13491,414;76
13492,414;84
13493,414;3142
13494,414;7872
13495,414;57
13496,414;65
13497,414;64
13498,414;73
13499,414;3111
13500,414;7873
13501,414;62
13502,414;70
13503,414;69
13504,414;65
13505,414;3111
13506,414;7875
13507,414;52
13508,414;68
13509,414;79
13510,414;75
13511,414;3178
13512,414;7814
13513,414;66
13514,414;56
13515,414;74
13516,414;71
13517,414;3144
13518,414;7870
13519,414;76
13520,414;71
13521,414;74
13522,414;66
13523,414;3137
13524,414;7870
13525,414;53
13526,414;64
13527,414;80
13528,414;72
13529,414;3121
13530,414;7869
13531,414;46
13532,414;71
13533,414;91
13534,414;66
13535,414;3115
13536,414;7885
13537,414;72
13538,414;79
13539,414;55
13540,414;87
13541,414;3128
13542,414;7854
13543,414;64
13544,414;65
13545,414;75
13546,414;82
13547,414;3115
13548,414;7901
13549,414;63
13550,414;53
13551,414;81
13552,414;66
13553,414;3126
13554,414;7889
13555,414;64
13556,414;72
13557,414;51
13558,414;62
13559,414;3121
13560,414;7884
13561,414;53
13562,414;76
13563,414;78
13564,414;75
13565,414;3110
13566,414;7868
13567,414;65
13568,414;67
13569,414;76
13570,414;73
13571,414;3111
13572,414;7894
13573,414;58
13574,414;63
13575,414;84
13576,414;68
13577,414;3122
13578,414;7868
13579,414;72
13580,414;64
13581,414;71
13582,414;68
13583,414;3105
13584,414;7889
13585,414;92
13586,414;67
13587,414;72
13588,414;69
13589,414;3100
13590,414;7875
13591,414;69
13592,414;79
13593,414;80
13594,414;74
13595,414;3103
13596,414;7887
13597,414;62
13598,414;73
13599,414;73
13600,414;74
13601,414;3117
13602,414;7891
13603,414;69
13604,414;77
13605,414;63
13606,414;69
13607,414;3126
13608,414;7907
13609,414;90
13610,414;73
13611,414;67
13612,414;70
13613,414;3119
13614,414;7918
13615,414;60
13616,414;75
13617,414;90
13618,414;61
13619,414;3132
13620,414;7891
13621,414;74
13622,414;76
13623,414;79
13624,414;70
13625,414;3124
13626,414;7900
13627,414;60
13628,414;58
13629,414;82
13630,414;76
13631,414;3118
13632,414;7893
13633,414;73
13634,414;82
13635,414;91
13636,414;69
13639,96;3131
13640,96;7907
13641,96;79
13642,96;73
13643,96;78
13644,96;79
13645,96;3111
13646,96;7916
13647,96;87
13648,96;72
13649,96;66
13650,96;71
13651,96;3111
13652,96;7906
13653,96;72
13654,96;89
13655,96;84
13656,96;83
13657,96;3105
13658,96;7903
13659,96;65
13660,96;90
13661,96;68
13662,96;69
13663,96;3115
13664,96;7898
13665,96;58
13666,96;74
13667,96;74
13668,96;63
13669,96;3117
13670,96;7881
13671,96;66
13672,96;62
13673,96;84
13674,96;72
13675,96;3128
13676,96;7891
13677,96;67
13678,96;67
13679,96;69
13680,96;75
13681,96;3146
13682,96;7892
13683,96;59
13684,96;75
13685,96;79
13686,96;64
13687,96;3161
13688,96;7843
13689,96;43
13690,96;89
13691,96;63
13692,96;71
13693,96;3121
13694,96;7927
13695,96;73
13696,96;60
13697,96;60
13698,96;83
13699,96;3145
13700,96;7915
13701,96;67
13702,96;65
13703,96;77
13704,96;69
13705,96;3124
13706,96;7905
13707,96;73
13708,96;80
13709,96;76
13710,96;80
13711,96;3127
13712,96;7885
13713,96;68
13714,96;68
13715,96;75
13716,96;72
13717,96;3117
13718,96;7905
13719,96;67
13720,96;68
13721,96;79
13722,96;75
13723,96;3138
13724,96;7891
13725,96;67
13726,96;56
13727,96;66
13728,96;83
13729,96;3101
13730,96;7903
13731,96;67
13732,96;61
13733,96;77
13734,96;77
13735,96;3090
13736,96;7939
13737,96;76
13738,96;67
13739,96;79
13738,903;78
13739,903;3127
13740,903;7912
13741,903;72
13742,903;73
13743,903;82
13744,903;71
13745,903;3143
13746,903;7922
13747,903;77
13748,903;64
13749,903;81
13750,903;78
13751,903;3130
13752,903;7911
13753,903;75
13754,903;72
13755,903;77
13756,903;77
13757,903;3099
13758,903;7904
13759,903;58
13760,903;64
13761,903;74
13762,903;71
13763,903;2736
13764,903;7966
13765,903;75
13766,903;84
13767,903;89
13768,903;80
13769,903;3043
13770,903;7910
13771,903;63
13772,903;78
13773,903;69
13774,903;75
13775,903;3101
13776,903;7922
13777,903;77
13778,903;70
13779,903;70
13780,903;81
13781,903;3128
13782,903;7919
13783,903;72
13784,903;86
13785,903;74
13786,903;69
13787,903;3109
13788,903;7909
13789,903;59
13790,903;76
13791,903;85
13792,903;60
13793,903;3093
13794,903;7906
13795,903;79
13796,903;69
13797,903;73
13798,903;76
13799,903;3121
13800,903;7929
13801,903;72
13802,903;68
13803,903;76
13804,903;70
13805,903;3138
13806,903;7896
13807,903;73
13808,903;71
13809,903;67
13810,903;98
13811,903;3088
13812,903;7904
13813,903;72
13814,903;65
13815,903;64
13816,903;71
13817,903;3097
13818,903;7935
13819,903;78
13820,903;74
13821,903;69
13822,903;69
13823,903;3069
13824,903;7898
13825,903;69
13826,903;89
13827,903;65
13828,903;75
13829,903;3105
13830,903;7931
13831,903;69
13832,903;69
13833,903;67
13834,903;76
13835,903;3100
13836,903;7922
13837,903;67
13838,903;74
13839,994;67
13840,994;64
13841,994;3111
13842,994;7933
13843,994;63
13844,994;74
13845,994;75
13846,994;76
13847,994;3069
13848,994;7912
13849,994;77
13850,994;88
13851,994;70
13852,994;86
13853,994;3084
13854,994;7933
13855,994;75
13856,994;71
13857,994;65
13858,994;76
13859,994;3094
13860,994;7950
13861,994;65
13862,994;63
13863,994;64
13864,994;83
13865,994;3069
13866,994;7910
13867,994;67
13868,994;79
13869,994;61
13870,994;80
13871,994;3077
13872,994;7932
13873,994;65
13874,994;63
13875,994;72
13876,994;68
13877,994;3071
13878,994;7935
13879,994;56
13880,994;79
13881,994;78
13882,994;70
13883,994;3063
13884,994;7915
13885,994;74
13886,994;88
13887,994;71
13888,994;79
13889,994;3071
13890,994;7919
13891,994;58
13892,994;76
13893,994;85
13894,994;85
13895,994;3078
13896,994;7949
13897,994;55
13898,994;69
13899,994;64
13900,994;89
13901,994;3070
13902,994;7953
13903,994;58
13904,994;73
13905,994;69
13906,994;78
13907,994;3072
13908,994;7941
13909,994;55
13910,994;68
13911,994;71
13912,994;79
13913,994;3077
13914,994;7932
13915,994;63
13916,994;71
13917,994;89
13918,994;82
13919,994;3090
13920,994;7925
13921,994;80
13922,994;68
13923,994;61
13924,994;72
13925,994;3059
13926,994;7954
13927,994;71
13928,994;65
13929,994;72
13930,994;80
13931,994;3050
13932,994;7952
13933,994;58
13934,994;70
13935,994;69
13936,994;63
13937,994;3071
13938,994;7918
13939,994;80
13940,092;58
13941,092;60
13942,092;76
13943,092;3054
13944,092;7939
13945,092;70
13946,092;71
13947,092;67
13948,092;66
13949,092;3081
13950,092;7957
13951,092;55
13952,092;81
13953,092;74
13954,092;88
13955,092;3060
13956,092;7956
13957,092;74
13958,092;72
13959,092;81
13960,092;73
13961,092;3064
13962,092;7955
13963,092;56
13964,092;72
13965,092;90
13966,092;75
13967,092;3076
13968,092;7937
13969,092;69
13970,092;73
13971,092;61
13972,092;68
13973,092;3057
13974,092;7953
13975,092;57
13976,092;52
13977,092;75
13978,092;74
13979,092;3081
13980,092;7940
13981,092;61
13982,092;54
13983,092;59
13984,092;79
13985,092;3060
13986,092;7947
13987,092;68
13988,092;69
13989,092;55
13990,092;65
13991,092;3061
13992,092;7972
13993,092;53
13994,092;65
13995,092;66
13996,092;72
13997,092;3047
13998,092;7950
13999,092;70
14000,092;74
14001,092;63
14002,092;76
14003,092;3063
14004,092;7923
14005,092;63
14006,092;70
14007,092;75
14008,092;65
14009,092;3067
14010,092;7969
14011,092;73
14012,092;62
14013,092;73
14014,092;61
14015,092;3059
14016,092;7950
14017,092;68
14018,092;61
14019,092;63
14020,092;71
14021,092;3040
14022,092;7977
14023,092;77
14024,092;66
14025,092;87
14026,092;70
14027,092;3060
14028,092;7919
14029,092;74
14030,092;66
14031,092;63
14032,092;72
14033,092;3140
14034,092;7865
14035,092;71
14036,092;56
14037,092;69
14038,092;57
14039,092;3111
14040,092;7893
14041,092;44
14042,092;63
14043,092;57
14044,092;63
14045,092;3047
14046,092;7945
14047,092;54
14048,092;61
14049,092;72
14050,092;73
14051,092;3031
14052,092;7952
14053,092;60
14054,092;65
14055,092;55
14056,092;66
14057,092;3064
14058,092;7953
14059,092;68
14060,092;75
14061,092;68
14062,092;64
14063,092;3050
14064,092;7945
14065,092;56
14066,092;77
14067,092;71
14068,092;57
14069,092;3042
14070,092;7968
14071,092;57
14072,092;62
14073,092;67
14074,092;61
14075,092;2666
14076,092;7981
14077,092;54
14078,092;61
14079,092;66
14080,092;76
14081,092;2978
14082,092;7961
14083,092;66
14084,092;66
14085,092;67
14086,092;60
14087,092;3024
14088,092;7961
14089,092;63
14090,092;71
14091,092;77
14092,092;72
14093,092;3025
14094,092;7945
14095,092;67
14096,092;69
14097,092;74
14098,092;80
14099,092;3039
14100,092;7935
14101,092;48
14102,092;54
14103,092;68
14104,092;59
14105,092;3044
14106,092;7985
14107,092;59
14108,092;77
14109,092;61
14110,092;58
14111,092;3046
14112,092;7971
14113,092;65
14114,092;69
14115,092;55
14116,092;65
14117,092;3049
14118,092;8004
14119,092;58
14120,092;72
14121,092;57
14122,092;71
14123,092;3035
14124,092;7943
14125,092;57
14126,092;74
14127,092;75
14128,092;93
14129,092;3034
14130,092;7966
14131,092;60
14132,092;64
14133,092;68
14134,092;67
14135,092;3054
14136,092;7990
14137,092;63
14138,092;62
14139,092;65
14140,092;69
14141,092;3047
14142,425;7934
14143,425;63
14144,425;78
14145,425;66
14146,425;62
14147,425;3057
14148,425;7968
14149,425;55
14150,425;78
14151,425;69
14152,425;62
14153,425;3045
14154,425;7967
14155,425;64
14156,425;71
14157,425;76
14158,425;76
14159,425;3036
14160,425;7981
14161,425;72
14162,425;74
14163,425;64
14164,425;71
14165,425;3025
14166,425;7957
14167,425;61
14168,425;71
14169,425;60
14170,425;66
14171,425;3055
14172,425;7973
14173,425;66
14174,425;75
14175,425;74
14176,425;73
14177,425;3008
14178,425;7962
14179,425;63
14180,425;62
14181,425;63
14182,425;58
14183,425;3042
14184,425;7977
14185,425;69
14186,425;78
14187,425;70
14188,425;76
14189,425;2995
14190,425;7988
14191,425;71
14192,425;67
14193,425;77
14194,425;73
14195,425;3123
14196,425;7876
14197,425;82
14198,425;83
14199,425;61
14200,425;74
14201,425;3031
14202,425;7958
14203,425;79
14204,425;66
14205,425;75
14206,425;81
14207,425;3022
14208,425;7970
14209,425;70
14210,425;65
14211,425;77
14212,425;66
14213,425;3009
14214,425;7952
14215,425;67
14216,425;76
14217,425;54
14218,425;76
14219,425;3035
14220,425;7981
14221,425;70
14222,425;67
14223,425;60
14224,425;60
14225,425;3040
14226,425;8002
14227,425;68
14228,425;68
14229,425;71
14230,425;67
14231,425;3024
14232,425;7977
14233,425;63
14234,425;73
14235,425;75
14236,425;66
14237,425;3036
14238,425;7965
14239,425;57
14240,425;70
14241,425;62
14242,425;74
14243,39;3015
14244,39;7954
14245,39;85
14246,39;69
14247,39;58
14248,39;67
14249,39;3014
14250,39;7978
14251,39;70
14252,39;86
14253,39;86
14254,39;73
14255,39;3113
14256,39;7906
14257,39;55
14258,39;61
14259,39;67
14260,39;87
14261,39;3025
14262,39;7988
14263,39;69
14264,39;71
14265,39;75
14266,39;67
14267,39;3026
14268,39;7993
14269,39;87
14270,39;63
14271,39;79
14272,39;81
14273,39;3026
14274,39;8001
14275,39;70
14276,39;82
14277,39;74
14278,39;76
14279,39;3028
14280,39;7963
14281,39;61
14282,39;69
14283,39;71
14284,39;78
14285,39;3016
14286,39;7974
14287,39;77
14288,39;78
14289,39;76
14290,39;60
14291,39;3038
14292,39;8004
14293,39;55
14294,39;65
14295,39;77
14296,39;70
14297,39;3027
14298,39;7993
14299,39;79
14300,39;69
14301,39;77
14302,39;74
14303,39;3031
14304,39;8011
14305,39;74
14306,39;74
14307,39;62
14308,39;73
14309,39;3028
14310,39;7995
14311,39;76
14312,39;67
14313,39;73
14314,39;71
14315,39;3038
14316,39;7987
14317,39;56
14318,39;73
14319,39;57
14320,39;82
14321,39;3028
14322,39;7986
14323,39;74
14324,39;65
14325,39;74
14326,39;76
14327,39;3017
14328,39;7980
14329,39;65
14330,39;69
14331,39;78
14332,39;69
14333,39;3133
14334,39;7902
14335,39;71
14336,39;70
14337,39;89
14338,39;75
14339,39;3053
14340,39;7997
14341,39;68
14342,39;70
14343,39;81
14344,121;88
14345,121;3041
14346,121;8009
14347,121;83
14348,121;67
14349,121;81
14350,121;86
14351,121;3036
14352,121;8006
14353,121;69
14354,121;74
14355,121;87
14356,121;79
14357,121;3024
14358,121;8021
14359,121;58
14360,121;61
14361,121;64
14362,121;76
14363,121;3007
14364,121;8003
14365,121;80
14366,121;73
14367,121;85
14368,121;67
14369,121;3011
14370,121;8006
14371,121;65
14372,121;74
14373,121;83
14374,121;76
14375,121;3038
14376,121;7985
14377,121;58
14378,121;94
14379,121;70
14380,121;76
14381,121;3012
14382,121;8014
14383,121;65
14384,121;64
14385,121;79
14386,121;75
14387,121;2646
14388,121;8061
14389,121;68
14390,121;78
14391,121;85
14392,121;75
14393,121;2952
14394,121;8015
14395,121;70
14396,121;76
14397,121;102
14398,121;91
14399,121;3015
14400,121;8012
14401,121;72
14402,121;60
14403,121;64
14404,121;74
14405,121;3031
14406,121;8026
14407,121;79
14408,121;77
14409,121;78
14410,121;75
14411,121;2993
14412,121;8017
14413,121;66
14414,121;78
14415,121;66
14416,121;68
14417,121;3017
14418,121;8005
14419,121;55
14420,121;67
14421,121;77
14422,121;75
14423,121;2989
14424,121;7999
14425,121;64
14426,121;70
14427,121;86
14428,121;69
14429,121;2988
14430,121;8025
14431,121;61
14432,121;65
14433,121;84
14434,121;82
14435,121;3002
14436,121;8016
14437,121;85
14438,121;76
14439,121;62
14440,121;76
14441,121;3029
14442,121;8012
14443,121;71
14444,121;72
14446,082;69
14447,082;68
14448,082;3014
14449,082;8002
14450,082;48
14451,082;63
14452,082;72
14453,082;69
14454,082;3007
14455,082;8017
14456,082;68
14457,082;71
14458,082;69
14459,082;72
14460,082;2991
14461,082;8029
14462,082;65
14463,082;83
14464,082;77
14465,082;65
14466,082;3011
14467,082;8021
14468,082;73
14469,082;76
14470,082;74
14471,082;68
14472,082;3006
14473,082;8025
14474,082;70
14475,082;71
14476,082;86
14477,082;71
14478,082;3012
14479,082;8015
14480,082;61
14481,082;77
14482,082;66
14483,082;79
14484,082;2976
14485,082;8032
14486,082;65
14487,082;62
14488,082;83
14489,082;69
14490,082;2985
14491,082;7997
14492,082;61
14493,082;66
14494,082;69
14495,082;71
14496,082;2981
14497,082;8024
14498,082;62
14499,082;68
14500,082;59
14501,082;67
14502,082;3026
14503,082;7970
14504,082;66
14505,082;84
14506,082;70
14507,082;79
14508,082;2984
14509,082;7996
14510,082;67
14511,082;80
14512,082;68
14513,082;82
14514,082;3000
14515,082;8047
14516,082;69
14517,082;76
14518,082;86
14519,082;82
14520,082;2974
14521,082;8025
14522,082;56
14523,082;73
14524,082;74
14525,082;75
14526,082;2995
14527,082;8034
14528,082;56
14529,082;81
14530,082;77
14531,082;72
14532,082;3086
14533,082;7931
14534,082;69
14535,082;69
14536,082;63
14537,082;62
14538,082;3002
14539,082;8043
14540,082;65
14541,082;64
14542,082;71
14543,082;82
14544,082;2972
14545,082;8025
14546,082;52
14547,082;71
14548,082;58
14549,082;60
14550,082;2976
14551,082;8046
14552,082;68
14553,082;73
14554,082;91
14555,082;75
14556,082;2986
14557,082;8037
14558,082;66
14559,082;74
14560,082;79
14561,082;76
14562,082;2988
14563,082;8068
14564,082;72
14565,082;73
14566,082;78
14567,082;83
14568,082;2968
14569,082;7998
14570,082;70
14571,082;71
14572,082;75
14573,082;83
14574,082;2976
14575,082;8008
14576,082;76
14577,082;57
14578,082;79
14579,082;72
14580,082;3132
14581,082;7907
14582,082;67
14583,082;59
14584,082;79
14585,082;67
14586,082;2970
14587,082;8043
14588,082;60
14589,082;60
14590,082;72
14591,082;67
14592,082;2964
14593,082;8041
14594,082;67
14595,082;73
14596,082;75
14597,082;66
14598,082;2992
14599,082;8041
14600,082;52
14601,082;62
14602,082;74
14603,082;74
14604,082;2978
14605,082;8037
14606,082;83
14607,082;66
14608,082;75
14609,082;71
14610,082;2979
14611,082;8068
14612,082;64
14613,082;68
14614,082;64
14615,082;59
14616,082;2957
14617,082;8029
14618,082;61
14619,082;59
14620,082;80
14621,082;91
14622,082;2972
14623,082;8045
14624,082;62
14625,082;72
14626,082;63
14627,082;74
14628,082;2964
14629,082;8049
14630,082;65
14631,082;68
14632,082;63
14633,082;59
14634,082;2960
14635,082;8034
14636,082;60
14637,082;63
14638,082;76
14639,082;77
14640,082;2964
14641,082;8052
14642,082;69
14643,082;70
14644,082;68
14645,082;73
14646,082;2941
14647,082;8037
14647,714;62
14648,714;61
14649,714;66
14650,714;79
14651,714;2934
14652,714;8033
14653,714;80
14654,714;72
14655,714;67
14656,714;85
14657,714;2945
14658,714;8048
14659,714;69
14660,714;78
14661,714;64
14662,714;70
14663,714;2975
14664,714;8071
14665,714;68
14666,714;59
14667,714;64
14668,714;51
14669,714;2940
14670,714;8052
14671,714;65
14672,714;54
14673,714;67
14674,714;81
14675,714;2961
14676,714;8017
14677,714;75
14678,714;70
14679,714;73
14680,714;76
14681,714;2939
14682,714;8046
14683,714;65
14684,714;73
14685,714;74
14686,714;61
14687,714;2957
14688,714;8060
14689,714;68
14690,714;73
14691,714;62
14692,714;59
14693,714;2953
14694,714;8081
14695,714;65
14696,714;73
14697,714;67
14698,714;62
14699,714;2595
14700,714;8077
14701,714;54
14702,714;67
14703,714;67
14704,714;63
14705,714;2855
14706,714;8056
14707,714;58
14708,714;63
14709,714;57
14710,714;66
14711,714;3050
14712,714;7932
14713,714;61
14714,714;78
14715,714;81
14716,714;78
14717,714;2956
14718,714;8046
14719,714;72
14720,714;62
14721,714;56
14722,714;81
14723,714;3032
14724,714;8022
14725,714;56
14726,714;48
14727,714;75
14728,714;58
14729,714;2942
14730,714;8055
14731,714;60
14732,714;61
14733,714;70
14734,714;63
14735,714;2962
14736,714;8053
14737,714;66
14738,714;67
14739,714;69
14740,714;81
14741,714;2942
14742,714;8060
14743,714;58
14744,714;62
14745,714;75
14746,714;75
14747,714;2937
14748,495;8047
14749,495;66
14750,495;64
14751,495;60
14752,495;65
14753,495;2951
14754,495;8076
14755,495;62
14756,495;67
14757,495;61
14758,495;66
14759,495;2945
14760,495;8068
14761,495;55
14762,495;71
14763,495;64
14764,495;68
14765,495;2957
14766,495;8045
14767,495;67
14768,495;82
14769,495;81
14770,495;63
14771,495;2947
14772,495;8065
14773,495;68
14774,495;84
14775,495;62
14776,495;70
14777,495;2942
14778,495;8064
14779,495;63
14780,495;55
14781,495;85
14782,495;75
14783,495;2978
14784,495;8076
14785,495;48
14786,495;69
14787,495;81
14788,495;74
14789,495;2948
14790,495;8063
14791,495;60
14792,495;59
14793,495;77
14794,495;76
14795,495;2962
14796,495;8064
14797,495;71
14798,495;53
14799,495;53
14800,495;70
14801,495;2924
14802,495;8077
14803,495;59
14804,495;58
14805,495;74
14806,495;85
14807,495;2944
14808,495;8065
14809,495;69
14810,495;55
14811,495;85
14812,495;70
14813,495;2939
14814,495;8096
14815,495;73
14816,495;68
14817,495;63
14818,495;72
14819,495;2942
14820,495;8059
14821,495;68
14822,495;71
14823,495;59
14824,495;74
14825,495;2948
14826,495;8070
14827,495;77
14828,495;68
14829,495;81
14830,495;67
14831,495;2923
14832,495;8066
14833,495;66
14834,495;70
14835,495;57
14836,495;90
14837,495;2938
14838,495;8086
14839,495;66
14840,495;70
14841,495;64
14842,495;53
14843,495;2952
14844,495;8103
14845,495;64
14846,495;76
14847,495;89
14848,495;72
14849,124;2915
14850,124;8094
14851,124;59
14852,124;64
14853,124;63
14854,124;70
14855,124;2948
14856,124;8088
14857,124;74
14858,124;71
14859,124;67
14860,124;66
14861,124;2943
14862,124;8102
14863,124;73
14864,124;65
14865,124;61
14866,124;79
14867,124;2910
14868,124;8112
14869,124;58
14870,124;70
14871,124;79
14872,124;54
14873,124;2926
14874,124;8087
14875,124;67
14876,124;64
14877,124;60
14878,124;83
14879,124;2928
14880,124;8129
14881,124;73
14882,124;71
14883,124;78
14884,124;74
14885,124;2923
14886,124;8107
14887,124;61
14888,124;80
14889,124;61
14890,124;80
14891,124;2950
14892,124;8070
14893,124;71
14894,124;77
14895,124;70
14896,124;73
14897,124;2935
14898,124;8105
14899,124;69
14900,124;84
14901,124;57
14902,124;66
14903,124;2910
14904,124;8070
14905,124;70
14906,124;61
14907,124;90
14908,124;79
14909,124;2942
14910,124;8096
14911,124;92
14912,124;69
14913,124;62
14914,124;64
14915,124;2908
14916,124;8097
14917,124;73
14918,124;70
14919,124;83
14920,124;67
14921,124;2937
14922,124;8093
14923,124;70
14924,124;69
14925,124;76
14926,124;69
14927,124;2929
14928,124;8096
14929,124;60
14930,124;71
14931,124;53
14932,124;77
14933,124;2997
14934,124;8046
14935,124;72
14936,124;73
14937,124;78
14938,124;74
14939,124;3008
14940,124;8020
14941,124;69
14942,124;72
14943,124;83
14944,124;83
14945,124;2940
14946,124;8100
14947,124;66
14948,124;69
14949,124;88
14950,856;65
14951,856;2973
14952,856;8071
14953,856;62
14954,856;67
14955,856;90
14956,856;90
14957,856;2958
14958,856;8071
14959,856;65
14960,856;62
14961,856;86
14962,856;65
14963,856;3034
14964,856;7988
14965,856;78
14966,856;79
14967,856;76
14968,856;87
14969,856;3025
14970,856;8003
14971,856;71
14972,856;84
14973,856;75
14974,856;78
14975,856;2946
14976,856;8132
14977,856;75
14978,856;73
14979,856;69
14980,856;90
14981,856;2943
14982,856;8096
14983,856;57
14984,856;66
14985,856;75
14986,856;80
14987,856;2932
14988,856;8119
14989,856;76
14990,856;74
14991,856;51
14992,856;75
14993,856;2912
14994,856;8117
14995,856;72
14996,856;103
14997,856;69
14998,856;79
14999,856;2925
15000,856;8103
15001,856;73
15002,856;70
15003,856;87
15004,856;72
15005,856;2912
15006,856;8132
15007,856;74
15008,856;90
15009,856;53
15010,856;75
15011,856;2579
15012,856;8125
15013,856;78
15014,856;63
15015,856;92
15016,856;71
15017,856;2915
15018,856;8061
15019,856;81
15020,856;80
15021,856;67
15022,856;71
15023,856;2951
15024,856;8090
15025,856;63
15026,856;72
15027,856;85
15028,856;85
15029,856;2932
15030,856;8111
15031,856;70
15032,856;66
15033,856;68
15034,856;75
15035,856;2951
15036,856;8090
15037,856;85
15038,856;74
15039,856;81
15040,856;75
15041,856;2931
15042,856;8091
15043,856;73
15044,856;68
15045,856;80
15046,856;60
15047,856;2944
15048,856;8112
15049,856;90
15050,856;67
15051,856;73
15052,856;75
15053,856;2913
15054,856;8100
15055,856;65
15056,856;83
15057,856;78
15058,856;81
15059,856;2989
15060,856;8061
15061,856;69
15062,856;59
15063,856;77
15064,856;69
15065,856;2915
15066,856;8105
15067,856;66
15068,856;72
15069,856;81
15070,856;75
15071,856;2931
15072,856;8113
15073,856;63
15074,856;71
15075,856;80
15076,856;88
15077,856;2940
15078,856;8103
15079,856;60
15080,856;60
15081,856;72
15082,856;62
15083,856;2916
15084,856;8130
15085,856;57
15086,856;67
15087,856;78
15088,856;67
15089,856;2928
15090,856;8119
15091,856;66
15092,856;62
15093,856;82
15094,856;78
15095,856;2898
15096,856;8123
15097,856;57
15098,856;77
15099,856;82
15100,856;87
15101,856;2900
15102,856;8108
15103,856;82
15104,856;91
15105,856;80
15106,856;65
15107,856;2900
15108,856;8120
15109,856;75
15110,856;73
15111,856;81
15112,856;57
15113,856;2905
15114,856;8112
15115,856;60
15116,856;83
15117,856;77
15118,856;76
15119,856;2906
15120,856;8112
15121,856;78
15122,856;69
15123,856;67
15124,856;75
15125,856;2888
15126,856;8107
15127,856;73
15128,856;66
15129,856;59
15130,856;81
15131,856;2907
15132,856;8135
15133,856;80
15134,856;66
15135,856;72
15136,856;70
15137,856;2899
15138,856;8120
15139,856;58
15140,856;85
15141,856;62
15142,856;69
15143,856;2893
15144,856;8143
15145,856;69
15146,856;79
15147,856;68
15148,856;76
15149,856;2889
15150,856;8137
15151,856;70
15152,452;81
15153,452;71
15154,452;74
15155,452;2899
15156,452;8096
15157,452;65
15158,452;78
15159,452;81
15160,452;65
15161,452;2889
15162,452;8138
15163,452;68
15164,452;66
15165,452;67
15166,452;78
15167,452;2896
15168,452;8125
15169,452;69
15170,452;70
15171,452;75
15172,452;69
15173,452;2889
15174,452;8124
15175,452;54
15176,452;85
15177,452;73
15178,452;65
15179,452;2883
15180,452;8141
15181,452;68
15182,452;69
15183,452;69
15184,452;63
15185,452;2883
15186,452;8155
15187,452;47
15188,452;83
15189,452;75
15190,452;61
15191,452;2876
15192,452;8123
15193,452;66
15194,452;65
15195,452;61
15196,452;78
15197,452;2892
15198,452;8142
15199,452;63
15200,452;69
15201,452;53
15202,452;78
15203,452;2895
15204,452;8130
15205,452;68
15206,452;67
15207,452;65
15208,452;74
15209,452;2889
15210,452;8145
15211,452;66
15212,452;60
15213,452;57
15214,452;72
15215,452;2893
15216,452;8132
15217,452;54
15218,452;64
15219,452;67
15220,452;68
15221,452;2898
15222,452;8146
15223,452;71
15224,452;70
15225,452;61
15226,452;75
15227,452;2860
15228,452;8128
15229,452;53
15230,452;64
15231,452;66
15232,452;71
15233,452;2883
15234,452;8125
15235,452;55
15236,452;79
15237,452;66
15238,452;67
15239,452;2925
15240,452;8082
15241,452;68
15242,452;59
15243,452;67
15244,452;58
15245,452;2888
15246,452;8140
15247,452;67
15248,452;76
15249,452;56
15250,452;52
15251,452;2956
15252,452;8064
15253,062;65
15254,062;79
15255,062;73
15256,062;73
15257,062;2854
15258,062;8127
15259,062;61
15260,062;52
15261,062;78
15262,062;70
15263,062;2962
15264,062;8059
15265,062;71
15266,062;72
15267,062;71
15268,062;70
15269,062;2857
15270,062;8148
15271,062;68
15272,062;78
15273,062;65
15274,062;74
15275,062;2878
15276,062;8138
15277,062;70
15278,062;68
15279,062;63
15280,062;74
15281,062;2842
15282,062;8143
15283,062;63
15284,062;74
15285,062;46
15286,062;61
15287,062;2858
15288,062;8198
15289,062;77
15290,062;53
15291,062;57
15292,062;63
15293,062;2849
15294,062;8134
15295,062;62
15296,062;75
15297,062;75
15298,062;67
15299,062;2868
15300,062;8143
15301,062;67
15302,062;61
15303,062;74
15304,062;65
15305,062;2872
15306,062;8150
15307,062;60
15308,062;65
15309,062;69
15310,062;69
15311,062;2872
15312,062;8148
15313,062;72
15314,062;59
15315,062;57
15316,062;61
15317,062;2867
15318,062;8116
15319,062;64
15320,062;61
15321,062;59
15322,062;58
15323,062;2582
15324,062;8097
15325,062;61
15326,062;57
15327,062;73
15328,062;73
15329,062;2883
15330,062;8056
15331,062;62
15332,062;68
15333,062;68
15334,062;67
15335,062;2850
15336,062;8155
15337,062;75
15338,062;67
15339,062;59
15340,062;67
15341,062;2873
15342,062;8153
15343,062;58
15344,062;63
15345,062;78
15346,062;80
15347,062;2859
15348,062;8129
15349,062;66
15350,062;75
15351,062;56
15352,062;69
15353,062;2967
15353,833;8035
15354,833;54
15355,833;69
15356,833;63
15357,833;54
15358,833;2851
15359,833;8167
15360,833;76
15361,833;72
15362,833;52
15363,833;78
15364,833;2860
15365,833;8161
15366,833;68
15367,833;81
15368,833;72
15369,833;76
15370,833;2942
15371,833;8070
15372,833;59
15373,833;64
15374,833;61
15375,833;69
15376,833;2860
15377,833;8164
15378,833;50
15379,833;74
15380,833;64
15381,833;67
15382,833;2859
15383,833;8162
15384,833;69
15385,833;63
15386,833;77
15387,833;70
15388,833;2862
15389,833;8127
15390,833;61
15391,833;57
15392,833;90
15393,833;66
15394,833;2849
15395,833;8178
15396,833;69
15397,833;71
15398,833;64
15399,833;66
15400,833;2855
15401,833;8166
15402,833;66
15403,833;64
15404,833;85
15405,833;80
15406,833;2847
15407,833;8188
15408,833;74
15409,833;74
15410,833;77
15411,833;69
15412,833;2860
15413,833;8188
15414,833;63
15415,833;67
15416,833;72
15417,833;72
15418,833;2835
15419,833;8164
15420,833;64
15421,833;77
15422,833;60
15423,833;63
15424,833;2851
15425,833;8153
15426,833;68
15427,833;73
15428,833;59
15429,833;85
15430,833;2843
15431,833;8154
15432,833;74
15433,833;80
15434,833;73
15435,833;59
15436,833;2877
15437,833;8174
15438,833;69
15439,833;81
15440,833;79
15441,833;71
15442,833;2845
15443,833;8177
15444,833;67
15445,833;47
15446,833;81
15447,833;75
15448,833;2827
15449,833;8183
15450,833;73
15451,833;53
15452,833;61
15453,833;64
15455,034;2839
15456,034;8174
15457,034;69
15458,034;73
15459,034;74
15460,034;88
15461,034;2837
15462,034;8171
15463,034;78
15464,034;73
15465,034;64
15466,034;69
15467,034;2846
15468,034;8174
15469,034;77
15470,034;53
15471,034;76
15472,034;67
15473,034;2845
15474,034;8171
15475,034;70
15476,034;50
15477,034;63
15478,034;88
15479,034;2869
15480,034;8178
15481,034;56
15482,034;63
15483,034;76
15484,034;76
15485,034;2833
15486,034;8186
15487,034;57
15488,034;74
15489,034;79
15490,034;71
15491,034;2838
15492,034;8194
15493,034;61
15494,034;87
15495,034;71
15496,034;87
15497,034;2843
15498,034;8200
15499,034;71
15500,034;68
15501,034;68
15502,034;76
15503,034;2850
15504,034;8155
15505,034;65
15506,034;74
15507,034;57
15508,034;69
15509,034;2827
15510,034;8191
15511,034;62
15512,034;60
15513,034;65
15514,034;60
15515,034;2845
15516,034;8163
15517,034;73
15518,034;67
15519,034;78
15520,034;84
15521,034;2862
15522,034;8206
15523,034;57
15524,034;74
15525,034;68
15526,034;72
15527,034;2840
15528,034;8181
15529,034;74
15530,034;78
15531,034;77
15532,034;63
15533,034;2831
15534,034;8175
15535,034;67
15536,034;56
15537,034;71
15538,034;69
15539,034;2854
15540,034;8180
15541,034;64
15542,034;70
15543,034;71
15544,034;69
15545,034;2826
15546,034;8207
15547,034;73
15548,034;64
15549,034;76
15550,034;79
15551,034;2850
15552,034;8170
15553,034;59
15554,034;82
15555,034;74
15560,543;80
15561,543;2853
15562,543;8180
15563,543;69
15564,543;70
15565,543;86
15566,543;74
15567,543;2835
15568,543;8194
15569,543;63
15570,543;89
15571,543;75
15572,543;67
15573,543;2866
15574,543;8204
15575,543;68
15576,543;74
15577,543;66
15578,543;75
15579,543;2849
15580,543;8201
15581,543;85
15582,543;67
15583,543;79
15584,543;61
15585,543;2851
15586,543;8174
15587,543;60
15588,543;80
15589,543;61
15590,543;65
15591,543;2859
15592,543;8185
15593,543;67
15594,543;61
15595,543;78
15596,543;70
15597,543;2844
15598,543;8194
15599,543;65
15600,543;77
15601,543;75
15602,543;82
15603,543;2841
15604,543;8188
15605,543;84
15606,543;68
15607,543;82
15608,543;93
15609,543;2832
15610,543;8200
15611,543;78
15612,543;64
15613,543;69
15614,543;71
15615,543;2834
15616,543;8203
15617,543;77
15618,543;76
15619,543;73
15620,543;62
15621,543;2866
15622,543;8193
15623,543;64
15624,543;67
15625,543;78
15626,543;77
15627,543;2840
15628,543;8181
15629,543;75
15630,543;81
15631,543;84
15632,543;78
15633,543;2829
15634,543;8198
15635,543;76
15636,543;76
15637,543;71
15638,543;62
15639,543;2463
15640,543;8221
15641,543;67
15642,543;83
15643,543;77
15644,543;66
15645,543;2791
15646,543;8199
15647,543;82
15648,543;77
15649,543;74
15650,543;106
15651,543;2831
15652,543;8177
15653,543;71
15654,543;67
15655,543;76
15656,543;93
15657,543;2812
15658,543;8192
15659,543;68
15660,543;70
15657,543;95
15658,543;80
15659,543;2835
15660,543;8196
15661,543;63
15662,543;76
15663,543;74
15664,543;83
15665,543;2839
15666,543;8207
15667,543;75
15668,543;84
15669,543;69
15670,543;69
15671,543;2836
15672,543;8207
15673,543;64
15674,543;90
15675,543;80
15676,543;82
15677,543;2841
15678,543;8203
15679,543;64
15680,543;68
15681,543;82
15682,543;86
15683,543;2839
15684,543;8205
15685,543;64
15686,543;85
15687,543;71
15688,543;80
15689,543;2827
15690,543;8212
15691,543;60
15692,543;79
15693,543;83
15694,543;72
15695,543;2818
15696,543;8222
15697,543;75
15698,543;74
15699,543;68
15700,543;66
15701,543;2836
15702,543;8211
15703,543;66
15704,543;72
15705,543;85
15706,543;67
15707,543;2818
15708,543;8207
15709,543;65
15710,543;94
15711,543;73
15712,543;81
15713,543;2838
15714,543;8213
15715,543;71
15716,543;77
15717,543;72
15718,543;82
15719,543;2812
15720,543;8200
15721,543;66
15722,543;55
15723,543;73
15724,543;77
15725,543;2814
15726,543;8206
15727,543;77
15728,543;58
15729,543;70
15730,543;69
15731,543;2824
15732,543;8249
15733,543;64
15734,543;84
15735,543;59
15736,543;65
15737,543;2830
15738,543;8206
15739,543;68
15740,543;81
15741,543;64
15742,543;74
15743,543;2800
15744,543;8195
15745,543;58
15746,543;67
15747,543;76
15748,543;78
15749,543;2797
15750,543;8228
15751,543;79
15752,543;67
15753,543;64
15754,543;72
15755,543;2810
15756,543;8194
15757,543;63
15758,994;66
15759,994;55
15760,994;77
15761,994;2789
15762,994;8227
15763,994;63
15764,994;76
15765,994;70
15766,994;81
15767,994;2799
15768,994;8221
15769,994;67
15770,994;58
15771,994;70
15772,994;75
15773,994;2796
15774,994;8212
15775,994;54
15776,994;61
15777,994;76
15778,994;74
15779,994;2781
15780,994;8219
15781,994;55
15782,994;75
15783,994;56
15784,994;78
15785,994;2796
15786,994;8191
15787,994;50
15788,994;65
15789,994;65
15790,994;67
15791,994;2801
15792,994;8226
15793,994;57
15794,994;88
15795,994;62
15796,994;61
15797,994;2830
15798,994;8238
15799,994;77
15800,994;64
15801,994;62
15802,994;66
15803,994;2793
15804,994;8228
15805,994;73
15806,994;74
15807,994;61
15808,994;71
15809,994;2776
15810,994;8236
15811,994;87
15812,994;70
15813,994;71
15814,994;68
15815,994;2787
15816,994;8241
15817,994;55
15818,994;56
15819,994;90
15820,994;78
15821,994;2788
15822,994;8257
15823,994;73
15824,994;81
15825,994;67
15826,994;72
15827,994;2825
15828,994;8246
15829,994;53
15830,994;82
15831,994;85
15832,994;73
15833,994;2796
15834,994;8225
15835,994;81
15836,994;68
15837,994;58
15838,994;87
15839,994;2791
15840,994;8221
15841,994;57
15842,994;68
15843,994;71
15844,994;70
15845,994;2811
15846,994;8226
15847,994;55
15848,994;72
15849,994;77
15850,994;64
15851,994;2793
15852,994;8227
15853,994;75
15854,994;67
15855,994;74
15856,994;60
15857,994;2790
15858,994;8242
15859,115;65
15860,115;64
15861,115;72
15862,115;70
15863,115;2783
15864,115;8262
15865,115;63
15866,115;78
15867,115;72
15868,115;76
15869,115;2799
15870,115;8225
15871,115;58
15872,115;67
15873,115;86
15874,115;76
15875,115;2772
15876,115;8236
15877,115;54
15878,115;59
15879,115;72
15880,115;71
15881,115;2816
15882,115;8250
15883,115;75
15884,115;59
15885,115;78
15886,115;78
15887,115;2833
15888,115;8194
15889,115;69
15890,115;62
15891,115;67
15892,115;60
15893,115;2849
15894,115;8211
15895,115;75
15896,115;54
15897,115;55
15898,115;72
15899,115;2788
15900,115;8241
15901,115;63
15902,115;56
15903,115;58
15904,115;79
15905,115;2792
15906,115;8256
15907,115;57
15908,115;65
15909,115;70
15910,115;57
15911,115;2784
15912,115;8236
15913,115;71
15914,115;73
15915,115;67
15916,115;67
15917,115;2796
15918,115;8242
15919,115;62
15920,115;62
15921,115;58
15922,115;59
15923,115;2776
15924,115;8243
15925,115;56
15926,115;58
15927,115;71
15928,115;59
15929,115;2769
15930,115;8257
15931,115;58
15932,115;52
15933,115;70
15934,115;68
15935,115;2767
15936,115;8242
15937,115;61
15938,115;52
15939,115;66
15940,115;60
15941,115;2756
15942,115;8254
15943,115;71
15944,115;67
15945,115;45
15946,115;65
15947,115;2379
15948,115;8289
15949,115;70
15950,115;54
15951,115;64
15952,115;71
15953,115;2693
15954,115;8252
15955,115;52
15956,115;62
15957,115;70
15958,115;78
15959,115;2770
15960,219;8257
15961,219;56
15962,219;64
15963,219;60
15964,219;67
15965,219;2753
15966,219;8261
15967,219;42
15968,219;63
15969,219;61
15970,219;71
15971,219;2795
15972,219;8231
15973,219;70
15974,219;56
15975,219;56
15976,219;71
15977,219;2779
15978,219;8264
15979,219;61
15980,219;69
15981,219;65
15982,219;62
15983,219;2759
15984,219;8234
15985,219;51
15986,219;56
15987,219;66
15988,219;81
15989,219;2797
15990,219;8246
15991,219;54
15992,219;68
15993,219;62
15994,219;70
15995,219;2782
15996,219;8230
15997,219;61
15998,219;63
15999,219;63
16000,219;70
16001,219;2790
16002,219;8264
16003,219;64
16004,219;55
16005,219;76
16006,219;67
16007,219;2758
16008,219;8268
16009,219;59
16010,219;60
16011,219;61
16012,219;89
16013,219;2752
16014,219;8261
16015,219;63
16016,219;64
16017,219;85
16018,219;82
16019,219;2763
16020,219;8286
16021,219;69
16022,219;61
16023,219;54
16024,219;78
16025,219;2788
16026,219;8242
16027,219;56
16028,219;68
16029,219;63
16030,219;86
16031,219;2770
16032,219;8286
16033,219;60
16034,219;59
16035,219;94
16036,219;59
16037,219;2769
16038,219;8246
16039,219;61
16040,219;57
16041,219;60
16042,219;82
16043,219;2760
16044,219;8265
16045,219;70
16046,219;82
16047,219;69
16048,219;68
16049,219;2751
16050,219;8224
16051,219;69
16052,219;74
16053,219;65
16054,219;85
16055,219;2758
16056,219;8279
16057,219;73
16058,219;61
16059,219;54
16060,219;75
16064,166;2755
16065,166;8270
16066,166;61
16067,166;83
16068,166;65
16069,166;67
16070,166;2756
16071,166;8288
16072,166;73
16073,166;63
16074,166;80
16075,166;79
16076,166;2740
16077,166;8285
16078,166;73
16079,166;72
16080,166;71
16081,166;80
16082,166;2759
16083,166;8262
16084,166;80
16085,166;57
16086,166;76
16087,166;76
16088,166;2786
16089,166;8231
16090,166;72
16091,166;58
16092,166;66
16093,166;71
16094,166;2735
16095,166;8257
16096,166;86
16097,166;65
16098,166;62
16099,166;80
16100,166;2745
16101,166;8260
16102,166;74
16103,166;75
16104,166;73
16105,166;72
16106,166;2833
16107,166;8181
16108,166;85
16109,166;70
16110,166;81
16111,166;65
16112,166;2747
16113,166;8282
16114,166;76
16115,166;63
16116,166;69
16117,166;70
16118,166;2753
16119,166;8277
16120,166;77
16121,166;73
16122,166;81
16123,166;75
16124,166;2880
16125,166;8160
16126,166;86
16127,166;69
16128,166;73
16129,166;64
16130,166;2747
16131,166;8272
16132,166;76
16133,166;81
16134,166;60
16135,166;77
16136,166;2754
16137,166;8271
16138,166;66
16139,166;76
16140,166;76
16141,166;83
16142,166;2735
16143,166;8284
16144,166;69
16145,166;77
16146,166;76
16147,166;75
16148,166;2756
16149,166;8263
16150,166;64
16151,166;57
16152,166;57
16153,166;79
16154,166;2733
16155,166;8238
16156,166;77
16157,166;69
16158,166;67
16159,166;88
16160,166;2738
16161,166;8289
16162,166;72
16163,166;65
16164,166;77
16162,166;83
16163,166;2752
16164,166;8255
16165,166;64
16166,166;66
16167,166;73
16168,166;71
16169,166;2750
16170,166;8264
16171,166;68
16172,166;68
16173,166;88
16174,166;56
16175,166;2750
16176,166;8265
16177,166;76
16178,166;78
16179,166;69
16180,166;78
16181,166;2760
16182,166;8269
16183,166;65
16184,166;62
16185,166;85
16186,166;61
16187,166;2743
16188,166;8291
16189,166;63
16190,166;63
16191,166;76
16192,166;69
16193,166;2765
16194,166;8290
16195,166;67
16196,166;70
16197,166;79
16198,166;72
16199,166;2773
16200,166;8265
16201,166;73
16202,166;62
16203,166;72
16204,166;73
16205,166;2781
16206,166;8281
16207,166;64
16208,166;75
16209,166;74
16210,166;85
16211,166;2760
16212,166;8287
16213,166;64
16214,166;80
16215,166;64
16216,166;75
16217,166;2741
16218,166;8314
16219,166;77
16220,166;74
16221,166;64
16222,166;65
16223,166;2744
16224,166;8315
16225,166;79
16226,166;82
16227,166;76
16228,166;76
16229,166;2722
16230,166;8313
16231,166;85
16232,166;63
16233,166;79
16234,166;74
16235,166;2758
16236,166;8284
16237,166;71
16238,166;58
16239,166;71
16240,166;92
16241,166;2741
16242,166;8286
16243,166;59
16244,166;66
16245,166;56
16246,166;78
16247,166;2723
16248,166;8310
16249,166;67
16250,166;78
16251,166;63
16252,166;86
16253,166;2743
16254,166;8309
16255,166;84
16256,166;74
16257,166;73
16258,166;74
16259,166;2369
16260,166;8319
16261,166;75
16262,166;64
16263,633;72
16264,633;79
16265,633;2687
16266,633;8295
16267,633;66
16268,633;78
16269,633;91
16270,633;64
16271,633;2723
16272,633;8292
16273,633;73
16274,633;80
16275,633;82
16276,633;76
16277,633;2749
16278,633;8278
16279,633;49
16280,633;72
16281,633;92
16282,633;64
16283,633;2740
16284,633;8303
16285,633;74
16286,633;72
16287,633;68
16288,633;84
16289,633;2736
16290,633;8291
16291,633;62
16292,633;74
16293,633;75
16294,633;73
16295,633;2735
16296,633;8298
16297,633;62
16298,633;70
16299,633;71
16300,633;88
16301,633;2758
16302,633;8296
16303,633;62
16304,633;83
16305,633;95
16306,633;83
16307,633;2729
16308,633;8297
16309,633;87
16310,633;72
16311,633;78
16312,633;88
16313,633;2732
16314,633;8324
16315,633;72
16316,633;82
16317,633;60
16318,633;80
16319,633;2758
16320,633;8300
16321,633;76
16322,633;81
16323,633;61
16324,633;65
16325,633;2731
16326,633;8283
16327,633;79
16328,633;81
16329,633;59
16330,633;67
16331,633;2745
16332,633;8289
16333,633;74
16334,633;73
16335,633;78
16336,633;82
16337,633;2774
16338,633;8266
16339,633;69
16340,633;61
16341,633;78
16342,633;67
16343,633;2735
16344,633;8314
16345,633;73
16346,633;81
16347,633;73
16348,633;68
16349,633;2732
16350,633;8282
16351,633;72
16352,633;75
16353,633;57
16354,633;78
16355,633;2692
16356,633;8329
16357,633;67
16358,633;79
16359,633;59
16360,633;74
16361,633;2729
16362,633;8328
16363,633;63
16363,694;80
16364,694;79
16365,694;69
16366,694;2719
16367,694;8309
16368,694;73
16369,694;73
16370,694;72
16371,694;78
16372,694;2704
16373,694;8315
16374,694;82
16375,694;60
16376,694;65
16377,694;78
16378,694;2715
16379,694;8338
16380,694;63
16381,694;59
16382,694;74
16383,694;82
16384,694;2717
16385,694;8297
16386,694;77
16387,694;71
16388,694;69
16389,694;61
16390,694;2706
16391,694;8327
16392,694;74
16393,694;74
16394,694;67
16395,694;70
16396,694;2697
16397,694;8325
16398,694;67
16399,694;69
16400,694;69
16401,694;76
16402,694;2724
16403,694;8307
16404,694;70
16405,694;84
16406,694;62
16407,694;66
16408,694;2712
16409,694;8318
16410,694;81
16411,694;82
16412,694;71
16413,694;74
16414,694;2701
16415,694;8312
16416,694;71
16417,694;59
16418,694;68
16419,694;68
16420,694;2724
16421,694;8323
16422,694;65
16423,694;82
16424,694;82
16425,694;71
16426,694;2690
16427,694;8307
16428,694;80
16429,694;73
16430,694;77
16431,694;79
16432,694;2706
16433,694;8314
16434,694;50
16435,694;59
16436,694;58
16437,694;76
16438,694;2699
16439,694;8315
16440,694;60
16441,694;66
16442,694;57
16443,694;74
16444,694;2718
16445,694;8280
16446,694;76
16447,694;59
16448,694;87
16449,694;81
16450,694;2690
16451,694;8315
16452,694;80
16453,694;64
16454,694;69
16455,694;75
16456,694;2691
16457,694;8334
16458,694;78
16459,694;77
16460,694;80
16461,694;68
16462,694;2716
16463,694;8312
16469,597;73
16470,597;70
16471,597;74
16472,597;74
16473,597;2711
16474,597;8332
16475,597;61
16476,597;74
16477,597;71
16478,597;81
16479,597;2688
16480,597;8321
16481,597;62
16482,597;67
16483,597;76
16484,597;71
16485,597;2694
16486,597;8305
16487,597;76
16488,597;64
16489,597;59
16490,597;69
16491,597;2704
16492,597;8326
16493,597;63
16494,597;56
16495,597;61
16496,597;64
16497,597;2689
16498,597;8321
16499,597;59
16500,597;68
16501,597;76
16502,597;86
16503,597;2745
16504,597;8308
16505,597;64
16506,597;67
16507,597;66
16508,597;74
16509,597;2704
16510,597;8336
16511,597;71
16512,597;69
16513,597;68
16514,597;67
16515,597;2703
16516,597;8310
16517,597;66
16518,597;77
16519,597;71
16520,597;88
16521,597;2707
16522,597;8341
16523,597;53
16524,597;64
16525,597;60
16526,597;66
16527,597;2715
16528,597;8351
16529,597;68
16530,597;55
16531,597;56
16532,597;70
16533,597;2687
16534,597;8315
16535,597;54
16536,597;70
16537,597;67
16538,597;64
16539,597;2711
16540,597;8333
16541,597;58
16542,597;66
16543,597;55
16544,597;64
16545,597;2676
16546,597;8335
16547,597;58
16548,597;66
16549,597;64
16550,597;74
16551,597;2661
16552,597;8355
16553,597;59
16554,597;55
16555,597;65
16556,597;70
16557,597;2662
16558,597;8333
16559,597;70
16560,597;63
16561,597;75
16562,597;71
16563,597;2676
16564,597;8330
16565,597;59
16566,597;79
16567,597;59
16568,597;60
16569,597;2693
16566,488;8317
16567,488;59
16568,488;67
16569,488;58
16570,488;51
16571,488;2313
16572,488;8377
16573,488;61
16574,488;69
16575,488;73
16576,488;53
16577,488;2612
16578,488;8312
16579,488;62
16580,488;68
16581,488;73
16582,488;67
16583,488;2693
16584,488;8322
16585,488;55
16586,488;50
16587,488;73
16588,488;54
16589,488;2680
16590,488;8301
16591,488;59
16592,488;61
16593,488;72
16594,488;71
16595,488;2701
16596,488;8333
16597,488;80
16598,488;55
16599,488;74
16600,488;58
16601,488;2692
16602,488;8362
16603,488;54
16604,488;54
16605,488;59
16606,488;58
16607,488;2696
16608,488;8319
16609,488;46
16610,488;55
16611,488;62
16612,488;70
16613,488;2676
16614,488;8355
16615,488;61
16616,488;76
16617,488;64
16618,488;49
16619,488;2693
16620,488;8364
16621,488;64
16622,488;49
16623,488;76
16624,488;73
16625,488;2766
16626,488;8271
16627,488;66
16628,488;73
16629,488;71
16630,488;68
16631,488;2664
16632,488;8326
16633,488;57
16634,488;75
16635,488;75
16636,488;77
16637,488;2674
16638,488;8341
16639,488;77
16640,488;62
16641,488;71
16642,488;71
16643,488;2688
16644,488;8375
16645,488;87
16646,488;59
16647,488;66
16648,488;74
16649,488;2678
16650,488;8365
16651,488;52
16652,488;68
16653,488;87
16654,488;70
16655,488;2690
16656,488;8367
16657,488;77
16658,488;65
16659,488;76
16660,488;71
16661,488;2683
16662,488;8348
16663,488;67
16664,488;70
16665,488;57
16666,488;71
16668,488;2776
16669,488;8254
16670,488;66
16671,488;72
16672,488;70
16673,488;78
16674,488;2686
16675,488;8358
16676,488;63
16677,488;85
16678,488;91
16679,488;69
16680,488;2697
16681,488;8381
16682,488;59
16683,488;71
16684,488;57
16685,488;78
16686,488;2672
16687,488;8375
16688,488;78
16689,488;73
16690,488;71
16691,488;64
16692,488;2643
16693,488;8348
16694,488;78
16695,488;62
16696,488;70
16697,488;73
16698,488;2702
16699,488;8367
16700,488;67
16701,488;59
16702,488;61
16703,488;57
16704,488;2648
16705,488;8365
16706,488;73
16707,488;65
16708,488;86
16709,488;66
16710,488;2657
16711,488;8398
16712,488;66
16713,488;58
16714,488;85
16715,488;76
16716,488;2653
16717,488;8354
16718,488;63
16719,488;73
16720,488;70
16721,488;66
16722,488;2674
16723,488;8354
16724,488;70
16725,488;67
16726,488;66
16727,488;84
16728,488;2651
16729,488;8381
16730,488;70
16731,488;62
16732,488;80
16733,488;70
16734,488;2655
16735,488;8373
16736,488;61
16737,488;61
16738,488;66
16739,488;75
16740,488;2661
16741,488;8388
16742,488;60
16743,488;88
16744,488;87
16745,488;62
16746,488;2718
16747,488;8320
16748,488;78
16749,488;60
16750,488;77
16751,488;69
16752,488;2659
16753,488;8351
16754,488;59
16755,488;81
16756,488;69
16757,488;64
16758,488;2659
16759,488;8376
16760,488;78
16761,488;66
16762,488;87
16763,488;67
16764,488;2668
16765,488;8374
16766,488;70
16767,488;64
16768,488;69
16768,243;72
16769,243;2655
16770,243;8371
16771,243;45
16772,243;62
16773,243;72
16774,243;82
16775,243;2672
16776,243;8354
16777,243;63
16778,243;72
16779,243;73
16780,243;78
16781,243;2765
16782,243;8273
16783,243;53
16784,243;62
16785,243;58
16786,243;76
16787,243;2647
16788,243;8401
16789,243;76
16790,243;65
16791,243;81
16792,243;69
16793,243;2653
16794,243;8390
16795,243;77
16796,243;60
16797,243;85
16798,243;68
16799,243;2683
16800,243;8375
16801,243;71
16802,243;75
16803,243;70
16804,243;64
16805,243;2669
16806,243;8388
16807,243;74
16808,243;90
16809,243;76
16810,243;73
16811,243;2655
16812,243;8392
16813,243;72
16814,243;77
16815,243;65
16816,243;98
16817,243;2683
16818,243;8358
16819,243;78
16820,243;55
16821,243;85
16822,243;80
16823,243;2669
16824,243;8404
16825,243;61
16826,243;57
16827,243;70
16828,243;60
16829,243;2657
16830,243;8379
16831,243;67
16832,243;62
16833,243;85
16834,243;71
16835,243;2671
16836,243;8379
16837,243;77
16838,243;52
16839,243;57
16840,243;86
16841,243;2658
16842,243;8357
16843,243;63
16844,243;66
16845,243;80
16846,243;72
16847,243;2659
16848,243;8386
16849,243;63
16850,243;74
16851,243;77
16852,243;65
16853,243;2645
16854,243;8381
16855,243;80
16856,243;81
16857,243;72
16858,243;66
16859,243;2650
16860,243;8399
16861,243;71
16862,243;70
16863,243;71
16864,243;62
16865,243;2642
16866,243;8400
16867,243;70
16868,243;64
16868,974;83
16869,974;84
16870,974;2644
16871,974;8389
16872,974;81
16873,974;91
16874,974;72
16875,974;82
16876,974;2690
16877,974;8394
16878,974;73
16879,974;59
16880,974;84
16881,974;82
16882,974;2306
16883,974;8422
16884,974;76
16885,974;60
16886,974;81
16887,974;65
16888,974;2613
16889,974;8409
16890,974;84
16891,974;82
16892,974;69
16893,974;75
16894,974;2659
16895,974;8392
16896,974;68
16897,974;68
16898,974;79
16899,974;74
16900,974;2665
16901,974;8396
16902,974;79
16903,974;60
16904,974;71
16905,974;69
16906,974;2677
16907,974;8403
16908,974;66
16909,974;60
16910,974;73
16911,974;65
16912,974;2645
16913,974;8436
16914,974;63
16915,974;84
16916,974;65
16917,974;60
16918,974;2685
16919,974;8381
16920,974;73
16921,974;67
16922,974;85
16923,974;83
16924,974;2649
16925,974;8405
16926,974;54
16927,974;67
16928,974;78
16929,974;70
16930,974;2659
16931,974;8408
16932,974;74
16933,974;68
16934,974;68
16935,974;67
16936,974;2660
16937,974;8367
16938,974;80
16939,974;63
16940,974;61
16941,974;85
16942,974;2680
16943,974;8392
16944,974;69
16945,974;70
16946,974;78
16947,974;86
16948,974;2661
16949,974;8393
16950,974;83
16951,974;70
16952,974;62
16953,974;99
16954,974;2655
16955,974;8403
16956,974;79
16957,974;77
16958,974;64
16959,974;73
16960,974;2666
16961,974;8407
16962,974;69
16963,974;66
16964,974;81
16965,974;81
16966,974;2657
16967,974;8398
16968,974;65
16970,4;80
16971,4;64
16972,4;87
16973,4;2650
16974,4;8383
16975,4;88
16976,4;76
16977,4;71
16978,4;68
16979,4;2655
16980,4;8418
16981,4;75
16982,4;68
16983,4;67
16984,4;87
16985,4;2652
16986,4;8421
16987,4;65
16988,4;69
16989,4;80
16990,4;79
16991,4;2649
16992,4;8424
16993,4;62
16994,4;60
16995,4;80
16996,4;75
16997,4;2621
16998,4;8407
16999,4;57
17000,4;82
17001,4;79
17002,4;88
17003,4;2668
17004,4;8371
17005,4;66
17006,4;69
17007,4;61
17008,4;67
17009,4;2642
17010,4;8424
17011,4;71
17012,4;67
17013,4;78
17014,4;93
17015,4;2635
17016,4;8404
17017,4;60
17018,4;60
17019,4;62
17020,4;67
17021,4;2636
17022,4;8402
17023,4;70
17024,4;71
17025,4;66
17026,4;61
17027,4;2639
17028,4;8407
17029,4;67
17030,4;81
17031,4;77
17032,4;85
17033,4;2635
17034,4;8420
17035,4;78
17036,4;62
17037,4;77
17038,4;85
17039,4;2620
17040,4;8430
17041,4;62
17042,4;70
17043,4;60
17044,4;61
17045,4;2639
17046,4;8410
17047,4;59
17048,4;64
17049,4;76
17050,4;85
17051,4;2627
17052,4;8405
17053,4;66
17054,4;65
17055,4;64
17056,4;69
17057,4;2654
17058,4;8392
17059,4;87
17060,4;74
17061,4;57
17062,4;82
17063,4;2626
17064,4;8431
17065,4;67
17066,4;76
17067,4;63
17068,4;69
17069,4;2613
17070,4;8430
17071,33;66
17072,33;75
17073,33;67
17074,33;77
17075,33;2614
17076,33;8431
17077,33;62
17078,33;55
17079,33;61
17080,33;74
17081,33;2632
17082,33;8399
17083,33;59
17084,33;75
17085,33;71
17086,33;79
17087,33;2622
17088,33;8409
17089,33;68
17090,33;63
17091,33;57
17092,33;71
17093,33;2636
17094,33;8427
17095,33;67
17096,33;64
17097,33;80
17098,33;80
17099,33;2626
17100,33;8427
17101,33;53
17102,33;75
17103,33;60
17104,33;73
17105,33;2608
17106,33;8423
17107,33;65
17108,33;64
17109,33;70
17110,33;72
17111,33;2623
17112,33;8431
17113,33;73
17114,33;74
17115,33;64
17116,33;67
17117,33;2621
17118,33;8414
17119,33;76
17120,33;69
17121,33;67
17122,33;71
17123,33;2601
17124,33;8406
17125,33;62
17126,33;65
17127,33;64
17128,33;86
17129,33;2626
17130,33;8397
17131,33;66
17132,33;76
17133,33;61
17134,33;67
17135,33;2618
17136,33;8406
17137,33;73
17138,33;67
17139,33;62
17140,33;74
17141,33;2603
17142,33;8414
17143,33;71
17144,33;68
17145,33;69
17146,33;91
17147,33;2613
17148,33;8432
17149,33;81
17150,33;56
17151,33;61
17152,33;61
17153,33;2652
17154,33;8376
17155,33;68
17156,33;81
17157,33;59
17158,33;64
17159,33;2620
17160,33;8420
17161,33;79
17162,33;58
17163,33;70
17164,33;73
17165,33;2613
17166,33;8442
17167,33;63
17168,33;62
17169,33;61
17170,33;81
17171,33;2607
17172,33;8426
17173,33;65
17174,33;53
17175,33;63
17176,33;63
17177,33;2593
17178,33;8402
17179,33;77
17180,33;70
17181,33;72
17182,33;64
17183,33;2608
17184,33;8439
17185,33;63
17186,33;48
17187,33;70
17188,33;57
17189,33;2575
17190,33;8421
17191,33;58
17192,33;52
17193,33;67
17194,33;66
17195,33;2229
17196,33;8466
17197,33;65
17198,33;68
17199,33;61
17200,33;62
17201,33;2535
17202,33;8421
17203,33;51
17204,33;70
17205,33;60
17206,33;73
17207,33;2615
17208,33;8424
17209,33;63
17210,33;77
17211,33;67
17212,33;75
17213,33;2576
17214,33;8454
17215,33;74
17216,33;66
17217,33;70
17218,33;63
17219,33;2627
17220,33;8414
17221,33;56
17222,33;65
17223,33;54
17224,33;63
17225,33;2592
17226,33;8422
17227,33;61
17228,33;50
17229,33;60
17230,33;46
17231,33;2662
17232,33;8408
17233,33;63
17234,33;50
17235,33;62
17236,33;69
17237,33;2597
17238,33;8456
17239,33;48
17240,33;65
17241,33;78
17242,33;85
17243,33;2588
17244,33;8415
17245,33;57
17246,33;65
17247,33;56
17248,33;74
17249,33;2601
17250,33;8460
17251,33;67
17252,33;66
17253,33;65
17254,33;64
17255,33;2568
17256,33;8445
17257,33;68
17258,33;77
17259,33;69
17260,33;74
17261,33;2600
17262,33;8429
17263,33;67
17264,33;67
17265,33;68
17266,33;64
17267,33;2601
17268,33;8444
17269,33;78
17270,33;66
17271,33;68
17272,33;71
17273,603;2610
17274,603;8462
17275,603;71
17276,603;65
17277,603;80
17278,603;62
17279,603;2594
17280,603;8455
17281,603;79
17282,603;79
17283,603;75
17284,603;71
17285,603;2627
17286,603;8403
17287,603;59
17288,603;71
17289,603;85
17290,603;83
17291,603;2620
17292,603;8456
17293,603;58
17294,603;66
17295,603;67
17296,603;61
17297,603;2592
17298,603;8456
17299,603;63
17300,603;67
17301,603;92
17302,603;69
17303,603;2567
17304,603;8482
17305,603;56
17306,603;66
17307,603;76
17308,603;71
17309,603;2582
17310,603;8436
17311,603;60
17312,603;76
17313,603;68
17314,603;69
17315,603;2571
17316,603;8484
17317,603;80
17318,603;79
17319,603;76
17320,603;79
17321,603;2611
17322,603;8464
17323,603;65
17324,603;72
17325,603;67
17326,603;60
17327,603;2572
17328,603;8467
17329,603;62
17330,603;85
17331,603;61
17332,603;74
17333,603;2595
17334,603;8454
17335,603;71
17336,603;83
17337,603;70
17338,603;90
17339,603;2595
17340,603;8490
17341,603;55
17342,603;70
17343,603;82
17344,603;61
17345,603;2586
17346,603;8456
17347,603;76
17348,603;59
17349,603;76
17350,603;76
17351,603;2593
17352,603;8445
17353,603;70
17354,603;59
17355,603;69
17356,603;65
17357,603;2577
17358,603;8455
17359,603;52
17360,603;61
17361,603;67
17362,603;59
17363,603;2573
17364,603;8476
17365,603;75
17366,603;91
17367,603;68
17368,603;75
17369,603;2568
17370,603;8498
17371,603;65
17372,603;63
17373,603;72
17374,333;96
17375,333;2595
17376,333;8476
17377,333;65
17378,333;64
17379,333;66
17380,333;81
17381,333;2559
17382,333;8460
17383,333;62
17384,333;86
17385,333;71
17386,333;65
17387,333;2584
17388,333;8463
17389,333;53
17390,333;69
17391,333;91
17392,333;70
17393,333;2570
17394,333;8476
17395,333;72
17396,333;66
17397,333;65
17398,333;59
17399,333;2596
17400,333;8472
17401,333;64
17402,333;88
17403,333;84
17404,333;71
17405,333;2591
17406,333;8460
17407,333;56
17408,333;76
17409,333;67
17410,333;73
17411,333;2573
17412,333;8468
17413,333;70
17414,333;74
17415,333;65
17416,333;71
17417,333;2603
17418,333;8468
17419,333;71
17420,333;76
17421,333;76
17422,333;79
17423,333;2573
17424,333;8470
17425,333;63
17426,333;72
17427,333;67
17428,333;63
17429,333;2590
17430,333;8473
17431,333;81
17432,333;79
17433,333;69
17434,333;70
17435,333;2571
17436,333;8464
17437,333;61
17438,333;70
17439,333;91
17440,333;82
17441,333;2596
17442,333;8460
17443,333;53
17444,333;59
17445,333;72
17446,333;97
17447,333;2583
17448,333;8469
17449,333;76
17450,333;68
17451,333;64
17452,333;78
17453,333;2575
17454,333;8490
17455,333;68
17456,333;80
17457,333;73
17458,333;86
17459,333;2679
17460,333;8378
17461,333;68
17462,333;77
17463,333;79
17464,333;69
17465,333;2592
17466,333;8478
17467,333;66
17468,333;68
17469,333;69
17470,333;76
17471,333;2575
17472,333;8483
17473,333;77
17474,333;68
17474,755;79
17475,755;71
17476,755;2568
17477,755;8452
17478,755;58
17479,755;70
17480,755;59
17481,755;90
17482,755;2592
17483,755;8485
17484,755;61
17485,755;71
17486,755;72
17487,755;82
17488,755;2577
17489,755;8496
17490,755;66
17491,755;66
17492,755;68
17493,755;84
17494,755;2564
17495,755;8471
17496,755;65
17497,755;73
17498,755;63
17499,755;73
17500,755;2567
17501,755;8473
17502,755;70
17503,755;64
17504,755;69
17505,755;75
17506,755;2203
17507,755;8512
17508,755;79
17509,755;73
17510,755;70
17511,755;92
17512,755;2515
17513,755;8501
17514,755;80
17515,755;58
17516,755;85
17517,755;76
17518,755;2567
17519,755;8473
17520,755;65
17521,755;72
17522,755;62
17523,755;55
17524,755;2564
17525,755;8482
17526,755;75
17527,755;73
17528,755;62
17529,755;87
17530,755;2586
17531,755;8490
17532,755;64
17533,755;67
17534,755;78
17535,755;87
17536,755;2563
17537,755;8508
17538,755;66
17539,755;65
17540,755;60
17541,755;81
17542,755;2564
17543,755;8475
17544,755;82
17545,755;70
17546,755;77
17547,755;78
17548,755;2573
17549,755;8470
17550,755;85
17551,755;72
17552,755;60
17553,755;88
17554,755;2573
17555,755;8496
17556,755;62
17557,755;73
17558,755;75
17559,755;97
17560,755;2580
17561,755;8488
17562,755;70
17563,755;66
17564,755;56
17565,755;75
17566,755;2562
17567,755;8482
17568,755;73
17569,755;82
17570,755;82
17571,755;73
17572,755;2550
17573,755;8482
17574,755;71
17576,858;57
17577,858;85
17578,858;92
17579,858;2561
17580,858;8505
17581,858;67
17582,858;69
17583,858;55
17584,858;80
17585,858;2548
17586,858;8465
17587,858;68
17588,858;82
17589,858;71
17590,858;78
17591,858;2543
17592,858;8485
17593,858;78
17594,858;69
17595,858;72
17596,858;63
17597,858;2549
17598,858;8483
17599,858;65
17600,858;79
17601,858;62
17602,858;77
17603,858;2540
17604,858;8513
17605,858;73
17606,858;54
17607,858;78
17608,858;73
17609,858;2549
17610,858;8488
17611,858;77
17612,858;82
17613,858;75
17614,858;58
17615,858;2557
17616,858;8479
17617,858;66
17618,858;80
17619,858;66
17620,858;51
17621,858;2532
17622,858;8516
17623,858;72
17624,858;68
17625,858;45
17626,858;66
17627,858;2565
17628,858;8513
17629,858;65
17630,858;56
17631,858;86
17632,858;96
17633,858;2538
17634,858;8498
17635,858;57
17636,858;70
17637,858;76
17638,858;67
17639,858;2532
17640,858;8533
17641,858;55
17642,858;72
17643,858;54
17644,858;63
17645,858;2525
17646,858;8480
17647,858;60
17648,858;74
17649,858;76
17650,858;71
17651,858;2560
17652,858;8493
17653,858;57
17654,858;60
17655,858;82
17656,858;81
17657,858;2542
17658,858;8513
17659,858;61
17660,858;68
17661,858;73
17662,858;65
17663,858;2529
17664,858;8518
17665,858;71
17666,858;67
17667,858;63
17668,858;66
17669,858;2528
17670,858;8508
17671,858;69
17672,858;55
17673,858;62
17674,858;80
17675,858;2526
17676,858;8479
17677,858;81
17678,858;69
17679,858;70
17680,858;71
17681,858;2532
17682,858;8523
17683,858;65
17684,858;73
17685,858;62
17686,858;75
17687,858;2542
17688,858;8504
17689,858;73
17690,858;80
17691,858;85
17692,858;51
17693,858;2519
17694,858;8523
17695,858;65
17696,858;63
17697,858;78
17698,858;76
17699,858;2526
17700,858;8515
17701,858;75
17702,858;58
17703,858;74
17704,858;67
17705,858;2538
17706,858;8529
17707,858;71
17708,858;57
17709,858;67
17710,858;75
17711,858;2517
17712,858;8503
17713,858;80
17714,858;62
17715,858;78
17716,858;72
17717,858;2529
17718,858;8543
17719,858;71
17720,858;71
17721,858;62
17722,858;73
17723,858;2508
17724,858;8539
17725,858;62
17726,858;66
17727,858;57
17728,858;64
17729,858;2512
17730,858;8529
17731,858;60
17732,858;74
17733,858;65
17734,858;79
17735,858;2525
17736,858;8528
17737,858;69
17738,858;53
17739,858;62
17740,858;76
17741,858;2517
17742,858;8508
17743,858;66
17744,858;63
17745,858;77
17746,858;81
17747,858;2513
17748,858;8509
17749,858;67
17750,858;56
17751,858;76
17752,858;65
17753,858;2519
17754,858;8539
17755,858;71
17756,858;60
17757,858;71
17758,858;72
17759,858;2513
17760,858;8523
17761,858;70
17762,858;62
17763,858;74
17764,858;69
17765,858;2500
17766,858;8508
17767,858;73
17768,858;63
17769,858;48
17770,858;88
17771,858;2508
17772,858;8525
17773,858;79
17774,858;57
17775,858;73
17776,858;66
17777,858;2525
17778,679;8503
17779,679;64
17780,679;62
17781,679;77
17782,679;76
17783,679;2517
17784,679;8520
17785,679;74
17786,679;71
17787,679;62
17788,679;71
17789,679;2503
17790,679;8505
17791,679;51
17792,679;65
17793,679;49
17794,679;70
17795,679;2503
17796,679;8500
17797,679;60
17798,679;62
17799,679;71
17800,679;59
17801,679;2496
17802,679;8521
17803,679;45
17804,679;57
17805,679;71
17806,679;75
17807,679;2518
17808,679;8550
17809,679;75
17810,679;68
17811,679;72
17812,679;58
17813,679;2504
17814,679;8541
17815,679;62
17816,679;66
17817,679;61
17818,679;60
17819,679;2172
17820,679;8487
17821,679;51
17822,679;77
17823,679;51
17824,679;68
17825,679;2487
17826,679;8474
17827,679;63
17828,679;62
17829,679;74
17830,679;73
17831,679;2479
17832,679;8541
17833,679;57
17834,679;64
17835,679;59
17836,679;60
17837,679;2501
17838,679;8522
17839,679;60
17840,679;80
17841,679;69
17842,679;63
17843,679;2503
17844,679;8525
17845,679;57
17846,679;55
17847,679;78
17848,679;73
17849,679;2500
17850,679;8524
17851,679;65
17852,679;64
17853,679;55
17854,679;66
17855,679;2502
17856,679;8536
17857,679;72
17858,679;65
17859,679;53
17860,679;62
17861,679;2518
17862,679;8538
17863,679;53
17864,679;71
17865,679;65
17866,679;69
17867,679;2494
17868,679;8561
17869,679;49
17870,679;77
17871,679;69
17872,679;57
17873,679;2479
17874,679;8531
17875,679;76
17876,679;87
17877,679;73
17878,679;66
17879,409;2497
17880,409;8544
17881,409;75
17882,409;49
17883,409;70
17884,409;67
17885,409;2513
17886,409;8551
17887,409;64
17888,409;58
17889,409;76
17890,409;67
17891,409;2498
17892,409;8571
17893,409;76
17894,409;48
17895,409;65
17896,409;69
17897,409;2488
17898,409;8520
17899,409;54
17900,409;56
17901,409;73
17902,409;72
17903,409;2483
17904,409;8555
17905,409;79
17906,409;62
17907,409;77
17908,409;75
17909,409;2501
17910,409;8536
17911,409;76
17912,409;69
17913,409;76
17914,409;83
17915,409;2513
17916,409;8522
17917,409;66
17918,409;73
17919,409;78
17920,409;74
17921,409;2499
17922,409;8537
17923,409;74
17924,409;69
17925,409;64
17926,409;75
17927,409;2573
17928,409;8486
17929,409;80
17930,409;78
17931,409;67
17932,409;78
17933,409;2481
17934,409;8542
17935,409;56
17936,409;69
17937,409;63
17938,409;72
17939,409;2513
17940,409;8538
17941,409;85
17942,409;67
17943,409;80
17944,409;77
17945,409;2515
17946,409;8552
17947,409;56
17948,409;70
17949,409;63
17950,409;61
17951,409;2517
17952,409;8552
17953,409;90
17954,409;74
17955,409;63
17956,409;70
17957,409;2494
17958,409;8571
17959,409;67
17960,409;71
17961,409;65
17962,409;83
17963,409;2489
17964,409;8531
17965,409;68
17966,409;65
17967,409;69
17968,409;72
17969,409;2480
17970,409;8552
17971,409;69
17972,409;71
17973,409;64
17974,409;79
17975,409;2459
17976,409;8564
17977,409;70
17978,409;70
17979,409;65
17980,149;66
17981,149;2594
17982,149;8472
17983,149;64
17984,149;78
17985,149;73
17986,149;73
17987,149;2482
17988,149;8546
17989,149;60
17990,149;76
17991,149;65
17992,149;91
17993,149;2482
17994,149;8567
17995,149;75
17996,149;77
17997,149;72
17998,149;60
17999,149;2469
18000,149;8548
18001,149;55
18002,149;65
18003,149;74
18004,149;69
18005,149;2477
18006,149;8548
18007,149;74
18008,149;57
18009,149;70
18010,149;58
18011,149;2473
18012,149;8551
18013,149;57
18014,149;76
18015,149;77
18016,149;83
18017,149;2496
18018,149;8586
18019,149;67
18020,149;89
18021,149;83
18022,149;67
18023,149;2466
18024,149;8565
18025,149;66
18026,149;76
18027,149;67
18028,149;81
18029,149;2482
18030,149;8588
18031,149;85
18032,149;67
18033,149;72
18034,149;64
18035,149;2474
18036,149;8577
18037,149;67
18038,149;77
18039,149;79
18040,149;59
18041,149;2496
18042,149;8585
18043,149;71
18044,149;76
18045,149;73
18046,149;86
18047,149;2511
18048,149;8522
18049,149;65
18050,149;85
18051,149;80
18052,149;85
18053,149;2497
18054,149;8563
18055,149;62
18056,149;79
18057,149;66
18058,149;69
18059,149;2511
18060,149;8528
18061,149;69
18062,149;84
18063,149;71
18064,149;79
18065,149;2501
18066,149;8585
18067,149;69
18068,149;71
18069,149;59
18070,149;71
18071,149;2513
18072,149;8588
18073,149;61
18074,149;80
18075,149;73
18076,149;66
18077,149;2475
18078,149;8587
18079,149;74
18080,149;75
18081,994;74
18082,994;65
18083,994;2485
18084,994;8565
18085,994;68
18086,994;72
18087,994;82
18088,994;81
18089,994;2493
18090,994;8580
18091,994;72
18092,994;77
18093,994;76
18094,994;73
18095,994;2518
18096,994;8522
18097,994;65
18098,994;63
18099,994;84
18100,994;77
18101,994;2509
18102,994;8589
18103,994;60
18104,994;63
18105,994;81
18106,994;85
18107,994;2526
18108,994;8537
18109,994;69
18110,994;72
18111,994;69
18112,994;87
18113,994;2473
18114,994;8590
18115,994;61
18116,994;47
18117,994;71
18118,994;87
18119,994;2464
18120,994;8581
18121,994;65
18122,994;69
18123,994;77
18124,994;78
18125,994;2498
18126,994;8560
18127,994;60
18128,994;79
18129,994;87
18130,994;76
18131,994;2114
18132,994;8603
18133,994;69
18134,994;86
18135,994;68
18136,994;77
18137,994;2394
18138,994;8572
18139,994;71
18140,994;84
18141,994;74
18142,994;58
18143,994;2464
18144,994;8609
18145,994;70
18146,994;76
18147,994;69
18148,994;75
18149,994;2470
18150,994;8588
18151,994;89
18152,994;78
18153,994;73
18154,994;75
18155,994;2468
18156,994;8607
18157,994;67
18158,994;77
18159,994;73
18160,994;74
18161,994;2480
18162,994;8595
18163,994;64
18164,994;74
18165,994;67
18166,994;63
18167,994;2442
18168,994;8579
18169,994;65
18170,994;55
18171,994;70
18172,994;78
18173,994;2494
18174,994;8551
18175,994;68
18176,994;63
18177,994;67
18178,994;67
18179,994;2465
18180,994;8593
18181,994;60
18182,408;68
18183,408;63
18184,408;80
18185,408;2430
18186,408;8583
18187,408;47
18188,408;75
18189,408;74
18190,408;73
18191,408;2466
18192,408;8571
18193,408;62
18194,408;52
18195,408;75
18196,408;66
18197,408;2443
18198,408;8604
18199,408;50
18200,408;64
18201,408;76
18202,408;67
18203,408;2459
18204,408;8588
18205,408;70
18206,408;64
18207,408;76
18208,408;83
18209,408;2456
18210,408;8579
18211,408;55
18212,408;78
18213,408;56
18214,408;69
18215,408;2449
18216,408;8558
18217,408;64
18218,408;90
18219,408;80
18220,408;89
18221,408;2471
18222,408;8601
18223,408;57
18224,408;70
18225,408;72
18226,408;75
18227,408;2451
18228,408;8582
18229,408;69
18230,408;71
18231,408;70
18232,408;70
18233,408;2440
18234,408;8592
18235,408;68
18236,408;66
18237,408;75
18238,408;81
18239,408;2457
18240,408;8570
18241,408;63
18242,408;65
18243,408;71
18244,408;72
18245,408;2455
18246,408;8600
18247,408;51
18248,408;78
18249,408;64
18250,408;74
18251,408;2426
18252,408;8583
18253,408;71
18254,408;75
18255,408;82
18256,408;63
18257,408;2423
18258,408;8620
18259,408;63
18260,408;84
18261,408;62
18262,408;65
18263,408;2439
18264,408;8616
18265,408;84
18266,408;66
18267,408;61
18268,408;84
18269,408;2433
18270,408;8644
18271,408;61
18272,408;68
18273,408;75
18274,408;82
18275,408;2418
18276,408;8616
18277,408;69
18278,408;58
18279,408;82
18280,408;58
18281,408;2437
18282,408;8616
18283,408;67
18284,408;83
18285,408;75
18286,408;76
18287,408;2437
18288,408;8611
18289,408;64
18290,408;80
18291,408;65
18292,408;67
18293,408;2421
18294,408;8593
18295,408;56
18296,408;70
18297,408;71
18298,408;80
18299,408;2438
18300,408;8564
18301,408;60
18302,408;59
18303,408;69
18304,408;79
18305,408;2437
18306,408;8594
18307,408;51
18308,408;74
18309,408;74
18310,408;58
18311,408;2441
18312,408;8588
18313,408;52
18314,408;75
18315,408;82
18316,408;56
18317,408;2450
18318,408;8573
18319,408;58
18320,408;76
18321,408;74
18322,408;68
18323,408;2455
18324,408;8592
18325,408;66
18326,408;67
18327,408;61
18328,408;61
18329,408;2410
18330,408;8637
18331,408;73
18332,408;56
18333,408;64
18334,408;75
18335,408;2422
18336,408;8620
18337,408;64
18338,408;63
18339,408;78
18340,408;89
18341,408;2429
18342,408;8617
18343,408;67
18344,408;63
18345,408;82
18346,408;62
18347,408;2433
18348,408;8604
18349,408;57
18350,408;67
18351,408;69
18352,408;76
18353,408;2399
18354,408;8594
18355,408;63
18356,408;72
18357,408;66
18358,408;71
18359,408;2436
18360,408;8592
18361,408;65
18362,408;64
18363,408;61
18364,408;63
18365,408;2411
18366,408;8624
18367,408;64
18368,408;59
18369,408;62
18370,408;75
18371,408;2423
18372,408;8606
18373,408;67
18374,408;75
18375,408;71
18376,408;70
18377,408;2418
18378,408;8617
18379,408;70
18380,408;62
18381,408;79
18382,408;69
18383,408;2410
18384,406;8601
18385,406;68
18386,406;76
18387,406;57
18388,406;59
18389,406;2408
18390,406;8611
18391,406;57
18392,406;87
18393,406;81
18394,406;68
18395,406;2416
18396,406;8622
18397,406;52
18398,406;82
18399,406;63
18400,406;68
18401,406;2417
18402,406;8603
18403,406;57
18404,406;67
18405,406;68
18406,406;39
18407,406;2389
18408,406;8628
18409,406;59
18410,406;56
18411,406;63
18412,406;68
18413,406;2397
18414,406;8615
18415,406;68
18416,406;59
18417,406;67
18418,406;64
18419,406;2398
18420,406;8588
18421,406;68
18422,406;59
18423,406;58
18424,406;63
18425,406;2382
18426,406;8643
18427,406;50
18428,406;40
18429,406;64
18430,406;76
18431,406;2410
18432,406;8608
18433,406;57
18434,406;73
18435,406;64
18436,406;58
18437,406;2398
18438,406;8633
18439,406;57
18440,406;52
18441,406;71
18442,406;55
18443,406;2029
18444,406;8654
18445,406;60
18446,406;58
18447,406;68
18448,406;60
18449,406;2306
18450,406;8608
18451,406;52
18452,406;62
18453,406;65
18454,406;65
18455,406;2426
18456,406;8589
18457,406;61
18458,406;61
18459,406;50
18460,406;62
18461,406;2490
18462,406;8475
18463,406;57
18464,406;71
18465,406;53
18466,406;84
18467,406;2377
18468,406;8630
18469,406;63
18470,406;80
18471,406;67
18472,406;60
18473,406;2382
18474,406;8640
18475,406;58
18476,406;71
18477,406;76
18478,406;70
18479,406;2383
18480,406;8628
18481,406;62
18482,406;69
18483,406;60
18484,406;64
18485,475;2390
18486,475;8601
18487,475;58
18488,475;47
18489,475;65
18490,475;59
18491,475;2372
18492,475;8651
18493,475;74
18494,475;80
18495,475;76
18496,475;74
18497,475;2426
18498,475;8575
18499,475;71
18500,475;74
18501,475;68
18502,475;76
18503,475;2375
18504,475;8642
18505,475;47
18506,475;67
18507,475;71
18508,475;67
18509,475;2379
18510,475;8660
18511,475;65
18512,475;66
18513,475;60
18514,475;72
18515,475;2397
18516,475;8628
18517,475;66
18518,475;75
18519,475;75
18520,475;73
18521,475;2378
18522,475;8649
18523,475;63
18524,475;73
18525,475;66
18526,475;67
18527,475;2359
18528,475;8648
18529,475;67
18530,475;77
18531,475;79
18532,475;71
18533,475;2373
18534,475;8646
18535,475;67
18536,475;70
18537,475;88
18538,475;68
18539,475;2381
18540,475;8636
18541,475;68
18542,475;64
18543,475;75
18544,475;77
18545,475;2378
18546,475;8655
18547,475;65
18548,475;69
18549,475;68
18550,475;60
18551,475;2447
18552,475;8588
18553,475;55
18554,475;62
18555,475;66
18556,475;69
18557,475;2409
18558,475;8576
18559,475;61
18560,475;81
18561,475;66
18562,475;67
18563,475;2372
18564,475;8669
18565,475;67
18566,475;65
18567,475;68
18568,475;91
18569,475;2371
18570,475;8620
18571,475;71
18572,475;67
18573,475;78
18574,475;92
18575,475;2368
18576,475;8635
18577,475;52
18578,475;73
18579,475;63
18580,475;91
18581,475;2422
18582,475;8604
18583,475;80
18584,475;70
18585,475;67
18586,205;83
18587,205;2467
18588,205;8563
18589,205;64
18590,205;71
18591,205;69
18592,205;57
18593,205;2455
18594,205;8601
18595,205;72
18596,205;71
18597,205;71
18598,205;76
18599,205;2451
18600,205;8587
18601,205;71
18602,205;76
18603,205;69
18604,205;69
18605,205;2433
18606,205;8596
18607,205;66
18608,205;68
18609,205;73
18610,205;72
18611,205;2430
18612,205;8556
18613,205;59
18614,205;63
18615,205;82
18616,205;65
18617,205;2438
18618,205;8598
18619,205;72
18620,205;49
18621,205;60
18622,205;69
18623,205;2443
18624,205;8563
18625,205;77
18626,205;66
18627,205;73
18628,205;80
18629,205;2351
18630,205;8661
18631,205;69
18632,205;72
18633,205;77
18634,205;77
18635,205;2364
18636,205;8657
18637,205;85
18638,205;76
18639,205;86
18640,205;86
18641,205;2375
18642,205;8660
18643,205;66
18644,205;68
18645,205;74
18646,205;77
18647,205;2366
18648,205;8648
18649,205;68
18650,205;59
18651,205;56
18652,205;73
18653,205;2353
18654,205;8683
18655,205;65
18656,205;72
18657,205;60
18658,205;94
18659,205;2358
18660,205;8650
18661,205;76
18662,205;73
18663,205;71
18664,205;67
18665,205;2367
18666,205;8670
18667,205;66
18668,205;72
18669,205;65
18670,205;62
18671,205;2389
18672,205;8676
18673,205;66
18674,205;78
18675,205;63
18676,205;81
18677,205;2486
18678,205;8545
18679,205;72
18680,205;86
18681,205;82
18682,205;69
18683,205;2364
18684,205;8660
18685,205;75
18686,205;72
18687,234;81
18688,234;79
18689,234;2472
18690,234;8583
18691,234;65
18692,234;79
18693,234;83
18694,234;64
18695,234;2471
18696,234;8602
18697,234;82
18698,234;76
18699,234;67
18700,234;85
18701,234;2465
18702,234;8580
18703,234;54
18704,234;52
18705,234;78
18706,234;68
18707,234;2448
18708,234;8572
18709,234;64
18710,234;54
18711,234;75
18712,234;76
18713,234;2379
18714,234;8662
18715,234;55
18716,234;69
18717,234;75
18718,234;76
18719,234;2376
18720,234;8659
18721,234;56
18722,234;89
18723,234;70
18724,234;61
18725,234;2381
18726,234;8671
18727,234;68
18728,234;64
18729,234;72
18730,234;78
18731,234;2403
18732,234;8657
18733,234;73
18734,234;88
18735,234;83
18736,234;77
18737,234;2356
18738,234;8642
18739,234;63
18740,234;61
18741,234;78
18742,234;78
18743,234;2356
18744,234;8668
18745,234;50
18746,234;92
18747,234;90
18748,234;64
18749,234;2343
18750,234;8694
18751,234;75
18752,234;85
18753,234;72
18754,234;84
18755,234;1965
18756,234;8685
18757,234;59
18758,234;68
18759,234;71
18760,234;68
18761,234;2356
18762,234;8613
18763,234;74
18764,234;64
18765,234;71
18766,234;82
18767,234;2382
18768,234;8634
18769,234;70
18770,234;71
18771,234;65
18772,234;71
18773,234;2343
18774,234;8654
18775,234;79
18776,234;67
18777,234;66
18778,234;65
18779,234;2345
18780,234;8683
18781,234;68
18782,234;58
18783,234;67
18784,234;76
18785,234;2474
18786,234;8589
18787,234;66
18788,234;70
18789,234;84
18790,234;77
18791,234;2349
18792,234;8686
18793,234;54
18794,234;69
18795,234;74
18796,234;71
18797,234;2363
18798,234;8662
18799,234;71
18800,234;68
18801,234;82
18802,234;83
18803,234;2352
18804,234;8670
18805,234;84
18806,234;81
18807,234;86
18808,234;76
18809,234;2356
18810,234;8680
18811,234;63
18812,234;62
18813,234;52
18814,234;50
18815,234;2346
18816,234;8701
18817,234;84
18818,234;68
18819,234;83
18820,234;64
18821,234;2442
18822,234;8580
18823,234;53
18824,234;78
18825,234;62
18826,234;80
18827,234;2453
18828,234;8604
18829,234;65
18830,234;69
18831,234;80
18832,234;73
18833,234;2345
18834,234;8686
18835,234;60
18836,234;58
18837,234;75
18838,234;61
18839,234;2341
18840,234;8692
18841,234;59
18842,234;76
18843,234;72
18844,234;62
18845,234;2332
18846,234;8711
18847,234;73
18848,234;84
18849,234;70
18850,234;68
18851,234;2326
18852,234;8703
18853,234;66
18854,234;63
18855,234;80
18856,234;71
18857,234;2442
18858,234;8567
18859,234;68
18860,234;56
18861,234;67
18862,234;76
18863,234;2322
18864,234;8706
18865,234;66
18866,234;57
18867,234;72
18868,234;75
18869,234;2305
18870,234;8704
18871,234;70
18872,234;71
18873,234;61
18874,234;56
18875,234;2330
18876,234;8690
18877,234;65
18878,234;55
18879,234;68
18880,234;81
18881,234;2331
18882,234;8702
18883,234;63
18884,234;80
18885,234;59
18886,234;81
18887,234;2319
18888,234;8710
18889,126;62
18890,126;70
18891,126;65
18892,126;68
18893,126;2427
18894,126;8618
18895,126;80
18896,126;72
18897,126;68
18898,126;66
18899,126;2450
18900,126;8587
18901,126;70
18902,126;64
18903,126;70
18904,126;81
18905,126;2341
18906,126;8716
18907,126;79
18908,126;56
18909,126;71
18910,126;68
18911,126;2321
18912,126;8705
18913,126;94
18914,126;75
18915,126;70
18916,126;75
18917,126;2309
18918,126;8689
18919,126;57
18920,126;72
18921,126;74
18922,126;72
18923,126;2437
18924,126;8599
18925,126;71
18926,126;55
18927,126;59
18928,126;74
18929,126;2427
18930,126;8617
18931,126;79
18932,126;59
18933,126;71
18934,126;92
18935,126;2304
18936,126;8703
18937,126;61
18938,126;73
18939,126;64
18940,126;72
18941,126;2331
18942,126;8687
18943,126;66
18944,126;93
18945,126;82
18946,126;60
18947,126;2338
18948,126;8726
18949,126;68
18950,126;70
18951,126;76
18952,126;71
18953,126;2299
18954,126;8695
18955,126;64
18956,126;81
18957,126;69
18958,126;54
18959,126;2320
18960,126;8706
18961,126;61
18962,126;61
18963,126;71
18964,126;55
18965,126;2325
18966,126;8722
18967,126;68
18968,126;74
18969,126;81
18970,126;64
18971,126;2309
18972,126;8715
18973,126;69
18974,126;60
18975,126;70
18976,126;65
18977,126;2317
18978,126;8689
18979,126;58
18980,126;72
18981,126;74
18982,126;60
18983,126;2422
18984,126;8626
18985,126;63
18986,126;74
18987,126;65
18988,126;60
18989,126;2420
18990,138;8571
18991,138;48
18992,138;71
18993,138;57
18994,138;66
18995,138;2291
18996,138;8723
18997,138;41
18998,138;67
18999,138;72
19000,138;74
19001,138;2325
19002,138;8716
19003,138;68
19004,138;66
19005,138;68
19006,138;69
19007,138;2288
19008,138;8712
19009,138;67
19010,138;47
19011,138;46
19012,138;62
19013,138;2304
19014,138;8735
19015,138;65
19016,138;67
19017,138;57
19018,138;73
19019,138;2319
19020,138;8716
19021,138;64
19022,138;49
19023,138;72
19024,138;55
19025,138;2302
19026,138;8715
19027,138;62
19028,138;61
19029,138;62
19030,138;69
19031,138;2296
19032,138;8718
19033,138;60
19034,138;64
19035,138;72
19036,138;63
19037,138;2306
19038,138;8704
19039,138;68
19040,138;57
19041,138;40
19042,138;66
19043,138;2302
19044,138;8710
19045,138;69
19046,138;69
19047,138;70
19048,138;67
19049,138;2301
19050,138;8709
19051,138;58
19052,138;64
19053,138;69
19054,138;62
19055,138;2296
19056,138;8699
19057,138;58
19058,138;56
19059,138;72
19060,138;68
19061,138;2290
19062,138;8728
