2811,928;2197
2812,928;5854
2813,928;85
2814,928;71
2815,928;87
2816,928;82
2817,928;6836
2818,928;5755
2819,928;77
2820,928;75
2821,928;96
2822,928;93
2823,928;7718
2824,928;5701
2825,928;89
2826,928;99
2827,928;88
2828,928;84
2829,928;7859
2830,294;5708
2831,294;91
2832,294;91
2833,294;85
2834,294;95
2835,294;7888
2836,294;5679
2837,294;72
2838,294;93
2839,294;91
2840,294;85
2841,294;7864
2842,294;5693
2843,294;87
2844,294;83
2845,294;86
2846,294;97
2847,294;7887
2848,294;5676
2849,294;86
2850,294;83
2851,294;83
2852,294;94
2853,294;7894
2854,294;5682
2855,294;72
2856,294;94
2857,294;98
2858,294;93
2859,294;7852
2860,294;5686
2861,294;81
2862,294;77
2863,294;92
2864,294;88
2865,294;7876
2866,294;5687
2867,294;82
2868,294;89
2869,294;92
2870,294;82
2871,294;7879
2872,294;5667
2873,294;99
2874,294;78
2875,294;93
2876,294;91
2877,294;7839
2878,294;5649
2879,294;69
2880,294;91
2881,294;110
2882,294;94
2883,294;7846
2884,294;5662
2885,294;97
2886,294;89
2887,294;88
2888,294;83
2889,294;7866
2890,294;5660
2891,294;85
2892,294;75
2893,294;90
2894,294;99
2895,294;7843
2896,294;5649
2897,294;99
2898,294;93
2899,294;101
2900,294;96
2901,294;7824
2902,294;5678
2903,294;67
2904,294;87
2905,294;73
2906,294;123
2907,294;7853
2908,294;5638
2909,294;90
2910,294;87
2911,294;96
2912,294;102
2913,294;7858
2914,294;5668
2915,294;92
2916,294;96
2917,294;87
2918,294;101
2919,294;7827
2920,294;5662
2921,294;98
2922,294;99
2923,294;92
2924,294;102
2925,294;7862
2926,294;5659
2927,294;72
2928,294;94
2929,294;102
2930,294;92
2931,294;7812
2932,294;5657
2933,294;88
2934,294;87
2935,294;92
2936,294;105
2937,294;7808
2938,294;5648
2939,294;73
2940,294;102
2941,294;99
2942,294;73
2943,294;7928
2944,294;5566
2945,294;104
2946,294;97
2947,294;91
2948,294;98
2949,294;7789
2950,294;5641
2951,294;106
2952,294;97
2953,294;94
2954,294;83
2955,294;7791
2956,294;5639
2957,294;92
2958,294;105
2959,294;94
2960,294;90
2961,294;7798
2962,294;5634
2963,294;87
2964,294;90
2965,294;82
2966,294;94
2967,294;7804
2968,294;5620
2969,294;88
2970,294;89
2971,294;87
2972,294;100
2973,294;7773
2974,294;5638
2975,294;81
2976,294;94
2977,294;112
2978,294;110
2979,294;7696
2980,294;5647
2981,294;87
2982,294;83
2983,294;92
2984,294;97
2985,294;7797
2986,294;5643
2987,294;99
2988,294;105
2989,294;97
2990,294;104
2991,294;7792
2992,294;5618
2993,294;88
2994,294;120
2995,294;77
2996,294;111
2997,294;7763
2998,294;5648
2999,294;94
3000,294;106
3001,294;89
3002,294;98
3003,294;7777
3004,294;5630
3005,294;82
3006,294;84
3007,294;92
3008,294;86
3009,294;7800
3010,294;5649
3011,294;92
3012,294;96
3013,294;86
3014,294;101
3015,294;7777
3016,294;5615
3017,294;104
3018,294;80
3019,294;102
3020,294;100
3021,294;7760
3022,294;5628
3023,294;91
3024,294;83
3025,294;105
3026,294;102
3027,294;7759
3028,294;5621
3029,294;70
3030,294;91
3031,294;72
3033,098;90
3034,098;7759
3035,098;5636
3036,098;83
3037,098;92
3038,098;85
3039,098;68
3040,098;7870
3041,098;5551
3042,098;69
3043,098;88
3044,098;75
3045,098;90
3046,098;7783
3047,098;5637
3048,098;71
3049,098;69
3050,098;84
3051,098;84
3052,098;7757
3053,098;5639
3054,098;89
3055,098;81
3056,098;85
3057,098;72
3058,098;7782
3059,098;5637
3060,098;72
3061,098;65
3062,098;61
3063,098;73
3064,098;7796
3065,098;5618
3066,098;72
3067,098;74
3068,098;100
3069,098;79
3070,098;7766
3071,098;5629
3072,098;80
3073,098;91
3074,098;68
3075,098;70
3076,098;7761
3077,098;5604
3078,098;61
3079,098;72
3080,098;78
3081,098;91
3082,098;7757
3083,098;5623
3084,098;68
3085,098;79
3086,098;75
3087,098;87
3088,098;7774
3089,098;5615
3090,098;70
3091,098;81
3092,098;80
3093,098;62
3094,098;7754
3095,098;5632
3096,098;69
3097,098;71
3098,098;68
3099,098;98
3100,098;7759
3101,098;5625
3102,098;73
3103,098;82
3104,098;64
3105,098;72
3106,098;7758
3107,098;5619
3108,098;61
3109,098;73
3110,098;63
3111,098;61
3112,098;7749
3113,098;5622
3114,098;61
3115,098;73
3116,098;85
3117,098;70
3118,098;7728
3119,098;5638
3120,098;59
3121,098;78
3122,098;63
3123,098;72
3124,098;7436
3125,098;5620
3126,098;64
3127,098;69
3128,098;74
3129,098;83
3130,098;7670
3131,098;5626
3132,098;66
3133,098;61
3133,71;62
3134,71;65
3135,71;7743
3136,71;5605
3137,71;56
3138,71;80
3139,71;79
3140,71;82
3141,71;7711
3142,71;5633
3143,71;64
3144,71;57
3145,71;75
3146,71;96
3147,71;7725
3148,71;5622
3149,71;72
3150,71;88
3151,71;76
3152,71;59
3153,71;7742
3154,71;5641
3155,71;66
3156,71;66
3157,71;78
3158,71;72
3159,71;7738
3160,71;5618
3161,71;69
3162,71;81
3163,71;64
3164,71;82
3165,71;7726
3166,71;5633
3167,71;66
3168,71;71
3169,71;70
3170,71;86
3171,71;7726
3172,71;5659
3173,71;81
3174,71;90
3175,71;96
3176,71;89
3177,71;7746
3178,71;5675
3179,71;73
3180,71;86
3181,71;86
3182,71;72
3183,71;7753
3184,71;5643
3185,71;83
3186,71;70
3187,71;74
3188,71;100
3189,71;7727
3190,71;5653
3191,71;81
3192,71;77
3193,71;73
3194,71;84
3195,71;7736
3196,71;5641
3197,71;87
3198,71;90
3199,71;79
3200,71;91
3201,71;7742
3202,71;5652
3203,71;84
3204,71;80
3205,71;86
3206,71;94
3207,71;7724
3208,71;5641
3209,71;80
3210,71;98
3211,71;88
3212,71;82
3213,71;7734
3214,71;5663
3215,71;82
3216,71;74
3217,71;110
3218,71;99
3219,71;7695
3220,71;5655
3221,71;91
3222,71;101
3223,71;107
3224,71;79
3225,71;7695
3226,71;5648
3227,71;80
3228,71;100
3229,71;83
3230,71;77
3231,71;7702
3232,71;5632
3233,71;86
3235,167;108
3236,167;97
3237,167;93
3238,167;7719
3239,167;5637
3240,167;84
3241,167;74
3242,167;90
3243,167;99
3244,167;7740
3245,167;5636
3246,167;89
3247,167;90
3248,167;93
3249,167;107
3250,167;7806
3251,167;5582
3252,167;102
3253,167;97
3254,167;104
3255,167;100
3256,167;7717
3257,167;5640
3258,167;83
3259,167;83
3260,167;78
3261,167;112
3262,167;7699
3263,167;5637
3264,167;86
3265,167;97
3266,167;113
3267,167;96
3268,167;7719
3269,167;5660
3270,167;85
3271,167;94
3272,167;96
3273,167;108
3274,167;7729
3275,167;5654
3276,167;95
3277,167;91
3278,167;95
3279,167;99
3280,167;7683
3281,167;5671
3282,167;91
3283,167;107
3284,167;104
3285,167;91
3286,167;7702
3287,167;5639
3288,167;83
3289,167;84
3290,167;88
3291,167;93
3292,167;7722
3293,167;5658
3294,167;101
3295,167;78
3296,167;117
3297,167;105
3298,167;7689
3299,167;5664
3300,167;79
3301,167;95
3302,167;106
3303,167;102
3304,167;7722
3305,167;5650
3306,167;95
3307,167;101
3308,167;100
3309,167;100
3310,167;7755
3311,167;5626
3312,167;88
3313,167;81
3314,167;77
3315,167;103
3316,167;7707
3317,167;5678
3318,167;85
3319,167;110
3320,167;97
3321,167;106
3322,167;7693
3323,167;5676
3324,167;89
3325,167;83
3326,167;86
3327,167;91
3328,167;7718
3329,167;5654
3330,167;78
3331,167;77
3332,167;73
3333,167;87
3334,167;7699
3335,167;5659
3336,153;88
3337,153;96
3338,153;107
3339,153;82
3340,153;7691
3341,153;5683
3342,153;81
3343,153;88
3344,153;95
3345,153;103
3346,153;7713
3347,153;5661
3348,153;93
3349,153;86
3350,153;89
3351,153;86
3352,153;7680
3353,153;5659
3354,153;99
3355,153;67
3356,153;97
3357,153;91
3358,153;7699
3359,153;5672
3360,153;69
3361,153;70
3362,153;87
3363,153;88
3364,153;7761
3365,153;5594
3366,153;74
3367,153;86
3368,153;74
3369,153;119
3370,153;7805
3371,153;5570
3372,153;91
3373,153;73
3374,153;78
3375,153;85
3376,153;7660
3377,153;5686
3378,153;73
3379,153;84
3380,153;104
3381,153;91
3382,153;7688
3383,153;5665
3384,153;88
3385,153;97
3386,153;80
3387,153;82
3388,153;7686
3389,153;5638
3390,153;91
3391,153;80
3392,153;82
3393,153;87
3394,153;7671
3395,153;5633
3396,153;93
3397,153;86
3398,153;94
3399,153;87
3400,153;7661
3401,153;5673
3402,153;79
3403,153;81
3404,153;76
3405,153;86
3406,153;7663
3407,153;5673
3408,153;89
3409,153;90
3410,153;86
3411,153;83
3412,153;7650
3413,153;5662
3414,153;73
3415,153;91
3416,153;85
3417,153;83
3418,153;7676
3419,153;5661
3420,153;87
3421,153;70
3422,153;75
3423,153;75
3424,153;7671
3425,153;5666
3426,153;71
3427,153;69
3428,153;79
3429,153;81
3430,153;7687
3431,153;5663
3432,153;82
3433,153;85
3434,153;80
3435,153;72
3436,153;7344
3437,153;5694
3438,153;83
3439,153;79
3440,153;73
3441,153;77
3442,153;7640
3443,153;5672
3444,153;81
3445,153;85
3446,153;105
3447,153;102
3448,153;7665
3449,153;5702
3450,153;75
3451,153;69
3452,153;96
3453,153;63
3454,153;7662
3455,153;5677
3456,153;88
3457,153;75
3458,153;84
3459,153;77
3460,153;7668
3461,153;5661
3462,153;85
3463,153;87
3464,153;95
3465,153;83
3466,153;7675
3467,153;5644
3468,153;79
3469,153;73
3470,153;93
3471,153;95
3472,153;7649
3473,153;5687
3474,153;77
3475,153;94
3476,153;98
3477,153;90
3478,153;7675
3479,153;5686
3480,153;77
3481,153;69
3482,153;83
3483,153;100
3484,153;7745
3485,153;5633
3486,153;71
3487,153;91
3488,153;93
3489,153;96
3490,153;7637
3491,153;5681
3492,153;90
3493,153;72
3494,153;76
3495,153;82
3496,153;7680
3497,153;5691
3498,153;87
3499,153;101
3500,153;93
3501,153;82
3502,153;7640
3503,153;5686
3504,153;84
3505,153;96
3506,153;91
3507,153;92
3508,153;7666
3509,153;5672
3510,153;86
3511,153;73
3512,153;109
3513,153;114
3514,153;7663
3515,153;5681
3516,153;83
3517,153;67
3518,153;111
3519,153;103
3520,153;7682
3521,153;5651
3522,153;104
3523,153;92
3524,153;94
3525,153;99
3526,153;7668
3527,153;5671
3528,153;89
3529,153;93
3530,153;94
3531,153;85
3532,153;7638
3533,153;5666
3534,153;86
3535,153;100
3536,153;81
3537,153;92
3537,997;7666
3538,997;5673
3539,997;78
3540,997;95
3541,997;92
3542,997;93
3543,997;7691
3544,997;5676
3545,997;96
3546,997;81
3547,997;117
3548,997;82
3549,997;7689
3550,997;5691
3551,997;95
3552,997;82
3553,997;99
3554,997;103
3555,997;7659
3556,997;5686
3557,997;85
3558,997;101
3559,997;95
3560,997;97
3561,997;7670
3562,997;5669
3563,997;94
3564,997;87
3565,997;99
3566,997;89
3567,997;7675
3568,997;5692
3569,997;96
3570,997;83
3571,997;91
3572,997;93
3573,997;7670
3574,997;5687
3575,997;95
3576,997;80
3577,997;92
3578,997;100
3579,997;7640
3580,997;5696
3581,997;93
3582,997;116
3583,997;100
3584,997;96
3585,997;7657
3586,997;5717
3587,997;92
3588,997;82
3589,997;103
3590,997;92
3591,997;7668
3592,997;5704
3593,997;102
3594,997;82
3595,997;117
3596,997;111
3597,997;7641
3598,997;5688
3599,997;86
3600,997;77
3601,997;107
3602,997;94
3603,997;7680
3604,997;5683
3605,997;87
3606,997;93
3607,997;93
3608,997;96
3609,997;7682
3610,997;5700
3611,997;89
3612,997;103
3613,997;97
3614,997;99
3615,997;7652
3616,997;5699
3617,997;109
3618,997;88
3619,997;100
3620,997;83
3621,997;7672
3622,997;5704
3623,997;82
3624,997;84
3625,997;102
3626,997;103
3627,997;7726
3628,997;5677
3629,997;76
3630,997;87
3631,997;80
3632,997;91
3633,997;7647
3634,997;5689
3635,997;104
3636,997;69
3637,997;94
3639,089;80
3640,089;7647
3641,089;5683
3642,089;90
3643,089;89
3644,089;81
3645,089;92
3646,089;7665
3647,089;5698
3648,089;87
3649,089;80
3650,089;74
3651,089;107
3652,089;7656
3653,089;5676
3654,089;102
3655,089;92
3656,089;78
3657,089;85
3658,089;7630
3659,089;5698
3660,089;84
3661,089;81
3662,089;99
3663,089;82
3664,089;7645
3665,089;5711
3666,089;72
3667,089;86
3668,089;102
3669,089;95
3670,089;7624
3671,089;5677
3672,089;65
3673,089;80
3674,089;97
3675,089;73
3676,089;7633
3677,089;5698
3678,089;87
3679,089;87
3680,089;95
3681,089;100
3682,089;7643
3683,089;5682
3684,089;80
3685,089;95
3686,089;82
3687,089;74
3688,089;7668
3689,089;5707
3690,089;73
3691,089;77
3692,089;89
3693,089;87
3694,089;7612
3695,089;5684
3696,089;69
3697,089;82
3698,089;79
3699,089;74
3700,089;7634
3701,089;5727
3702,089;82
3703,089;79
3704,089;71
3705,089;96
3706,089;7658
3707,089;5692
3708,089;75
3709,089;60
3710,089;75
3711,089;84
3712,089;7638
3713,089;5692
3714,089;67
3715,089;72
3716,089;69
3717,089;74
3718,089;7627
3719,089;5704
3720,089;80
3721,089;54
3722,089;65
3723,089;87
3724,089;7586
3725,089;5692
3726,089;69
3727,089;71
3728,089;75
3729,089;78
3730,089;7622
3731,089;5696
3732,089;67
3733,089;69
3734,089;85
3735,089;79
3736,089;7618
3737,089;5701
3738,089;62
3739,089;73
3739,855;76
3740,855;63
3741,855;7607
3742,855;5704
3743,855;59
3744,855;53
3745,855;70
3746,855;71
3747,855;7242
3748,855;5700
3749,855;64
3750,855;72
3751,855;68
3752,855;66
3753,855;7556
3754,855;5685
3755,855;64
3756,855;78
3757,855;77
3758,855;82
3759,855;7605
3760,855;5690
3761,855;65
3762,855;68
3763,855;72
3764,855;82
3765,855;7617
3766,855;5697
3767,855;55
3768,855;64
3769,855;74
3770,855;68
3771,855;7627
3772,855;5705
3773,855;53
3774,855;75
3775,855;74
3776,855;69
3777,855;7606
3778,855;5694
3779,855;79
3780,855;55
3781,855;76
3782,855;77
3783,855;7586
3784,855;5686
3785,855;84
3786,855;82
3787,855;82
3788,855;98
3789,855;7620
3790,855;5723
3791,855;74
3792,855;90
3793,855;71
3794,855;91
3795,855;7621
3796,855;5723
3797,855;64
3798,855;68
3799,855;87
3800,855;94
3801,855;7620
3802,855;5697
3803,855;75
3804,855;77
3805,855;77
3806,855;75
3807,855;7622
3808,855;5710
3809,855;61
3810,855;88
3811,855;92
3812,855;92
3813,855;7623
3814,855;5697
3815,855;93
3816,855;91
3817,855;83
3818,855;75
3819,855;7717
3820,855;5625
3821,855;84
3822,855;84
3823,855;86
3824,855;84
3825,855;7605
3826,855;5720
3827,855;88
3828,855;93
3829,855;97
3830,855;100
3831,855;7607
3832,855;5706
3833,855;84
3834,855;99
3835,855;68
3836,855;84
3837,855;7630
3838,855;5730
3839,855;95
3841,143;70
3842,143;108
3843,143;92
3844,143;7612
3845,143;5749
3846,143;95
3847,143;91
3848,143;97
3849,143;106
3850,143;7599
3851,143;5713
3852,143;93
3853,143;84
3854,143;97
3855,143;104
3856,143;7603
3857,143;5744
3858,143;84
3859,143;77
3860,143;109
3861,143;82
3862,143;7623
3863,143;5726
3864,143;91
3865,143;104
3866,143;97
3867,143;108
3868,143;7595
3869,143;5724
3870,143;85
3871,143;102
3872,143;90
3873,143;106
3874,143;7593
3875,143;5714
3876,143;105
3877,143;98
3878,143;100
3879,143;81
3880,143;7596
3881,143;5715
3882,143;90
3883,143;87
3884,143;125
3885,143;103
3886,143;7603
3887,143;5710
3888,143;98
3889,143;95
3890,143;101
3891,143;93
3892,143;7599
3893,143;5714
3894,143;76
3895,143;102
3896,143;87
3897,143;93
3898,143;7594
3899,143;5715
3900,143;90
3901,143;110
3902,143;78
3903,143;99
3904,143;7606
3905,143;5734
3906,143;94
3907,143;100
3908,143;93
3909,143;95
3910,143;7591
3911,143;5745
3912,143;99
3913,143;84
3914,143;80
3915,143;104
3916,143;7662
3917,143;5663
3918,143;77
3919,143;88
3920,143;80
3921,143;102
3922,143;7590
3923,143;5735
3924,143;88
3925,143;100
3926,143;116
3927,143;98
3928,143;7596
3929,143;5747
3930,143;81
3931,143;83
3932,143;100
3933,143;88
3934,143;7587
3935,143;5762
3936,143;94
3937,143;99
3938,143;86
3939,143;103
3940,143;7591
3941,143;5748
3942,143;68
3943,143;95
3944,143;96
3945,143;93
3946,143;7586
3947,143;5746
3948,143;93
3949,143;96
3950,143;75
3951,143;87
3952,143;7577
3953,143;5751
3954,143;77
3955,143;91
3956,143;95
3957,143;105
3958,143;7585
3959,143;5749
3960,143;66
3961,143;87
3962,143;91
3963,143;83
3964,143;7570
3965,143;5743
3966,143;79
3967,143;86
3968,143;71
3969,143;99
3970,143;7558
3971,143;5725
3972,143;88
3973,143;87
3974,143;78
3975,143;113
3976,143;7582
3977,143;5734
3978,143;93
3979,143;85
3980,143;106
3981,143;93
3982,143;7586
3983,143;5741
3984,143;86
3985,143;83
3986,143;86
3987,143;108
3988,143;7583
3989,143;5754
3990,143;84
3991,143;86
3992,143;99
3993,143;91
3994,143;7556
3995,143;5750
3996,143;80
3997,143;98
3998,143;93
3999,143;89
4000,143;7541
4001,143;5756
4002,143;87
4003,143;86
4004,143;91
4005,143;74
4006,143;7588
4007,143;5764
4008,143;89
4009,143;76
4010,143;88
4011,143;105
4012,143;7577
4013,143;5732
4014,143;72
4015,143;101
4016,143;100
4017,143;80
4018,143;7590
4019,143;5775
4020,143;67
4021,143;102
4022,143;91
4023,143;72
4024,143;7597
4025,143;5747
4026,143;76
4027,143;83
4028,143;76
4029,143;82
4030,143;7652
4031,143;5674
4032,143;71
4033,143;79
4034,143;83
4035,143;87
4036,143;7563
4037,143;5760
4038,143;83
4039,143;107
4040,143;77
4041,143;89
4042,143;7564
4043,012;5713
4044,012;80
4045,012;83
4046,012;92
4047,012;91
4048,012;7578
4049,012;5733
4050,012;73
4051,012;83
4052,012;88
4053,012;58
4054,012;7539
4055,012;5745
4056,012;71
4057,012;83
4058,012;94
4059,012;78
4060,012;7219
4061,012;5757
4062,012;70
4063,012;83
4064,012;85
4065,012;59
4066,012;7498
4067,012;5737
4068,012;81
4069,012;90
4070,012;84
4071,012;66
4072,012;7552
4073,012;5776
4074,012;75
4075,012;61
4076,012;80
4077,012;75
4078,012;7559
4079,012;5748
4080,012;77
4081,012;86
4082,012;86
4083,012;94
4084,012;7585
4085,012;5761
4086,012;68
4087,012;80
4088,012;71
4089,012;90
4090,012;7579
4091,012;5783
4092,012;89
4093,012;83
4094,012;74
4095,012;76
4096,012;7544
4097,012;5777
4098,012;82
4099,012;82
4100,012;75
4101,012;77
4102,012;7565
4103,012;5781
4104,012;85
4105,012;95
4106,012;83
4107,012;92
4108,012;7564
4109,012;5753
4110,012;80
4111,012;91
4112,012;96
4113,012;91
4114,012;7561
4115,012;5762
4116,012;71
4117,012;106
4118,012;79
4119,012;99
4120,012;7545
4121,012;5744
4122,012;78
4123,012;92
4124,012;88
4125,012;86
4126,012;7568
4127,012;5771
4128,012;92
4129,012;91
4130,012;95
4131,012;83
4132,012;7558
4133,012;5768
4134,012;78
4135,012;81
4136,012;94
4137,012;94
4138,012;7513
4139,012;5788
4140,012;74
4141,012;79
4142,012;101
4143,012;99
4144,216;7563
4145,216;5771
4146,216;91
4147,216;75
4148,216;113
4149,216;79
4150,216;7551
4151,216;5789
4152,216;77
4153,216;88
4154,216;89
4155,216;72
4156,216;7560
4157,216;5743
4158,216;84
4159,216;91
4160,216;84
4161,216;75
4162,216;7645
4163,216;5684
4164,216;88
4165,216;86
4166,216;96
4167,216;101
4168,216;7551
4169,216;5780
4170,216;102
4171,216;107
4172,216;90
4173,216;110
4174,216;7570
4175,216;5784
4176,216;106
4177,216;93
4178,216;96
4179,216;93
4180,216;7558
4181,216;5779
4182,216;88
4183,216;99
4184,216;103
4185,216;96
4186,216;7563
4187,216;5771
4188,216;89
4189,216;108
4190,216;97
4191,216;93
4192,216;7530
4193,216;5802
4194,216;66
4195,216;90
4196,216;79
4197,216;91
4198,216;7554
4199,216;5748
4200,216;88
4201,216;88
4202,216;88
4203,216;105
4204,216;7533
4205,216;5775
4206,216;77
4207,216;84
4208,216;107
4209,216;98
4210,216;7552
4211,216;5805
4212,216;64
4213,216;89
4214,216;96
4215,216;101
4216,216;7541
4217,216;5759
4218,216;106
4219,216;78
4220,216;83
4221,216;122
4222,216;7565
4223,216;5779
4224,216;74
4225,216;101
4226,216;112
4227,216;101
4228,216;7549
4229,216;5775
4230,216;101
4231,216;109
4232,216;101
4233,216;96
4234,216;7564
4235,216;5767
4236,216;86
4237,216;101
4238,216;76
4239,216;101
4240,216;7541
4241,216;5809
4242,216;108
4243,216;98
4244,216;99
4244,652;113
4245,652;7552
4246,652;5783
4247,652;88
4248,652;104
4249,652;116
4250,652;104
4251,652;7512
4252,652;5783
4253,652;97
4254,652;90
4255,652;87
4256,652;87
4257,652;7531
4258,652;5798
4259,652;90
4260,652;78
4261,652;95
4262,652;87
4263,652;7548
4264,652;5779
4265,652;82
4266,652;95
4267,652;88
4268,652;120
4269,652;7550
4270,652;5797
4271,652;88
4272,652;97
4273,652;93
4274,652;91
4275,652;7542
4276,652;5790
4277,652;79
4278,652;98
4279,652;87
4280,652;89
4281,652;7550
4282,652;5816
4283,652;95
4284,652;91
4285,652;100
4286,652;80
4287,652;7565
4288,652;5762
4289,652;89
4290,652;91
4291,652;94
4292,652;116
4293,652;7509
4294,652;5793
4295,652;80
4296,652;84
4297,652;107
4298,652;99
4299,652;7538
4300,652;5776
4301,652;77
4302,652;73
4303,652;78
4304,652;79
4305,652;7538
4306,652;5794
4307,652;65
4308,652;77
4309,652;82
4310,652;98
4311,652;7529
4312,652;5796
4313,652;74
4314,652;70
4315,652;95
4316,652;62
4317,652;7555
4318,652;5804
4319,652;84
4320,652;78
4321,652;79
4322,652;85
4323,652;7556
4324,652;5784
4325,652;83
4326,652;91
4327,652;90
4328,652;70
4329,652;7538
4330,652;5785
4331,652;68
4332,652;83
4333,652;73
4334,652;94
4335,652;7514
4336,652;5780
4337,652;84
4338,652;78
4339,652;78
4340,652;77
4341,652;7566
4342,652;5788
4343,652;70
4344,652;73
4346,382;72
4347,382;64
4348,382;7526
4349,382;5798
4350,382;64
4351,382;65
4352,382;73
4353,382;70
4354,382;7499
4355,382;5768
4356,382;67
4357,382;77
4358,382;70
4359,382;75
4360,382;7514
4361,382;5793
4362,382;67
4363,382;68
4364,382;74
4365,382;74
4366,382;7529
4367,382;5766
4368,382;60
4369,382;68
4370,382;91
4371,382;72
4372,382;7164
4373,382;5807
4374,382;82
4375,382;64
4376,382;71
4377,382;78
4378,382;7439
4379,382;5798
4380,382;77
4381,382;57
4382,382;53
4383,382;68
4384,382;7514
4385,382;5786
4386,382;73
4387,382;63
4388,382;66
4389,382;66
4390,382;7510
4391,382;5801
4392,382;68
4393,382;73
4394,382;75
4395,382;76
4396,382;7492
4397,382;5798
4398,382;59
4399,382;63
4400,382;65
4401,382;76
4402,382;7514
4403,382;5810
4404,382;72
4405,382;71
4406,382;84
4407,382;78
4408,382;7528
4409,382;5786
4410,382;69
4411,382;82
4412,382;97
4413,382;85
4414,382;7492
4415,382;5808
4416,382;82
4417,382;73
4418,382;81
4419,382;88
4420,382;7512
4421,382;5793
4422,382;75
4423,382;96
4424,382;89
4425,382;82
4426,382;7516
4427,382;5820
4428,382;71
4429,382;78
4430,382;75
4431,382;69
4432,382;7529
4433,382;5786
4434,382;79
4435,382;92
4436,382;75
4437,382;77
4438,382;7534
4439,382;5804
4440,382;85
4441,382;80
4442,382;82
4443,382;83
4444,382;7527
4445,382;5806
4446,382;82
4447,382;86
4448,382;97
4449,382;107
4450,382;7498
4451,382;5789
4452,382;82
4453,382;78
4454,382;89
4455,382;83
4456,382;7484
4457,382;5805
4458,382;79
4459,382;83
4460,382;85
4461,382;107
4462,382;7522
4463,382;5816
4464,382;81
4465,382;90
4466,382;87
4467,382;94
4468,382;7511
4469,382;5820
4470,382;82
4471,382;89
4472,382;78
4473,382;104
4474,382;7514
4475,382;5805
4476,382;90
4477,382;109
4478,382;85
4479,382;105
4480,382;7506
4481,382;5826
4482,382;91
4483,382;101
4484,382;89
4485,382;104
4486,382;7511
4487,382;5813
4488,382;90
4489,382;86
4490,382;89
4491,382;112
4492,382;7478
4493,382;5829
4494,382;68
4495,382;92
4496,382;79
4497,382;85
4498,382;7503
4499,382;5798
4500,382;93
4501,382;94
4502,382;95
4503,382;93
4504,382;7495
4505,382;5828
4506,382;83
4507,382;91
4508,382;90
4509,382;108
4510,382;7504
4511,382;5820
4512,382;85
4513,382;79
4514,382;93
4515,382;103
4516,382;7460
4517,382;5840
4518,382;94
4519,382;92
4520,382;96
4521,382;94
4522,382;7494
4523,382;5822
4524,382;98
4525,382;88
4526,382;89
4527,382;108
4528,382;7489
4529,382;5828
4530,382;89
4531,382;105
4532,382;72
4533,382;89
4534,382;7482
4535,382;5819
4536,382;82
4537,382;118
4538,382;98
4539,382;92
4540,382;7482
4541,382;5819
4542,382;80
4543,382;75
4544,382;101
4545,382;104
4546,382;7517
4547,382;5818
4548,407;85
4549,407;80
4550,407;112
4551,407;101
4552,407;7506
4553,407;5843
4554,407;84
4555,407;96
4556,407;80
4557,407;90
4558,407;7509
4559,407;5819
4560,407;100
4561,407;96
4562,407;88
4563,407;99
4564,407;7514
4565,407;5811
4566,407;85
4567,407;89
4568,407;89
4569,407;94
4570,407;7512
4571,407;5841
4572,407;77
4573,407;76
4574,407;125
4575,407;95
4576,407;7488
4577,407;5841
4578,407;81
4579,407;83
4580,407;89
4581,407;83
4582,407;7481
4583,407;5822
4584,407;90
4585,407;87
4586,407;101
4587,407;86
4588,407;7481
4589,407;5827
4590,407;89
4591,407;101
4592,407;87
4593,407;92
4594,407;7497
4595,407;5826
4596,407;88
4597,407;80
4598,407;79
4599,407;79
4600,407;7475
4601,407;5854
4602,407;77
4603,407;81
4604,407;85
4605,407;91
4606,407;7532
4607,407;5790
4608,407;64
4609,407;103
4610,407;103
4611,407;79
4612,407;7444
4613,407;5852
4614,407;62
4615,407;79
4616,407;90
4617,407;102
4618,407;7478
4619,407;5846
4620,407;101
4621,407;96
4622,407;86
4623,407;80
4624,407;7485
4625,407;5842
4626,407;85
4627,407;78
4628,407;97
4629,407;92
4630,407;7498
4631,407;5820
4632,407;80
4633,407;96
4634,407;90
4635,407;86
4636,407;7467
4637,407;5841
4638,407;74
4639,407;91
4640,407;87
4641,407;90
4642,407;7442
4643,407;5836
4644,407;102
4645,407;79
4646,407;88
4647,407;101
4648,407;7475
4649,606;5833
4650,606;83
4651,606;91
4652,606;97
4653,606;91
4654,606;7449
4655,606;5824
4656,606;74
4657,606;99
4658,606;67
4659,606;90
4660,606;7474
4661,606;5812
4662,606;82
4663,606;94
4664,606;73
4665,606;90
4666,606;7493
4667,606;5824
4668,606;79
4669,606;94
4670,606;85
4671,606;87
4672,606;7452
4673,606;5844
4674,606;80
4675,606;76
4676,606;84
4677,606;82
4678,606;7454
4679,606;5835
4680,606;76
4681,606;86
4682,606;75
4683,606;96
4684,606;7138
4685,606;5857
4686,606;73
4687,606;78
4688,606;71
4689,606;75
4690,606;7417
4691,606;5863
4692,606;77
4693,606;67
4694,606;84
4695,606;92
4696,606;7442
4697,606;5864
4698,606;92
4699,606;90
4700,606;79
4701,606;81
4702,606;7475
4703,606;5854
4704,606;63
4705,606;74
4706,606;73
4707,606;81
4708,606;7459
4709,606;5838
4710,606;86
4711,606;81
4712,606;76
4713,606;89
4714,606;7445
4715,606;5853
4716,606;69
4717,606;82
4718,606;98
4719,606;91
4720,606;7444
4721,606;5859
4722,606;71
4723,606;81
4724,606;82
4725,606;86
4726,606;7449
4727,606;5860
4728,606;86
4729,606;84
4730,606;86
4731,606;88
4732,606;7465
4733,606;5851
4734,606;86
4735,606;91
4736,606;85
4737,606;88
4738,606;7438
4739,606;5861
4740,606;94
4741,606;76
4742,606;108
4743,606;95
4744,606;7489
4745,606;5782
4746,606;83
4747,606;83
4748,606;61
4749,606;102
4750,838;7440
4751,838;5831
4752,838;89
4753,838;85
4754,838;82
4755,838;97
4756,838;7446
4757,838;5866
4758,838;79
4759,838;73
4760,838;94
4761,838;99
4762,838;7477
4763,838;5833
4764,838;82
4765,838;78
4766,838;105
4767,838;101
4768,838;7472
4769,838;5855
4770,838;88
4771,838;84
4772,838;95
4773,838;91
4774,838;7479
4775,838;5849
4776,838;71
4777,838;90
4778,838;81
4779,838;87
4780,838;7415
4781,838;5868
4782,838;82
4783,838;84
4784,838;82
4785,838;117
4786,838;7468
4787,838;5865
4788,838;100
4789,838;100
4790,838;90
4791,838;96
4792,838;7429
4793,838;5864
4794,838;93
4795,838;81
4796,838;93
4797,838;102
4798,838;7458
4799,838;5869
4800,838;90
4801,838;81
4802,838;97
4803,838;102
4804,838;7416
4805,838;5886
4806,838;91
4807,838;91
4808,838;94
4809,838;82
4810,838;7481
4811,838;5821
4812,838;72
4813,838;75
4814,838;82
4815,838;104
4816,838;7459
4817,838;5864
4818,838;105
4819,838;96
4820,838;94
4821,838;82
4822,838;7462
4823,838;5869
4824,838;99
4825,838;95
4826,838;92
4827,838;94
4828,838;7436
4829,838;5871
4830,838;75
4831,838;96
4832,838;69
4833,838;109
4834,838;7491
4835,838;5823
4836,838;88
4837,838;82
4838,838;77
4839,838;111
4840,838;7459
4841,838;5878
4842,838;75
4843,838;95
4844,838;109
4845,838;98
4846,838;7471
4847,838;5874
4848,838;97
4849,838;83
4850,838;106
4851,17;86
4852,17;7450
4853,17;5861
4854,17;93
4855,17;92
4856,17;107
4857,17;99
4858,17;7452
4859,17;5861
4860,17;94
4861,17;96
4862,17;97
4863,17;82
4864,17;7439
4865,17;5851
4866,17;70
4867,17;92
4868,17;86
4869,17;98
4870,17;7450
4871,17;5904
4872,17;83
4873,17;90
4874,17;99
4875,17;102
4876,17;7452
4877,17;5872
4878,17;72
4879,17;75
4880,17;96
4881,17;106
4882,17;7438
4883,17;5872
4884,17;86
4885,17;83
4886,17;89
4887,17;93
4888,17;7426
4889,17;5875
4890,17;81
4891,17;87
4892,17;90
4893,17;81
4894,17;7428
4895,17;5879
4896,17;83
4897,17;91
4898,17;92
4899,17;103
4900,17;7430
4901,17;5862
4902,17;89
4903,17;85
4904,17;78
4905,17;117
4906,17;7446
4907,17;5878
4908,17;95
4909,17;85
4910,17;82
4911,17;103
4912,17;7444
4913,17;5864
4914,17;73
4915,17;88
4916,17;81
4917,17;76
4918,17;7479
4919,17;5825
4920,17;93
4921,17;93
4922,17;79
4923,17;91
4924,17;7469
4925,17;5890
4926,17;94
4927,17;83
4928,17;85
4929,17;88
4930,17;7458
4931,17;5881
4932,17;80
4933,17;95
4934,17;82
4935,17;95
4936,17;7441
4937,17;5894
4938,17;81
4939,17;95
4940,17;81
4941,17;77
4942,17;7441
4943,17;5872
4944,17;84
4945,17;70
4946,17;80
4947,17;70
4948,17;7461
4949,17;5866
4950,17;76
4951,17;72
4951,354;81
4952,354;98
4953,354;7415
4954,354;5899
4955,354;74
4956,354;78
4957,354;78
4958,354;99
4959,354;7419
4960,354;5850
4961,354;67
4962,354;72
4963,354;80
4964,354;76
4965,354;7434
4966,354;5871
4967,354;61
4968,354;78
4969,354;78
4970,354;53
4971,354;7399
4972,354;5861
4973,354;99
4974,354;74
4975,354;68
4976,354;70
4977,354;7430
4978,354;5890
4979,354;61
4980,354;59
4981,354;81
4982,354;63
4983,354;7419
4984,354;5857
4985,354;69
4986,354;71
4987,354;67
4988,354;58
4989,354;7489
4990,354;5772
4991,354;64
4992,354;84
4993,354;76
4994,354;60
4995,354;7072
4996,354;5875
4997,354;94
4998,354;65
4999,354;78
5000,354;80
5001,354;7344
5002,354;5895
5003,354;67
5004,354;78
5005,354;70
5006,354;51
5007,354;7389
5008,354;5864
5009,354;64
5010,354;87
5011,354;70
5012,354;73
5013,354;7429
5014,354;5876
5015,354;60
5016,354;68
5017,354;101
5018,354;79
5019,354;7386
5020,354;5885
5021,354;72
5022,354;73
5023,354;93
5024,354;76
5025,354;7421
5026,354;5877
5027,354;66
5028,354;78
5029,354;79
5030,354;84
5031,354;7426
5032,354;5907
5033,354;79
5034,354;69
5035,354;78
5036,354;79
5037,354;7460
5038,354;5874
5039,354;79
5040,354;91
5041,354;87
5042,354;76
5043,354;7425
5044,354;5891
5045,354;85
5046,354;79
5047,354;81
5048,354;94
5049,354;7434
5050,354;5913
5051,354;81
5052,354;65
5053,354;80
5054,354;81
5055,354;7447
5056,354;5924
5057,354;96
5058,354;91
5059,354;78
5060,354;85
5061,354;7440
5062,354;5892
5063,354;81
5064,354;99
5065,354;90
5066,354;106
5067,354;7451
5068,354;5918
5069,354;71
5070,354;90
5071,354;102
5072,354;103
5073,354;7419
5074,354;5886
5075,354;93
5076,354;87
5077,354;98
5078,354;116
5079,354;7399
5080,354;5893
5081,354;70
5082,354;88
5083,354;85
5084,354;87
5085,354;7394
5086,354;5910
5087,354;77
5088,354;74
5089,354;85
5090,354;88
5091,354;7440
5092,354;5905
5093,354;83
5094,354;79
5095,354;88
5096,354;113
5097,354;7384
5098,354;5926
5099,354;96
5100,354;97
5101,354;72
5102,354;112
5103,354;7434
5104,354;5896
5105,354;74
5106,354;90
5107,354;110
5108,354;90
5109,354;7491
5110,354;5833
5111,354;87
5112,354;86
5113,354;92
5114,354;108
5115,354;7403
5116,354;5913
5117,354;86
5118,354;85
5119,354;78
5120,354;97
5121,354;7414
5122,354;5888
5123,354;86
5124,354;87
5125,354;93
5126,354;89
5127,354;7390
5128,354;5926
5129,354;92
5130,354;102
5131,354;91
5132,354;93
5133,354;7397
5134,354;5925
5135,354;84
5136,354;103
5137,354;94
5138,354;123
5139,354;7453
5140,354;5822
5141,354;85
5142,354;93
5143,354;83
5144,354;97
5145,354;7485
5146,354;5857
5147,354;94
5148,354;90
5149,354;116
5150,354;69
5151,354;7380
5152,354;5925
5154,077;83
5155,077;85
5156,077;80
5157,077;88
5158,077;7395
5159,077;5922
5160,077;78
5161,077;92
5162,077;87
5163,077;93
5164,077;7414
5165,077;5919
5166,077;85
5167,077;87
5168,077;101
5169,077;88
5170,077;7401
5171,077;5914
5172,077;86
5173,077;92
5174,077;100
5175,077;96
5176,077;7402
5177,077;5895
5178,077;72
5179,077;92
5180,077;90
5181,077;75
5182,077;7395
5183,077;5924
5184,077;66
5185,077;88
5186,077;84
5187,077;83
5188,077;7395
5189,077;5916
5190,077;95
5191,077;77
5192,077;73
5193,077;82
5194,077;7408
5195,077;5944
5196,077;103
5197,077;87
5198,077;94
5199,077;93
5200,077;7377
5201,077;5918
5202,077;86
5203,077;96
5204,077;92
5205,077;94
5206,077;7383
5207,077;5926
5208,077;91
5209,077;101
5210,077;95
5211,077;77
5212,077;7397
5213,077;5913
5214,077;76
5215,077;88
5216,077;85
5217,077;90
5218,077;7379
5219,077;5915
5220,077;95
5221,077;72
5222,077;98
5223,077;88
5224,077;7402
5225,077;5903
5226,077;88
5227,077;74
5228,077;91
5229,077;101
5230,077;7405
5231,077;5908
5232,077;74
5233,077;71
5234,077;91
5235,077;109
5236,077;7372
5237,077;5915
5238,077;86
5239,077;87
5240,077;77
5241,077;86
5242,077;7406
5243,077;5939
5244,077;68
5245,077;94
5246,077;73
5247,077;108
5248,077;7383
5249,077;5911
5250,077;81
5251,077;88
5252,077;87
5253,077;73
5254,077;7402
5255,489;5899
5256,489;93
5257,489;82
5258,489;80
5259,489;86
5260,489;7382
5261,489;5909
5262,489;66
5263,489;106
5264,489;92
5265,489;79
5266,489;7360
5267,489;5927
5268,489;85
5269,489;84
5270,489;68
5271,489;83
5272,489;7381
5273,489;5928
5274,489;91
5275,489;95
5276,489;95
5277,489;84
5278,489;7394
5279,489;5945
5280,489;88
5281,489;79
5282,489;84
5283,489;97
5284,489;7358
5285,489;5941
5286,489;71
5287,489;91
5288,489;79
5289,489;92
5290,489;7385
5291,489;5909
5292,489;77
5293,489;64
5294,489;87
5295,489;85
5296,489;7369
5297,489;5931
5298,489;83
5299,489;72
5300,489;67
5301,489;68
5302,489;7395
5303,489;5927
5304,489;81
5305,489;60
5306,489;84
5307,489;88
5308,489;7029
5309,489;5928
5310,489;92
5311,489;76
5312,489;80
5313,489;80
5314,489;7304
5315,489;5943
5316,489;72
5317,489;83
5318,489;93
5319,489;71
5320,489;7345
5321,489;5939
5322,489;72
5323,489;66
5324,489;94
5325,489;86
5326,489;7335
5327,489;5929
5328,489;81
5329,489;70
5330,489;100
5331,489;81
5332,489;7387
5333,489;5933
5334,489;79
5335,489;79
5336,489;102
5337,489;85
5338,489;7365
5339,489;5954
5340,489;89
5341,489;79
5342,489;84
5343,489;85
5344,489;7365
5345,489;5960
5346,489;73
5347,489;86
5348,489;94
5349,489;96
5350,489;7377
5351,489;5932
5352,489;73
5353,489;78
5354,489;88
5355,489;83
5356,332;7348
5357,332;5948
5358,332;92
5359,332;94
5360,332;80
5361,332;86
5362,332;7354
5363,332;5927
5364,332;78
5365,332;81
5366,332;89
5367,332;91
5368,332;7371
5369,332;5951
5370,332;91
5371,332;83
5372,332;93
5373,332;81
5374,332;7380
5375,332;5913
5376,332;79
5377,332;100
5378,332;110
5379,332;94
5380,332;7355
5381,332;5943
5382,332;93
5383,332;97
5384,332;88
5385,332;96
5386,332;7351
5387,332;5954
5388,332;78
5389,332;81
5390,332;86
5391,332;82
5392,332;7389
5393,332;5928
5394,332;68
5395,332;73
5396,332;84
5397,332;100
5398,332;7352
5399,332;5951
5400,332;71
5401,332;94
5402,332;88
5403,332;93
5404,332;7360
5405,332;5938
5406,332;83
5407,332;96
5408,332;97
5409,332;98
5410,332;7359
5411,332;5935
5412,332;88
5413,332;89
5414,332;91
5415,332;102
5416,332;7360
5417,332;5964
5418,332;86
5419,332;88
5420,332;78
5421,332;105
5422,332;7353
5423,332;5958
5424,332;87
5425,332;96
5426,332;85
5427,332;86
5428,332;7360
5429,332;5950
5430,332;93
5431,332;96
5432,332;106
5433,332;106
5434,332;7354
5435,332;5981
5436,332;89
5437,332;85
5438,332;90
5439,332;109
5440,332;7339
5441,332;5955
5442,332;95
5443,332;83
5444,332;103
5445,332;87
5446,332;7343
5447,332;6001
5448,332;97
5449,332;89
5450,332;79
5451,332;86
5452,332;7367
5453,332;5946
5454,332;82
5455,332;95
5456,332;101
5456,742;95
5457,742;7329
5458,742;5956
5459,742;82
5460,742;93
5461,742;100
5462,742;106
5463,742;7368
5464,742;5953
5465,742;81
5466,742;89
5467,742;92
5468,742;98
5469,742;7342
5470,742;5949
5471,742;101
5472,742;103
5473,742;87
5474,742;105
5475,742;7345
5476,742;5952
5477,742;91
5478,742;83
5479,742;115
5480,742;91
5481,742;7366
5482,742;5954
5483,742;85
5484,742;90
5485,742;99
5486,742;91
5487,742;7361
5488,742;5948
5489,742;108
5490,742;88
5491,742;89
5492,742;85
5493,742;7364
5494,742;5974
5495,742;77
5496,742;92
5497,742;97
5498,742;104
5499,742;7340
5500,742;5962
5501,742;93
5502,742;105
5503,742;98
5504,742;79
5505,742;7344
5506,742;5972
5507,742;104
5508,742;101
5509,742;82
5510,742;83
5511,742;7347
5512,742;5951
5513,742;85
5514,742;97
5515,742;118
5516,742;85
5517,742;7300
5518,742;5960
5519,742;85
5520,742;78
5521,742;105
5522,742;102
5523,742;7358
5524,742;5950
5525,742;100
5526,742;94
5527,742;95
5528,742;96
5529,742;7351
5530,742;5949
5531,742;76
5532,742;90
5533,742;97
5534,742;82
5535,742;7374
5536,742;5970
5537,742;81
5538,742;95
5539,742;105
5540,742;98
5541,742;7323
5542,742;5952
5543,742;79
5544,742;100
5545,742;94
5546,742;92
5547,742;7361
5548,742;5971
5549,742;93
5550,742;88
5551,742;104
5552,742;98
5553,742;7348
5554,742;5979
5555,742;78
5556,742;92
5557,742;88
5558,742;94
5559,742;7333
5560,742;5977
5561,742;98
5562,742;90
5563,742;96
5564,742;82
5565,742;7344
5566,742;5968
5567,742;82
5568,742;78
5569,742;89
5570,742;90
5571,742;7352
5572,742;5976
5573,742;71
5574,742;87
5575,742;81
5576,742;92
5577,742;7365
5578,742;5942
5579,742;76
5580,742;70
5581,742;81
5582,742;73
5583,742;7351
5584,742;5951
5585,742;65
5586,742;70
5587,742;79
5588,742;77
5589,742;7344
5590,742;5979
5591,742;64
5592,742;83
5593,742;82
5594,742;70
5595,742;7342
5596,742;5962
5597,742;74
5598,742;75
5599,742;78
5600,742;84
5601,742;7329
5602,742;5940
5603,742;78
5604,742;81
5605,742;82
5606,742;87
5607,742;7346
5608,742;5963
5609,742;72
5610,742;71
5611,742;68
5612,742;58
5613,742;7327
5614,742;5980
5615,742;68
5616,742;78
5617,742;82
5618,742;74
5619,742;6967
5620,742;5974
5621,742;61
5622,742;76
5623,742;68
5624,742;61
5625,742;7335
5626,742;5919
5627,742;59
5628,742;57
5629,742;62
5630,742;70
5631,742;7324
5632,742;6010
5633,742;65
5634,742;72
5635,742;71
5636,742;76
5637,742;7321
5638,742;5977
5639,742;84
5640,742;80
5641,742;80
5642,742;96
5643,742;7347
5644,742;5960
5645,742;67
5646,742;63
5647,742;80
5648,742;75
5649,742;7336
5650,742;5986
5651,742;72
5652,742;73
5653,742;87
5654,742;77
5655,742;7305
5656,742;5986
5657,742;72
5658,395;85
5659,395;73
5660,395;90
5661,395;7318
5662,395;5977
5663,395;71
5664,395;93
5665,395;85
5666,395;96
5667,395;7307
5668,395;5991
5669,395;77
5670,395;83
5671,395;82
5672,395;91
5673,395;7306
5674,395;5992
5675,395;82
5676,395;62
5677,395;95
5678,395;99
5679,395;7336
5680,395;5979
5681,395;83
5682,395;83
5683,395;94
5684,395;86
5685,395;7339
5686,395;5981
5687,395;99
5688,395;103
5689,395;93
5690,395;82
5691,395;7327
5692,395;5985
5693,395;96
5694,395;93
5695,395;100
5696,395;71
5697,395;7317
5698,395;5994
5699,395;99
5700,395;85
5701,395;97
5702,395;88
5703,395;7332
5704,395;5980
5705,395;93
5706,395;100
5707,395;98
5708,395;106
5709,395;7307
5710,395;5989
5711,395;78
5712,395;86
5713,395;92
5714,395;104
5715,395;7303
5716,395;6011
5717,395;94
5718,395;85
5719,395;89
5720,395;101
5721,395;7347
5722,395;6013
5723,395;83
5724,395;75
5725,395;87
5726,395;90
5727,395;7320
5728,395;6010
5729,395;97
5730,395;91
5731,395;91
5732,395;117
5733,395;7278
5734,395;6004
5735,395;83
5736,395;99
5737,395;97
5738,395;103
5739,395;7298
5740,395;6002
5741,395;101
5742,395;90
5743,395;96
5744,395;102
5745,395;7295
5746,395;6005
5747,395;82
5748,395;102
5749,395;88
5750,395;107
5751,395;7290
5752,395;5986
5753,395;90
5754,395;91
5755,395;99
5756,395;94
5757,395;7303
5758,395;6008
5759,95;99
5760,95;88
5761,95;96
5762,95;101
5763,95;7345
5764,95;5932
5765,95;94
5766,95;91
5767,95;119
5768,95;96
5769,95;7342
5770,95;5975
5771,95;90
5772,95;88
5773,95;84
5774,95;90
5775,95;7276
5776,95;6006
5777,95;93
5778,95;89
5779,95;81
5780,95;84
5781,95;7316
5782,95;6003
5783,95;97
5784,95;93
5785,95;95
5786,95;92
5787,95;7337
5788,95;6028
5789,95;81
5790,95;88
5791,95;77
5792,95;88
5793,95;7291
5794,95;6019
5795,95;83
5796,95;83
5797,95;107
5798,95;95
5799,95;7279
5800,95;6020
5801,95;81
5802,95;86
5803,95;94
5804,95;92
5805,95;7267
5806,95;6012
5807,95;100
5808,95;96
5809,95;80
5810,95;91
5811,95;7317
5812,95;6023
5813,95;86
5814,95;92
5815,95;98
5816,95;90
5817,95;7255
5818,95;6025
5819,95;66
5820,95;89
5821,95;98
5822,95;91
5823,95;7321
5824,95;5999
5825,95;80
5826,95;89
5827,95;103
5828,95;97
5829,95;7288
5830,95;6008
5831,95;86
5832,95;79
5833,95;87
5834,95;103
5835,95;7298
5836,95;6012
5837,95;80
5838,95;99
5839,95;94
5840,95;99
5841,95;7290
5842,95;6032
5843,95;78
5844,95;84
5845,95;105
5846,95;97
5847,95;7268
5848,95;6018
5849,95;85
5850,95;84
5851,95;108
5852,95;104
5853,95;7290
5854,95;6010
5855,95;92
5856,95;98
5857,95;95
5858,95;99
5859,95;7272
5860,676;6013
5861,676;94
5862,676;102
5863,676;80
5864,676;100
5865,676;7303
5866,676;6000
5867,676;76
5868,676;82
5869,676;92
5870,676;80
5871,676;7290
5872,676;6027
5873,676;92
5874,676;79
5875,676;83
5876,676;102
5877,676;7306
5878,676;6001
5879,676;77
5880,676;83
5881,676;92
5882,676;94
5883,676;7296
5884,676;6005
5885,676;74
5886,676;90
5887,676;89
5888,676;84
5889,676;7252
5890,676;6030
5891,676;71
5892,676;83
5893,676;107
5894,676;93
5895,676;7273
5896,676;6013
5897,676;79
5898,676;84
5899,676;78
5900,676;82
5901,676;7271
5902,676;6012
5903,676;73
5904,676;87
5905,676;86
5906,676;82
5907,676;7252
5908,676;6013
5909,676;83
5910,676;70
5911,676;83
5912,676;82
5913,676;7286
5914,676;6032
5915,676;89
5916,676;93
5917,676;78
5918,676;88
5919,676;7278
5920,676;6041
5921,676;87
5922,676;73
5923,676;82
5924,676;74
5925,676;7256
5926,676;6024
5927,676;80
5928,676;85
5929,676;84
5930,676;90
5931,676;6904
5932,676;6047
5933,676;81
5934,676;69
5935,676;91
5936,676;96
5937,676;7184
5938,676;6030
5939,676;80
5940,676;84
5941,676;78
5942,676;95
5943,676;7299
5944,676;6026
5945,676;73
5946,676;75
5947,676;90
5948,676;79
5949,676;7228
5950,676;6026
5951,676;67
5952,676;93
5953,676;84
5954,676;68
5955,676;7246
5956,676;6023
5957,676;95
5958,676;101
5959,676;71
5960,676;104
5960,928;7261
5961,928;6040
5962,928;68
5963,928;97
5964,928;93
5965,928;72
5966,928;7273
5967,928;6039
5968,928;67
5969,928;93
5970,928;88
5971,928;98
5972,928;7237
5973,928;6031
5974,928;104
5975,928;76
5976,928;91
5977,928;88
5978,928;7244
5979,928;6059
5980,928;74
5981,928;88
5982,928;94
5983,928;97
5984,928;7268
5985,928;6039
5986,928;82
5987,928;83
5988,928;90
5989,928;90
5990,928;7256
5991,928;6009
5992,928;68
5993,928;98
5994,928;89
5995,928;106
5996,928;7240
5997,928;6035
5998,928;73
5999,928;92
6000,928;84
6001,928;89
6002,928;7277
6003,928;6055
6004,928;92
6005,928;90
6006,928;107
6007,928;90
6008,928;7263
6009,928;6045
6010,928;88
6011,928;87
6012,928;87
6013,928;90
6014,928;7251
6015,928;6030
6016,928;86
6017,928;84
6018,928;97
6019,928;97
6020,928;7278
6021,928;6049
6022,928;79
6023,928;93
6024,928;88
6025,928;95
6026,928;7273
6027,928;6042
6028,928;76
6029,928;86
6030,928;90
6031,928;101
6032,928;7266
6033,928;6053
6034,928;99
6035,928;94
6036,928;113
6037,928;114
6038,928;7229
6039,928;6060
6040,928;70
6041,928;97
6042,928;90
6043,928;89
6044,928;7273
6045,928;6032
6046,928;81
6047,928;110
6048,928;85
6049,928;101
6050,928;7252
6051,928;6044
6052,928;103
6053,928;90
6054,928;81
6055,928;102
6056,928;7250
6057,928;6054
6058,928;81
6059,928;71
6060,928;111
6061,928;83
6062,928;7287
6063,928;6043
6064,928;79
6065,928;92
6066,928;102
6067,928;103
6068,928;7308
6069,928;6012
6070,928;99
6071,928;80
6072,928;67
6073,928;89
6074,928;7255
6075,928;6066
6076,928;81
6077,928;96
6078,928;89
6079,928;98
6080,928;7261
6081,928;6050
6082,928;100
6083,928;99
6084,928;112
6085,928;110
6086,928;7264
6087,928;6040
6088,928;89
6089,928;90
6090,928;98
6091,928;83
6092,928;7250
6093,928;6081
6094,928;89
6095,928;92
6096,928;101
6097,928;72
6098,928;7264
6099,928;6064
6100,928;75
6101,928;96
6102,928;88
6103,928;106
6104,928;7268
6105,928;6036
6106,928;93
6107,928;97
6108,928;103
6109,928;105
6110,928;7246
6111,928;6067
6112,928;93
6113,928;94
6114,928;83
6115,928;103
6116,928;7239
6117,928;6080
6118,928;107
6119,928;99
6120,928;95
6121,928;93
6122,928;7290
6123,928;6068
6124,928;94
6125,928;95
6126,928;85
6127,928;99
6128,928;7287
6129,928;6045
6130,928;85
6131,928;91
6132,928;94
6133,928;89
6134,928;7269
6135,928;6077
6136,928;92
6137,928;125
6138,928;93
6139,928;90
6140,928;7247
6141,928;6064
6142,928;80
6143,928;92
6144,928;105
6145,928;95
6146,928;7234
6147,928;6093
6148,928;99
6149,928;114
6150,928;79
6151,928;93
6152,928;7238
6153,928;6066
6154,928;102
6155,928;91
6156,928;97
6157,928;98
6158,928;7257
6159,928;6096
6160,928;84
6161,928;87
6164,56;118
6165,56;110
6166,56;7275
6167,56;6073
6168,56;81
6169,56;91
6170,56;107
6171,56;104
6172,56;7279
6173,56;6058
6174,56;71
6175,56;83
6176,56;97
6177,56;104
6178,56;7244
6179,56;6042
6180,56;88
6181,56;91
6182,56;91
6183,56;100
6184,56;7268
6185,56;6075
6186,56;78
6187,56;90
6188,56;97
6189,56;84
6190,56;7227
6191,56;6071
6192,56;85
6193,56;85
6194,56;88
6195,56;70
6196,56;7240
6197,56;6084
6198,56;88
6199,56;95
6200,56;95
6201,56;108
6202,56;7250
6203,56;6056
6204,56;85
6205,56;77
6206,56;82
6207,56;83
6208,56;7247
6209,56;6059
6210,56;77
6211,56;65
6212,56;88
6213,56;86
6214,56;7238
6215,56;6071
6216,56;66
6217,56;68
6218,56;82
6219,56;96
6220,56;7221
6221,56;6066
6222,56;78
6223,56;76
6224,56;85
6225,56;75
6226,56;7237
6227,56;6074
6228,56;73
6229,56;83
6230,56;77
6231,56;89
6232,56;7210
6233,56;6062
6234,56;71
6235,56;79
6236,56;70
6237,56;71
6238,56;7190
6239,56;6053
6240,56;60
6241,56;75
6242,56;78
6243,56;87
6244,56;6869
6245,56;6073
6246,56;70
6247,56;78
6248,56;76
6249,56;78
6250,56;7181
6251,56;6074
6252,56;68
6253,56;72
6254,56;72
6255,56;86
6256,56;7217
6257,56;6086
6258,56;90
6259,56;70
6260,56;81
6261,56;85
6262,56;7248
6263,56;6057
6264,56;73
6265,65;86
6266,65;86
6267,65;91
6268,65;7220
6269,65;6086
6270,65;71
6271,65;98
6272,65;81
6273,65;76
6274,65;7238
6275,65;6079
6276,65;83
6277,65;87
6278,65;74
6279,65;68
6280,65;7236
6281,65;6084
6282,65;75
6283,65;81
6284,65;97
6285,65;100
6286,65;7240
6287,65;6065
6288,65;79
6289,65;83
6290,65;77
6291,65;94
6292,65;7234
6293,65;6079
6294,65;87
6295,65;77
6296,65;83
6297,65;97
6298,65;7198
6299,65;6102
6300,65;97
6301,65;102
6302,65;99
6303,65;85
6304,65;7244
6305,65;6081
6306,65;87
6307,65;72
6308,65;92
6309,65;99
6310,65;7235
6311,65;6086
6312,65;79
6313,65;90
6314,65;100
6315,65;103
6316,65;7245
6317,65;6078
6318,65;92
6319,65;94
6320,65;92
6321,65;97
6322,65;7261
6323,65;6095
6324,65;85
6325,65;88
6326,65;97
6327,65;81
6328,65;7247
6329,65;6082
6330,65;84
6331,65;91
6332,65;91
6333,65;82
6334,65;7265
6335,65;6094
6336,65;104
6337,65;94
6338,65;91
6339,65;106
6340,65;7219
6341,65;6096
6342,65;85
6343,65;92
6344,65;84
6345,65;105
6346,65;7265
6347,65;6096
6348,65;81
6349,65;95
6350,65;85
6351,65;89
6352,65;7237
6353,65;6085
6354,65;81
6355,65;95
6356,65;87
6357,65;101
6358,65;7191
6359,65;6124
6360,65;101
6361,65;105
6362,65;96
6363,65;97
6364,65;7217
6365,65;6084
6365,774;89
6366,774;100
6367,774;82
6368,774;101
6369,774;7223
6370,774;6067
6371,774;77
6372,774;81
6373,774;111
6374,774;78
6375,774;7220
6376,774;6105
6377,774;80
6378,774;93
6379,774;94
6380,774;109
6381,774;7206
6382,774;6099
6383,774;89
6384,774;95
6385,774;84
6386,774;99
6387,774;7210
6388,774;6077
6389,774;71
6390,774;99
6391,774;91
6392,774;100
6393,774;7196
6394,774;6096
6395,774;92
6396,774;89
6397,774;94
6398,774;104
6399,774;7242
6400,774;6081
6401,774;81
6402,774;96
6403,774;92
6404,774;102
6405,774;7219
6406,774;6096
6407,774;81
6408,774;89
6409,774;97
6410,774;99
6411,774;7241
6412,774;6106
6413,774;85
6414,774;96
6415,774;74
6416,774;99
6417,774;7183
6418,774;6082
6419,774;77
6420,774;89
6421,774;104
6422,774;87
6423,774;7217
6424,774;6097
6425,774;101
6426,774;89
6427,774;96
6428,774;93
6429,774;7206
6430,774;6109
6431,774;88
6432,774;92
6433,774;99
6434,774;107
6435,774;7205
6436,774;6108
6437,774;94
6438,774;84
6439,774;107
6440,774;92
6441,774;7206
6442,774;6090
6443,774;96
6444,774;78
6445,774;102
6446,774;99
6447,774;7199
6448,774;6113
6449,774;93
6450,774;90
6451,774;96
6452,774;92
6453,774;7193
6454,774;6097
6455,774;99
6456,774;83
6457,774;96
6458,774;77
6459,774;7191
6460,774;6105
6461,774;81
6462,774;110
6463,774;90
6464,774;100
6465,774;7189
6467,394;6102
6468,394;90
6469,394;97
6470,394;79
6471,394;92
6472,394;7163
6473,394;6122
6474,394;83
6475,394;75
6476,394;81
6477,394;83
6478,394;7181
6479,394;6117
6480,394;86
6481,394;82
6482,394;92
6483,394;100
6484,394;7206
6485,394;6118
6486,394;87
6487,394;86
6488,394;76
6489,394;95
6490,394;7200
6491,394;6112
6492,394;96
6493,394;114
6494,394;85
6495,394;77
6496,394;7183
6497,394;6131
6498,394;93
6499,394;77
6500,394;79
6501,394;99
6502,394;7183
6503,394;6096
6504,394;76
6505,394;90
6506,394;100
6507,394;86
6508,394;7181
6509,394;6115
6510,394;75
6511,394;95
6512,394;75
6513,394;82
6514,394;7154
6515,394;6134
6516,394;82
6517,394;78
6518,394;77
6519,394;85
6520,394;7180
6521,394;6112
6522,394;108
6523,394;89
6524,394;89
6525,394;95
6526,394;7159
6527,394;6114
6528,394;83
6529,394;77
6530,394;82
6531,394;86
6532,394;7190
6533,394;6093
6534,394;95
6535,394;82
6536,394;78
6537,394;74
6538,394;7168
6539,394;6102
6540,394;70
6541,394;63
6542,394;80
6543,394;74
6544,394;7173
6545,394;6114
6546,394;78
6547,394;78
6548,394;84
6549,394;87
6550,394;7151
6551,394;6110
6552,394;68
6553,394;70
6554,394;84
6555,394;76
6556,394;6815
6557,394;6132
6558,394;64
6559,394;75
6560,394;76
6561,394;85
6562,394;7110
6563,394;6106
6564,394;84
6565,394;75
6566,394;90
6567,394;61
6568,394;7307
6569,394;6003
6570,394;83
6571,394;82
6572,394;81
6573,394;81
6574,394;7169
6575,394;6122
6576,394;88
6577,394;72
6578,394;75
6579,394;81
6580,394;7186
6581,394;6108
6582,394;74
6583,394;80
6584,394;78
6585,394;89
6586,394;7143
6587,394;6139
6588,394;75
6589,394;100
6590,394;77
6591,394;93
6592,394;7178
6593,394;6119
6594,394;95
6595,394;78
6596,394;76
6597,394;70
6598,394;7172
6599,394;6121
6600,394;83
6601,394;103
6602,394;80
6603,394;74
6604,394;7172
6605,394;6144
6606,394;95
6607,394;95
6608,394;87
6609,394;103
6610,394;7185
6611,394;6119
6612,394;86
6613,394;102
6614,394;97
6615,394;89
6616,394;7152
6617,394;6111
6618,394;82
6619,394;89
6620,394;95
6621,394;89
6622,394;7178
6623,394;6125
6624,394;80
6625,394;78
6626,394;73
6627,394;85
6628,394;7245
6629,394;6047
6630,394;97
6631,394;95
6632,394;92
6633,394;95
6634,394;7193
6635,394;6110
6636,394;64
6637,394;104
6638,394;85
6639,394;86
6640,394;7141
6641,394;6107
6642,394;81
6643,394;77
6644,394;86
6645,394;97
6646,394;7172
6647,394;6117
6648,394;84
6649,394;85
6650,394;108
6651,394;94
6652,394;7196
6653,394;6122
6654,394;81
6655,394;91
6656,394;99
6657,394;94
6658,394;7132
6659,394;6135
6660,394;79
6661,394;109
6662,394;85
6663,394;76
6664,394;7158
6665,394;6133
6666,394;80
6667,394;88
6668,394;69
6669,224;100
6670,224;7146
6671,224;6133
6672,224;90
6673,224;90
6674,224;106
6675,224;92
6676,224;7153
6677,224;6134
6678,224;93
6679,224;96
6680,224;72
6681,224;97
6682,224;7180
6683,224;6133
6684,224;84
6685,224;93
6686,224;94
6687,224;82
6688,224;7171
6689,224;6128
6690,224;101
6691,224;76
6692,224;87
6693,224;90
6694,224;7155
6695,224;6166
6696,224;81
6697,224;87
6698,224;69
6699,224;83
6700,224;7155
6701,224;6129
6702,224;83
6703,224;88
6704,224;95
6705,224;105
6706,224;7157
6707,224;6157
6708,224;107
6709,224;89
6710,224;78
6711,224;77
6712,224;7153
6713,224;6130
6714,224;92
6715,224;84
6716,224;121
6717,224;109
6718,224;7147
6719,224;6125
6720,224;102
6721,224;108
6722,224;96
6723,224;84
6724,224;7159
6725,224;6163
6726,224;75
6727,224;85
6728,224;98
6729,224;94
6730,224;7126
6731,224;6134
6732,224;97
6733,224;78
6734,224;98
6735,224;85
6736,224;7227
6737,224;6081
6738,224;92
6739,224;90
6740,224;88
6741,224;109
6742,224;7157
6743,224;6161
6744,224;97
6745,224;84
6746,224;103
6747,224;92
6748,224;7162
6749,224;6140
6750,224;76
6751,224;87
6752,224;103
6753,224;99
6754,224;7156
6755,224;6149
6756,224;71
6757,224;91
6758,224;90
6759,224;83
6760,224;7133
6761,224;6152
6762,224;97
6763,224;91
6764,224;100
6765,224;85
6766,224;7217
6767,224;6072
6768,224;88
6769,224;96
6770,139;95
6771,139;103
6772,139;7134
6773,139;6148
6774,139;99
6775,139;99
6776,139;94
6777,139;95
6778,139;7125
6779,139;6163
6780,139;97
6781,139;79
6782,139;105
6783,139;120
6784,139;7161
6785,139;6140
6786,139;84
6787,139;97
6788,139;97
6789,139;89
6790,139;7164
6791,139;6184
6792,139;85
6793,139;89
6794,139;90
6795,139;96
6796,139;7164
6797,139;6153
6798,139;91
6799,139;90
6800,139;97
6801,139;95
6802,139;7151
6803,139;6148
6804,139;89
6805,139;103
6806,139;102
6807,139;97
6808,139;7164
6809,139;6166
6810,139;76
6811,139;81
6812,139;95
6813,139;86
6814,139;7139
6815,139;6142
6816,139;92
6817,139;82
6818,139;90
6819,139;89
6820,139;7143
6821,139;6166
6822,139;94
6823,139;93
6824,139;75
6825,139;92
6826,139;7151
6827,139;6146
6828,139;82
6829,139;82
6830,139;86
6831,139;79
6832,139;7147
6833,139;6156
6834,139;73
6835,139;68
6836,139;98
6837,139;75
6838,139;7165
6839,139;6146
6840,139;77
6841,139;78
6842,139;78
6843,139;95
6844,139;7161
6845,139;6160
6846,139;95
6847,139;81
6848,139;86
6849,139;85
6850,139;7124
6851,139;6142
6852,139;69
6853,139;68
6854,139;84
6855,139;108
6856,139;7137
6857,139;6151
6858,139;71
6859,139;87
6860,139;70
6861,139;81
6862,139;7135
6863,139;6154
6864,139;58
6865,139;80
6866,139;78
6867,139;82
6868,139;6776
6869,139;6146
6870,139;60
6871,478;87
6872,478;88
6873,478;76
6874,478;7062
6875,478;6173
6876,478;81
6877,478;81
6878,478;73
6879,478;87
6880,478;7138
6881,478;6176
6882,478;56
6883,478;62
6884,478;80
6885,478;89
6886,478;7144
6887,478;6146
6888,478;77
6889,478;86
6890,478;81
6891,478;78
6892,478;7142
6893,478;6181
6894,478;79
6895,478;81
6896,478;89
6897,478;83
6898,478;7126
6899,478;6184
6900,478;91
6901,478;77
6902,478;77
6903,478;72
6904,478;7151
6905,478;6174
6906,478;82
6907,478;80
6908,478;98
6909,478;90
6910,478;7131
6911,478;6185
6912,478;83
6913,478;111
6914,478;87
6915,478;110
6916,478;7117
6917,478;6184
6918,478;90
6919,478;76
6920,478;95
6921,478;91
6922,478;7173
6923,478;6191
6924,478;92
6925,478;98
6926,478;81
6927,478;99
6928,478;7147
6929,478;6148
6930,478;107
6931,478;82
6932,478;102
6933,478;104
6934,478;7125
6935,478;6186
6936,478;76
6937,478;91
6938,478;93
6939,478;102
6940,478;7118
6941,478;6195
6942,478;86
6943,478;102
6944,478;100
6945,478;99
6946,478;7137
6947,478;6182
6948,478;80
6949,478;89
6950,478;91
6951,478;70
6952,478;7125
6953,478;6173
6954,478;74
6955,478;91
6956,478;105
6957,478;100
6958,478;7111
6959,478;6189
6960,478;78
6961,478;103
6962,478;89
6963,478;103
6964,478;7144
6965,478;6162
6966,478;89
6967,478;87
6968,478;92
6969,478;86
6970,478;7123
6971,478;6211
6971,866;94
6972,866;91
6973,866;87
6974,866;98
6975,866;7116
6976,866;6201
6977,866;83
6978,866;92
6979,866;89
6980,866;120
6981,866;7116
6982,866;6167
6983,866;77
6984,866;95
6985,866;111
6986,866;101
6987,866;7151
6988,866;6133
6989,866;91
6990,866;88
6991,866;111
6992,866;92
6993,866;7125
6994,866;6177
6995,866;103
6996,866;103
6997,866;103
6998,866;109
6999,866;7094
7000,866;6163
7001,866;94
7002,866;88
7003,866;92
7004,866;93
7005,866;7120
7006,866;6201
7007,866;86
7008,866;88
7009,866;96
7010,866;89
7011,866;7142
7012,866;6165
7013,866;96
7014,866;97
7015,866;95
7016,866;96
7017,866;7114
7018,866;6177
7019,866;91
7020,866;90
7021,866;112
7022,866;108
7023,866;7113
7024,866;6196
7025,866;86
7026,866;92
7027,866;96
7028,866;87
7029,866;7104
7030,866;6210
7031,866;100
7032,866;111
7033,866;103
7034,866;89
7035,866;7095
7036,866;6186
7037,866;89
7038,866;68
7039,866;88
7040,866;95
7041,866;7090
7042,866;6174
7043,866;103
7044,866;89
7045,866;99
7046,866;82
7047,866;7097
7048,866;6210
7049,866;89
7050,866;88
7051,866;101
7052,866;111
7053,866;7106
7054,866;6198
7055,866;91
7056,866;99
7057,866;82
7058,866;97
7059,866;7068
7060,866;6186
7061,866;90
7062,866;92
7063,866;83
7064,866;102
7065,866;7098
7066,866;6180
7067,866;88
7068,866;91
7069,866;87
7070,866;92
7071,866;7111
7072,839;6182
7073,839;90
7074,839;78
7075,839;80
7076,839;81
7077,839;7089
7078,839;6230
7079,839;100
7080,839;87
7081,839;86
7082,839;104
7083,839;7093
7084,839;6191
7085,839;87
7086,839;84
7087,839;109
7088,839;86
7089,839;7098
7090,839;6205
7091,839;87
7092,839;95
7093,839;105
7094,839;99
7095,839;7083
7096,839;6201
7097,839;68
7098,839;89
7099,839;91
7100,839;84
7101,839;7108
7102,839;6187
7103,839;76
7104,839;96
7105,839;75
7106,839;87
7107,839;7113
7108,839;6183
7109,839;87
7110,839;73
7111,839;101
7112,839;67
7113,839;7093
7114,839;6191
7115,839;87
7116,839;78
7117,839;87
7118,839;93
7119,839;7046
7120,839;6200
7121,839;88
7122,839;91
7123,839;91
7124,839;84
7125,839;7110
7126,839;6207
7127,839;79
7128,839;95
7129,839;87
7130,839;92
7131,839;7096
7132,839;6202
7133,839;90
7134,839;90
7135,839;92
7136,839;81
7137,839;7079
7138,839;6207
7139,839;68
7140,839;70
7141,839;92
7142,839;79
7143,839;7106
7144,839;6208
7145,839;60
7146,839;69
7147,839;80
7148,839;98
7149,839;7078
7150,839;6203
7151,839;94
7152,839;85
7153,839;93
7154,839;90
7155,839;7084
7156,839;6187
7157,839;82
7158,839;71
7159,839;86
7160,839;88
7161,839;7076
7162,839;6217
7163,839;92
7164,839;71
7165,839;87
7166,839;89
7167,839;7079
7168,839;6229
7169,839;77
7170,839;103
7171,839;69
7172,839;90
7174,839;7023
7175,839;6202
7176,839;67
7177,839;85
7178,839;76
7179,839;81
7180,839;6771
7181,839;6176
7182,839;86
7183,839;82
7184,839;75
7185,839;94
7186,839;6995
7187,839;6222
7188,839;70
7189,839;83
7190,839;87
7191,839;99
7192,839;7025
7193,839;6199
7194,839;64
7195,839;79
7196,839;79
7197,839;92
7198,839;7055
7199,839;6206
7200,839;75
7201,839;77
7202,839;87
7203,839;70
7204,839;7120
7205,839;6132
7206,839;68
7207,839;86
7208,839;92
7209,839;90
7210,839;7070
7211,839;6219
7212,839;74
7213,839;87
7214,839;89
7215,839;97
7216,839;7093
7217,839;6202
7218,839;85
7219,839;76
7220,839;94
7221,839;87
7222,839;7062
7223,839;6224
7224,839;72
7225,839;97
7226,839;99
7227,839;89
7228,839;7070
7229,839;6223
7230,839;85
7231,839;79
7232,839;99
7233,839;88
7234,839;7059
7235,839;6244
7236,839;92
7237,839;80
7238,839;97
7239,839;99
7240,839;7068
7241,839;6201
7242,839;92
7243,839;89
7244,839;86
7245,839;96
7246,839;7053
7247,839;6237
7248,839;80
7249,839;84
7250,839;82
7251,839;84
7252,839;7057
7253,839;6213
7254,839;72
7255,839;99
7256,839;102
7257,839;103
7258,839;7065
7259,839;6232
7260,839;93
7261,839;93
7262,839;90
7263,839;96
7264,839;7061
7265,839;6203
7266,839;72
7267,839;104
7268,839;108
7269,839;86
7270,839;7066
7271,839;6219
7272,839;88
7273,839;80
7274,839;93
7274,444;91
7275,444;7068
7276,444;6237
7277,444;83
7278,444;89
7279,444;119
7280,444;87
7281,444;7097
7282,444;6193
7283,444;88
7284,444;93
7285,444;76
7286,444;82
7287,444;7084
7288,444;6237
7289,444;83
7290,444;106
7291,444;77
7292,444;103
7293,444;7046
7294,444;6202
7295,444;92
7296,444;86
7297,444;88
7298,444;101
7299,444;7038
7300,444;6214
7301,444;88
7302,444;101
7303,444;74
7304,444;88
7305,444;7065
7306,444;6217
7307,444;89
7308,444;83
7309,444;85
7310,444;90
7311,444;7131
7312,444;6152
7313,444;95
7314,444;85
7315,444;95
7316,444;100
7317,444;7075
7318,444;6247
7319,444;85
7320,444;93
7321,444;101
7322,444;103
7323,444;7082
7324,444;6225
7325,444;88
7326,444;113
7327,444;115
7328,444;93
7329,444;7060
7330,444;6242
7331,444;87
7332,444;98
7333,444;99
7334,444;104
7335,444;7069
7336,444;6223
7337,444;89
7338,444;107
7339,444;86
7340,444;74
7341,444;7072
7342,444;6222
7343,444;74
7344,444;98
7345,444;90
7346,444;90
7347,444;7081
7348,444;6231
7349,444;108
7350,444;112
7351,444;96
7352,444;93
7353,444;7029
7354,444;6239
7355,444;77
7356,444;88
7357,444;89
7358,444;95
7359,444;7054
7360,444;6245
7361,444;84
7362,444;84
7363,444;110
7364,444;100
7365,444;7129
7366,444;6188
7367,444;94
7368,444;92
7369,444;99
7370,444;93
7371,444;7070
7372,444;6242
7373,444;79
7374,444;100
7376,018;106
7377,018;90
7378,018;7068
7379,018;6224
7380,018;79
7381,018;93
7382,018;87
7383,018;101
7384,018;7079
7385,018;6247
7386,018;79
7387,018;96
7388,018;94
7389,018;116
7390,018;7063
7391,018;6254
7392,018;92
7393,018;91
7394,018;93
7395,018;77
7396,018;7090
7397,018;6244
7398,018;87
7399,018;107
7400,018;95
7401,018;98
7402,018;7080
7403,018;6255
7404,018;83
7405,018;95
7406,018;110
7407,018;101
7408,018;7058
7409,018;6257
7410,018;78
7411,018;79
7412,018;105
7413,018;89
7414,018;7060
7415,018;6266
7416,018;103
7417,018;85
7418,018;91
7419,018;90
7420,018;7052
7421,018;6240
7422,018;93
7423,018;111
7424,018;85
7425,018;108
7426,018;7101
7427,018;6262
7428,018;76
7429,018;89
7430,018;113
7431,018;95
7432,018;7045
7433,018;6256
7434,018;88
7435,018;82
7436,018;98
7437,018;93
7438,018;7045
7439,018;6262
7440,018;72
7441,018;87
7442,018;94
7443,018;104
7444,018;7040
7445,018;6230
7446,018;84
7447,018;82
7448,018;83
7449,018;99
7450,018;7040
7451,018;6236
7452,018;83
7453,018;91
7454,018;96
7455,018;104
7456,018;7053
7457,018;6274
7458,018;112
7459,018;73
7460,018;100
7461,018;88
7462,018;7174
7463,018;6138
7464,018;84
7465,018;77
7466,018;103
7467,018;91
7468,018;7069
7469,018;6249
7470,018;89
7471,018;81
7472,018;77
7473,018;112
7474,018;7040
7475,018;6246
7476,018;89
7477,18;82
7478,18;86
7479,18;77
7480,18;7027
7481,18;6255
7482,18;73
7483,18;91
7484,18;69
7485,18;85
7486,18;7060
7487,18;6247
7488,18;83
7489,18;85
7490,18;88
7491,18;58
7492,18;6707
7493,18;6269
7494,18;63
7495,18;79
7496,18;79
7497,18;85
7498,18;6971
7499,18;6251
7500,18;83
7501,18;76
7502,18;73
7503,18;85
7504,18;7051
7505,18;6260
7506,18;75
7507,18;99
7508,18;80
7509,18;89
7510,18;7115
7511,18;6193
7512,18;82
7513,18;83
7514,18;99
7515,18;93
7516,18;7020
7517,18;6235
7518,18;75
7519,18;91
7520,18;84
7521,18;92
7522,18;7030
7523,18;6275
7524,18;79
7525,18;87
7526,18;92
7527,18;97
7528,18;7050
7529,18;6260
7530,18;76
7531,18;98
7532,18;100
7533,18;92
7534,18;7029
7535,18;6283
7536,18;93
7537,18;91
7538,18;97
7539,18;84
7540,18;7113
7541,18;6159
7542,18;88
7543,18;82
7544,18;94
7545,18;93
7546,18;7046
7547,18;6257
7548,18;89
7549,18;98
7550,18;87
7551,18;113
7552,18;7023
7553,18;6270
7554,18;85
7555,18;88
7556,18;91
7557,18;102
7558,18;7039
7559,18;6261
7560,18;84
7561,18;99
7562,18;91
7563,18;93
7564,18;7047
7565,18;6272
7566,18;80
7567,18;110
7568,18;96
7569,18;81
7570,18;7034
7571,18;6264
7572,18;83
7573,18;89
7574,18;110
7575,18;75
7576,18;7021
7577,18;6302
7577,978;90
7578,978;111
7579,978;106
7580,978;78
7581,978;7025
7582,978;6274
7583,978;82
7584,978;106
7585,978;99
7586,978;107
7587,978;6985
7588,978;6283
7589,978;95
7590,978;104
7591,978;103
7592,978;96
7593,978;7031
7594,978;6264
7595,978;99
7596,978;92
7597,978;94
7598,978;99
7599,978;7023
7600,978;6273
7601,978;100
7602,978;92
7603,978;86
7604,978;93
7605,978;7025
7606,978;6273
7607,978;84
7608,978;83
7609,978;97
7610,978;100
7611,978;7003
7612,978;6249
7613,978;81
7614,978;82
7615,978;97
7616,978;110
7617,978;7016
7618,978;6261
7619,978;100
7620,978;93
7621,978;83
7622,978;99
7623,978;7051
7624,978;6298
7625,978;67
7626,978;87
7627,978;79
7628,978;91
7629,978;6996
7630,978;6280
7631,978;74
7632,978;96
7633,978;104
7634,978;98
7635,978;7018
7636,978;6275
7637,978;97
7638,978;92
7639,978;91
7640,978;109
7641,978;7035
7642,978;6286
7643,978;87
7644,978;97
7645,978;106
7646,978;101
7647,978;7014
7648,978;6292
7649,978;79
7650,978;75
7651,978;87
7652,978;99
7653,978;7031
7654,978;6269
7655,978;83
7656,978;103
7657,978;95
7658,978;91
7659,978;6994
7660,978;6300
7661,978;66
7662,978;94
7663,978;93
7664,978;105
7665,978;7025
7666,978;6267
7667,978;89
7668,978;91
7669,978;85
7670,978;111
7671,978;7005
7672,978;6300
7673,978;88
7674,978;98
7675,978;91
7676,978;109
7677,978;7005
7677,978;6287
7678,978;91
7679,978;84
7680,978;77
7681,978;107
7682,978;7030
7683,978;6291
7684,978;90
7685,978;96
7686,978;89
7687,978;110
7688,978;7078
7689,978;6189
7690,978;102
7691,978;97
7692,978;94
7693,978;102
7694,978;7013
7695,978;6283
7696,978;77
7697,978;92
7698,978;82
7699,978;85
7700,978;7019
7701,978;6292
7702,978;98
7703,978;95
7704,978;97
7705,978;96
7706,978;7005
7707,978;6302
7708,978;71
7709,978;116
7710,978;77
7711,978;83
7712,978;6986
7713,978;6284
7714,978;83
7715,978;81
7716,978;86
7717,978;109
7718,978;6986
7719,978;6315
7720,978;83
7721,978;85
7722,978;96
7723,978;98
7724,978;7004
7725,978;6301
7726,978;88
7727,978;85
7728,978;97
7729,978;101
7730,978;7011
7731,978;6302
7732,978;90
7733,978;76
7734,978;101
7735,978;84
7736,978;6966
7737,978;6274
7738,978;86
7739,978;74
7740,978;83
7741,978;83
7742,978;7012
7743,978;6299
7744,978;88
7745,978;97
7746,978;91
7747,978;106
7748,978;6968
7749,978;6299
7750,978;68
7751,978;97
7752,978;98
7753,978;98
7754,978;7004
7755,978;6288
7756,978;79
7757,978;70
7758,978;68
7759,978;85
7760,978;6991
7761,978;6303
7762,978;80
7763,978;90
7764,978;94
7765,978;94
7766,978;6989
7767,978;6281
7768,978;100
7769,978;89
7770,978;76
7771,978;86
7772,978;6992
7773,978;6309
7774,978;71
7775,978;91
7776,978;94
7777,978;75
7780,379;7069
7781,379;6206
7782,379;80
7783,379;94
7784,379;77
7785,379;86
7786,379;6984
7787,379;6334
7788,379;72
7789,379;87
7790,379;87
7791,379;93
7792,379;6987
7793,379;6297
7794,379;78
7795,379;71
7796,379;93
7797,379;85
7798,379;6927
7799,379;6294
7800,379;83
7801,379;76
7802,379;71
7803,379;94
7804,379;6623
7805,379;6326
7806,379;83
7807,379;75
7808,379;73
7809,379;85
7810,379;6927
7811,379;6281
7812,379;64
7813,379;73
7814,379;75
7815,379;86
7816,379;6974
7817,379;6307
7818,379;72
7819,379;68
7820,379;97
7821,379;100
7822,379;6966
7823,379;6303
7824,379;76
7825,379;83
7826,379;71
7827,379;80
7828,379;6985
7829,379;6302
7830,379;84
7831,379;91
7832,379;92
7833,379;81
7834,379;7087
7835,379;6207
7836,379;106
7837,379;73
7838,379;85
7839,379;89
7840,379;6981
7841,379;6313
7842,379;81
7843,379;79
7844,379;95
7845,379;75
7846,379;6987
7847,379;6302
7848,379;73
7849,379;100
7850,379;86
7851,379;98
7852,379;6943
7853,379;6285
7854,379;86
7855,379;91
7856,379;85
7857,379;81
7858,379;6968
7859,379;6287
7860,379;74
7861,379;115
7862,379;87
7863,379;75
7864,379;6980
7865,379;6310
7866,379;82
7867,379;83
7868,379;90
7869,379;90
7870,379;6983
7871,379;6309
7872,379;84
7873,379;88
7874,379;80
7875,379;81
7876,379;6986
7877,379;6324
7878,379;64
7879,379;99
7880,379;65
7881,39;110
7882,39;6956
7883,39;6322
7884,39;82
7885,39;78
7886,39;98
7887,39;76
7888,39;6980
7889,39;6323
7890,39;91
7891,39;83
7892,39;87
7893,39;100
7894,39;6971
7895,39;6320
7896,39;86
7897,39;90
7898,39;85
7899,39;89
7900,39;6976
7901,39;6282
7902,39;71
7903,39;79
7904,39;94
7905,39;71
7906,39;6981
7907,39;6323
7908,39;91
7909,39;81
7910,39;85
7911,39;83
7912,39;6997
7913,39;6318
7914,39;83
7915,39;90
7916,39;82
7917,39;92
7918,39;6961
7919,39;6300
7920,39;93
7921,39;89
7922,39;92
7923,39;88
7924,39;6978
7925,39;6334
7926,39;89
7927,39;81
7928,39;91
7929,39;85
7930,39;6977
7931,39;6338
7932,39;76
7933,39;91
7934,39;97
7935,39;97
7936,39;6958
7937,39;6334
7938,39;86
7939,39;83
7940,39;95
7941,39;101
7942,39;6982
7943,39;6293
7944,39;71
7945,39;85
7946,39;96
7947,39;109
7948,39;6973
7949,39;6342
7950,39;90
7951,39;100
7952,39;79
7953,39;102
7954,39;6976
7955,39;6331
7956,39;95
7957,39;98
7958,39;94
7959,39;88
7960,39;6938
7961,39;6345
7962,39;104
7963,39;71
7964,39;84
7965,39;83
7966,39;6972
7967,39;6326
7968,39;94
7969,39;115
7970,39;108
7971,39;111
7972,39;6921
7973,39;6320
7974,39;83
7975,39;81
7976,39;103
7977,39;109
7978,39;6982
7979,39;6325
7980,39;93
7981,39;93
7980,859;95
7981,859;104
7982,859;6987
7983,859;6351
7984,859;96
7985,859;97
7986,859;93
7987,859;84
7988,859;6962
7989,859;6340
7990,859;89
7991,859;96
7992,859;98
7993,859;80
7994,859;6970
7995,859;6326
7996,859;83
7997,859;89
7998,859;93
7999,859;78
8000,859;6973
8001,859;6331
8002,859;66
8003,859;106
8004,859;85
8005,859;98
8006,859;6966
8007,859;6352
8008,859;95
8009,859;89
8010,859;78
8011,859;82
8012,859;6924
8013,859;6339
8014,859;89
8015,859;113
8016,859;89
8017,859;92
8018,859;6985
8019,859;6289
8020,859;81
8021,859;114
8022,859;84
8023,859;91
8024,859;6971
8025,859;6317
8026,859;95
8027,859;96
8028,859;110
8029,859;82
8030,859;6950
8031,859;6342
8032,859;86
8033,859;84
8034,859;108
8035,859;101
8036,859;6939
8037,859;6350
8038,859;81
8039,859;109
8040,859;107
8041,859;99
8042,859;6989
8043,859;6335
8044,859;86
8045,859;100
8046,859;73
8047,859;106
8048,859;6971
8049,859;6342
8050,859;76
8051,859;83
8052,859;103
8053,859;106
8054,859;6967
8055,859;6360
8056,859;81
8057,859;94
8058,859;109
8059,859;80
8060,859;6962
8061,859;6351
8062,859;88
8063,859;99
8064,859;91
8065,859;99
8066,859;6950
8067,859;6326
8068,859;80
8069,859;90
8070,859;81
8071,859;105
8072,859;6932
8073,859;6325
8074,859;86
8075,859;83
8076,859;91
8077,859;99
8078,859;6968
8079,859;6345
8080,859;90
8082,847;83
8083,847;95
8084,847;81
8085,847;6942
8086,847;6347
8087,847;69
8088,847;91
8089,847;80
8090,847;85
8091,847;6968
8092,847;6336
8093,847;90
8094,847;90
8095,847;103
8096,847;97
8097,847;6921
8098,847;6351
8099,847;76
8100,847;91
8101,847;91
8102,847;84
8103,847;6939
8104,847;6331
8105,847;82
8106,847;65
8107,847;73
8108,847;93
8109,847;6928
8110,847;6319
8111,847;65
8112,847;72
8113,847;71
8114,847;81
8115,847;6607
8116,847;6343
8117,847;89
8118,847;69
8119,847;72
8120,847;71
8121,847;6880
8122,847;6358
8123,847;71
8124,847;67
8125,847;88
8126,847;88
8127,847;7043
8128,847;6252
8129,847;94
8130,847;90
8131,847;99
8132,847;92
8133,847;6962
8134,847;6318
8135,847;92
8136,847;94
8137,847;78
8138,847;71
8139,847;6918
8140,847;6370
8141,847;94
8142,847;84
8143,847;102
8144,847;77
8145,847;6940
8146,847;6338
8147,847;85
8148,847;106
8149,847;90
8150,847;92
8151,847;6949
8152,847;6383
8153,847;97
8154,847;80
8155,847;81
8156,847;92
8157,847;6912
8158,847;6357
8159,847;88
8160,847;79
8161,847;78
8162,847;106
8163,847;6943
8164,847;6357
8165,847;78
8166,847;78
8167,847;96
8168,847;106
8169,847;6938
8170,847;6376
8171,847;98
8172,847;93
8173,847;101
8174,847;90
8175,847;6953
8176,847;6326
8177,847;73
8178,847;126
8179,847;100
8180,847;98
8181,847;6925
8182,847;6382
8183,847;96
8184,847;94
8185,847;84
8186,847;109
8187,847;6955
8188,847;6371
8189,847;80
8190,847;88
8191,847;102
8192,847;102
8193,847;6951
8194,847;6358
8195,847;72
8196,847;94
8197,847;97
8198,847;84
8199,847;6930
8200,847;6354
8201,847;84
8202,847;98
8203,847;107
8204,847;92
8205,847;6931
8206,847;6373
8207,847;78
8208,847;77
8209,847;95
8210,847;108
8211,847;6934
8212,847;6379
8213,847;71
8214,847;101
8215,847;99
8216,847;84
8217,847;6901
8218,847;6386
8219,847;104
8220,847;90
8221,847;107
8222,847;104
8223,847;6962
8224,847;6344
8225,847;90
8226,847;97
8227,847;104
8228,847;101
8229,847;6922
8230,847;6379
8231,847;80
8232,847;86
8233,847;103
8234,847;108
8235,847;6911
8236,847;6418
8237,847;93
8238,847;99
8239,847;104
8240,847;94
8241,847;6933
8242,847;6374
8243,847;106
8244,847;95
8245,847;78
8246,847;112
8247,847;6928
8248,847;6379
8249,847;92
8250,847;84
8251,847;105
8252,847;94
8253,847;6915
8254,847;6375
8255,847;79
8256,847;83
8257,847;108
8258,847;95
8259,847;6909
8260,847;6370
8261,847;73
8262,847;86
8263,847;97
8264,847;87
8265,847;6924
8266,847;6366
8267,847;82
8268,847;102
8269,847;101
8270,847;95
8271,847;6890
8272,847;6363
8273,847;85
8274,847;95
8275,847;76
8276,847;66
8277,847;6891
8278,847;6378
8279,847;84
8280,847;80
8281,847;81
8282,847;88
8283,847;6908
8284,46;6392
8285,46;74
8286,46;98
8287,46;81
8288,46;95
8289,46;6872
8290,46;6356
8291,46;88
8292,46;75
8293,46;77
8294,46;102
8295,46;6889
8296,46;6363
8297,46;71
8298,46;104
8299,46;92
8300,46;84
8301,46;6913
8302,46;6387
8303,46;89
8304,46;81
8305,46;84
8306,46;112
8307,46;6936
8308,46;6380
8309,46;86
8310,46;95
8311,46;91
8312,46;96
8313,46;6892
8314,46;6382
8315,46;90
8316,46;84
8317,46;86
8318,46;98
8319,46;6885
8320,46;6375
8321,46;93
8322,46;78
8323,46;90
8324,46;79
8325,46;6966
8326,46;6370
8327,46;98
8328,46;80
8329,46;81
8330,46;95
8331,46;6929
8332,46;6403
8333,46;84
8334,46;98
8335,46;95
8336,46;84
8337,46;6907
8338,46;6375
8339,46;83
8340,46;90
8341,46;85
8342,46;84
8343,46;6920
8344,46;6391
8345,46;85
8346,46;88
8347,46;73
8348,46;81
8349,46;6900
8350,46;6377
8351,46;71
8352,46;88
8353,46;92
8354,46;95
8355,46;6877
8356,46;6391
8357,46;91
8358,46;86
8359,46;99
8360,46;89
8361,46;6868
8362,46;6384
8363,46;91
8364,46;77
8365,46;92
8366,46;94
8367,46;6898
8368,46;6381
8369,46;85
8370,46;92
8371,46;77
8372,46;80
8373,46;6882
8374,46;6397
8375,46;82
8376,46;87
8377,46;90
8378,46;80
8379,46;6870
8380,46;6396
8381,46;73
8382,46;69
8383,46;85
8384,46;100
8384,921;6900
8385,921;6381
8386,921;73
8387,921;84
8388,921;90
8389,921;95
8390,921;6903
8391,921;6400
8392,921;84
8393,921;83
8394,921;91
8395,921;85
8396,921;6864
8397,921;6363
8398,921;68
8399,921;79
8400,921;87
8401,921;80
8402,921;6881
8403,921;6380
8404,921;86
8405,921;95
8406,921;83
8407,921;78
8408,921;6876
8409,921;6411
8410,921;81
8411,921;95
8412,921;88
8413,921;77
8414,921;6876
8415,921;6382
8416,921;65
8417,921;81
8418,921;93
8419,921;80
8420,921;6972
8421,921;6295
8422,921;73
8423,921;74
8424,921;86
8425,921;87
8426,921;6536
8427,921;6417
8428,921;75
8429,921;87
8430,921;74
8431,921;94
8432,921;6826
8433,921;6404
8434,921;85
8435,921;73
8436,921;75
8437,921;69
8438,921;6864
8439,921;6382
8440,921;83
8441,921;80
8442,921;81
8443,921;88
8444,921;6885
8445,921;6386
8446,921;70
8447,921;75
8448,921;85
8449,921;83
8450,921;6865
8451,921;6393
8452,921;90
8453,921;92
8454,921;76
8455,921;79
8456,921;6855
8457,921;6383
8458,921;84
8459,921;85
8460,921;86
8461,921;73
8462,921;6869
8463,921;6394
8464,921;87
8465,921;82
8466,921;113
8467,921;86
8468,921;6851
8469,921;6388
8470,921;92
8471,921;55
8472,921;87
8473,921;71
8474,921;6880
8475,921;6406
8476,921;74
8477,921;99
8478,921;91
8479,921;91
8480,921;6877
8481,921;6396
8482,921;85
8483,921;86
8484,921;88
8486,989;72
8487,989;6904
8488,989;6403
8489,989;87
8490,989;80
8491,989;77
8492,989;77
8493,989;6883
8494,989;6410
8495,989;91
8496,989;95
8497,989;92
8498,989;94
8499,989;6836
8500,989;6406
8501,989;93
8502,989;91
8503,989;94
8504,989;66
8505,989;6884
8506,989;6396
8507,989;93
8508,989;100
8509,989;107
8510,989;104
8511,989;6851
8512,989;6396
8513,989;83
8514,989;86
8515,989;82
8516,989;101
8517,989;6852
8518,989;6407
8519,989;67
8520,989;89
8521,989;90
8522,989;84
8523,989;6931
8524,989;6420
8525,989;103
8526,989;86
8527,989;102
8528,989;105
8529,989;6833
8530,989;6404
8531,989;90
8532,989;86
8533,989;91
8534,989;99
8535,989;6842
8536,989;6409
8537,989;92
8538,989;84
8539,989;106
8540,989;79
8541,989;6870
8542,989;6415
8543,989;78
8544,989;86
8545,989;94
8546,989;100
8547,989;6875
8548,989;6408
8549,989;84
8550,989;109
8551,989;80
8552,989;74
8553,989;6862
8554,989;6418
8555,989;85
8556,989;86
8557,989;99
8558,989;85
8559,989;6892
8560,989;6428
8561,989;93
8562,989;75
8563,989;89
8564,989;97
8565,989;6879
8566,989;6427
8567,989;87
8568,989;82
8569,989;91
8570,989;92
8571,989;6871
8572,989;6411
8573,989;77
8574,989;98
8575,989;93
8576,989;113
8577,989;6841
8578,989;6431
8579,989;94
8580,989;93
8581,989;86
8582,989;95
8583,989;6869
8584,989;6426
8585,989;87
8586,989;104
8586,865;77
8587,865;94
8588,865;6841
8589,865;6408
8590,865;67
8591,865;80
8592,865;90
8593,865;91
8594,865;6873
8595,865;6426
8596,865;77
8597,865;91
8598,865;119
8599,865;107
8600,865;6909
8601,865;6378
8602,865;78
8603,865;81
8604,865;95
8605,865;115
8606,865;6884
8607,865;6455
8608,865;88
8609,865;104
8610,865;110
8611,865;94
8612,865;6856
8613,865;6442
8614,865;73
8615,865;95
8616,865;96
8617,865;96
8618,865;6885
8619,865;6434
8620,865;86
8621,865;100
8622,865;95
8623,865;86
8624,865;6870
8625,865;6434
8626,865;78
8627,865;78
8628,865;111
8629,865;92
8630,865;6852
8631,865;6422
8632,865;77
8633,865;96
8634,865;84
8635,865;104
8636,865;6855
8637,865;6452
8638,865;95
8639,865;100
8640,865;97
8641,865;94
8642,865;6882
8643,865;6436
8644,865;81
8645,865;79
8646,865;95
8647,865;85
8648,865;6844
8649,865;6450
8650,865;84
8651,865;102
8652,865;105
8653,865;99
8654,865;6852
8655,865;6439
8656,865;87
8657,865;103
8658,865;89
8659,865;81
8660,865;6885
8661,865;6433
8662,865;98
8663,865;115
8664,865;94
8665,865;99
8666,865;6894
8667,865;6412
8668,865;91
8669,865;99
8670,865;82
8671,865;122
8672,865;6882
8673,865;6429
8674,865;91
8675,865;103
8676,865;91
8677,865;89
8678,865;6842
8679,865;6436
8680,865;85
8681,865;78
8682,865;100
8683,865;84
8684,865;6850
8685,865;6426
8686,865;99
8689,224;110
8690,224;109
8691,224;97
8692,224;6868
8693,224;6427
8694,224;92
8695,224;78
8696,224;89
8697,224;97
8698,224;6856
8699,224;6438
8700,224;76
8701,224;107
8702,224;81
8703,224;72
8704,224;6880
8705,224;6445
8706,224;78
8707,224;90
8708,224;104
8709,224;92
8710,224;6847
8711,224;6456
8712,224;82
8713,224;82
8714,224;81
8715,224;102
8716,224;6828
8717,224;6440
8718,224;83
8719,224;77
8720,224;74
8721,224;85
8722,224;6864
8723,224;6439
8724,224;75
8725,224;88
8726,224;100
8727,224;76
8728,224;6864
8729,224;6432
8730,224;97
8731,224;84
8732,224;92
8733,224;81
8734,224;6810
8735,224;6453
8736,224;88
8737,224;81
8738,224;90
8739,224;95
8740,224;6503
8741,224;6460
8742,224;86
8743,224;88
8744,224;86
8745,224;91
8746,224;6809
8747,224;6416
8748,224;99
8749,224;96
8750,224;82
8751,224;87
8752,224;6855
8753,224;6442
8754,224;77
8755,224;82
8756,224;85
8757,224;78
8758,224;6855
8759,224;6447
8760,224;90
8761,224;85
8762,224;77
8763,224;87
8764,224;6850
8765,224;6450
8766,224;63
8767,224;88
8768,224;94
8769,224;87
8770,224;6888
8771,224;6421
8772,224;80
8773,224;91
8774,224;90
8775,224;103
8776,224;6848
8777,224;6431
8778,224;82
8779,224;82
8780,224;76
8781,224;97
8782,224;6860
8783,224;6448
8784,224;100
8785,224;71
8786,224;102
8787,224;97
8788,224;6851
8789,224;6453
8790,224;106
8791,224;95
8792,224;79
8793,224;101
8794,224;6857
8795,224;6468
8796,224;76
8797,224;81
8798,224;107
8799,224;109
8800,224;6869
8801,224;6447
8802,224;97
8803,224;82
8804,224;106
8805,224;88
8806,224;6859
8807,224;6456
8808,224;82
8809,224;100
8810,224;104
8811,224;91
8812,224;6825
8813,224;6446
8814,224;86
8815,224;87
8816,224;102
8817,224;95
8818,224;6827
8819,224;6451
8820,224;86
8821,224;92
8822,224;88
8823,224;96
8824,224;6820
8825,224;6474
8826,224;79
8827,224;107
8828,224;98
8829,224;83
8830,224;6819
8831,224;6450
8832,224;93
8833,224;96
8834,224;79
8835,224;106
8836,224;6851
8837,224;6471
8838,224;91
8839,224;88
8840,224;94
8841,224;77
8842,224;6857
8843,224;6436
8844,224;73
8845,224;99
8846,224;102
8847,224;110
8848,224;6818
8849,224;6456
8850,224;86
8851,224;97
8852,224;85
8853,224;107
8854,224;6836
8855,224;6425
8856,224;105
8857,224;87
8858,224;82
8859,224;103
8860,224;6836
8861,224;6435
8862,224;87
8863,224;92
8864,224;96
8865,224;97
8866,224;6815
8867,224;6475
8868,224;82
8869,224;78
8870,224;100
8871,224;87
8872,224;6824
8873,224;6460
8874,224;84
8875,224;99
8876,224;94
8877,224;86
8878,224;6810
8879,224;6481
8880,224;86
8881,224;86
8882,224;105
8883,224;88
8884,224;6857
8885,224;6460
8886,224;81
8887,224;102
8888,224;109
8889,224;100
8890,224;6814
8891,166;6462
8892,166;82
8893,166;90
8894,166;96
8895,166;97
8896,166;6808
8897,166;6473
8898,166;84
8899,166;81
8900,166;75
8901,166;95
8902,166;6906
8903,166;6407
8904,166;91
8905,166;100
8906,166;100
8907,166;95
8908,166;6937
8909,166;6357
8910,166;90
8911,166;77
8912,166;87
8913,166;82
8914,166;6824
8915,166;6478
8916,166;74
8917,166;103
8918,166;96
8919,166;113
8920,166;6828
8921,166;6453
8922,166;91
8923,166;87
8924,166;86
8925,166;96
8926,166;6800
8927,166;6503
8928,166;91
8929,166;86
8930,166;90
8931,166;83
8932,166;6808
8933,166;6463
8934,166;94
8935,166;94
8936,166;100
8937,166;85
8938,166;6832
8939,166;6439
8940,166;96
8941,166;86
8942,166;82
8943,166;96
8944,166;6809
8945,166;6494
8946,166;94
8947,166;73
8948,166;102
8949,166;88
8950,166;6796
8951,166;6468
8952,166;80
8953,166;82
8954,166;88
8955,166;97
8956,166;6802
8957,166;6482
8958,166;93
8959,166;90
8960,166;95
8961,166;86
8962,166;6809
8963,166;6461
8964,166;87
8965,166;99
8966,166;85
8967,166;82
8968,166;6803
8969,166;6454
8970,166;108
8971,166;81
8972,166;94
8973,166;97
8974,166;6795
8975,166;6476
8976,166;96
8977,166;77
8978,166;95
8979,166;81
8980,166;6803
8981,166;6475
8982,166;70
8983,166;95
8984,166;78
8985,166;71
8986,166;6782
8987,166;6471
8988,166;87
8989,166;76
8990,166;99
8991,166;70
8991,519;6882
8992,519;6394
8993,519;90
8994,519;71
8995,519;85
8996,519;94
8997,519;6762
8998,519;6503
8999,519;86
9000,519;83
9001,519;79
9002,519;94
9003,519;6792
9004,519;6486
9005,519;93
9006,519;82
9007,519;103
9008,519;77
9009,519;6772
9010,519;6470
9011,519;69
9012,519;78
9013,519;98
9014,519;89
9015,519;6783
9016,519;6481
9017,519;82
9018,519;80
9019,519;90
9020,519;89
9021,519;6810
9022,519;6466
9023,519;80
9024,519;78
9025,519;80
9026,519;75
9027,519;6772
9028,519;6459
9029,519;74
9030,519;81
9031,519;80
9032,519;89
9033,519;6796
9034,519;6456
9035,519;78
9036,519;72
9037,519;82
9038,519;79
9039,519;6771
9040,519;6500
9041,519;75
9042,519;75
9043,519;81
9044,519;87
9045,519;6788
9046,519;6483
9047,519;78
9048,519;77
9049,519;89
9050,519;85
9051,519;6433
9052,519;6507
9053,519;80
9054,519;70
9055,519;75
9056,519;71
9057,519;6707
9058,519;6526
9059,519;72
9060,519;57
9061,519;72
9062,519;91
9063,519;6749
9064,519;6502
9065,519;65
9066,519;99
9067,519;66
9068,519;95
9069,519;6782
9070,519;6482
9071,519;81
9072,519;101
9073,519;78
9074,519;96
9075,519;6762
9076,519;6474
9077,519;88
9078,519;84
9079,519;76
9080,519;83
9081,519;6784
9082,519;6487
9083,519;90
9084,519;83
9085,519;76
9086,519;76
9087,519;6786
9088,519;6490
9089,519;75
9090,519;87
9091,519;95
9093,287;84
9094,287;6898
9095,287;6383
9096,287;73
9097,287;88
9098,287;88
9099,287;92
9100,287;6763
9101,287;6501
9102,287;78
9103,287;93
9104,287;89
9105,287;94
9106,287;6781
9107,287;6512
9108,287;76
9109,287;89
9110,287;86
9111,287;98
9112,287;6789
9113,287;6504
9114,287;77
9115,287;82
9116,287;95
9117,287;106
9118,287;6757
9119,287;6505
9120,287;81
9121,287;87
9122,287;90
9123,287;101
9124,287;6744
9125,287;6508
9126,287;101
9127,287;93
9128,287;81
9129,287;91
9130,287;6751
9131,287;6490
9132,287;86
9133,287;74
9134,287;87
9135,287;90
9136,287;6782
9137,287;6490
9138,287;75
9139,287;96
9140,287;89
9141,287;114
9142,287;6739
9143,287;6497
9144,287;62
9145,287;87
9146,287;86
9147,287;98
9148,287;6777
9149,287;6512
9150,287;79
9151,287;76
9152,287;100
9153,287;88
9154,287;6775
9155,287;6491
9156,287;92
9157,287;76
9158,287;86
9159,287;89
9160,287;6735
9161,287;6506
9162,287;94
9163,287;93
9164,287;87
9165,287;83
9166,287;6789
9167,287;6522
9168,287;97
9169,287;88
9170,287;82
9171,287;97
9172,287;6775
9173,287;6531
9174,287;87
9175,287;103
9176,287;95
9177,287;103
9178,287;6757
9179,287;6494
9180,287;86
9181,287;83
9182,287;117
9183,287;86
9184,287;6779
9185,287;6504
9186,287;81
9187,287;85
9188,287;85
9189,287;93
9190,287;6726
9191,287;6502
9192,287;91
9193,287;81
9194,999;113
9195,999;82
9196,999;6751
9197,999;6525
9198,999;83
9199,999;108
9200,999;98
9201,999;109
9202,999;6773
9203,999;6504
9204,999;96
9205,999;78
9206,999;101
9207,999;102
9208,999;6765
9209,999;6501
9210,999;96
9211,999;84
9212,999;95
9213,999;80
9214,999;6746
9215,999;6511
9216,999;85
9217,999;76
9218,999;88
9219,999;82
9220,999;6754
9221,999;6515
9222,999;93
9223,999;90
9224,999;76
9225,999;80
9226,999;6772
9227,999;6516
9228,999;103
9229,999;74
9230,999;85
9231,999;90
9232,999;6756
9233,999;6524
9234,999;97
9235,999;74
9236,999;96
9237,999;93
9238,999;6758
9239,999;6516
9240,999;91
9241,999;98
9242,999;82
9243,999;104
9244,999;6752
9245,999;6516
9246,999;79
9247,999;90
9248,999;89
9249,999;95
9250,999;6758
9251,999;6505
9252,999;76
9253,999;110
9254,999;102
9255,999;104
9256,999;6775
9257,999;6526
9258,999;89
9259,999;113
9260,999;96
9261,999;105
9262,999;6787
9263,999;6490
9264,999;86
9265,999;82
9266,999;96
9267,999;95
9268,999;6751
9269,999;6546
9270,999;78
9271,999;79
9272,999;101
9273,999;100
9274,999;6768
9275,999;6527
9276,999;95
9277,999;83
9278,999;84
9279,999;109
9280,999;6779
9281,999;6512
9282,999;79
9283,999;98
9284,999;98
9285,999;107
9286,999;6773
9287,999;6520
9288,999;92
9289,999;108
9290,999;94
9291,999;114
9292,999;6765
9293,999;6501
9294,999;112
9294,999;84
9295,999;99
9296,999;97
9297,999;6764
9298,999;6541
9299,999;81
9300,999;79
9301,999;93
9302,999;100
9303,999;6794
9304,999;6516
9305,999;85
9306,999;88
9307,999;97
9308,999;81
9309,999;6777
9310,999;6535
9311,999;100
9312,999;77
9313,999;102
9314,999;102
9315,999;6783
9316,999;6534
9317,999;87
9318,999;95
9319,999;99
9320,999;72
9321,999;6756
9322,999;6498
9323,999;80
9324,999;89
9325,999;91
9326,999;99
9327,999;6772
9328,999;6546
9329,999;74
9330,999;103
9331,999;91
9332,999;103
9333,999;6755
9334,999;6538
9335,999;86
9336,999;93
9337,999;93
9338,999;95
9339,999;6753
9340,999;6558
9341,999;92
9342,999;86
9343,999;87
9344,999;98
9345,999;6781
9346,999;6539
9347,999;84
9348,999;100
9349,999;103
9350,999;75
9351,999;6768
9352,999;6535
9353,999;77
9354,999;93
9355,999;78
9356,999;91
9357,999;6746
9358,999;6534
9359,999;89
9360,999;81
9361,999;97
9362,999;93
9363,999;6408
9364,999;6548
9365,999;84
9366,999;97
9367,999;94
9368,999;87
9369,999;6705
9370,999;6536
9371,999;82
9372,999;80
9373,999;95
9374,999;103
9375,999;6750
9376,999;6570
9377,999;75
9378,999;91
9379,999;96
9380,999;90
9381,999;6718
9382,999;6557
9383,999;79
9384,999;105
9385,999;87
9386,999;98
9387,999;6767
9388,999;6549
9389,999;84
9390,999;102
9391,999;87
9392,999;92
9393,999;6808
9394,999;6491
9396,117;84
9397,117;99
9398,117;87
9399,117;100
9400,117;6722
9401,117;6547
9402,117;82
9403,117;91
9404,117;98
9405,117;90
9406,117;6768
9407,117;6517
9408,117;96
9409,117;81
9410,117;105
9411,117;74
9412,117;6754
9413,117;6520
9414,117;77
9415,117;83
9416,117;79
9417,117;101
9418,117;6707
9419,117;6523
9420,117;87
9421,117;98
9422,117;89
9423,117;101
9424,117;6748
9425,117;6559
9426,117;77
9427,117;95
9428,117;99
9429,117;89
9430,117;6740
9431,117;6562
9432,117;79
9433,117;96
9434,117;101
9435,117;93
9436,117;6737
9437,117;6547
9438,117;89
9439,117;101
9440,117;102
9441,117;103
9442,117;6757
9443,117;6554
9444,117;98
9445,117;80
9446,117;88
9447,117;97
9448,117;6745
9449,117;6520
9450,117;78
9451,117;78
9452,117;90
9453,117;99
9454,117;6728
9455,117;6529
9456,117;96
9457,117;106
9458,117;102
9459,117;101
9460,117;6730
9461,117;6554
9462,117;93
9463,117;114
9464,117;107
9465,117;102
9466,117;6727
9467,117;6524
9468,117;76
9469,117;87
9470,117;95
9471,117;104
9472,117;6733
9473,117;6546
9474,117;88
9475,117;100
9476,117;86
9477,117;90
9478,117;6722
9479,117;6537
9480,117;80
9481,117;91
9482,117;91
9483,117;87
9484,117;6757
9485,117;6574
9486,117;98
9487,117;92
9488,117;89
9489,117;101
9490,117;6732
9491,117;6520
9492,117;85
9493,117;80
9494,117;99
9495,117;103
9496,117;6734
9496,545;6565
9497,545;91
9498,545;106
9499,545;67
9500,545;98
9501,545;6725
9502,545;6565
9503,545;76
9504,545;100
9505,545;95
9506,545;94
9507,545;6733
9508,545;6573
9509,545;88
9510,545;88
9511,545;95
9512,545;85
9513,545;6753
9514,545;6529
9515,545;89
9516,545;91
9517,545;98
9518,545;92
9519,545;6718
9520,545;6559
9521,545;71
9522,545;76
9523,545;91
9524,545;83
9525,545;6706
9526,545;6545
9527,545;106
9528,545;79
9529,545;82
9530,545;104
9531,545;6731
9532,545;6526
9533,545;94
9534,545;87
9535,545;94
9536,545;105
9537,545;6718
9538,545;6581
9539,545;87
9540,545;78
9541,545;110
9542,545;96
9543,545;6706
9544,545;6544
9545,545;82
9546,545;82
9547,545;85
9548,545;86
9549,545;6709
9550,545;6551
9551,545;70
9552,545;104
9553,545;90
9554,545;94
9555,545;6729
9556,545;6558
9557,545;102
9558,545;81
9559,545;69
9560,545;87
9561,545;6705
9562,545;6555
9563,545;80
9564,545;74
9565,545;83
9566,545;91
9567,545;6705
9568,545;6557
9569,545;99
9570,545;82
9571,545;87
9572,545;82
9573,545;6691
9574,545;6571
9575,545;83
9576,545;80
9577,545;93
9578,545;91
9579,545;6699
9580,545;6547
9581,545;80
9582,545;77
9583,545;93
9584,545;76
9585,545;6700
9586,545;6565
9587,545;79
9588,545;90
9589,545;104
9590,545;82
9591,545;6697
9592,545;6566
9593,545;84
9594,545;88
9595,545;95
9596,545;79
9598,641;6692
9599,641;6575
9600,641;83
9601,641;81
9602,641;88
9603,641;100
9604,641;6719
9605,641;6566
9606,641;80
9607,641;90
9608,641;82
9609,641;97
9610,641;6686
9611,641;6589
9612,641;75
9613,641;95
9614,641;79
9615,641;82
9616,641;6664
9617,641;6597
9618,641;85
9619,641;91
9620,641;93
9621,641;98
9622,641;6672
9623,641;6579
9624,641;81
9625,641;71
9626,641;89
9627,641;88
9628,641;6709
9629,641;6585
9630,641;75
9631,641;76
9632,641;93
9633,641;83
9634,641;6707
9635,641;6570
9636,641;81
9637,641;95
9638,641;97
9639,641;92
9640,641;6685
9641,641;6567
9642,641;72
9643,641;82
9644,641;81
9645,641;86
9646,641;6723
9647,641;6578
9648,641;68
9649,641;79
9650,641;78
9651,641;69
9652,641;6691
9653,641;6584
9654,641;86
9655,641;68
9656,641;96
9657,641;89
9658,641;6673
9659,641;6579
9660,641;84
9661,641;72
9662,641;85
9663,641;90
9664,641;6697
9665,641;6593
9666,641;82
9667,641;71
9668,641;86
9669,641;73
9670,641;6704
9671,641;6592
9672,641;79
9673,641;61
9674,641;85
9675,641;73
9676,641;6321
9677,641;6593
9678,641;70
9679,641;77
9680,641;98
9681,641;75
9682,641;6621
9683,641;6582
9684,641;86
9685,641;73
9686,641;83
9687,641;80
9688,641;6673
9689,641;6579
9690,641;62
9691,641;77
9692,641;82
9693,641;83
9694,641;6666
9695,641;6594
9696,641;87
9697,641;78
9698,641;89
9699,154;77
9700,154;6700
9701,154;6574
9702,154;85
9703,154;76
9704,154;74
9705,154;91
9706,154;6667
9707,154;6579
9708,154;93
9709,154;82
9710,154;80
9711,154;81
9712,154;6774
9713,154;6483
9714,154;76
9715,154;93
9716,154;89
9717,154;82
9718,154;6627
9719,154;6573
9720,154;77
9721,154;67
9722,154;88
9723,154;76
9724,154;6696
9725,154;6571
9726,154;93
9727,154;94
9728,154;82
9729,154;96
9730,154;6677
9731,154;6610
9732,154;95
9733,154;78
9734,154;76
9735,154;95
9736,154;6667
9737,154;6582
9738,154;81
9739,154;80
9740,154;71
9741,154;97
9742,154;6658
9743,154;6598
9744,154;88
9745,154;93
9746,154;100
9747,154;99
9748,154;6669
9749,154;6608
9750,154;104
9751,154;92
9752,154;88
9753,154;102
9754,154;6705
9755,154;6603
9756,154;84
9757,154;98
9758,154;108
9759,154;75
9760,154;6661
9761,154;6587
9762,154;83
9763,154;92
9764,154;76
9765,154;105
9766,154;6706
9767,154;6569
9768,154;77
9769,154;104
9770,154;88
9771,154;101
9772,154;6676
9773,154;6597
9774,154;103
9775,154;90
9776,154;84
9777,154;84
9778,154;6638
9779,154;6619
9780,154;91
9781,154;74
9782,154;86
9783,154;93
9784,154;6678
9785,154;6581
9786,154;90
9787,154;100
9788,154;87
9789,154;98
9790,154;6689
9791,154;6623
9792,154;80
9793,154;89
9794,154;81
9795,154;78
9796,154;6667
9797,154;6627
9798,154;78
9799,154;71
9800,154;65
9801,154;78
9802,154;6695
9803,154;6590
9804,154;73
9805,154;90
9806,154;102
9807,154;92
9808,154;6691
9809,154;6599
9810,154;85
9811,154;110
9812,154;101
9813,154;90
9814,154;6693
9815,154;6628
9816,154;76
9817,154;93
9818,154;94
9819,154;85
9820,154;6656
9821,154;6585
9822,154;79
9823,154;94
9824,154;101
9825,154;90
9826,154;6685
9827,154;6629
9828,154;93
9829,154;94
9830,154;86
9831,154;89
9832,154;6692
9833,154;6610
9834,154;94
9835,154;80
9836,154;78
9837,154;88
9838,154;6664
9839,154;6615
9840,154;96
9841,154;84
9842,154;98
9843,154;99
9844,154;6707
9845,154;6598
9846,154;86
9847,154;83
9848,154;83
9849,154;83
9850,154;6651
9851,154;6612
9852,154;90
9853,154;90
9854,154;111
9855,154;101
9856,154;6679
9857,154;6600
9858,154;83
9859,154;83
9860,154;91
9861,154;96
9862,154;6664
9863,154;6611
9864,154;81
9865,154;104
9866,154;89
9867,154;95
9868,154;6658
9869,154;6609
9870,154;106
9871,154;79
9872,154;104
9873,154;92
9874,154;6667
9875,154;6615
9876,154;99
9877,154;91
9878,154;106
9879,154;95
9880,154;6656
9881,154;6622
9882,154;65
9883,154;97
9884,154;101
9885,154;96
9886,154;6665
9887,154;6630
9888,154;94
9889,154;98
9890,154;74
9891,154;98
9892,154;6690
9893,154;6565
9894,154;95
9895,154;88
9896,154;90
9897,154;112
9898,154;6650
9899,154;6623
9900,154;94
9901,506;97
9902,506;115
9903,506;128
9904,506;6689
9905,506;6616
9906,506;88
9907,506;95
9908,506;94
9909,506;106
9910,506;6672
9911,506;6643
9912,506;75
9913,506;98
9914,506;101
9915,506;96
9916,506;6677
9917,506;6636
9918,506;95
9919,506;76
9920,506;95
9921,506;88
9922,506;6684
9923,506;6627
9924,506;71
9925,506;107
9926,506;72
9927,506;79
9928,506;6726
9929,506;6617
9930,506;77
9931,506;100
9932,506;91
9933,506;106
9934,506;6661
9935,506;6647
9936,506;96
9937,506;112
9938,506;97
9939,506;99
9940,506;6670
9941,506;6609
9942,506;79
9943,506;85
9944,506;98
9945,506;93
9946,506;6672
9947,506;6621
9948,506;65
9949,506;110
9950,506;93
9951,506;80
9952,506;6647
9953,506;6619
9954,506;93
9955,506;98
9956,506;90
9957,506;98
9958,506;6628
9959,506;6624
9960,506;98
9961,506;98
9962,506;83
9963,506;92
9964,506;6683
9965,506;6622
9966,506;80
9967,506;97
9968,506;86
9969,506;96
9970,506;6659
9971,506;6631
9972,506;107
9973,506;76
9974,506;84
9975,506;85
9976,506;6680
9977,506;6611
9978,506;63
9979,506;81
9980,506;94
9981,506;98
9982,506;6682
9983,506;6656
9984,506;84
9985,506;85
9986,506;91
9987,506;104
9988,506;6305
9989,506;6651
9990,506;76
9991,506;97
9992,506;116
9993,506;89
9994,506;6591
9995,506;6668
9996,506;86
9997,506;83
9998,506;98
9999,506;94
10000,506;6642
10001,506;6637
10001,598;114
10002,598;79
10003,598;112
10004,598;78
10005,598;6656
10006,598;6641
10007,598;81
10008,598;87
10009,598;83
10010,598;114
10011,598;6647
10012,598;6630
10013,598;83
10014,598;90
10015,598;90
10016,598;103
10017,598;6644
10018,598;6645
10019,598;85
10020,598;79
10021,598;87
10022,598;92
10023,598;6660
10024,598;6657
10025,598;81
10026,598;104
10027,598;93
10028,598;97
10029,598;6654
10030,598;6628
10031,598;102
10032,598;102
10033,598;99
10034,598;107
10035,598;6662
10036,598;6653
10037,598;99
10038,598;87
10039,598;93
10040,598;98
10041,598;6658
10042,598;6628
10043,598;86
10044,598;87
10045,598;80
10046,598;97
10047,598;6662
10048,598;6624
10049,598;92
10050,598;110
10051,598;94
10052,598;85
10053,598;6661
10054,598;6638
10055,598;86
10056,598;97
10057,598;107
10058,598;103
10059,598;6636
10060,598;6680
10061,598;72
10062,598;82
10063,598;96
10064,598;91
10065,598;6662
10066,598;6639
10067,598;109
10068,598;103
10069,598;76
10070,598;101
10071,598;6661
10072,598;6623
10073,598;99
10074,598;101
10075,598;106
10076,598;87
10077,598;6651
10078,598;6632
10079,598;94
10080,598;79
10081,598;84
10082,598;110
10083,598;6638
10084,598;6671
10085,598;73
10086,598;86
10087,598;110
10088,598;87
10089,598;6617
10090,598;6644
10091,598;74
10092,598;78
10093,598;108
10094,598;78
10095,598;6626
10096,598;6635
10097,598;99
10098,598;83
10099,598;75
10100,598;104
10101,598;6620
10102,761;6651
10103,761;93
10104,761;91
10105,761;82
10106,761;99
10107,761;6625
10108,761;6649
10109,761;76
10110,761;78
10111,761;86
10112,761;103
10113,761;6621
10114,761;6649
10115,761;83
10116,761;91
10117,761;100
10118,761;90
10119,761;6619
10120,761;6671
10121,761;88
10122,761;95
10123,761;83
10124,761;105
10125,761;6637
10126,761;6640
10127,761;91
10128,761;98
10129,761;108
10130,761;103
10131,761;6620
10132,761;6678
10133,761;84
10134,761;99
10135,761;89
10136,761;99
10137,761;6626
10138,761;6630
10139,761;83
10140,761;81
10141,761;81
10142,761;106
10143,761;6622
10144,761;6654
10145,761;83
10146,761;96
10147,761;107
10148,761;97
10149,761;6637
10150,761;6678
10151,761;78
10152,761;71
10153,761;78
10154,761;101
10155,761;6643
10156,761;6664
10157,761;90
10158,761;90
10159,761;88
10160,761;91
10161,761;6606
10162,761;6660
10163,761;75
10164,761;87
10165,761;99
10166,761;89
10167,761;6629
10168,761;6616
10169,761;95
10170,761;80
10171,761;89
10172,761;93
10173,761;6619
10174,761;6661
10175,761;97
10176,761;93
10177,761;98
10178,761;80
10179,761;6615
10180,761;6668
10181,761;80
10182,761;96
10183,761;94
10184,761;98
10185,761;6612
10186,761;6639
10187,761;95
10188,761;102
10189,761;77
10190,761;77
10191,761;6638
10192,761;6675
10193,761;79
10194,761;100
10195,761;89
10196,761;81
10197,761;6583
10198,761;6665
10199,761;68
10200,761;94
10201,761;91
10202,761;99
10204,025;6617
10205,025;6644
10206,025;78
10207,025;90
10208,025;102
10209,025;81
10210,025;6614
10211,025;6679
10212,025;66
10213,025;63
10214,025;81
10215,025;85
10216,025;6609
10217,025;6679
10218,025;76
10219,025;80
10220,025;89
10221,025;95
10222,025;6607
10223,025;6663
10224,025;81
10225,025;86
10226,025;95
10227,025;100
10228,025;6614
10229,025;6654
10230,025;91
10231,025;112
10232,025;91
10233,025;78
10234,025;6599
10235,025;6669
10236,025;70
10237,025;82
10238,025;89
10239,025;101
10240,025;6615
10241,025;6682
10242,025;106
10243,025;70
10244,025;95
10245,025;81
10246,025;6590
10247,025;6663
10248,025;88
10249,025;88
10250,025;99
10251,025;83
10252,025;6614
10253,025;6659
10254,025;74
10255,025;86
10256,025;87
10257,025;87
10258,025;6568
10259,025;6673
10260,025;73
10261,025;92
10262,025;86
10263,025;79
10264,025;6583
10265,025;6670
10266,025;70
10267,025;81
10268,025;71
10269,025;82
10270,025;6586
10271,025;6684
10272,025;85
10273,025;62
10274,025;75
10275,025;87
10276,025;6591
10277,025;6650
10278,025;80
10279,025;72
10280,025;98
10281,025;85
10282,025;6600
10283,025;6660
10284,025;71
10285,025;82
10286,025;72
10287,025;78
10288,025;6599
10289,025;6688
10290,025;81
10291,025;79
10292,025;81
10293,025;89
10294,025;6584
10295,025;6680
10296,025;94
10297,025;79
10298,025;55
10299,025;77
10300,025;6240
10301,025;6659
10302,025;87
10303,025;90
10304,025;59
10305,025;81
10306,025;6610
10307,025;6597
10308,025;80
10309,025;76
10310,025;82
10311,025;85
10312,025;6562
10313,025;6674
10314,025;75
10315,025;102
10316,025;77
10317,025;76
10318,025;6585
10319,025;6680
10320,025;86
10321,025;100
10322,025;70
10323,025;91
10324,025;6589
10325,025;6687
10326,025;84
10327,025;95
10328,025;83
10329,025;68
10330,025;6573
10331,025;6675
10332,025;76
10333,025;68
10334,025;90
10335,025;83
10336,025;6582
10337,025;6697
10338,025;84
10339,025;93
10340,025;81
10341,025;59
10342,025;6598
10343,025;6673
10344,025;70
10345,025;91
10346,025;101
10347,025;88
10348,025;6568
10349,025;6687
10350,025;67
10351,025;77
10352,025;93
10353,025;104
10354,025;6570
10355,025;6696
10356,025;71
10357,025;81
10358,025;80
10359,025;94
10360,025;6579
10361,025;6710
10362,025;78
10363,025;81
10364,025;98
10365,025;90
10366,025;6578
10367,025;6693
10368,025;82
10369,025;96
10370,025;93
10371,025;83
10372,025;6600
10373,025;6675
10374,025;85
10375,025;93
10376,025;89
10377,025;71
10378,025;6536
10379,025;6682
10380,025;84
10381,025;83
10382,025;80
10383,025;92
10384,025;6569
10385,025;6710
10386,025;99
10387,025;67
10388,025;87
10389,025;90
10390,025;6629
10391,025;6675
10392,025;84
10393,025;98
10394,025;90
10395,025;97
10396,025;6609
10397,025;6681
10398,025;88
10399,025;80
10400,025;87
10401,025;90
10402,025;6654
10403,025;6631
10404,025;87
10405,025;90
10406,148;85
10407,148;104
10408,148;6589
10409,148;6686
10410,148;83
10411,148;95
10412,148;85
10413,148;91
10414,148;6588
10415,148;6693
10416,148;87
10417,148;92
10418,148;82
10419,148;105
10420,148;6564
10421,148;6688
10422,148;86
10423,148;83
10424,148;84
10425,148;88
10426,148;6602
10427,148;6705
10428,148;70
10429,148;80
10430,148;100
10431,148;103
10432,148;6575
10433,148;6699
10434,148;99
10435,148;79
10436,148;86
10437,148;82
10438,148;6587
10439,148;6673
10440,148;80
10441,148;95
10442,148;91
10443,148;78
10444,148;6590
10445,148;6715
10446,148;84
10447,148;85
10448,148;103
10449,148;84
10450,148;6592
10451,148;6717
10452,148;80
10453,148;79
10454,148;93
10455,148;88
10456,148;6588
10457,148;6685
10458,148;81
10459,148;91
10460,148;92
10461,148;86
10462,148;6575
10463,148;6710
10464,148;85
10465,148;109
10466,148;101
10467,148;88
10468,148;6594
10469,148;6709
10470,148;81
10471,148;74
10472,148;93
10473,148;94
10474,148;6589
10475,148;6683
10476,148;80
10477,148;89
10478,148;73
10479,148;93
10480,148;6564
10481,148;6692
10482,148;90
10483,148;76
10484,148;96
10485,148;106
10486,148;6594
10487,148;6682
10488,148;90
10489,148;94
10490,148;90
10491,148;99
10492,148;6593
10493,148;6708
10494,148;82
10495,148;96
10496,148;100
10497,148;93
10498,148;6529
10499,148;6696
10500,148;81
10501,148;90
10502,148;85
10503,148;100
10504,148;6601
10505,148;6702
10506,148;95
10507,034;105
10508,034;108
10509,034;114
10510,034;6552
10511,034;6719
10512,034;99
10513,034;71
10514,034;92
10515,034;104
10516,034;6553
10517,034;6721
10518,034;75
10519,034;81
10520,034;93
10521,034;93
10522,034;6599
10523,034;6737
10524,034;84
10525,034;92
10526,034;84
10527,034;94
10528,034;6569
10529,034;6709
10530,034;84
10531,034;86
10532,034;95
10533,034;90
10534,034;6693
10535,034;6598
10536,034;77
10537,034;71
10538,034;109
10539,034;94
10540,034;6585
10541,034;6687
10542,034;89
10543,034;87
10544,034;97
10545,034;98
10546,034;6586
10547,034;6686
10548,034;85
10549,034;97
10550,034;107
10551,034;77
10552,034;6547
10553,034;6714
10554,034;89
10555,034;91
10556,034;90
10557,034;99
10558,034;6587
10559,034;6707
10560,034;96
10561,034;84
10562,034;99
10563,034;111
10564,034;6568
10565,034;6734
10566,034;86
10567,034;96
10568,034;89
10569,034;117
10570,034;6596
10571,034;6738
10572,034;92
10573,034;104
10574,034;109
10575,034;103
10576,034;6570
10577,034;6725
10578,034;94
10579,034;93
10580,034;100
10581,034;90
10582,034;6573
10583,034;6745
10584,034;84
10585,034;85
10586,034;83
10587,034;100
10588,034;6583
10589,034;6699
10590,034;97
10591,034;93
10592,034;87
10593,034;110
10594,034;6564
10595,034;6723
10596,034;85
10597,034;81
10598,034;96
10599,034;94
10600,034;6557
10601,034;6738
10602,034;90
10603,034;77
10604,034;103
10605,034;107
10606,034;6531
10607,034;6719
10607,495;81
10608,495;89
10609,495;95
10610,495;98
10611,495;6222
10612,495;6765
10613,495;107
10614,495;94
10615,495;104
10616,495;83
10617,495;6494
10618,495;6762
10619,495;81
10620,495;96
10621,495;99
10622,495;87
10623,495;6562
10624,495;6749
10625,495;111
10626,495;107
10627,495;75
10628,495;97
10629,495;6574
10630,495;6732
10631,495;85
10632,495;92
10633,495;92
10634,495;92
10635,495;6609
10636,495;6694
10637,495;102
10638,495;86
10639,495;89
10640,495;98
10641,495;6578
10642,495;6747
10643,495;92
10644,495;87
10645,495;116
10646,495;93
10647,495;6590
10648,495;6733
10649,495;85
10650,495;109
10651,495;97
10652,495;102
10653,495;6568
10654,495;6714
10655,495;103
10656,495;115
10657,495;103
10658,495;93
10659,495;6536
10660,495;6761
10661,495;88
10662,495;83
10663,495;95
10664,495;99
10665,495;6570
10666,495;6751
10667,495;84
10668,495;84
10669,495;93
10670,495;88
10671,495;6560
10672,495;6719
10673,495;84
10674,495;105
10675,495;87
10676,495;115
10677,495;6544
10678,495;6718
10679,495;103
10680,495;102
10681,495;91
10682,495;95
10683,495;6573
10684,495;6717
10685,495;93
10686,495;97
10687,495;73
10688,495;89
10689,495;6544
10690,495;6746
10691,495;83
10692,495;71
10693,495;90
10694,495;90
10695,495;6538
10696,495;6767
10697,495;92
10698,495;108
10699,495;89
10700,495;98
10701,495;6542
10702,495;6725
10703,495;78
10704,495;96
10705,495;91
10706,495;79
10707,495;6560
10709,089;6720
10710,089;84
10711,089;97
10712,089;85
10713,089;99
10714,089;6547
10715,089;6735
10716,089;86
10717,089;107
10718,089;80
10719,089;106
10720,089;6509
10721,089;6755
10722,089;78
10723,089;66
10724,089;76
10725,089;97
10726,089;6566
10727,089;6731
10728,089;103
10729,089;79
10730,089;95
10731,089;101
10732,089;6563
10733,089;6715
10734,089;96
10735,089;95
10736,089;93
10737,089;109
10738,089;6532
10739,089;6735
10740,089;83
10741,089;83
10742,089;93
10743,089;79
10744,089;6550
10745,089;6766
10746,089;75
10747,089;85
10748,089;83
10749,089;91
10750,089;6554
10751,089;6763
10752,089;88
10753,089;103
10754,089;93
10755,089;80
10756,089;6525
10757,089;6749
10758,089;84
10759,089;98
10760,089;94
10761,089;92
10762,089;6548
10763,089;6737
10764,089;75
10765,089;88
10766,089;86
10767,089;82
10768,089;6573
10769,089;6761
10770,089;86
10771,089;86
10772,089;86
10773,089;108
10774,089;6521
10775,089;6741
10776,089;87
10777,089;92
10778,089;89
10779,089;87
10780,089;6501
10781,089;6770
10782,089;91
10783,089;82
10784,089;99
10785,089;98
10786,089;6504
10787,089;6730
10788,089;81
10789,089;95
10790,089;97
10791,089;99
10792,089;6543
10793,089;6749
10794,089;90
10795,089;106
10796,089;88
10797,089;97
10798,089;6580
10799,089;6660
10800,089;92
10801,089;109
10802,089;88
10803,089;85
10804,089;6542
10805,089;6747
10806,089;66
10807,089;97
10808,089;90
10809,089;80
10809,942;6520
10810,942;6746
10811,942;87
10812,942;79
10813,942;89
10814,942;110
10815,942;6524
10816,942;6780
10817,942;74
10818,942;111
10819,942;87
10820,942;88
10821,942;6550
10822,942;6718
10823,942;79
10824,942;88
10825,942;88
10826,942;95
10827,942;6536
10828,942;6761
10829,942;97
10830,942;71
10831,942;105
10832,942;78
10833,942;6524
10834,942;6760
10835,942;74
10836,942;79
10837,942;80
10838,942;96
10839,942;6506
10840,942;6771
10841,942;76
10842,942;84
10843,942;85
10844,942;94
10845,942;6564
10846,942;6696
10847,942;78
10848,942;88
10849,942;82
10850,942;90
10851,942;6508
10852,942;6765
10853,942;72
10854,942;86
10855,942;89
10856,942;98
10857,942;6497
10858,942;6762
10859,942;78
10860,942;109
10861,942;91
10862,942;86
10863,942;6508
10864,942;6755
10865,942;94
10866,942;98
10867,942;87
10868,942;95
10869,942;6490
10870,942;6742
10871,942;73
10872,942;102
10873,942;96
10874,942;84
10875,942;6518
10876,942;6748
10877,942;79
10878,942;82
10879,942;78
10880,942;84
10881,942;6545
10882,942;6756
10883,942;70
10884,942;77
10885,942;83
10886,942;75
10887,942;6527
10888,942;6760
10889,942;78
10890,942;100
10891,942;81
10892,942;68
10893,942;6495
10894,942;6760
10895,942;70
10896,942;75
10897,942;85
10898,942;74
10899,942;6473
10900,942;6786
10901,942;74
10902,942;84
10903,942;87
10904,942;76
10905,942;6499
10906,942;6779
10907,942;78
10908,942;81
10909,942;85
10910,942;80
10911,942;6509
10912,942;6784
10913,942;78
10914,942;70
10915,942;71
10916,942;89
10917,942;6489
10918,942;6782
10919,942;80
10920,942;72
10921,942;77
10922,942;89
10923,942;6165
10924,942;6774
10925,942;77
10926,942;75
10927,942;77
10928,942;87
10929,942;6415
10930,942;6738
10931,942;76
10932,942;79
10933,942;79
10934,942;95
10935,942;6476
10936,942;6774
10937,942;72
10938,942;68
10939,942;99
10940,942;76
10941,942;6506
10942,942;6767
10943,942;70
10944,942;81
10945,942;98
10946,942;77
10947,942;6478
10948,942;6785
10949,942;73
10950,942;93
10951,942;77
10952,942;75
10953,942;6479
10954,942;6773
10955,942;74
10956,942;87
10957,942;75
10958,942;77
10959,942;6498
10960,942;6786
10961,942;70
10962,942;83
10963,942;109
10964,942;83
10965,942;6476
10966,942;6774
10967,942;75
10968,942;79
10969,942;78
10970,942;84
10971,942;6462
10972,942;6785
10973,942;63
10974,942;87
10975,942;98
10976,942;85
10977,942;6456
10978,942;6790
10979,942;57
10980,942;95
10981,942;85
10982,942;86
10983,942;6507
10984,942;6779
10985,942;84
10986,942;96
10987,942;106
10988,942;92
10989,942;6476
10990,942;6759
10991,942;78
10992,942;86
10993,942;77
10994,942;71
10995,942;6503
10996,942;6762
10997,942;86
10998,942;77
10999,942;93
11000,942;77
11001,942;6518
11002,942;6790
11003,942;90
11004,942;87
11005,942;85
11006,942;87
11007,942;6493
11008,942;6767
11009,942;76
11010,942;102
11012,237;92
11013,237;81
11014,237;6484
11015,237;6775
11016,237;76
11017,237;85
11018,237;112
11019,237;109
11020,237;6484
11021,237;6802
11022,237;80
11023,237;103
11024,237;93
11025,237;93
11026,237;6506
11027,237;6787
11028,237;79
11029,237;85
11030,237;84
11031,237;79
11032,237;6478
11033,237;6782
11034,237;93
11035,237;91
11036,237;75
11037,237;87
11038,237;6463
11039,237;6794
11040,237;70
11041,237;110
11042,237;92
11043,237;70
11044,237;6498
11045,237;6799
11046,237;80
11047,237;76
11048,237;85
11049,237;111
11050,237;6493
11051,237;6799
11052,237;63
11053,237;83
11054,237;105
11055,237;102
11056,237;6503
11057,237;6820
11058,237;87
11059,237;85
11060,237;93
11061,237;86
11062,237;6492
11063,237;6805
11064,237;80
11065,237;100
11066,237;88
11067,237;90
11068,237;6496
11069,237;6778
11070,237;81
11071,237;90
11072,237;88
11073,237;97
11074,237;6498
11075,237;6777
11076,237;75
11077,237;89
11078,237;103
11079,237;87
11080,237;6468
11081,237;6785
11082,237;75
11083,237;90
11084,237;100
11085,237;84
11086,237;6489
11087,237;6802
11088,237;91
11089,237;96
11090,237;88
11091,237;88
11092,237;6442
11093,237;6791
11094,237;72
11095,237;105
11096,237;98
11097,237;89
11098,237;6444
11099,237;6776
11100,237;92
11101,237;88
11102,237;95
11103,237;98
11104,237;6479
11105,237;6824
11106,237;94
11107,237;92
11108,237;94
11109,237;85
11110,237;6478
11111,237;6786
11112,237;77
11113,296;98
11114,296;99
11115,296;102
11116,296;6471
11117,296;6817
11118,296;91
11119,296;91
11120,296;101
11121,296;113
11122,296;6483
11123,296;6794
11124,296;95
11125,296;94
11126,296;100
11127,296;97
11128,296;6465
11129,296;6785
11130,296;84
11131,296;110
11132,296;83
11133,296;98
11134,296;6577
11135,296;6716
11136,296;79
11137,296;102
11138,296;90
11139,296;90
11140,296;6467
11141,296;6820
11142,296;91
11143,296;73
11144,296;104
11145,296;74
11146,296;6580
11147,296;6714
11148,296;89
11149,296;81
11150,296;94
11151,296;117
11152,296;6477
11153,296;6802
11154,296;90
11155,296;96
11156,296;100
11157,296;104
11158,296;6445
11159,296;6785
11160,296;91
11161,296;105
11162,296;91
11163,296;104
11164,296;6506
11165,296;6803
11166,296;78
11167,296;106
11168,296;109
11169,296;95
11170,296;6477
11171,296;6830
11172,296;86
11173,296;106
11174,296;90
11175,296;79
11176,296;6489
11177,296;6808
11178,296;84
11179,296;105
11180,296;80
11181,296;86
11182,296;6479
11183,296;6818
11184,296;84
11185,296;108
11186,296;96
11187,296;101
11188,296;6511
11189,296;6811
11190,296;89
11191,296;85
11192,296;100
11193,296;86
11194,296;6478
11195,296;6805
11196,296;94
11197,296;73
11198,296;106
11199,296;97
11200,296;6461
11201,296;6808
11202,296;103
11203,296;85
11204,296;91
11205,296;101
11206,296;6481
11207,296;6842
11208,296;101
11209,296;86
11210,296;89
11211,296;112
11212,296;6453
11213,296;6832
11214,417;80
11215,417;71
11216,417;97
11217,417;95
11218,417;6469
11219,417;6842
11220,417;81
11221,417;87
11222,417;89
11223,417;95
11224,417;6474
11225,417;6807
11226,417;72
11227,417;98
11228,417;103
11229,417;90
11230,417;6433
11231,417;6802
11232,417;93
11233,417;92
11234,417;83
11235,417;86
11236,417;6102
11237,417;6794
11238,417;100
11239,417;78
11240,417;86
11241,417;102
11242,417;6419
11243,417;6819
11244,417;91
11245,417;90
11246,417;99
11247,417;95
11248,417;6435
11249,417;6801
11250,417;82
11251,417;76
11252,417;108
11253,417;93
11254,417;6459
11255,417;6833
11256,417;97
11257,417;95
11258,417;112
11259,417;110
11260,417;6467
11261,417;6827
11262,417;97
11263,417;91
11264,417;103
11265,417;108
11266,417;6472
11267,417;6821
11268,417;92
11269,417;92
11270,417;97
11271,417;122
11272,417;6451
11273,417;6807
11274,417;86
11275,417;97
11276,417;95
11277,417;87
11278,417;6459
11279,417;6834
11280,417;92
11281,417;89
11282,417;86
11283,417;91
11284,417;6471
11285,417;6807
11286,417;82
11287,417;102
11288,417;99
11289,417;98
11290,417;6435
11291,417;6805
11292,417;85
11293,417;89
11294,417;103
11295,417;96
11296,417;6462
11297,417;6855
11298,417;85
11299,417;96
11300,417;101
11301,417;81
11302,417;6485
11303,417;6799
11304,417;80
11305,417;93
11306,417;107
11307,417;92
11308,417;6450
11309,417;6784
11310,417;106
11311,417;84
11312,417;96
11313,417;89
11314,417;6452
11314,563;6841
11315,563;80
11316,563;92
11317,563;104
11318,563;98
11319,563;6426
11320,563;6832
11321,563;87
11322,563;93
11323,563;86
11324,563;91
11325,563;6453
11326,563;6834
11327,563;84
11328,563;92
11329,563;85
11330,563;98
11331,563;6444
11332,563;6845
11333,563;97
11334,563;79
11335,563;94
11336,563;95
11337,563;6409
11338,563;6832
11339,563;76
11340,563;102
11341,563;102
11342,563;89
11343,563;6449
11344,563;6826
11345,563;95
11346,563;78
11347,563;90
11348,563;98
11349,563;6452
11350,563;6823
11351,563;100
11352,563;96
11353,563;86
11354,563;89
11355,563;6468
11356,563;6847
11357,563;77
11358,563;94
11359,563;94
11360,563;102
11361,563;6443
11362,563;6830
11363,563;76
11364,563;84
11365,563;94
11366,563;88
11367,563;6528
11368,563;6759
11369,563;70
11370,563;91
11371,563;97
11372,563;89
11373,563;6438
11374,563;6823
11375,563;91
11376,563;91
11377,563;89
11378,563;113
11379,563;6422
11380,563;6866
11381,563;85
11382,563;82
11383,563;95
11384,563;97
11385,563;6449
11386,563;6847
11387,563;81
11388,563;95
11389,563;105
11390,563;100
11391,563;6425
11392,563;6847
11393,563;87
11394,563;89
11395,563;93
11396,563;83
11397,563;6393
11398,563;6837
11399,563;78
11400,563;98
11401,563;77
11402,563;100
11403,563;6451
11404,563;6826
11405,563;88
11406,563;98
11407,563;95
11408,563;104
11409,563;6515
11410,563;6777
11411,563;77
11412,563;81
11413,563;83
11414,563;100
11416,563;6411
11417,563;6838
11418,563;98
11419,563;103
11420,563;86
11421,563;93
11422,563;6435
11423,563;6864
11424,563;75
11425,563;96
11426,563;94
11427,563;92
11428,563;6418
11429,563;6860
11430,563;88
11431,563;79
11432,563;90
11433,563;87
11434,563;6411
11435,563;6860
11436,563;92
11437,563;91
11438,563;81
11439,563;103
11440,563;6423
11441,563;6848
11442,563;70
11443,563;87
11444,563;86
11445,563;90
11446,563;6424
11447,563;6874
11448,563;84
11449,563;78
11450,563;95
11451,563;83
11452,563;6482
11453,563;6800
11454,563;79
11455,563;69
11456,563;102
11457,563;92
11458,563;6384
11459,563;6850
11460,563;77
11461,563;62
11462,563;101
11463,563;93
11464,563;6419
11465,563;6854
11466,563;68
11467,563;78
11468,563;97
11469,563;91
11470,563;6389
11471,563;6865
11472,563;84
11473,563;96
11474,563;89
11475,563;79
11476,563;6386
11477,563;6826
11478,563;78
11479,563;82
11480,563;91
11481,563;80
11482,563;6422
11483,563;6865
11484,563;79
11485,563;75
11486,563;85
11487,563;64
11488,563;6424
11489,563;6840
11490,563;74
11491,563;80
11492,563;78
11493,563;89
11494,563;6412
11495,563;6859
11496,563;86
11497,563;83
11498,563;111
11499,563;92
11500,563;6377
11501,563;6865
11502,563;75
11503,563;83
11504,563;101
11505,563;90
11506,563;6427
11507,563;6855
11508,563;75
11509,563;109
11510,563;74
11511,563;99
11512,563;6413
11513,563;6864
11514,563;79
11515,563;80
11516,563;79
11516,986;91
11517,986;6392
11518,986;6828
11519,986;79
11520,986;87
11521,986;95
11522,986;76
11523,986;6406
11524,986;6854
11525,986;78
11526,986;98
11527,986;74
11528,986;72
11529,986;6383
11530,986;6850
11531,986;70
11532,986;80
11533,986;69
11534,986;83
11535,986;6394
11536,986;6859
11537,986;61
11538,986;84
11539,986;79
11540,986;51
11541,986;6414
11542,986;6843
11543,986;85
11544,986;85
11545,986;66
11546,986;76
11547,986;6074
11548,986;6868
11549,986;71
11550,986;81
11551,986;75
11552,986;85
11553,986;6316
11554,986;6883
11555,986;81
11556,986;75
11557,986;80
11558,986;71
11559,986;6383
11560,986;6883
11561,986;87
11562,986;79
11563,986;79
11564,986;87
11565,986;6395
11566,986;6843
11567,986;88
11568,986;75
11569,986;81
11570,986;75
11571,986;6387
11572,986;6868
11573,986;82
11574,986;89
11575,986;83
11576,986;105
11577,986;6450
11578,986;6753
11579,986;64
11580,986;77
11581,986;64
11582,986;82
11583,986;6395
11584,986;6889
11585,986;76
11586,986;86
11587,986;86
11588,986;80
11589,986;6391
11590,986;6867
11591,986;72
11592,986;90
11593,986;77
11594,986;84
11595,986;6391
11596,986;6879
11597,986;95
11598,986;84
11599,986;90
11600,986;97
11601,986;6404
11602,986;6875
11603,986;79
11604,986;95
11605,986;98
11606,986;75
11607,986;6401
11608,986;6885
11609,986;100
11610,986;91
11611,986;95
11612,986;67
11613,986;6356
11614,986;6876
11615,986;82
11616,986;102
11616,921;82
11617,921;62
11618,921;6379
11619,921;6884
11620,921;61
11621,921;77
11622,921;108
11623,921;79
11624,921;6374
11625,921;6855
11626,921;83
11627,921;89
11628,921;79
11629,921;102
11630,921;6382
11631,921;6889
11632,921;78
11633,921;86
11634,921;91
11635,921;91
11636,921;6369
11637,921;6890
11638,921;89
11639,921;92
11640,921;85
11641,921;91
11642,921;6383
11643,921;6878
11644,921;76
11645,921;91
11646,921;96
11647,921;79
11648,921;6380
11649,921;6886
11650,921;79
11651,921;85
11652,921;81
11653,921;86
11654,921;6399
11655,921;6886
11656,921;84
11657,921;97
11658,921;92
11659,921;88
11660,921;6401
11661,921;6871
11662,921;89
11663,921;93
11664,921;88
11665,921;90
11666,921;6383
11667,921;6901
11668,921;92
11669,921;82
11670,921;108
11671,921;95
11672,921;6385
11673,921;6890
11674,921;81
11675,921;89
11676,921;98
11677,921;82
11678,921;6381
11679,921;6887
11680,921;80
11681,921;94
11682,921;69
11683,921;80
11684,921;6400
11685,921;6897
11686,921;81
11687,921;80
11688,921;90
11689,921;113
11690,921;6380
11691,921;6869
11692,921;91
11693,921;92
11694,921;96
11695,921;116
11696,921;6364
11697,921;6886
11698,921;72
11699,921;94
11700,921;102
11701,921;75
11702,921;6399
11703,921;6895
11704,921;81
11705,921;75
11706,921;95
11707,921;77
11708,921;6377
11709,921;6880
11710,921;64
11711,921;95
11712,921;101
11713,921;95
11714,921;6376
11715,921;6922
11716,921;78
11719,387;86
11720,387;89
11721,387;91
11722,387;6385
11723,387;6897
11724,387;97
11725,387;92
11726,387;100
11727,387;98
11728,387;6424
11729,387;6917
11730,387;104
11731,387;94
11732,387;84
11733,387;94
11734,387;6406
11735,387;6901
11736,387;102
11737,387;88
11738,387;90
11739,387;101
11740,387;6363
11741,387;6882
11742,387;85
11743,387;86
11744,387;91
11745,387;96
11746,387;6382
11747,387;6896
11748,387;102
11749,387;92
11750,387;111
11751,387;98
11752,387;6406
11753,387;6912
11754,387;89
11755,387;93
11756,387;88
11757,387;102
11758,387;6414
11759,387;6854
11760,387;74
11761,387;108
11762,387;108
11763,387;74
11764,387;6393
11765,387;6896
11766,387;96
11767,387;83
11768,387;101
11769,387;80
11770,387;6369
11771,387;6918
11772,387;86
11773,387;78
11774,387;91
11775,387;118
11776,387;6389
11777,387;6901
11778,387;74
11779,387;108
11780,387;101
11781,387;92
11782,387;6369
11783,387;6906
11784,387;97
11785,387;111
11786,387;117
11787,387;91
11788,387;6400
11789,387;6875
11790,387;87
11791,387;105
11792,387;83
11793,387;88
11794,387;6386
11795,387;6882
11796,387;86
11797,387;101
11798,387;102
11799,387;87
11800,387;6421
11801,387;6863
11802,387;93
11803,387;94
11804,387;92
11805,387;92
11806,387;6387
11807,387;6895
11808,387;106
11809,387;95
11810,387;99
11811,387;95
11812,387;6382
11813,387;6913
11814,387;88
11815,387;100
11816,387;109
11817,387;106
11818,387;6361
11819,387;6926
11819,858;96
11820,858;89
11821,858;85
11822,858;104
11823,858;6352
11824,858;6906
11825,858;93
11826,858;103
11827,858;89
11828,858;91
11829,858;6388
11830,858;6880
11831,858;87
11832,858;105
11833,858;95
11834,858;86
11835,858;6405
11836,858;6863
11837,858;81
11838,858;81
11839,858;81
11840,858;97
11841,858;6382
11842,858;6897
11843,858;100
11844,858;114
11845,858;112
11846,858;109
11847,858;6355
11848,858;6890
11849,858;76
11850,858;92
11851,858;105
11852,858;87
11853,858;6363
11854,858;6910
11855,858;90
11856,858;82
11857,858;120
11858,858;95
11859,858;6139
11860,858;6818
11861,858;93
11862,858;119
11863,858;100
11864,858;91
11865,858;6317
11866,858;6912
11867,858;79
11868,858;105
11869,858;88
11870,858;100
11871,858;6354
11872,858;6922
11873,858;86
11874,858;99
11875,858;88
11876,858;102
11877,858;6362
11878,858;6911
11879,858;106
11880,858;81
11881,858;114
11882,858;99
11883,858;6381
11884,858;6882
11885,858;104
11886,858;86
11887,858;101
11888,858;84
11889,858;6359
11890,858;6921
11891,858;89
11892,858;68
11893,858;97
11894,858;91
11895,858;6360
11896,858;6922
11897,858;68
11898,858;88
11899,858;83
11900,858;100
11901,858;6358
11902,858;6918
11903,858;85
11904,858;84
11905,858;91
11906,858;96
11907,858;6383
11908,858;6935
11909,858;69
11910,858;89
11911,858;106
11912,858;101
11913,858;6332
11914,858;6943
11915,858;83
11916,858;83
11917,858;77
11918,858;109
11919,858;6352
11920,858;6897
11921,858;97
11922,858;107
11923,858;103
11924,858;97
11925,858;6411
11926,858;6862
11927,858;89
11928,858;92
11929,858;93
11930,858;91
11931,858;6349
11932,858;6908
11933,858;90
11934,858;88
11935,858;103
11936,858;88
11937,858;6342
11938,858;6919
11939,858;106
11940,858;88
11941,858;99
11942,858;99
11943,858;6368
11944,858;6924
11945,858;76
11946,858;84
11947,858;95
11948,858;114
11949,858;6337
11950,858;6914
11951,858;93
11952,858;84
11953,858;102
11954,858;90
11955,858;6338
11956,858;6959
11957,858;92
11958,858;92
11959,858;98
11960,858;84
11961,858;6340
11962,858;6930
11963,858;86
11964,858;100
11965,858;101
11966,858;97
11967,858;6321
11968,858;6941
11969,858;81
11970,858;86
11971,858;94
11972,858;88
11973,858;6326
11974,858;6911
11975,858;80
11976,858;90
11977,858;107
11978,858;98
11979,858;6420
11980,858;6900
11981,858;96
11982,858;70
11983,858;86
11984,858;106
11985,858;6336
11986,858;6920
11987,858;88
11988,858;77
11989,858;84
11990,858;100
11991,858;6364
11992,858;6874
11993,858;89
11994,858;94
11995,858;96
11996,858;102
11997,858;6312
11998,858;6928
11999,858;82
12000,858;109
12001,858;79
12002,858;76
12003,858;6339
12004,858;6913
12005,858;81
12006,858;76
12007,858;96
12008,858;117
12009,858;6355
12010,858;6882
12011,858;74
12012,858;111
12013,858;92
12014,858;83
12015,858;6324
12016,858;6926
12017,858;106
12018,858;61
12019,858;87
12020,858;100
12021,635;6350
12022,635;6919
12023,635;80
12024,635;85
12025,635;107
12026,635;90
12027,635;6354
12028,635;6909
12029,635;88
12030,635;82
12031,635;84
12032,635;99
12033,635;6321
12034,635;6926
12035,635;106
12036,635;85
12037,635;72
12038,635;82
12039,635;6322
12040,635;6955
12041,635;81
12042,635;77
12043,635;101
12044,635;109
12045,635;6308
12046,635;6931
12047,635;87
12048,635;106
12049,635;88
12050,635;102
12051,635;6297
12052,635;6932
12053,635;74
12054,635;98
12055,635;89
12056,635;102
12057,635;6428
12058,635;6835
12059,635;85
12060,635;83
12061,635;94
12062,635;82
12063,635;6327
12064,635;6932
12065,635;79
12066,635;97
12067,635;102
12068,635;85
12069,635;6309
12070,635;6919
12071,635;87
12072,635;99
12073,635;80
12074,635;102
12075,635;6330
12076,635;6935
12077,635;90
12078,635;74
12079,635;92
12080,635;96
12081,635;6345
12082,635;6903
12083,635;78
12084,635;88
12085,635;66
12086,635;83
12087,635;6353
12088,635;6964
12089,635;73
12090,635;65
12091,635;94
12092,635;86
12093,635;6325
12094,635;6941
12095,635;75
12096,635;91
12097,635;84
12098,635;87
12099,635;6279
12100,635;6943
12101,635;101
12102,635;90
12103,635;90
12104,635;83
12105,635;6320
12106,635;6908
12107,635;76
12108,635;79
12109,635;93
12110,635;67
12111,635;6348
12112,635;6942
12113,635;79
12114,635;80
12115,635;95
12116,635;78
12117,635;6316
12118,635;6925
12119,635;79
12120,635;79
12121,635;98
12123,152;84
12124,152;6338
12125,152;6924
12126,152;86
12127,152;82
12128,152;71
12129,152;81
12130,152;6305
12131,152;6968
12132,152;67
12133,152;93
12134,152;82
12135,152;91
12136,152;6326
12137,152;6918
12138,152;92
12139,152;87
12140,152;81
12141,152;65
12142,152;6315
12143,152;6951
12144,152;75
12145,152;79
12146,152;68
12147,152;93
12148,152;6307
12149,152;6967
12150,152;78
12151,152;71
12152,152;70
12153,152;83
12154,152;6287
12155,152;6934
12156,152;84
12157,152;90
12158,152;77
12159,152;75
12160,152;6380
12161,152;6835
12162,152;70
12163,152;67
12164,152;82
12165,152;81
12166,152;6304
12167,152;6952
12168,152;68
12169,152;86
12170,152;75
12171,152;91
12172,152;5964
12173,152;6959
12174,152;69
12175,152;78
12176,152;73
12177,152;50
12178,152;6221
12179,152;6964
12180,152;76
12181,152;89
12182,152;85
12183,152;91
12184,152;6300
12185,152;6941
12186,152;77
12187,152;83
12188,152;87
12189,152;64
12190,152;6283
12191,152;6934
12192,152;84
12193,152;90
12194,152;82
12195,152;69
12196,152;6260
12197,152;6948
12198,152;69
12199,152;112
12200,152;80
12201,152;94
12202,152;6264
12203,152;6975
12204,152;78
12205,152;74
12206,152;78
12207,152;71
12208,152;6305
12209,152;6962
12210,152;88
12211,152;69
12212,152;79
12213,152;81
12214,152;6291
12215,152;6972
12216,152;76
12217,152;72
12218,152;84
12219,152;62
12220,152;6282
12221,152;6965
12222,152;72
12223,152;87
12223,227;85
12224,227;85
12225,227;6308
12226,227;6957
12227,227;77
12228,227;75
12229,227;109
12230,227;83
12231,227;6276
12232,227;7013
12233,227;77
12234,227;87
12235,227;89
12236,227;95
12237,227;6291
12238,227;6974
12239,227;89
12240,227;68
12241,227;66
12242,227;89
12243,227;6291
12244,227;6953
12245,227;71
12246,227;82
12247,227;86
12248,227;79
12249,227;6294
12250,227;6960
12251,227;85
12252,227;83
12253,227;91
12254,227;91
12255,227;6281
12256,227;6955
12257,227;85
12258,227;80
12259,227;113
12260,227;86
12261,227;6302
12262,227;7006
12263,227;91
12264,227;78
12265,227;98
12266,227;73
12267,227;6317
12268,227;6960
12269,227;81
12270,227;103
12271,227;102
12272,227;99
12273,227;6336
12274,227;6917
12275,227;91
12276,227;80
12277,227;104
12278,227;92
12279,227;6277
12280,227;6975
12281,227;84
12282,227;84
12283,227;103
12284,227;83
12285,227;6280
12286,227;6981
12287,227;85
12288,227;95
12289,227;74
12290,227;106
12291,227;6288
12292,227;6964
12293,227;99
12294,227;99
12295,227;88
12296,227;91
12297,227;6263
12298,227;6968
12299,227;92
12300,227;108
12301,227;67
12302,227;96
12303,227;6283
12304,227;6970
12305,227;84
12306,227;91
12307,227;89
12308,227;96
12309,227;6285
12310,227;6978
12311,227;87
12312,227;79
12313,227;74
12314,227;88
12315,227;6296
12316,227;6985
12317,227;81
12318,227;83
12319,227;94
12320,227;82
12321,227;6302
12322,227;6979
12323,227;82
12325,346;88
12326,346;85
12327,346;91
12328,346;6290
12329,346;6998
12330,346;75
12331,346;102
12332,346;74
12333,346;75
12334,346;6349
12335,346;6907
12336,346;65
12337,346;94
12338,346;100
12339,346;81
12340,346;6277
12341,346;6974
12342,346;87
12343,346;96
12344,346;88
12345,346;96
12346,346;6296
12347,346;6987
12348,346;87
12349,346;96
12350,346;89
12351,346;100
12352,346;6338
12353,346;6911
12354,346;79
12355,346;95
12356,346;95
12357,346;102
12358,346;6256
12359,346;6981
12360,346;77
12361,346;92
12362,346;83
12363,346;90
12364,346;6266
12365,346;7010
12366,346;91
12367,346;99
12368,346;92
12369,346;86
12370,346;6268
12371,346;6989
12372,346;75
12373,346;94
12374,346;92
12375,346;96
12376,346;6263
12377,346;6992
12378,346;105
12379,346;83
12380,346;88
12381,346;102
12382,346;6279
12383,346;6984
12384,346;66
12385,346;92
12386,346;88
12387,346;104
12388,346;6294
12389,346;7015
12390,346;92
12391,346;106
12392,346;96
12393,346;92
12394,346;6297
12395,346;6988
12396,346;101
12397,346;93
12398,346;90
12399,346;101
12400,346;6245
12401,346;7016
12402,346;94
12403,346;77
12404,346;83
12405,346;110
12406,346;6274
12407,346;6986
12408,346;75
12409,346;88
12410,346;100
12411,346;99
12412,346;6271
12413,346;7004
12414,346;65
12415,346;86
12416,346;114
12417,346;98
12418,346;6256
12419,346;7003
12420,346;79
12421,346;92
12422,346;104
12423,346;95
12424,346;6300
12425,346;6985
12425,164;100
12426,164;89
12427,164;85
12428,164;85
12429,164;6285
12430,164;6974
12431,164;87
12432,164;80
12433,164;112
12434,164;105
12435,164;6252
12436,164;7004
12437,164;78
12438,164;89
12439,164;97
12440,164;88
12441,164;6294
12442,164;7000
12443,164;74
12444,164;102
12445,164;98
12446,164;108
12447,164;6276
12448,164;7005
12449,164;79
12450,164;82
12451,164;86
12452,164;91
12453,164;6268
12454,164;6987
12455,164;105
12456,164;113
12457,164;109
12458,164;99
12459,164;6291
12460,164;6966
12461,164;91
12462,164;95
12463,164;111
12464,164;89
12465,164;6284
12466,164;6990
12467,164;100
12468,164;90
12469,164;81
12470,164;85
12471,164;6277
12472,164;6998
12473,164;74
12474,164;79
12475,164;100
12476,164;102
12477,164;6279
12478,164;7028
12479,164;93
12480,164;94
12481,164;112
12482,164;87
12483,164;5964
12484,164;7023
12485,164;94
12486,164;71
12487,164;99
12488,164;96
12489,164;6197
12490,164;7033
12491,164;92
12492,164;80
12493,164;110
12494,164;98
12495,164;6302
12496,164;6954
12497,164;92
12498,164;95
12499,164;96
12500,164;97
12501,164;6279
12502,164;7009
12503,164;72
12504,164;80
12505,164;105
12506,164;92
12507,164;6279
12508,164;7015
12509,164;99
12510,164;94
12511,164;100
12512,164;93
12513,164;6289
12514,164;7013
12515,164;79
12516,164;89
12517,164;73
12518,164;97
12519,164;6279
12520,164;7002
12521,164;93
12522,164;80
12523,164;109
12524,164;88
12525,164;6270
12526,164;6997
12527,164;92
12528,164;98
12529,164;93
12530,164;103
12531,164;6255
12532,164;7026
12533,164;74
12534,164;88
12535,164;111
12536,164;87
12537,164;6273
12538,164;7028
12539,164;97
12540,164;86
12541,164;94
12542,164;81
12543,164;6253
12544,164;7016
12545,164;96
12546,164;65
12547,164;81
12548,164;98
12549,164;6274
12550,164;7031
12551,164;93
12552,164;98
12553,164;128
12554,164;80
12555,164;6260
12556,164;7010
12557,164;89
12558,164;97
12559,164;102
12560,164;93
12561,164;6281
12562,164;7026
12563,164;92
12564,164;88
12565,164;85
12566,164;88
12567,164;6248
12568,164;7011
12569,164;99
12570,164;94
12571,164;92
12572,164;102
12573,164;6266
12574,164;6996
12575,164;86
12576,164;82
12577,164;74
12578,164;117
12579,164;6243
12580,164;7009
12581,164;76
12582,164;92
12583,164;100
12584,164;83
12585,164;6254
12586,164;7036
12587,164;102
12588,164;81
12589,164;81
12590,164;107
12591,164;6241
12592,164;7014
12593,164;87
12594,164;96
12595,164;96
12596,164;98
12597,164;6223
12598,164;7038
12599,164;85
12600,164;85
12601,164;99
12602,164;87
12603,164;6229
12604,164;7054
12605,164;76
12606,164;70
12607,164;92
12608,164;102
12609,164;6217
12610,164;7025
12611,164;86
12612,164;88
12613,164;84
12614,164;88
12615,164;6232
12616,164;7013
12617,164;103
12618,164;84
12619,164;90
12620,164;89
12621,164;6263
12622,164;7021
12623,164;93
12624,164;87
12625,164;93
12626,164;83
12627,653;6244
12628,653;7030
12629,653;100
12630,653;98
12631,653;98
12632,653;113
12633,653;6254
12634,653;7029
12635,653;92
12636,653;102
12637,653;92
12638,653;77
12639,653;6223
12640,653;7060
12641,653;70
12642,653;101
12643,653;87
12644,653;105
12645,653;6239
12646,653;7017
12647,653;74
12648,653;80
12649,653;107
12650,653;108
12651,653;6238
12652,653;7034
12653,653;81
12654,653;94
12655,653;101
12656,653;102
12657,653;6227
12658,653;7020
12659,653;93
12660,653;76
12661,653;88
12662,653;93
12663,653;6239
12664,653;7038
12665,653;81
12666,653;77
12667,653;90
12668,653;92
12669,653;6206
12670,653;7032
12671,653;80
12672,653;83
12673,653;94
12674,653;86
12675,653;6217
12676,653;7026
12677,653;96
12678,653;104
12679,653;98
12680,653;91
12681,653;6248
12682,653;7018
12683,653;83
12684,653;84
12685,653;98
12686,653;99
12687,653;6234
12688,653;7024
12689,653;90
12690,653;91
12691,653;95
12692,653;69
12693,653;6214
12694,653;7053
12695,653;83
12696,653;96
12697,653;76
12698,653;100
12699,653;6253
12700,653;7020
12701,653;79
12702,653;82
12703,653;91
12704,653;84
12705,653;6242
12706,653;7044
12707,653;91
12708,653;93
12709,653;87
12710,653;106
12711,653;6208
12712,653;7029
12713,653;96
12714,653;82
12715,653;85
12716,653;110
12717,653;6210
12718,653;7009
12719,653;90
12720,653;91
12721,653;77
12722,653;86
12723,653;6210
12724,653;7041
12725,653;85
12726,653;79
12727,653;88
12727,942;85
12728,942;6198
12729,942;7020
12730,942;88
12731,942;84
12732,942;78
12733,942;85
12734,942;6193
12735,942;7054
12736,942;82
12737,942;89
12738,942;91
12739,942;77
12740,942;6259
12741,942;7027
12742,942;83
12743,942;85
12744,942;92
12745,942;84
12746,942;6263
12747,942;6999
12748,942;73
12749,942;77
12750,942;78
12751,942;96
12752,942;6215
12753,942;7044
12754,942;88
12755,942;66
12756,942;93
12757,942;76
12758,942;6227
12759,942;7036
12760,942;81
12761,942;79
12762,942;82
12763,942;88
12764,942;6224
12765,942;7041
12766,942;71
12767,942;68
12768,942;76
12769,942;80
12770,942;6200
12771,942;7046
12772,942;88
12773,942;82
12774,942;66
12775,942;101
12776,942;6171
12777,942;7042
12778,942;81
12779,942;83
12780,942;80
12781,942;64
12782,942;6228
12783,942;7047
12784,942;82
12785,942;79
12786,942;81
12787,942;81
12788,942;6177
12789,942;7022
12790,942;76
12791,942;69
12792,942;76
12793,942;75
12794,942;5848
12795,942;7057
12796,942;72
12797,942;61
12798,942;80
12799,942;81
12800,942;6153
12801,942;7050
12802,942;75
12803,942;91
12804,942;87
12805,942;96
12806,942;6228
12807,942;6979
12808,942;78
12809,942;72
12810,942;80
12811,942;77
12812,942;6212
12813,942;7032
12814,942;89
12815,942;80
12816,942;73
12817,942;77
12818,942;6198
12819,942;7057
12820,942;69
12821,942;70
12822,942;88
12823,942;70
12824,942;6194
12825,942;7073
12826,942;76
12827,942;84
12830,378;93
12831,378;94
12832,378;6184
12833,378;7033
12834,378;94
12835,378;91
12836,378;76
12837,378;79
12838,378;6201
12839,378;7064
12840,378;92
12841,378;83
12842,378;84
12843,378;85
12844,378;6200
12845,378;7049
12846,378;79
12847,378;77
12848,378;86
12849,378;91
12850,378;6205
12851,378;7035
12852,378;82
12853,378;93
12854,378;85
12855,378;82
12856,378;6211
12857,378;7081
12858,378;87
12859,378;76
12860,378;88
12861,378;89
12862,378;6203
12863,378;7064
12864,378;68
12865,378;77
12866,378;85
12867,378;87
12868,378;6246
12869,378;7033
12870,378;77
12871,378;87
12872,378;94
12873,378;85
12874,378;6216
12875,378;7073
12876,378;94
12877,378;78
12878,378;88
12879,378;97
12880,378;6201
12881,378;7076
12882,378;82
12883,378;82
12884,378;103
12885,378;107
12886,378;6243
12887,378;7059
12888,378;73
12889,378;76
12890,378;69
12891,378;77
12892,378;6196
12893,378;7085
12894,378;88
12895,378;82
12896,378;92
12897,378;97
12898,378;6181
12899,378;7052
12900,378;76
12901,378;88
12902,378;88
12903,378;88
12904,378;6210
12905,378;7065
12906,378;94
12907,378;105
12908,378;101
12909,378;80
12910,378;6175
12911,378;7081
12912,378;67
12913,378;99
12914,378;102
12915,378;75
12916,378;6191
12917,378;7067
12918,378;96
12919,378;67
12920,378;82
12921,378;90
12922,378;6229
12923,378;7052
12924,378;100
12925,378;72
12926,378;84
12927,378;101
12928,378;6197
12929,378;7056
12930,378;93
12929,899;78
12930,899;91
12931,899;93
12932,899;6192
12933,899;7081
12934,899;88
12935,899;94
12936,899;96
12937,899;92
12938,899;6175
12939,899;7050
12940,899;89
12941,899;85
12942,899;90
12943,899;100
12944,899;6189
12945,899;7084
12946,899;73
12947,899;88
12948,899;96
12949,899;99
12950,899;6182
12951,899;7082
12952,899;101
12953,899;102
12954,899;96
12955,899;99
12956,899;6194
12957,899;7060
12958,899;76
12959,899;68
12960,899;81
12961,899;84
12962,899;6159
12963,899;7080
12964,899;73
12965,899;90
12966,899;80
12967,899;99
12968,899;6176
12969,899;7087
12970,899;96
12971,899;97
12972,899;66
12973,899;101
12974,899;6173
12975,899;7074
12976,899;83
12977,899;78
12978,899;100
12979,899;90
12980,899;6262
12981,899;6992
12982,899;78
12983,899;72
12984,899;95
12985,899;101
12986,899;6196
12987,899;7072
12988,899;67
12989,899;92
12990,899;103
12991,899;98
12992,899;6189
12993,899;7079
12994,899;82
12995,899;96
12996,899;87
12997,899;106
12998,899;6205
12999,899;7066
13000,899;99
13001,899;83
13002,899;89
13003,899;109
13004,899;6197
13005,899;7086
13006,899;88
13007,899;92
13008,899;104
13009,899;98
13010,899;6179
13011,899;7082
13012,899;96
13013,899;95
13014,899;94
13015,899;103
13016,899;6188
13017,899;7091
13018,899;83
13019,899;84
13020,899;91
13021,899;85
13022,899;6196
13023,899;7080
13024,899;96
13025,899;83
13026,899;104
13027,899;96
13028,899;6198
13029,899;7114
13030,899;80
13031,899;76
13032,899;91
13033,899;87
13034,899;6190
13035,899;7091
13036,899;112
13037,899;106
13038,899;82
13039,899;79
13040,899;6236
13041,899;7082
13042,899;89
13043,899;87
13044,899;105
13045,899;95
13046,899;6182
13047,899;7077
13048,899;74
13049,899;89
13050,899;97
13051,899;93
13052,899;6229
13053,899;7043
13054,899;75
13055,899;78
13056,899;85
13057,899;90
13058,899;6187
13059,899;7099
13060,899;81
13061,899;95
13062,899;93
13063,899;112
13064,899;6193
13065,899;7086
13066,899;94
13067,899;104
13068,899;108
13069,899;102
13070,899;6183
13071,899;7093
13072,899;96
13073,899;108
13074,899;90
13075,899;108
13076,899;6168
13077,899;7100
13078,899;89
13079,899;85
13080,899;100
13081,899;86
13082,899;6184
13083,899;7056
13084,899;95
13085,899;106
13086,899;108
13087,899;101
13088,899;6146
13089,899;7117
13090,899;91
13091,899;90
13092,899;98
13093,899;110
13094,899;6162
13095,899;7086
13096,899;83
13097,899;106
13098,899;112
13099,899;91
13100,899;6185
13101,899;7073
13102,899;83
13103,899;82
13104,899;104
13105,899;100
13106,899;5846
13107,899;7116
13108,899;102
13109,899;87
13110,899;93
13111,899;97
13112,899;6096
13113,899;7101
13114,899;101
13115,899;98
13116,899;99
13117,899;90
13118,899;6178
13119,899;7134
13120,899;75
13121,899;93
13122,899;102
13123,899;93
13124,899;6187
13125,899;7088
13126,899;92
13127,899;99
13128,899;96
13129,899;102
13130,899;6147
13132,595;7118
13133,595;90
13134,595;98
13135,595;102
13136,595;79
13137,595;6149
13138,595;7092
13139,595;80
13140,595;98
13141,595;101
13142,595;85
13143,595;6166
13144,595;7094
13145,595;81
13146,595;80
13147,595;108
13148,595;104
13149,595;6167
13150,595;7093
13151,595;80
13152,595;99
13153,595;104
13154,595;91
13155,595;6136
13156,595;7116
13157,595;76
13158,595;91
13159,595;114
13160,595;92
13161,595;6159
13162,595;7104
13163,595;98
13164,595;93
13165,595;93
13166,595;82
13167,595;6199
13168,595;7077
13169,595;82
13170,595;98
13171,595;90
13172,595;86
13173,595;6187
13174,595;7132
13175,595;83
13176,595;83
13177,595;89
13178,595;95
13179,595;6149
13180,595;7105
13181,595;92
13182,595;94
13183,595;101
13184,595;98
13185,595;6175
13186,595;7103
13187,595;73
13188,595;108
13189,595;90
13190,595;92
13191,595;6172
13192,595;7127
13193,595;90
13194,595;86
13195,595;98
13196,595;89
13197,595;6139
13198,595;7113
13199,595;84
13200,595;74
13201,595;96
13202,595;100
13203,595;6154
13204,595;7123
13205,595;85
13206,595;87
13207,595;91
13208,595;92
13209,595;6148
13210,595;7062
13211,595;102
13212,595;90
13213,595;97
13214,595;90
13215,595;6130
13216,595;7148
13217,595;91
13218,595;72
13219,595;94
13220,595;89
13221,595;6223
13222,595;7055
13223,595;88
13224,595;82
13225,595;89
13226,595;90
13227,595;6162
13228,595;7101
13229,595;75
13230,595;101
13231,595;117
13232,595;89
13233,466;6253
13234,466;7043
13235,466;87
13236,466;85
13237,466;96
13238,466;96
13239,466;6139
13240,466;7081
13241,466;83
13242,466;96
13243,466;72
13244,466;112
13245,466;6157
13246,466;7121
13247,466;101
13248,466;99
13249,466;91
13250,466;86
13251,466;6144
13252,466;7136
13253,466;94
13254,466;92
13255,466;80
13256,466;117
13257,466;6127
13258,466;7126
13259,466;87
13260,466;99
13261,466;74
13262,466;97
13263,466;6146
13264,466;7125
13265,466;81
13266,466;87
13267,466;98
13268,466;87
13269,466;6150
13270,466;7121
13271,466;85
13272,466;87
13273,466;82
13274,466;92
13275,466;6155
13276,466;7122
13277,466;92
13278,466;90
13279,466;93
13280,466;93
13281,466;6150
13282,466;7107
13283,466;83
13284,466;89
13285,466;95
13286,466;81
13287,466;6145
13288,466;7102
13289,466;78
13290,466;82
13291,466;95
13292,466;86
13293,466;6105
13294,466;7112
13295,466;96
13296,466;93
13297,466;90
13298,466;113
13299,466;6147
13300,466;7111
13301,466;87
13302,466;82
13303,466;83
13304,466;84
13305,466;6151
13306,466;7125
13307,466;87
13308,466;100
13309,466;99
13310,466;100
13311,466;6127
13312,466;7137
13313,466;80
13314,466;82
13315,466;102
13316,466;102
13317,466;6115
13318,466;7128
13319,466;74
13320,466;94
13321,466;95
13322,466;94
13323,466;6143
13324,466;7139
13325,466;67
13326,466;90
13327,466;81
13328,466;87
13329,466;6129
13330,466;7114
13331,466;84
13332,466;82
13333,466;110
13335,306;95
13336,306;6122
13337,306;7107
13338,306;92
13339,306;95
13340,306;84
13341,306;92
13342,306;6169
13343,306;7126
13344,306;75
13345,306;90
13346,306;109
13347,306;96
13348,306;6139
13349,306;7139
13350,306;73
13351,306;90
13352,306;92
13353,306;78
13354,306;6134
13355,306;7130
13356,306;74
13357,306;83
13358,306;91
13359,306;94
13360,306;6119
13361,306;7180
13362,306;90
13363,306;75
13364,306;91
13365,306;77
13366,306;6134
13367,306;7145
13368,306;74
13369,306;86
13370,306;88
13371,306;89
13372,306;6098
13373,306;7151
13374,306;72
13375,306;93
13376,306;82
13377,306;100
13378,306;6107
13379,306;7137
13380,306;63
13381,306;85
13382,306;80
13383,306;94
13384,306;6139
13385,306;7127
13386,306;87
13387,306;76
13388,306;84
13389,306;93
13390,306;6087
13391,306;7127
13392,306;94
13393,306;90
13394,306;71
13395,306;104
13396,306;6093
13397,306;7144
13398,306;91
13399,306;93
13400,306;91
13401,306;81
13402,306;6085
13403,306;7115
13404,306;74
13405,306;65
13406,306;69
13407,306;69
13408,306;6114
13409,306;7150
13410,306;81
13411,306;71
13412,306;61
13413,306;81
13414,306;6095
13415,306;7150
13416,306;67
13417,306;67
13418,306;80
13419,306;82
13420,306;5783
13421,306;7157
13422,306;73
13423,306;73
13424,306;83
13425,306;76
13426,306;6044
13427,306;7138
13428,306;75
13429,306;82
13430,306;72
13431,306;91
13432,306;6078
13433,306;7160
13434,306;73
13435,306;80
13435,469;67
13436,469;77
13437,469;6126
13438,469;7151
13439,469;71
13440,469;99
13441,469;70
13442,469;98
13443,469;6128
13444,469;7134
13445,469;72
13446,469;78
13447,469;81
13448,469;93
13449,469;6115
13450,469;7145
13451,469;90
13452,469;104
13453,469;100
13454,469;88
13455,469;6094
13456,469;7169
13457,469;70
13458,469;90
13459,469;89
13460,469;71
13461,469;6182
13462,469;7096
13463,469;81
13464,469;76
13465,469;85
13466,469;89
13467,469;6106
13468,469;7152
13469,469;77
13470,469;89
13471,469;93
13472,469;88
13473,469;6162
13474,469;7123
13475,469;64
13476,469;82
13477,469;95
13478,469;75
13479,469;6102
13480,469;7145
13481,469;83
13482,469;96
13483,469;95
13484,469;81
13485,469;6103
13486,469;7130
13487,469;89
13488,469;81
13489,469;107
13490,469;89
13491,469;6110
13492,469;7156
13493,469;88
13494,469;66
13495,469;86
13496,469;74
13497,469;6104
13498,469;7184
13499,469;82
13500,469;99
13501,469;107
13502,469;93
13503,469;6119
13504,469;7141
13505,469;98
13506,469;100
13507,469;68
13508,469;82
13509,469;6105
13510,469;7155
13511,469;66
13512,469;89
13513,469;101
13514,469;109
13515,469;6106
13516,469;7137
13517,469;92
13518,469;98
13519,469;110
13520,469;99
13521,469;6120
13522,469;7159
13523,469;83
13524,469;91
13525,469;91
13526,469;89
13527,469;6075
13528,469;7163
13529,469;73
13530,469;81
13531,469;87
13532,469;87
13533,469;6096
13534,469;7152
13535,469;101
13536,469;90
13537,469;84
13538,469;107
13539,469;6093
13540,469;7170
13541,469;84
13542,469;80
13543,469;71
13544,469;84
13545,469;6101
13546,469;7158
13547,469;62
13548,469;94
13549,469;102
13550,469;104
13551,469;6074
13552,469;7139
13553,469;75
13554,469;78
13555,469;89
13556,469;78
13557,469;6065
13558,469;7155
13559,469;74
13560,469;92
13561,469;79
13562,469;95
13563,469;6109
13564,469;7194
13565,469;88
13566,469;88
13567,469;87
13568,469;88
13569,469;6083
13570,469;7162
13571,469;66
13572,469;70
13573,469;86
13574,469;111
13575,469;6081
13576,469;7165
13577,469;79
13578,469;71
13579,469;87
13580,469;84
13581,469;6098
13582,469;7159
13583,469;69
13584,469;90
13585,469;92
13586,469;92
13587,469;6095
13588,469;7139
13589,469;100
13590,469;122
13591,469;86
13592,469;101
13593,469;6073
13594,469;7165
13595,469;103
13596,469;97
13597,469;90
13598,469;83
13599,469;6053
13600,469;7160
13601,469;94
13602,469;117
13603,469;108
13604,469;85
13605,469;6070
13606,469;7164
13607,469;84
13608,469;106
13609,469;92
13610,469;82
13611,469;6090
13612,469;7162
13613,469;80
13614,469;98
13615,469;104
13616,469;102
13617,469;6074
13618,469;7195
13619,469;87
13620,469;91
13621,469;99
13622,469;119
13623,469;6092
13624,469;7187
13625,469;81
13626,469;98
13627,469;102
13628,469;85
13629,469;6086
13630,469;7179
13631,469;89
13632,469;82
13633,469;90
13634,469;81
13635,469;6098
13636,469;7202
13638,261;91
13639,261;117
13640,261;91
13641,261;103
13642,261;6118
13643,261;7191
13644,261;81
13645,261;90
13646,261;114
13647,261;106
13648,261;6105
13649,261;7164
13650,261;112
13651,261;105
13652,261;96
13653,261;112
13654,261;6096
13655,261;7172
13656,261;95
13657,261;98
13658,261;110
13659,261;89
13660,261;6078
13661,261;7168
13662,261;82
13663,261;90
13664,261;93
13665,261;93
13666,261;6098
13667,261;7189
13668,261;95
13669,261;103
13670,261;99
13671,261;93
13672,261;6068
13673,261;7169
13674,261;73
13675,261;89
13676,261;110
13677,261;95
13678,261;6057
13679,261;7190
13680,261;91
13681,261;85
13682,261;84
13683,261;94
13684,261;6096
13685,261;7176
13686,261;91
13687,261;99
13688,261;89
13689,261;103
13690,261;6080
13691,261;7215
13692,261;106
13693,261;95
13694,261;91
13695,261;96
13696,261;6070
13697,261;7169
13698,261;81
13699,261;92
13700,261;109
13701,261;88
13702,261;6071
13703,261;7189
13704,261;87
13705,261;107
13706,261;91
13707,261;99
13708,261;6103
13709,261;7160
13710,261;86
13711,261;89
13712,261;93
13713,261;79
13714,261;6088
13715,261;7190
13716,261;99
13717,261;96
13718,261;99
13719,261;94
13720,261;6087
13721,261;7183
13722,261;96
13723,261;83
13724,261;104
13725,261;89
13726,261;6031
13727,261;7205
13728,261;86
13729,261;104
13730,261;80
13731,261;88
13732,261;5692
13733,261;7224
13734,261;87
13735,261;82
13736,261;99
13737,261;88
13738,261;5983
13739,016;7198
13740,016;88
13741,016;93
13742,016;85
13743,016;89
13744,016;6083
13745,016;7184
13746,016;107
13747,016;87
13748,016;77
13749,016;92
13750,016;6144
13751,016;7135
13752,016;115
13753,016;74
13754,016;103
13755,016;92
13756,016;6077
13757,016;7172
13758,016;96
13759,016;76
13760,016;92
13761,016;100
13762,016;6097
13763,016;7184
13764,016;96
13765,016;101
13766,016;89
13767,016;96
13768,016;6074
13769,016;7203
13770,016;86
13771,016;105
13772,016;103
13773,016;96
13774,016;6045
13775,016;7235
13776,016;92
13777,016;106
13778,016;81
13779,016;97
13780,016;6067
13781,016;7185
13782,016;92
13783,016;89
13784,016;105
13785,016;80
13786,016;6093
13787,016;7172
13788,016;85
13789,016;85
13790,016;97
13791,016;106
13792,016;6066
13793,016;7196
13794,016;77
13795,016;98
13796,016;104
13797,016;93
13798,016;6049
13799,016;7205
13800,016;79
13801,016;77
13802,016;94
13803,016;64
13804,016;6070
13805,016;7201
13806,016;96
13807,016;91
13808,016;98
13809,016;95
13810,016;6050
13811,016;7182
13812,016;89
13813,016;88
13814,016;104
13815,016;118
13816,016;6063
13817,016;7180
13818,016;96
13819,016;76
13820,016;91
13821,016;94
13822,016;6118
13823,016;7142
13824,016;102
13825,016;73
13826,016;84
13827,016;98
13828,016;6068
13829,016;7186
13830,016;98
13831,016;96
13832,016;91
13833,016;109
13834,016;6036
13835,016;7191
13836,016;98
13837,016;92
13838,016;93
13839,016;103
13839,648;6042
13840,648;7185
13841,648;77
13842,648;66
13843,648;88
13844,648;94
13845,648;6035
13846,648;7192
13847,648;87
13848,648;95
13849,648;100
13850,648;98
13851,648;6055
13852,648;7208
13853,648;78
13854,648;95
13855,648;100
13856,648;99
13857,648;6043
13858,648;7200
13859,648;93
13860,648;83
13861,648;80
13862,648;94
13863,648;6053
13864,648;7192
13865,648;87
13866,648;75
13867,648;88
13868,648;96
13869,648;6032
13870,648;7216
13871,648;79
13872,648;89
13873,648;93
13874,648;111
13875,648;6041
13876,648;7214
13877,648;76
13878,648;85
13879,648;89
13880,648;97
13881,648;6034
13882,648;7214
13883,648;79
13884,648;99
13885,648;92
13886,648;85
13887,648;6053
13888,648;7210
13889,648;87
13890,648;99
13891,648;87
13892,648;98
13893,648;6045
13894,648;7200
13895,648;104
13896,648;85
13897,648;84
13898,648;107
13899,648;6058
13900,648;7208
13901,648;72
13902,648;101
13903,648;89
13904,648;94
13905,648;6043
13906,648;7197
13907,648;79
13908,648;77
13909,648;96
13910,648;103
13911,648;6017
13912,648;7209
13913,648;80
13914,648;90
13915,648;82
13916,648;79
13917,648;6024
13918,648;7227
13919,648;80
13920,648;84
13921,648;99
13922,648;75
13923,648;6036
13924,648;7242
13925,648;81
13926,648;87
13927,648;97
13928,648;96
13929,648;6035
13930,648;7207
13931,648;82
13932,648;80
13933,648;82
13934,648;76
13935,648;6034
13936,648;7236
13937,648;76
13938,648;92
13939,648;93
13941,216;79
13942,216;6038
13943,216;7243
13944,216;88
13945,216;72
13946,216;88
13947,216;103
13948,216;6147
13949,216;7116
13950,216;78
13951,216;84
13952,216;92
13953,216;89
13954,216;6042
13955,216;7236
13956,216;81
13957,216;100
13958,216;96
13959,216;86
13960,216;6046
13961,216;7228
13962,216;82
13963,216;99
13964,216;107
13965,216;85
13966,216;6064
13967,216;7218
13968,216;63
13969,216;83
13970,216;80
13971,216;88
13972,216;6043
13973,216;7203
13974,216;107
13975,216;93
13976,216;70
13977,216;98
13978,216;6030
13979,216;7235
13980,216;72
13981,216;85
13982,216;95
13983,216;84
13984,216;6045
13985,216;7242
13986,216;66
13987,216;87
13988,216;99
13989,216;76
13990,216;6022
13991,216;7199
13992,216;54
13993,216;92
13994,216;75
13995,216;83
13996,216;6091
13997,216;7238
13998,216;92
13999,216;96
14000,216;91
14001,216;78
14002,216;6026
14003,216;7192
14004,216;71
14005,216;98
14006,216;88
14007,216;77
14008,216;6061
14009,216;7242
14010,216;82
14011,216;73
14012,216;83
14013,216;84
14014,216;6022
14015,216;7246
14016,216;75
14017,216;84
14018,216;104
14019,216;79
14020,216;6042
14021,216;7212
14022,216;80
14023,216;86
14024,216;101
14025,216;82
14026,216;6005
14027,216;7239
14028,216;73
14029,216;76
14030,216;74
14031,216;91
14032,216;6030
14033,216;7218
14034,216;76
14035,216;74
14036,216;79
14037,216;74
14038,216;5982
14039,216;7245
14040,216;80
14041,216;84
14042,216;78
14043,216;76
14044,216;5649
14045,216;7241
14046,216;68
14047,216;85
14048,216;90
14049,216;78
14050,216;5953
14051,216;7215
14052,216;76
14053,216;88
14054,216;76
14055,216;76
14056,216;6033
14057,216;7246
14058,216;84
14059,216;78
14060,216;80
14061,216;87
14062,216;6035
14063,216;7218
14064,216;63
14065,216;64
14066,216;94
14067,216;60
14068,216;5995
14069,216;7243
14070,216;90
14071,216;79
14072,216;78
14073,216;74
14074,216;6001
14075,216;7261
14076,216;73
14077,216;72
14078,216;85
14079,216;73
14080,216;6012
14081,216;7230
14082,216;92
14083,216;91
14084,216;76
14085,216;76
14086,216;6070
14087,216;7179
14088,216;99
14089,216;83
14090,216;76
14091,216;110
14092,216;6058
14093,216;7218
14094,216;76
14095,216;84
14096,216;77
14097,216;81
14098,216;6030
14099,216;7234
14100,216;86
14101,216;76
14102,216;84
14103,216;86
14104,216;6023
14105,216;7254
14106,216;74
14107,216;92
14108,216;83
14109,216;97
14110,216;6032
14111,216;7226
14112,216;84
14113,216;82
14114,216;97
14115,216;91
14116,216;6031
14117,216;7235
14118,216;68
14119,216;87
14120,216;90
14121,216;94
14122,216;6037
14123,216;7245
14124,216;74
14125,216;75
14126,216;87
14127,216;98
14128,216;6052
14129,216;7232
14130,216;78
14131,216;88
14132,216;82
14133,216;74
14134,216;6017
14135,216;7256
14136,216;79
14137,216;99
14138,216;94
14139,216;98
14140,216;6008
14141,216;7243
14142,216;81
14143,219;95
14144,219;80
14145,219;85
14146,219;5997
14147,219;7240
14148,219;86
14149,219;74
14150,219;104
14151,219;91
14152,219;6010
14153,219;7244
14154,219;90
14155,219;89
14156,219;100
14157,219;87
14158,219;5984
14159,219;7272
14160,219;93
14161,219;96
14162,219;92
14163,219;92
14164,219;6020
14165,219;7231
14166,219;84
14167,219;92
14168,219;90
14169,219;89
14170,219;6004
14171,219;7267
14172,219;63
14173,219;101
14174,219;94
14175,219;86
14176,219;6012
14177,219;7251
14178,219;78
14179,219;90
14180,219;78
14181,219;93
14182,219;6017
14183,219;7254
14184,219;94
14185,219;88
14186,219;93
14187,219;103
14188,219;6002
14189,219;7290
14190,219;92
14191,219;103
14192,219;87
14193,219;104
14194,219;6001
14195,219;7267
14196,219;89
14197,219;105
14198,219;91
14199,219;102
14200,219;5983
14201,219;7272
14202,219;94
14203,219;99
14204,219;78
14205,219;100
14206,219;5998
14207,219;7261
14208,219;86
14209,219;89
14210,219;73
14211,219;93
14212,219;5972
14213,219;7257
14214,219;83
14215,219;102
14216,219;78
14217,219;93
14218,219;5971
14219,219;7269
14220,219;87
14221,219;89
14222,219;101
14223,219;103
14224,219;6029
14225,219;7272
14226,219;87
14227,219;86
14228,219;97
14229,219;114
14230,219;5983
14231,219;7247
14232,219;93
14233,219;101
14234,219;103
14235,219;91
14236,219;5972
14237,219;7258
14238,219;68
14239,219;88
14240,219;79
14241,219;101
14242,219;6005
14243,219;7276
14243,707;97
14244,707;95
14245,707;105
14246,707;94
14247,707;5995
14248,707;7280
14249,707;83
14250,707;96
14251,707;98
14252,707;109
14253,707;5978
14254,707;7264
14255,707;78
14256,707;92
14257,707;107
14258,707;83
14259,707;5986
14260,707;7262
14261,707;102
14262,707;103
14263,707;100
14264,707;84
14265,707;5990
14266,707;7283
14267,707;100
14268,707;89
14269,707;91
14270,707;67
14271,707;6020
14272,707;7260
14273,707;83
14274,707;91
14275,707;94
14276,707;96
14277,707;5980
14278,707;7282
14279,707;92
14280,707;85
14281,707;105
14282,707;84
14283,707;5989
14284,707;7282
14285,707;79
14286,707;83
14287,707;110
14288,707;110
14289,707;6002
14290,707;7253
14291,707;90
14292,707;107
14293,707;97
14294,707;85
14295,707;6009
14296,707;7250
14297,707;86
14298,707;113
14299,707;100
14300,707;112
14301,707;6005
14302,707;7281
14303,707;99
14304,707;95
14305,707;98
14306,707;87
14307,707;6079
14308,707;7172
14309,707;86
14310,707;88
14311,707;90
14312,707;103
14313,707;5979
14314,707;7272
14315,707;88
14316,707;96
14317,707;120
14318,707;111
14319,707;5983
14320,707;7239
14321,707;110
14322,707;77
14323,707;90
14324,707;102
14325,707;6000
14326,707;7285
14327,707;77
14328,707;83
14329,707;88
14330,707;112
14331,707;5961
14332,707;7285
14333,707;82
14334,707;106
14335,707;96
14336,707;92
14337,707;5981
14338,707;7320
14339,707;96
14340,707;79
14341,707;93
14342,707;94
14343,707;6025
14343,945;7263
14344,945;110
14345,945;106
14346,945;101
14347,945;89
14348,945;5977
14349,945;7289
14350,945;89
14351,945;95
14352,945;105
14353,945;100
14354,945;5668
14355,945;7328
14356,945;86
14357,945;101
14358,945;93
14359,945;105
14360,945;5965
14361,945;7280
14362,945;86
14363,945;92
14364,945;101
14365,945;96
14366,945;6003
14367,945;7291
14368,945;95
14369,945;88
14370,945;96
14371,945;102
14372,945;6007
14373,945;7296
14374,945;78
14375,945;115
14376,945;90
14377,945;103
14378,945;5995
14379,945;7281
14380,945;92
14381,945;104
14382,945;100
14383,945;93
14384,945;6019
14385,945;7297
14386,945;88
14387,945;105
14388,945;96
14389,945;94
14390,945;6101
14391,945;7228
14392,945;87
14393,945;86
14394,945;98
14395,945;94
14396,945;5998
14397,945;7267
14398,945;83
14399,945;108
14400,945;94
14401,945;71
14402,945;5989
14403,945;7288
14404,945;78
14405,945;93
14406,945;78
14407,945;92
14408,945;5987
14409,945;7297
14410,945;76
14411,945;87
14412,945;83
14413,945;88
14414,945;6040
14415,945;7239
14416,945;80
14417,945;98
14418,945;101
14419,945;92
14420,945;6002
14421,945;7289
14422,945;90
14423,945;87
14424,945;88
14425,945;81
14426,945;6004
14427,945;7245
14428,945;77
14429,945;75
14430,945;92
14431,945;101
14432,945;5974
14433,945;7276
14434,945;90
14435,945;76
14436,945;91
14437,945;93
14438,945;5983
14439,945;7278
14440,945;92
14441,945;97
14442,945;102
14443,945;92
14446,445;6005
14447,445;7293
14448,445;80
14449,445;91
14450,445;98
14451,445;99
14452,445;5972
14453,445;7299
14454,445;82
14455,445;83
14456,445;93
14457,445;88
14458,445;5985
14459,445;7309
14460,445;83
14461,445;82
14462,445;100
14463,445;104
14464,445;5969
14465,445;7303
14466,445;104
14467,445;111
14468,445;89
14469,445;101
14470,445;5982
14471,445;7270
14472,445;69
14473,445;71
14474,445;81
14475,445;105
14476,445;6025
14477,445;7269
14478,445;77
14479,445;87
14480,445;94
14481,445;84
14482,445;6006
14483,445;7297
14484,445;91
14485,445;85
14486,445;95
14487,445;96
14488,445;5986
14489,445;7292
14490,445;73
14491,445;94
14492,445;88
14493,445;88
14494,445;5977
14495,445;7305
14496,445;89
14497,445;92
14498,445;85
14499,445;110
14500,445;5965
14501,445;7309
14502,445;66
14503,445;82
14504,445;103
14505,445;98
14506,445;5967
14507,445;7304
14508,445;90
14509,445;97
14510,445;112
14511,445;95
14512,445;5971
14513,445;7322
14514,445;82
14515,445;95
14516,445;86
14517,445;100
14518,445;5929
14519,445;7322
14520,445;83
14521,445;82
14522,445;94
14523,445;98
14524,445;6015
14525,445;7297
14526,445;67
14527,445;84
14528,445;90
14529,445;92
14530,445;5977
14531,445;7304
14532,445;88
14533,445;87
14534,445;79
14535,445;86
14536,445;5946
14537,445;7325
14538,445;67
14539,445;85
14540,445;103
14541,445;93
14542,445;5983
14543,445;7287
14544,445;98
14545,445;83
14546,445;90
14546,625;108
14547,625;5975
14548,625;7309
14549,625;98
14550,625;107
14551,625;110
14552,625;77
14553,625;5950
14554,625;7321
14555,625;79
14556,625;89
14557,625;84
14558,625;97
14559,625;5967
14560,625;7316
14561,625;75
14562,625;97
14563,625;101
14564,625;107
14565,625;5952
14566,625;7295
14567,625;88
14568,625;106
14569,625;93
14570,625;76
14571,625;5940
14572,625;7319
14573,625;81
14574,625;73
14575,625;94
14576,625;85
14577,625;5942
14578,625;7308
14579,625;80
14580,625;73
14581,625;89
14582,625;99
14583,625;5975
14584,625;7311
14585,625;82
14586,625;74
14587,625;91
14588,625;91
14589,625;5943
14590,625;7341
14591,625;72
14592,625;95
14593,625;89
14594,625;94
14595,625;5943
14596,625;7310
14597,625;69
14598,625;74
14599,625;77
14600,625;88
14601,625;5959
14602,625;7307
14603,625;84
14604,625;82
14605,625;90
14606,625;82
14607,625;5943
14608,625;7329
14609,625;74
14610,625;82
14611,625;96
14612,625;91
14613,625;5962
14614,625;7299
14615,625;98
14616,625;87
14617,625;95
14618,625;94
14619,625;5952
14620,625;7324
14621,625;81
14622,625;94
14623,625;93
14624,625;85
14625,625;5954
14626,625;7310
14627,625;87
14628,625;81
14629,625;93
14630,625;98
14631,625;5946
14632,625;7308
14633,625;76
14634,625;88
14635,625;89
14636,625;73
14637,625;5923
14638,625;7337
14639,625;61
14640,625;97
14641,625;93
14642,625;90
14643,625;5940
14644,625;7319
14645,625;80
14646,625;74
14647,625;84
14648,625;86
14649,625;5951
14650,625;7299
14651,625;71
14652,625;67
14653,625;79
14654,625;77
14655,625;5911
14656,625;7324
14657,625;75
14658,625;70
14659,625;78
14660,625;81
14661,625;5944
14662,625;7329
14663,625;62
14664,625;83
14665,625;69
14666,625;78
14667,625;5616
14668,625;7321
14669,625;90
14670,625;72
14671,625;88
14672,625;75
14673,625;5866
14674,625;7332
14675,625;86
14676,625;60
14677,625;78
14678,625;73
14679,625;5948
14680,625;7331
14681,625;71
14682,625;74
14683,625;80
14684,625;79
14685,625;5975
14686,625;7295
14687,625;89
14688,625;88
14689,625;93
14690,625;89
14691,625;5935
14692,625;7339
14693,625;76
14694,625;85
14695,625;81
14696,625;77
14697,625;5910
14698,625;7307
14699,625;67
14700,625;76
14701,625;94
14702,625;86
14703,625;5949
14704,625;7344
14705,625;61
14706,625;76
14707,625;94
14708,625;90
14709,625;5931
14710,625;7315
14711,625;71
14712,625;76
14713,625;88
14714,625;94
14715,625;5926
14716,625;7318
14717,625;82
14718,625;89
14719,625;92
14720,625;95
14721,625;5942
14722,625;7337
14723,625;71
14724,625;105
14725,625;82
14726,625;93
14727,625;5958
14728,625;7317
14729,625;87
14730,625;89
14731,625;89
14732,625;89
14733,625;5907
14734,625;7344
14735,625;86
14736,625;84
14737,625;82
14738,625;100
14739,625;5940
14740,625;7346
14741,625;99
14742,625;74
14743,625;66
14744,625;91
14745,625;5951
14746,625;7341
14747,625;85
14748,629;97
14749,629;101
14750,629;95
14751,629;5919
14752,629;7341
14753,629;83
14754,629;83
14755,629;104
14756,629;90
14757,629;5932
14758,629;7345
14759,629;88
14760,629;94
14761,629;77
14762,629;97
14763,629;5939
14764,629;7317
14765,629;84
14766,629;84
14767,629;86
14768,629;99
14769,629;5914
14770,629;7355
14771,629;80
14772,629;94
14773,629;92
14774,629;77
14775,629;5925
14776,629;7336
14777,629;85
14778,629;99
14779,629;95
14780,629;75
14781,629;5934
14782,629;7359
14783,629;89
14784,629;79
14785,629;85
14786,629;96
14787,629;5920
14788,629;7365
14789,629;82
14790,629;96
14791,629;92
14792,629;99
14793,629;5960
14794,629;7355
14795,629;85
14796,629;72
14797,629;103
14798,629;85
14799,629;5938
14800,629;7358
14801,629;80
14802,629;70
14803,629;86
14804,629;84
14805,629;5955
14806,629;7360
14807,629;85
14808,629;93
14809,629;85
14810,629;91
14811,629;5955
14812,629;7327
14813,629;99
14814,629;100
14815,629;115
14816,629;94
14817,629;5906
14818,629;7343
14819,629;76
14820,629;83
14821,629;92
14822,629;95
14823,629;5941
14824,629;7374
14825,629;68
14826,629;72
14827,629;99
14828,629;83
14829,629;5938
14830,629;7345
14831,629;85
14832,629;88
14833,629;85
14834,629;96
14835,629;5930
14836,629;7362
14837,629;68
14838,629;86
14839,629;88
14840,629;95
14841,629;5959
14842,629;7338
14843,629;95
14844,629;83
14845,629;97
14846,629;102
14847,629;5944
14848,629;7350
14849,367;91
14850,367;86
14851,367;93
14852,367;72
14853,367;5900
14854,367;7369
14855,367;89
14856,367;88
14857,367;92
14858,367;78
14859,367;5912
14860,367;7346
14861,367;78
14862,367;84
14863,367;79
14864,367;100
14865,367;5941
14866,367;7341
14867,367;80
14868,367;94
14869,367;90
14870,367;113
14871,367;5903
14872,367;7356
14873,367;79
14874,367;81
14875,367;86
14876,367;103
14877,367;5944
14878,367;7329
14879,367;99
14880,367;106
14881,367;112
14882,367;103
14883,367;5933
14884,367;7367
14885,367;104
14886,367;104
14887,367;85
14888,367;85
14889,367;6007
14890,367;7259
14891,367;109
14892,367;91
14893,367;79
14894,367;81
14895,367;5937
14896,367;7360
14897,367;78
14898,367;98
14899,367;95
14900,367;99
14901,367;5924
14902,367;7348
14903,367;70
14904,367;86
14905,367;102
14906,367;91
14907,367;5942
14908,367;7367
14909,367;88
14910,367;85
14911,367;88
14912,367;81
14913,367;5951
14914,367;7365
14915,367;93
14916,367;84
14917,367;100
14918,367;83
14919,367;5918
14920,367;7396
14921,367;89
14922,367;93
14923,367;101
14924,367;91
14925,367;5928
14926,367;7370
14927,367;87
14928,367;85
14929,367;103
14930,367;82
14931,367;5942
14932,367;7411
14933,367;71
14934,367;89
14935,367;101
14936,367;97
14937,367;5991
14938,367;7285
14939,367;83
14940,367;83
14941,367;96
14942,367;113
14943,367;5967
14944,367;7406
14945,367;97
14946,367;96
14947,367;101
14948,367;93
14949,367;5914
14950,044;7384
14951,044;98
14952,044;107
14953,044;121
14954,044;109
14955,044;5934
14956,044;7361
14957,044;84
14958,044;91
14959,044;90
14960,044;96
14961,044;5913
14962,044;7373
14963,044;92
14964,044;102
14965,044;120
14966,044;82
14967,044;5918
14968,044;7398
14969,044;107
14970,044;94
14971,044;90
14972,044;102
14973,044;5914
14974,044;7371
14975,044;84
14976,044;100
14977,044;96
14978,044;88
14979,044;5564
14980,044;7417
14981,044;91
14982,044;90
14983,044;101
14984,044;101
14985,044;5857
14986,044;7355
14987,044;103
14988,044;95
14989,044;109
14990,044;98
14991,044;5913
14992,044;7371
14993,044;82
14994,044;107
14995,044;103
14996,044;105
14997,044;5928
14998,044;7401
14999,044;82
15000,044;105
15001,044;108
15002,044;100
15003,044;5908
15004,044;7378
15005,044;91
15006,044;102
15007,044;104
15008,044;109
15009,044;5909
15010,044;7391
15011,044;88
15012,044;97
15013,044;95
15014,044;105
15015,044;5920
15016,044;7395
15017,044;81
15018,044;101
15019,044;76
15020,044;74
15021,044;5907
15022,044;7396
15023,044;81
15024,044;94
15025,044;87
15026,044;94
15027,044;5929
15028,044;7388
15029,044;93
15030,044;90
15031,044;102
15032,044;100
15033,044;5915
15034,044;7377
15035,044;101
15036,044;88
15037,044;96
15038,044;87
15039,044;5918
15040,044;7363
15041,044;96
15042,044;109
15043,044;94
15044,044;90
15045,044;5925
15046,044;7410
15047,044;88
15048,044;87
15049,044;106
15050,044;94
15051,742;5881
15052,742;7372
15053,742;90
15054,742;84
15055,742;103
15056,742;98
15057,742;5902
15058,742;7397
15059,742;80
15060,742;69
15061,742;87
15062,742;91
15063,742;5914
15064,742;7393
15065,742;98
15066,742;88
15067,742;96
15068,742;98
15069,742;5944
15070,742;7319
15071,742;96
15072,742;98
15073,742;88
15074,742;72
15075,742;5863
15076,742;7391
15077,742;76
15078,742;89
15079,742;92
15080,742;88
15081,742;5907
15082,742;7360
15083,742;87
15084,742;88
15085,742;94
15086,742;81
15087,742;5881
15088,742;7391
15089,742;83
15090,742;81
15091,742;104
15092,742;74
15093,742;5876
15094,742;7413
15095,742;103
15096,742;101
15097,742;97
15098,742;102
15099,742;5906
15100,742;7381
15101,742;92
15102,742;88
15103,742;98
15104,742;97
15105,742;5882
15106,742;7399
15107,742;91
15108,742;82
15109,742;95
15110,742;92
15111,742;5877
15112,742;7397
15113,742;83
15114,742;85
15115,742;97
15116,742;99
15117,742;5886
15118,742;7376
15119,742;85
15120,742;93
15121,742;77
15122,742;92
15123,742;5893
15124,742;7405
15125,742;74
15126,742;73
15127,742;97
15128,742;99
15129,742;5865
15130,742;7399
15131,742;71
15132,742;95
15133,742;88
15134,742;99
15135,742;5854
15136,742;7415
15137,742;65
15138,742;97
15139,742;83
15140,742;105
15141,742;5893
15142,742;7433
15143,742;77
15144,742;91
15145,742;81
15146,742;84
15147,742;5896
15148,742;7415
15149,742;83
15150,742;86
15151,742;96
15152,742;98
15153,742;5868
15154,742;7399
15155,742;80
15156,742;80
15157,742;80
15158,742;115
15159,742;5893
15160,742;7418
15161,742;91
15162,742;93
15163,742;73
15164,742;80
15165,742;5949
15166,742;7320
15167,742;75
15168,742;96
15169,742;91
15170,742;84
15171,742;5871
15172,742;7428
15173,742;80
15174,742;78
15175,742;88
15176,742;106
15177,742;5865
15178,742;7404
15179,742;90
15180,742;83
15181,742;106
15182,742;87
15183,742;5860
15184,742;7427
15185,742;66
15186,742;85
15187,742;94
15188,742;101
15189,742;5877
15190,742;7392
15191,742;81
15192,742;75
15193,742;97
15194,742;91
15195,742;5847
15196,742;7405
15197,742;85
15198,742;86
15199,742;97
15200,742;93
15201,742;5872
15202,742;7414
15203,742;81
15204,742;103
15205,742;93
15206,742;94
15207,742;5862
15208,742;7378
15209,742;89
15210,742;87
15211,742;105
15212,742;98
15213,742;5865
15214,742;7410
15215,742;90
15216,742;80
15217,742;101
15218,742;86
15219,742;5863
15220,742;7425
15221,742;97
15222,742;101
15223,742;99
15224,742;86
15225,742;5880
15226,742;7418
15227,742;88
15228,742;86
15229,742;94
15230,742;84
15231,742;5856
15232,742;7440
15233,742;74
15234,742;90
15235,742;86
15236,742;94
15237,742;5834
15238,742;7422
15239,742;98
15240,742;77
15241,742;96
15242,742;96
15243,742;5858
15244,742;7423
15245,742;86
15246,742;76
15247,742;80
15248,742;80
15249,742;5863
15250,742;7417
15251,742;70
15252,742;81
15253,858;82
15254,858;99
15255,858;5837
15256,858;7414
15257,858;80
15258,858;93
15259,858;69
15260,858;73
15261,858;5886
15262,858;7413
15263,858;86
15264,858;77
15265,858;83
15266,858;95
15267,858;5828
15268,858;7403
15269,858;89
15270,858;92
15271,858;87
15272,858;91
15273,858;5844
15274,858;7418
15275,858;91
15276,858;83
15277,858;79
15278,858;96
15279,858;5879
15280,858;7409
15281,858;81
15282,858;99
15283,858;72
15284,858;66
15285,858;5858
15286,858;7439
15287,858;73
15288,858;74
15289,858;73
15290,858;79
15291,858;5502
15292,858;7410
15293,858;79
15294,858;100
15295,858;81
15296,858;62
15297,858;5761
15298,858;7429
15299,858;70
15300,858;77
15301,858;93
15302,858;64
15303,858;5851
15304,858;7403
15305,858;74
15306,858;59
15307,858;84
15308,858;55
15309,858;5841
15310,858;7432
15311,858;70
15312,858;82
15313,858;89
15314,858;86
15315,858;5837
15316,858;7436
15317,858;87
15318,858;68
15319,858;81
15320,858;104
15321,858;5846
15322,858;7441
15323,858;106
15324,858;86
15325,858;76
15326,858;86
15327,858;5869
15328,858;7427
15329,858;75
15330,858;69
15331,858;79
15332,858;93
15333,858;5848
15334,858;7441
15335,858;74
15336,858;82
15337,858;92
15338,858;66
15339,858;5864
15340,858;7412
15341,858;79
15342,858;84
15343,858;81
15344,858;77
15345,858;5846
15346,858;7426
15347,858;76
15348,858;83
15349,858;91
15350,858;92
15351,858;5845
15352,858;7426
15353,858;72
15354,861;77
15355,861;76
15356,861;89
15357,861;5884
15358,861;7419
15359,861;83
15360,861;91
15361,861;86
15362,861;102
15363,861;5839
15364,861;7460
15365,861;72
15366,861;92
15367,861;103
15368,861;101
15369,861;5839
15370,861;7482
15371,861;94
15372,861;95
15373,861;95
15374,861;99
15375,861;5822
15376,861;7445
15377,861;102
15378,861;89
15379,861;86
15380,861;88
15381,861;5901
15382,861;7398
15383,861;85
15384,861;84
15385,861;88
15386,861;105
15387,861;5852
15388,861;7448
15389,861;100
15390,861;103
15391,861;93
15392,861;95
15393,861;5833
15394,861;7425
15395,861;81
15396,861;79
15397,861;66
15398,861;90
15399,861;5833
15400,861;7460
15401,861;98
15402,861;90
15403,861;90
15404,861;81
15405,861;5820
15406,861;7453
15407,861;74
15408,861;77
15409,861;103
15410,861;91
15411,861;5846
15412,861;7415
15413,861;84
15414,861;84
15415,861;90
15416,861;84
15417,861;5840
15418,861;7438
15419,861;81
15420,861;88
15421,861;87
15422,861;95
15423,861;5883
15424,861;7443
15425,861;94
15426,861;92
15427,861;83
15428,861;90
15429,861;5813
15430,861;7458
15431,861;77
15432,861;82
15433,861;81
15434,861;88
15435,861;5834
15436,861;7423
15437,861;104
15438,861;85
15439,861;97
15440,861;85
15441,861;5846
15442,861;7451
15443,861;105
15444,861;86
15445,861;109
15446,861;90
15447,861;5864
15448,861;7448
15449,861;87
15450,861;101
15451,861;99
15452,861;102
15453,861;5839
15454,861;7440
15455,776;62
15456,776;76
15457,776;103
15458,776;104
15459,776;5817
15460,776;7461
15461,776;86
15462,776;81
15463,776;96
15464,776;82
15465,776;5863
15466,776;7444
15467,776;84
15468,776;86
15469,776;98
15470,776;93
15471,776;5791
15472,776;7461
15473,776;87
15474,776;100
15475,776;108
15476,776;105
15477,776;5816
15478,776;7463
15479,776;93
15480,776;73
15481,776;87
15482,776;125
15483,776;5840
15484,776;7427
15485,776;91
15486,776;95
15487,776;117
15488,776;102
15489,776;5832
15490,776;7450
15491,776;77
15492,776;86
15493,776;93
15494,776;99
15495,776;5853
15496,776;7469
15497,776;88
15498,776;97
15499,776;102
15500,776;105
15501,776;5830
15502,776;7446
15503,776;103
15504,776;79
15505,776;82
15506,776;91
15507,776;5826
15508,776;7466
15509,776;77
15510,776;103
15511,776;81
15512,776;90
15513,776;5813
15514,776;7452
15515,776;107
15516,776;98
15517,776;97
15518,776;83
15519,776;5847
15520,776;7445
15521,776;93
15522,776;99
15523,776;84
15524,776;101
15525,776;5833
15526,776;7475
15527,776;82
15528,776;87
15529,776;94
15530,776;100
15531,776;5833
15532,776;7477
15533,776;91
15534,776;107
15535,776;80
15536,776;100
15537,776;5814
15538,776;7466
15539,776;93
15540,776;95
15541,776;96
15542,776;108
15543,776;5858
15544,776;7449
15545,776;91
15546,776;94
15547,776;74
15548,776;103
15549,776;5839
15550,776;7466
15551,776;103
15552,776;97
15553,776;91
15554,776;90
15555,776;5846
15555,992;7485
15556,992;76
15557,992;96
15558,992;89
15559,992;87
15560,992;5832
15561,992;7456
15562,992;71
15563,992;108
15564,992;84
15565,992;91
15566,992;5836
15567,992;7446
15568,992;65
15569,992;86
15570,992;87
15571,992;98
15572,992;5825
15573,992;7456
15574,992;85
15575,992;99
15576,992;95
15577,992;108
15578,992;5834
15579,992;7497
15580,992;81
15581,992;96
15582,992;91
15583,992;93
15584,992;5819
15585,992;7480
15586,992;85
15587,992;77
15588,992;94
15589,992;100
15590,992;5832
15591,992;7469
15592,992;104
15593,992;97
15594,992;104
15595,992;96
15596,992;5812
15597,992;7490
15598,992;85
15599,992;99
15600,992;90
15601,992;118
15602,992;5475
15603,992;7489
15604,992;98
15605,992;96
15606,992;87
15607,992;105
15608,992;5772
15609,992;7469
15610,992;94
15611,992;95
15612,992;97
15613,992;88
15614,992;5808
15615,992;7485
15616,992;76
15617,992;103
15618,992;102
15619,992;82
15620,992;5825
15621,992;7479
15622,992;93
15623,992;120
15624,992;112
15625,992;94
15626,992;5862
15627,992;7509
15628,992;80
15629,992;90
15630,992;82
15631,992;105
15632,992;5809
15633,992;7473
15634,992;106
15635,992;73
15636,992;105
15637,992;75
15638,992;5811
15639,992;7510
15640,992;87
15641,992;87
15642,992;97
15643,992;95
15644,992;5822
15645,992;7471
15646,992;75
15647,992;87
15648,992;98
15649,992;90
15650,992;5820
15651,992;7521
15652,992;100
15653,992;90
15654,992;83
15655,992;101
15657,992;5794
15658,992;7509
15659,992;94
15660,992;100
15661,992;92
15662,992;95
15663,992;5801
15664,992;7463
15665,992;87
15666,992;83
15667,992;77
15668,992;97
15669,992;5796
15670,992;7482
15671,992;86
15672,992;96
15673,992;88
15674,992;104
15675,992;5820
15676,992;7509
15677,992;84
15678,992;74
15679,992;82
15680,992;99
15681,992;5814
15682,992;7470
15683,992;87
15684,992;88
15685,992;66
15686,992;97
15687,992;5855
15688,992;7447
15689,992;78
15690,992;82
15691,992;92
15692,992;81
15693,992;5808
15694,992;7501
15695,992;83
15696,992;102
15697,992;90
15698,992;83
15699,992;5902
15700,992;7394
15701,992;94
15702,992;102
15703,992;96
15704,992;93
15705,992;5807
15706,992;7504
15707,992;84
15708,992;103
15709,992;93
15710,992;102
15711,992;5793
15712,992;7477
15713,992;77
15714,992;73
15715,992;103
15716,992;98
15717,992;5796
15718,992;7485
15719,992;79
15720,992;92
15721,992;82
15722,992;108
15723,992;5804
15724,992;7477
15725,992;84
15726,992;63
15727,992;89
15728,992;103
15729,992;5824
15730,992;7474
15731,992;91
15732,992;91
15733,992;110
15734,992;96
15735,992;5805
15736,992;7494
15737,992;89
15738,992;92
15739,992;100
15740,992;105
15741,992;5803
15742,992;7473
15743,992;72
15744,992;92
15745,992;122
15746,992;92
15747,992;5867
15748,992;7382
15749,992;77
15750,992;95
15751,992;95
15752,992;86
15753,992;5805
15754,992;7500
15755,992;80
15756,992;95
15757,992;89
15758,536;90
15759,536;5803
15760,536;7494
15761,536;89
15762,536;90
15763,536;77
15764,536;102
15765,536;5769
15766,536;7480
15767,536;99
15768,536;95
15769,536;91
15770,536;110
15771,536;5776
15772,536;7515
15773,536;74
15774,536;95
15775,536;84
15776,536;92
15777,536;5761
15778,536;7521
15779,536;92
15780,536;94
15781,536;98
15782,536;113
15783,536;5819
15784,536;7494
15785,536;73
15786,536;90
15787,536;104
15788,536;90
15789,536;5806
15790,536;7469
15791,536;88
15792,536;99
15793,536;101
15794,536;81
15795,536;5813
15796,536;7478
15797,536;80
15798,536;84
15799,536;98
15800,536;96
15801,536;5760
15802,536;7515
15803,536;90
15804,536;79
15805,536;94
15806,536;102
15807,536;5792
15808,536;7509
15809,536;91
15810,536;93
15811,536;81
15812,536;106
15813,536;5741
15814,536;7494
15815,536;82
15816,536;73
15817,536;84
15818,536;91
15819,536;5753
15820,536;7525
15821,536;83
15822,536;89
15823,536;90
15824,536;90
15825,536;5774
15826,536;7503
15827,536;103
15828,536;90
15829,536;92
15830,536;94
15831,536;5795
15832,536;7514
15833,536;81
15834,536;93
15835,536;92
15836,536;79
15837,536;5770
15838,536;7478
15839,536;86
15840,536;82
15841,536;68
15842,536;88
15843,536;5798
15844,536;7515
15845,536;87
15846,536;97
15847,536;77
15848,536;92
15849,536;5753
15850,536;7491
15851,536;89
15852,536;85
15853,536;95
15854,536;107
15855,536;5768
15856,536;7509
15857,536;82
15858,536;80
15860,076;81
15861,076;98
15862,076;5854
15863,076;7443
15864,076;81
15865,076;74
15866,076;84
15867,076;101
15868,076;5826
15869,076;7480
15870,076;67
15871,076;81
15872,076;107
15873,076;87
15874,076;5762
15875,076;7507
15876,076;95
15877,076;76
15878,076;89
15879,076;91
15880,076;5735
15881,076;7511
15882,076;61
15883,076;79
15884,076;85
15885,076;81
15886,076;5736
15887,076;7514
15888,076;67
15889,076;100
15890,076;84
15891,076;90
15892,076;5754
15893,076;7486
15894,076;72
15895,076;82
15896,076;90
15897,076;75
15898,076;5729
15899,076;7523
15900,076;86
15901,076;89
15902,076;71
15903,076;87
15904,076;5759
15905,076;7517
15906,076;84
15907,076;81
15908,076;78
15909,076;81
15910,076;5765
15911,076;7514
15912,076;84
15913,076;83
15914,076;88
15915,076;79
15916,076;5518
15917,076;7436
15918,076;76
15919,076;95
15920,076;83
15921,076;70
15922,076;5718
15923,076;7516
15924,076;65
15925,076;70
15926,076;78
15927,076;85
15928,076;5741
15929,076;7521
15930,076;78
15931,076;79
15932,076;78
15933,076;91
15934,076;5732
15935,076;7508
15936,076;80
15937,076;59
15938,076;94
15939,076;80
15940,076;5735
15941,076;7522
15942,076;67
15943,076;81
15944,076;89
15945,076;81
15946,076;5738
15947,076;7531
15948,076;74
15949,076;82
15950,076;87
15951,076;81
15952,076;5706
15953,076;7533
15954,076;59
15955,076;75
15956,076;85
15957,076;78
15958,076;5751
15959,076;7512
15960,076;84
15961,835;87
15962,835;96
15963,835;87
15964,835;5793
15965,835;7497
15966,835;94
15967,835;71
15968,835;67
15969,835;90
15970,835;5753
15971,835;7523
15972,835;83
15973,835;81
15974,835;96
15975,835;80
15976,835;5759
15977,835;7544
15978,835;71
15979,835;84
15980,835;96
15981,835;89
15982,835;5783
15983,835;7533
15984,835;75
15985,835;83
15986,835;83
15987,835;86
15988,835;5761
15989,835;7531
15990,835;86
15991,835;75
15992,835;82
15993,835;75
15994,835;5736
15995,835;7514
15996,835;84
15997,835;75
15998,835;89
15999,835;85
16000,835;5757
16001,835;7514
16002,835;93
16003,835;100
16004,835;93
16005,835;90
16006,835;5751
16007,835;7514
16008,835;83
16009,835;82
16010,835;98
16011,835;97
16012,835;5717
16013,835;7538
16014,835;80
16015,835;90
16016,835;85
16017,835;90
16018,835;5718
16019,835;7540
16020,835;81
16021,835;86
16022,835;85
16023,835;96
16024,835;5787
16025,835;7539
16026,835;76
16027,835;91
16028,835;91
16029,835;107
16030,835;5715
16031,835;7528
16032,835;68
16033,835;97
16034,835;96
16035,835;97
16036,835;5740
16037,835;7557
16038,835;79
16039,835;93
16040,835;89
16041,835;113
16042,835;5764
16043,835;7540
16044,835;81
16045,835;91
16046,835;118
16047,835;94
16048,835;5764
16049,835;7541
16050,835;87
16051,835;99
16052,835;102
16053,835;101
16054,835;5733
16055,835;7553
16056,835;95
16057,835;99
16058,835;80
16059,835;104
16060,835;5756
16061,835;7551
16062,213;94
16063,213;85
16064,213;90
16065,213;97
16066,213;5731
16067,213;7556
16068,213;88
16069,213;93
16070,213;90
16071,213;90
16072,213;5729
16073,213;7559
16074,213;99
16075,213;95
16076,213;87
16077,213;106
16078,213;5710
16079,213;7578
16080,213;77
16081,213;86
16082,213;105
16083,213;90
16084,213;5711
16085,213;7559
16086,213;89
16087,213;72
16088,213;84
16089,213;88
16090,213;5735
16091,213;7566
16092,213;73
16093,213;83
16094,213;93
16095,213;82
16096,213;5735
16097,213;7538
16098,213;81
16099,213;93
16100,213;101
16101,213;95
16102,213;5749
16103,213;7519
16104,213;93
16105,213;91
16106,213;91
16107,213;94
16108,213;5728
16109,213;7542
16110,213;87
16111,213;88
16112,213;101
16113,213;101
16114,213;5735
16115,213;7545
16116,213;88
16117,213;91
16118,213;109
16119,213;102
16120,213;5734
16121,213;7567
16122,213;90
16123,213;86
16124,213;94
16125,213;92
16126,213;5810
16127,213;7470
16128,213;81
16129,213;102
16130,213;104
16131,213;99
16132,213;5725
16133,213;7547
16134,213;78
16135,213;82
16136,213;106
16137,213;75
16138,213;5709
16139,213;7559
16140,213;71
16141,213;103
16142,213;107
16143,213;112
16144,213;5759
16145,213;7557
16146,213;86
16147,213;91
16148,213;102
16149,213;88
16150,213;5715
16151,213;7531
16152,213;69
16153,213;111
16154,213;80
16155,213;99
16156,213;5727
16157,213;7558
16158,213;97
16159,213;83
16160,213;87
16161,213;94
16162,213;5755
16163,213;7532
16164,213;78
16165,213;85
16166,213;96
16167,213;69
16168,213;5749
16169,213;7557
16170,213;104
16171,213;100
16172,213;105
16173,213;76
16174,213;5741
16175,213;7590
16176,213;82
16177,213;112
16178,213;101
16179,213;96
16180,213;5726
16181,213;7567
16182,213;74
16183,213;107
16184,213;118
16185,213;109
16186,213;5741
16187,213;7566
16188,213;83
16189,213;95
16190,213;101
16191,213;95
16192,213;5745
16193,213;7560
16194,213;79
16195,213;91
16196,213;92
16197,213;87
16198,213;5717
16199,213;7570
16200,213;81
16201,213;90
16202,213;93
16203,213;92
16204,213;5738
16205,213;7561
16206,213;84
16207,213;93
16208,213;113
16209,213;92
16210,213;5718
16211,213;7563
16212,213;78
16213,213;80
16214,213;82
16215,213;95
16216,213;5727
16217,213;7580
16218,213;96
16219,213;108
16220,213;94
16221,213;95
16222,213;5743
16223,213;7575
16224,213;106
16225,213;94
16226,213;98
16227,213;108
16228,213;5387
16229,213;7601
16230,213;102
16231,213;86
16232,213;99
16233,213;93
16234,213;5672
16235,213;7534
16236,213;93
16237,213;101
16238,213;95
16239,213;86
16240,213;5684
16241,213;7576
16242,213;84
16243,213;82
16244,213;98
16245,213;89
16246,213;5724
16247,213;7551
16248,213;78
16249,213;112
16250,213;105
16251,213;92
16252,213;5723
16253,213;7556
16254,213;91
16255,213;95
16256,213;99
16257,213;95
16258,213;5710
16259,213;7576
16260,213;100
16261,213;102
16262,213;89
16263,213;88
16264,116;5726
16265,116;7569
16266,116;103
16267,116;85
16268,116;90
16269,116;104
16270,116;5733
16271,116;7548
16272,116;72
16273,116;82
16274,116;87
16275,116;101
16276,116;5717
16277,116;7579
16278,116;92
16279,116;97
16280,116;94
16281,116;91
16282,116;5734
16283,116;7575
16284,116;84
16285,116;102
16286,116;99
16287,116;98
16288,116;5708
16289,116;7581
16290,116;105
16291,116;94
16292,116;93
16293,116;86
16294,116;5729
16295,116;7575
16296,116;96
16297,116;98
16298,116;92
16299,116;111
16300,116;5735
16301,116;7534
16302,116;95
16303,116;92
16304,116;84
16305,116;96
16306,116;5730
16307,116;7595
16308,116;79
16309,116;83
16310,116;107
16311,116;84
16312,116;5705
16313,116;7591
16314,116;88
16315,116;92
16316,116;78
16317,116;98
16318,116;5704
16319,116;7595
16320,116;94
16321,116;94
16322,116;86
16323,116;94
16324,116;5694
16325,116;7575
16326,116;95
16327,116;93
16328,116;97
16329,116;79
16330,116;5665
16331,116;7595
16332,116;80
16333,116;85
16334,116;102
16335,116;102
16336,116;5678
16337,116;7562
16338,116;99
16339,116;109
16340,116;90
16341,116;88
16342,116;5709
16343,116;7611
16344,116;85
16345,116;85
16346,116;89
16347,116;91
16348,116;5720
16349,116;7585
16350,116;90
16351,116;103
16352,116;97
16353,116;101
16354,116;5682
16355,116;7592
16356,116;74
16357,116;90
16358,116;81
16359,116;89
16360,116;5694
16361,116;7627
16362,116;96
16363,116;93
16364,116;95
16364,484;102
16365,484;5817
16366,484;7452
16367,484;87
16368,484;99
16369,484;99
16370,484;107
16371,484;5689
16372,484;7581
16373,484;90
16374,484;91
16375,484;89
16376,484;78
16377,484;5692
16378,484;7590
16379,484;76
16380,484;90
16381,484;92
16382,484;91
16383,484;5690
16384,484;7608
16385,484;79
16386,484;93
16387,484;86
16388,484;114
16389,484;5679
16390,484;7575
16391,484;101
16392,484;92
16393,484;99
16394,484;97
16395,484;5686
16396,484;7611
16397,484;92
16398,484;91
16399,484;96
16400,484;90
16401,484;5699
16402,484;7605
16403,484;90
16404,484;84
16405,484;94
16406,484;82
16407,484;5684
16408,484;7588
16409,484;93
16410,484;99
16411,484;84
16412,484;110
16413,484;5718
16414,484;7537
16415,484;92
16416,484;96
16417,484;98
16418,484;98
16419,484;5701
16420,484;7588
16421,484;74
16422,484;94
16423,484;107
16424,484;80
16425,484;5687
16426,484;7599
16427,484;86
16428,484;89
16429,484;106
16430,484;84
16431,484;5671
16432,484;7584
16433,484;88
16434,484;76
16435,484;79
16436,484;96
16437,484;5685
16438,484;7572
16439,484;91
16440,484;95
16441,484;86
16442,484;89
16443,484;5667
16444,484;7615
16445,484;84
16446,484;83
16447,484;78
16448,484;81
16449,484;5667
16450,484;7611
16451,484;88
16452,484;95
16453,484;99
16454,484;86
16455,484;5667
16456,484;7610
16457,484;90
16458,484;97
16459,484;100
16460,484;89
16461,484;5672
16462,484;7608
16463,484;76
16464,484;77
16466,161;82
16467,161;106
16468,161;5693
16469,161;7609
16470,161;90
16471,161;76
16472,161;96
16473,161;91
16474,161;5659
16475,161;7596
16476,161;85
16477,161;94
16478,161;84
16479,161;94
16480,161;5686
16481,161;7592
16482,161;95
16483,161;86
16484,161;82
16485,161;76
16486,161;5744
16487,161;7555
16488,161;86
16489,161;96
16490,161;82
16491,161;108
16492,161;5684
16493,161;7600
16494,161;63
16495,161;82
16496,161;81
16497,161;85
16498,161;5685
16499,161;7618
16500,161;72
16501,161;76
16502,161;87
16503,161;99
16504,161;5672
16505,161;7621
16506,161;77
16507,161;78
16508,161;98
16509,161;79
16510,161;5662
16511,161;7618
16512,161;84
16513,161;71
16514,161;76
16515,161;74
16516,161;5648
16517,161;7617
16518,161;81
16519,161;82
16520,161;78
16521,161;78
16522,161;5667
16523,161;7596
16524,161;87
16525,161;84
16526,161;93
16527,161;84
16528,161;5653
16529,161;7579
16530,161;89
16531,161;65
16532,161;78
16533,161;94
16534,161;5647
16535,161;7607
16536,161;79
16537,161;72
16538,161;66
16539,161;66
16540,161;5286
16541,161;7634
16542,161;65
16543,161;73
16544,161;68
16545,161;71
16546,161;5590
16547,161;7629
16548,161;72
16549,161;74
16550,161;84
16551,161;102
16552,161;5640
16553,161;7599
16554,161;76
16555,161;77
16556,161;83
16557,161;80
16558,161;5639
16559,161;7639
16560,161;75
16561,161;88
16562,161;84
16563,161;76
16564,161;5714
16565,161;7569
16566,161;108
16566,516;75
16567,516;88
16568,516;85
16569,516;5651
16570,516;7597
16571,516;82
16572,516;70
16573,516;86
16574,516;93
16575,516;5657
16576,516;7620
16577,516;93
16578,516;65
16579,516;83
16580,516;90
16581,516;5682
16582,516;7622
16583,516;83
16584,516;98
16585,516;93
16586,516;91
16587,516;5664
16588,516;7628
16589,516;96
16590,516;84
16591,516;81
16592,516;79
16593,516;5660
16594,516;7613
16595,516;78
16596,516;87
16597,516;59
16598,516;88
16599,516;5660
16600,516;7617
16601,516;95
16602,516;79
16603,516;100
16604,516;98
16605,516;5644
16606,516;7646
16607,516;62
16608,516;81
16609,516;102
16610,516;80
16611,516;5662
16612,516;7648
16613,516;73
16614,516;70
16615,516;81
16616,516;96
16617,516;5657
16618,516;7638
16619,516;87
16620,516;104
16621,516;91
16622,516;105
16623,516;5684
16624,516;7636
16625,516;82
16626,516;80
16627,516;84
16628,516;89
16629,516;5639
16630,516;7606
16631,516;95
16632,516;84
16633,516;83
16634,516;93
16635,516;5668
16636,516;7624
16637,516;81
16638,516;88
16639,516;77
16640,516;96
16641,516;5638
16642,516;7616
16643,516;76
16644,516;110
16645,516;90
16646,516;95
16647,516;5649
16648,516;7628
16649,516;75
16650,516;92
16651,516;87
16652,516;86
16653,516;5655
16654,516;7625
16655,516;70
16656,516;88
16657,516;107
16658,516;108
16659,516;5632
16660,516;7626
16661,516;86
16662,516;96
16663,516;82
16664,516;76
16665,516;5662
16666,516;7633
16667,539;91
16668,539;84
16669,539;80
16670,539;95
16671,539;5662
16672,539;7630
16673,539;90
16674,539;97
16675,539;88
16676,539;85
16677,539;5641
16678,539;7668
16679,539;83
16680,539;90
16681,539;87
16682,539;90
16683,539;5658
16684,539;7613
16685,539;83
16686,539;105
16687,539;85
16688,539;96
16689,539;5631
16690,539;7632
16691,539;84
16692,539;84
16693,539;107
16694,539;94
16695,539;5662
16696,539;7641
16697,539;90
16698,539;88
16699,539;82
16700,539;92
16701,539;5637
16702,539;7634
16703,539;92
16704,539;95
16705,539;96
16706,539;85
16707,539;5629
16708,539;7659
16709,539;81
16710,539;102
16711,539;109
16712,539;85
16713,539;5654
16714,539;7626
16715,539;94
16716,539;85
16717,539;89
16718,539;94
16719,539;5639
16720,539;7632
16721,539;86
16722,539;99
16723,539;93
16724,539;79
16725,539;5650
16726,539;7626
16727,539;77
16728,539;82
16729,539;106
16730,539;91
16731,539;5605
16732,539;7648
16733,539;74
16734,539;94
16735,539;89
16736,539;91
16737,539;5620
16738,539;7622
16739,539;94
16740,539;92
16741,539;100
16742,539;96
16743,539;5656
16744,539;7666
16745,539;89
16746,539;93
16747,539;79
16748,539;103
16749,539;5657
16750,539;7654
16751,539;81
16752,539;99
16753,539;98
16754,539;92
16755,539;5624
16756,539;7631
16757,539;105
16758,539;94
16759,539;104
16760,539;99
16761,539;5681
16762,539;7641
16763,539;82
16764,539;81
16765,539;96
16766,539;101
16767,539;5630
16768,539;7663
16769,539;77
16770,539;106
16771,539;94
16772,539;68
16773,539;5658
16774,539;7618
16775,539;90
16776,539;114
16777,539;91
16778,539;104
16779,539;5650
16780,539;7649
16781,539;95
16782,539;96
16783,539;92
16784,539;86
16785,539;5669
16786,539;7627
16787,539;86
16788,539;73
16789,539;81
16790,539;105
16791,539;5655
16792,539;7664
16793,539;92
16794,539;95
16795,539;86
16796,539;94
16797,539;5648
16798,539;7654
16799,539;103
16800,539;99
16801,539;96
16802,539;89
16803,539;5614
16804,539;7667
16805,539;94
16806,539;79
16807,539;101
16808,539;110
16809,539;5646
16810,539;7639
16811,539;94
16812,539;86
16813,539;91
16814,539;77
16815,539;5643
16816,539;7644
16817,539;76
16818,539;92
16819,539;100
16820,539;91
16821,539;5638
16822,539;7667
16823,539;97
16824,539;89
16825,539;99
16826,539;91
16827,539;5643
16828,539;7682
16829,539;78
16830,539;101
16831,539;108
16832,539;93
16833,539;5641
16834,539;7653
16835,539;71
16836,539;89
16837,539;93
16838,539;95
16839,539;5614
16840,539;7643
16841,539;86
16842,539;92
16843,539;102
16844,539;111
16845,539;5596
16846,539;7654
16847,539;87
16848,539;88
16849,539;85
16850,539;93
16851,539;5279
16852,539;7698
16853,539;106
16854,539;87
16855,539;93
16856,539;92
16857,539;5546
16858,539;7655
16859,539;86
16860,539;107
16861,539;113
16862,539;96
16863,539;5711
16864,539;7581
16865,539;92
16866,539;92
16867,539;97
16868,539;93
16869,704;5618
16870,704;7683
16871,704;75
16872,704;92
16873,704;113
16874,704;91
16875,704;5640
16876,704;7665
16877,704;94
16878,704;77
16879,704;99
16880,704;102
16881,704;5637
16882,704;7665
16883,704;80
16884,704;111
16885,704;105
16886,704;101
16887,704;5629
16888,704;7676
16889,704;96
16890,704;98
16891,704;102
16892,704;103
16893,704;5624
16894,704;7679
16895,704;90
16896,704;79
16897,704;86
16898,704;94
16899,704;5609
16900,704;7693
16901,704;96
16902,704;113
16903,704;109
16904,704;116
16905,704;5658
16906,704;7694
16907,704;85
16908,704;101
16909,704;80
16910,704;98
16911,704;5609
16912,704;7654
16913,704;101
16914,704;95
16915,704;99
16916,704;98
16917,704;5628
16918,704;7674
16919,704;97
16920,704;102
16921,704;94
16922,704;83
16923,704;5694
16924,704;7589
16925,704;89
16926,704;90
16927,704;96
16928,704;114
16929,704;5583
16930,704;7665
16931,704;80
16932,704;98
16933,704;97
16934,704;89
16935,704;5614
16936,704;7676
16937,704;72
16938,704;93
16939,704;93
16940,704;103
16941,704;5617
16942,704;7681
16943,704;95
16944,704;72
16945,704;84
16946,704;86
16947,704;5602
16948,704;7662
16949,704;100
16950,704;80
16951,704;85
16952,704;79
16953,704;5582
16954,704;7661
16955,704;85
16956,704;94
16957,704;93
16958,704;87
16959,704;5628
16960,704;7671
16961,704;93
16962,704;107
16963,704;72
16964,704;91
16965,704;5605
16966,704;7660
16967,704;90
16968,704;83
16969,704;100
16970,674;98
16971,674;5603
16972,674;7674
16973,674;99
16974,674;97
16975,674;85
16976,674;95
16977,674;5604
16978,674;7657
16979,674;86
16980,674;95
16981,674;88
16982,674;102
16983,674;5624
16984,674;7685
16985,674;97
16986,674;84
16987,674;90
16988,674;86
16989,674;5599
16990,674;7693
16991,674;83
16992,674;80
16993,674;101
16994,674;88
16995,674;5600
16996,674;7684
16997,674;91
16998,674;107
16999,674;104
17000,674;76
17001,674;5608
17002,674;7686
17003,674;72
17004,674;80
17005,674;82
17006,674;77
17007,674;5605
17008,674;7688
17009,674;88
17010,674;96
17011,674;96
17012,674;74
17013,674;5580
17014,674;7691
17015,674;79
17016,674;87
17017,674;99
17018,674;89
17019,674;5605
17020,674;7673
17021,674;73
17022,674;80
17023,674;79
17024,674;87
17025,674;5588
17026,674;7710
17027,674;96
17028,674;74
17029,674;90
17030,674;81
17031,674;5609
17032,674;7693
17033,674;73
17034,674;80
17035,674;80
17036,674;90
17037,674;5582
17038,674;7683
17039,674;80
17040,674;76
17041,674;94
17042,674;90
17043,674;5592
17044,674;7677
17045,674;82
17046,674;83
17047,674;78
17048,674;77
17049,674;5572
17050,674;7695
17051,674;82
17052,674;81
17053,674;95
17054,674;93
17055,674;5563
17056,674;7701
17057,674;87
17058,674;84
17059,674;100
17060,674;89
17061,674;5580
17062,674;7728
17063,674;85
17064,674;95
17065,674;106
17066,674;87
17067,674;5590
17068,674;7708
17069,674;80
17070,674;76
17072,394;91
17073,394;74
17074,394;5556
17075,394;7700
17076,394;85
17077,394;75
17078,394;87
17079,394;101
17080,394;5582
17081,394;7693
17082,394;91
17083,394;82
17084,394;100
17085,394;98
17086,394;5597
17087,394;7697
17088,394;84
17089,394;96
17090,394;91
17091,394;108
17092,394;5573
17093,394;7735
17094,394;81
17095,394;97
17096,394;80
17097,394;97
17098,394;5563
17099,394;7703
17100,394;74
17101,394;83
17102,394;88
17103,394;79
17104,394;5581
17105,394;7697
17106,394;81
17107,394;83
17108,394;87
17109,394;96
17110,394;5578
17111,394;7695
17112,394;68
17113,394;103
17114,394;90
17115,394;93
17116,394;5573
17117,394;7693
17118,394;81
17119,394;84
17120,394;78
17121,394;81
17122,394;5570
17123,394;7713
17124,394;75
17125,394;95
17126,394;94
17127,394;77
17128,394;5564
17129,394;7709
17130,394;76
17131,394;82
17132,394;81
17133,394;96
17134,394;5606
17135,394;7707
17136,394;70
17137,394;95
17138,394;81
17139,394;65
17140,394;5579
17141,394;7694
17142,394;68
17143,394;78
17144,394;92
17145,394;75
17146,394;5589
17147,394;7683
17148,394;79
17149,394;81
17150,394;85
17151,394;83
17152,394;5567
17153,394;7681
17154,394;61
17155,394;84
17156,394;99
17157,394;99
17158,394;5671
17159,394;7605
17160,394;84
17161,394;71
17162,394;78
17163,394;78
17164,394;5198
17165,394;7711
17166,394;75
17167,394;65
17168,394;73
17169,394;90
17170,394;5510
17171,394;7683
17172,394;90
17173,019;85
17174,019;93
17175,019;91
17176,019;5523
17177,019;7688
17178,019;65
17179,019;90
17180,019;105
17181,019;83
17182,019;5538
17183,019;7685
17184,019;92
17185,019;82
17186,019;77
17187,019;96
17188,019;5584
17189,019;7712
17190,019;77
17191,019;88
17192,019;90
17193,019;107
17194,019;5561
17195,019;7717
17196,019;81
17197,019;85
17198,019;98
17199,019;89
17200,019;5558
17201,019;7715
17202,019;76
17203,019;90
17204,019;80
17205,019;88
17206,019;5534
17207,019;7727
17208,019;88
17209,019;84
17210,019;93
17211,019;104
17212,019;5544
17213,019;7703
17214,019;76
17215,019;74
17216,019;67
17217,019;73
17218,019;5543
17219,019;7717
17220,019;96
17221,019;87
17222,019;102
17223,019;90
17224,019;5562
17225,019;7706
17226,019;81
17227,019;81
17228,019;90
17229,019;77
17230,019;5576
17231,019;7728
17232,019;90
17233,019;79
17234,019;79
17235,019;81
17236,019;5562
17237,019;7724
17238,019;79
17239,019;77
17240,019;83
17241,019;83
17242,019;5564
17243,019;7723
17244,019;73
17245,019;110
17246,019;99
17247,019;91
17248,019;5588
17249,019;7698
17250,019;75
17251,019;84
17252,019;110
17253,019;80
17254,019;5575
17255,019;7734
17256,019;87
17257,019;90
17258,019;102
17259,019;93
17260,019;5553
17261,019;7728
17262,019;79
17263,019;76
17264,019;84
17265,019;100
17266,019;5553
17267,019;7732
17268,019;88
17269,019;88
17270,019;91
17271,019;100
17272,019;5553
17273,019;7696
17273,019;91
17274,019;87
17275,019;109
17276,019;83
17277,019;5548
17278,019;7723
17279,019;78
17280,019;79
17281,019;89
17282,019;100
17283,019;5550
17284,019;7725
17285,019;88
17286,019;100
17287,019;96
17288,019;84
17289,019;5554
17290,019;7752
17291,019;77
17292,019;99
17293,019;100
17294,019;87
17295,019;5553
17296,019;7717
17297,019;79
17298,019;70
17299,019;109
17300,019;92
17301,019;5551
17302,019;7716
17303,019;78
17304,019;78
17305,019;74
17306,019;82
17307,019;5559
17308,019;7739
17309,019;79
17310,019;81
17311,019;98
17312,019;103
17313,019;5562
17314,019;7735
17315,019;69
17316,019;73
17317,019;83
17318,019;105
17319,019;5564
17320,019;7705
17321,019;82
17322,019;96
17323,019;104
17324,019;108
17325,019;5550
17326,019;7732
17327,019;84
17328,019;94
17329,019;83
17330,019;87
17331,019;5545
17332,019;7723
17333,019;101
17334,019;114
17335,019;94
17336,019;94
17337,019;5522
17338,019;7748
17339,019;91
17340,019;68
17341,019;91
17342,019;102
17343,019;5549
17344,019;7722
17345,019;84
17346,019;103
17347,019;105
17348,019;91
17349,019;5550
17350,019;7731
17351,019;92
17352,019;88
17353,019;94
17354,019;102
17355,019;5541
17356,019;7740
17357,019;81
17358,019;85
17359,019;108
17360,019;100
17361,019;5545
17362,019;7748
17363,019;91
17364,019;83
17365,019;102
17366,019;88
17367,019;5564
17368,019;7758
17369,019;88
17370,019;81
17371,019;83
17372,019;86
17373,019;5534
17374,314;7738
17375,314;101
17376,314;94
17377,314;100
17378,314;96
17379,314;5541
17380,314;7737
17381,314;87
17382,314;93
17383,314;92
17384,314;91
17385,314;5544
17386,314;7734
17387,314;86
17388,314;99
17389,314;91
17390,314;88
17391,314;5536
17392,314;7733
17393,314;86
17394,314;97
17395,314;91
17396,314;108
17397,314;5542
17398,314;7745
17399,314;81
17400,314;88
17401,314;98
17402,314;88
17403,314;5560
17404,314;7744
17405,314;83
17406,314;101
17407,314;92
17408,314;89
17409,314;5568
17410,314;7735
17411,314;89
17412,314;97
17413,314;108
17414,314;110
17415,314;5556
17416,314;7750
17417,314;99
17418,314;97
17419,314;93
17420,314;107
17421,314;5578
17422,314;7746
17423,314;103
17424,314;97
17425,314;109
17426,314;103
17427,314;5550
17428,314;7731
17429,314;70
17430,314;89
17431,314;99
17432,314;88
17433,314;5537
17434,314;7744
17435,314;99
17436,314;100
17437,314;112
17438,314;103
17439,314;5568
17440,314;7728
17441,314;91
17442,314;107
17443,314;101
17444,314;108
17445,314;5558
17446,314;7747
17447,314;95
17448,314;91
17449,314;98
17450,314;89
17451,314;5551
17452,314;7766
17453,314;126
17454,314;105
17455,314;102
17456,314;109
17457,314;5519
17458,314;7763
17459,314;83
17460,314;84
17461,314;82
17462,314;88
17463,314;5550
17464,314;7746
17465,314;78
17466,314;90
17467,314;87
17468,314;111
17469,314;5536
17470,314;7753
17471,314;78
17472,314;113
17473,314;107
17474,314;83
17475,115;5170
17476,115;7782
17477,115;99
17478,115;99
17479,115;107
17480,115;103
17481,115;5453
17482,115;7739
17483,115;100
17484,115;79
17485,115;110
17486,115;89
17487,115;5513
17488,115;7734
17489,115;104
17490,115;109
17491,115;104
17492,115;83
17493,115;5545
17494,115;7783
17495,115;94
17496,115;83
17497,115;96
17498,115;117
17499,115;5530
17500,115;7785
17501,115;79
17502,115;102
17503,115;86
17504,115;101
17505,115;5644
17506,115;7667
17507,115;91
17508,115;98
17509,115;109
17510,115;89
17511,115;5504
17512,115;7783
17513,115;84
17514,115;84
17515,115;92
17516,115;92
17517,115;5520
17518,115;7731
17519,115;90
17520,115;84
17521,115;82
17522,115;111
17523,115;5536
17524,115;7777
17525,115;78
17526,115;107
17527,115;81
17528,115;93
17529,115;5524
17530,115;7790
17531,115;78
17532,115;102
17533,115;93
17534,115;84
17535,115;5526
17536,115;7766
17537,115;92
17538,115;93
17539,115;82
17540,115;109
17541,115;5535
17542,115;7777
17543,115;75
17544,115;87
17545,115;92
17546,115;95
17547,115;5534
17548,115;7770
17549,115;82
17550,115;117
17551,115;86
17552,115;106
17553,115;5506
17554,115;7779
17555,115;100
17556,115;78
17557,115;91
17558,115;118
17559,115;5536
17560,115;7754
17561,115;93
17562,115;80
17563,115;83
17564,115;93
17565,115;5520
17566,115;7757
17567,115;79
17568,115;96
17569,115;87
17570,115;102
17571,115;5486
17572,115;7771
17573,115;95
17574,115;112
17575,115;94
17575,775;109
17576,775;5484
17577,775;7795
17578,775;98
17579,775;109
17580,775;95
17581,775;107
17582,775;5515
17583,775;7767
17584,775;82
17585,775;99
17586,775;79
17587,775;94
17588,775;5516
17589,775;7767
17590,775;89
17591,775;88
17592,775;86
17593,775;85
17594,775;5458
17595,775;7799
17596,775;83
17597,775;62
17598,775;101
17599,775;83
17600,775;5528
17601,775;7757
17602,775;89
17603,775;89
17604,775;74
17605,775;96
17606,775;5505
17607,775;7793
17608,775;111
17609,775;83
17610,775;97
17611,775;105
17612,775;5479
17613,775;7784
17614,775;77
17615,775;100
17616,775;99
17617,775;81
17618,775;5502
17619,775;7777
17620,775;69
17621,775;100
17622,775;87
17623,775;85
17624,775;5491
17625,775;7782
17626,775;84
17627,775;103
17628,775;79
17629,775;102
17630,775;5480
17631,775;7777
17632,775;93
17633,775;104
17634,775;74
17635,775;79
17636,775;5513
17637,775;7769
17638,775;78
17639,775;87
17640,775;98
17641,775;83
17642,775;5501
17643,775;7789
17644,775;88
17645,775;81
17646,775;103
17647,775;90
17648,775;5488
17649,775;7761
17650,775;74
17651,775;105
17652,775;99
17653,775;97
17654,775;5470
17655,775;7768
17656,775;58
17657,775;72
17658,775;93
17659,775;104
17660,775;5486
17661,775;7767
17662,775;77
17663,775;99
17664,775;87
17665,775;92
17666,775;5494
17667,775;7817
17668,775;101
17669,775;82
17670,775;89
17671,775;96
17672,775;5509
17673,775;7814
17674,775;101
17675,775;95
17677,733;91
17678,733;87
17679,733;5473
17680,733;7770
17681,733;79
17682,733;80
17683,733;92
17684,733;80
17685,733;5507
17686,733;7791
17687,733;92
17688,733;85
17689,733;97
17690,733;107
17691,733;5496
17692,733;7766
17693,733;70
17694,733;80
17695,733;94
17696,733;91
17697,733;5501
17698,733;7799
17699,733;85
17700,733;92
17701,733;96
17702,733;90
17703,733;5480
17704,733;7773
17705,733;78
17706,733;85
17707,733;86
17708,733;105
17709,733;5518
17710,733;7803
17711,733;72
17712,733;78
17713,733;92
17714,733;93
17715,733;5465
17716,733;7807
17717,733;71
17718,733;75
17719,733;85
17720,733;107
17721,733;5489
17722,733;7758
17723,733;78
17724,733;61
17725,733;97
17726,733;76
17727,733;5486
17728,733;7810
17729,733;87
17730,733;81
17731,733;75
17732,733;83
17733,733;5479
17734,733;7796
17735,733;83
17736,733;82
17737,733;79
17738,733;88
17739,733;5466
17740,733;7805
17741,733;81
17742,733;79
17743,733;89
17744,733;74
17745,733;5493
17746,733;7769
17747,733;87
17748,733;64
17749,733;89
17750,733;69
17751,733;5463
17752,733;7789
17753,733;76
17754,733;73
17755,733;64
17756,733;88
17757,733;5461
17758,733;7789
17759,733;72
17760,733;70
17761,733;76
17762,733;80
17763,733;5469
17764,733;7787
17765,733;76
17766,733;82
17767,733;82
17768,733;78
17769,733;5457
17770,733;7765
17771,733;76
17772,733;77
17773,733;89
17774,733;78
17775,733;5440
17776,733;7801
17777,733;81
17778,733;70
17779,733;93
17780,733;87
17781,733;5469
17782,733;7797
17783,733;78
17784,733;79
17785,733;74
17786,733;74
17787,733;5110
17788,733;7828
17789,733;70
17790,733;69
17791,733;84
17792,733;74
17793,733;5362
17794,733;7801
17795,733;75
17796,733;90
17797,733;75
17798,733;85
17799,733;5455
17800,733;7791
17801,733;83
17802,733;78
17803,733;66
17804,733;94
17805,733;5434
17806,733;7805
17807,733;93
17808,733;77
17809,733;73
17810,733;90
17811,733;5445
17812,733;7804
17813,733;83
17814,733;99
17815,733;70
17816,733;83
17817,733;5458
17818,733;7815
17819,733;75
17820,733;96
17821,733;94
17822,733;62
17823,733;5462
17824,733;7786
17825,733;95
17826,733;95
17827,733;92
17828,733;104
17829,733;5474
17830,733;7805
17831,733;91
17832,733;77
17833,733;99
17834,733;96
17835,733;5449
17836,733;7815
17837,733;83
17838,733;86
17839,733;74
17840,733;88
17841,733;5458
17842,733;7808
17843,733;83
17844,733;83
17845,733;88
17846,733;82
17847,733;5459
17848,733;7819
17849,733;93
17850,733;101
17851,733;91
17852,733;96
17853,733;5469
17854,733;7803
17855,733;86
17856,733;75
17857,733;94
17858,733;83
17859,733;5454
17860,733;7798
17861,733;84
17862,733;93
17863,733;87
17864,733;98
17865,733;5464
17866,733;7810
17867,733;96
17868,733;86
17869,733;99
17870,733;88
17871,733;5460
17872,733;7820
17873,733;109
17874,733;96
17875,733;97
17876,733;105
17877,733;5450
17878,733;7805
17880,101;100
17881,101;110
17882,101;86
17883,101;95
17884,101;5454
17885,101;7824
17886,101;83
17887,101;75
17888,101;110
17889,101;90
17890,101;5422
17891,101;7818
17892,101;82
17893,101;98
17894,101;97
17895,101;82
17896,101;5424
17897,101;7815
17898,101;92
17899,101;85
17900,101;93
17901,101;103
17902,101;5489
17903,101;7813
17904,101;98
17905,101;94
17906,101;89
17907,101;89
17908,101;5433
17909,101;7835
17910,101;70
17911,101;93
17912,101;107
17913,101;100
17914,101;5443
17915,101;7824
17916,101;81
17917,101;78
17918,101;93
17919,101;84
17920,101;5452
17921,101;7840
17922,101;75
17923,101;92
17924,101;88
17925,101;95
17926,101;5461
17927,101;7824
17928,101;92
17929,101;78
17930,101;99
17931,101;93
17932,101;5432
17933,101;7843
17934,101;91
17935,101;73
17936,101;96
17937,101;95
17938,101;5409
17939,101;7821
17940,101;93
17941,101;102
17942,101;86
17943,101;86
17944,101;5446
17945,101;7815
17946,101;80
17947,101;90
17948,101;88
17949,101;95
17950,101;5441
17951,101;7832
17952,101;107
17953,101;104
17954,101;70
17955,101;95
17956,101;5418
17957,101;7835
17958,101;82
17959,101;89
17960,101;90
17961,101;88
17962,101;5428
17963,101;7830
17964,101;80
17965,101;79
17966,101;121
17967,101;96
17968,101;5436
17969,101;7849
17970,101;87
17971,101;104
17972,101;76
17973,101;96
17974,101;5438
17975,101;7830
17976,101;84
17977,101;86
17978,101;93
17979,101;87
17980,101;5559
17981,157;7721
17982,157;77
17983,157;97
17984,157;77
17985,157;94
17986,157;5441
17987,157;7833
17988,157;100
17989,157;89
17990,157;94
17991,157;101
17992,157;5445
17993,157;7832
17994,157;77
17995,157;80
17996,157;91
17997,157;84
17998,157;5444
17999,157;7848
18000,157;84
18001,157;79
18002,157;98
18003,157;111
18004,157;5448
18005,157;7831
18006,157;89
18007,157;70
18008,157;92
18009,157;84
18010,157;5441
18011,157;7858
18012,157;87
18013,157;90
18014,157;91
18015,157;78
18016,157;5446
18017,157;7838
18018,157;108
18019,157;88
18020,157;93
18021,157;89
18022,157;5460
18023,157;7838
18024,157;97
18025,157;93
18026,157;99
18027,157;74
18028,157;5440
18029,157;7822
18030,157;108
18031,157;102
18032,157;105
18033,157;107
18034,157;5447
18035,157;7876
18036,157;76
18037,157;93
18038,157;103
18039,157;102
18040,157;5464
18041,157;7833
18042,157;110
18043,157;87
18044,157;104
18045,157;97
18046,157;5455
18047,157;7833
18048,157;103
18049,157;94
18050,157;91
18051,157;114
18052,157;5442
18053,157;7836
18054,157;89
18055,157;110
18056,157;104
18057,157;84
18058,157;5436
18059,157;7846
18060,157;92
18061,157;89
18062,157;119
18063,157;95
18064,157;5455
18065,157;7826
18066,157;83
18067,157;100
18068,157;100
18069,157;108
18070,157;5435
18071,157;7841
18072,157;86
18073,157;92
18074,157;84
18075,157;89
18076,157;5506
18077,157;7754
18078,157;98
18079,157;81
18080,157;101
18081,157;92
18082,269;5459
18083,269;7826
18084,269;93
18085,269;82
18086,269;80
18087,269;93
18088,269;5457
18089,269;7838
18090,269;91
18091,269;83
18092,269;104
18093,269;111
18094,269;5426
18095,269;7831
18096,269;85
18097,269;87
18098,269;101
18099,269;107
18100,269;5078
18101,269;7875
18102,269;99
18103,269;92
18104,269;98
18105,269;106
18106,269;5378
18107,269;7847
18108,269;86
18109,269;98
18110,269;118
18111,269;108
18112,269;5394
18113,269;7859
18114,269;94
18115,269;103
18116,269;86
18117,269;91
18118,269;5486
18119,269;7796
18120,269;85
18121,269;89
18122,269;91
18123,269;115
18124,269;5422
18125,269;7880
18126,269;101
18127,269;94
18128,269;96
18129,269;98
18130,269;5438
18131,269;7864
18132,269;91
18133,269;95
18134,269;82
18135,269;109
18136,269;5406
18137,269;7854
18138,269;111
18139,269;80
18140,269;91
18141,269;91
18142,269;5426
18143,269;7829
18144,269;87
18145,269;96
18146,269;81
18147,269;96
18148,269;5408
18149,269;7867
18150,269;112
18151,269;88
18152,269;100
18153,269;102
18154,269;5381
18155,269;7832
18156,269;77
18157,269;86
18158,269;107
18159,269;95
18160,269;5493
18161,269;7793
18162,269;88
18163,269;74
18164,269;94
18165,269;95
18166,269;5423
18167,269;7877
18168,269;85
18169,269;111
18170,269;96
18171,269;103
18172,269;5382
18173,269;7838
18174,269;78
18175,269;96
18176,269;104
18177,269;98
18178,269;5401
18179,269;7872
18180,269;80
18181,269;104
18182,269;93
18183,159;104
18184,159;5431
18185,159;7857
18186,159;76
18187,159;100
18188,159;96
18189,159;100
18190,159;5420
18191,159;7876
18192,159;88
18193,159;85
18194,159;111
18195,159;103
18196,159;5390
18197,159;7881
18198,159;87
18199,159;105
18200,159;101
18201,159;97
18202,159;5416
18203,159;7849
18204,159;95
18205,159;84
18206,159;96
18207,159;79
18208,159;5405
18209,159;7863
18210,159;74
18211,159;95
18212,159;98
18213,159;99
18214,159;5401
18215,159;7862
18216,159;79
18217,159;90
18218,159;88
18219,159;77
18220,159;5388
18221,159;7891
18222,159;78
18223,159;104
18224,159;82
18225,159;115
18226,159;5403
18227,159;7847
18228,159;81
18229,159;90
18230,159;106
18231,159;87
18232,159;5392
18233,159;7889
18234,159;98
18235,159;106
18236,159;92
18237,159;93
18238,159;5388
18239,159;7831
18240,159;77
18241,159;79
18242,159;96
18243,159;102
18244,159;5399
18245,159;7872
18246,159;85
18247,159;93
18248,159;96
18249,159;97
18250,159;5372
18251,159;7864
18252,159;72
18253,159;85
18254,159;98
18255,159;96
18256,159;5388
18257,159;7873
18258,159;85
18259,159;118
18260,159;101
18261,159;85
18262,159;5390
18263,159;7886
18264,159;72
18265,159;94
18266,159;92
18267,159;94
18268,159;5395
18269,159;7862
18270,159;83
18271,159;72
18272,159;89
18273,159;98
18274,159;5374
18275,159;7863
18276,159;86
18277,159;97
18278,159;110
18279,159;90
18280,159;5399
18281,159;7869
18282,159;80
18283,159;100
18284,159;70
18285,159;112
18286,159;5395
18287,159;7864
18288,159;70
18289,159;92
18290,159;64
18291,159;87
18292,159;5388
18293,159;7900
18294,159;96
18295,159;101
18296,159;97
18297,159;94
18298,159;5379
18299,159;7877
18300,159;90
18301,159;79
18302,159;106
18303,159;76
18304,159;5402
18305,159;7880
18306,159;78
18307,159;94
18308,159;78
18309,159;101
18310,159;5393
18311,159;7891
18312,159;84
18313,159;78
18314,159;83
18315,159;84
18316,159;5389
18317,159;7877
18318,159;88
18319,159;79
18320,159;111
18321,159;80
18322,159;5389
18323,159;7887
18324,159;89
18325,159;78
18326,159;80
18327,159;103
18328,159;5400
18329,159;7883
18330,159;109
18331,159;87
18332,159;90
18333,159;89
18334,159;5397
18335,159;7907
18336,159;82
18337,159;89
18338,159;75
18339,159;95
18340,159;5361
18341,159;7867
18342,159;68
18343,159;83
18344,159;87
18345,159;88
18346,159;5388
18347,159;7882
18348,159;85
18349,159;85
18350,159;80
18351,159;81
18352,159;5371
18353,159;7896
18354,159;66
18355,159;80
18356,159;77
18357,159;91
18358,159;5404
18359,159;7859
18360,159;60
18361,159;80
18362,159;99
18363,159;109
18364,159;5355
18365,159;7865
18366,159;84
18367,159;84
18368,159;96
18369,159;92
18370,159;5460
18371,159;7803
18372,159;89
18373,159;82
18374,159;91
18375,159;78
18376,159;5367
18377,159;7881
18378,159;74
18379,159;80
18380,159;77
18381,159;92
18382,159;5375
18383,159;7897
18384,159;79
18385,119;77
18386,119;84
18387,119;90
18388,119;5372
18389,119;7882
18390,119;68
18391,119;89
18392,119;88
18393,119;82
18394,119;5333
18395,119;7884
18396,119;64
18397,119;78
18398,119;88
18399,119;76
18400,119;5387
18401,119;7867
18402,119;67
18403,119;84
18404,119;86
18405,119;77
18406,119;5375
18407,119;7881
18408,119;71
18409,119;90
18410,119;72
18411,119;59
18412,119;5018
18413,119;7924
18414,119;73
18415,119;72
18416,119;78
18417,119;87
18418,119;5273
18419,119;7906
18420,119;78
18421,119;76
18422,119;77
18423,119;79
18424,119;5339
18425,119;7924
18426,119;79
18427,119;78
18428,119;102
18429,119;95
18430,119;5348
18431,119;7901
18432,119;78
18433,119;89
18434,119;78
18435,119;79
18436,119;5399
18437,119;7856
18438,119;90
18439,119;81
18440,119;84
18441,119;100
18442,119;5348
18443,119;7897
18444,119;93
18445,119;74
18446,119;79
18447,119;64
18448,119;5341
18449,119;7904
18450,119;72
18451,119;76
18452,119;98
18453,119;76
18454,119;5338
18455,119;7911
18456,119;84
18457,119;89
18458,119;81
18459,119;80
18460,119;5367
18461,119;7888
18462,119;95
18463,119;93
18464,119;84
18465,119;97
18466,119;5349
18467,119;7916
18468,119;78
18469,119;75
18470,119;84
18471,119;102
18472,119;5374
18473,119;7903
18474,119;94
18475,119;91
18476,119;98
18477,119;86
18478,119;5356
18479,119;7910
18480,119;80
18481,119;89
18482,119;81
18483,119;81
18484,119;5382
18485,119;7880
18485,579;74
18486,579;89
18487,579;90
18488,579;96
18489,579;5346
18490,579;7905
18491,579;89
18492,579;104
18493,579;81
18494,579;108
18495,579;5326
18496,579;7889
18497,579;67
18498,579;82
18499,579;98
18500,579;90
18501,579;5373
18502,579;7899
18503,579;70
18504,579;100
18505,579;81
18506,579;102
18507,579;5332
18508,579;7901
18509,579;92
18510,579;84
18511,579;99
18512,579;82
18513,579;5463
18514,579;7786
18515,579;89
18516,579;77
18517,579;76
18518,579;86
18519,579;5349
18520,579;7907
18521,579;83
18522,579;73
18523,579;86
18524,579;86
18525,579;5360
18526,579;7902
18527,579;74
18528,579;92
18529,579;94
18530,579;84
18531,579;5363
18532,579;7920
18533,579;89
18534,579;88
18535,579;83
18536,579;84
18537,579;5360
18538,579;7919
18539,579;93
18540,579;89
18541,579;96
18542,579;112
18543,579;5318
18544,579;7924
18545,579;73
18546,579;81
18547,579;88
18548,579;86
18549,579;5378
18550,579;7878
18551,579;95
18552,579;85
18553,579;74
18554,579;95
18555,579;5319
18556,579;7926
18557,579;99
18558,579;96
18559,579;80
18560,579;89
18561,579;5341
18562,579;7921
18563,579;88
18564,579;99
18565,579;81
18566,579;85
18567,579;5305
18568,579;7898
18569,579;87
18570,579;80
18571,579;83
18572,579;96
18573,579;5328
18574,579;7919
18575,579;93
18576,579;102
18577,579;104
18578,579;85
18579,579;5366
18580,579;7925
18581,579;88
18582,579;83
18583,579;83
18584,579;100
18585,579;5340
18586,315;7949
18587,315;81
18588,315;81
18589,315;103
18590,315;81
18591,315;5319
18592,315;7900
18593,315;78
18594,315;95
18595,315;88
18596,315;99
18597,315;5315
18598,315;7916
18599,315;78
18600,315;83
18601,315;77
18602,315;76
18603,315;5347
18604,315;7923
18605,315;89
18606,315;79
18607,315;95
18608,315;90
18609,315;5366
18610,315;7904
18611,315;82
18612,315;93
18613,315;104
18614,315;100
18615,315;5302
18616,315;7926
18617,315;82
18618,315;83
18619,315;99
18620,315;104
18621,315;5353
18622,315;7956
18623,315;85
18624,315;92
18625,315;93
18626,315;85
18627,315;5351
18628,315;7955
18629,315;96
18630,315;80
18631,315;88
18632,315;88
18633,315;5310
18634,315;7940
18635,315;93
18636,315;107
18637,315;105
18638,315;102
18639,315;5353
18640,315;7925
18641,315;97
18642,315;86
18643,315;95
18644,315;94
18645,315;5311
18646,315;7925
18647,315;102
18648,315;102
18649,315;98
18650,315;91
18651,315;5348
18652,315;7949
18653,315;82
18654,315;93
18655,315;85
18656,315;95
18657,315;5327
18658,315;7943
18659,315;95
18660,315;93
18661,315;99
18662,315;95
18663,315;5332
18664,315;7964
18665,315;103
18666,315;88
18667,315;92
18668,315;90
18669,315;5326
18670,315;7938
18671,315;79
18672,315;99
18673,315;107
18674,315;102
18675,315;5317
18676,315;7956
18677,315;81
18678,315;87
18679,315;94
18680,315;94
18681,315;5338
18682,315;7937
18683,315;90
18684,315;98
18685,315;101
18686,315;85
18688,019;5321
18689,019;7955
18690,019;82
18691,019;83
18692,019;103
18693,019;99
18694,019;5320
18695,019;7932
18696,019;99
18697,019;79
18698,019;103
18699,019;108
18700,019;5335
18701,019;7940
18702,019;86
18703,019;94
18704,019;96
18705,019;91
18706,019;5359
18707,019;7935
18708,019;97
18709,019;87
18710,019;98
18711,019;91
18712,019;5326
18713,019;7960
18714,019;98
18715,019;106
18716,019;102
18717,019;87
18718,019;5332
18719,019;7946
18720,019;88
18721,019;101
18722,019;101
18723,019;91
18724,019;4981
18725,019;7991
18726,019;78
18727,019;96
18728,019;99
18729,019;99
18730,019;5342
18731,019;7866
18732,019;97
18733,019;100
18734,019;92
18735,019;105
18736,019;5270
18737,019;7978
18738,019;81
18739,019;96
18740,019;91
18741,019;107
18742,019;5321
18743,019;7942
18744,019;88
18745,019;98
18746,019;92
18747,019;86
18748,019;5302
18749,019;7945
18750,019;91
18751,019;99
18752,019;84
18753,019;90
18754,019;5294
18755,019;7963
18756,019;93
18757,019;94
18758,019;87
18759,019;92
18760,019;5324
18761,019;7953
18762,019;87
18763,019;80
18764,019;93
18765,019;104
18766,019;5327
18767,019;7937
18768,019;90
18769,019;119
18770,019;108
18771,019;81
18772,019;5299
18773,019;7946
18774,019;88
18775,019;109
18776,019;90
18777,019;103
18778,019;5331
18779,019;7944
18780,019;104
18781,019;99
18782,019;99
18783,019;99
18784,019;5330
18785,019;7957
18786,019;91
18787,019;79
18788,019;102
18793,024;108
18794,024;5291
18795,024;7965
18796,024;89
18797,024;80
18798,024;87
18799,024;83
18800,024;5301
18801,024;7961
18802,024;86
18803,024;98
18804,024;94
18805,024;85
18806,024;5312
18807,024;7964
18808,024;85
18809,024;96
18810,024;94
18811,024;91
18812,024;5321
18813,024;7963
18814,024;87
18815,024;89
18816,024;83
18817,024;110
18818,024;5323
18819,024;7965
18820,024;71
18821,024;103
18822,024;75
18823,024;100
18824,024;5311
18825,024;7969
18826,024;98
18827,024;70
18828,024;107
18829,024;91
18830,024;5291
18831,024;7970
18832,024;90
18833,024;90
18834,024;83
18835,024;103
18836,024;5285
18837,024;7974
18838,024;87
18839,024;87
18840,024;87
18841,024;86
18842,024;5251
18843,024;7961
18844,024;88
18845,024;88
18846,024;93
18847,024;96
18848,024;5314
18849,024;7969
18850,024;98
18851,024;69
18852,024;99
18853,024;101
18854,024;5288
18855,024;7967
18856,024;78
18857,024;99
18858,024;97
18859,024;104
18860,024;5278
18861,024;7983
18862,024;88
18863,024;89
18864,024;91
18865,024;102
18866,024;5300
18867,024;7947
18868,024;96
18869,024;82
18870,024;82
18871,024;89
18872,024;5281
18873,024;7963
18874,024;82
18875,024;87
18876,024;112
18877,024;94
18878,024;5308
18879,024;7943
18880,024;79
18881,024;79
18882,024;97
18883,024;84
18884,024;5307
18885,024;7953
18886,024;96
18887,024;96
18888,024;88
18889,024;118
18890,024;5297
18891,024;7965
18892,024;85
18893,024;101
18890,024;92
18891,024;96
18892,024;5258
18893,024;7941
18894,024;91
18895,024;81
18896,024;90
18897,024;99
18898,024;5308
18899,024;7971
18900,024;85
18901,024;89
18902,024;94
18903,024;114
18904,024;5292
18905,024;7963
18906,024;112
18907,024;91
18908,024;90
18909,024;112
18910,024;5300
18911,024;7965
18912,024;103
18913,024;102
18914,024;91
18915,024;95
18916,024;5265
18917,024;7971
18918,024;98
18919,024;87
18920,024;90
18921,024;89
18922,024;5292
18923,024;7972
18924,024;84
18925,024;87
18926,024;98
18927,024;101
18928,024;5258
18929,024;7950
18930,024;85
18931,024;95
18932,024;82
18933,024;82
18934,024;5272
18935,024;7993
18936,024;79
18937,024;80
18938,024;83
18939,024;95
18940,024;5274
18941,024;7986
18942,024;91
18943,024;98
18944,024;93
18945,024;94
18946,024;5282
18947,024;7983
18948,024;87
18949,024;89
18950,024;100
18951,024;97
18952,024;5265
18953,024;7967
18954,024;90
18955,024;91
18956,024;94
18957,024;100
18958,024;5354
18959,024;7917
18960,024;81
18961,024;83
18962,024;96
18963,024;90
18964,024;5283
18965,024;7998
18966,024;70
18967,024;80
18968,024;88
18969,024;100
18970,024;5272
18971,024;7978
18972,024;72
18973,024;88
18974,024;87
18975,024;82
18976,024;5244
18977,024;8000
18978,024;94
18979,024;86
18980,024;95
18981,024;98
18982,024;5292
18983,024;7975
18984,024;95
18985,024;88
18986,024;91
18987,024;87
18988,024;5254
18989,024;8013
18990,024;72
18990,48;73
18991,48;89
18992,48;76
18993,48;5319
18994,48;7907
18995,48;83
18996,48;80
18997,48;83
18998,48;106
18999,48;5281
19000,48;7992
19001,48;90
19002,48;89
19003,48;73
19004,48;99
19005,48;5264
19006,48;7988
19007,48;78
19008,48;76
19009,48;98
19010,48;83
19011,48;5240
19012,48;7986
19013,48;73
19014,48;74
19015,48;73
19016,48;78
19017,48;5278
19018,48;7958
19019,48;87
19020,48;69
19021,48;90
19022,48;66
19023,48;5258
19024,48;7962
19025,48;72
19026,48;73
19027,48;71
19028,48;97
19029,48;5249
19030,48;7984
