2785,396;6428
2786,396;1634
2787,396;88
2788,396;82
2789,396;85
2790,396;93
2791,396;10939
2792,396;1631
2793,396;89
2794,396;94
2795,396;89
2796,396;85
2797,396;11788
2798,396;1631
2799,396;93
2800,396;84
2801,396;83
2802,396;85
2803,396;11932
2804,396;1618
2805,396;73
2806,396;92
2807,396;93
2808,396;91
2809,396;11937
2810,396;1638
2811,396;85
2812,396;105
2813,396;93
2814,396;73
2815,396;11960
2816,396;1615
2817,396;79
2818,396;88
2819,396;96
2820,396;95
2821,396;11970
2822,396;1606
2823,396;87
2824,396;97
2825,396;79
2826,396;91
2827,396;11935
2828,396;1622
2829,396;101
2830,396;85
2831,396;108
2832,396;108
2833,396;11939
2834,396;1636
2835,396;94
2836,396;104
2837,396;86
2838,396;96
2839,396;11928
2840,396;1612
2841,396;92
2842,396;95
2843,396;125
2844,396;76
2845,396;11901
2846,396;1632
2847,396;104
2848,396;94
2849,396;95
2850,396;114
2851,396;11909
2852,396;1607
2853,396;87
2854,396;97
2855,396;93
2856,396;80
2857,396;11898
2858,396;1599
2859,396;83
2860,396;95
2861,396;93
2862,396;73
2863,396;11907
2864,396;1639
2865,396;84
2866,396;81
2867,396;94
2868,396;100
2869,396;11916
2870,396;1605
2871,396;81
2872,396;82
2873,396;94
2874,396;108
2875,396;11864
2876,396;1627
2877,396;85
2878,396;119
2879,396;104
2880,396;95
2881,396;11911
2882,396;1619
2883,396;92
2884,396;99
2885,396;75
2886,396;112
2887,396;11836
2888,396;1591
2889,396;88
2890,396;90
2891,396;93
2892,396;87
2893,396;11842
2894,396;1604
2895,396;95
2896,396;89
2897,396;99
2898,396;102
2899,396;11868
2900,396;1592
2901,396;105
2902,396;100
2903,396;96
2904,396;85
2905,396;11889
2906,396;1605
2907,396;96
2908,396;91
2909,396;83
2910,396;101
2911,396;11829
2912,396;1630
2913,396;91
2914,396;115
2915,396;113
2916,396;95
2917,396;11835
2918,396;1615
2919,396;101
2920,396;108
2921,396;89
2922,396;98
2923,396;11830
2924,396;1576
2925,396;109
2926,396;114
2927,396;107
2928,396;102
2929,396;11859
2930,396;1666
2931,396;90
2931,935;97
2932,935;113
2933,935;97
2934,935;11814
2935,935;1626
2936,935;84
2937,935;85
2938,935;104
2939,935;118
2940,935;11809
2941,935;1626
2942,935;82
2943,935;103
2944,935;93
2945,935;86
2946,935;11850
2947,935;1643
2948,935;102
2949,935;83
2950,935;97
2951,935;104
2952,935;11797
2953,935;1628
2954,935;94
2955,935;97
2956,935;99
2957,935;92
2958,935;11788
2959,935;1634
2960,935;83
2961,935;90
2962,935;95
2963,935;78
2964,935;11806
2965,935;1627
2966,935;82
2967,935;81
2968,935;91
2969,935;112
2970,935;11780
2971,935;1622
2972,935;93
2973,935;71
2974,935;75
2975,935;76
2976,935;11815
2977,935;1637
2978,935;102
2979,935;88
2980,935;111
2981,935;90
2982,935;11800
2983,935;1585
2984,935;89
2985,935;92
2986,935;111
2987,935;91
2988,935;11781
2989,935;1628
2990,935;95
2991,935;89
2992,935;85
2993,935;95
2994,935;11773
2995,935;1607
2996,935;86
2997,935;70
2998,935;99
2999,935;88
3000,935;11814
3001,935;1586
3002,935;81
3003,935;96
3004,935;85
3005,935;85
3006,935;11842
3007,935;1561
3008,935;76
3009,935;82
3010,935;100
3011,935;91
3012,935;11808
3013,935;1579
3014,935;68
3015,935;87
3016,935;84
3017,935;98
3018,935;11812
3019,935;1573
3020,935;89
3021,935;70
3022,935;78
3023,935;79
3024,935;11790
3025,935;1622
3026,935;89
3027,935;74
3028,935;82
3029,935;85
3030,935;11797
3031,935;1618
3033,428;77
3034,428;81
3035,428;76
3036,428;84
3037,428;11770
3038,428;1629
3039,428;82
3040,428;73
3041,428;91
3042,428;88
3043,428;11799
3044,428;1601
3045,428;82
3046,428;70
3047,428;61
3048,428;61
3049,428;11761
3050,428;1622
3051,428;79
3052,428;76
3053,428;82
3054,428;85
3055,428;11695
3056,428;1611
3057,428;67
3058,428;65
3059,428;80
3060,428;76
3061,428;11770
3062,428;1607
3063,428;51
3064,428;67
3065,428;69
3066,428;77
3067,428;11743
3068,428;1617
3069,428;72
3070,428;78
3071,428;75
3072,428;76
3073,428;11763
3074,428;1640
3075,428;68
3076,428;72
3077,428;64
3078,428;81
3079,428;11789
3080,428;1626
3081,428;66
3082,428;58
3083,428;61
3084,428;72
3085,428;11738
3086,428;1620
3087,428;80
3088,428;56
3089,428;62
3090,428;68
3091,428;11731
3092,428;1600
3093,428;65
3094,428;63
3095,428;71
3096,428;54
3097,428;11405
3098,428;1586
3099,428;62
3100,428;78
3101,428;67
3102,428;67
3103,428;11763
3104,428;1576
3105,428;62
3106,428;80
3107,428;63
3108,428;68
3109,428;11779
3110,428;1584
3111,428;78
3112,428;78
3113,428;72
3114,428;75
3115,428;11708
3116,428;1645
3117,428;69
3118,428;74
3119,428;74
3120,428;80
3121,428;11733
3122,428;1632
3123,428;64
3124,428;62
3125,428;79
3126,428;77
3127,428;11744
3128,428;1630
3129,428;75
3130,428;82
3131,428;64
3132,428;77
3133,428;11806
3134,05;1562
3135,05;72
3136,05;91
3137,05;80
3138,05;79
3139,05;11740
3140,05;1644
3141,05;77
3142,05;67
3143,05;83
3144,05;80
3145,05;11755
3146,05;1616
3147,05;59
3148,05;101
3149,05;83
3150,05;68
3151,05;11736
3152,05;1631
3153,05;79
3154,05;87
3155,05;83
3156,05;81
3157,05;11734
3158,05;1631
3159,05;72
3160,05;72
3161,05;87
3162,05;102
3163,05;11718
3164,05;1663
3165,05;70
3166,05;92
3167,05;111
3168,05;105
3169,05;11750
3170,05;1630
3171,05;83
3172,05;70
3173,05;105
3174,05;97
3175,05;11739
3176,05;1665
3177,05;88
3178,05;87
3179,05;96
3180,05;91
3181,05;11722
3182,05;1658
3183,05;91
3184,05;74
3185,05;87
3186,05;108
3187,05;11698
3188,05;1655
3189,05;95
3190,05;100
3191,05;86
3192,05;88
3193,05;11734
3194,05;1637
3195,05;73
3196,05;81
3197,05;94
3198,05;100
3199,05;11720
3200,05;1659
3201,05;80
3202,05;76
3203,05;93
3204,05;85
3205,05;11722
3206,05;1673
3207,05;94
3208,05;96
3209,05;92
3210,05;106
3211,05;11727
3212,05;1664
3213,05;77
3214,05;89
3215,05;73
3216,05;103
3217,05;11709
3218,05;1675
3219,05;100
3220,05;102
3221,05;122
3222,05;96
3223,05;11714
3224,05;1639
3225,05;97
3226,05;80
3227,05;101
3228,05;91
3229,05;11686
3230,05;1654
3231,05;88
3232,05;94
3233,05;110
3234,05;109
3235,146;11692
3236,146;1649
3237,146;88
3238,146;108
3239,146;94
3240,146;81
3241,146;11745
3242,146;1668
3243,146;96
3244,146;102
3245,146;100
3246,146;103
3247,146;11709
3248,146;1661
3249,146;99
3250,146;98
3251,146;98
3252,146;88
3253,146;11712
3254,146;1656
3255,146;93
3256,146;80
3257,146;97
3258,146;78
3259,146;11697
3260,146;1671
3261,146;95
3262,146;89
3263,146;76
3264,146;87
3265,146;11705
3266,146;1667
3267,146;91
3268,146;82
3269,146;97
3270,146;94
3271,146;11719
3272,146;1672
3273,146;103
3274,146;114
3275,146;100
3276,146;101
3277,146;11799
3278,146;1579
3279,146;88
3280,146;105
3281,146;86
3282,146;97
3283,146;11759
3284,146;1631
3285,146;82
3286,146;91
3287,146;104
3288,146;94
3289,146;11725
3290,146;1589
3291,146;104
3292,146;93
3293,146;81
3294,146;101
3295,146;11773
3296,146;1585
3297,146;85
3298,146;91
3299,146;103
3300,146;110
3301,146;11700
3302,146;1683
3303,146;86
3304,146;99
3305,146;74
3306,146;93
3307,146;11693
3308,146;1673
3309,146;81
3310,146;91
3311,146;76
3312,146;90
3313,146;11659
3314,146;1669
3315,146;100
3316,146;97
3317,146;99
3318,146;105
3319,146;11684
3320,146;1686
3321,146;94
3322,146;94
3323,146;96
3324,146;96
3325,146;11693
3326,146;1670
3327,146;86
3328,146;103
3329,146;98
3330,146;102
3331,146;11678
3332,146;1652
3333,146;88
3334,146;84
3335,146;77
3336,146;108
3337,146;11689
3338,146;1653
3339,146;87
3340,146;78
3341,146;91
3342,146;104
3343,146;11695
3344,146;1661
3345,146;94
3346,146;87
3347,146;88
3348,146;90
3349,146;11683
3350,146;1658
3351,146;77
3352,146;91
3353,146;103
3354,146;95
3355,146;11669
3356,146;1681
3357,146;88
3358,146;85
3359,146;102
3360,146;92
3361,146;11657
3362,146;1687
3363,146;87
3364,146;87
3365,146;82
3366,146;110
3367,146;11776
3368,146;1575
3369,146;84
3370,146;90
3371,146;101
3372,146;94
3373,146;11772
3374,146;1583
3375,146;82
3376,146;101
3377,146;101
3378,146;72
3379,146;11680
3380,146;1684
3381,146;83
3382,146;90
3383,146;91
3384,146;87
3385,146;11697
3386,146;1674
3387,146;71
3388,146;80
3389,146;98
3390,146;75
3391,146;11742
3392,146;1590
3393,146;87
3394,146;85
3395,146;104
3396,146;109
3397,146;11730
3398,146;1590
3399,146;80
3400,146;82
3401,146;63
3402,146;80
3403,146;11684
3404,146;1680
3405,146;83
3406,146;83
3407,146;90
3408,146;78
3409,146;11328
3410,146;1669
3411,146;86
3412,146;90
3413,146;84
3414,146;82
3415,146;11704
3416,146;1588
3417,146;83
3418,146;81
3419,146;86
3420,146;67
3421,146;11739
3422,146;1590
3423,146;81
3424,146;77
3425,146;94
3426,146;98
3427,146;11639
3428,146;1686
3429,146;87
3430,146;88
3431,146;82
3432,146;85
3433,146;11663
3434,146;1678
3435,146;58
3436,146;78
3437,146;90
3438,146;81
3439,146;11680
3440,146;1678
3441,146;91
3442,146;99
3443,146;101
3444,146;100
3445,146;11690
3446,146;1685
3447,146;83
3448,146;63
3449,146;96
3450,146;78
3451,146;11661
3452,146;1677
3453,146;80
3454,146;75
3455,146;107
3456,146;98
3457,146;11649
3458,146;1683
3459,146;86
3460,146;83
3461,146;87
3462,146;96
3463,146;11654
3464,146;1673
3465,146;75
3466,146;83
3467,146;105
3468,146;90
3469,146;11668
3470,146;1675
3471,146;85
3472,146;75
3473,146;102
3474,146;85
3475,146;11630
3476,146;1693
3477,146;85
3478,146;85
3479,146;88
3480,146;97
3481,146;11669
3482,146;1680
3483,146;84
3484,146;90
3485,146;78
3486,146;95
3487,146;11739
3488,146;1609
3489,146;91
3490,146;88
3491,146;97
3492,146;98
3493,146;11656
3494,146;1680
3495,146;97
3496,146;91
3497,146;92
3498,146;102
3499,146;11697
3500,146;1689
3501,146;84
3502,146;70
3503,146;90
3504,146;98
3505,146;11673
3506,146;1692
3507,146;97
3508,146;90
3509,146;87
3510,146;98
3511,146;11667
3512,146;1696
3513,146;84
3514,146;97
3515,146;94
3516,146;79
3517,146;11640
3518,146;1708
3519,146;87
3520,146;105
3521,146;86
3522,146;114
3523,146;11643
3524,146;1689
3525,146;89
3526,146;93
3527,146;97
3528,146;96
3529,146;11648
3530,146;1697
3531,146;88
3532,146;95
3533,146;110
3534,146;98
3535,146;11659
3536,146;1714
3537,146;89
3538,448;102
3539,448;107
3540,448;93
3541,448;11677
3542,448;1697
3543,448;101
3544,448;110
3545,448;90
3546,448;106
3547,448;11658
3548,448;1686
3549,448;92
3550,448;102
3551,448;93
3552,448;120
3553,448;11673
3554,448;1721
3555,448;81
3556,448;100
3557,448;77
3558,448;87
3559,448;11672
3560,448;1694
3561,448;81
3562,448;92
3563,448;108
3564,448;69
3565,448;11683
3566,448;1698
3567,448;101
3568,448;100
3569,448;118
3570,448;91
3571,448;11637
3572,448;1711
3573,448;94
3574,448;104
3575,448;88
3576,448;99
3577,448;11667
3578,448;1706
3579,448;92
3580,448;97
3581,448;113
3582,448;100
3583,448;11641
3584,448;1724
3585,448;80
3586,448;100
3587,448;87
3588,448;103
3589,448;11637
3590,448;1713
3591,448;94
3592,448;95
3593,448;115
3594,448;100
3595,448;11643
3596,448;1721
3597,448;109
3598,448;102
3599,448;93
3600,448;111
3601,448;11629
3602,448;1723
3603,448;101
3604,448;103
3605,448;88
3606,448;96
3607,448;11634
3608,448;1720
3609,448;106
3610,448;102
3611,448;88
3612,448;105
3613,448;11665
3614,448;1714
3615,448;98
3616,448;90
3617,448;108
3618,448;96
3619,448;11625
3620,448;1690
3621,448;130
3622,448;91
3623,448;92
3624,448;95
3625,448;11630
3626,448;1728
3627,448;88
3628,448;86
3629,448;106
3630,448;92
3631,448;11643
3632,448;1731
3633,448;77
3634,448;89
3635,448;86
3636,448;98
3637,448;11637
3638,448;1729
3640,136;81
3641,136;89
3642,136;102
3643,136;88
3644,136;11623
3645,136;1704
3646,136;92
3647,136;88
3648,136;85
3649,136;85
3650,136;11643
3651,136;1711
3652,136;65
3653,136;82
3654,136;97
3655,136;92
3656,136;11651
3657,136;1712
3658,136;61
3659,136;86
3660,136;79
3661,136;78
3662,136;11653
3663,136;1700
3664,136;97
3665,136;79
3666,136;85
3667,136;69
3668,136;11649
3669,136;1719
3670,136;66
3671,136;84
3672,136;92
3673,136;99
3674,136;11600
3675,136;1708
3676,136;86
3677,136;90
3678,136;84
3679,136;81
3680,136;11662
3681,136;1704
3682,136;62
3683,136;73
3684,136;73
3685,136;82
3686,136;11635
3687,136;1713
3688,136;71
3689,136;82
3690,136;85
3691,136;86
3692,136;11622
3693,136;1721
3694,136;70
3695,136;75
3696,136;76
3697,136;78
3698,136;11612
3699,136;1708
3700,136;64
3701,136;71
3702,136;76
3703,136;70
3704,136;11607
3705,136;1705
3706,136;67
3707,136;53
3708,136;66
3709,136;71
3710,136;11615
3711,136;1726
3712,136;65
3713,136;71
3714,136;84
3715,136;75
3716,136;11625
3717,136;1728
3718,136;69
3719,136;72
3720,136;63
3721,136;69
3722,136;11269
3723,136;1712
3724,136;55
3725,136;77
3726,136;71
3727,136;90
3728,136;11563
3729,136;1699
3730,136;60
3731,136;76
3732,136;72
3733,136;74
3734,136;11605
3735,136;1706
3736,136;64
3737,136;75
3738,136;72
3739,136;75
3740,136;11618
3740,386;1685
3741,386;77
3742,386;67
3743,386;77
3744,386;69
3745,386;11611
3746,386;1728
3747,386;69
3748,386;66
3749,386;66
3750,386;75
3751,386;11641
3752,386;1718
3753,386;72
3754,386;58
3755,386;81
3756,386;63
3757,386;11592
3758,386;1719
3759,386;73
3760,386;71
3761,386;75
3762,386;90
3763,386;11616
3764,386;1723
3765,386;68
3766,386;71
3767,386;71
3768,386;93
3769,386;11618
3770,386;1732
3771,386;85
3772,386;77
3773,386;78
3774,386;81
3775,386;11597
3776,386;1726
3777,386;75
3778,386;85
3779,386;101
3780,386;67
3781,386;11631
3782,386;1725
3783,386;82
3784,386;109
3785,386;79
3786,386;91
3787,386;11652
3788,386;1729
3789,386;68
3790,386;86
3791,386;90
3792,386;90
3793,386;11602
3794,386;1731
3795,386;78
3796,386;103
3797,386;76
3798,386;103
3799,386;11620
3800,386;1731
3801,386;94
3802,386;89
3803,386;85
3804,386;92
3805,386;11627
3806,386;1738
3807,386;75
3808,386;76
3809,386;100
3810,386;81
3811,386;11624
3812,386;1737
3813,386;86
3814,386;85
3815,386;87
3816,386;92
3817,386;11577
3818,386;1750
3819,386;102
3820,386;102
3821,386;100
3822,386;100
3823,386;11598
3824,386;1745
3825,386;95
3826,386;92
3827,386;92
3828,386;107
3829,386;11606
3830,386;1740
3831,386;83
3832,386;85
3833,386;83
3834,386;104
3835,386;11606
3836,386;1742
3837,386;83
3838,386;99
3839,386;87
3840,386;97
3840,697;11591
3841,697;1741
3842,697;94
3843,697;94
3844,697;90
3845,697;83
3846,697;11610
3847,697;1742
3848,697;86
3849,697;99
3850,697;113
3851,697;95
3852,697;11601
3853,697;1740
3854,697;105
3855,697;87
3856,697;101
3857,697;93
3858,697;11623
3859,697;1739
3860,697;89
3861,697;85
3862,697;104
3863,697;110
3864,697;11575
3865,697;1731
3866,697;89
3867,697;69
3868,697;112
3869,697;100
3870,697;11622
3871,697;1743
3872,697;84
3873,697;91
3874,697;81
3875,697;98
3876,697;11661
3877,697;1652
3878,697;97
3879,697;93
3880,697;108
3881,697;99
3882,697;11613
3883,697;1755
3884,697;91
3885,697;88
3886,697;100
3887,697;109
3888,697;11614
3889,697;1736
3890,697;95
3891,697;89
3892,697;113
3893,697;85
3894,697;11565
3895,697;1748
3896,697;88
3897,697;84
3898,697;93
3899,697;90
3900,697;11575
3901,697;1760
3902,697;96
3903,697;87
3904,697;92
3905,697;85
3906,697;11596
3907,697;1759
3908,697;77
3909,697;97
3910,697;95
3911,697;113
3912,697;11626
3913,697;1741
3914,697;89
3915,697;80
3916,697;89
3917,697;99
3918,697;11677
3919,697;1675
3920,697;83
3921,697;106
3922,697;93
3923,697;100
3924,697;11570
3925,697;1767
3926,697;93
3927,697;104
3928,697;94
3929,697;80
3930,697;11575
3931,697;1758
3932,697;93
3933,697;90
3934,697;100
3935,697;91
3936,697;11558
3937,697;1760
3938,697;95
3939,697;91
3940,697;98
3941,697;106
3942,697;11598
3943,697;1760
3944,697;80
3945,697;93
3946,697;99
3947,697;86
3948,697;11572
3949,697;1762
3950,697;81
3951,697;95
3952,697;98
3953,697;79
3954,697;11560
3955,697;1736
3956,697;88
3957,697;78
3958,697;98
3959,697;96
3960,697;11591
3961,697;1755
3962,697;93
3963,697;107
3964,697;86
3965,697;109
3966,697;11570
3967,697;1747
3968,697;106
3969,697;83
3970,697;101
3971,697;95
3972,697;11588
3973,697;1760
3974,697;79
3975,697;87
3976,697;93
3977,697;107
3978,697;11576
3979,697;1765
3980,697;79
3981,697;79
3982,697;90
3983,697;79
3984,697;11581
3985,697;1755
3986,697;106
3987,697;79
3988,697;82
3989,697;81
3990,697;11584
3991,697;1770
3992,697;86
3993,697;86
3994,697;93
3995,697;106
3996,697;11534
3997,697;1765
3998,697;72
3999,697;75
4000,697;92
4001,697;70
4002,697;11538
4003,697;1746
4004,697;94
4005,697;95
4006,697;106
4007,697;88
4008,697;11546
4009,697;1745
4010,697;80
4011,697;91
4012,697;82
4013,697;94
4014,697;11518
4015,697;1768
4016,697;78
4017,697;91
4018,697;85
4019,697;96
4020,697;11597
4021,697;1768
4022,697;93
4023,697;89
4024,697;93
4025,697;80
4026,697;11528
4027,697;1767
4028,697;74
4029,697;91
4030,697;68
4031,697;84
4032,697;11226
4033,697;1758
4034,697;67
4035,697;105
4036,697;105
4037,697;81
4038,697;11504
4039,697;1778
4040,697;68
4041,697;83
4043,542;94
4044,542;70
4045,542;11569
4046,542;1750
4047,542;81
4048,542;83
4049,542;73
4050,542;90
4051,542;11519
4052,542;1779
4053,542;87
4054,542;90
4055,542;98
4056,542;98
4057,542;11581
4058,542;1755
4059,542;93
4060,542;88
4061,542;95
4062,542;78
4063,542;11530
4064,542;1763
4065,542;74
4066,542;86
4067,542;99
4068,542;82
4069,542;11548
4070,542;1778
4071,542;69
4072,542;88
4073,542;79
4074,542;82
4075,542;11550
4076,542;1775
4077,542;80
4078,542;83
4079,542;81
4080,542;90
4081,542;11523
4082,542;1780
4083,542;95
4084,542;92
4085,542;89
4086,542;87
4087,542;11566
4088,542;1763
4089,542;87
4090,542;88
4091,542;98
4092,542;92
4093,542;11517
4094,542;1786
4095,542;103
4096,542;81
4097,542;106
4098,542;100
4099,542;11533
4100,542;1795
4101,542;79
4102,542;93
4103,542;87
4104,542;86
4105,542;11549
4106,542;1787
4107,542;65
4108,542;104
4109,542;104
4110,542;99
4111,542;11505
4112,542;1788
4113,542;99
4114,542;99
4115,542;101
4116,542;92
4117,542;11512
4118,542;1780
4119,542;79
4120,542;100
4121,542;104
4122,542;80
4123,542;11512
4124,542;1769
4125,542;79
4126,542;98
4127,542;89
4128,542;100
4129,542;11555
4130,542;1775
4131,542;93
4132,542;94
4133,542;100
4134,542;104
4135,542;11543
4136,542;1791
4137,542;76
4138,542;85
4139,542;96
4140,542;95
4141,542;11559
4142,542;1772
4143,542;100
4144,216;74
4145,216;84
4146,216;102
4147,216;11616
4148,216;1679
4149,216;93
4150,216;94
4151,216;103
4152,216;85
4153,216;11659
4154,216;1682
4155,216;80
4156,216;103
4157,216;73
4158,216;89
4159,216;11574
4160,216;1787
4161,216;97
4162,216;103
4163,216;92
4164,216;116
4165,216;11555
4166,216;1781
4167,216;100
4168,216;107
4169,216;88
4170,216;106
4171,216;11543
4172,216;1773
4173,216;96
4174,216;104
4175,216;84
4176,216;82
4177,216;11527
4178,216;1777
4179,216;90
4180,216;100
4181,216;80
4182,216;108
4183,216;11537
4184,216;1781
4185,216;90
4186,216;104
4187,216;97
4188,216;93
4189,216;11523
4190,216;1799
4191,216;83
4192,216;71
4193,216;88
4194,216;108
4195,216;11523
4196,216;1809
4197,216;95
4198,216;100
4199,216;83
4200,216;92
4201,216;11552
4202,216;1811
4203,216;92
4204,216;99
4205,216;78
4206,216;93
4207,216;11539
4208,216;1798
4209,216;93
4210,216;92
4211,216;92
4212,216;108
4213,216;11526
4214,216;1779
4215,216;100
4216,216;83
4217,216;86
4218,216;94
4219,216;11543
4220,216;1784
4221,216;93
4222,216;98
4223,216;77
4224,216;99
4225,216;11550
4226,216;1799
4227,216;73
4228,216;96
4229,216;102
4230,216;104
4231,216;11522
4232,216;1781
4233,216;94
4234,216;109
4235,216;90
4236,216;95
4237,216;11542
4238,216;1800
4239,216;81
4240,216;94
4241,216;90
4242,216;96
4243,216;11513
4244,216;1790
4244,068;84
4245,068;103
4246,068;98
4247,068;92
4248,068;11500
4249,068;1811
4250,068;84
4251,068;101
4252,068;99
4253,068;99
4254,068;11521
4255,068;1816
4256,068;89
4257,068;110
4258,068;97
4259,068;104
4260,068;11557
4261,068;1798
4262,068;77
4263,068;106
4264,068;83
4265,068;90
4266,068;11510
4267,068;1800
4268,068;94
4269,068;94
4270,068;88
4271,068;92
4272,068;11564
4273,068;1798
4274,068;93
4275,068;82
4276,068;87
4277,068;82
4278,068;11548
4279,068;1814
4280,068;84
4281,068;92
4282,068;86
4283,068;92
4284,068;11525
4285,068;1800
4286,068;65
4287,068;94
4288,068;85
4289,068;77
4290,068;11547
4291,068;1800
4292,068;83
4293,068;77
4294,068;91
4295,068;87
4296,068;11515
4297,068;1804
4298,068;67
4299,068;61
4300,068;82
4301,068;102
4302,068;11516
4303,068;1802
4304,068;66
4305,068;76
4306,068;93
4307,068;104
4308,068;11523
4309,068;1800
4310,068;70
4311,068;73
4312,068;80
4313,068;81
4314,068;11474
4315,068;1792
4316,068;78
4317,068;78
4318,068;61
4319,068;71
4320,068;11525
4321,068;1790
4322,068;86
4323,068;72
4324,068;72
4325,068;68
4326,068;11511
4327,068;1790
4328,068;60
4329,068;73
4330,068;77
4331,068;59
4332,068;11515
4333,068;1789
4334,068;70
4335,068;75
4336,068;76
4337,068;77
4338,068;11512
4339,068;1813
4340,068;61
4341,068;76
4342,068;68
4343,068;68
4344,068;11163
4345,426;1794
4346,426;74
4347,426;76
4348,426;72
4349,426;68
4350,426;11429
4351,426;1797
4352,426;74
4353,426;83
4354,426;90
4355,426;65
4356,426;11497
4357,426;1791
4358,426;68
4359,426;71
4360,426;79
4361,426;76
4362,426;11504
4363,426;1806
4364,426;75
4365,426;64
4366,426;75
4367,426;83
4368,426;11521
4369,426;1808
4370,426;85
4371,426;51
4372,426;91
4373,426;74
4374,426;11503
4375,426;1809
4376,426;63
4377,426;76
4378,426;93
4379,426;82
4380,426;11506
4381,426;1808
4382,426;66
4383,426;82
4384,426;82
4385,426;66
4386,426;11543
4387,426;1805
4388,426;91
4389,426;89
4390,426;70
4391,426;84
4392,426;11512
4393,426;1797
4394,426;81
4395,426;94
4396,426;97
4397,426;101
4398,426;11502
4399,426;1827
4400,426;76
4401,426;82
4402,426;104
4403,426;75
4404,426;11497
4405,426;1832
4406,426;96
4407,426;89
4408,426;91
4409,426;111
4410,426;11502
4411,426;1837
4412,426;81
4413,426;86
4414,426;73
4415,426;100
4416,426;11496
4417,426;1831
4418,426;92
4419,426;97
4420,426;86
4421,426;98
4422,426;11513
4423,426;1813
4424,426;76
4425,426;78
4426,426;94
4427,426;107
4428,426;11500
4429,426;1820
4430,426;89
4431,426;77
4432,426;94
4433,426;99
4434,426;11496
4435,426;1831
4436,426;83
4437,426;96
4438,426;87
4439,426;96
4440,426;11524
4441,426;1803
4442,426;86
4443,426;77
4444,426;117
4445,426;94
4446,426;11504
4447,426;1832
4448,426;86
4449,426;97
4450,426;99
4451,426;88
4452,426;11468
4453,426;1809
4454,426;82
4455,426;93
4456,426;94
4457,426;100
4458,426;11454
4459,426;1852
4460,426;109
4461,426;96
4462,426;87
4463,426;94
4464,426;11493
4465,426;1834
4466,426;102
4467,426;80
4468,426;101
4469,426;91
4470,426;11504
4471,426;1832
4472,426;102
4473,426;91
4474,426;93
4475,426;104
4476,426;11481
4477,426;1840
4478,426;102
4479,426;86
4480,426;95
4481,426;98
4482,426;11484
4483,426;1838
4484,426;95
4485,426;99
4486,426;92
4487,426;85
4488,426;11474
4489,426;1835
4490,426;82
4491,426;96
4492,426;98
4493,426;96
4494,426;11455
4495,426;1861
4496,426;103
4497,426;97
4498,426;92
4499,426;88
4500,426;11500
4501,426;1833
4502,426;76
4503,426;76
4504,426;95
4505,426;111
4506,426;11470
4507,426;1823
4508,426;88
4509,426;74
4510,426;80
4511,426;80
4512,426;11488
4513,426;1864
4514,426;95
4515,426;95
4516,426;84
4517,426;93
4518,426;11490
4519,426;1841
4520,426;102
4521,426;84
4522,426;92
4523,426;84
4524,426;11515
4525,426;1859
4526,426;98
4527,426;113
4528,426;93
4529,426;97
4530,426;11458
4531,426;1854
4532,426;100
4533,426;112
4534,426;77
4535,426;111
4536,426;11481
4537,426;1862
4538,426;112
4539,426;99
4540,426;87
4541,426;98
4542,426;11485
4543,426;1844
4544,426;89
4545,426;99
4546,426;113
4548,234;94
4549,234;11472
4550,234;1837
4551,234;97
4552,234;95
4553,234;103
4554,234;101
4555,234;11440
4556,234;1841
4557,234;77
4558,234;95
4559,234;84
4560,234;88
4561,234;11508
4562,234;1856
4563,234;95
4564,234;81
4565,234;80
4566,234;99
4567,234;11497
4568,234;1851
4569,234;95
4570,234;88
4571,234;100
4572,234;93
4573,234;11457
4574,234;1836
4575,234;79
4576,234;87
4577,234;98
4578,234;85
4579,234;11471
4580,234;1833
4581,234;100
4582,234;94
4583,234;86
4584,234;95
4585,234;11443
4586,234;1851
4587,234;78
4588,234;93
4589,234;93
4590,234;99
4591,234;11458
4592,234;1859
4593,234;115
4594,234;92
4595,234;95
4596,234;85
4597,234;11445
4598,234;1831
4599,234;78
4600,234;95
4601,234;93
4602,234;106
4603,234;11452
4604,234;1850
4605,234;86
4606,234;106
4607,234;97
4608,234;87
4609,234;11405
4610,234;1848
4611,234;93
4612,234;76
4613,234;88
4614,234;86
4615,234;11445
4616,234;1839
4617,234;64
4618,234;89
4619,234;82
4620,234;91
4621,234;11477
4622,234;1859
4623,234;77
4624,234;94
4625,234;73
4626,234;80
4627,234;11439
4628,234;1869
4629,234;83
4630,234;83
4631,234;96
4632,234;82
4633,234;11434
4634,234;1848
4635,234;84
4636,234;74
4637,234;77
4638,234;77
4639,234;11460
4640,234;1868
4641,234;69
4642,234;80
4643,234;85
4644,234;83
4645,234;11467
4646,234;1848
4647,234;93
4648,234;73
4648,913;77
4649,913;91
4650,913;11446
4651,913;1846
4652,913;83
4653,913;91
4654,913;79
4655,913;83
4656,913;11107
4657,913;1859
4658,913;80
4659,913;77
4660,913;86
4661,913;84
4662,913;11402
4663,913;1847
4664,913;71
4665,913;86
4666,913;86
4667,913;88
4668,913;11420
4669,913;1852
4670,913;90
4671,913;88
4672,913;81
4673,913;84
4674,913;11410
4675,913;1854
4676,913;70
4677,913;75
4678,913;100
4679,913;92
4680,913;11425
4681,913;1865
4682,913;75
4683,913;93
4684,913;97
4685,913;82
4686,913;11445
4687,913;1883
4688,913;89
4689,913;99
4690,913;85
4691,913;117
4692,913;11438
4693,913;1860
4694,913;80
4695,913;90
4696,913;92
4697,913;93
4698,913;11435
4699,913;1857
4700,913;85
4701,913;88
4702,913;99
4703,913;80
4704,913;11452
4705,913;1859
4706,913;69
4707,913;94
4708,913;90
4709,913;91
4710,913;11464
4711,913;1853
4712,913;95
4713,913;88
4714,913;88
4715,913;78
4716,913;11451
4717,913;1868
4718,913;77
4719,913;99
4720,913;106
4721,913;89
4722,913;11446
4723,913;1866
4724,913;76
4725,913;91
4726,913;82
4727,913;102
4728,913;11417
4729,913;1847
4730,913;66
4731,913;98
4732,913;84
4733,913;91
4734,913;11449
4735,913;1868
4736,913;82
4737,913;85
4738,913;96
4739,913;128
4740,913;11441
4741,913;1875
4742,913;75
4743,913;84
4744,913;102
4745,913;82
4746,913;11421
4747,913;1890
4748,913;83
4750,489;93
4751,489;96
4752,489;85
4753,489;11411
4754,489;1882
4755,489;101
4756,489;104
4757,489;93
4758,489;90
4759,489;11440
4760,489;1879
4761,489;96
4762,489;93
4763,489;92
4764,489;90
4765,489;11464
4766,489;1848
4767,489;89
4768,489;101
4769,489;94
4770,489;112
4771,489;11430
4772,489;1875
4773,489;92
4774,489;87
4775,489;88
4776,489;90
4777,489;11433
4778,489;1882
4779,489;79
4780,489;87
4781,489;89
4782,489;82
4783,489;11449
4784,489;1877
4785,489;110
4786,489;95
4787,489;102
4788,489;93
4789,489;11465
4790,489;1878
4791,489;94
4792,489;87
4793,489;91
4794,489;97
4795,489;11415
4796,489;1875
4797,489;82
4798,489;87
4799,489;85
4800,489;105
4801,489;11464
4802,489;1901
4803,489;78
4804,489;93
4805,489;90
4806,489;93
4807,489;11437
4808,489;1890
4809,489;101
4810,489;90
4811,489;94
4812,489;109
4813,489;11432
4814,489;1876
4815,489;92
4816,489;99
4817,489;106
4818,489;77
4819,489;11466
4820,489;1894
4821,489;89
4822,489;80
4823,489;102
4824,489;89
4825,489;11429
4826,489;1873
4827,489;74
4828,489;105
4829,489;116
4830,489;85
4831,489;11432
4832,489;1903
4833,489;70
4834,489;113
4835,489;105
4836,489;85
4837,489;11451
4838,489;1875
4839,489;92
4840,489;93
4841,489;99
4842,489;87
4843,489;11483
4844,489;1888
4845,489;76
4846,489;83
4847,489;96
4848,489;113
4849,489;11450
4850,489;1899
4851,037;77
4852,037;94
4853,037;99
4854,037;95
4855,037;11448
4856,037;1888
4857,037;87
4858,037;71
4859,037;108
4860,037;89
4861,037;11445
4862,037;1882
4863,037;100
4864,037;93
4865,037;87
4866,037;97
4867,037;11443
4868,037;1887
4869,037;98
4870,037;89
4871,037;81
4872,037;106
4873,037;11433
4874,037;1895
4875,037;97
4876,037;101
4877,037;115
4878,037;84
4879,037;11481
4880,037;1823
4881,037;80
4882,037;103
4883,037;77
4884,037;90
4885,037;11422
4886,037;1902
4887,037;84
4888,037;94
4889,037;78
4890,037;88
4891,037;11435
4892,037;1890
4893,037;76
4894,037;108
4895,037;84
4896,037;97
4897,037;11447
4898,037;1901
4899,037;104
4900,037;101
4901,037;89
4902,037;112
4903,037;11433
4904,037;1883
4905,037;73
4906,037;74
4907,037;94
4908,037;85
4909,037;11404
4910,037;1900
4911,037;90
4912,037;88
4913,037;87
4914,037;108
4915,037;11418
4916,037;1884
4917,037;83
4918,037;74
4919,037;84
4920,037;86
4921,037;11436
4922,037;1870
4923,037;95
4924,037;74
4925,037;67
4926,037;102
4927,037;11411
4928,037;1892
4929,037;84
4930,037;89
4931,037;69
4932,037;85
4933,037;11398
4934,037;1900
4935,037;89
4936,037;62
4937,037;79
4938,037;82
4939,037;11448
4940,037;1885
4941,037;64
4942,037;70
4943,037;83
4944,037;86
4945,037;11409
4946,037;1875
4947,037;75
4948,037;74
4949,037;79
4950,037;77
4951,037;11409
4951,595;1900
4952,595;83
4953,595;73
4954,595;70
4955,595;62
4956,595;11405
4957,595;1887
4958,595;83
4959,595;89
4960,595;78
4961,595;64
4962,595;11400
4963,595;1886
4964,595;71
4965,595;79
4966,595;47
4967,595;57
4968,595;11084
4969,595;1902
4970,595;59
4971,595;82
4972,595;66
4973,595;66
4974,595;11347
4975,595;1905
4976,595;82
4977,595;88
4978,595;74
4979,595;73
4980,595;11416
4981,595;1927
4982,595;80
4983,595;77
4984,595;69
4985,595;82
4986,595;11406
4987,595;1883
4988,595;74
4989,595;82
4990,595;91
4991,595;71
4992,595;11483
4993,595;1816
4994,595;72
4995,595;71
4996,595;71
4997,595;84
4998,595;11405
4999,595;1906
5000,595;70
5001,595;99
5002,595;77
5003,595;80
5004,595;11418
5005,595;1915
5006,595;78
5007,595;83
5008,595;91
5009,595;77
5010,595;11419
5011,595;1901
5012,595;91
5013,595;92
5014,595;83
5015,595;84
5016,595;11434
5017,595;1912
5018,595;61
5019,595;99
5020,595;85
5021,595;88
5022,595;11419
5023,595;1903
5024,595;83
5025,595;86
5026,595;96
5027,595;76
5028,595;11434
5029,595;1910
5030,595;67
5031,595;99
5032,595;81
5033,595;99
5034,595;11408
5035,595;1913
5036,595;89
5037,595;98
5038,595;98
5039,595;96
5040,595;11419
5041,595;1907
5042,595;85
5043,595;77
5044,595;87
5045,595;94
5046,595;11458
5047,595;1858
5048,595;79
5049,595;87
5050,595;83
5051,595;104
5052,595;11373
5053,595;1909
5054,595;87
5055,595;78
5056,595;83
5057,595;101
5058,595;11404
5059,595;1934
5060,595;86
5061,595;82
5062,595;108
5063,595;92
5064,595;11423
5065,595;1913
5066,595;100
5067,595;99
5068,595;93
5069,595;81
5070,595;11415
5071,595;1912
5072,595;92
5073,595;108
5074,595;92
5075,595;102
5076,595;11445
5077,595;1857
5078,595;93
5079,595;110
5080,595;102
5081,595;105
5082,595;11417
5083,595;1940
5084,595;91
5085,595;98
5086,595;85
5087,595;89
5088,595;11400
5089,595;1909
5090,595;102
5091,595;109
5092,595;104
5093,595;97
5094,595;11372
5095,595;1940
5096,595;77
5097,595;88
5098,595;106
5099,595;88
5100,595;11374
5101,595;1938
5102,595;84
5103,595;102
5104,595;93
5105,595;92
5106,595;11389
5107,595;1919
5108,595;91
5109,595;100
5110,595;98
5111,595;96
5112,595;11407
5113,595;1920
5114,595;86
5115,595;93
5116,595;94
5117,595;114
5118,595;11407
5119,595;1916
5120,595;81
5121,595;87
5122,595;106
5123,595;88
5124,595;11362
5125,595;1945
5126,595;92
5127,595;93
5128,595;99
5129,595;96
5130,595;11370
5131,595;1931
5132,595;85
5133,595;95
5134,595;107
5135,595;93
5136,595;11383
5137,595;1951
5138,595;85
5139,595;91
5140,595;81
5141,595;88
5142,595;11386
5143,595;1915
5144,595;92
5145,595;83
5146,595;81
5147,595;88
5148,595;11381
5149,595;1916
5150,595;88
5151,595;90
5152,595;104
5154,006;84
5155,006;11359
5156,006;1916
5157,006;72
5158,006;78
5159,006;88
5160,006;101
5161,006;11371
5162,006;1931
5163,006;103
5164,006;106
5165,006;108
5166,006;107
5167,006;11378
5168,006;1929
5169,006;89
5170,006;99
5171,006;99
5172,006;105
5173,006;11371
5174,006;1932
5175,006;83
5176,006;89
5177,006;96
5178,006;107
5179,006;11392
5180,006;1923
5181,006;83
5182,006;80
5183,006;99
5184,006;93
5185,006;11339
5186,006;1933
5187,006;79
5188,006;83
5189,006;95
5190,006;84
5191,006;11349
5192,006;1926
5193,006;99
5194,006;93
5195,006;71
5196,006;110
5197,006;11372
5198,006;1924
5199,006;85
5200,006;98
5201,006;101
5202,006;85
5203,006;11388
5204,006;1927
5205,006;97
5206,006;100
5207,006;98
5208,006;85
5209,006;11389
5210,006;1932
5211,006;99
5212,006;96
5213,006;98
5214,006;99
5215,006;11382
5216,006;1947
5217,006;74
5218,006;85
5219,006;96
5220,006;106
5221,006;11361
5222,006;1924
5223,006;85
5224,006;89
5225,006;89
5226,006;89
5227,006;11358
5228,006;1945
5229,006;73
5230,006;90
5231,006;86
5232,006;76
5233,006;11333
5234,006;1954
5235,006;78
5236,006;94
5237,006;94
5238,006;96
5239,006;11364
5240,006;1947
5241,006;72
5242,006;91
5243,006;87
5244,006;90
5245,006;11360
5246,006;1954
5247,006;74
5248,006;75
5249,006;72
5250,006;104
5251,006;11347
5252,006;1932
5253,006;72
5254,006;81
5254,764;89
5255,764;89
5256,764;11352
5257,764;1934
5258,764;72
5259,764;76
5260,764;103
5261,764;79
5262,764;11332
5263,764;1940
5264,764;85
5265,764;90
5266,764;86
5267,764;93
5268,764;11356
5269,764;1939
5270,764;79
5271,764;62
5272,764;95
5273,764;75
5274,764;11354
5275,764;1943
5276,764;77
5277,764;91
5278,764;96
5279,764;93
5280,764;11027
5281,764;1949
5282,764;75
5283,764;80
5284,764;60
5285,764;76
5286,764;11317
5287,764;1941
5288,764;84
5289,764;84
5290,764;92
5291,764;76
5292,764;11337
5293,764;1943
5294,764;73
5295,764;79
5296,764;86
5297,764;89
5298,764;11364
5299,764;1946
5300,764;95
5301,764;99
5302,764;100
5303,764;85
5304,764;11330
5305,764;1949
5306,764;75
5307,764;90
5308,764;85
5309,764;91
5310,764;11410
5311,764;1864
5312,764;91
5313,764;98
5314,764;104
5315,764;83
5316,764;11333
5317,764;1934
5318,764;90
5319,764;90
5320,764;107
5321,764;77
5322,764;11367
5323,764;1958
5324,764;81
5325,764;95
5326,764;85
5327,764;77
5328,764;11355
5329,764;1952
5330,764;86
5331,764;97
5332,764;107
5333,764;91
5334,764;11331
5335,764;1971
5336,764;100
5337,764;86
5338,764;100
5339,764;84
5340,764;11379
5341,764;1964
5342,764;72
5343,764;85
5344,764;101
5345,764;95
5346,764;11347
5347,764;1948
5348,764;93
5349,764;86
5350,764;102
5351,764;92
5352,764;11338
5353,764;1935
5354,764;93
5355,682;86
5356,682;88
5357,682;98
5358,682;11345
5359,682;1957
5360,682;97
5361,682;88
5362,682;82
5363,682;94
5364,682;11338
5365,682;1973
5366,682;80
5367,682;104
5368,682;101
5369,682;94
5370,682;11347
5371,682;1956
5372,682;72
5373,682;97
5374,682;86
5375,682;92
5376,682;11350
5377,682;1954
5378,682;85
5379,682;80
5380,682;96
5381,682;98
5382,682;11393
5383,682;1963
5384,682;88
5385,682;102
5386,682;73
5387,682;86
5388,682;11335
5389,682;1972
5390,682;92
5391,682;105
5392,682;91
5393,682;96
5394,682;11310
5395,682;1991
5396,682;71
5397,682;102
5398,682;98
5399,682;80
5400,682;11348
5401,682;1959
5402,682;89
5403,682;93
5404,682;106
5405,682;87
5406,682;11326
5407,682;1945
5408,682;96
5409,682;99
5410,682;103
5411,682;111
5412,682;11356
5413,682;1962
5414,682;86
5415,682;88
5416,682;93
5417,682;109
5418,682;11354
5419,682;1952
5420,682;78
5421,682;95
5422,682;95
5423,682;118
5424,682;11364
5425,682;1968
5426,682;80
5427,682;79
5428,682;97
5429,682;113
5430,682;11328
5431,682;1965
5432,682;96
5433,682;92
5434,682;96
5435,682;95
5436,682;11347
5437,682;1968
5438,682;91
5439,682;94
5440,682;90
5441,682;97
5442,682;11351
5443,682;1965
5444,682;101
5445,682;100
5446,682;88
5447,682;109
5448,682;11335
5449,682;1986
5450,682;86
5451,682;101
5452,682;75
5453,682;92
5454,682;11331
5455,682;1968
5455,984;74
5456,984;84
5457,984;99
5458,984;95
5459,984;11309
5460,984;1970
5461,984;92
5462,984;103
5463,984;97
5464,984;100
5465,984;11344
5466,984;1978
5467,984;90
5468,984;90
5469,984;98
5470,984;86
5471,984;11326
5472,984;1970
5473,984;92
5474,984;103
5475,984;97
5476,984;96
5477,984;11363
5478,984;1984
5479,984;82
5480,984;95
5481,984;92
5482,984;94
5483,984;11346
5484,984;1988
5485,984;95
5486,984;87
5487,984;113
5488,984;101
5489,984;11336
5490,984;1971
5491,984;106
5492,984;107
5493,984;104
5494,984;105
5495,984;11323
5496,984;1973
5497,984;87
5498,984;90
5499,984;113
5500,984;94
5501,984;11323
5502,984;1982
5503,984;95
5504,984;89
5505,984;100
5506,984;103
5507,984;11318
5508,984;1992
5509,984;87
5510,984;89
5511,984;94
5512,984;86
5513,984;11327
5514,984;1967
5515,984;83
5516,984;87
5517,984;107
5518,984;101
5519,984;11346
5520,984;1969
5521,984;93
5522,984;96
5523,984;99
5524,984;74
5525,984;11341
5526,984;1991
5527,984;82
5528,984;101
5529,984;87
5530,984;90
5531,984;11350
5532,984;2000
5533,984;96
5534,984;92
5535,984;81
5536,984;100
5537,984;11456
5538,984;1853
5539,984;78
5540,984;85
5541,984;88
5542,984;94
5543,984;11434
5544,984;1913
5545,984;79
5546,984;79
5547,984;92
5548,984;72
5549,984;11331
5550,984;1993
5551,984;63
5552,984;93
5553,984;75
5554,984;77
5555,984;11344
5556,984;1974
5557,984;65
5558,984;76
5559,984;77
5560,984;80
5561,984;11344
5562,984;1990
5563,984;72
5564,984;79
5565,984;77
5566,984;79
5567,984;11456
5568,984;1855
5569,984;78
5570,984;86
5571,984;74
5572,984;97
5573,984;11314
5574,984;1976
5575,984;79
5576,984;60
5577,984;69
5578,984;69
5579,984;11303
5580,984;1981
5581,984;70
5582,984;64
5583,984;88
5584,984;62
5585,984;11287
5586,984;1979
5587,984;67
5588,984;71
5589,984;86
5590,984;65
5591,984;10983
5592,984;1994
5593,984;73
5594,984;73
5595,984;68
5596,984;82
5597,984;11283
5598,984;1977
5599,984;68
5600,984;79
5601,984;61
5602,984;83
5603,984;11321
5604,984;1963
5605,984;69
5606,984;77
5607,984;53
5608,984;69
5609,984;11313
5610,984;1981
5611,984;81
5612,984;86
5613,984;76
5614,984;91
5615,984;11297
5616,984;2002
5617,984;64
5618,984;74
5619,984;81
5620,984;83
5621,984;11336
5622,984;1984
5623,984;79
5624,984;79
5625,984;79
5626,984;81
5627,984;11310
5628,984;1974
5629,984;87
5630,984;93
5631,984;82
5632,984;99
5633,984;11325
5634,984;2012
5635,984;73
5636,984;75
5637,984;89
5638,984;100
5639,984;11419
5640,984;1913
5641,984;80
5642,984;81
5643,984;102
5644,984;83
5645,984;11337
5646,984;2007
5647,984;93
5648,984;90
5649,984;75
5650,984;102
5651,984;11310
5652,984;1989
5653,984;95
5654,984;95
5655,984;91
5656,984;102
5659,089;11389
5660,089;1921
5661,089;84
5662,089;93
5663,089;96
5664,089;109
5665,089;11331
5666,089;2011
5667,089;89
5668,089;80
5669,089;94
5670,089;82
5671,089;11316
5672,089;2010
5673,089;88
5674,089;90
5675,089;84
5676,089;92
5677,089;11300
5678,089;1992
5679,089;99
5680,089;92
5681,089;90
5682,089;85
5683,089;11293
5684,089;2017
5685,089;99
5686,089;100
5687,089;120
5688,089;94
5689,089;11326
5690,089;2032
5691,089;106
5692,089;110
5693,089;99
5694,089;91
5695,089;11311
5696,089;2021
5697,089;100
5698,089;89
5699,089;79
5700,089;97
5701,089;11297
5702,089;1995
5703,089;105
5704,089;87
5705,089;105
5706,089;95
5707,089;11276
5708,089;2004
5709,089;89
5710,089;77
5711,089;91
5712,089;91
5713,089;11316
5714,089;2048
5715,089;107
5716,089;96
5717,089;96
5718,089;123
5719,089;11301
5720,089;2020
5721,089;92
5722,089;89
5723,089;84
5724,089;93
5725,089;11285
5726,089;2023
5727,089;103
5728,089;115
5729,089;94
5730,089;103
5731,089;11295
5732,089;1995
5733,089;84
5734,089;88
5735,089;108
5736,089;98
5737,089;11313
5738,089;2013
5739,089;114
5740,089;95
5741,089;79
5742,089;111
5743,089;11293
5744,089;2016
5745,089;89
5746,089;102
5747,089;105
5748,089;95
5749,089;11285
5750,089;2000
5751,089;113
5752,089;83
5753,089;113
5754,089;92
5755,089;11288
5756,089;2039
5757,089;99
5758,089;74
5759,089;100
5759,826;95
5760,826;11286
5761,826;1998
5762,826;102
5763,826;82
5764,826;85
5765,826;102
5766,826;11330
5767,826;2011
5768,826;85
5769,826;89
5770,826;94
5771,826;95
5772,826;11285
5773,826;2013
5774,826;99
5775,826;95
5776,826;105
5777,826;90
5778,826;11286
5779,826;2046
5780,826;84
5781,826;88
5782,826;97
5783,826;93
5784,826;11291
5785,826;2011
5786,826;86
5787,826;97
5788,826;98
5789,826;92
5790,826;11291
5791,826;2021
5792,826;89
5793,826;86
5794,826;90
5795,826;94
5796,826;11247
5797,826;2021
5798,826;81
5799,826;109
5800,826;93
5801,826;93
5802,826;11265
5803,826;2015
5804,826;101
5805,826;73
5806,826;91
5807,826;112
5808,826;11302
5809,826;2024
5810,826;78
5811,826;91
5812,826;99
5813,826;94
5814,826;11275
5815,826;2035
5816,826;78
5817,826;88
5818,826;97
5819,826;105
5820,826;11271
5821,826;2033
5822,826;78
5823,826;87
5824,826;108
5825,826;75
5826,826;11245
5827,826;2034
5828,826;88
5829,826;92
5830,826;78
5831,826;91
5832,826;11253
5833,826;2030
5834,826;79
5835,826;90
5836,826;98
5837,826;100
5838,826;11280
5839,826;2020
5840,826;97
5841,826;90
5842,826;89
5843,826;104
5844,826;11264
5845,826;2021
5846,826;97
5847,826;99
5848,826;109
5849,826;105
5850,826;11267
5851,826;2027
5852,826;91
5853,826;64
5854,826;79
5855,826;80
5856,826;11249
5857,826;2037
5858,826;74
5859,826;99
5861,208;95
5862,208;79
5863,208;11291
5864,208;2024
5865,208;81
5866,208;82
5867,208;80
5868,208;100
5869,208;11270
5870,208;2045
5871,208;69
5872,208;88
5873,208;114
5874,208;102
5875,208;11262
5876,208;2031
5877,208;75
5878,208;79
5879,208;74
5880,208;81
5881,208;11263
5882,208;2031
5883,208;85
5884,208;89
5885,208;86
5886,208;88
5887,208;11264
5888,208;2032
5889,208;85
5890,208;87
5891,208;101
5892,208;71
5893,208;11228
5894,208;2032
5895,208;75
5896,208;94
5897,208;65
5898,208;78
5899,208;11257
5900,208;2030
5901,208;70
5902,208;104
5903,208;89
5904,208;79
5905,208;10933
5906,208;2025
5907,208;78
5908,208;84
5909,208;100
5910,208;77
5911,208;11187
5912,208;2041
5913,208;67
5914,208;76
5915,208;77
5916,208;101
5917,208;11256
5918,208;2038
5919,208;80
5920,208;86
5921,208;95
5922,208;97
5923,208;11241
5924,208;2034
5925,208;90
5926,208;86
5927,208;72
5928,208;78
5929,208;11255
5930,208;2058
5931,208;88
5932,208;97
5933,208;91
5934,208;93
5935,208;11247
5936,208;2050
5937,208;82
5938,208;104
5939,208;103
5940,208;95
5941,208;11259
5942,208;2058
5943,208;83
5944,208;82
5945,208;95
5946,208;90
5947,208;11228
5948,208;2030
5949,208;87
5950,208;89
5951,208;78
5952,208;87
5953,208;11271
5954,208;2033
5955,208;86
5956,208;80
5957,208;99
5958,208;90
5959,208;11269
5960,208;2047
5961,208;88
5961,94;88
5962,94;83
5963,94;79
5964,94;11278
5965,94;2024
5966,94;98
5967,94;83
5968,94;91
5969,94;81
5970,94;11277
5971,94;2039
5972,94;87
5973,94;94
5974,94;89
5975,94;96
5976,94;11230
5977,94;2036
5978,94;78
5979,94;92
5980,94;83
5981,94;97
5982,94;11270
5983,94;2053
5984,94;86
5985,94;94
5986,94;86
5987,94;89
5988,94;11234
5989,94;2040
5990,94;87
5991,94;82
5992,94;82
5993,94;95
5994,94;11261
5995,94;2041
5996,94;87
5997,94;93
5998,94;87
5999,94;90
6000,94;11251
6001,94;2061
6002,94;91
6003,94;87
6004,94;99
6005,94;93
6006,94;11280
6007,94;2012
6008,94;89
6009,94;80
6010,94;80
6011,94;86
6012,94;11258
6013,94;2057
6014,94;78
6015,94;95
6016,94;96
6017,94;85
6018,94;11248
6019,94;2053
6020,94;83
6021,94;99
6022,94;110
6023,94;70
6024,94;11248
6025,94;2061
6026,94;99
6027,94;85
6028,94;70
6029,94;97
6030,94;11263
6031,94;2056
6032,94;96
6033,94;85
6034,94;109
6035,94;99
6036,94;11262
6037,94;2043
6038,94;87
6039,94;105
6040,94;88
6041,94;108
6042,94;11277
6043,94;2073
6044,94;84
6045,94;110
6046,94;95
6047,94;83
6048,94;11247
6049,94;2064
6050,94;89
6051,94;84
6052,94;77
6053,94;91
6054,94;11210
6055,94;2054
6056,94;80
6057,94;91
6058,94;113
6059,94;94
6060,94;11238
6061,94;2057
6062,94;90
6063,94;91
6064,94;97
6065,94;99
6066,94;11211
6067,94;2078
6068,94;76
6069,94;88
6070,94;97
6071,94;107
6072,94;11218
6073,94;2044
6074,94;100
6075,94;103
6076,94;106
6077,94;85
6078,94;11264
6079,94;2041
6080,94;85
6081,94;102
6082,94;111
6083,94;98
6084,94;11242
6085,94;2080
6086,94;83
6087,94;90
6088,94;96
6089,94;94
6090,94;11234
6091,94;2059
6092,94;93
6093,94;92
6094,94;97
6095,94;84
6096,94;11291
6097,94;2018
6098,94;91
6099,94;92
6100,94;104
6101,94;105
6102,94;11238
6103,94;2078
6104,94;75
6105,94;109
6106,94;103
6107,94;97
6108,94;11300
6109,94;1991
6110,94;97
6111,94;91
6112,94;92
6113,94;117
6114,94;11235
6115,94;2074
6116,94;89
6117,94;102
6118,94;84
6119,94;89
6120,94;11314
6121,94;2015
6122,94;84
6123,94;82
6124,94;91
6125,94;96
6126,94;11226
6127,94;2090
6128,94;92
6129,94;98
6130,94;101
6131,94;96
6132,94;11269
6133,94;2077
6134,94;96
6135,94;99
6136,94;95
6137,94;92
6138,94;11214
6139,94;2071
6140,94;80
6141,94;90
6142,94;95
6143,94;101
6144,94;11256
6145,94;2081
6146,94;86
6147,94;87
6148,94;77
6149,94;103
6150,94;11271
6151,94;2066
6152,94;84
6153,94;83
6154,94;100
6155,94;114
6156,94;11253
6157,94;2069
6158,94;77
6159,94;88
6160,94;114
6161,94;80
6162,94;11256
6164,264;2083
6165,264;87
6166,264;91
6167,264;96
6168,264;102
6169,264;11342
6170,264;2019
6171,264;91
6172,264;79
6173,264;75
6174,264;100
6175,264;11231
6176,264;2079
6177,264;75
6178,264;77
6179,264;96
6180,264;92
6181,264;11255
6182,264;2073
6183,264;77
6184,264;95
6185,264;71
6186,264;100
6187,264;11282
6188,264;2000
6189,264;87
6190,264;72
6191,264;94
6192,264;76
6193,264;11259
6194,264;2090
6195,264;74
6196,264;69
6197,264;70
6198,264;85
6199,264;11228
6200,264;2064
6201,264;85
6202,264;68
6203,264;65
6204,264;84
6205,264;11311
6206,264;1998
6207,264;71
6208,264;65
6209,264;71
6210,264;80
6211,264;11235
6212,264;2065
6213,264;68
6214,264;59
6215,264;76
6216,264;78
6217,264;10921
6218,264;2030
6219,264;70
6220,264;77
6221,264;80
6222,264;101
6223,264;11184
6224,264;2076
6225,264;66
6226,264;77
6227,264;86
6228,264;66
6229,264;11210
6230,264;2079
6231,264;60
6232,264;73
6233,264;73
6234,264;86
6235,264;11222
6236,264;2076
6237,264;77
6238,264;95
6239,264;83
6240,264;96
6241,264;11222
6242,264;2086
6243,264;82
6244,264;99
6245,264;96
6246,264;90
6247,264;11220
6248,264;2082
6249,264;68
6250,264;97
6251,264;95
6252,264;88
6253,264;11257
6254,264;2094
6255,264;87
6256,264;81
6257,264;70
6258,264;80
6259,264;11216
6260,264;2075
6261,264;74
6262,264;87
6263,264;73
6264,264;115
6264,506;11245
6265,506;2111
6266,506;94
6267,506;100
6268,506;103
6269,506;89
6270,506;11209
6271,506;2083
6272,506;69
6273,506;100
6274,506;81
6275,506;95
6276,506;11209
6277,506;2099
6278,506;106
6279,506;106
6280,506;89
6281,506;94
6282,506;11236
6283,506;2089
6284,506;105
6285,506;92
6286,506;102
6287,506;81
6288,506;11205
6289,506;2102
6290,506;73
6291,506;74
6292,506;78
6293,506;114
6294,506;11230
6295,506;2096
6296,506;95
6297,506;101
6298,506;101
6299,506;125
6300,506;11340
6301,506;1989
6302,506;89
6303,506;100
6304,506;108
6305,506;95
6306,506;11207
6307,506;2100
6308,506;85
6309,506;90
6310,506;82
6311,506;95
6312,506;11262
6313,506;2093
6314,506;81
6315,506;91
6316,506;96
6317,506;115
6318,506;11236
6319,506;2111
6320,506;100
6321,506;100
6322,506;89
6323,506;99
6324,506;11211
6325,506;2092
6326,506;81
6327,506;100
6328,506;105
6329,506;96
6330,506;11243
6331,506;2077
6332,506;105
6333,506;116
6334,506;100
6335,506;102
6336,506;11225
6337,506;2095
6338,506;72
6339,506;89
6340,506;87
6341,506;91
6342,506;11217
6343,506;2120
6344,506;94
6345,506;96
6346,506;125
6347,506;102
6348,506;11193
6349,506;2114
6350,506;89
6351,506;88
6352,506;98
6353,506;92
6354,506;11183
6355,506;2109
6356,506;93
6357,506;90
6358,506;108
6359,506;91
6360,506;11176
6361,506;2116
6362,506;109
6363,506;101
6364,506;93
6366,609;110
6367,609;11239
6368,609;2081
6369,609;88
6370,609;80
6371,609;109
6372,609;99
6373,609;11239
6374,609;2080
6375,609;92
6376,609;104
6377,609;114
6378,609;109
6379,609;11203
6380,609;2098
6381,609;102
6382,609;82
6383,609;90
6384,609;100
6385,609;11200
6386,609;2113
6387,609;87
6388,609;104
6389,609;104
6390,609;96
6391,609;11194
6392,609;2114
6393,609;110
6394,609;94
6395,609;93
6396,609;111
6397,609;11184
6398,609;2089
6399,609;94
6400,609;92
6401,609;101
6402,609;109
6403,609;11224
6404,609;2117
6405,609;91
6406,609;88
6407,609;92
6408,609;111
6409,609;11242
6410,609;2077
6411,609;87
6412,609;102
6413,609;98
6414,609;79
6415,609;11168
6416,609;2125
6417,609;84
6418,609;94
6419,609;99
6420,609;115
6421,609;11186
6422,609;2129
6423,609;96
6424,609;82
6425,609;105
6426,609;80
6427,609;11201
6428,609;2120
6429,609;86
6430,609;103
6431,609;104
6432,609;94
6433,609;11212
6434,609;2085
6435,609;80
6436,609;105
6437,609;85
6438,609;104
6439,609;11195
6440,609;2142
6441,609;77
6442,609;92
6443,609;93
6444,609;81
6445,609;11198
6446,609;2109
6447,609;87
6448,609;96
6449,609;102
6450,609;87
6451,609;11173
6452,609;2108
6453,609;92
6454,609;84
6455,609;108
6456,609;108
6457,609;11163
6458,609;2114
6459,609;89
6460,609;89
6461,609;76
6462,609;86
6463,609;11223
6464,609;2107
6465,609;98
6466,609;88
6466,978;87
6467,978;85
6468,978;11162
6469,978;2117
6470,978;83
6471,978;91
6472,978;104
6473,978;82
6474,978;11224
6475,978;2083
6476,978;83
6477,978;96
6478,978;93
6479,978;91
6480,978;11163
6481,978;2142
6482,978;67
6483,978;95
6484,978;94
6485,978;91
6486,978;11153
6487,978;2106
6488,978;75
6489,978;81
6490,978;93
6491,978;85
6492,978;11185
6493,978;2099
6494,978;88
6495,978;94
6496,978;89
6497,978;88
6498,978;11189
6499,978;2121
6500,978;89
6501,978;87
6502,978;109
6503,978;92
6504,978;11162
6505,978;2127
6506,978;91
6507,978;93
6508,978;84
6509,978;82
6510,978;11175
6511,978;2137
6512,978;71
6513,978;100
6514,978;91
6515,978;82
6516,978;11162
6517,978;2129
6518,978;83
6519,978;80
6520,978;84
6521,978;93
6522,978;11274
6523,978;2060
6524,978;77
6525,978;78
6526,978;94
6527,978;93
6528,978;10868
6529,978;2142
6530,978;68
6531,978;85
6532,978;75
6533,978;83
6534,978;11079
6535,978;2127
6536,978;80
6537,978;95
6538,978;85
6539,978;89
6540,978;11184
6541,978;2076
6542,978;86
6543,978;75
6544,978;90
6545,978;96
6546,978;11133
6547,978;2129
6548,978;96
6549,978;76
6550,978;80
6551,978;94
6552,978;11233
6553,978;2099
6554,978;64
6555,978;103
6556,978;107
6557,978;80
6558,978;11222
6559,978;2069
6560,978;91
6561,978;83
6562,978;79
6563,978;86
6564,978;11212
6565,978;2089
6566,978;76
6567,978;92
6568,978;82
6569,978;72
6570,978;11123
6571,978;2147
6572,978;76
6573,978;108
6574,978;86
6575,978;89
6576,978;11241
6577,978;2086
6578,978;80
6579,978;94
6580,978;91
6581,978;78
6582,978;11243
6583,978;2087
6584,978;77
6585,978;95
6586,978;101
6587,978;95
6588,978;11224
6589,978;2083
6590,978;82
6591,978;88
6592,978;108
6593,978;88
6594,978;11138
6595,978;2128
6596,978;91
6597,978;89
6598,978;84
6599,978;78
6600,978;11155
6601,978;2140
6602,978;92
6603,978;92
6604,978;79
6605,978;102
6606,978;11172
6607,978;2131
6608,978;77
6609,978;85
6610,978;111
6611,978;95
6612,978;11140
6613,978;2135
6614,978;72
6615,978;86
6616,978;103
6617,978;111
6618,978;11144
6619,978;2148
6620,978;90
6621,978;94
6622,978;90
6623,978;80
6624,978;11158
6625,978;2146
6626,978;95
6627,978;107
6628,978;98
6629,978;102
6630,978;11160
6631,978;2153
6632,978;82
6633,978;86
6634,978;94
6635,978;101
6636,978;11214
6637,978;2068
6638,978;88
6639,978;80
6640,978;95
6641,978;94
6642,978;11165
6643,978;2125
6644,978;86
6645,978;82
6646,978;82
6647,978;84
6648,978;11139
6649,978;2160
6650,978;100
6651,978;91
6652,978;102
6653,978;95
6654,978;11158
6655,978;2162
6656,978;87
6657,978;81
6658,978;92
6659,978;80
6660,978;11163
6661,978;2135
6662,978;86
6663,978;88
6664,978;96
6665,978;108
6666,978;11144
6667,978;2149
6669,577;85
6670,577;88
6671,577;105
6672,577;81
6673,577;11205
6674,577;2095
6675,577;87
6676,577;110
6677,577;109
6678,577;90
6679,577;11176
6680,577;2145
6681,577;88
6682,577;108
6683,577;113
6684,577;105
6685,577;11156
6686,577;2167
6687,577;82
6688,577;109
6689,577;90
6690,577;114
6691,577;11166
6692,577;2138
6693,577;83
6694,577;88
6695,577;87
6696,577;110
6697,577;11146
6698,577;2153
6699,577;90
6700,577;87
6701,577;108
6702,577;114
6703,577;11224
6704,577;2096
6705,577;82
6706,577;83
6707,577;92
6708,577;78
6709,577;11150
6710,577;2159
6711,577;80
6712,577;103
6713,577;90
6714,577;84
6715,577;11140
6716,577;2156
6717,577;109
6718,577;93
6719,577;99
6720,577;100
6721,577;11140
6722,577;2167
6723,577;90
6724,577;101
6725,577;93
6726,577;102
6727,577;11108
6728,577;2161
6729,577;97
6730,577;84
6731,577;106
6732,577;104
6733,577;11146
6734,577;2160
6735,577;98
6736,577;93
6737,577;95
6738,577;89
6739,577;11143
6740,577;2155
6741,577;109
6742,577;90
6743,577;90
6744,577;108
6745,577;11140
6746,577;2165
6747,577;98
6748,577;95
6749,577;94
6750,577;110
6751,577;11192
6752,577;2087
6753,577;99
6754,577;85
6755,577;96
6756,577;98
6757,577;11157
6758,577;2170
6759,577;91
6760,577;108
6761,577;91
6762,577;88
6763,577;11136
6764,577;2171
6765,577;89
6766,577;92
6767,577;100
6768,577;90
6769,577;11180
6770,082;2169
6771,082;87
6772,082;88
6773,082;94
6774,082;121
6775,082;11233
6776,082;2081
6777,082;106
6778,082;90
6779,082;105
6780,082;86
6781,082;11120
6782,082;2171
6783,082;78
6784,082;94
6785,082;101
6786,082;107
6787,082;11140
6788,082;2159
6789,082;87
6790,082;82
6791,082;98
6792,082;88
6793,082;11168
6794,082;2177
6795,082;81
6796,082;102
6797,082;92
6798,082;83
6799,082;11141
6800,082;2163
6801,082;74
6802,082;69
6803,082;99
6804,082;102
6805,082;11219
6806,082;2089
6807,082;82
6808,082;82
6809,082;88
6810,082;82
6811,082;11136
6812,082;2167
6813,082;80
6814,082;91
6815,082;80
6816,082;84
6817,082;11122
6818,082;2141
6819,082;84
6820,082;89
6821,082;98
6822,082;93
6823,082;11271
6824,082;2068
6825,082;93
6826,082;95
6827,082;74
6828,082;97
6829,082;11191
6830,082;2091
6831,082;69
6832,082;93
6833,082;66
6834,082;80
6835,082;11110
6836,082;2162
6837,082;84
6838,082;77
6839,082;83
6840,082;78
6841,082;10808
6842,082;2181
6843,082;59
6844,082;78
6845,082;65
6846,082;85
6847,082;11138
6848,082;2090
6849,082;77
6850,082;64
6851,082;77
6852,082;80
6853,082;11136
6854,082;2160
6855,082;79
6856,082;89
6857,082;90
6858,082;82
6859,082;11136
6860,082;2176
6861,082;71
6862,082;81
6863,082;79
6864,082;80
6865,082;11138
6866,082;2188
6867,082;89
6868,082;89
6869,082;83
6870,082;106
6870,808;11127
6871,808;2161
6872,808;76
6873,808;77
6874,808;89
6875,808;95
6876,808;11110
6877,808;2193
6878,808;87
6879,808;80
6880,808;84
6881,808;91
6882,808;11142
6883,808;2180
6884,808;95
6885,808;106
6886,808;85
6887,808;88
6888,808;11148
6889,808;2176
6890,808;96
6891,808;94
6892,808;92
6893,808;106
6894,808;11110
6895,808;2179
6896,808;85
6897,808;82
6898,808;93
6899,808;94
6900,808;11121
6901,808;2173
6902,808;71
6903,808;98
6904,808;97
6905,808;99
6906,808;11103
6907,808;2195
6908,808;83
6909,808;99
6910,808;111
6911,808;99
6912,808;11113
6913,808;2191
6914,808;98
6915,808;92
6916,808;97
6917,808;83
6918,808;11137
6919,808;2197
6920,808;92
6921,808;87
6922,808;98
6923,808;85
6924,808;11235
6925,808;2126
6926,808;91
6927,808;95
6928,808;81
6929,808;94
6930,808;11117
6931,808;2196
6932,808;101
6933,808;91
6934,808;111
6935,808;89
6936,808;11226
6937,808;2088
6938,808;102
6939,808;96
6940,808;87
6941,808;99
6942,808;11119
6943,808;2161
6944,808;84
6945,808;85
6946,808;104
6947,808;105
6948,808;11106
6949,808;2175
6950,808;86
6951,808;94
6952,808;94
6953,808;111
6954,808;11136
6955,808;2202
6956,808;85
6957,808;82
6958,808;104
6959,808;104
6960,808;11100
6961,808;2217
6962,808;103
6963,808;91
6964,808;91
6965,808;96
6966,808;11095
6967,808;2207
6968,808;71
6969,808;102
6970,808;88
6972,232;108
6973,232;11204
6974,232;2101
6975,232;80
6976,232;87
6977,232;98
6978,232;105
6979,232;11123
6980,232;2205
6981,232;93
6982,232;93
6983,232;109
6984,232;94
6985,232;11136
6986,232;2214
6987,232;95
6988,232;104
6989,232;85
6990,232;91
6991,232;11162
6992,232;2134
6993,232;80
6994,232;88
6995,232;75
6996,232;98
6997,232;11109
6998,232;2222
6999,232;84
7000,232;94
7001,232;98
7002,232;107
7003,232;11121
7004,232;2187
7005,232;92
7006,232;90
7007,232;91
7008,232;96
7009,232;11065
7010,232;2201
7011,232;97
7012,232;79
7013,232;105
7014,232;98
7015,232;11071
7016,232;2186
7017,232;88
7018,232;82
7019,232;95
7020,232;111
7021,232;11111
7022,232;2200
7023,232;87
7024,232;85
7025,232;107
7026,232;84
7027,232;11075
7028,232;2208
7029,232;86
7030,232;77
7031,232;90
7032,232;95
7033,232;11084
7034,232;2201
7035,232;93
7036,232;102
7037,232;110
7038,232;101
7039,232;11101
7040,232;2191
7041,232;85
7042,232;84
7043,232;100
7044,232;83
7045,232;11111
7046,232;2200
7047,232;101
7048,232;97
7049,232;106
7050,232;85
7051,232;11227
7052,232;2075
7053,232;86
7054,232;93
7055,232;96
7056,232;99
7057,232;11096
7058,232;2213
7059,232;85
7060,232;82
7061,232;88
7062,232;91
7063,232;11097
7064,232;2177
7065,232;79
7066,232;89
7067,232;107
7068,232;88
7069,232;11210
7070,232;2085
7071,232;89
7072,232;90
7072,307;97
7073,307;92
7074,307;11078
7075,307;2225
7076,307;87
7077,307;85
7078,307;103
7079,307;105
7080,307;11100
7081,307;2213
7082,307;97
7083,307;88
7084,307;105
7085,307;95
7086,307;11083
7087,307;2218
7088,307;72
7089,307;96
7090,307;98
7091,307;96
7092,307;11129
7093,307;2227
7094,307;88
7095,307;69
7096,307;98
7097,307;92
7098,307;11102
7099,307;2204
7100,307;78
7101,307;95
7102,307;94
7103,307;96
7104,307;11093
7105,307;2202
7106,307;84
7107,307;108
7108,307;100
7109,307;95
7110,307;11061
7111,307;2232
7112,307;80
7113,307;100
7114,307;85
7115,307;85
7116,307;11065
7117,307;2216
7118,307;81
7119,307;78
7120,307;86
7121,307;105
7122,307;11079
7123,307;2206
7124,307;83
7125,307;83
7126,307;92
7127,307;77
7128,307;11060
7129,307;2220
7130,307;80
7131,307;95
7132,307;96
7133,307;91
7134,307;11076
7135,307;2214
7136,307;75
7137,307;77
7138,307;87
7139,307;100
7140,307;11088
7141,307;2229
7142,307;79
7143,307;83
7144,307;86
7145,307;98
7146,307;11091
7147,307;2210
7148,307;72
7149,307;88
7150,307;72
7151,307;85
7152,307;10744
7153,307;2227
7154,307;86
7155,307;82
7156,307;68
7157,307;80
7158,307;11016
7159,307;2221
7160,307;85
7161,307;93
7162,307;78
7163,307;79
7164,307;11031
7165,307;2230
7166,307;95
7167,307;90
7168,307;107
7169,307;86
7170,307;11069
7171,307;2211
7172,307;87
7173,307;84
7174,307;84
7175,307;81
7176,307;11050
7177,307;2204
7178,307;89
7179,307;87
7180,307;83
7181,307;89
7182,307;11064
7183,307;2212
7184,307;96
7185,307;89
7186,307;84
7187,307;109
7188,307;11047
7189,307;2213
7190,307;82
7191,307;89
7192,307;89
7193,307;88
7194,307;11052
7195,307;2222
7196,307;104
7197,307;84
7198,307;92
7199,307;92
7200,307;11069
7201,307;2232
7202,307;85
7203,307;73
7204,307;92
7205,307;88
7206,307;11064
7207,307;2227
7208,307;82
7209,307;90
7210,307;94
7211,307;91
7212,307;11092
7213,307;2238
7214,307;78
7215,307;73
7216,307;103
7217,307;90
7218,307;11077
7219,307;2225
7220,307;74
7221,307;81
7222,307;96
7223,307;82
7224,307;11092
7225,307;2220
7226,307;93
7227,307;104
7228,307;96
7229,307;96
7230,307;11079
7231,307;2242
7232,307;81
7233,307;81
7234,307;94
7235,307;105
7236,307;11073
7237,307;2226
7238,307;76
7239,307;87
7240,307;110
7241,307;98
7242,307;11060
7243,307;2220
7244,307;115
7245,307;92
7246,307;91
7247,307;93
7248,307;11068
7249,307;2231
7250,307;102
7251,307;89
7252,307;95
7253,307;95
7254,307;11052
7255,307;2218
7256,307;100
7257,307;82
7258,307;94
7259,307;89
7260,307;11068
7261,307;2251
7262,307;112
7263,307;80
7264,307;87
7265,307;97
7266,307;11056
7267,307;2225
7268,307;89
7269,307;76
7270,307;115
7271,307;81
7272,307;11042
7273,307;2253
7275,231;79
7276,231;101
7277,231;103
7278,231;81
7279,231;11085
7280,231;2227
7281,231;86
7282,231;95
7283,231;106
7284,231;126
7285,231;11044
7286,231;2237
7287,231;84
7288,231;97
7289,231;109
7290,231;93
7291,231;11033
7292,231;2263
7293,231;69
7294,231;99
7295,231;102
7296,231;100
7297,231;11078
7298,231;2245
7299,231;91
7300,231;94
7301,231;94
7302,231;89
7303,231;11047
7304,231;2246
7305,231;90
7306,231;93
7307,231;99
7308,231;98
7309,231;11073
7310,231;2254
7311,231;87
7312,231;95
7313,231;99
7314,231;115
7315,231;11058
7316,231;2254
7317,231;117
7318,231;95
7319,231;116
7320,231;100
7321,231;11078
7322,231;2248
7323,231;91
7324,231;88
7325,231;103
7326,231;96
7327,231;11052
7328,231;2267
7329,231;103
7330,231;88
7331,231;93
7332,231;106
7333,231;11016
7334,231;2267
7335,231;92
7336,231;97
7337,231;118
7338,231;94
7339,231;11075
7340,231;2251
7341,231;107
7342,231;89
7343,231;90
7344,231;98
7345,231;11065
7346,231;2248
7347,231;83
7348,231;88
7349,231;104
7350,231;104
7351,231;11054
7352,231;2239
7353,231;102
7354,231;88
7355,231;111
7356,231;113
7357,231;11029
7358,231;2234
7359,231;87
7360,231;113
7361,231;98
7362,231;112
7363,231;11069
7364,231;2238
7365,231;106
7366,231;101
7367,231;94
7368,231;116
7369,231;11064
7370,231;2245
7371,231;97
7372,231;107
7373,231;107
7374,231;101
7375,231;11080
7376,047;2249
7377,047;97
7378,047;93
7379,047;101
7380,047;98
7381,047;11050
7382,047;2269
7383,047;94
7384,047;76
7385,047;92
7386,047;104
7387,047;11064
7388,047;2252
7389,047;93
7390,047;92
7391,047;98
7392,047;91
7393,047;11022
7394,047;2255
7395,047;96
7396,047;97
7397,047;91
7398,047;87
7399,047;11064
7400,047;2253
7401,047;92
7402,047;101
7403,047;101
7404,047;111
7405,047;11028
7406,047;2248
7407,047;80
7408,047;95
7409,047;83
7410,047;107
7411,047;11010
7412,047;2255
7413,047;77
7414,047;97
7415,047;93
7416,047;73
7417,047;11063
7418,047;2260
7419,047;82
7420,047;92
7421,047;93
7422,047;101
7423,047;11101
7424,047;2251
7425,047;90
7426,047;84
7427,047;103
7428,047;79
7429,047;11014
7430,047;2260
7431,047;74
7432,047;90
7433,047;87
7434,047;94
7435,047;11027
7436,047;2240
7437,047;81
7438,047;99
7439,047;108
7440,047;91
7441,047;11033
7442,047;2257
7443,047;90
7444,047;95
7445,047;92
7446,047;70
7447,047;11047
7448,047;2259
7449,047;87
7450,047;83
7451,047;73
7452,047;79
7453,047;11064
7454,047;2263
7455,047;72
7456,047;75
7457,047;89
7458,047;79
7459,047;11052
7460,047;2225
7461,047;69
7462,047;78
7463,047;76
7464,047;81
7465,047;10702
7466,047;2278
7467,047;93
7468,047;77
7469,047;96
7470,047;76
7471,047;10990
7472,047;2270
7473,047;99
7474,047;77
7475,047;94
7476,047;111
7476,709;11008
7477,709;2267
7478,709;91
7479,709;93
7480,709;89
7481,709;90
7482,709;11021
7483,709;2264
7484,709;99
7485,709;85
7486,709;92
7487,709;91
7488,709;11041
7489,709;2254
7490,709;92
7491,709;74
7492,709;97
7493,709;91
7494,709;11029
7495,709;2265
7496,709;75
7497,709;107
7498,709;101
7499,709;97
7500,709;11045
7501,709;2275
7502,709;84
7503,709;103
7504,709;80
7505,709;97
7506,709;11037
7507,709;2260
7508,709;96
7509,709;89
7510,709;95
7511,709;97
7512,709;11103
7513,709;2219
7514,709;92
7515,709;106
7516,709;104
7517,709;93
7518,709;11061
7519,709;2280
7520,709;84
7521,709;95
7522,709;97
7523,709;109
7524,709;11104
7525,709;2228
7526,709;79
7527,709;85
7528,709;89
7529,709;79
7530,709;11068
7531,709;2284
7532,709;79
7533,709;116
7534,709;93
7535,709;90
7536,709;11039
7537,709;2275
7538,709;84
7539,709;87
7540,709;93
7541,709;102
7542,709;11046
7543,709;2278
7544,709;95
7545,709;105
7546,709;98
7547,709;112
7548,709;11037
7549,709;2265
7550,709;106
7551,709;74
7552,709;92
7553,709;90
7554,709;11027
7555,709;2267
7556,709;85
7557,709;87
7558,709;106
7559,709;102
7560,709;11047
7561,709;2297
7562,709;91
7563,709;98
7564,709;83
7565,709;93
7566,709;11058
7567,709;2270
7568,709;102
7569,709;88
7570,709;102
7571,709;103
7572,709;11022
7573,709;2287
7574,709;96
7575,709;98
7576,709;91
7578,417;101
7579,417;10997
7580,417;2280
7581,417;88
7582,417;93
7583,417;88
7584,417;97
7585,417;11018
7586,417;2286
7587,417;99
7588,417;81
7589,417;93
7590,417;82
7591,417;10991
7592,417;2279
7593,417;93
7594,417;100
7595,417;95
7596,417;102
7597,417;11042
7598,417;2287
7599,417;85
7600,417;108
7601,417;84
7602,417;101
7603,417;11035
7604,417;2276
7605,417;93
7606,417;111
7607,417;110
7608,417;95
7609,417;11033
7610,417;2275
7611,417;86
7612,417;93
7613,417;100
7614,417;79
7615,417;10963
7616,417;2281
7617,417;104
7618,417;109
7619,417;90
7620,417;100
7621,417;10993
7622,417;2276
7623,417;81
7624,417;77
7625,417;93
7626,417;97
7627,417;11059
7628,417;2242
7629,417;87
7630,417;80
7631,417;82
7632,417;107
7633,417;11014
7634,417;2303
7635,417;83
7636,417;87
7637,417;86
7638,417;90
7639,417;11016
7640,417;2296
7641,417;86
7642,417;98
7643,417;95
7644,417;102
7645,417;11030
7646,417;2294
7647,417;88
7648,417;114
7649,417;95
7650,417;96
7651,417;11001
7652,417;2294
7653,417;87
7654,417;92
7655,417;88
7656,417;95
7657,417;10975
7658,417;2282
7659,417;71
7660,417;99
7661,417;85
7662,417;95
7663,417;10994
7664,417;2298
7665,417;87
7666,417;98
7667,417;84
7668,417;113
7669,417;11000
7670,417;2282
7671,417;107
7672,417;102
7673,417;86
7674,417;100
7675,417;11015
7676,417;2289
7677,417;86
7678,417;84
7678,417;77
7679,417;94
7680,417;10981
7681,417;2295
7682,417;86
7683,417;107
7684,417;93
7685,417;89
7686,417;10983
7687,417;2289
7688,417;88
7689,417;84
7690,417;88
7691,417;96
7692,417;10993
7693,417;2282
7694,417;75
7695,417;90
7696,417;93
7697,417;82
7698,417;11006
7699,417;2296
7700,417;81
7701,417;76
7702,417;94
7703,417;101
7704,417;11038
7705,417;2247
7706,417;94
7707,417;110
7708,417;96
7709,417;87
7710,417;10992
7711,417;2289
7712,417;84
7713,417;87
7714,417;101
7715,417;123
7716,417;10961
7717,417;2287
7718,417;71
7719,417;93
7720,417;98
7721,417;80
7722,417;11008
7723,417;2290
7724,417;93
7725,417;102
7726,417;76
7727,417;83
7728,417;10965
7729,417;2296
7730,417;86
7731,417;97
7732,417;93
7733,417;91
7734,417;10988
7735,417;2311
7736,417;81
7737,417;64
7738,417;87
7739,417;82
7740,417;11000
7741,417;2300
7742,417;86
7743,417;74
7744,417;101
7745,417;110
7746,417;10967
7747,417;2275
7748,417;87
7749,417;77
7750,417;83
7751,417;90
7752,417;10952
7753,417;2315
7754,417;80
7755,417;96
7756,417;106
7757,417;103
7758,417;10991
7759,417;2302
7760,417;70
7761,417;89
7762,417;83
7763,417;98
7764,417;10991
7765,417;2306
7766,417;81
7767,417;83
7768,417;104
7769,417;81
7770,417;10972
7771,417;2318
7772,417;72
7773,417;99
7774,417;92
7775,417;90
7776,417;10656
7777,417;2312
7778,417;71
7779,857;78
7780,857;85
7781,857;86
7782,857;10905
7783,857;2310
7784,857;66
7785,857;82
7786,857;78
7787,857;74
7788,857;11013
7789,857;2287
7790,857;78
7791,857;72
7792,857;94
7793,857;88
7794,857;10947
7795,857;2304
7796,857;80
7797,857;79
7798,857;82
7799,857;103
7800,857;10984
7801,857;2303
7802,857;82
7803,857;80
7804,857;96
7805,857;71
7806,857;10972
7807,857;2319
7808,857;84
7809,857;97
7810,857;91
7811,857;87
7812,857;10989
7813,857;2316
7814,857;74
7815,857;89
7816,857;101
7817,857;78
7818,857;10994
7819,857;2318
7820,857;89
7821,857;83
7822,857;91
7823,857;96
7824,857;10992
7825,857;2310
7826,857;93
7827,857;83
7828,857;88
7829,857;84
7830,857;10944
7831,857;2315
7832,857;89
7833,857;104
7834,857;106
7835,857;85
7836,857;10964
7837,857;2299
7838,857;88
7839,857;92
7840,857;106
7841,857;94
7842,857;10983
7843,857;2320
7844,857;90
7845,857;94
7846,857;88
7847,857;91
7848,857;10992
7849,857;2326
7850,857;66
7851,857;92
7852,857;81
7853,857;87
7854,857;10983
7855,857;2321
7856,857;78
7857,857;102
7858,857;85
7859,857;104
7860,857;10995
7861,857;2333
7862,857;72
7863,857;83
7864,857;91
7865,857;89
7866,857;10934
7867,857;2341
7868,857;93
7869,857;92
7870,857;95
7871,857;105
7872,857;10962
7873,857;2306
7874,857;100
7875,857;105
7876,857;96
7877,857;87
7878,857;10988
7879,857;2326
7880,722;85
7881,722;102
7882,722;98
7883,722;94
7884,722;10968
7885,722;2317
7886,722;86
7887,722;86
7888,722;74
7889,722;96
7890,722;10962
7891,722;2337
7892,722;104
7893,722;101
7894,722;94
7895,722;94
7896,722;10978
7897,722;2350
7898,722;108
7899,722;86
7900,722;89
7901,722;99
7902,722;10968
7903,722;2323
7904,722;100
7905,722;83
7906,722;110
7907,722;97
7908,722;10993
7909,722;2320
7910,722;96
7911,722;103
7912,722;102
7913,722;79
7914,722;10947
7915,722;2323
7916,722;79
7917,722;99
7918,722;93
7919,722;106
7920,722;10948
7921,722;2342
7922,722;79
7923,722;102
7924,722;93
7925,722;100
7926,722;10965
7927,722;2332
7928,722;77
7929,722;101
7930,722;109
7931,722;97
7932,722;10981
7933,722;2332
7934,722;93
7935,722;101
7936,722;93
7937,722;97
7938,722;10983
7939,722;2334
7940,722;86
7941,722;93
7942,722;64
7943,722;98
7944,722;10985
7945,722;2336
7946,722;89
7947,722;96
7948,722;89
7949,722;81
7950,722;10947
7951,722;2340
7952,722;102
7953,722;89
7954,722;85
7955,722;96
7956,722;10943
7957,722;2348
7958,722;88
7959,722;104
7960,722;107
7961,722;98
7962,722;10969
7963,722;2320
7964,722;120
7965,722;98
7966,722;91
7967,722;106
7968,722;10971
7969,722;2352
7970,722;78
7971,722;88
7972,722;107
7973,722;107
7974,722;10950
7975,722;2331
7976,722;102
7977,722;98
7978,722;112
7979,722;110
7980,722;10963
7981,6;2350
7982,6;87
7983,6;89
7984,6;108
7985,6;101
7986,6;10977
7987,6;2346
7988,6;86
7989,6;93
7990,6;99
7991,6;73
7992,6;10944
7993,6;2327
7994,6;80
7995,6;97
7996,6;104
7997,6;83
7998,6;10972
7999,6;2334
8000,6;87
8001,6;95
8002,6;109
8003,6;102
8004,6;10979
8005,6;2346
8006,6;87
8007,6;83
8008,6;84
8009,6;115
8010,6;10954
8011,6;2341
8012,6;91
8013,6;92
8014,6;109
8015,6;111
8016,6;10996
8017,6;2336
8018,6;89
8019,6;103
8020,6;93
8021,6;102
8022,6;10989
8023,6;2381
8024,6;92
8025,6;86
8026,6;99
8027,6;118
8028,6;10980
8029,6;2347
8030,6;84
8031,6;93
8032,6;95
8033,6;110
8034,6;10994
8035,6;2331
8036,6;96
8037,6;100
8038,6;114
8039,6;102
8040,6;10966
8041,6;2353
8042,6;92
8043,6;90
8044,6;101
8045,6;88
8046,6;10962
8047,6;2355
8048,6;107
8049,6;104
8050,6;101
8051,6;89
8052,6;10978
8053,6;2351
8054,6;87
8055,6;91
8056,6;91
8057,6;102
8058,6;10958
8059,6;2346
8060,6;82
8061,6;92
8062,6;102
8063,6;94
8064,6;10963
8065,6;2371
8066,6;83
8067,6;93
8068,6;92
8069,6;94
8070,6;10971
8071,6;2357
8072,6;84
8073,6;77
8074,6;77
8075,6;86
8076,6;10953
8077,6;2341
8078,6;90
8079,6;81
8080,6;84
8081,6;85
8082,995;10963
8083,995;2348
8084,995;77
8085,995;89
8086,995;83
8087,995;93
8088,995;10620
8089,995;2355
8090,995;86
8091,995;86
8092,995;89
8093,995;92
8094,995;10900
8095,995;2349
8096,995;73
8097,995;79
8098,995;77
8099,995;108
8100,995;10975
8101,995;2338
8102,995;87
8103,995;86
8104,995;78
8105,995;102
8106,995;10928
8107,995;2347
8108,995;87
8109,995;113
8110,995;94
8111,995;101
8112,995;10925
8113,995;2356
8114,995;94
8115,995;102
8116,995;97
8117,995;111
8118,995;10951
8119,995;2355
8120,995;89
8121,995;99
8122,995;100
8123,995;93
8124,995;10954
8125,995;2347
8126,995;106
8127,995;82
8128,995;87
8129,995;81
8130,995;10954
8131,995;2359
8132,995;78
8133,995;102
8134,995;84
8135,995;92
8136,995;10936
8137,995;2354
8138,995;72
8139,995;86
8140,995;96
8141,995;97
8142,995;10941
8143,995;2373
8144,995;92
8145,995;99
8146,995;82
8147,995;71
8148,995;10981
8149,995;2347
8150,995;77
8151,995;95
8152,995;102
8153,995;112
8154,995;10919
8155,995;2386
8156,995;84
8157,995;93
8158,995;100
8159,995;99
8160,995;10967
8161,995;2361
8162,995;87
8163,995;96
8164,995;104
8165,995;113
8166,995;10946
8167,995;2392
8168,995;85
8169,995;105
8170,995;123
8171,995;95
8172,995;10936
8173,995;2384
8174,995;94
8175,995;104
8176,995;114
8177,995;97
8178,995;10950
8179,995;2348
8180,995;90
8181,995;113
8182,995;93
8183,995;91
8184,995;10946
8185,995;2369
8186,995;95
8187,995;119
8188,995;103
8189,995;100
8190,995;10947
8191,995;2384
8192,995;97
8193,995;107
8194,995;94
8195,995;94
8196,995;10935
8197,995;2370
8198,995;91
8199,995;85
8200,995;88
8201,995;95
8202,995;10948
8203,995;2379
8204,995;81
8205,995;103
8206,995;105
8207,995;90
8208,995;10889
8209,995;2392
8210,995;98
8211,995;86
8212,995;107
8213,995;87
8214,995;10919
8215,995;2391
8216,995;95
8217,995;117
8218,995;93
8219,995;99
8220,995;10921
8221,995;2388
8222,995;100
8223,995;96
8224,995;96
8225,995;99
8226,995;10900
8227,995;2403
8228,995;86
8229,995;99
8230,995;102
8231,995;106
8232,995;10882
8233,995;2376
8234,995;69
8235,995;79
8236,995;101
8237,995;101
8238,995;10898
8239,995;2393
8240,995;99
8241,995;80
8242,995;103
8243,995;97
8244,995;10907
8245,995;2379
8246,995;91
8247,995;112
8248,995;105
8249,995;83
8250,995;10921
8251,995;2366
8252,995;90
8253,995;96
8254,995;87
8255,995;111
8256,995;10948
8257,995;2396
8258,995;89
8259,995;102
8260,995;101
8261,995;82
8262,995;10925
8263,995;2385
8264,995;86
8265,995;77
8266,995;97
8267,995;97
8268,995;10916
8269,995;2358
8270,995;92
8271,995;82
8272,995;109
8273,995;127
8274,995;10907
8275,995;2391
8276,995;95
8277,995;91
8278,995;99
8279,995;105
8280,995;10930
8281,995;2388
8282,995;92
8283,995;95
8285,466;108
8286,466;104
8287,466;10939
8288,466;2369
8289,466;82
8290,466;100
8291,466;97
8292,466;103
8293,466;10904
8294,466;2402
8295,466;67
8296,466;105
8297,466;108
8298,466;94
8299,466;10906
8300,466;2381
8301,466;94
8302,466;84
8303,466;102
8304,466;103
8305,466;10916
8306,466;2376
8307,466;82
8308,466;97
8309,466;104
8310,466;105
8311,466;10885
8312,466;2374
8313,466;92
8314,466;70
8315,466;91
8316,466;114
8317,466;10923
8318,466;2394
8319,466;117
8320,466;88
8321,466;89
8322,466;103
8323,466;10909
8324,466;2390
8325,466;95
8326,466;92
8327,466;97
8328,466;91
8329,466;10873
8330,466;2384
8331,466;100
8332,466;106
8333,466;89
8334,466;82
8335,466;10901
8336,466;2392
8337,466;78
8338,466;86
8339,466;92
8340,466;83
8341,466;10893
8342,466;2381
8343,466;89
8344,466;105
8345,466;93
8346,466;109
8347,466;10883
8348,466;2380
8349,466;75
8350,466;93
8351,466;88
8352,466;87
8353,466;10864
8354,466;2392
8355,466;81
8356,466;75
8357,466;90
8358,466;92
8359,466;10871
8360,466;2412
8361,466;83
8362,466;87
8363,466;87
8364,466;79
8365,466;10868
8366,466;2385
8367,466;92
8368,466;101
8369,466;87
8370,466;102
8371,466;10893
8372,466;2379
8373,466;77
8374,466;103
8375,466;96
8376,466;72
8377,466;10909
8378,466;2389
8379,466;74
8380,466;79
8381,466;88
8382,466;91
8383,466;10883
8384,466;2384
8385,466;69
8386,29;79
8387,29;80
8388,29;109
8389,29;10882
8390,29;2407
8391,29;73
8392,29;70
8393,29;91
8394,29;79
8395,29;10862
8396,29;2389
8397,29;70
8398,29;75
8399,29;79
8400,29;90
8401,29;10561
8402,29;2396
8403,29;79
8404,29;85
8405,29;78
8406,29;79
8407,29;10827
8408,29;2376
8409,29;71
8410,29;87
8411,29;81
8412,29;77
8413,29;10862
8414,29;2402
8415,29;79
8416,29;87
8417,29;86
8418,29;85
8419,29;10865
8420,29;2378
8421,29;96
8422,29;105
8423,29;93
8424,29;91
8425,29;10902
8426,29;2414
8427,29;82
8428,29;85
8429,29;91
8430,29;83
8431,29;10892
8432,29;2379
8433,29;80
8434,29;97
8435,29;108
8436,29;83
8437,29;10870
8438,29;2394
8439,29;85
8440,29;100
8441,29;74
8442,29;93
8443,29;10898
8444,29;2409
8445,29;92
8446,29;91
8447,29;92
8448,29;108
8449,29;10827
8450,29;2411
8451,29;92
8452,29;80
8453,29;92
8454,29;80
8455,29;10877
8456,29;2423
8457,29;73
8458,29;89
8459,29;99
8460,29;100
8461,29;10864
8462,29;2387
8463,29;81
8464,29;92
8465,29;103
8466,29;85
8467,29;10859
8468,29;2432
8469,29;85
8470,29;91
8471,29;92
8472,29;92
8473,29;10872
8474,29;2407
8475,29;78
8476,29;87
8477,29;85
8478,29;94
8479,29;10887
8480,29;2408
8481,29;80
8482,29;94
8483,29;86
8484,29;92
8485,29;10863
8486,29;2411
8487,33;91
8488,33;96
8489,33;99
8490,33;76
8491,33;10894
8492,33;2409
8493,33;92
8494,33;98
8495,33;121
8496,33;88
8497,33;10884
8498,33;2416
8499,33;86
8500,33;91
8501,33;94
8502,33;97
8503,33;10856
8504,33;2408
8505,33;92
8506,33;91
8507,33;94
8508,33;88
8509,33;10853
8510,33;2412
8511,33;95
8512,33;91
8513,33;87
8514,33;104
8515,33;10849
8516,33;2427
8517,33;88
8518,33;91
8519,33;90
8520,33;98
8521,33;10828
8522,33;2434
8523,33;90
8524,33;82
8525,33;88
8526,33;87
8527,33;10865
8528,33;2423
8529,33;93
8530,33;109
8531,33;102
8532,33;95
8533,33;10831
8534,33;2412
8535,33;85
8536,33;82
8537,33;89
8538,33;91
8539,33;10855
8540,33;2429
8541,33;90
8542,33;91
8543,33;101
8544,33;90
8545,33;10841
8546,33;2407
8547,33;79
8548,33;100
8549,33;103
8550,33;98
8551,33;10871
8552,33;2423
8553,33;89
8554,33;94
8555,33;104
8556,33;101
8557,33;10876
8558,33;2430
8559,33;99
8560,33;104
8561,33;104
8562,33;124
8563,33;10881
8564,33;2404
8565,33;108
8566,33;97
8567,33;116
8568,33;97
8569,33;10840
8570,33;2424
8571,33;83
8572,33;100
8573,33;106
8574,33;100
8575,33;10874
8576,33;2432
8577,33;95
8578,33;100
8579,33;96
8580,33;87
8581,33;10829
8582,33;2448
8583,33;81
8584,33;70
8585,33;103
8586,33;105
8587,33;10860
8587,26;2434
8588,26;108
8589,26;106
8590,26;99
8591,26;121
8592,26;10872
8593,26;2438
8594,26;89
8595,26;93
8596,26;99
8597,26;108
8598,26;10882
8599,26;2427
8600,26;86
8601,26;89
8602,26;87
8603,26;92
8604,26;10838
8605,26;2440
8606,26;89
8607,26;89
8608,26;99
8609,26;116
8610,26;10860
8611,26;2451
8612,26;99
8613,26;105
8614,26;97
8615,26;107
8616,26;10857
8617,26;2437
8618,26;101
8619,26;101
8620,26;111
8621,26;99
8622,26;10840
8623,26;2431
8624,26;109
8625,26;101
8626,26;99
8627,26;94
8628,26;10865
8629,26;2436
8630,26;111
8631,26;111
8632,26;97
8633,26;104
8634,26;10867
8635,26;2426
8636,26;89
8637,26;82
8638,26;106
8639,26;100
8640,26;10880
8641,26;2436
8642,26;112
8643,26;94
8644,26;93
8645,26;94
8646,26;10833
8647,26;2438
8648,26;97
8649,26;92
8650,26;92
8651,26;103
8652,26;10871
8653,26;2455
8654,26;101
8655,26;95
8656,26;120
8657,26;93
8658,26;10879
8659,26;2427
8660,26;97
8661,26;86
8662,26;101
8663,26;84
8664,26;10858
8665,26;2438
8666,26;77
8667,26;86
8668,26;102
8669,26;105
8670,26;10876
8671,26;2444
8672,26;101
8673,26;100
8674,26;102
8675,26;84
8676,26;10857
8677,26;2449
8678,26;98
8679,26;100
8680,26;95
8681,26;92
8682,26;10918
8683,26;2432
8684,26;89
8685,26;101
8686,26;87
8687,26;103
8688,26;10847
8689,26;2424
8690,26;78
8691,26;74
8692,26;102
8693,26;94
8694,26;10847
8695,26;2436
8696,26;85
8697,26;90
8698,26;99
8699,26;85
8700,26;10847
8701,26;2456
8702,26;85
8703,26;89
8704,26;103
8705,26;98
8706,26;10832
8707,26;2433
8708,26;84
8709,26;101
8710,26;113
8711,26;99
8712,26;10496
8713,26;2435
8714,26;85
8715,26;97
8716,26;75
8717,26;101
8718,26;10791
8719,26;2441
8720,26;77
8721,26;84
8722,26;81
8723,26;74
8724,26;10846
8725,26;2451
8726,26;72
8727,26;88
8728,26;94
8729,26;86
8730,26;10847
8731,26;2456
8732,26;102
8733,26;92
8734,26;83
8735,26;83
8736,26;10847
8737,26;2458
8738,26;103
8739,26;87
8740,26;96
8741,26;102
8742,26;10879
8743,26;2469
8744,26;97
8745,26;79
8746,26;118
8747,26;88
8748,26;10886
8749,26;2435
8750,26;104
8751,26;78
8752,26;105
8753,26;91
8754,26;10850
8755,26;2436
8756,26;100
8757,26;102
8758,26;94
8759,26;87
8760,26;10838
8761,26;2470
8762,26;90
8763,26;105
8764,26;94
8765,26;103
8766,26;10847
8767,26;2462
8768,26;95
8769,26;87
8770,26;102
8771,26;100
8772,26;10870
8773,26;2462
8774,26;94
8775,26;120
8776,26;79
8777,26;120
8778,26;10859
8779,26;2438
8780,26;91
8781,26;90
8782,26;100
8783,26;92
8784,26;10867
8785,26;2489
8786,26;92
8787,26;107
8788,26;95
8790,437;82
8791,437;10880
8792,437;2461
8793,437;77
8794,437;106
8795,437;92
8796,437;104
8797,437;10836
8798,437;2448
8799,437;100
8800,437;87
8801,437;106
8802,437;90
8803,437;10820
8804,437;2475
8805,437;109
8806,437;99
8807,437;103
8808,437;74
8809,437;10848
8810,437;2452
8811,437;88
8812,437;106
8813,437;101
8814,437;100
8815,437;10832
8816,437;2454
8817,437;95
8818,437;94
8819,437;90
8820,437;95
8821,437;10839
8822,437;2474
8823,437;87
8824,437;81
8825,437;96
8826,437;91
8827,437;10783
8828,437;2477
8829,437;87
8830,437;105
8831,437;108
8832,437;106
8833,437;10841
8834,437;2450
8835,437;96
8836,437;92
8837,437;108
8838,437;98
8839,437;10846
8840,437;2470
8841,437;97
8842,437;94
8843,437;94
8844,437;103
8845,437;10846
8846,437;2480
8847,437;95
8848,437;97
8849,437;96
8850,437;93
8851,437;10846
8852,437;2475
8853,437;106
8854,437;93
8855,437;99
8856,437;89
8857,437;10849
8858,437;2465
8859,437;88
8860,437;100
8861,437;110
8862,437;121
8863,437;10803
8864,437;2480
8865,437;93
8866,437;98
8867,437;81
8868,437;98
8869,437;10838
8870,437;2452
8871,437;97
8872,437;98
8873,437;104
8874,437;104
8875,437;10778
8876,437;2481
8877,437;86
8878,437;118
8879,437;97
8880,437;96
8881,437;10847
8882,437;2464
8883,437;80
8884,437;85
8885,437;87
8886,437;92
8887,437;10835
8888,437;2483
8889,437;92
8890,437;74
8891,412;99
8892,412;101
8893,412;10793
8894,412;2472
8895,412;91
8896,412;98
8897,412;89
8898,412;101
8899,412;10811
8900,412;2474
8901,412;72
8902,412;93
8903,412;117
8904,412;81
8905,412;10819
8906,412;2469
8907,412;83
8908,412;82
8909,412;94
8910,412;108
8911,412;10822
8912,412;2484
8913,412;79
8914,412;97
8915,412;82
8916,412;102
8917,412;10839
8918,412;2480
8919,412;84
8920,412;111
8921,412;116
8922,412;106
8923,412;10816
8924,412;2473
8925,412;88
8926,412;85
8927,412;106
8928,412;103
8929,412;10828
8930,412;2455
8931,412;88
8932,412;93
8933,412;85
8934,412;102
8935,412;10803
8936,412;2456
8937,412;84
8938,412;92
8939,412;107
8940,412;102
8941,412;10819
8942,412;2476
8943,412;87
8944,412;95
8945,412;97
8946,412;91
8947,412;10796
8948,412;2495
8949,412;82
8950,412;101
8951,412;86
8952,412;84
8953,412;10827
8954,412;2474
8955,412;84
8956,412;97
8957,412;104
8958,412;92
8959,412;10786
8960,412;2482
8961,412;70
8962,412;68
8963,412;88
8964,412;108
8965,412;10812
8966,412;2467
8967,412;86
8968,412;69
8969,412;80
8970,412;97
8971,412;10791
8972,412;2493
8973,412;79
8974,412;78
8975,412;86
8976,412;99
8977,412;10808
8978,412;2471
8979,412;74
8980,412;97
8981,412;97
8982,412;79
8983,412;10797
8984,412;2471
8985,412;84
8986,412;71
8987,412;89
8988,412;95
8989,412;10798
8990,412;2471
8991,412;75
8992,457;79
8993,457;100
8994,457;87
8995,457;10761
8996,457;2491
8997,457;96
8998,457;74
8999,457;93
9000,457;79
9001,457;10792
9002,457;2497
9003,457;89
9004,457;98
9005,457;105
9006,457;84
9007,457;10783
9008,457;2485
9009,457;74
9010,457;81
9011,457;98
9012,457;94
9013,457;10771
9014,457;2486
9015,457;83
9016,457;113
9017,457;97
9018,457;86
9019,457;10781
9020,457;2486
9021,457;85
9022,457;83
9023,457;83
9024,457;84
9025,457;10477
9026,457;2469
9027,457;74
9028,457;87
9029,457;86
9030,457;83
9031,457;10751
9032,457;2491
9033,457;71
9034,457;85
9035,457;82
9036,457;93
9037,457;10771
9038,457;2486
9039,457;87
9040,457;74
9041,457;86
9042,457;101
9043,457;10782
9044,457;2471
9045,457;80
9046,457;85
9047,457;76
9048,457;83
9049,457;10773
9050,457;2477
9051,457;85
9052,457;81
9053,457;93
9054,457;106
9055,457;10762
9056,457;2471
9057,457;92
9058,457;91
9059,457;85
9060,457;91
9061,457;10796
9062,457;2499
9063,457;84
9064,457;94
9065,457;84
9066,457;95
9067,457;10798
9068,457;2476
9069,457;90
9070,457;94
9071,457;108
9072,457;101
9073,457;10758
9074,457;2490
9075,457;84
9076,457;87
9077,457;96
9078,457;102
9079,457;10791
9080,457;2487
9081,457;88
9082,457;73
9083,457;96
9084,457;91
9085,457;10796
9086,457;2481
9087,457;81
9088,457;94
9089,457;91
9090,457;97
9091,457;10790
9092,457;2502
9093,155;101
9094,155;89
9095,155;79
9096,155;103
9097,155;10782
9098,155;2504
9099,155;108
9100,155;96
9101,155;94
9102,155;84
9103,155;10829
9104,155;2509
9105,155;82
9106,155;100
9107,155;101
9108,155;96
9109,155;10785
9110,155;2487
9111,155;74
9112,155;84
9113,155;112
9114,155;79
9115,155;10754
9116,155;2501
9117,155;69
9118,155;99
9119,155;72
9120,155;102
9121,155;10811
9122,155;2514
9123,155;95
9124,155;76
9125,155;106
9126,155;103
9127,155;10769
9128,155;2502
9129,155;76
9130,155;91
9131,155;84
9132,155;93
9133,155;10729
9134,155;2506
9135,155;116
9136,155;82
9137,155;82
9138,155;93
9139,155;10805
9140,155;2499
9141,155;85
9142,155;115
9143,155;98
9144,155;99
9145,155;10781
9146,155;2524
9147,155;99
9148,155;97
9149,155;100
9150,155;94
9151,155;10764
9152,155;2520
9153,155;91
9154,155;91
9155,155;94
9156,155;91
9157,155;10774
9158,155;2505
9159,155;78
9160,155;103
9161,155;95
9162,155;121
9163,155;10768
9164,155;2550
9165,155;82
9166,155;85
9167,155;100
9168,155;79
9169,155;10797
9170,155;2522
9171,155;97
9172,155;108
9173,155;89
9174,155;100
9175,155;10765
9176,155;2534
9177,155;87
9178,155;122
9179,155;90
9180,155;103
9181,155;10818
9182,155;2535
9183,155;84
9184,155;96
9185,155;101
9186,155;101
9187,155;10810
9188,155;2512
9189,155;88
9190,155;65
9191,155;103
9192,155;88
9193,155;10780
9193,714;2535
9194,714;96
9195,714;78
9196,714;94
9197,714;107
9198,714;10791
9199,714;2515
9200,714;80
9201,714;92
9202,714;79
9203,714;96
9204,714;10771
9205,714;2525
9206,714;76
9207,714;109
9208,714;110
9209,714;105
9210,714;10772
9211,714;2534
9212,714;86
9213,714;104
9214,714;76
9215,714;97
9216,714;10788
9217,714;2534
9218,714;76
9219,714;86
9220,714;93
9221,714;96
9222,714;10799
9223,714;2514
9224,714;99
9225,714;86
9226,714;94
9227,714;92
9228,714;10737
9229,714;2519
9230,714;85
9231,714;98
9232,714;90
9233,714;103
9234,714;10760
9235,714;2521
9236,714;94
9237,714;85
9238,714;109
9239,714;89
9240,714;10750
9241,714;2514
9242,714;80
9243,714;122
9244,714;99
9245,714;85
9246,714;10748
9247,714;2522
9248,714;74
9249,714;106
9250,714;86
9251,714;111
9252,714;10773
9253,714;2542
9254,714;97
9255,714;100
9256,714;81
9257,714;102
9258,714;10766
9259,714;2527
9260,714;100
9261,714;108
9262,714;87
9263,714;111
9264,714;10789
9265,714;2525
9266,714;90
9267,714;99
9268,714;103
9269,714;99
9270,714;10830
9271,714;2511
9272,714;87
9273,714;104
9274,714;92
9275,714;115
9276,714;10754
9277,714;2514
9278,714;95
9279,714;104
9280,714;85
9281,714;110
9282,714;10780
9283,714;2524
9284,714;98
9285,714;100
9286,714;109
9287,714;95
9288,714;10775
9289,714;2530
9290,714;91
9291,714;91
9292,714;100
9293,714;105
9294,714;10760
9295,714;2535
9296,714;84
9297,714;104
9298,714;95
9299,714;81
9300,714;10738
9301,714;2519
9302,714;81
9303,714;81
9304,714;97
9305,714;128
9306,714;10773
9307,714;2543
9308,714;80
9309,714;94
9310,714;122
9311,714;95
9312,714;10769
9313,714;2541
9314,714;74
9315,714;86
9316,714;107
9317,714;91
9318,714;10786
9319,714;2529
9320,714;93
9321,714;101
9322,714;87
9323,714;106
9324,714;10732
9325,714;2529
9326,714;106
9327,714;89
9328,714;88
9329,714;103
9330,714;10759
9331,714;2531
9332,714;91
9333,714;100
9334,714;78
9335,714;92
9336,714;10396
9337,714;2522
9338,714;89
9339,714;103
9340,714;87
9341,714;82
9342,714;10690
9343,714;2513
9344,714;93
9345,714;82
9346,714;97
9347,714;92
9348,714;10742
9349,714;2533
9350,714;90
9351,714;93
9352,714;106
9353,714;111
9354,714;10757
9355,714;2568
9356,714;79
9357,714;85
9358,714;91
9359,714;99
9360,714;10788
9361,714;2546
9362,714;104
9363,714;115
9364,714;97
9365,714;96
9366,714;10759
9367,714;2535
9368,714;98
9369,714;103
9370,714;89
9371,714;98
9372,714;10742
9373,714;2548
9374,714;114
9375,714;103
9376,714;112
9377,714;80
9378,714;10793
9379,714;2533
9380,714;90
9381,714;101
9382,714;94
9383,714;114
9384,714;10767
9385,714;2537
9386,714;95
9387,714;88
9388,714;90
9389,714;97
9390,714;10778
9391,714;2574
9392,714;81
9393,714;98
9394,714;95
9395,066;98
9396,066;10734
9397,066;2546
9398,066;83
9399,066;111
9400,066;128
9401,066;99
9402,066;10766
9403,066;2543
9404,066;85
9405,066;100
9406,066;106
9407,066;112
9408,066;10740
9409,066;2559
9410,066;91
9411,066;104
9412,066;116
9413,066;101
9414,066;10743
9415,066;2554
9416,066;88
9417,066;85
9418,066;90
9419,066;94
9420,066;10794
9421,066;2538
9422,066;99
9423,066;97
9424,066;110
9425,066;106
9426,066;10716
9427,066;2558
9428,066;76
9429,066;87
9430,066;103
9431,066;106
9432,066;10718
9433,066;2552
9434,066;95
9435,066;83
9436,066;90
9437,066;108
9438,066;10752
9439,066;2550
9440,066;94
9441,066;93
9442,066;96
9443,066;90
9444,066;10740
9445,066;2542
9446,066;123
9447,066;88
9448,066;85
9449,066;103
9450,066;10725
9451,066;2578
9452,066;91
9453,066;107
9454,066;94
9455,066;85
9456,066;10736
9457,066;2571
9458,066;98
9459,066;101
9460,066;93
9461,066;111
9462,066;10702
9463,066;2545
9464,066;113
9465,066;101
9466,066;85
9467,066;97
9468,066;10736
9469,066;2569
9470,066;91
9471,066;104
9472,066;100
9473,066;101
9474,066;10720
9475,066;2559
9476,066;97
9477,066;83
9478,066;88
9479,066;111
9480,066;10776
9481,066;2579
9482,066;96
9483,066;95
9484,066;105
9485,066;108
9486,066;10711
9487,066;2552
9488,066;96
9489,066;105
9490,066;94
9491,066;87
9492,066;10723
9493,066;2564
9494,066;94
9495,066;91
9497,434;102
9498,434;119
9499,434;10745
9500,434;2562
9501,434;96
9502,434;99
9503,434;78
9504,434;89
9505,434;10738
9506,434;2576
9507,434;92
9508,434;95
9509,434;94
9510,434;73
9511,434;10717
9512,434;2569
9513,434;94
9514,434;96
9515,434;122
9516,434;88
9517,434;10748
9518,434;2570
9519,434;89
9520,434;93
9521,434;89
9522,434;101
9523,434;10730
9524,434;2568
9525,434;78
9526,434;111
9527,434;86
9528,434;105
9529,434;10704
9530,434;2566
9531,434;77
9532,434;83
9533,434;90
9534,434;102
9535,434;10735
9536,434;2542
9537,434;90
9538,434;98
9539,434;96
9540,434;85
9541,434;10725
9542,434;2559
9543,434;94
9544,434;94
9545,434;79
9546,434;104
9547,434;10709
9548,434;2564
9549,434;85
9550,434;72
9551,434;96
9552,434;90
9553,434;10689
9554,434;2556
9555,434;67
9556,434;87
9557,434;112
9558,434;102
9559,434;10758
9560,434;2558
9561,434;82
9562,434;87
9563,434;125
9564,434;89
9565,434;10724
9566,434;2566
9567,434;74
9568,434;107
9569,434;105
9570,434;117
9571,434;10721
9572,434;2595
9573,434;94
9574,434;81
9575,434;83
9576,434;84
9577,434;10738
9578,434;2569
9579,434;69
9580,434;91
9581,434;79
9582,434;104
9583,434;10683
9584,434;2579
9585,434;84
9586,434;73
9587,434;87
9588,434;96
9589,434;10732
9590,434;2543
9591,434;86
9592,434;88
9593,434;97
9594,434;70
9595,434;10752
9596,434;2565
9597,434;88
9598,233;87
9599,233;92
9600,233;88
9601,233;10719
9602,233;2580
9603,233;75
9604,233;82
9605,233;94
9606,233;71
9607,233;10745
9608,233;2563
9609,233;73
9610,233;82
9611,233;96
9612,233;75
9613,233;10713
9614,233;2590
9615,233;86
9616,233;100
9617,233;94
9618,233;80
9619,233;10701
9620,233;2570
9621,233;85
9622,233;77
9623,233;88
9624,233;86
9625,233;10666
9626,233;2570
9627,233;81
9628,233;80
9629,233;107
9630,233;92
9631,233;10695
9632,233;2573
9633,233;76
9634,233;90
9635,233;69
9636,233;81
9637,233;10700
9638,233;2562
9639,233;77
9640,233;74
9641,233;89
9642,233;72
9643,233;10735
9644,233;2553
9645,233;92
9646,233;89
9647,233;98
9648,233;75
9649,233;10374
9650,233;2566
9651,233;69
9652,233;78
9653,233;88
9654,233;75
9655,233;10642
9656,233;2581
9657,233;74
9658,233;94
9659,233;95
9660,233;77
9661,233;10653
9662,233;2547
9663,233;89
9664,233;93
9665,233;66
9666,233;85
9667,233;10674
9668,233;2584
9669,233;91
9670,233;82
9671,233;79
9672,233;104
9673,233;10716
9674,233;2565
9675,233;83
9676,233;69
9677,233;89
9678,233;74
9679,233;10711
9680,233;2580
9681,233;87
9682,233;74
9683,233;93
9684,233;97
9685,233;10708
9686,233;2592
9687,233;98
9688,233;96
9689,233;95
9690,233;94
9691,233;10708
9692,233;2585
9693,233;72
9694,233;77
9695,233;87
9696,233;86
9697,233;10682
9698,233;2608
9699,281;90
9700,281;103
9701,281;82
9702,281;79
9703,281;10718
9704,281;2591
9705,281;73
9706,281;96
9707,281;98
9708,281;95
9709,281;10707
9710,281;2601
9711,281;77
9712,281;90
9713,281;93
9714,281;79
9715,281;10704
9716,281;2605
9717,281;88
9718,281;81
9719,281;79
9720,281;105
9721,281;10668
9722,281;2570
9723,281;83
9724,281;113
9725,281;95
9726,281;99
9727,281;10680
9728,281;2574
9729,281;89
9730,281;86
9731,281;73
9732,281;103
9733,281;10694
9734,281;2612
9735,281;90
9736,281;89
9737,281;107
9738,281;102
9739,281;10694
9740,281;2583
9741,281;78
9742,281;95
9743,281;90
9744,281;81
9745,281;10696
9746,281;2605
9747,281;96
9748,281;96
9749,281;109
9750,281;87
9751,281;10681
9752,281;2591
9753,281;107
9754,281;87
9755,281;88
9756,281;98
9757,281;10684
9758,281;2593
9759,281;104
9760,281;85
9761,281;99
9762,281;103
9763,281;10698
9764,281;2590
9765,281;92
9766,281;85
9767,281;87
9768,281;88
9769,281;10705
9770,281;2593
9771,281;96
9772,281;114
9773,281;89
9774,281;95
9775,281;10707
9776,281;2598
9777,281;92
9778,281;85
9779,281;97
9780,281;117
9781,281;10677
9782,281;2602
9783,281;95
9784,281;90
9785,281;108
9786,281;91
9787,281;10698
9788,281;2603
9789,281;98
9790,281;87
9791,281;95
9792,281;113
9793,281;10710
9794,281;2596
9795,281;81
9796,281;93
9797,281;84
9798,281;94
9799,281;10707
9800,281;2601
9801,281;76
9802,281;93
9803,281;97
9804,281;102
9805,281;10704
9806,281;2603
9807,281;89
9808,281;85
9809,281;95
9810,281;91
9811,281;10653
9812,281;2612
9813,281;97
9814,281;92
9815,281;98
9816,281;117
9817,281;10706
9818,281;2627
9819,281;98
9820,281;101
9821,281;98
9822,281;103
9823,281;10680
9824,281;2603
9825,281;93
9826,281;93
9827,281;101
9828,281;97
9829,281;10684
9830,281;2604
9831,281;115
9832,281;78
9833,281;82
9834,281;108
9835,281;10697
9836,281;2589
9837,281;103
9838,281;104
9839,281;99
9840,281;93
9841,281;10655
9842,281;2616
9843,281;89
9844,281;109
9845,281;83
9846,281;86
9847,281;10683
9848,281;2614
9849,281;94
9850,281;92
9851,281;102
9852,281;98
9853,281;10638
9854,281;2625
9855,281;93
9856,281;106
9857,281;98
9858,281;90
9859,281;10710
9860,281;2608
9861,281;83
9862,281;98
9863,281;93
9864,281;106
9865,281;10663
9866,281;2624
9867,281;85
9868,281;96
9869,281;87
9870,281;111
9871,281;10762
9872,281;2567
9873,281;97
9874,281;94
9875,281;98
9876,281;104
9877,281;10690
9878,281;2608
9879,281;74
9880,281;89
9881,281;108
9882,281;101
9883,281;10695
9884,281;2613
9885,281;81
9886,281;100
9887,281;92
9888,281;107
9889,281;10679
9890,281;2623
9891,281;102
9892,281;96
9893,281;97
9894,281;103
9895,281;10668
9896,281;2628
9897,281;89
9898,281;92
9899,281;97
9900,281;87
9901,417;10696
9902,417;2634
9903,417;86
9904,417;95
9905,417;105
9906,417;99
9907,417;10688
9908,417;2617
9909,417;100
9910,417;121
9911,417;109
9912,417;103
9913,417;10686
9914,417;2628
9915,417;87
9916,417;100
9917,417;90
9918,417;116
9919,417;10697
9920,417;2629
9921,417;90
9922,417;92
9923,417;102
9924,417;98
9925,417;10655
9926,417;2651
9927,417;77
9928,417;104
9929,417;94
9930,417;110
9931,417;10677
9932,417;2623
9933,417;91
9934,417;83
9935,417;97
9936,417;115
9937,417;10678
9938,417;2630
9939,417;100
9940,417;100
9941,417;105
9942,417;103
9943,417;10668
9944,417;2625
9945,417;111
9946,417;101
9947,417;107
9948,417;90
9949,417;10656
9950,417;2623
9951,417;95
9952,417;98
9953,417;89
9954,417;93
9955,417;10664
9956,417;2612
9957,417;91
9958,417;84
9959,417;114
9960,417;94
9961,417;10345
9962,417;2638
9963,417;108
9964,417;73
9965,417;85
9966,417;113
9967,417;10578
9968,417;2629
9969,417;90
9970,417;97
9971,417;76
9972,417;78
9973,417;10646
9974,417;2628
9975,417;100
9976,417;77
9977,417;95
9978,417;85
9979,417;10657
9980,417;2641
9981,417;103
9982,417;95
9983,417;71
9984,417;104
9985,417;10673
9986,417;2642
9987,417;93
9988,417;103
9989,417;103
9990,417;111
9991,417;10692
9992,417;2639
9993,417;97
9994,417;89
9995,417;95
9996,417;97
9997,417;10691
9998,417;2643
9999,417;92
10000,417;88
10001,417;109
10001,955;112
10002,955;10670
10003,955;2629
10004,955;91
10005,955;80
10006,955;94
10007,955;87
10008,955;10681
10009,955;2629
10010,955;87
10011,955;108
10012,955;79
10013,955;93
10014,955;10654
10015,955;2649
10016,955;93
10017,955;104
10018,955;99
10019,955;90
10020,955;10682
10021,955;2637
10022,955;98
10023,955;110
10024,955;104
10025,955;111
10026,955;10662
10027,955;2628
10028,955;100
10029,955;95
10030,955;81
10031,955;113
10032,955;10654
10033,955;2621
10034,955;78
10035,955;109
10036,955;98
10037,955;111
10038,955;10658
10039,955;2634
10040,955;92
10041,955;104
10042,955;111
10043,955;104
10044,955;10638
10045,955;2662
10046,955;86
10047,955;109
10048,955;112
10049,955;93
10050,955;10662
10051,955;2635
10052,955;100
10053,955;83
10054,955;95
10055,955;108
10056,955;10675
10057,955;2654
10058,955;84
10059,955;97
10060,955;105
10061,955;101
10062,955;10652
10063,955;2657
10064,955;91
10065,955;90
10066,955;92
10067,955;111
10068,955;10641
10069,955;2652
10070,955;103
10071,955;116
10072,955;95
10073,955;95
10074,955;10652
10075,955;2671
10076,955;86
10077,955;96
10078,955;106
10079,955;88
10080,955;10639
10081,955;2660
10082,955;100
10083,955;109
10084,955;106
10085,955;91
10086,955;10650
10087,955;2652
10088,955;102
10089,955;91
10090,955;88
10091,955;101
10092,955;10646
10093,955;2635
10094,955;95
10095,955;90
10096,955;95
10097,955;83
10098,955;10653
10099,955;2634
10100,955;77
10101,955;76
10103,436;97
10104,436;96
10105,436;10640
10106,436;2658
10107,436;102
10108,436;118
10109,436;88
10110,436;95
10111,436;10641
10112,436;2650
10113,436;96
10114,436;88
10115,436;91
10116,436;99
10117,436;10649
10118,436;2629
10119,436;90
10120,436;83
10121,436;94
10122,436;68
10123,436;10679
10124,436;2654
10125,436;86
10126,436;76
10127,436;97
10128,436;110
10129,436;10642
10130,436;2652
10131,436;105
10132,436;92
10133,436;76
10134,436;86
10135,436;10621
10136,436;2660
10137,436;99
10138,436;85
10139,436;104
10140,436;101
10141,436;10636
10142,436;2642
10143,436;81
10144,436;96
10145,436;90
10146,436;90
10147,436;10653
10148,436;2653
10149,436;108
10150,436;96
10151,436;86
10152,436;87
10153,436;10668
10154,436;2650
10155,436;77
10156,436;92
10157,436;98
10158,436;102
10159,436;10641
10160,436;2654
10161,436;76
10162,436;106
10163,436;96
10164,436;92
10165,436;10621
10166,436;2660
10167,436;89
10168,436;86
10169,436;97
10170,436;94
10171,436;10613
10172,436;2657
10173,436;105
10174,436;103
10175,436;92
10176,436;82
10177,436;10627
10178,436;2657
10179,436;76
10180,436;85
10181,436;100
10182,436;92
10183,436;10642
10184,436;2658
10185,436;81
10186,436;99
10187,436;91
10188,436;78
10189,436;10623
10190,436;2643
10191,436;92
10192,436;92
10193,436;95
10194,436;92
10195,436;10605
10196,436;2662
10197,436;83
10198,436;85
10199,436;104
10200,436;100
10201,436;10630
10202,436;2677
10203,436;83
10205,067;99
10206,067;82
10207,067;94
10208,067;10610
10209,067;2675
10210,067;92
10211,067;103
10212,067;103
10213,067;100
10214,067;10604
10215,067;2674
10216,067;82
10217,067;99
10218,067;90
10219,067;103
10220,067;10612
10221,067;2658
10222,067;71
10223,067;78
10224,067;83
10225,067;85
10226,067;10598
10227,067;2665
10228,067;86
10229,067;69
10230,067;107
10231,067;95
10232,067;10585
10233,067;2643
10234,067;76
10235,067;99
10236,067;106
10237,067;71
10238,067;10604
10239,067;2669
10240,067;77
10241,067;101
10242,067;78
10243,067;92
10244,067;10612
10245,067;2652
10246,067;76
10247,067;81
10248,067;81
10249,067;75
10250,067;10602
10251,067;2669
10252,067;81
10253,067;82
10254,067;82
10255,067;85
10256,067;10614
10257,067;2672
10258,067;81
10259,067;70
10260,067;94
10261,067;82
10262,067;10617
10263,067;2676
10264,067;59
10265,067;93
10266,067;90
10267,067;78
10268,067;10619
10269,067;2663
10270,067;72
10271,067;99
10272,067;87
10273,067;80
10274,067;10287
10275,067;2657
10276,067;96
10277,067;89
10278,067;79
10279,067;84
10280,067;10543
10281,067;2670
10282,067;86
10283,067;79
10284,067;75
10285,067;81
10286,067;10618
10287,067;2669
10288,067;62
10289,067;80
10290,067;85
10291,067;85
10292,067;10589
10293,067;2670
10294,067;73
10295,067;94
10296,067;99
10297,067;76
10298,067;10613
10299,067;2676
10300,067;90
10301,067;98
10302,067;101
10303,067;95
10304,067;10583
10305,067;2678
10305,067;84
10306,067;77
10307,067;98
10308,067;71
10309,067;10613
10310,067;2676
10311,067;110
10312,067;91
10313,067;84
10314,067;76
10315,067;10595
10316,067;2682
10317,067;89
10318,067;89
10319,067;101
10320,067;81
10321,067;10625
10322,067;2684
10323,067;84
10324,067;101
10325,067;69
10326,067;85
10327,067;10577
10328,067;2671
10329,067;87
10330,067;90
10331,067;86
10332,067;109
10333,067;10598
10334,067;2659
10335,067;83
10336,067;107
10337,067;106
10338,067;84
10339,067;10664
10340,067;2634
10341,067;76
10342,067;79
10343,067;89
10344,067;96
10345,067;10625
10346,067;2717
10347,067;76
10348,067;102
10349,067;84
10350,067;96
10351,067;10610
10352,067;2682
10353,067;74
10354,067;87
10355,067;110
10356,067;67
10357,067;10604
10358,067;2695
10359,067;96
10360,067;93
10361,067;87
10362,067;95
10363,067;10596
10364,067;2688
10365,067;89
10366,067;80
10367,067;103
10368,067;106
10369,067;10612
10370,067;2715
10371,067;72
10372,067;83
10373,067;90
10374,067;96
10375,067;10570
10376,067;2714
10377,067;79
10378,067;78
10379,067;85
10380,067;105
10381,067;10621
10382,067;2688
10383,067;94
10384,067;109
10385,067;91
10386,067;92
10387,067;10606
10388,067;2684
10389,067;91
10390,067;60
10391,067;98
10392,067;84
10393,067;10555
10394,067;2689
10395,067;87
10396,067;80
10397,067;109
10398,067;94
10399,067;10607
10400,067;2714
10401,067;99
10402,067;86
10403,067;102
10404,067;84
10405,067;10611
10406,008;2700
10407,008;69
10408,008;83
10409,008;120
10410,008;92
10411,008;10582
10412,008;2681
10413,008;74
10414,008;107
10415,008;106
10416,008;112
10417,008;10644
10418,008;2625
10419,008;86
10420,008;76
10421,008;80
10422,008;72
10423,008;10619
10424,008;2680
10425,008;91
10426,008;114
10427,008;94
10428,008;95
10429,008;10573
10430,008;2711
10431,008;81
10432,008;113
10433,008;84
10434,008;93
10435,008;10611
10436,008;2694
10437,008;93
10438,008;112
10439,008;98
10440,008;91
10441,008;10589
10442,008;2675
10443,008;91
10444,008;94
10445,008;101
10446,008;106
10447,008;10574
10448,008;2686
10449,008;93
10450,008;113
10451,008;99
10452,008;117
10453,008;10581
10454,008;2691
10455,008;83
10456,008;97
10457,008;98
10458,008;86
10459,008;10572
10460,008;2717
10461,008;97
10462,008;85
10463,008;97
10464,008;84
10465,008;10602
10466,008;2699
10467,008;106
10468,008;107
10469,008;99
10470,008;90
10471,008;10589
10472,008;2697
10473,008;73
10474,008;105
10475,008;88
10476,008;77
10477,008;10620
10478,008;2707
10479,008;80
10480,008;107
10481,008;102
10482,008;125
10483,008;10613
10484,008;2715
10485,008;97
10486,008;88
10487,008;119
10488,008;89
10489,008;10567
10490,008;2711
10491,008;90
10492,008;92
10493,008;99
10494,008;87
10495,008;10601
10496,008;2690
10497,008;88
10498,008;74
10499,008;88
10500,008;97
10501,008;10586
10502,008;2711
10503,008;85
10504,008;106
10505,008;117
10506,008;104
10506,217;10632
10507,217;2659
10508,217;100
10509,217;114
10510,217;101
10511,217;75
10512,217;10581
10513,217;2729
10514,217;73
10515,217;101
10516,217;100
10517,217;97
10518,217;10600
10519,217;2710
10520,217;115
10521,217;100
10522,217;98
10523,217;117
10524,217;10611
10525,217;2708
10526,217;77
10527,217;105
10528,217;114
10529,217;85
10530,217;10702
10531,217;2626
10532,217;96
10533,217;90
10534,217;95
10535,217;96
10536,217;10624
10537,217;2715
10538,217;97
10539,217;93
10540,217;89
10541,217;98
10542,217;10601
10543,217;2736
10544,217;100
10545,217;89
10546,217;96
10547,217;89
10548,217;10588
10549,217;2716
10550,217;95
10551,217;108
10552,217;99
10553,217;107
10554,217;10574
10555,217;2734
10556,217;74
10557,217;118
10558,217;107
10559,217;109
10560,217;10584
10561,217;2722
10562,217;80
10563,217;83
10564,217;97
10565,217;96
10566,217;10603
10567,217;2720
10568,217;88
10569,217;100
10570,217;81
10571,217;89
10572,217;10587
10573,217;2711
10574,217;61
10575,217;89
10576,217;85
10577,217;117
10578,217;10565
10579,217;2732
10580,217;93
10581,217;92
10582,217;86
10583,217;106
10584,217;10231
10585,217;2730
10586,217;96
10587,217;94
10588,217;80
10589,217;102
10590,217;10582
10591,217;2662
10592,217;85
10593,217;84
10594,217;109
10595,217;99
10596,217;10559
10597,217;2720
10598,217;85
10599,217;95
10600,217;108
10601,217;94
10602,217;10594
10603,217;2699
10604,217;78
10605,217;94
10606,217;96
10607,668;92
10608,668;10565
10609,668;2715
10610,668;86
10611,668;80
10612,668;98
10613,668;98
10614,668;10634
10615,668;2667
10616,668;89
10617,668;79
10618,668;102
10619,668;101
10620,668;10554
10621,668;2735
10622,668;84
10623,668;123
10624,668;97
10625,668;105
10626,668;10569
10627,668;2733
10628,668;96
10629,668;109
10630,668;113
10631,668;98
10632,668;10568
10633,668;2749
10634,668;104
10635,668;101
10636,668;95
10637,668;91
10638,668;10574
10639,668;2719
10640,668;101
10641,668;113
10642,668;95
10643,668;86
10644,668;10575
10645,668;2709
10646,668;90
10647,668;90
10648,668;104
10649,668;99
10650,668;10569
10651,668;2708
10652,668;79
10653,668;97
10654,668;103
10655,668;96
10656,668;10546
10657,668;2723
10658,668;90
10659,668;101
10660,668;79
10661,668;97
10662,668;10565
10663,668;2727
10664,668;90
10665,668;105
10666,668;104
10667,668;70
10668,668;10572
10669,668;2726
10670,668;102
10671,668;95
10672,668;82
10673,668;84
10674,668;10541
10675,668;2736
10676,668;106
10677,668;95
10678,668;101
10679,668;102
10680,668;10564
10681,668;2731
10682,668;97
10683,668;104
10684,668;85
10685,668;94
10686,668;10543
10687,668;2732
10688,668;92
10689,668;109
10690,668;106
10691,668;102
10692,668;10525
10693,668;2732
10694,668;87
10695,668;104
10696,668;84
10697,668;102
10698,668;10564
10699,668;2745
10700,668;99
10701,668;94
10702,668;112
10703,668;96
10704,668;10537
10705,668;2731
10706,668;95
10707,668;83
10708,766;88
10709,766;103
10710,766;10557
10711,766;2741
10712,766;83
10713,766;97
10714,766;101
10715,766;98
10716,766;10536
10717,766;2731
10718,766;83
10719,766;83
10720,766;79
10721,766;84
10722,766;10551
10723,766;2734
10724,766;100
10725,766;84
10726,766;93
10727,766;86
10728,766;10532
10729,766;2751
10730,766;97
10731,766;109
10732,766;87
10733,766;96
10734,766;10542
10735,766;2750
10736,766;99
10737,766;93
10738,766;94
10739,766;89
10740,766;10546
10741,766;2734
10742,766;91
10743,766;96
10744,766;109
10745,766;74
10746,766;10552
10747,766;2739
10748,766;77
10749,766;85
10750,766;85
10751,766;97
10752,766;10558
10753,766;2743
10754,766;99
10755,766;77
10756,766;99
10757,766;91
10758,766;10549
10759,766;2745
10760,766;97
10761,766;83
10762,766;94
10763,766;105
10764,766;10555
10765,766;2741
10766,766;102
10767,766;94
10768,766;88
10769,766;105
10770,766;10536
10771,766;2748
10772,766;83
10773,766;96
10774,766;103
10775,766;98
10776,766;10545
10777,766;2742
10778,766;69
10779,766;85
10780,766;90
10781,766;97
10782,766;10537
10783,766;2750
10784,766;104
10785,766;85
10786,766;87
10787,766;103
10788,766;10530
10789,766;2751
10790,766;90
10791,766;90
10792,766;95
10793,766;109
10794,766;10537
10795,766;2764
10796,766;89
10797,766;90
10798,766;84
10799,766;95
10800,766;10544
10801,766;2753
10802,766;67
10803,766;94
10804,766;111
10805,766;102
10806,766;10516
10807,766;2776
10808,766;95
10810,766;103
10811,766;97
10812,766;105
10813,766;10557
10814,766;2737
10815,766;92
10816,766;87
10817,766;105
10818,766;84
10819,766;10644
10820,766;2667
10821,766;84
10822,766;79
10823,766;98
10824,766;109
10825,766;10529
10826,766;2773
10827,766;91
10828,766;86
10829,766;74
10830,766;99
10831,766;10538
10832,766;2764
10833,766;69
10834,766;95
10835,766;83
10836,766;86
10837,766;10538
10838,766;2750
10839,766;83
10840,766;90
10841,766;86
10842,766;102
10843,766;10539
10844,766;2770
10845,766;78
10846,766;81
10847,766;96
10848,766;86
10849,766;10509
10850,766;2754
10851,766;65
10852,766;100
10853,766;83
10854,766;104
10855,766;10550
10856,766;2753
10857,766;84
10858,766;87
10859,766;74
10860,766;90
10861,766;10506
10862,766;2757
10863,766;78
10864,766;79
10865,766;92
10866,766;100
10867,766;10541
10868,766;2749
10869,766;85
10870,766;82
10871,766;83
10872,766;83
10873,766;10511
10874,766;2761
10875,766;80
10876,766;79
10877,766;78
10878,766;86
10879,766;10520
10880,766;2745
10881,766;71
10882,766;84
10883,766;74
10884,766;99
10885,766;10525
10886,766;2762
10887,766;75
10888,766;75
10889,766;97
10890,766;78
10891,766;10518
10892,766;2757
10893,766;81
10894,766;77
10895,766;76
10896,766;61
10897,766;10194
10898,766;2773
10899,766;89
10900,766;68
10901,766;55
10902,766;77
10903,766;10466
10904,766;2748
10905,766;66
10906,766;85
10907,766;100
10908,766;79
10909,766;10501
10910,766;2755
10911,08;86
10912,08;83
10913,08;79
10914,08;98
10915,08;10486
10916,08;2771
10917,08;87
10918,08;90
10919,08;85
10920,08;93
10921,08;10553
10922,08;2761
10923,08;93
10924,08;83
10925,08;85
10926,08;97
10927,08;10517
10928,08;2752
10929,08;72
10930,08;87
10931,08;65
10932,08;88
10933,08;10453
10934,08;2750
10935,08;85
10936,08;90
10937,08;99
10938,08;91
10939,08;10509
10940,08;2769
10941,08;92
10942,08;82
10943,08;83
10944,08;90
10945,08;10514
10946,08;2766
10947,08;99
10948,08;80
10949,08;76
10950,08;89
10951,08;10524
10952,08;2755
10953,08;78
10954,08;92
10955,08;113
10956,08;103
10957,08;10531
10958,08;2778
10959,08;85
10960,08;68
10961,08;91
10962,08;86
10963,08;10522
10964,08;2770
10965,08;75
10966,08;88
10967,08;92
10968,08;105
10969,08;10488
10970,08;2782
10971,08;85
10972,08;82
10973,08;99
10974,08;89
10975,08;10530
10976,08;2784
10977,08;82
10978,08;83
10979,08;97
10980,08;83
10981,08;10544
10982,08;2763
10983,08;76
10984,08;100
10985,08;82
10986,08;97
10987,08;10480
10988,08;2782
10989,08;82
10990,08;88
10991,08;101
10992,08;103
10993,08;10498
10994,08;2777
10995,08;85
10996,08;99
10997,08;90
10998,08;85
10999,08;10514
11000,08;2794
11001,08;90
11002,08;92
11003,08;93
11004,08;108
11005,08;10493
11006,08;2779
11007,08;80
11008,08;80
11009,08;98
11010,08;91
11011,08;10531
11012,154;2793
11013,154;93
11014,154;101
11015,154;107
11016,154;96
11017,154;10562
11018,154;2764
11019,154;85
11020,154;83
11021,154;89
11022,154;94
11023,154;10502
11024,154;2774
11025,154;71
11026,154;93
11027,154;105
11028,154;114
11029,154;10537
11030,154;2787
11031,154;81
11032,154;109
11033,154;93
11034,154;83
11035,154;10498
11036,154;2771
11037,154;91
11038,154;85
11039,154;91
11040,154;98
11041,154;10536
11042,154;2780
11043,154;97
11044,154;96
11045,154;91
11046,154;95
11047,154;10492
11048,154;2793
11049,154;74
11050,154;84
11051,154;91
11052,154;100
11053,154;10522
11054,154;2803
11055,154;100
11056,154;95
11057,154;104
11058,154;96
11059,154;10500
11060,154;2797
11061,154;98
11062,154;109
11063,154;106
11064,154;86
11065,154;10486
11066,154;2765
11067,154;95
11068,154;76
11069,154;113
11070,154;108
11071,154;10485
11072,154;2786
11073,154;84
11074,154;86
11075,154;101
11076,154;92
11077,154;10503
11078,154;2783
11079,154;95
11080,154;111
11081,154;101
11082,154;107
11083,154;10478
11084,154;2803
11085,154;84
11086,154;98
11087,154;103
11088,154;88
11089,154;10514
11090,154;2794
11091,154;84
11092,154;98
11093,154;102
11094,154;95
11095,154;10514
11096,154;2812
11097,154;105
11098,154;97
11099,154;88
11100,154;117
11101,154;10492
11102,154;2770
11103,154;97
11104,154;88
11105,154;112
11106,154;104
11107,154;10525
11108,154;2801
11109,154;79
11110,154;94
11111,154;111
11112,154;83
11113,018;10480
11114,018;2786
11115,018;66
11116,018;78
11117,018;104
11118,018;100
11119,018;10489
11120,018;2796
11121,018;88
11122,018;94
11123,018;100
11124,018;90
11125,018;10495
11126,018;2790
11127,018;90
11128,018;91
11129,018;107
11130,018;91
11131,018;10477
11132,018;2812
11133,018;78
11134,018;99
11135,018;105
11136,018;84
11137,018;10520
11138,018;2791
11139,018;77
11140,018;85
11141,018;117
11142,018;109
11143,018;10569
11144,018;2757
11145,018;87
11146,018;99
11147,018;98
11148,018;99
11149,018;10471
11150,018;2821
11151,018;89
11152,018;99
11153,018;111
11154,018;113
11155,018;10461
11156,018;2812
11157,018;79
11158,018;94
11159,018;94
11160,018;116
11161,018;10484
11162,018;2812
11163,018;87
11164,018;98
11165,018;100
11166,018;120
11167,018;10481
11168,018;2806
11169,018;103
11170,018;91
11171,018;91
11172,018;110
11173,018;10477
11174,018;2814
11175,018;85
11176,018;106
11177,018;95
11178,018;97
11179,018;10512
11180,018;2803
11181,018;92
11182,018;105
11183,018;111
11184,018;97
11185,018;10475
11186,018;2810
11187,018;86
11188,018;100
11189,018;92
11190,018;98
11191,018;10486
11192,018;2830
11193,018;98
11194,018;85
11195,018;91
11196,018;92
11197,018;10497
11198,018;2797
11199,018;106
11200,018;105
11201,018;96
11202,018;115
11203,018;10469
11204,018;2815
11205,018;91
11206,018;89
11207,018;114
11208,018;92
11209,018;10150
11210,018;2816
11211,018;76
11212,018;112
11213,018;97
11213,89;107
11214,89;10409
11215,89;2823
11216,89;92
11217,89;113
11218,89;90
11219,89;116
11220,89;10488
11221,89;2807
11222,89;102
11223,89;100
11224,89;105
11225,89;95
11226,89;10502
11227,89;2824
11228,89;107
11229,89;103
11230,89;103
11231,89;97
11232,89;10465
11233,89;2823
11234,89;97
11235,89;97
11236,89;100
11237,89;105
11238,89;10476
11239,89;2818
11240,89;114
11241,89;91
11242,89;90
11243,89;83
11244,89;10465
11245,89;2795
11246,89;87
11247,89;87
11248,89;94
11249,89;100
11250,89;10478
11251,89;2846
11252,89;87
11253,89;79
11254,89;90
11255,89;109
11256,89;10498
11257,89;2806
11258,89;111
11259,89;87
11260,89;91
11261,89;110
11262,89;10476
11263,89;2814
11264,89;78
11265,89;108
11266,89;96
11267,89;99
11268,89;10456
11269,89;2814
11270,89;112
11271,89;101
11272,89;109
11273,89;102
11274,89;10491
11275,89;2817
11276,89;97
11277,89;103
11278,89;91
11279,89;100
11280,89;10494
11281,89;2832
11282,89;93
11283,89;99
11284,89;120
11285,89;87
11286,89;10457
11287,89;2800
11288,89;79
11289,89;100
11290,89;99
11291,89;104
11292,89;10458
11293,89;2842
11294,89;89
11295,89;99
11296,89;112
11297,89;119
11298,89;10452
11299,89;2824
11300,89;94
11301,89;111
11302,89;109
11303,89;103
11304,89;10488
11305,89;2844
11306,89;85
11307,89;92
11308,89;104
11309,89;94
11310,89;10464
11311,89;2807
11312,89;92
11313,89;86
11316,267;108
11317,267;85
11318,267;10448
11319,267;2840
11320,267;106
11321,267;96
11322,267;114
11323,267;104
11324,267;10456
11325,267;2818
11326,267;94
11327,267;111
11328,267;99
11329,267;92
11330,267;10462
11331,267;2805
11332,267;96
11333,267;77
11334,267;100
11335,267;113
11336,267;10440
11337,267;2795
11338,267;87
11339,267;101
11340,267;100
11341,267;95
11342,267;10468
11343,267;2848
11344,267;77
11345,267;78
11346,267;103
11347,267;118
11348,267;10449
11349,267;2828
11350,267;97
11351,267;83
11352,267;95
11353,267;88
11354,267;10461
11355,267;2822
11356,267;94
11357,267;84
11358,267;90
11359,267;96
11360,267;10484
11361,267;2863
11362,267;87
11363,267;99
11364,267;107
11365,267;91
11366,267;10442
11367,267;2825
11368,267;91
11369,267;80
11370,267;92
11371,267;98
11372,267;10466
11373,267;2826
11374,267;91
11375,267;96
11376,267;95
11377,267;88
11378,267;10466
11379,267;2848
11380,267;82
11381,267;96
11382,267;118
11383,267;89
11384,267;10468
11385,267;2829
11386,267;92
11387,267;104
11388,267;98
11389,267;103
11390,267;10455
11391,267;2845
11392,267;91
11393,267;94
11394,267;90
11395,267;110
11396,267;10441
11397,267;2835
11398,267;93
11399,267;93
11400,267;81
11401,267;88
11402,267;10488
11403,267;2818
11404,267;99
11405,267;101
11406,267;106
11407,267;103
11408,267;10468
11409,267;2850
11410,267;97
11411,267;92
11412,267;72
11413,267;77
11414,267;10456
11415,267;2841
11416,267;83
11415,267;85
11416,267;77
11417,267;94
11418,267;10438
11419,267;2842
11420,267;77
11421,267;105
11422,267;87
11423,267;94
11424,267;10461
11425,267;2831
11426,267;81
11427,267;105
11428,267;93
11429,267;96
11430,267;10453
11431,267;2845
11432,267;89
11433,267;101
11434,267;71
11435,267;92
11436,267;10428
11437,267;2821
11438,267;87
11439,267;84
11440,267;94
11441,267;100
11442,267;10437
11443,267;2828
11444,267;86
11445,267;105
11446,267;97
11447,267;92
11448,267;10430
11449,267;2828
11450,267;73
11451,267;94
11452,267;88
11453,267;92
11454,267;10457
11455,267;2839
11456,267;82
11457,267;107
11458,267;105
11459,267;84
11460,267;10437
11461,267;2832
11462,267;86
11463,267;80
11464,267;97
11465,267;98
11466,267;10447
11467,267;2835
11468,267;75
11469,267;88
11470,267;82
11471,267;82
11472,267;10410
11473,267;2833
11474,267;90
11475,267;96
11476,267;87
11477,267;89
11478,267;10429
11479,267;2840
11480,267;86
11481,267;103
11482,267;79
11483,267;95
11484,267;10431
11485,267;2836
11486,267;76
11487,267;93
11488,267;92
11489,267;94
11490,267;10455
11491,267;2840
11492,267;81
11493,267;74
11494,267;68
11495,267;80
11496,267;10428
11497,267;2831
11498,267;70
11499,267;95
11500,267;86
11501,267;75
11502,267;10398
11503,267;2849
11504,267;71
11505,267;60
11506,267;79
11507,267;71
11508,267;10400
11509,267;2850
11510,267;79
11511,267;67
11512,267;78
11513,267;84
11514,267;10396
11515,267;2846
11517,13;75
11518,13;68
11519,13;74
11520,13;79
11521,13;10089
11522,13;2827
11523,13;77
11524,13;94
11525,13;66
11526,13;83
11527,13;10343
11528,13;2850
11529,13;90
11530,13;65
11531,13;86
11532,13;108
11533,13;10382
11534,13;2843
11535,13;85
11536,13;88
11537,13;82
11538,13;94
11539,13;10410
11540,13;2855
11541,13;78
11542,13;84
11543,13;99
11544,13;109
11545,13;10416
11546,13;2852
11547,13;87
11548,13;82
11549,13;98
11550,13;101
11551,13;10400
11552,13;2854
11553,13;84
11554,13;84
11555,13;76
11556,13;88
11557,13;10423
11558,13;2859
11559,13;93
11560,13;86
11561,13;76
11562,13;98
11563,13;10417
11564,13;2841
11565,13;72
11566,13;95
11567,13;92
11568,13;90
11569,13;10432
11570,13;2847
11571,13;70
11572,13;82
11573,13;96
11574,13;99
11575,13;10447
11576,13;2852
11577,13;97
11578,13;86
11579,13;72
11580,13;97
11581,13;10409
11582,13;2854
11583,13;82
11584,13;91
11585,13;101
11586,13;98
11587,13;10396
11588,13;2854
11589,13;79
11590,13;90
11591,13;87
11592,13;106
11593,13;10392
11594,13;2854
11595,13;95
11596,13;101
11597,13;86
11598,13;86
11599,13;10417
11600,13;2850
11601,13;82
11602,13;109
11603,13;107
11604,13;86
11605,13;10430
11606,13;2860
11607,13;95
11608,13;93
11609,13;85
11610,13;79
11611,13;10421
11612,13;2872
11613,13;80
11614,13;95
11615,13;95
11616,13;112
11617,13;10426
11617,19;2863
11618,19;74
11619,19;99
11620,19;119
11621,19;81
11622,19;10423
11623,19;2858
11624,19;69
11625,19;107
11626,19;79
11627,19;103
11628,19;10426
11629,19;2873
11630,19;91
11631,19;72
11632,19;88
11633,19;84
11634,19;10399
11635,19;2870
11636,19;90
11637,19;94
11638,19;106
11639,19;90
11640,19;10405
11641,19;2872
11642,19;74
11643,19;77
11644,19;92
11645,19;90
11646,19;10398
11647,19;2880
11648,19;87
11649,19;87
11650,19;90
11651,19;99
11652,19;10472
11653,19;2813
11654,19;79
11655,19;84
11656,19;89
11657,19;102
11658,19;10399
11659,19;2876
11660,19;80
11661,19;76
11662,19;102
11663,19;114
11664,19;10436
11665,19;2865
11666,19;97
11667,19;93
11668,19;97
11669,19;116
11670,19;10390
11671,19;2875
11672,19;114
11673,19;102
11674,19;89
11675,19;109
11676,19;10405
11677,19;2866
11678,19;80
11679,19;84
11680,19;103
11681,19;89
11682,19;10443
11683,19;2891
11684,19;88
11685,19;74
11686,19;113
11687,19;98
11688,19;10409
11689,19;2895
11690,19;98
11691,19;100
11692,19;115
11693,19;100
11694,19;10389
11695,19;2887
11696,19;95
11697,19;91
11698,19;82
11699,19;102
11700,19;10405
11701,19;2873
11702,19;73
11703,19;99
11704,19;104
11705,19;100
11706,19;10410
11707,19;2874
11708,19;86
11709,19;103
11710,19;92
11711,19;90
11712,19;10381
11713,19;2858
11714,19;79
11715,19;88
11716,19;102
11717,19;90
11719,405;10392
11720,405;2887
11721,405;108
11722,405;85
11723,405;98
11724,405;101
11725,405;10389
11726,405;2878
11727,405;69
11728,405;88
11729,405;86
11730,405;109
11731,405;10398
11732,405;2899
11733,405;93
11734,405;87
11735,405;90
11736,405;111
11737,405;10390
11738,405;2893
11739,405;97
11740,405;103
11741,405;111
11742,405;92
11743,405;10426
11744,405;2878
11745,405;99
11746,405;99
11747,405;97
11748,405;102
11749,405;10412
11750,405;2888
11751,405;94
11752,405;93
11753,405;108
11754,405;108
11755,405;10401
11756,405;2898
11757,405;84
11758,405;94
11759,405;99
11760,405;110
11761,405;10427
11762,405;2900
11763,405;99
11764,405;97
11765,405;79
11766,405;80
11767,405;10411
11768,405;2890
11769,405;105
11770,405;100
11771,405;105
11772,405;85
11773,405;10423
11774,405;2896
11775,405;82
11776,405;87
11777,405;89
11778,405;113
11779,405;10426
11780,405;2886
11781,405;97
11782,405;101
11783,405;102
11784,405;75
11785,405;10399
11786,405;2890
11787,405;76
11788,405;99
11789,405;99
11790,405;125
11791,405;10418
11792,405;2887
11793,405;83
11794,405;88
11795,405;101
11796,405;104
11797,405;10411
11798,405;2902
11799,405;97
11800,405;104
11801,405;99
11802,405;95
11803,405;10427
11804,405;2896
11805,405;100
11806,405;81
11807,405;102
11808,405;105
11809,405;10387
11810,405;2892
11811,405;82
11812,405;114
11813,405;93
11814,405;88
11815,405;10386
11816,405;2888
11817,405;78
11818,405;85
11819,405;108
11819,53;95
11820,53;10435
11821,53;2909
11822,53;91
11823,53;93
11824,53;85
11825,53;104
11826,53;10418
11827,53;2878
11828,53;81
11829,53;110
11830,53;104
11831,53;96
11832,53;10032
11833,53;2920
11834,53;91
11835,53;98
11836,53;103
11837,53;107
11838,53;10337
11839,53;2913
11840,53;78
11841,53;96
11842,53;108
11843,53;98
11844,53;10380
11845,53;2897
11846,53;81
11847,53;89
11848,53;84
11849,53;119
11850,53;10377
11851,53;2901
11852,53;98
11853,53;94
11854,53;101
11855,53;82
11856,53;10406
11857,53;2919
11858,53;96
11859,53;102
11860,53;75
11861,53;95
11862,53;10406
11863,53;2901
11864,53;86
11865,53;92
11866,53;99
11867,53;83
11868,53;10385
11869,53;2887
11870,53;84
11871,53;97
11872,53;109
11873,53;82
11874,53;10371
11875,53;2909
11876,53;113
11877,53;85
11878,53;94
11879,53;93
11880,53;10408
11881,53;2927
11882,53;103
11883,53;102
11884,53;117
11885,53;87
11886,53;10377
11887,53;2910
11888,53;82
11889,53;91
11890,53;103
11891,53;107
11892,53;10381
11893,53;2908
11894,53;71
11895,53;108
11896,53;103
11897,53;117
11898,53;10355
11899,53;2933
11900,53;89
11901,53;94
11902,53;99
11903,53;101
11904,53;10383
11905,53;2909
11906,53;85
11907,53;99
11908,53;84
11909,53;96
11910,53;10371
11911,53;2909
11912,53;82
11913,53;84
11914,53;104
11915,53;85
11916,53;10416
11917,53;2917
11918,53;83
11919,53;80
11920,53;91
11921,53;95
11922,53;10358
11923,53;2943
11924,53;74
11925,53;107
11926,53;107
11927,53;99
11928,53;10374
11929,53;2905
11930,53;88
11931,53;89
11932,53;100
11933,53;115
11934,53;10370
11935,53;2934
11936,53;86
11937,53;103
11938,53;104
11939,53;93
11940,53;10354
11941,53;2907
11942,53;93
11943,53;104
11944,53;92
11945,53;93
11946,53;10345
11947,53;2930
11948,53;94
11949,53;78
11950,53;115
11951,53;76
11952,53;10373
11953,53;2929
11954,53;88
11955,53;82
11956,53;94
11957,53;91
11958,53;10398
11959,53;2911
11960,53;102
11961,53;96
11962,53;85
11963,53;104
11964,53;10345
11965,53;2910
11966,53;91
11967,53;96
11968,53;89
11969,53;101
11970,53;10357
11971,53;2904
11972,53;75
11973,53;92
11974,53;97
11975,53;104
11976,53;10358
11977,53;2933
11978,53;88
11979,53;109
11980,53;88
11981,53;98
11982,53;10388
11983,53;2918
11984,53;95
11985,53;98
11986,53;95
11987,53;95
11988,53;10329
11989,53;2909
11990,53;90
11991,53;104
11992,53;76
11993,53;84
11994,53;10376
11995,53;2911
11996,53;86
11997,53;85
11998,53;87
11999,53;88
12000,53;10335
12001,53;2930
12002,53;95
12003,53;112
12004,53;95
12005,53;95
12006,53;10342
12007,53;2919
12008,53;76
12009,53;82
12010,53;81
12011,53;90
12012,53;10322
12013,53;2931
12014,53;80
12015,53;94
12016,53;78
12017,53;118
12018,53;10356
12019,53;2913
12020,53;91
12021,959;92
12022,959;90
12023,959;94
12024,959;10390
12025,959;2894
12026,959;94
12027,959;106
12028,959;92
12029,959;93
12030,959;10363
12031,959;2919
12032,959;95
12033,959;104
12034,959;86
12035,959;82
12036,959;10358
12037,959;2914
12038,959;78
12039,959;79
12040,959;105
12041,959;94
12042,959;10355
12043,959;2915
12044,959;87
12045,959;97
12046,959;91
12047,959;83
12048,959;10348
12049,959;2949
12050,959;86
12051,959;97
12052,959;104
12053,959;111
12054,959;10319
12055,959;2913
12056,959;80
12057,959;73
12058,959;81
12059,959;93
12060,959;10381
12061,959;2941
12062,959;99
12063,959;88
12064,959;94
12065,959;113
12066,959;10351
12067,959;2930
12068,959;99
12069,959;82
12070,959;107
12071,959;98
12072,959;10321
12073,959;2941
12074,959;83
12075,959;96
12076,959;80
12077,959;88
12078,959;10339
12079,959;2933
12080,959;98
12081,959;72
12082,959;83
12083,959;95
12084,959;10317
12085,959;2929
12086,959;81
12087,959;89
12088,959;87
12089,959;92
12090,959;10333
12091,959;2931
12092,959;74
12093,959;76
12094,959;94
12095,959;88
12096,959;10348
12097,959;2906
12098,959;74
12099,959;83
12100,959;95
12101,959;89
12102,959;10342
12103,959;2928
12104,959;81
12105,959;87
12106,959;100
12107,959;92
12108,959;10318
12109,959;2939
12110,959;86
12111,959;86
12112,959;111
12113,959;99
12114,959;10327
12115,959;2926
12116,959;93
12117,959;94
12118,959;92
12119,959;72
12120,959;10331
12121,959;2948
12122,263;75
12123,263;89
12124,263;92
12125,263;73
12126,263;10331
12127,263;2947
12128,263;83
12129,263;77
12130,263;73
12131,263;72
12132,263;10349
12133,263;2929
12134,263;85
12135,263;63
12136,263;89
12137,263;89
12138,263;10350
12139,263;2916
12140,263;79
12141,263;94
12142,263;71
12143,263;95
12144,263;9974
12145,263;2948
12146,263;75
12147,263;62
12148,263;86
12149,263;86
12150,263;10232
12151,263;2964
12152,263;86
12153,263;71
12154,263;82
12155,263;90
12156,263;10297
12157,263;2960
12158,263;84
12159,263;91
12160,263;72
12161,263;73
12162,263;10288
12163,263;2943
12164,263;82
12165,263;89
12166,263;85
12167,263;85
12168,263;10307
12169,263;2951
12170,263;90
12171,263;65
12172,263;70
12173,263;88
12174,263;10338
12175,263;2960
12176,263;68
12177,263;94
12178,263;70
12179,263;70
12180,263;10329
12181,263;2935
12182,263;76
12183,263;88
12184,263;100
12185,263;81
12186,263;10358
12187,263;2943
12188,263;79
12189,263;76
12190,263;95
12191,263;74
12192,263;10325
12193,263;2941
12194,263;77
12195,263;87
12196,263;87
12197,263;102
12198,263;10336
12199,263;2971
12200,263;89
12201,263;83
12202,263;94
12203,263;81
12204,263;10294
12205,263;2943
12206,263;83
12207,263;81
12208,263;90
12209,263;92
12210,263;10306
12211,263;2939
12212,263;86
12213,263;91
12214,263;89
12215,263;88
12216,263;10352
12217,263;2951
12218,263;91
12219,263;89
12220,263;101
12221,263;112
12222,263;10324
12223,645;2949
12224,645;96
12225,645;92
12226,645;97
12227,645;95
12228,645;10288
12229,645;2955
12230,645;90
12231,645;88
12232,645;99
12233,645;99
12234,645;10315
12235,645;2941
12236,645;80
12237,645;101
12238,645;87
12239,645;90
12240,645;10364
12241,645;2946
12242,645;82
12243,645;102
12244,645;97
12245,645;114
12246,645;10289
12247,645;2971
12248,645;94
12249,645;84
12250,645;93
12251,645;94
12252,645;10322
12253,645;2964
12254,645;75
12255,645;110
12256,645;95
12257,645;101
12258,645;10282
12259,645;2960
12260,645;96
12261,645;78
12262,645;98
12263,645;98
12264,645;10331
12265,645;2950
12266,645;77
12267,645;97
12268,645;105
12269,645;96
12270,645;10277
12271,645;2965
12272,645;87
12273,645;88
12274,645;104
12275,645;105
12276,645;10294
12277,645;2954
12278,645;94
12279,645;112
12280,645;119
12281,645;103
12282,645;10322
12283,645;2959
12284,645;111
12285,645;85
12286,645;102
12287,645;90
12288,645;10313
12289,645;2984
12290,645;85
12291,645;77
12292,645;102
12293,645;84
12294,645;10330
12295,645;2980
12296,645;82
12297,645;87
12298,645;99
12299,645;92
12300,645;10294
12301,645;2965
12302,645;90
12303,645;93
12304,645;82
12305,645;98
12306,645;10296
12307,645;2974
12308,645;89
12309,645;88
12310,645;88
12311,645;81
12312,645;10300
12313,645;2956
12314,645;92
12315,645;107
12316,645;87
12317,645;96
12318,645;10309
12319,645;2982
12320,645;79
12321,645;96
12322,645;94
12323,645;108
12324,566;10307
12325,566;2966
12326,566;89
12327,566;109
12328,566;100
12329,566;75
12330,566;10285
12331,566;2969
12332,566;102
12333,566;101
12334,566;96
12335,566;84
12336,566;10278
12337,566;2963
12338,566;94
12339,566;94
12340,566;109
12341,566;97
12342,566;10395
12343,566;2905
12344,566;81
12345,566;98
12346,566;89
12347,566;101
12348,566;10307
12349,566;2960
12350,566;98
12351,566;101
12352,566;88
12353,566;101
12354,566;10315
12355,566;2969
12356,566;68
12357,566;80
12358,566;94
12359,566;111
12360,566;10265
12361,566;2957
12362,566;85
12363,566;84
12364,566;110
12365,566;105
12366,566;10265
12367,566;2981
12368,566;86
12369,566;93
12370,566;85
12371,566;112
12372,566;10295
12373,566;2959
12374,566;92
12375,566;109
12376,566;96
12377,566;91
12378,566;10313
12379,566;2980
12380,566;82
12381,566;72
12382,566;104
12383,566;125
12384,566;10377
12385,566;2946
12386,566;79
12387,566;91
12388,566;98
12389,566;84
12390,566;10318
12391,566;2986
12392,566;95
12393,566;102
12394,566;96
12395,566;94
12396,566;10344
12397,566;2967
12398,566;86
12399,566;83
12400,566;101
12401,566;88
12402,566;10316
12403,566;3004
12404,566;97
12405,566;101
12406,566;94
12407,566;110
12408,566;10308
12409,566;2992
12410,566;96
12411,566;87
12412,566;101
12413,566;103
12414,566;10311
12415,566;3008
12416,566;101
12417,566;109
12418,566;100
12419,566;104
12420,566;10316
12421,566;2971
12422,566;90
12423,566;109
12424,566;106
12425,566;91
12426,566;10278
12427,566;2971
12428,566;86
12429,566;106
12430,566;106
12431,566;88
12432,566;10325
12433,566;3010
12434,566;118
12435,566;93
12436,566;96
12437,566;112
12438,566;10295
12439,566;2999
12440,566;98
12441,566;95
12442,566;108
12443,566;95
12444,566;10322
12445,566;2993
12446,566;83
12447,566;93
12448,566;93
12449,566;87
12450,566;10320
12451,566;2991
12452,566;87
12453,566;94
12454,566;92
12455,566;97
12456,566;9931
12457,566;2975
12458,566;115
12459,566;90
12460,566;93
12461,566;104
12462,566;10243
12463,566;2997
12464,566;98
12465,566;101
12466,566;98
12467,566;99
12468,566;10275
12469,566;2981
12470,566;91
12471,566;83
12472,566;107
12473,566;99
12474,566;10251
12475,566;2990
12476,566;78
12477,566;109
12478,566;112
12479,566;102
12480,566;10309
12481,566;2990
12482,566;96
12483,566;94
12484,566;94
12485,566;80
12486,566;10325
12487,566;3016
12488,566;76
12489,566;99
12490,566;114
12491,566;118
12492,566;10276
12493,566;3004
12494,566;82
12495,566;95
12496,566;93
12497,566;117
12498,566;10322
12499,566;2992
12500,566;93
12501,566;89
12502,566;119
12503,566;87
12504,566;10269
12505,566;2996
12506,566;94
12507,566;99
12508,566;92
12509,566;94
12510,566;10277
12511,566;2996
12512,566;90
12513,566;107
12514,566;103
12515,566;108
12516,566;10322
12517,566;2937
12518,566;94
12519,566;102
12520,566;87
12521,566;103
12522,566;10376
12523,566;2926
12524,566;93
12525,566;95
12527,454;102
12528,454;103
12529,454;10312
12530,454;3012
12531,454;106
12532,454;78
12533,454;112
12534,454;111
12535,454;10265
12536,454;2991
12537,454;110
12538,454;88
12539,454;89
12540,454;93
12541,454;10310
12542,454;2996
12543,454;91
12544,454;69
12545,454;82
12546,454;84
12547,454;10284
12548,454;3000
12549,454;87
12550,454;97
12551,454;101
12552,454;119
12553,454;10311
12554,454;2996
12555,454;79
12556,454;100
12557,454;101
12558,454;97
12559,454;10304
12560,454;3008
12561,454;105
12562,454;100
12563,454;123
12564,454;98
12565,454;10270
12566,454;3004
12567,454;104
12568,454;99
12569,454;81
12570,454;121
12571,454;10254
12572,454;3020
12573,454;102
12574,454;94
12575,454;98
12576,454;95
12577,454;10297
12578,454;2992
12579,454;86
12580,454;84
12581,454;93
12582,454;84
12583,454;10292
12584,454;3009
12585,454;83
12586,454;72
12587,454;98
12588,454;100
12589,454;10266
12590,454;3005
12591,454;94
12592,454;101
12593,454;97
12594,454;101
12595,454;10270
12596,454;3013
12597,454;98
12598,454;99
12599,454;97
12600,454;92
12601,454;10278
12602,454;3022
12603,454;85
12604,454;82
12605,454;85
12606,454;87
12607,454;10264
12608,454;2994
12609,454;72
12610,454;89
12611,454;98
12612,454;97
12613,454;10282
12614,454;3008
12615,454;98
12616,454;80
12617,454;87
12618,454;100
12619,454;10250
12620,454;3017
12621,454;90
12622,454;113
12623,454;84
12624,454;82
12625,454;10256
12626,454;3014
12627,454;79
12627,58;98
12628,58;79
12629,58;90
12630,58;10259
12631,58;3025
12632,58;83
12633,58;78
12634,58;72
12635,58;93
12636,58;10238
12637,58;3005
12638,58;79
12639,58;104
12640,58;114
12641,58;91
12642,58;10246
12643,58;2996
12644,58;83
12645,58;95
12646,58;99
12647,58;86
12648,58;10240
12649,58;3011
12650,58;88
12651,58;88
12652,58;81
12653,58;103
12654,58;10250
12655,58;3035
12656,58;81
12657,58;85
12658,58;85
12659,58;89
12660,58;10291
12661,58;3021
12662,58;79
12663,58;83
12664,58;90
12665,58;87
12666,58;10274
12667,58;3024
12668,58;82
12669,58;100
12670,58;92
12671,58;90
12672,58;10265
12673,58;3020
12674,58;78
12675,58;94
12676,58;94
12677,58;95
12678,58;10271
12679,58;3026
12680,58;80
12681,58;98
12682,58;94
12683,58;92
12684,58;10238
12685,58;3019
12686,58;87
12687,58;102
12688,58;80
12689,58;86
12690,58;10247
12691,58;3010
12692,58;73
12693,58;102
12694,58;98
12695,58;113
12696,58;10233
12697,58;3016
12698,58;82
12699,58;84
12700,58;90
12701,58;89
12702,58;10264
12703,58;3026
12704,58;90
12705,58;76
12706,58;88
12707,58;114
12708,58;10262
12709,58;3018
12710,58;82
12711,58;88
12712,58;90
12713,58;87
12714,58;10261
12715,58;3000
12716,58;69
12717,58;81
12718,58;86
12719,58;96
12720,58;10279
12721,58;3034
12722,58;93
12723,58;90
12724,58;94
12725,58;87
12726,58;10230
12727,58;3029
12729,078;82
12730,078;96
12731,078;99
12732,078;104
12733,078;10220
12734,078;3046
12735,078;86
12736,078;75
12737,078;92
12738,078;72
12739,078;10261
12740,078;3021
12741,078;79
12742,078;75
12743,078;86
12744,078;106
12745,078;10222
12746,078;3035
12747,078;68
12748,078;76
12749,078;91
12750,078;65
12751,078;10236
12752,078;3022
12753,078;98
12754,078;78
12755,078;95
12756,078;80
12757,078;10265
12758,078;3023
12759,078;88
12760,078;97
12761,078;89
12762,078;90
12763,078;10228
12764,078;3043
12765,078;78
12766,078;77
12767,078;94
12768,078;93
12769,078;9907
12770,078;3048
12771,078;88
12772,078;75
12773,078;84
12774,078;89
12775,078;10142
12776,078;3012
12777,078;78
12778,078;80
12779,078;89
12780,078;76
12781,078;10230
12782,078;3060
12783,078;80
12784,078;76
12785,078;85
12786,078;83
12787,078;10238
12788,078;3024
12789,078;87
12790,078;80
12791,078;86
12792,078;91
12793,078;10229
12794,078;3020
12795,078;79
12796,078;96
12797,078;82
12798,078;79
12799,078;10263
12800,078;3044
12801,078;69
12802,078;82
12803,078;110
12804,078;83
12805,078;10240
12806,078;3033
12807,078;76
12808,078;95
12809,078;95
12810,078;86
12811,078;10217
12812,078;3036
12813,078;91
12814,078;88
12815,078;90
12816,078;77
12817,078;10233
12818,078;3053
12819,078;74
12820,078;89
12821,078;92
12822,078;99
12823,078;10243
12824,078;3024
12825,078;88
12826,078;91
12827,078;75
12828,078;88
12829,078;10242
12829,805;3041
12830,805;99
12831,805;90
12832,805;102
12833,805;98
12834,805;10199
12835,805;3020
12836,805;95
12837,805;93
12838,805;105
12839,805;98
12840,805;10245
12841,805;3035
12842,805;81
12843,805;99
12844,805;85
12845,805;83
12846,805;10262
12847,805;3047
12848,805;99
12849,805;93
12850,805;89
12851,805;91
12852,805;10243
12853,805;3057
12854,805;111
12855,805;68
12856,805;95
12857,805;97
12858,805;10289
12859,805;3010
12860,805;91
12861,805;94
12862,805;89
12863,805;95
12864,805;10243
12865,805;3060
12866,805;72
12867,805;87
12868,805;87
12869,805;103
12870,805;10236
12871,805;3043
12872,805;85
12873,805;110
12874,805;92
12875,805;103
12876,805;10205
12877,805;3046
12878,805;62
12879,805;103
12880,805;105
12881,805;76
12882,805;10263
12883,805;3053
12884,805;102
12885,805;79
12886,805;83
12887,805;101
12888,805;10244
12889,805;3047
12890,805;86
12891,805;87
12892,805;87
12893,805;89
12894,805;10223
12895,805;3075
12896,805;72
12897,805;111
12898,805;87
12899,805;119
12900,805;10207
12901,805;3049
12902,805;88
12903,805;84
12904,805;95
12905,805;99
12906,805;10225
12907,805;3058
12908,805;83
12909,805;96
12910,805;124
12911,805;87
12912,805;10206
12913,805;3051
12914,805;101
12915,805;95
12916,805;100
12917,805;103
12918,805;10234
12919,805;3035
12920,805;95
12921,805;83
12922,805;77
12923,805;83
12924,805;10245
12925,805;3069
12926,805;88
12927,805;103
12928,805;81
12929,805;93
12930,805;10206
12931,805;3039
12932,805;85
12933,805;103
12934,805;105
12935,805;96
12936,805;10196
12937,805;3053
12938,805;87
12939,805;94
12940,805;81
12941,805;95
12942,805;10251
12943,805;3081
12944,805;97
12945,805;105
12946,805;119
12947,805;86
12948,805;10233
12949,805;3063
12950,805;77
12951,805;103
12952,805;85
12953,805;99
12954,805;10227
12955,805;3047
12956,805;88
12957,805;90
12958,805;97
12959,805;97
12960,805;10211
12961,805;3058
12962,805;97
12963,805;97
12964,805;85
12965,805;109
12966,805;10221
12967,805;3064
12968,805;80
12969,805;97
12970,805;119
12971,805;94
12972,805;10211
12973,805;3067
12974,805;99
12975,805;79
12976,805;106
12977,805;95
12978,805;10237
12979,805;3085
12980,805;89
12981,805;76
12982,805;92
12983,805;85
12984,805;10207
12985,805;3080
12986,805;103
12987,805;96
12988,805;102
12989,805;90
12990,805;10201
12991,805;3083
12992,805;84
12993,805;114
12994,805;90
12995,805;109
12996,805;10251
12997,805;3051
12998,805;95
12999,805;98
13000,805;105
13001,805;87
13002,805;10211
13003,805;3082
13004,805;82
13005,805;96
13006,805;109
13007,805;97
13008,805;10236
13009,805;3071
13010,805;96
13011,805;98
13012,805;100
13013,805;99
13014,805;10226
13015,805;3074
13016,805;98
13017,805;110
13018,805;89
13019,805;97
13020,805;10227
13021,805;3096
13022,805;90
13023,805;95
13024,805;87
13025,805;105
13026,805;10212
13027,805;3078
13028,805;89
13029,805;94
13030,805;89
13031,74;92
13032,74;10222
13033,74;3090
13034,74;96
13035,74;104
13036,74;113
13037,74;111
13038,74;10210
13039,74;3084
13040,74;106
13041,74;85
13042,74;97
13043,74;80
13044,74;10217
13045,74;3084
13046,74;94
13047,74;98
13048,74;92
13049,74;97
13050,74;10188
13051,74;3094
13052,74;104
13053,74;83
13054,74;97
13055,74;98
13056,74;10232
13057,74;3086
13058,74;98
13059,74;114
13060,74;108
13061,74;113
13062,74;10178
13063,74;3104
13064,74;96
13065,74;92
13066,74;84
13067,74;101
13068,74;10209
13069,74;3098
13070,74;97
13071,74;112
13072,74;108
13073,74;98
13074,74;10191
13075,74;3089
13076,74;93
13077,74;114
13078,74;103
13079,74;105
13080,74;9855
13081,74;3097
13082,74;80
13083,74;104
13084,74;106
13085,74;111
13086,74;10182
13087,74;3080
13088,74;97
13089,74;100
13090,74;99
13091,74;86
13092,74;10206
13093,74;3065
13094,74;94
13095,74;88
13096,74;100
13097,74;105
13098,74;10194
13099,74;3090
13100,74;94
13101,74;110
13102,74;89
13103,74;111
13104,74;10192
13105,74;3098
13106,74;94
13107,74;103
13108,74;101
13109,74;103
13110,74;10219
13111,74;3084
13112,74;100
13113,74;88
13114,74;87
13115,74;89
13116,74;10207
13117,74;3098
13118,74;89
13119,74;116
13120,74;101
13121,74;103
13122,74;10177
13123,74;3100
13124,74;94
13125,74;103
13126,74;109
13127,74;93
13128,74;10204
13129,74;3096
13130,74;106
13131,74;105
13133,405;112
13134,405;103
13135,405;10226
13136,405;3075
13137,405;106
13138,405;88
13139,405;103
13140,405;96
13141,405;10210
13142,405;3106
13143,405;93
13144,405;109
13145,405;92
13146,405;96
13147,405;10178
13148,405;3097
13149,405;77
13150,405;103
13151,405;92
13152,405;88
13153,405;10175
13154,405;3108
13155,405;74
13156,405;104
13157,405;105
13158,405;83
13159,405;10182
13160,405;3098
13161,405;79
13162,405;122
13163,405;91
13164,405;97
13165,405;10199
13166,405;3101
13167,405;77
13168,405;102
13169,405;97
13170,405;89
13171,405;10217
13172,405;3087
13173,405;70
13174,405;88
13175,405;106
13176,405;78
13177,405;10187
13178,405;3096
13179,405;92
13180,405;80
13181,405;102
13182,405;77
13183,405;10188
13184,405;3102
13185,405;102
13186,405;97
13187,405;105
13188,405;117
13189,405;10179
13190,405;3097
13191,405;76
13192,405;82
13193,405;93
13194,405;90
13195,405;10181
13196,405;3096
13197,405;93
13198,405;93
13199,405;98
13200,405;100
13201,405;10192
13202,405;3121
13203,405;76
13204,405;92
13205,405;96
13206,405;85
13207,405;10187
13208,405;3086
13209,405;93
13210,405;87
13211,405;87
13212,405;99
13213,405;10194
13214,405;3106
13215,405;93
13216,405;86
13217,405;102
13218,405;95
13219,405;10246
13220,405;3019
13221,405;74
13222,405;103
13223,405;82
13224,405;116
13225,405;10151
13226,405;3086
13227,405;83
13228,405;92
13229,405;88
13230,405;94
13231,405;10166
13232,405;3091
13233,405;99
13233,135;103
13234,135;93
13235,135;92
13236,135;10224
13237,135;3108
13238,135;72
13239,135;92
13240,135;76
13241,135;104
13242,135;10170
13243,135;3115
13244,135;84
13245,135;105
13246,135;95
13247,135;99
13248,135;10183
13249,135;3105
13250,135;112
13251,135;93
13252,135;117
13253,135;96
13254,135;10170
13255,135;3116
13256,135;89
13257,135;94
13258,135;88
13259,135;104
13260,135;10148
13261,135;3098
13262,135;104
13263,135;86
13264,135;97
13265,135;91
13266,135;10153
13267,135;3116
13268,135;83
13269,135;96
13270,135;103
13271,135;82
13272,135;10251
13273,135;3054
13274,135;98
13275,135;106
13276,135;90
13277,135;80
13278,135;10171
13279,135;3122
13280,135;88
13281,135;89
13282,135;98
13283,135;86
13284,135;10167
13285,135;3091
13286,135;88
13287,135;100
13288,135;100
13289,135;91
13290,135;10129
13291,135;3118
13292,135;97
13293,135;98
13294,135;81
13295,135;100
13296,135;10188
13297,135;3081
13298,135;106
13299,135;78
13300,135;102
13301,135;110
13302,135;10178
13303,135;3136
13304,135;78
13305,135;68
13306,135;85
13307,135;82
13308,135;10169
13309,135;3100
13310,135;77
13311,135;67
13312,135;94
13313,135;82
13314,135;10166
13315,135;3120
13316,135;89
13317,135;92
13318,135;85
13319,135;84
13320,135;10165
13321,135;3130
13322,135;86
13323,135;92
13324,135;107
13325,135;99
13326,135;10167
13327,135;3102
13328,135;82
13329,135;107
13330,135;112
13331,135;79
13332,135;10190
13333,135;3122
13334,838;84
13335,838;86
13336,838;83
13337,838;82
13338,838;10182
13339,838;3122
13340,838;79
13341,838;94
13342,838;71
13343,838;94
13344,838;10150
13345,838;3099
13346,838;89
13347,838;103
13348,838;95
13349,838;88
13350,838;10171
13351,838;3123
13352,838;88
13353,838;76
13354,838;99
13355,838;90
13356,838;10167
13357,838;3097
13358,838;78
13359,838;81
13360,838;110
13361,838;102
13362,838;10148
13363,838;3115
13364,838;88
13365,838;78
13366,838;65
13367,838;88
13368,838;10124
13369,838;3118
13370,838;91
13371,838;79
13372,838;79
13373,838;76
13374,838;10162
13375,838;3114
13376,838;75
13377,838;72
13378,838;82
13379,838;76
13380,838;10155
13381,838;3118
13382,838;71
13383,838;68
13384,838;71
13385,838;63
13386,838;10110
13387,838;3104
13388,838;68
13389,838;71
13390,838;80
13391,838;74
13392,838;9809
13393,838;3135
13394,838;89
13395,838;63
13396,838;69
13397,838;69
13398,838;10098
13399,838;3113
13400,838;72
13401,838;76
13402,838;94
13403,838;82
13404,838;10118
13405,838;3116
13406,838;69
13407,838;84
13408,838;80
13409,838;76
13410,838;10125
13411,838;3121
13412,838;76
13413,838;91
13414,838;93
13415,838;85
13416,838;10177
13417,838;3117
13418,838;73
13419,838;73
13420,838;71
13421,838;88
13422,838;10127
13423,838;3124
13424,838;68
13425,838;95
13426,838;66
13427,838;90
13428,838;10127
13429,838;3127
13430,838;89
13431,838;93
13432,838;82
13433,838;92
13434,838;10156
13436,178;3144
13437,178;91
13438,178;75
13439,178;91
13440,178;97
13441,178;10153
13442,178;3122
13443,178;87
13444,178;90
13445,178;60
13446,178;93
13447,178;10142
13448,178;3121
13449,178;83
13450,178;98
13451,178;97
13452,178;94
13453,178;10125
13454,178;3171
13455,178;87
13456,178;88
13457,178;79
13458,178;81
13459,178;10166
13460,178;3123
13461,178;77
13462,178;94
13463,178;90
13464,178;80
13465,178;10114
13466,178;3139
13467,178;88
13468,178;93
13469,178;110
13470,178;94
13471,178;10139
13472,178;3135
13473,178;91
13474,178;95
13475,178;108
13476,178;78
13477,178;10148
13478,178;3129
13479,178;109
13480,178;89
13481,178;97
13482,178;81
13483,178;10134
13484,178;3127
13485,178;85
13486,178;82
13487,178;85
13488,178;117
13489,178;10145
13490,178;3139
13491,178;80
13492,178;102
13493,178;79
13494,178;90
13495,178;10104
13496,178;3131
13497,178;60
13498,178;96
13499,178;106
13500,178;84
13501,178;10149
13502,178;3154
13503,178;89
13504,178;102
13505,178;84
13506,178;103
13507,178;10149
13508,178;3131
13509,178;81
13510,178;77
13511,178;81
13512,178;97
13513,178;10136
13514,178;3150
13515,178;84
13516,178;104
13517,178;91
13518,178;80
13519,178;10149
13520,178;3143
13521,178;70
13522,178;101
13523,178;80
13524,178;99
13525,178;10137
13526,178;3149
13527,178;73
13528,178;99
13529,178;99
13530,178;101
13531,178;10112
13532,178;3142
13533,178;83
13534,178;98
13535,178;102
13536,178;93
13537,178;10189
13538,178;3090
13539,178;83
13540,178;96
13541,178;89
13542,178;92
13543,178;10129
13544,178;3155
13545,178;89
13546,178;100
13547,178;93
13548,178;95
13549,178;10131
13550,178;3170
13551,178;97
13552,178;94
13553,178;98
13554,178;96
13555,178;10112
13556,178;3168
13557,178;74
13558,178;78
13559,178;87
13560,178;97
13561,178;10141
13562,178;3135
13563,178;83
13564,178;83
13565,178;81
13566,178;90
13567,178;10103
13568,178;3173
13569,178;94
13570,178;78
13571,178;78
13572,178;109
13573,178;10134
13574,178;3137
13575,178;68
13576,178;93
13577,178;103
13578,178;106
13579,178;10136
13580,178;3147
13581,178;85
13582,178;106
13583,178;83
13584,178;102
13585,178;10140
13586,178;3169
13587,178;92
13588,178;100
13589,178;94
13590,178;87
13591,178;10113
13592,178;3173
13593,178;100
13594,178;99
13595,178;102
13596,178;98
13597,178;10158
13598,178;3163
13599,178;91
13600,178;87
13601,178;98
13602,178;105
13603,178;10084
13604,178;3162
13605,178;109
13606,178;88
13607,178;95
13608,178;108
13609,178;10132
13610,178;3151
13611,178;89
13612,178;105
13613,178;102
13614,178;92
13615,178;10136
13616,178;3148
13617,178;92
13618,178;102
13619,178;122
13620,178;84
13621,178;10145
13622,178;3167
13623,178;94
13624,178;105
13625,178;115
13626,178;98
13627,178;10099
13628,178;3185
13629,178;90
13630,178;90
13631,178;106
13632,178;94
13633,178;10120
13634,178;3154
13635,178;103
13636,178;107
13637,178;93
13637,429;106
13638,429;10122
13639,429;3165
13640,429;92
13641,429;86
13642,429;105
13643,429;95
13644,429;10119
13645,429;3188
13646,429;83
13647,429;98
13648,429;86
13649,429;92
13650,429;10123
13651,429;3188
13652,429;94
13653,429;96
13654,429;91
13655,429;110
13656,429;10168
13657,429;3139
13658,429;80
13659,429;73
13660,429;101
13661,429;90
13662,429;10147
13663,429;3177
13664,429;105
13665,429;100
13666,429;103
13667,429;88
13668,429;10116
13669,429;3179
13670,429;100
13671,429;114
13672,429;104
13673,429;97
13674,429;10137
13675,429;3181
13676,429;100
13677,429;104
13678,429;105
13679,429;91
13680,429;10144
13681,429;3192
13682,429;97
13683,429;115
13684,429;91
13685,429;101
13686,429;10120
13687,429;3173
13688,429;107
13689,429;105
13690,429;95
13691,429;97
13692,429;10106
13693,429;3180
13694,429;109
13695,429;105
13696,429;110
13697,429;104
13698,429;10098
13699,429;3170
13700,429;91
13701,429;103
13702,429;81
13703,429;100
13704,429;9779
13705,429;3181
13706,429;91
13707,429;93
13708,429;93
13709,429;92
13710,429;10039
13711,429;3180
13712,429;86
13713,429;105
13714,429;94
13715,429;108
13716,429;10120
13717,429;3174
13718,429;88
13719,429;100
13720,429;71
13721,429;94
13722,429;10096
13723,429;3185
13724,429;87
13725,429;79
13726,429;78
13727,429;96
13728,429;10140
13729,429;3173
13730,429;102
13731,429;97
13732,429;106
13733,429;109
13734,429;10125
13735,429;3191
13736,429;106
13737,429;95
13739,214;100
13740,214;96
13741,214;10132
13742,214;3183
13743,214;100
13744,214;94
13745,214;102
13746,214;105
13747,214;10097
13748,214;3170
13749,214;93
13750,214;81
13751,214;104
13752,214;108
13753,214;10119
13754,214;3177
13755,214;88
13756,214;88
13757,214;92
13758,214;95
13759,214;10137
13760,214;3191
13761,214;98
13762,214;92
13763,214;94
13764,214;88
13765,214;10075
13766,214;3183
13767,214;69
13768,214;92
13769,214;122
13770,214;92
13771,214;10100
13772,214;3184
13773,214;102
13774,214;89
13775,214;100
13776,214;101
13777,214;10143
13778,214;3178
13779,214;101
13780,214;116
13781,214;84
13782,214;108
13783,214;10071
13784,214;3186
13785,214;87
13786,214;92
13787,214;94
13788,214;107
13789,214;10097
13790,214;3188
13791,214;115
13792,214;93
13793,214;102
13794,214;104
13795,214;10119
13796,214;3167
13797,214;101
13798,214;85
13799,214;97
13800,214;85
13801,214;10138
13802,214;3145
13803,214;96
13804,214;111
13805,214;96
13806,214;106
13807,214;10071
13808,214;3185
13809,214;99
13810,214;101
13811,214;98
13812,214;114
13813,214;10111
13814,214;3180
13815,214;95
13816,214;98
13817,214;88
13818,214;87
13819,214;10140
13820,214;3179
13821,214;99
13822,214;88
13823,214;96
13824,214;90
13825,214;10081
13826,214;3179
13827,214;78
13828,214;92
13829,214;111
13830,214;115
13831,214;10081
13832,214;3215
13833,214;105
13834,214;101
13835,214;93
13836,214;103
13837,214;10074
13838,214;3176
13839,214;94
13840,914;83
13841,914;90
13842,914;102
13843,914;10139
13844,914;3137
13845,914;97
13846,914;100
13847,914;87
13848,914;110
13849,914;10087
13850,914;3184
13851,914;78
13852,914;93
13853,914;91
13854,914;85
13855,914;10084
13856,914;3195
13857,914;81
13858,914;91
13859,914;95
13860,914;100
13861,914;10063
13862,914;3192
13863,914;84
13864,914;80
13865,914;98
13866,914;86
13867,914;10077
13868,914;3180
13869,914;87
13870,914;98
13871,914;82
13872,914;103
13873,914;10056
13874,914;3187
13875,914;89
13876,914;92
13877,914;88
13878,914;100
13879,914;10082
13880,914;3184
13881,914;109
13882,914;74
13883,914;79
13884,914;71
13885,914;10070
13886,914;3193
13887,914;97
13888,914;100
13889,914;88
13890,914;73
13891,914;10054
13892,914;3204
13893,914;69
13894,914;101
13895,914;107
13896,914;89
13897,914;10035
13898,914;3195
13899,914;98
13900,914;80
13901,914;93
13902,914;83
13903,914;10087
13904,914;3208
13905,914;72
13906,914;99
13907,914;92
13908,914;90
13909,914;10044
13910,914;3188
13911,914;85
13912,914;89
13913,914;92
13914,914;89
13915,914;10056
13916,914;3197
13917,914;91
13918,914;96
13919,914;90
13920,914;103
13921,914;10086
13922,914;3191
13923,914;82
13924,914;104
13925,914;98
13926,914;93
13927,914;10079
13928,914;3189
13929,914;88
13930,914;86
13931,914;88
13932,914;101
13933,914;10072
13934,914;3189
13935,914;83
13936,914;75
13937,914;84
13938,914;92
13939,914;10052
13940,914;3208
13940,133;80
13941,133;88
13942,133;81
13943,133;80
13944,133;10085
13945,133;3210
13946,133;75
13947,133;93
13948,133;87
13949,133;73
13950,133;10087
13951,133;3193
13952,133;60
13953,133;84
13954,133;88
13955,133;93
13956,133;10094
13957,133;3209
13958,133;70
13959,133;76
13960,133;91
13961,133;92
13962,133;10083
13963,133;3201
13964,133;69
13965,133;86
13966,133;86
13967,133;99
13968,133;10058
13969,133;3204
13970,133;82
13971,133;86
13972,133;89
13973,133;88
13974,133;10103
13975,133;3218
13976,133;89
13977,133;90
13978,133;101
13979,133;97
13980,133;10093
13981,133;3205
13982,133;72
13983,133;94
13984,133;104
13985,133;91
13986,133;10067
13987,133;3216
13988,133;75
13989,133;110
13990,133;76
13991,133;104
13992,133;10048
13993,133;3213
13994,133;76
13995,133;87
13996,133;87
13997,133;87
13998,133;10063
13999,133;3222
14000,133;72
14001,133;79
14002,133;71
14003,133;91
14004,133;10060
14005,133;3229
14006,133;66
14007,133;80
14008,133;79
14009,133;78
14010,133;10142
14011,133;3145
14012,133;71
14013,133;65
14014,133;85
14015,133;98
14016,133;9726
14017,133;3236
14018,133;81
14019,133;82
14020,133;79
14021,133;92
14022,133;9989
14023,133;3208
14024,133;84
14025,133;81
14026,133;85
14027,133;76
14028,133;10066
14029,133;3216
14030,133;67
14031,133;91
14032,133;89
14033,133;74
14034,133;10074
14035,133;3228
14036,133;79
14037,133;65
14038,133;103
14039,133;99
14040,133;10067
14041,133;3222
14042,133;79
14043,133;85
14044,133;77
14045,133;89
14046,133;10111
14047,133;3229
14048,133;84
14049,133;84
14050,133;90
14051,133;90
14052,133;10065
14053,133;3227
14054,133;70
14055,133;71
14056,133;106
14057,133;79
14058,133;10080
14059,133;3192
14060,133;72
14061,133;97
14062,133;89
14063,133;88
14064,133;10057
14065,133;3231
14066,133;84
14067,133;93
14068,133;82
14069,133;92
14070,133;10043
14071,133;3228
14072,133;76
14073,133;80
14074,133;88
14075,133;78
14076,133;10067
14077,133;3229
14078,133;88
14079,133;81
14080,133;78
14081,133;97
14082,133;10051
14083,133;3227
14084,133;85
14085,133;73
14086,133;119
14087,133;79
14088,133;10054
14089,133;3236
14090,133;95
14091,133;89
14092,133;100
14093,133;101
14094,133;10057
14095,133;3238
14096,133;87
14097,133;97
14098,133;91
14099,133;90
14100,133;10068
14101,133;3222
14102,133;65
14103,133;75
14104,133;75
14105,133;90
14106,133;10058
14107,133;3229
14108,133;92
14109,133;85
14110,133;92
14111,133;101
14112,133;10054
14113,133;3239
14114,133;86
14115,133;72
14116,133;98
14117,133;105
14118,133;10076
14119,133;3219
14120,133;104
14121,133;89
14122,133;95
14123,133;85
14124,133;10059
14125,133;3223
14126,133;88
14127,133;95
14128,133;82
14129,133;108
14130,133;10028
14131,133;3250
14132,133;75
14133,133;89
14134,133;97
14135,133;105
14136,133;10051
14137,133;3250
14138,133;87
14139,133;88
14140,133;107
14141,133;98
14143,018;10037
14144,018;3215
14145,018;95
14146,018;96
14147,018;89
14148,018;93
14149,018;10063
14150,018;3252
14151,018;78
14152,018;108
14153,018;110
14154,018;87
14155,018;10066
14156,018;3220
14157,018;78
14158,018;89
14159,018;104
14160,018;91
14161,018;10049
14162,018;3245
14163,018;72
14164,018;89
14165,018;91
14166,018;85
14167,018;10049
14168,018;3239
14169,018;101
14170,018;85
14171,018;87
14172,018;96
14173,018;10033
14174,018;3252
14175,018;83
14176,018;104
14177,018;94
14178,018;95
14179,018;10047
14180,018;3235
14181,018;88
14182,018;85
14183,018;79
14184,018;98
14185,018;10003
14186,018;3247
14187,018;86
14188,018;96
14189,018;97
14190,018;92
14191,018;10029
14192,018;3245
14193,018;85
14194,018;85
14195,018;88
14196,018;104
14197,018;10041
14198,018;3247
14199,018;87
14200,018;78
14201,018;102
14202,018;99
14203,018;10017
14204,018;3245
14205,018;85
14206,018;85
14207,018;83
14208,018;92
14209,018;10021
14210,018;3249
14211,018;76
14212,018;90
14213,018;115
14214,018;80
14215,018;10069
14216,018;3260
14217,018;97
14218,018;90
14219,018;82
14220,018;89
14221,018;10067
14222,018;3249
14223,018;70
14224,018;96
14225,018;97
14226,018;82
14227,018;10030
14228,018;3270
14229,018;95
14230,018;88
14231,018;95
14232,018;95
14233,018;10031
14234,018;3243
14235,018;99
14236,018;93
14237,018;100
14238,018;93
14239,018;10038
14240,018;3266
14241,018;93
14242,018;96
14243,018;92
14243,838;93
14244,838;10044
14245,838;3259
14246,838;87
14247,838;99
14248,838;104
14249,838;96
14250,838;10054
14251,838;3251
14252,838;86
14253,838;97
14254,838;102
14255,838;102
14256,838;10052
14257,838;3271
14258,838;77
14259,838;100
14260,838;104
14261,838;94
14262,838;10037
14263,838;3273
14264,838;93
14265,838;84
14266,838;122
14267,838;93
14268,838;10058
14269,838;3266
14270,838;101
14271,838;102
14272,838;113
14273,838;95
14274,838;10009
14275,838;3264
14276,838;86
14277,838;87
14278,838;93
14279,838;110
14280,838;10033
14281,838;3235
14282,838;90
14283,838;93
14284,838;82
14285,838;86
14286,838;10005
14287,838;3259
14288,838;80
14289,838;98
14290,838;120
14291,838;112
14292,838;10132
14293,838;3158
14294,838;104
14295,838;104
14296,838;102
14297,838;97
14298,838;10016
14299,838;3271
14300,838;88
14301,838;97
14302,838;87
14303,838;71
14304,838;10004
14305,838;3262
14306,838;81
14307,838;103
14308,838;101
14309,838;88
14310,838;10018
14311,838;3256
14312,838;82
14313,838;93
14314,838;93
14315,838;106
14316,838;10042
14317,838;3256
14318,838;96
14319,838;108
14320,838;81
14321,838;94
14322,838;10020
14323,838;3254
14324,838;80
14325,838;99
14326,838;109
14327,838;93
14328,838;9720
14329,838;3260
14330,838;94
14331,838;107
14332,838;91
14333,838;94
14334,838;10003
14335,838;3258
14336,838;94
14337,838;105
14338,838;97
14339,838;102
14340,838;10019
14341,838;3258
14342,838;77
14343,838;96
14345,154;87
14346,154;118
14347,154;10025
14348,154;3252
14349,154;88
14350,154;90
14351,154;106
14352,154;122
14353,154;10025
14354,154;3279
14355,154;90
14356,154;114
14357,154;102
14358,154;109
14359,154;10028
14360,154;3277
14361,154;94
14362,154;92
14363,154;91
14364,154;106
14365,154;10046
14366,154;3274
14367,154;108
14368,154;102
14369,154;89
14370,154;103
14371,154;10009
14372,154;3285
14373,154;92
14374,154;93
14375,154;96
14376,154;103
14377,154;10053
14378,154;3265
14379,154;95
14380,154;87
14381,154;99
14382,154;92
14383,154;10054
14384,154;3266
14385,154;95
14386,154;95
14387,154;104
14388,154;98
14389,154;10025
14390,154;3264
14391,154;81
14392,154;102
14393,154;96
14394,154;92
14395,154;10036
14396,154;3264
14397,154;98
14398,154;81
14399,154;104
14400,154;91
14401,154;10049
14402,154;3269
14403,154;85
14404,154;95
14405,154;97
14406,154;99
14407,154;9985
14408,154;3281
14409,154;82
14410,154;103
14411,154;113
14412,154;103
14413,154;10018
14414,154;3285
14415,154;104
14416,154;102
14417,154;92
14418,154;99
14419,154;10042
14420,154;3285
14421,154;83
14422,154;92
14423,154;109
14424,154;74
14425,154;10045
14426,154;3266
14427,154;90
14428,154;96
14429,154;86
14430,154;101
14431,154;10001
14432,154;3273
14433,154;99
14434,154;95
14435,154;107
14436,154;87
14437,154;10019
14438,154;3287
14439,154;79
14440,154;90
14441,154;94
14442,154;97
14443,154;10029
14444,154;3268
14445,154;87
14446,162;83
14447,162;92
14448,162;109
14449,162;10000
14450,162;3282
14451,162;69
14452,162;96
14453,162;98
14454,162;84
14455,162;10001
14456,162;3252
14457,162;79
14458,162;94
14459,162;127
14460,162;105
14461,162;10008
14462,162;3302
14463,162;100
14464,162;104
14465,162;99
14466,162;70
14467,162;9993
14468,162;3295
14469,162;86
14470,162;92
14471,162;85
14472,162;107
14473,162;10062
14474,162;3223
14475,162;94
14476,162;83
14477,162;96
14478,162;101
14479,162;10008
14480,162;3284
14481,162;89
14482,162;99
14483,162;79
14484,162;114
14485,162;10002
14486,162;3302
14487,162;85
14488,162;88
14489,162;107
14490,162;100
14491,162;10015
14492,162;3269
14493,162;75
14494,162;93
14495,162;125
14496,162;98
14497,162;10022
14498,162;3273
14499,162;73
14500,162;101
14501,162;78
14502,162;99
14503,162;9992
14504,162;3283
14505,162;80
14506,162;83
14507,162;107
14508,162;96
14509,162;9996
14510,162;3301
14511,162;83
14512,162;80
14513,162;89
14514,162;104
14515,162;10012
14516,162;3295
14517,162;75
14518,162;91
14519,162;79
14520,162;116
14521,162;10006
14522,162;3301
14523,162;118
14524,162;85
14525,162;82
14526,162;96
14527,162;9977
14528,162;3319
14529,162;74
14530,162;69
14531,162;93
14532,162;114
14533,162;10004
14534,162;3313
14535,162;87
14536,162;105
14537,162;104
14538,162;91
14539,162;10027
14540,162;3308
14541,162;86
14542,162;89
14543,162;100
14544,162;99
14545,162;9995
14546,162;3278
14547,162;62
14548,162;93
14549,162;83
14550,162;91
14551,162;9992
14552,162;3291
14553,162;94
14554,162;77
14555,162;88
14556,162;92
14557,162;9973
14558,162;3283
14559,162;90
14560,162;78
14561,162;90
14562,162;99
14563,162;9992
14564,162;3315
14565,162;85
14566,162;100
14567,162;99
14568,162;100
14569,162;9991
14570,162;3303
14571,162;90
14572,162;81
14573,162;81
14574,162;107
14575,162;9955
14576,162;3302
14577,162;89
14578,162;85
14579,162;93
14580,162;86
14581,162;10007
14582,162;3293
14583,162;90
14584,162;88
14585,162;74
14586,162;90
14587,162;10008
14588,162;3298
14589,162;86
14590,162;62
14591,162;86
14592,162;78
14593,162;9986
14594,162;3300
14595,162;78
14596,162;74
14597,162;96
14598,162;75
14599,162;10003
14600,162;3319
14601,162;93
14602,162;88
14603,162;104
14604,162;72
14605,162;9983
14606,162;3325
14607,162;75
14608,162;86
14609,162;85
14610,162;82
14611,162;9990
14612,162;3302
14613,162;72
14614,162;94
14615,162;93
14616,162;91
14617,162;9985
14618,162;3295
14619,162;69
14620,162;91
14621,162;89
14622,162;95
14623,162;9997
14624,162;3298
14625,162;93
14626,162;74
14627,162;95
14628,162;81
14629,162;9949
14630,162;3274
14631,162;66
14632,162;86
14633,162;81
14634,162;84
14635,162;9967
14636,162;3289
14637,162;77
14638,162;91
14639,162;77
14640,162;81
14641,162;9651
14642,162;3311
14643,162;86
14644,162;59
14645,162;75
14646,162;84
14647,162;9931
14646,827;3314
14647,827;69
14648,827;91
14649,827;88
14650,827;90
14651,827;9945
14652,827;3282
14653,827;62
14654,827;85
14655,827;91
14656,827;88
14657,827;9954
14658,827;3285
14659,827;82
14660,827;82
14661,827;99
14662,827;79
14663,827;9989
14664,827;3302
14665,827;74
14666,827;85
14667,827;92
14668,827;94
14669,827;9966
14670,827;3302
14671,827;74
14672,827;77
14673,827;85
14674,827;88
14675,827;9967
14676,827;3300
14677,827;78
14678,827;96
14679,827;94
14680,827;87
14681,827;9947
14682,827;3314
14683,827;71
14684,827;80
14685,827;90
14686,827;83
14687,827;10016
14688,827;3318
14689,827;84
14690,827;102
14691,827;102
14692,827;83
14693,827;9998
14694,827;3327
14695,827;86
14696,827;90
14697,827;103
14698,827;94
14699,827;9969
14700,827;3323
14701,827;86
14702,827;103
14703,827;87
14704,827;101
14705,827;9992
14706,827;3294
14707,827;82
14708,827;74
14709,827;81
14710,827;96
14711,827;9978
14712,827;3323
14713,827;83
14714,827;93
14715,827;88
14716,827;81
14717,827;9968
14718,827;3365
14719,827;74
14720,827;89
14721,827;94
14722,827;93
14723,827;9966
14724,827;3324
14725,827;81
14726,827;78
14727,827;88
14728,827;97
14729,827;9970
14730,827;3289
14731,827;74
14732,827;81
14733,827;92
14734,827;97
14735,827;9983
14736,827;3316
14737,827;82
14738,827;88
14739,827;82
14740,827;100
14741,827;9980
14742,827;3315
14743,827;84
14744,827;89
14745,827;102
14746,827;92
14748,467;9940
14749,467;3326
14750,467;91
14751,467;93
14752,467;92
14753,467;89
14754,467;9963
14755,467;3318
14756,467;79
14757,467;95
14758,467;94
14759,467;96
14760,467;9968
14761,467;3308
14762,467;87
14763,467;85
14764,467;85
14765,467;103
14766,467;9960
14767,467;3324
14768,467;90
14769,467;82
14770,467;90
14771,467;96
14772,467;9930
14773,467;3317
14774,467;78
14775,467;98
14776,467;76
14777,467;100
14778,467;9975
14779,467;3367
14780,467;72
14781,467;101
14782,467;101
14783,467;84
14784,467;9982
14785,467;3299
14786,467;104
14787,467;84
14788,467;78
14789,467;84
14790,467;9945
14791,467;3337
14792,467;86
14793,467;85
14794,467;85
14795,467;104
14796,467;9965
14797,467;3344
14798,467;89
14799,467;91
14800,467;99
14801,467;94
14802,467;9976
14803,467;3335
14804,467;73
14805,467;94
14806,467;113
14807,467;85
14808,467;10009
14809,467;3281
14810,467;82
14811,467;102
14812,467;93
14813,467;102
14814,467;9984
14815,467;3349
14816,467;101
14817,467;89
14818,467;97
14819,467;92
14820,467;9983
14821,467;3350
14822,467;76
14823,467;90
14824,467;96
14825,467;98
14826,467;9933
14827,467;3331
14828,467;85
14829,467;77
14830,467;85
14831,467;97
14832,467;9993
14833,467;3326
14834,467;104
14835,467;97
14836,467;86
14837,467;103
14838,467;9981
14839,467;3330
14840,467;100
14841,467;85
14842,467;83
14843,467;100
14844,467;9957
14845,467;3340
14846,467;81
14847,467;90
14848,467;68
14850,333;98
14851,333;9959
14852,333;3352
14853,333;86
14854,333;75
14855,333;74
14856,333;115
14857,333;9963
14858,333;3352
14859,333;84
14860,333;82
14861,333;104
14862,333;94
14863,333;9959
14864,333;3336
14865,333;98
14866,333;93
14867,333;98
14868,333;96
14869,333;9989
14870,333;3344
14871,333;88
14872,333;89
14873,333;95
14874,333;106
14875,333;10036
14876,333;3292
14877,333;87
14878,333;95
14879,333;103
14880,333;114
14881,333;9973
14882,333;3368
14883,333;89
14884,333;96
14885,333;84
14886,333;96
14887,333;9956
14888,333;3315
14889,333;78
14890,333;97
14891,333;92
14892,333;90
14893,333;9945
14894,333;3347
14895,333;96
14896,333;89
14897,333;83
14898,333;91
14899,333;9986
14900,333;3343
14901,333;99
14902,333;76
14903,333;100
14904,333;105
14905,333;9961
14906,333;3339
14907,333;88
14908,333;96
14909,333;78
14910,333;99
14911,333;9957
14912,333;3335
14913,333;97
14914,333;98
14915,333;114
14916,333;89
14917,333;9993
14918,333;3352
14919,333;87
14920,333;106
14921,333;96
14922,333;91
14923,333;9985
14924,333;3361
14925,333;90
14926,333;89
14927,333;113
14928,333;116
14929,333;9964
14930,333;3364
14931,333;88
14932,333;101
14933,333;116
14934,333;107
14935,333;9938
14936,333;3352
14937,333;89
14938,333;97
14939,333;88
14940,333;95
14941,333;9970
14942,333;3365
14943,333;84
14944,333;108
14945,333;104
14946,333;113
14947,333;9935
14948,333;3349
14949,333;81
14950,333;84
14951,242;102
14952,242;102
14953,242;9621
14954,242;3365
14955,242;103
14956,242;85
14957,242;105
14958,242;108
14959,242;9906
14960,242;3358
14961,242;101
14962,242;102
14963,242;105
14964,242;106
14965,242;9926
14966,242;3359
14967,242;97
14968,242;104
14969,242;89
14970,242;91
14971,242;9922
14972,242;3352
14973,242;77
14974,242;94
14975,242;97
14976,242;102
14977,242;9975
14978,242;3371
14979,242;95
14980,242;104
14981,242;87
14982,242;97
14983,242;9974
14984,242;3380
14985,242;99
14986,242;113
14987,242;115
14988,242;91
14989,242;9942
14990,242;3365
14991,242;90
14992,242;106
14993,242;115
14994,242;108
14995,242;9966
14996,242;3342
14997,242;90
14998,242;107
14999,242;101
15000,242;93
15001,242;9949
15002,242;3358
15003,242;98
15004,242;92
15005,242;105
15006,242;90
15007,242;9966
15008,242;3378
15009,242;93
15010,242;99
15011,242;99
15012,242;93
15013,242;9922
15014,242;3371
15015,242;102
15016,242;98
15017,242;96
15018,242;106
15019,242;9908
15020,242;3363
15021,242;99
15022,242;105
15023,242;83
15024,242;109
15025,242;9958
15026,242;3371
15027,242;88
15028,242;99
15029,242;111
15030,242;116
15031,242;9969
15032,242;3349
15033,242;93
15034,242;96
15035,242;96
15036,242;90
15037,242;9951
15038,242;3358
15039,242;90
15040,242;94
15041,242;98
15042,242;106
15043,242;9929
15044,242;3381
15045,242;92
15046,242;95
15047,242;109
15048,242;103
15049,242;9949
15050,242;3353
15051,242;73
15052,242;106
15053,242;96
15054,242;89
15055,242;9952
15056,242;3362
15057,242;84
15058,242;84
15059,242;77
15060,242;93
15061,242;9919
15062,242;3373
15063,242;77
15064,242;116
15065,242;86
15066,242;100
15067,242;9930
15068,242;3374
15069,242;91
15070,242;89
15071,242;98
15072,242;92
15073,242;9925
15074,242;3382
15075,242;91
15076,242;85
15077,242;93
15078,242;79
15079,242;9931
15080,242;3360
15081,242;96
15082,242;99
15083,242;94
15084,242;91
15085,242;9927
15086,242;3368
15087,242;104
15088,242;100
15089,242;111
15090,242;88
15091,242;9909
15092,242;3359
15093,242;66
15094,242;89
15095,242;90
15096,242;81
15097,242;9973
15098,242;3334
15099,242;102
15100,242;105
15101,242;84
15102,242;105
15103,242;9921
15104,242;3370
15105,242;101
15106,242;97
15107,242;80
15108,242;95
15109,242;9917
15110,242;3396
15111,242;95
15112,242;91
15113,242;90
15114,242;89
15115,242;9966
15116,242;3399
15117,242;104
15118,242;87
15119,242;111
15120,242;77
15121,242;9927
15122,242;3357
15123,242;82
15124,242;82
15125,242;99
15126,242;106
15127,242;9974
15128,242;3336
15129,242;75
15130,242;94
15131,242;98
15132,242;83
15133,242;9993
15134,242;3305
15135,242;88
15136,242;97
15137,242;101
15138,242;101
15139,242;9905
15140,242;3358
15141,242;91
15142,242;89
15143,242;87
15144,242;96
15145,242;9929
15146,242;3377
15147,242;91
15148,242;95
15149,242;97
15150,242;103
15151,242;9907
15152,242;3386
15152,218;79
15153,218;87
15154,218;99
15155,218;85
15156,218;9915
15157,218;3388
15158,218;98
15159,218;98
15160,218;102
15161,218;92
15162,218;9939
15163,218;3375
15164,218;83
15165,218;91
15166,218;116
15167,218;90
15168,218;9891
15169,218;3401
15170,218;90
15171,218;97
15172,218;69
15173,218;90
15174,218;9910
15175,218;3395
15176,218;66
15177,218;81
15178,218;103
15179,218;97
15180,218;9930
15181,218;3402
15182,218;93
15183,218;97
15184,218;80
15185,218;100
15186,218;9888
15187,218;3411
15188,218;84
15189,218;86
15190,218;91
15191,218;106
15192,218;9897
15193,218;3394
15194,218;95
15195,218;91
15196,218;100
15197,218;112
15198,218;9931
15199,218;3398
15200,218;89
15201,218;88
15202,218;95
15203,218;85
15204,218;9914
15205,218;3386
15206,218;83
15207,218;83
15208,218;90
15209,218;73
15210,218;9878
15211,218;3399
15212,218;74
15213,218;85
15214,218;96
15215,218;90
15216,218;9908
15217,218;3391
15218,218;75
15219,218;81
15220,218;93
15221,218;94
15222,218;9898
15223,218;3370
15224,218;82
15225,218;83
15226,218;94
15227,218;63
15228,218;9870
15229,218;3397
15230,218;91
15231,218;90
15232,218;100
15233,218;87
15234,218;9881
15235,218;3385
15236,218;75
15237,218;83
15238,218;80
15239,218;102
15240,218;9921
15241,218;3383
15242,218;74
15243,218;84
15244,218;72
15245,218;81
15246,218;9866
15247,218;3401
15248,218;78
15249,218;67
15250,218;74
15251,218;84
15252,218;9871
15253,975;3368
15254,975;76
15255,975;75
15256,975;76
15257,975;99
15258,975;9910
15259,975;3402
15260,975;78
15261,975;73
15262,975;75
15263,975;87
15264,975;9546
15265,975;3400
15266,975;79
15267,975;70
15268,975;74
15269,975;86
15270,975;9812
15271,975;3389
15272,975;76
15273,975;85
15274,975;91
15275,975;92
15276,975;9891
15277,975;3396
15278,975;73
15279,975;89
15280,975;74
15281,975;77
15282,975;9878
15283,975;3412
15284,975;82
15285,975;74
15286,975;100
15287,975;107
15288,975;9888
15289,975;3404
15290,975;100
15291,975;87
15292,975;88
15293,975;91
15294,975;9896
15295,975;3380
15296,975;81
15297,975;86
15298,975;86
15299,975;87
15300,975;9903
15301,975;3403
15302,975;72
15303,975;90
15304,975;79
15305,975;97
15306,975;9899
15307,975;3403
15308,975;78
15309,975;82
15310,975;81
15311,975;89
15312,975;9913
15313,975;3408
15314,975;75
15315,975;102
15316,975;80
15317,975;101
15318,975;9895
15319,975;3411
15320,975;77
15321,975;94
15322,975;107
15323,975;98
15324,975;9920
15325,975;3417
15326,975;99
15327,975;82
15328,975;90
15329,975;86
15330,975;9899
15331,975;3409
15332,975;74
15333,975;74
15334,975;91
15335,975;86
15336,975;9877
15337,975;3415
15338,975;88
15339,975;77
15340,975;101
15341,975;102
15342,975;9872
15343,975;3417
15344,975;97
15345,975;84
15346,975;76
15347,975;81
15348,975;9903
15349,975;3411
15350,975;86
15351,975;75
15352,975;80
15353,975;95
15355,181;9927
15356,181;3411
15357,181;79
15358,181;90
15359,181;105
15360,181;96
15361,181;9891
15362,181;3412
15363,181;102
15364,181;115
15365,181;83
15366,181;102
15367,181;9885
15368,181;3410
15369,181;87
15370,181;92
15371,181;87
15372,181;101
15373,181;9946
15374,181;3329
15375,181;104
15376,181;94
15377,181;83
15378,181;89
15379,181;9891
15380,181;3406
15381,181;91
15382,181;95
15383,181;94
15384,181;92
15385,181;9883
15386,181;3407
15387,181;74
15388,181;90
15389,181;90
15390,181;83
15391,181;9878
15392,181;3429
15393,181;79
15394,181;96
15395,181;92
15396,181;100
15397,181;9897
15398,181;3413
15399,181;84
15400,181;94
15401,181;89
15402,181;90
15403,181;9889
15404,181;3385
15405,181;100
15406,181;90
15407,181;87
15408,181;89
15409,181;9884
15410,181;3417
15411,181;97
15412,181;72
15413,181;87
15414,181;93
15415,181;9878
15416,181;3422
15417,181;78
15418,181;99
15419,181;91
15420,181;112
15421,181;9894
15422,181;3421
15423,181;93
15424,181;101
15425,181;91
15426,181;100
15427,181;9958
15428,181;3342
15429,181;93
15430,181;83
15431,181;102
15432,181;87
15433,181;9872
15434,181;3414
15435,181;89
15436,181;99
15437,181;106
15438,181;79
15439,181;9885
15440,181;3414
15441,181;98
15442,181;90
15443,181;78
15444,181;106
15445,181;9889
15446,181;3404
15447,181;106
15448,181;99
15449,181;101
15450,181;107
15451,181;9838
15452,181;3435
15453,181;82
15454,181;103
15455,181;89
15455,268;92
15456,268;9879
15457,268;3437
15458,268;90
15459,268;110
15460,268;88
15461,268;90
15462,268;9874
15463,268;3429
15464,268;93
15465,268;89
15466,268;109
15467,268;92
15468,268;9867
15469,268;3439
15470,268;90
15471,268;90
15472,268;93
15473,268;113
15474,268;9860
15475,268;3448
15476,268;92
15477,268;94
15478,268;92
15479,268;107
15480,268;9851
15481,268;3431
15482,268;96
15483,268;99
15484,268;101
15485,268;95
15486,268;9891
15487,268;3436
15488,268;101
15489,268;95
15490,268;103
15491,268;93
15492,268;9888
15493,268;3465
15494,268;97
15495,268;102
15496,268;99
15497,268;86
15498,268;9874
15499,268;3434
15500,268;90
15501,268;87
15502,268;73
15503,268;98
15504,268;9885
15505,268;3436
15506,268;81
15507,268;84
15508,268;93
15509,268;95
15510,268;9892
15511,268;3436
15512,268;68
15513,268;111
15514,268;91
15515,268;96
15516,268;9889
15517,268;3437
15518,268;95
15519,268;112
15520,268;105
15521,268;102
15522,268;9878
15523,268;3439
15524,268;91
15525,268;101
15526,268;93
15527,268;100
15528,268;9871
15529,268;3458
15530,268;96
15531,268;83
15532,268;109
15533,268;113
15534,268;9852
15535,268;3457
15536,268;66
15537,268;85
15538,268;97
15539,268;106
15540,268;9890
15541,268;3438
15542,268;108
15543,268;104
15544,268;92
15545,268;107
15546,268;9834
15547,268;3439
15548,268;102
15549,268;99
15550,268;109
15551,268;98
15552,268;9882
15553,268;3435
15554,268;100
15555,268;98
15556,663;90
15557,663;89
15558,663;9874
15559,663;3444
15560,663;89
15561,663;87
15562,663;112
15563,663;91
15564,663;9864
15565,663;3470
15566,663;105
15567,663;82
15568,663;93
15569,663;92
15570,663;9883
15571,663;3443
15572,663;90
15573,663;102
15574,663;94
15575,663;98
15576,663;9550
15577,663;3435
15578,663;86
15579,663;101
15580,663;102
15581,663;88
15582,663;9823
15583,663;3421
15584,663;71
15585,663;77
15586,663;117
15587,663;90
15588,663;9915
15589,663;3427
15590,663;92
15591,663;87
15592,663;114
15593,663;79
15594,663;9855
15595,663;3453
15596,663;83
15597,663;106
15598,663;85
15599,663;103
15600,663;9843
15601,663;3454
15602,663;89
15603,663;103
15604,663;93
15605,663;98
15606,663;9816
15607,663;3466
15608,663;106
15609,663;101
15610,663;93
15611,663;93
15612,663;9850
15613,663;3456
15614,663;89
15615,663;97
15616,663;91
15617,663;114
15618,663;9868
15619,663;3443
15620,663;98
15621,663;90
15622,663;105
15623,663;103
15624,663;9868
15625,663;3451
15626,663;98
15627,663;90
15628,663;97
15629,663;94
15630,663;9822
15631,663;3446
15632,663;69
15633,663;78
15634,663;99
15635,663;97
15636,663;9887
15637,663;3442
15638,663;83
15639,663;109
15640,663;101
15641,663;101
15642,663;9826
15643,663;3443
15644,663;85
15645,663;96
15646,663;106
15647,663;88
15648,663;9859
15649,663;3460
15650,663;79
15651,663;99
15652,663;96
15653,663;89
15654,663;9835
15655,663;3464
15656,663;78
15657,663;90
15658,663;103
15659,663;86
15660,663;9846
15661,663;3468
15662,663;105
15663,663;88
15664,663;109
15665,663;86
15666,663;9822
15667,663;3466
15668,663;77
15669,663;82
15670,663;105
15671,663;101
15672,663;9864
15673,663;3437
15674,663;78
15675,663;100
15676,663;94
15677,663;108
15678,663;9843
15679,663;3462
15680,663;83
15681,663;90
15682,663;107
15683,663;92
15684,663;9860
15685,663;3451
15686,663;88
15687,663;98
15688,663;65
15689,663;101
15690,663;9847
15691,663;3442
15692,663;92
15693,663;92
15694,663;79
15695,663;102
15696,663;9830
15697,663;3464
15698,663;85
15699,663;115
15700,663;90
15701,663;82
15702,663;9841
15703,663;3454
15704,663;71
15705,663;92
15706,663;79
15707,663;93
15708,663;9840
15709,663;3465
15710,663;104
15711,663;106
15712,663;99
15713,663;106
15714,663;9836
15715,663;3476
15716,663;70
15717,663;87
15718,663;94
15719,663;92
15720,663;9942
15721,663;3354
15722,663;85
15723,663;99
15724,663;87
15725,663;89
15726,663;9843
15727,663;3486
15728,663;75
15729,663;95
15730,663;96
15731,663;109
15732,663;9812
15733,663;3463
15734,663;80
15735,663;84
15736,663;84
15737,663;96
15738,663;9821
15739,663;3440
15740,663;83
15741,663;93
15742,663;92
15743,663;88
15744,663;9820
15745,663;3478
15746,663;94
15747,663;83
15748,663;93
15749,663;129
15750,663;9831
15751,663;3458
15752,663;85
15753,663;86
15754,663;89
15755,663;101
15756,663;9824
15757,663;3459
15758,726;83
15759,726;88
15760,726;91
15761,726;104
15762,726;9836
15763,726;3470
15764,726;80
15765,726;95
15766,726;83
15767,726;100
15768,726;9827
15769,726;3501
15770,726;88
15771,726;96
15772,726;74
15773,726;93
15774,726;9815
15775,726;3486
15776,726;81
15777,726;86
15778,726;100
15779,726;104
15780,726;9810
15781,726;3470
15782,726;101
15783,726;89
15784,726;109
15785,726;94
15786,726;9818
15787,726;3486
15788,726;88
15789,726;110
15790,726;86
15791,726;97
15792,726;9839
15793,726;3467
15794,726;88
15795,726;89
15796,726;96
15797,726;90
15798,726;9851
15799,726;3462
15800,726;87
15801,726;93
15802,726;96
15803,726;84
15804,726;9829
15805,726;3479
15806,726;80
15807,726;87
15808,726;109
15809,726;101
15810,726;9811
15811,726;3474
15812,726;76
15813,726;95
15814,726;96
15815,726;89
15816,726;9821
15817,726;3462
15818,726;89
15819,726;87
15820,726;85
15821,726;93
15822,726;9823
15823,726;3433
15824,726;93
15825,726;90
15826,726;93
15827,726;82
15828,726;9815
15829,726;3491
15830,726;87
15831,726;93
15832,726;89
15833,726;85
15834,726;9839
15835,726;3472
15836,726;81
15837,726;86
15838,726;79
15839,726;82
15840,726;9815
15841,726;3488
15842,726;88
15843,726;102
15844,726;107
15845,726;85
15846,726;9840
15847,726;3454
15848,726;72
15849,726;79
15850,726;90
15851,726;90
15852,726;9818
15853,726;3465
15854,726;88
15855,726;82
15856,726;78
15857,726;90
15858,726;9787
15860,08;3489
15861,08;77
15862,08;76
15863,08;93
15864,08;97
15865,08;9796
15866,08;3475
15867,08;68
15868,08;81
15869,08;101
15870,08;83
15871,08;9752
15872,08;3464
15873,08;84
15874,08;76
15875,08;84
15876,08;81
15877,08;9813
15878,08;3477
15879,08;69
15880,08;68
15881,08;65
15882,08;82
15883,08;9827
15884,08;3475
15885,08;83
15886,08;75
15887,08;76
15888,08;76
15889,08;9494
15890,08;3491
15891,08;77
15892,08;80
15893,08;73
15894,08;73
15895,08;9753
15896,08;3485
15897,08;75
15898,08;82
15899,08;77
15900,08;92
15901,08;9792
15902,08;3474
15903,08;69
15904,08;78
15905,08;83
15906,08;86
15907,08;9826
15908,08;3489
15909,08;66
15910,08;95
15911,08;70
15912,08;71
15913,08;9821
15914,08;3499
15915,08;94
15916,08;77
15917,08;97
15918,08;69
15919,08;9786
15920,08;3490
15921,08;75
15922,08;77
15923,08;76
15924,08;90
15925,08;9784
15926,08;3473
15927,08;64
15928,08;90
15929,08;90
15930,08;85
15931,08;9773
15932,08;3471
15933,08;91
15934,08;75
15935,08;93
15936,08;92
15937,08;9801
15938,08;3501
15939,08;81
15940,08;82
15941,08;86
15942,08;95
15943,08;9784
15944,08;3487
15945,08;86
15946,08;98
15947,08;94
15948,08;88
15949,08;9819
15950,08;3484
15951,08;82
15952,08;101
15953,08;90
15954,08;97
15955,08;9800
15956,08;3493
15957,08;106
15958,08;97
15959,08;86
15960,08;102
15960,548;9806
15961,548;3503
15962,548;87
15963,548;80
15964,548;84
15965,548;100
15966,548;9813
15967,548;3500
15968,548;83
15969,548;87
15970,548;96
15971,548;93
15972,548;9778
15973,548;3506
15974,548;96
15975,548;108
15976,548;98
15977,548;87
15978,548;9790
15979,548;3493
15980,548;93
15981,548;88
15982,548;99
15983,548;101
15984,548;9774
15985,548;3523
15986,548;64
15987,548;91
15988,548;91
15989,548;81
15990,548;9812
15991,548;3504
15992,548;97
15993,548;95
15994,548;96
15995,548;65
15996,548;9889
15997,548;3398
15998,548;82
15999,548;105
16000,548;94
16001,548;91
16002,548;9874
16003,548;3407
16004,548;87
16005,548;101
16006,548;96
16007,548;66
16008,548;9792
16009,548;3503
16010,548;70
16011,548;103
16012,548;93
16013,548;105
16014,548;9794
16015,548;3491
16016,548;102
16017,548;98
16018,548;76
16019,548;90
16020,548;9830
16021,548;3517
16022,548;74
16023,548;81
16024,548;94
16025,548;83
16026,548;9775
16027,548;3507
16028,548;90
16029,548;100
16030,548;80
16031,548;89
16032,548;9768
16033,548;3508
16034,548;82
16035,548;90
16036,548;96
16037,548;97
16038,548;9820
16039,548;3534
16040,548;71
16041,548;90
16042,548;79
16043,548;100
16044,548;9774
16045,548;3527
16046,548;95
16047,548;95
16048,548;106
16049,548;96
16050,548;9796
16051,548;3511
16052,548;97
16053,548;96
16054,548;90
16055,548;96
16056,548;9784
16057,548;3529
16058,548;81
16059,548;92
16060,548;97
16061,527;73
16062,527;9778
16063,527;3486
16064,527;94
16065,527;89
16066,527;90
16067,527;82
16068,527;9766
16069,527;3531
16070,527;99
16071,527;90
16072,527;100
16073,527;90
16074,527;9801
16075,527;3545
16076,527;72
16077,527;92
16078,527;89
16079,527;103
16080,527;9774
16081,527;3502
16082,527;84
16083,527;90
16084,527;88
16085,527;97
16086,527;9776
16087,527;3503
16088,527;91
16089,527;99
16090,527;82
16091,527;97
16092,527;9807
16093,527;3534
16094,527;86
16095,527;103
16096,527;98
16097,527;99
16098,527;9804
16099,527;3525
16100,527;79
16101,527;93
16102,527;92
16103,527;100
16104,527;9772
16105,527;3534
16106,527;81
16107,527;83
16108,527;93
16109,527;97
16110,527;9770
16111,527;3519
16112,527;83
16113,527;88
16114,527;91
16115,527;101
16116,527;9797
16117,527;3537
16118,527;97
16119,527;106
16120,527;95
16121,527;107
16122,527;9772
16123,527;3531
16124,527;100
16125,527;104
16126,527;93
16127,527;96
16128,527;9797
16129,527;3519
16130,527;81
16131,527;108
16132,527;92
16133,527;101
16134,527;9800
16135,527;3544
16136,527;82
16137,527;100
16138,527;92
16139,527;103
16140,527;9787
16141,527;3538
16142,527;91
16143,527;103
16144,527;101
16145,527;99
16146,527;9778
16147,527;3535
16148,527;94
16149,527;92
16150,527;90
16151,527;97
16152,527;9762
16153,527;3517
16154,527;83
16155,527;75
16156,527;92
16157,527;103
16158,527;9809
16159,527;3494
16160,527;91
16161,527;90
16162,527;110
16163,527;95
16164,527;9805
16165,527;3543
16166,527;101
16167,527;97
16168,527;96
16169,527;104
16170,527;9790
16171,527;3513
16172,527;95
16173,527;105
16174,527;109
16175,527;96
16176,527;9764
16177,527;3541
16178,527;78
16179,527;103
16180,527;85
16181,527;92
16182,527;9829
16183,527;3543
16184,527;75
16185,527;87
16186,527;89
16187,527;87
16188,527;9767
16189,527;3546
16190,527;91
16191,527;104
16192,527;103
16193,527;93
16194,527;9767
16195,527;3520
16196,527;83
16197,527;101
16198,527;98
16199,527;109
16200,527;9441
16201,527;3545
16202,527;111
16203,527;83
16204,527;97
16205,527;102
16206,527;9713
16207,527;3553
16208,527;101
16209,527;101
16210,527;87
16211,527;100
16212,527;9762
16213,527;3540
16214,527;83
16215,527;96
16216,527;108
16217,527;104
16218,527;9764
16219,527;3554
16220,527;87
16221,527;103
16222,527;98
16223,527;98
16224,527;9756
16225,527;3534
16226,527;85
16227,527;114
16228,527;119
16229,527;101
16230,527;9763
16231,527;3559
16232,527;108
16233,527;99
16234,527;117
16235,527;100
16236,527;9774
16237,527;3556
16238,527;77
16239,527;98
16240,527;98
16241,527;87
16242,527;9780
16243,527;3559
16244,527;85
16245,527;107
16246,527;106
16247,527;108
16248,527;9747
16249,527;3542
16250,527;99
16251,527;99
16252,527;102
16253,527;106
16254,527;9740
16255,527;3547
16256,527;108
16257,527;87
16258,527;117
16259,527;94
16260,527;9790
16261,527;3538
16262,527;90
16262,898;71
16263,898;103
16264,898;99
16265,898;9766
16266,898;3534
16267,898;74
16268,898;94
16269,898;85
16270,898;88
16271,898;9731
16272,898;3564
16273,898;79
16274,898;110
16275,898;81
16276,898;95
16277,898;9755
16278,898;3568
16279,898;80
16280,898;108
16281,898;98
16282,898;103
16283,898;9758
16284,898;3548
16285,898;106
16286,898;87
16287,898;90
16288,898;94
16289,898;9747
16290,898;3554
16291,898;63
16292,898;92
16293,898;88
16294,898;103
16295,898;9739
16296,898;3555
16297,898;64
16298,898;104
16299,898;97
16300,898;113
16301,898;9765
16302,898;3550
16303,898;94
16304,898;106
16305,898;85
16306,898;114
16307,898;9748
16308,898;3563
16309,898;105
16310,898;89
16311,898;95
16312,898;75
16313,898;9759
16314,898;3551
16315,898;85
16316,898;91
16317,898;91
16318,898;116
16319,898;9738
16320,898;3568
16321,898;78
16322,898;108
16323,898;80
16324,898;91
16325,898;9739
16326,898;3531
16327,898;94
16328,898;107
16329,898;110
16330,898;93
16331,898;9744
16332,898;3553
16333,898;84
16334,898;68
16335,898;95
16336,898;95
16337,898;9765
16338,898;3558
16339,898;88
16340,898;73
16341,898;95
16342,898;93
16343,898;9734
16344,898;3574
16345,898;101
16346,898;107
16347,898;94
16348,898;93
16349,898;9742
16350,898;3548
16351,898;74
16352,898;110
16353,898;105
16354,898;97
16355,898;9742
16356,898;3568
16357,898;75
16358,898;102
16359,898;94
16360,898;98
16361,898;9776
16362,898;3565
16365,574;88
16366,574;93
16367,574;89
16368,574;80
16369,574;9757
16370,574;3540
16371,574;79
16372,574;100
16373,574;110
16374,574;98
16375,574;9754
16376,574;3563
16377,574;92
16378,574;100
16379,574;84
16380,574;100
16381,574;9737
16382,574;3558
16383,574;86
16384,574;81
16385,574;94
16386,574;88
16387,574;9738
16388,574;3585
16389,574;108
16390,574;89
16391,574;92
16392,574;77
16393,574;9719
16394,574;3590
16395,574;84
16396,574;92
16397,574;105
16398,574;105
16399,574;9747
16400,574;3560
16401,574;73
16402,574;74
16403,574;93
16404,574;93
16405,574;9753
16406,574;3554
16407,574;79
16408,574;109
16409,574;100
16410,574;84
16411,574;9731
16412,574;3556
16413,574;83
16414,574;84
16415,574;107
16416,574;95
16417,574;9736
16418,574;3560
16419,574;90
16420,574;80
16421,574;85
16422,574;96
16423,574;9757
16424,574;3569
16425,574;94
16426,574;86
16427,574;89
16428,574;75
16429,574;9734
16430,574;3590
16431,574;92
16432,574;87
16433,574;83
16434,574;91
16435,574;9755
16436,574;3555
16437,574;79
16438,574;78
16439,574;85
16440,574;83
16441,574;9738
16442,574;3584
16443,574;76
16444,574;99
16445,574;83
16446,574;96
16447,574;9744
16448,574;3551
16449,574;81
16450,574;99
16451,574;102
16452,574;90
16453,574;9710
16454,574;3564
16455,574;79
16456,574;85
16457,574;84
16458,574;86
16459,574;9710
16460,574;3585
16461,574;74
16462,574;97
16463,574;91
16464,574;103
16465,574;9733
16465,69;3566
16466,69;84
16467,69;92
16468,69;92
16469,69;97
16470,69;9723
16471,69;3566
16472,69;75
16473,69;115
16474,69;79
16475,69;73
16476,69;9726
16477,69;3587
16478,69;79
16479,69;78
16480,69;94
16481,69;73
16482,69;9702
16483,69;3568
16484,69;88
16485,69;96
16486,69;79
16487,69;83
16488,69;9715
16489,69;3569
16490,69;75
16491,69;59
16492,69;86
16493,69;83
16494,69;9746
16495,69;3575
16496,69;75
16497,69;64
16498,69;78
16499,69;92
16500,69;9725
16501,69;3578
16502,69;69
16503,69;80
16504,69;75
16505,69;78
16506,69;9702
16507,69;3582
16508,69;66
16509,69;68
16510,69;64
16511,69;84
16512,69;9399
16513,69;3577
16514,69;66
16515,69;76
16516,69;91
16517,69;79
16518,69;9621
16519,69;3576
16520,69;96
16521,69;62
16522,69;101
16523,69;90
16524,69;9707
16525,69;3582
16526,69;77
16527,69;72
16528,69;85
16529,69;85
16530,69;9737
16531,69;3524
16532,69;76
16533,69;89
16534,69;75
16535,69;71
16536,69;9726
16537,69;3579
16538,69;81
16539,69;102
16540,69;103
16541,69;90
16542,69;9696
16543,69;3591
16544,69;83
16545,69;101
16546,69;71
16547,69;81
16548,69;9710
16549,69;3590
16550,69;94
16551,69;85
16552,69;83
16553,69;92
16554,69;9718
16555,69;3586
16556,69;85
16557,69;86
16558,69;84
16559,69;111
16560,69;9735
16561,69;3567
16562,69;70
16563,69;81
16564,69;79
16565,69;94
16566,433;9741
16567,433;3568
16568,433;80
16569,433;78
16570,433;104
16571,433;90
16572,433;9685
16573,433;3565
16574,433;87
16575,433;98
16576,433;94
16577,433;74
16578,433;9690
16579,433;3592
16580,433;96
16581,433;81
16582,433;88
16583,433;91
16584,433;9735
16585,433;3591
16586,433;88
16587,433;89
16588,433;85
16589,433;79
16590,433;9703
16591,433;3604
16592,433;76
16593,433;94
16594,433;109
16595,433;96
16596,433;9684
16597,433;3573
16598,433;88
16599,433;102
16600,433;95
16601,433;90
16602,433;9680
16603,433;3592
16604,433;89
16605,433;88
16606,433;78
16607,433;75
16608,433;9693
16609,433;3622
16610,433;106
16611,433;90
16612,433;73
16613,433;91
16614,433;9703
16615,433;3588
16616,433;77
16617,433;107
16618,433;87
16619,433;102
16620,433;9715
16621,433;3588
16622,433;88
16623,433;88
16624,433;85
16625,433;88
16626,433;9686
16627,433;3597
16628,433;75
16629,433;82
16630,433;82
16631,433;98
16632,433;9690
16633,433;3618
16634,433;89
16635,433;96
16636,433;90
16637,433;93
16638,433;9715
16639,433;3606
16640,433;85
16641,433;88
16642,433;87
16643,433;88
16644,433;9733
16645,433;3597
16646,433;103
16647,433;81
16648,433;83
16649,433;88
16650,433;9698
16651,433;3589
16652,433;103
16653,433;85
16654,433;100
16655,433;95
16656,433;9668
16657,433;3587
16658,433;83
16659,433;111
16660,433;86
16661,433;96
16662,433;9702
16663,433;3600
16664,433;88
16665,433;89
16666,433;73
16667,433;89
16668,433;9683
16669,433;3613
16670,433;90
16671,433;81
16672,433;94
16673,433;107
16674,433;9719
16675,433;3612
16676,433;79
16677,433;87
16678,433;92
16679,433;83
16680,433;9730
16681,433;3607
16682,433;78
16683,433;89
16684,433;91
16685,433;72
16686,433;9685
16687,433;3622
16688,433;95
16689,433;75
16690,433;90
16691,433;91
16692,433;9694
16693,433;3620
16694,433;94
16695,433;75
16696,433;113
16697,433;110
16698,433;9703
16699,433;3626
16700,433;72
16701,433;85
16702,433;105
16703,433;80
16704,433;9696
16705,433;3621
16706,433;86
16707,433;96
16708,433;98
16709,433;83
16710,433;9686
16711,433;3592
16712,433;85
16713,433;93
16714,433;100
16715,433;105
16716,433;9698
16717,433;3624
16718,433;104
16719,433;98
16720,433;98
16721,433;97
16722,433;9698
16723,433;3616
16724,433;92
16725,433;97
16726,433;103
16727,433;92
16728,433;9695
16729,433;3599
16730,433;81
16731,433;97
16732,433;96
16733,433;102
16734,433;9711
16735,433;3622
16736,433;83
16737,433;111
16738,433;104
16739,433;104
16740,433;9713
16741,433;3638
16742,433;94
16743,433;88
16744,433;104
16745,433;89
16746,433;9689
16747,433;3627
16748,433;97
16749,433;80
16750,433;106
16751,433;89
16752,433;9673
16753,433;3605
16754,433;81
16755,433;92
16756,433;92
16757,433;78
16758,433;9734
16759,433;3621
16760,433;84
16761,433;92
16762,433;81
16763,433;101
16764,433;9699
16765,433;3603
16766,433;91
16767,433;117
16768,677;84
16769,677;113
16770,677;9660
16771,677;3615
16772,677;91
16773,677;103
16774,677;104
16775,677;112
16776,677;9719
16777,677;3626
16778,677;101
16779,677;98
16780,677;95
16781,677;102
16782,677;9662
16783,677;3619
16784,677;102
16785,677;91
16786,677;107
16787,677;110
16788,677;9717
16789,677;3623
16790,677;81
16791,677;83
16792,677;107
16793,677;91
16794,677;9677
16795,677;3632
16796,677;88
16797,677;106
16798,677;81
16799,677;96
16800,677;9696
16801,677;3618
16802,677;98
16803,677;107
16804,677;82
16805,677;86
16806,677;9751
16807,677;3541
16808,677;101
16809,677;87
16810,677;99
16811,677;81
16812,677;9658
16813,677;3625
16814,677;89
16815,677;99
16816,677;93
16817,677;90
16818,677;9700
16819,677;3616
16820,677;89
16821,677;104
16822,677;76
16823,677;83
16824,677;9361
16825,677;3637
16826,677;74
16827,677;100
16828,677;101
16829,677;106
16830,677;9605
16831,677;3634
16832,677;98
16833,677;102
16834,677;103
16835,677;92
16836,677;9689
16837,677;3632
16838,677;86
16839,677;103
16840,677;103
16841,677;102
16842,677;9686
16843,677;3626
16844,677;101
16845,677;93
16846,677;112
16847,677;106
16848,677;9656
16849,677;3645
16850,677;79
16851,677;105
16852,677;93
16853,677;105
16854,677;9673
16855,677;3647
16856,677;116
16857,677;113
16858,677;88
16859,677;84
16860,677;9696
16861,677;3628
16862,677;105
16863,677;96
16864,677;105
16865,677;101
16866,677;9670
16867,677;3650
16868,677;83
16870,249;93
16871,249;83
16872,249;87
16873,249;9658
16874,249;3622
16875,249;99
16876,249;75
16877,249;104
16878,249;100
16879,249;9648
16880,249;3637
16881,249;93
16882,249;103
16883,249;101
16884,249;88
16885,249;9674
16886,249;3630
16887,249;98
16888,249;102
16889,249;119
16890,249;98
16891,249;9631
16892,249;3642
16893,249;71
16894,249;76
16895,249;87
16896,249;106
16897,249;9675
16898,249;3645
16899,249;86
16900,249;95
16901,249;118
16902,249;84
16903,249;9673
16904,249;3649
16905,249;88
16906,249;76
16907,249;86
16908,249;83
16909,249;9672
16910,249;3616
16911,249;91
16912,249;85
16913,249;98
16914,249;85
16915,249;9673
16916,249;3644
16917,249;82
16918,249;78
16919,249;89
16920,249;93
16921,249;9763
16922,249;3539
16923,249;125
16924,249;95
16925,249;77
16926,249;101
16927,249;9660
16928,249;3641
16929,249;84
16930,249;79
16931,249;101
16932,249;91
16933,249;9648
16934,249;3646
16935,249;99
16936,249;102
16937,249;95
16938,249;93
16939,249;9641
16940,249;3656
16941,249;98
16942,249;96
16943,249;102
16944,249;86
16945,249;9653
16946,249;3638
16947,249;83
16948,249;79
16949,249;129
16950,249;82
16951,249;9656
16952,249;3635
16953,249;84
16954,249;97
16955,249;100
16956,249;88
16957,249;9652
16958,249;3654
16959,249;52
16960,249;81
16961,249;94
16962,249;91
16963,249;9648
16964,249;3643
16965,249;86
16966,249;81
16967,249;83
16968,249;98
16969,249;9651
16970,249;3639
16970,866;102
16971,866;84
16972,866;94
16973,866;107
16974,866;9659
16975,866;3648
16976,866;86
16977,866;97
16978,866;82
16979,866;95
16980,866;9652
16981,866;3684
16982,866;91
16983,866;76
16984,866;85
16985,866;89
16986,866;9636
16987,866;3650
16988,866;85
16989,866;74
16990,866;88
16991,866;89
16992,866;9650
16993,866;3675
16994,866;81
16995,866;86
16996,866;113
16997,866;101
16998,866;9662
16999,866;3661
17000,866;72
17001,866;91
17002,866;98
17003,866;114
17004,866;9643
17005,866;3654
17006,866;96
17007,866;93
17008,866;101
17009,866;83
17010,866;9625
17011,866;3639
17012,866;110
17013,866;84
17014,866;97
17015,866;89
17016,866;9676
17017,866;3661
17018,866;77
17019,866;108
17020,866;89
17021,866;89
17022,866;9640
17023,866;3657
17024,866;68
17025,866;85
17026,866;92
17027,866;91
17028,866;9653
17029,866;3666
17030,866;89
17031,866;83
17032,866;102
17033,866;96
17034,866;9656
17035,866;3651
17036,866;72
17037,866;101
17038,866;96
17039,866;80
17040,866;9638
17041,866;3661
17042,866;92
17043,866;90
17044,866;92
17045,866;97
17046,866;9633
17047,866;3650
17048,866;94
17049,866;94
17050,866;96
17051,866;87
17052,866;9655
17053,866;3656
17054,866;90
17055,866;84
17056,866;86
17057,866;77
17058,866;9611
17059,866;3666
17060,866;76
17061,866;91
17062,866;99
17063,866;75
17064,866;9630
17065,866;3679
17066,866;86
17067,866;80
17068,866;93
17069,866;84
17070,866;9615
17071,796;3668
17072,796;78
17073,796;92
17074,796;89
17075,796;81
17076,796;9654
17077,796;3647
17078,796;82
17079,796;89
17080,796;83
17081,796;91
17082,796;9604
17083,796;3662
17084,796;73
17085,796;75
17086,796;83
17087,796;89
17088,796;9599
17089,796;3629
17090,796;76
17091,796;77
17092,796;92
17093,796;81
17094,796;9654
17095,796;3655
17096,796;81
17097,796;73
17098,796;98
17099,796;90
17100,796;9637
17101,796;3669
17102,796;83
17103,796;97
17104,796;93
17105,796;84
17106,796;9626
17107,796;3678
17108,796;87
17109,796;82
17110,796;76
17111,796;78
17112,796;9623
17113,796;3661
17114,796;71
17115,796;80
17116,796;96
17117,796;83
17118,796;9610
17119,796;3669
17120,796;66
17121,796;100
17122,796;77
17123,796;84
17124,796;9583
17125,796;3633
17126,796;86
17127,796;94
17128,796;85
17129,796;75
17130,796;9599
17131,796;3659
17132,796;70
17133,796;74
17134,796;95
17135,796;65
17136,796;9303
17137,796;3661
17138,796;83
17139,796;83
17140,796;83
17141,796;89
17142,796;9567
17143,796;3627
17144,796;64
17145,796;77
17146,796;84
17147,796;77
17148,796;9622
17149,796;3682
17150,796;70
17151,796;73
17152,796;75
17153,796;91
17154,796;9632
17155,796;3671
17156,796;83
17157,796;81
17158,796;72
17159,796;87
17160,796;9595
17161,796;3685
17162,796;73
17163,796;89
17164,796;93
17165,796;95
17166,796;9642
17167,796;3647
17168,796;72
17169,796;79
17170,796;80
17171,796;83
17172,796;9603
17173,796;3668
17174,796;75
17175,796;82
17176,796;64
17177,796;92
17178,796;9601
17179,796;3651
17180,796;88
17181,796;87
17182,796;87
17183,796;110
17184,796;9619
17185,796;3673
17186,796;79
17187,796;81
17188,796;88
17189,796;104
17190,796;9579
17191,796;3685
17192,796;93
17193,796;107
17194,796;94
17195,796;106
17196,796;9590
17197,796;3681
17198,796;73
17199,796;87
17200,796;90
17201,796;85
17202,796;9600
17203,796;3679
17204,796;87
17205,796;71
17206,796;71
17207,796;86
17208,796;9612
17209,796;3692
17210,796;79
17211,796;87
17212,796;94
17213,796;81
17214,796;9601
17215,796;3667
17216,796;92
17217,796;79
17218,796;94
17219,796;85
17220,796;9605
17221,796;3679
17222,796;95
17223,796;88
17224,796;95
17225,796;90
17226,796;9586
17227,796;3657
17228,796;74
17229,796;96
17230,796;88
17231,796;101
17232,796;9613
17233,796;3682
17234,796;75
17235,796;84
17236,796;87
17237,796;91
17238,796;9684
17239,796;3662
17240,796;97
17241,796;82
17242,796;94
17243,796;93
17244,796;9606
17245,796;3686
17246,796;84
17247,796;93
17248,796;110
17249,796;94
17250,796;9589
17251,796;3683
17252,796;103
17253,796;105
17254,796;93
17255,796;96
17256,796;9592
17257,796;3687
17258,796;82
17259,796;103
17260,796;82
17261,796;91
17262,796;9614
17263,796;3682
17264,796;92
17265,796;89
17266,796;87
17267,796;107
17268,796;9601
17269,796;3686
17270,796;83
17271,796;84
17272,796;83
17274,089;90
17275,089;9654
17276,089;3709
17277,089;94
17278,089;112
17279,089;74
17280,089;95
17281,089;9623
17282,089;3686
17283,089;76
17284,089;92
17285,089;82
17286,089;99
17287,089;9589
17288,089;3673
17289,089;91
17290,089;83
17291,089;104
17292,089;97
17293,089;9571
17294,089;3682
17295,089;67
17296,089;89
17297,089;94
17298,089;92
17299,089;9614
17300,089;3699
17301,089;69
17302,089;93
17303,089;107
17304,089;82
17305,089;9624
17306,089;3702
17307,089;92
17308,089;80
17309,089;110
17310,089;91
17311,089;9563
17312,089;3691
17313,089;94
17314,089;82
17315,089;112
17316,089;95
17317,089;9592
17318,089;3688
17319,089;99
17320,089;99
17321,089;97
17322,089;93
17323,089;9578
17324,089;3704
17325,089;90
17326,089;86
17327,089;101
17328,089;105
17329,089;9578
17330,089;3730
17331,089;95
17332,089;96
17333,089;101
17334,089;97
17335,089;9589
17336,089;3692
17337,089;99
17338,089;89
17339,089;85
17340,089;106
17341,089;9605
17342,089;3711
17343,089;74
17344,089;118
17345,089;90
17346,089;113
17347,089;9588
17348,089;3706
17349,089;93
17350,089;89
17351,089;96
17352,089;114
17353,089;9579
17354,089;3738
17355,089;90
17356,089;101
17357,089;92
17358,089;103
17359,089;9618
17360,089;3710
17361,089;103
17362,089;93
17363,089;100
17364,089;92
17365,089;9593
17366,089;3699
17367,089;97
17368,089;97
17369,089;105
17370,089;95
17371,089;9607
17372,089;3714
17373,089;98
17374,089;91
17374,763;99
17375,763;100
17376,763;9609
17377,763;3726
17378,763;75
17379,763;101
17380,763;106
17381,763;98
17382,763;9644
17383,763;3707
17384,763;86
17385,763;102
17386,763;99
17387,763;99
17388,763;9614
17389,763;3718
17390,763;99
17391,763;94
17392,763;98
17393,763;86
17394,763;9603
17395,763;3723
17396,763;82
17397,763;103
17398,763;109
17399,763;113
17400,763;9600
17401,763;3694
17402,763;88
17403,763;102
17404,763;93
17405,763;92
17406,763;9592
17407,763;3727
17408,763;105
17409,763;105
17410,763;97
17411,763;104
17412,763;9582
17413,763;3709
17414,763;83
17415,763;107
17416,763;89
17417,763;114
17418,763;9592
17419,763;3702
17420,763;85
17421,763;85
17422,763;91
17423,763;86
17424,763;9582
17425,763;3721
17426,763;79
17427,763;86
17428,763;95
17429,763;91
17430,763;9559
17431,763;3715
17432,763;58
17433,763;95
17434,763;111
17435,763;94
17436,763;9578
17437,763;3705
17438,763;99
17439,763;92
17440,763;92
17441,763;84
17442,763;9604
17443,763;3713
17444,763;95
17445,763;104
17446,763;75
17447,763;105
17448,763;9229
17449,763;3732
17450,763;98
17451,763;92
17452,763;86
17453,763;102
17454,763;9522
17455,763;3725
17456,763;92
17457,763;98
17458,763;93
17459,763;100
17460,763;9594
17461,763;3702
17462,763;93
17463,763;101
17464,763;84
17465,763;104
17466,763;9601
17467,763;3724
17468,763;86
17469,763;90
17470,763;103
17471,763;97
17472,763;9623
17473,763;3692
17474,763;90
17475,852;98
17476,852;87
17477,852;98
17478,852;9637
17479,852;3741
17480,852;89
17481,852;85
17482,852;89
17483,852;89
17484,852;9557
17485,852;3699
17486,852;92
17487,852;109
17488,852;87
17489,852;96
17490,852;9576
17491,852;3737
17492,852;89
17493,852;98
17494,852;92
17495,852;101
17496,852;9669
17497,852;3602
17498,852;100
17499,852;99
17500,852;87
17501,852;90
17502,852;9670
17503,852;3631
17504,852;89
17505,852;98
17506,852;102
17507,852;100
17508,852;9596
17509,852;3722
17510,852;102
17511,852;93
17512,852;96
17513,852;100
17514,852;9603
17515,852;3711
17516,852;81
17517,852;82
17518,852;84
17519,852;112
17520,852;9588
17521,852;3738
17522,852;85
17523,852;78
17524,852;95
17525,852;87
17526,852;9580
17527,852;3732
17528,852;95
17529,852;87
17530,852;106
17531,852;97
17532,852;9553
17533,852;3725
17534,852;90
17535,852;102
17536,852;86
17537,852;92
17538,852;9576
17539,852;3720
17540,852;89
17541,852;95
17542,852;91
17543,852;86
17544,852;9576
17545,852;3729
17546,852;67
17547,852;105
17548,852;122
17549,852;106
17550,852;9513
17551,852;3736
17552,852;109
17553,852;91
17554,852;78
17555,852;95
17556,852;9566
17557,852;3730
17558,852;89
17559,852;90
17560,852;90
17561,852;86
17562,852;9556
17563,852;3748
17564,852;83
17565,852;74
17566,852;98
17567,852;94
17568,852;9554
17569,852;3748
17570,852;89
17571,852;98
17572,852;101
17573,852;92
17574,852;9575
17575,852;3746
17577,303;72
17578,303;101
17579,303;97
17580,303;97
17581,303;9543
17582,303;3741
17583,303;83
17584,303;99
17585,303;103
17586,303;90
17587,303;9568
17588,303;3742
17589,303;96
17590,303;84
17591,303;104
17592,303;79
17593,303;9562
17594,303;3747
17595,303;85
17596,303;84
17597,303;95
17598,303;104
17599,303;9565
17600,303;3736
17601,303;85
17602,303;100
17603,303;84
17604,303;82
17605,303;9545
17606,303;3732
17607,303;83
17608,303;93
17609,303;108
17610,303;96
17611,303;9516
17612,303;3722
17613,303;91
17614,303;107
17615,303;97
17616,303;103
17617,303;9583
17618,303;3725
17619,303;90
17620,303;90
17621,303;107
17622,303;70
17623,303;9575
17624,303;3745
17625,303;94
17626,303;105
17627,303;91
17628,303;98
17629,303;9574
17630,303;3737
17631,303;85
17632,303;94
17633,303;81
17634,303;92
17635,303;9558
17636,303;3723
17637,303;83
17638,303;103
17639,303;86
17640,303;87
17641,303;9566
17642,303;3726
17643,303;86
17644,303;87
17645,303;93
17646,303;91
17647,303;9514
17648,303;3747
17649,303;92
17650,303;67
17651,303;91
17652,303;85
17653,303;9511
17654,303;3739
17655,303;80
17656,303;92
17657,303;78
17658,303;77
17659,303;9555
17660,303;3737
17661,303;91
17662,303;105
17663,303;96
17664,303;79
17665,303;9536
17666,303;3758
17667,303;101
17668,303;91
17669,303;91
17670,303;87
17671,303;9539
17672,303;3750
17673,303;89
17674,303;105
17675,303;87
17676,303;102
17677,303;9623
17678,303;3688
17679,303;84
17680,303;74
17681,303;84
17682,303;91
17683,303;9527
17684,303;3729
17685,303;82
17686,303;89
17687,303;83
17688,303;90
17689,303;9546
17690,303;3748
17691,303;84
17692,303;80
17693,303;84
17694,303;101
17695,303;9559
17696,303;3771
17697,303;76
17698,303;86
17699,303;83
17700,303;92
17701,303;9537
17702,303;3758
17703,303;85
17704,303;94
17705,303;85
17706,303;86
17707,303;9531
17708,303;3763
17709,303;98
17710,303;74
17711,303;87
17712,303;95
17713,303;9555
17714,303;3737
17715,303;67
17716,303;77
17717,303;98
17718,303;83
17719,303;9531
17720,303;3754
17721,303;78
17722,303;77
17723,303;89
17724,303;85
17725,303;9496
17726,303;3751
17727,303;66
17728,303;74
17729,303;77
17730,303;77
17731,303;9527
17732,303;3713
17733,303;71
17734,303;72
17735,303;74
17736,303;86
17737,303;9489
17738,303;3736
17739,303;73
17740,303;74
17741,303;86
17742,303;97
17743,303;9529
17744,303;3757
17745,303;71
17746,303;83
17747,303;85
17748,303;81
17749,303;9523
17750,303;3749
17751,303;87
17752,303;73
17753,303;99
17754,303;70
17755,303;9491
17756,303;3748
17757,303;83
17758,303;82
17759,303;84
17760,303;82
17761,303;9196
17762,303;3770
17763,303;71
17764,303;77
17765,303;92
17766,303;73
17767,303;9455
17768,303;3744
17769,303;79
17770,303;76
17771,303;83
17772,303;88
17773,303;9500
17774,303;3744
17775,303;76
17776,303;87
17777,303;93
17778,303;86
17779,216;9650
17780,216;3664
17781,216;75
17782,216;85
17783,216;81
17784,216;83
17785,216;9502
17786,216;3778
17787,216;87
17788,216;73
17789,216;94
17790,216;77
17791,216;9472
17792,216;3754
17793,216;79
17794,216;81
17795,216;88
17796,216;98
17797,216;9520
17798,216;3766
17799,216;76
17800,216;83
17801,216;93
17802,216;80
17803,216;9499
17804,216;3750
17805,216;69
17806,216;97
17807,216;81
17808,216;91
17809,216;9533
17810,216;3762
17811,216;79
17812,216;70
17813,216;93
17814,216;99
17815,216;9499
17816,216;3772
17817,216;100
17818,216;103
17819,216;87
17820,216;95
17821,216;9500
17822,216;3768
17823,216;91
17824,216;83
17825,216;78
17826,216;78
17827,216;9519
17828,216;3769
17829,216;74
17830,216;92
17831,216;88
17832,216;103
17833,216;9558
17834,216;3757
17835,216;88
17836,216;71
17837,216;90
17838,216;103
17839,216;9538
17840,216;3800
17841,216;95
17842,216;102
17843,216;96
17844,216;84
17845,216;9509
17846,216;3770
17847,216;86
17848,216;97
17849,216;98
17850,216;103
17851,216;9497
17852,216;3789
17853,216;83
17854,216;99
17855,216;100
17856,216;89
17857,216;9514
17858,216;3803
17859,216;86
17860,216;82
17861,216;110
17862,216;104
17863,216;9481
17864,216;3808
17865,216;83
17866,216;83
17867,216;76
17868,216;97
17869,216;9540
17870,216;3799
17871,216;78
17872,216;78
17873,216;79
17874,216;96
17875,216;9515
17876,216;3775
17877,216;71
17878,216;113
17879,216;69
17879,081;98
17880,081;9483
17881,081;3793
17882,081;85
17883,081;97
17884,081;94
17885,081;89
17886,081;9540
17887,081;3803
17888,081;70
17889,081;96
17890,081;91
17891,081;106
17892,081;9509
17893,081;3785
17894,081;94
17895,081;96
17896,081;83
17897,081;89
17898,081;9520
17899,081;3777
17900,081;81
17901,081;97
17902,081;101
17903,081;100
17904,081;9522
17905,081;3799
17906,081;78
17907,081;97
17908,081;97
17909,081;93
17910,081;9460
17911,081;3768
17912,081;88
17913,081;103
17914,081;117
17915,081;105
17916,081;9531
17917,081;3780
17918,081;90
17919,081;96
17920,081;102
17921,081;97
17922,081;9501
17923,081;3772
17924,081;85
17925,081;93
17926,081;115
17927,081;103
17928,081;9546
17929,081;3769
17930,081;86
17931,081;82
17932,081;103
17933,081;77
17934,081;9515
17935,081;3764
17936,081;82
17937,081;82
17938,081;98
17939,081;106
17940,081;9507
17941,081;3797
17942,081;81
17943,081;95
17944,081;101
17945,081;110
17946,081;9482
17947,081;3778
17948,081;92
17949,081;121
17950,081;82
17951,081;104
17952,081;9505
17953,081;3804
17954,081;94
17955,081;103
17956,081;104
17957,081;92
17958,081;9484
17959,081;3797
17960,081;88
17961,081;85
17962,081;93
17963,081;95
17964,081;9489
17965,081;3784
17966,081;104
17967,081;88
17968,081;93
17969,081;85
17970,081;9521
17971,081;3791
17972,081;95
17973,081;102
17974,081;89
17975,081;92
17976,081;9513
17977,081;3794
17978,081;88
17979,081;90
17981,479;87
17982,479;105
17983,479;9494
17984,479;3812
17985,479;88
17986,479;95
17987,479;98
17988,479;97
17989,479;9613
17990,479;3683
17991,479;102
17992,479;98
17993,479;95
17994,479;107
17995,479;9522
17996,479;3795
17997,479;92
17998,479;80
17999,479;112
18000,479;112
18001,479;9540
18002,479;3826
18003,479;78
18004,479;84
18005,479;88
18006,479;89
18007,479;9618
18008,479;3686
18009,479;91
18010,479;100
18011,479;102
18012,479;98
18013,479;9512
18014,479;3814
18015,479;86
18016,479;105
18017,479;93
18018,479;113
18019,479;9524
18020,479;3822
18021,479;92
18022,479;97
18023,479;91
18024,479;97
18025,479;9483
18026,479;3811
18027,479;106
18028,479;79
18029,479;100
18030,479;97
18031,479;9477
18032,479;3815
18033,479;99
18034,479;84
18035,479;87
18036,479;97
18037,479;9490
18038,479;3817
18039,479;91
18040,479;99
18041,479;87
18042,479;101
18043,479;9481
18044,479;3809
18045,479;81
18046,479;86
18047,479;86
18048,479;98
18049,479;9513
18050,479;3806
18051,479;95
18052,479;97
18053,479;98
18054,479;102
18055,479;9499
18056,479;3827
18057,479;93
18058,479;100
18059,479;94
18060,479;99
18061,479;9511
18062,479;3811
18063,479;96
18064,479;107
18065,479;88
18066,479;92
18067,479;9478
18068,479;3820
18069,479;112
18070,479;92
18071,479;119
18072,479;115
18073,479;9193
18074,479;3819
18075,479;84
18076,479;128
18077,479;87
18078,479;112
18079,479;9458
18080,479;3810
18081,479;82
18082,128;94
18083,128;94
18084,128;108
18085,128;9491
18086,128;3812
18087,128;93
18088,128;90
18089,128;84
18090,128;102
18091,128;9493
18092,128;3818
18093,128;89
18094,128;91
18095,128;106
18096,128;79
18097,128;9482
18098,128;3833
18099,128;90
18100,128;95
18101,128;98
18102,128;101
18103,128;9519
18104,128;3822
18105,128;91
18106,128;95
18107,128;87
18108,128;101
18109,128;9466
18110,128;3808
18111,128;105
18112,128;97
18113,128;102
18114,128;103
18115,128;9472
18116,128;3822
18117,128;100
18118,128;100
18119,128;113
18120,128;99
18121,128;9523
18122,128;3799
18123,128;98
18124,128;97
18125,128;97
18126,128;118
18127,128;9444
18128,128;3811
18129,128;68
18130,128;106
18131,128;82
18132,128;95
18133,128;9503
18134,128;3833
18135,128;83
18136,128;115
18137,128;98
18138,128;90
18139,128;9500
18140,128;3814
18141,128;93
18142,128;91
18143,128;113
18144,128;90
18145,128;9446
18146,128;3797
18147,128;99
18148,128;90
18149,128;95
18150,128;84
18151,128;9460
18152,128;3806
18153,128;91
18154,128;93
18155,128;75
18156,128;87
18157,128;9450
18158,128;3847
18159,128;88
18160,128;86
18161,128;107
18162,128;124
18163,128;9461
18164,128;3824
18165,128;87
18166,128;91
18167,128;82
18168,128;95
18169,128;9463
18170,128;3815
18171,128;111
18172,128;93
18173,128;115
18174,128;94
18175,128;9484
18176,128;3835
18177,128;84
18178,128;102
18179,128;95
18180,128;103
18181,128;9495
18182,128;3826
18183,164;88
18184,164;99
18185,164;98
18186,164;83
18187,164;9485
18188,164;3831
18189,164;89
18190,164;89
18191,164;96
18192,164;96
18193,164;9438
18194,164;3830
18195,164;105
18196,164;79
18197,164;86
18198,164;82
18199,164;9477
18200,164;3828
18201,164;92
18202,164;95
18203,164;89
18204,164;93
18205,164;9480
18206,164;3808
18207,164;87
18208,164;73
18209,164;67
18210,164;90
18211,164;9465
18212,164;3824
18213,164;99
18214,164;82
18215,164;99
18216,164;92
18217,164;9480
18218,164;3833
18219,164;100
18220,164;95
18221,164;102
18222,164;101
18223,164;9468
18224,164;3807
18225,164;90
18226,164;99
18227,164;74
18228,164;105
18229,164;9586
18230,164;3717
18231,164;74
18232,164;94
18233,164;84
18234,164;98
18235,164;9492
18236,164;3820
18237,164;90
18238,164;77
18239,164;89
18240,164;78
18241,164;9459
18242,164;3832
18243,164;74
18244,164;98
18245,164;106
18246,164;95
18247,164;9465
18248,164;3822
18249,164;86
18250,164;91
18251,164;85
18252,164;105
18253,164;9461
18254,164;3822
18255,164;79
18256,164;93
18257,164;101
18258,164;86
18259,164;9461
18260,164;3822
18261,164;80
18262,164;96
18263,164;111
18264,164;74
18265,164;9428
18266,164;3817
18267,164;86
18268,164;97
18269,164;99
18270,164;91
18271,164;9488
18272,164;3774
18273,164;97
18274,164;95
18275,164;100
18276,164;69
18277,164;9429
18278,164;3830
18279,164;92
18280,164;107
18281,164;100
18282,164;104
18283,164;9433
18284,164;3837
18285,164;84
18286,164;94
18287,164;80
18288,164;77
18289,164;9436
18290,164;3841
18291,164;93
18292,164;97
18293,164;86
18294,164;107
18295,164;9478
18296,164;3860
18297,164;93
18298,164;91
18299,164;79
18300,164;88
18301,164;9527
18302,164;3762
18303,164;82
18304,164;76
18305,164;105
18306,164;92
18307,164;9424
18308,164;3842
18309,164;70
18310,164;93
18311,164;98
18312,164;92
18313,164;9410
18314,164;3824
18315,164;89
18316,164;91
18317,164;84
18318,164;85
18319,164;9467
18320,164;3840
18321,164;97
18322,164;88
18323,164;91
18324,164;92
18325,164;9408
18326,164;3849
18327,164;96
18328,164;91
18329,164;111
18330,164;96
18331,164;9437
18332,164;3822
18333,164;86
18334,164;104
18335,164;87
18336,164;81
18337,164;9438
18338,164;3841
18339,164;90
18340,164;104
18341,164;90
18342,164;97
18343,164;9407
18344,164;3845
18345,164;82
18346,164;87
18347,164;82
18348,164;73
18349,164;9402
18350,164;3847
18351,164;69
18352,164;79
18353,164;89
18354,164;87
18355,164;9459
18356,164;3850
18357,164;93
18358,164;68
18359,164;96
18360,164;81
18361,164;9434
18362,164;3854
18363,164;67
18364,164;69
18365,164;93
18366,164;94
18367,164;9432
18368,164;3861
18369,164;80
18370,164;78
18371,164;76
18372,164;90
18373,164;9407
18374,164;3852
18375,164;56
18376,164;75
18377,164;87
18378,164;85
18379,164;9448
18380,164;3832
18381,164;74
18382,164;88
18383,164;91
18384,164;83
18385,091;9088
18386,091;3847
18387,091;87
18388,091;70
18389,091;82
18390,091;87
18391,091;9326
18392,091;3848
18393,091;69
18394,091;98
18395,091;73
18396,091;70
18397,091;9402
18398,091;3855
18399,091;82
18400,091;88
18401,091;87
18402,091;77
18403,091;9392
18404,091;3856
18405,091;66
18406,091;88
18407,091;85
18408,091;89
18409,091;9396
18410,091;3856
18411,091;81
18412,091;91
18413,091;94
18414,091;78
18415,091;9410
18416,091;3840
18417,091;83
18418,091;72
18419,091;99
18420,091;73
18421,091;9414
18422,091;3873
18423,091;88
18424,091;83
18425,091;80
18426,091;89
18427,091;9442
18428,091;3872
18429,091;82
18430,091;76
18431,091;92
18432,091;105
18433,091;9394
18434,091;3855
18435,091;75
18436,091;73
18437,091;81
18438,091;106
18439,091;9411
18440,091;3841
18441,091;88
18442,091;97
18443,091;87
18444,091;91
18445,091;9419
18446,091;3871
18447,091;70
18448,091;78
18449,091;90
18450,091;73
18451,091;9399
18452,091;3857
18453,091;85
18454,091;79
18455,091;92
18456,091;90
18457,091;9408
18458,091;3864
18459,091;90
18460,091;77
18461,091;66
18462,091;92
18463,091;9424
18464,091;3872
18465,091;76
18466,091;73
18467,091;76
18468,091;89
18469,091;9404
18470,091;3872
18471,091;88
18472,091;88
18473,091;82
18474,091;94
18475,091;9436
18476,091;3859
18477,091;78
18478,091;90
18479,091;107
18480,091;90
18481,091;9416
18482,091;3887
18483,091;111
18484,091;91
18485,091;85
18485,361;88
18486,361;9408
18487,361;3866
18488,361;77
18489,361;92
18490,361;82
18491,361;95
18492,361;9404
18493,361;3883
18494,361;75
18495,361;108
18496,361;76
18497,361;91
18498,361;9388
18499,361;3853
18500,361;76
18501,361;113
18502,361;71
18503,361;96
18504,361;9434
18505,361;3863
18506,361;86
18507,361;85
18508,361;97
18509,361;87
18510,361;9405
18511,361;3869
18512,361;77
18513,361;108
18514,361;80
18515,361;93
18516,361;9426
18517,361;3889
18518,361;84
18519,361;96
18520,361;81
18521,361;113
18522,361;9418
18523,361;3871
18524,361;91
18525,361;108
18526,361;81
18527,361;91
18528,361;9394
18529,361;3863
18530,361;79
18531,361;78
18532,361;78
18533,361;90
18534,361;9407
18535,361;3874
18536,361;76
18537,361;83
18538,361;99
18539,361;82
18540,361;9391
18541,361;3898
18542,361;101
18543,361;94
18544,361;109
18545,361;93
18546,361;9360
18547,361;3865
18548,361;74
18549,361;92
18550,361;94
18551,361;92
18552,361;9377
18553,361;3894
18554,361;85
18555,361;91
18556,361;87
18557,361;91
18558,361;9427
18559,361;3861
18560,361;82
18561,361;81
18562,361;103
18563,361;91
18564,361;9383
18565,361;3891
18566,361;71
18567,361;114
18568,361;107
18569,361;75
18570,361;9418
18571,361;3881
18572,361;93
18573,361;95
18574,361;84
18575,361;100
18576,361;9400
18577,361;3870
18578,361;87
18579,361;77
18580,361;95
18581,361;88
18582,361;9409
18583,361;3910
18584,361;87
18585,361;83
18587,135;84
18588,135;120
18589,135;9419
18590,135;3871
18591,135;99
18592,135;98
18593,135;83
18594,135;105
18595,135;9422
18596,135;3879
18597,135;93
18598,135;87
18599,135;95
18600,135;82
18601,135;9401
18602,135;3887
18603,135;88
18604,135;81
18605,135;75
18606,135;94
18607,135;9381
18608,135;3891
18609,135;84
18610,135;69
18611,135;98
18612,135;93
18613,135;9401
18614,135;3884
18615,135;87
18616,135;81
18617,135;93
18618,135;102
18619,135;9396
18620,135;3881
18621,135;106
18622,135;84
18623,135;106
18624,135;89
18625,135;9386
18626,135;3896
18627,135;94
18628,135;108
18629,135;91
18630,135;97
18631,135;9399
18632,135;3906
18633,135;86
18634,135;90
18635,135;103
18636,135;104
18637,135;9382
18638,135;3880
18639,135;93
18640,135;96
18641,135;87
18642,135;98
18643,135;9411
18644,135;3872
18645,135;96
18646,135;95
18647,135;111
18648,135;108
18649,135;9434
18650,135;3912
18651,135;99
18652,135;80
18653,135;93
18654,135;94
18655,135;9478
18656,135;3829
18657,135;93
18658,135;114
18659,135;106
18660,135;95
18661,135;9397
18662,135;3915
18663,135;91
18664,135;85
18665,135;110
18666,135;89
18667,135;9386
18668,135;3919
18669,135;109
18670,135;99
18671,135;108
18672,135;84
18673,135;9400
18674,135;3909
18675,135;74
18676,135;111
18677,135;89
18678,135;77
18679,135;9416
18680,135;3892
18681,135;89
18682,135;120
18683,135;101
18684,135;78
18685,135;9419
18686,135;3898
18687,135;106
18690,759;96
18691,759;84
18692,759;89
18693,759;9373
18694,759;3899
18695,759;74
18696,759;108
18697,759;92
18698,759;112
18699,759;9059
18700,759;3907
18701,759;91
18702,759;103
18703,759;119
18704,759;102
18705,759;9303
18706,759;3929
18707,759;83
18708,759;97
18709,759;86
18710,759;100
18711,759;9365
18712,759;3907
18713,759;93
18714,759;79
18715,759;90
18716,759;95
18717,759;9357
18718,759;3913
18719,759;98
18720,759;90
18721,759;87
18722,759;80
18723,759;9402
18724,759;3894
18725,759;83
18726,759;95
18727,759;92
18728,759;110
18729,759;9367
18730,759;3910
18731,759;108
18732,759;94
18733,759;90
18734,759;99
18735,759;9352
18736,759;3931
18737,759;81
18738,759;88
18739,759;97
18740,759;84
18741,759;9374
18742,759;3923
18743,759;72
18744,759;105
18745,759;94
18746,759;102
18747,759;9360
18748,759;3896
18749,759;88
18750,759;90
18751,759;94
18752,759;94
18753,759;9339
18754,759;3887
18755,759;96
18756,759;106
18757,759;100
18758,759;101
18759,759;9347
18760,759;3920
18761,759;90
18762,759;98
18763,759;79
18764,759;105
18765,759;9381
18766,759;3908
18767,759;82
18768,759;111
18769,759;82
18770,759;91
18771,759;9383
18772,759;3893
18773,759;91
18774,759;106
18775,759;89
18776,759;83
18777,759;9371
18778,759;3909
18779,759;75
18780,759;85
18781,759;100
18782,759;101
18783,759;9325
18784,759;3917
18785,759;87
18786,759;91
18787,759;102
18788,759;117
18789,759;9342
18790,759;3905
18788,759;85
18789,759;81
18790,759;92
18791,759;96
18792,759;9359
18793,759;3920
18794,759;85
18795,759;99
18796,759;84
18797,759;77
18798,759;9381
18799,759;3941
18800,759;91
18801,759;82
18802,759;82
18803,759;77
18804,759;9421
18805,759;3871
18806,759;58
18807,759;83
18808,759;104
18809,759;94
18810,759;9332
18811,759;3937
18812,759;98
18813,759;84
18814,759;96
18815,759;100
18816,759;9354
18817,759;3920
18818,759;94
18819,759;83
18820,759;93
18821,759;91
18822,759;9366
18823,759;3921
18824,759;73
18825,759;80
18826,759;89
18827,759;83
18828,759;9370
18829,759;3908
18830,759;91
18831,759;87
18832,759;101
18833,759;84
18834,759;9367
18835,759;3893
18836,759;86
18837,759;98
18838,759;94
18839,759;97
18840,759;9350
18841,759;3917
18842,759;82
18843,759;96
18844,759;100
18845,759;94
18846,759;9333
18847,759;3908
18848,759;83
18849,759;96
18850,759;78
18851,759;111
18852,759;9319
18853,759;3920
18854,759;87
18855,759;95
18856,759;96
18857,759;99
18858,759;9361
18859,759;3941
18860,759;97
18861,759;70
18862,759;84
18863,759;89
18864,759;9335
18865,759;3923
18866,759;57
18867,759;89
18868,759;106
18869,759;79
18870,759;9304
18871,759;3920
18872,759;80
18873,759;85
18874,759;89
18875,759;83
18876,759;9331
18877,759;3915
18878,759;76
18879,759;98
18880,759;101
18881,759;111
18882,759;9321
18883,759;3927
18884,759;93
18885,759;80
18886,759;80
18887,759;76
18888,759;9333
18889,273;3950
18890,273;83
18891,273;90
18892,273;78
18893,273;91
18894,273;9366
18895,273;3937
18896,273;86
18897,273;88
18898,273;61
18899,273;75
18900,273;9326
18901,273;3934
18902,273;98
18903,273;92
18904,273;84
18905,273;93
18906,273;9288
18907,273;3930
18908,273;72
18909,273;74
18910,273;109
18911,273;93
18912,273;9341
18913,273;3942
18914,273;90
18915,273;94
18916,273;78
18917,273;90
18918,273;9318
18919,273;3921
18920,273;72
18921,273;94
18922,273;94
18923,273;94
18924,273;9314
18925,273;3917
18926,273;89
18927,273;82
18928,273;94
18929,273;107
18930,273;9343
18931,273;3943
18932,273;70
18933,273;90
18934,273;104
18935,273;92
18936,273;9350
18937,273;3934
18938,273;87
18939,273;100
18940,273;77
18941,273;76
18942,273;9317
18943,273;3928
18944,273;79
18945,273;83
18946,273;80
18947,273;93
18948,273;9321
18949,273;3942
18950,273;90
18951,273;83
18952,273;83
18953,273;84
18954,273;9328
18955,273;3933
18956,273;100
18957,273;90
18958,273;86
18959,273;82
18960,273;9328
18961,273;3941
18962,273;85
18963,273;84
18964,273;88
18965,273;84
18966,273;9332
18967,273;3937
18968,273;77
18969,273;82
18970,273;78
18971,273;84
18972,273;9335
18973,273;3964
18974,273;69
18975,273;89
18976,273;84
18977,273;84
18978,273;9315
18979,273;3931
18980,273;68
18981,273;69
18982,273;80
18983,273;89
18984,273;9328
18985,273;3941
18986,273;73
18987,273;106
18988,273;75
18989,273;88
18990,705;9314
18991,705;3933
18992,705;66
18993,705;93
18994,705;79
18995,705;65
18996,705;9325
18997,705;3923
18998,705;69
18999,705;69
19000,705;74
19001,705;77
19002,705;9308
19003,705;3932
