2890,739;5436
2891,739;50
2892,739;64
2893,739;59
2894,739;63
2895,739;67
2896,739;10070
2897,739;50
2898,739;79
2899,739;65
2900,739;66
2901,739;66
2902,739;11030
2903,739;62
2904,739;75
2905,739;71
2906,739;65
2907,739;65
2908,739;11206
2909,739;68
2910,739;65
2911,739;63
2912,739;55
2913,739;66
2914,739;11261
2915,739;49
2916,739;69
2917,739;69
2918,739;71
2919,739;66
2920,739;11225
2921,739;76
2922,739;70
2923,739;62
2924,739;71
2925,739;81
2926,739;11248
2927,739;78
2928,739;75
2929,739;70
2930,739;70
2932,169;77
2933,169;11240
2934,169;71
2935,169;49
2936,169;70
2937,169;68
2938,169;73
2939,169;11257
2940,169;74
2941,169;77
2942,169;54
2943,169;62
2944,169;68
2945,169;11222
2946,169;74
2947,169;62
2948,169;75
2949,169;65
2950,169;77
2951,169;11270
2952,169;66
2953,169;57
2954,169;71
2955,169;67
2956,169;82
2957,169;11230
2958,169;63
2959,169;65
2960,169;65
2961,169;64
2962,169;58
2963,169;11217
2964,169;69
2965,169;63
2966,169;69
2967,169;69
2968,169;64
2969,169;11199
2970,169;66
2971,169;81
2972,169;84
2973,169;81
2974,169;70
2975,169;11199
2976,169;76
2977,169;79
2978,169;82
2979,169;59
2980,169;66
2981,169;11207
2982,169;63
2983,169;74
2984,169;75
2985,169;77
2986,169;67
2987,169;11224
2988,169;72
2989,169;63
2990,169;73
2991,169;86
2992,169;91
2993,169;11207
2994,169;64
2995,169;61
2996,169;70
2997,169;75
2998,169;86
2999,169;11222
3000,169;66
3001,169;63
3002,169;60
3003,169;77
3004,169;74
3005,169;11198
3006,169;77
3007,169;64
3008,169;70
3009,169;62
3010,169;88
3011,169;11192
3012,169;70
3013,169;62
3014,169;58
3015,169;77
3016,169;72
3017,169;11194
3018,169;63
3019,169;83
3020,169;66
3021,169;73
3022,169;64
3023,169;11143
3024,169;74
3025,169;70
3026,169;70
3027,169;77
3028,169;66
3029,169;11193
3030,169;72
3031,169;71
3032,169;88
3033,333;73
3034,333;89
3035,333;11152
3036,333;72
3037,333;71
3038,333;81
3039,333;62
3040,333;82
3041,333;11188
3042,333;57
3043,333;73
3044,333;65
3045,333;92
3046,333;75
3047,333;11181
3048,333;63
3049,333;73
3050,333;78
3051,333;75
3052,333;82
3053,333;11180
3054,333;66
3055,333;74
3056,333;71
3057,333;70
3058,333;73
3059,333;11174
3060,333;63
3061,333;61
3062,333;65
3063,333;76
3064,333;69
3065,333;11165
3066,333;66
3067,333;81
3068,333;65
3069,333;66
3070,333;103
3071,333;11135
3072,333;71
3073,333;68
3074,333;74
3075,333;75
3076,333;68
3077,333;11196
3078,333;59
3079,333;64
3080,333;72
3081,333;67
3082,333;73
3083,333;11141
3084,333;57
3085,333;77
3086,333;72
3087,333;63
3088,333;62
3089,333;11172
3090,333;72
3091,333;68
3092,333;70
3093,333;55
3094,333;62
3095,333;11153
3096,333;65
3097,333;46
3098,333;56
3099,333;68
3100,333;79
3101,333;11125
3102,333;69
3103,333;59
3104,333;66
3105,333;75
3106,333;72
3107,333;11176
3108,333;51
3109,333;60
3110,333;59
3111,333;67
3112,333;72
3113,333;11113
3114,333;59
3115,333;58
3116,333;67
3117,333;68
3118,333;65
3119,333;11154
3120,333;66
3121,333;57
3122,333;64
3123,333;56
3124,333;59
3125,333;11137
3126,333;65
3127,333;62
3128,333;59
3129,333;69
3130,333;78
3131,333;11124
3132,333;38
3133,333;63
3134,333;54
3135,333;53
3136,333;53
3137,333;11162
3138,333;61
3139,333;52
3140,333;65
3141,333;56
3142,333;59
3143,333;11164
3144,333;47
3145,333;55
3146,333;52
3147,333;60
3148,333;61
3149,333;11135
3150,333;46
3151,333;43
3152,333;69
3153,333;62
3154,333;59
3155,333;11138
3156,333;65
3157,333;44
3158,333;50
3159,333;44
3160,333;50
3161,333;11157
3162,333;39
3163,333;34
3164,333;47
3165,333;40
3166,333;58
3167,333;11083
3168,333;72
3169,333;48
3170,333;41
3171,333;55
3172,333;61
3173,333;11132
3174,333;47
3175,333;46
3176,333;53
3177,333;52
3178,333;68
3179,333;11147
3180,333;47
3181,333;63
3182,333;54
3183,333;48
3184,333;52
3185,333;11128
3186,333;42
3187,333;62
3188,333;43
3189,333;58
3190,333;62
3191,333;11144
3192,333;54
3193,333;58
3194,333;48
3195,333;42
3196,333;52
3197,333;11127
3198,333;33
3199,333;50
3200,333;34
3201,333;58
3202,333;47
3203,333;10760
3204,333;44
3205,333;51
3206,333;57
3207,333;63
3208,333;53
3209,333;11066
3210,333;41
3211,333;58
3212,333;44
3213,333;43
3214,333;59
3215,333;11099
3216,333;59
3217,333;58
3218,333;60
3219,333;60
3220,333;70
3221,333;11169
3222,333;54
3223,333;37
3224,333;48
3225,333;47
3226,333;70
3227,333;11114
3228,333;43
3229,333;45
3230,333;51
3231,333;57
3232,333;57
3233,333;11124
3234,333;39
3234,828;42
3235,828;47
3236,828;47
3237,828;50
3238,828;11160
3239,828;50
3240,828;59
3241,828;64
3242,828;50
3243,828;52
3244,828;11149
3245,828;45
3246,828;64
3247,828;61
3248,828;60
3249,828;80
3250,828;11184
3251,828;54
3252,828;58
3253,828;61
3254,828;58
3255,828;47
3256,828;11136
3257,828;55
3258,828;50
3259,828;64
3260,828;52
3261,828;72
3262,828;11168
3263,828;54
3264,828;50
3265,828;72
3266,828;54
3267,828;63
3268,828;11154
3269,828;60
3270,828;57
3271,828;53
3272,828;63
3273,828;86
3274,828;11123
3275,828;54
3276,828;69
3277,828;67
3278,828;55
3279,828;68
3280,828;11144
3281,828;57
3282,828;72
3283,828;53
3284,828;64
3285,828;65
3286,828;11142
3287,828;58
3288,828;72
3289,828;60
3290,828;65
3291,828;73
3292,828;11156
3293,828;52
3294,828;57
3295,828;42
3296,828;61
3297,828;67
3298,828;11157
3299,828;60
3300,828;67
3301,828;73
3302,828;81
3303,828;73
3304,828;11145
3305,828;71
3306,828;86
3307,828;69
3308,828;73
3309,828;77
3310,828;11171
3311,828;72
3312,828;84
3313,828;69
3314,828;50
3315,828;73
3316,828;11141
3317,828;70
3318,828;69
3319,828;55
3320,828;88
3321,828;69
3322,828;11146
3323,828;69
3324,828;76
3325,828;55
3326,828;80
3327,828;70
3328,828;11147
3329,828;70
3330,828;60
3331,828;66
3332,828;60
3333,828;57
3334,828;11147
3335,173;78
3336,173;60
3337,173;83
3338,173;78
3339,173;79
3340,173;11123
3341,173;71
3342,173;59
3343,173;69
3344,173;72
3345,173;67
3346,173;11172
3347,173;59
3348,173;59
3349,173;74
3350,173;91
3351,173;75
3352,173;11138
3353,173;68
3354,173;67
3355,173;68
3356,173;65
3357,173;59
3358,173;11147
3359,173;71
3360,173;68
3361,173;86
3362,173;75
3363,173;87
3364,173;11149
3365,173;81
3366,173;65
3367,173;63
3368,173;78
3369,173;84
3370,173;11127
3371,173;64
3372,173;69
3373,173;84
3374,173;76
3375,173;81
3376,173;11140
3377,173;83
3378,173;70
3379,173;81
3380,173;64
3381,173;79
3382,173;11123
3383,173;71
3384,173;64
3385,173;74
3386,173;55
3387,173;79
3388,173;11141
3389,173;65
3390,173;61
3391,173;74
3392,173;80
3393,173;69
3394,173;11093
3395,173;72
3396,173;57
3397,173;71
3398,173;61
3399,173;69
3400,173;11162
3401,173;73
3402,173;64
3403,173;61
3404,173;56
3405,173;87
3406,173;11107
3407,173;69
3408,173;73
3409,173;79
3410,173;72
3411,173;87
3412,173;11072
3413,173;60
3414,173;56
3415,173;84
3416,173;62
3417,173;71
3418,173;11159
3419,173;57
3420,173;75
3421,173;73
3422,173;68
3423,173;68
3424,173;11127
3425,173;53
3426,173;58
3427,173;66
3428,173;74
3429,173;64
3430,173;11135
3431,173;55
3432,173;64
3433,173;77
3434,173;68
3435,173;72
3436,533;11135
3437,533;61
3438,533;75
3439,533;68
3440,533;77
3441,533;67
3442,533;11137
3443,533;51
3444,533;61
3445,533;64
3446,533;59
3447,533;72
3448,533;11132
3449,533;50
3450,533;67
3451,533;58
3452,533;62
3453,533;71
3454,533;11127
3455,533;56
3456,533;72
3457,533;62
3458,533;73
3459,533;64
3460,533;11134
3461,533;75
3462,533;70
3463,533;62
3464,533;57
3465,533;66
3466,533;11148
3467,533;53
3468,533;82
3469,533;67
3470,533;47
3471,533;57
3472,533;11119
3473,533;66
3474,533;61
3475,533;63
3476,533;57
3477,533;65
3478,533;11146
3479,533;48
3480,533;60
3481,533;55
3482,533;74
3483,533;66
3484,533;11093
3485,533;63
3486,533;61
3487,533;72
3488,533;67
3489,533;80
3490,533;11132
3491,533;65
3492,533;80
3493,533;51
3494,533;87
3495,533;73
3496,533;11137
3497,533;67
3498,533;69
3499,533;65
3500,533;58
3501,533;58
3502,533;11139
3503,533;66
3504,533;51
3505,533;67
3506,533;60
3507,533;63
3508,533;11079
3509,533;64
3510,533;66
3511,533;54
3512,533;65
3513,533;76
3514,533;10773
3515,533;57
3516,533;57
3517,533;78
3518,533;66
3519,533;52
3520,533;11033
3521,533;61
3522,533;75
3523,533;58
3524,533;57
3525,533;57
3526,533;11121
3527,533;55
3528,533;63
3529,533;77
3530,533;61
3531,533;73
3532,533;11135
3533,533;55
3534,533;62
3535,533;75
3536,533;73
3538,096;54
3539,096;11102
3540,096;71
3541,096;68
3542,096;79
3543,096;72
3544,096;79
3545,096;11060
3546,096;65
3547,096;76
3548,096;54
3549,096;61
3550,096;72
3551,096;11135
3552,096;59
3553,096;73
3554,096;66
3555,096;77
3556,096;70
3557,096;11133
3558,096;58
3559,096;63
3560,096;58
3561,096;60
3562,096;66
3563,096;11099
3564,096;82
3565,096;67
3566,096;72
3567,096;75
3568,096;82
3569,096;11111
3570,096;55
3571,096;53
3572,096;67
3573,096;58
3574,096;68
3575,096;11124
3576,096;64
3577,096;67
3578,096;78
3579,096;55
3580,096;62
3581,096;11121
3582,096;71
3583,096;83
3584,096;70
3585,096;51
3586,096;69
3587,096;11125
3588,096;65
3589,096;67
3590,096;65
3591,096;73
3592,096;70
3593,096;11116
3594,096;82
3595,096;76
3596,096;72
3597,096;64
3598,096;70
3599,096;11138
3600,096;59
3601,096;66
3602,096;64
3603,096;70
3604,096;80
3605,096;11100
3606,096;58
3607,096;81
3608,096;69
3609,096;67
3610,096;66
3611,096;11127
3612,096;55
3613,096;72
3614,096;70
3615,096;64
3616,096;76
3617,096;11127
3618,096;57
3619,096;73
3620,096;60
3621,096;78
3622,096;71
3623,096;11167
3624,096;63
3625,096;65
3626,096;75
3627,096;64
3628,096;83
3629,096;11106
3630,096;72
3631,096;77
3632,096;79
3633,096;53
3634,096;80
3635,096;11142
3636,096;61
3637,096;63
3638,096;75
3639,096;68
3640,096;85
3641,096;11122
3642,096;80
3643,096;71
3644,096;58
3645,096;61
3646,096;67
3647,096;11120
3648,096;88
3649,096;65
3650,096;70
3651,096;62
3652,096;62
3653,096;11114
3654,096;71
3655,096;63
3656,096;50
3657,096;65
3658,096;66
3659,096;11118
3660,096;60
3661,096;74
3662,096;80
3663,096;73
3664,096;79
3665,096;11140
3666,096;52
3667,096;64
3668,096;75
3669,096;68
3670,096;79
3671,096;11101
3672,096;65
3673,096;77
3674,096;66
3675,096;77
3676,096;81
3677,096;11119
3678,096;64
3679,096;67
3680,096;83
3681,096;64
3682,096;77
3683,096;11125
3684,096;67
3685,096;78
3686,096;76
3687,096;77
3688,096;67
3689,096;11118
3690,096;68
3691,096;73
3692,096;60
3693,096;70
3694,096;78
3695,096;11093
3696,096;60
3697,096;69
3698,096;75
3699,096;78
3700,096;86
3701,096;11129
3702,096;64
3703,096;67
3704,096;75
3705,096;85
3706,096;72
3707,096;11102
3708,096;68
3709,096;68
3710,096;61
3711,096;67
3712,096;74
3713,096;11138
3714,096;80
3715,096;63
3716,096;59
3717,096;50
3718,096;63
3719,096;11131
3720,096;70
3721,096;68
3722,096;89
3723,096;77
3724,096;74
3725,096;11143
3726,096;67
3727,096;65
3728,096;76
3729,096;71
3730,096;72
3731,096;11117
3732,096;46
3733,096;77
3734,096;71
3735,096;69
3736,096;63
3737,096;11127
3738,096;65
3739,096;64
3740,154;63
3741,154;75
3742,154;74
3743,154;11081
3744,154;61
3745,154;71
3746,154;68
3747,154;60
3748,154;61
3749,154;11130
3750,154;71
3751,154;72
3752,154;59
3753,154;69
3754,154;74
3755,154;11142
3756,154;57
3757,154;56
3758,154;59
3759,154;75
3760,154;66
3761,154;11120
3762,154;49
3763,154;69
3764,154;67
3765,154;69
3766,154;74
3767,154;11111
3768,154;77
3769,154;46
3770,154;68
3771,154;64
3772,154;54
3773,154;11104
3774,154;55
3775,154;71
3776,154;46
3777,154;59
3778,154;57
3779,154;11120
3780,154;42
3781,154;57
3782,154;57
3783,154;52
3784,154;62
3785,154;11085
3786,154;55
3787,154;53
3788,154;64
3789,154;57
3790,154;54
3791,154;11141
3792,154;70
3793,154;55
3794,154;66
3795,154;64
3796,154;53
3797,154;11119
3798,154;46
3799,154;48
3800,154;56
3801,154;55
3802,154;64
3803,154;11104
3804,154;50
3805,154;51
3806,154;45
3807,154;45
3808,154;61
3809,154;11118
3810,154;47
3811,154;54
3812,154;55
3813,154;48
3814,154;55
3815,154;11103
3816,154;49
3817,154;53
3818,154;55
3819,154;68
3820,154;54
3821,154;11080
3822,154;39
3823,154;54
3824,154;48
3825,154;57
3826,154;53
3827,154;10789
3828,154;50
3829,154;54
3830,154;48
3831,154;57
3832,154;60
3833,154;11056
3834,154;51
3835,154;54
3836,154;46
3837,154;53
3838,154;64
3839,154;11125
3840,154;49
3841,173;40
3842,173;42
3843,173;49
3844,173;59
3845,173;11107
3846,173;39
3847,173;70
3848,173;53
3849,173;48
3850,173;62
3851,173;11147
3852,173;52
3853,173;73
3854,173;59
3855,173;51
3856,173;54
3857,173;11117
3858,173;47
3859,173;55
3860,173;53
3861,173;66
3862,173;56
3863,173;11108
3864,173;59
3865,173;47
3866,173;69
3867,173;64
3868,173;71
3869,173;11142
3870,173;55
3871,173;47
3872,173;65
3873,173;54
3874,173;60
3875,173;11132
3876,173;48
3877,173;60
3878,173;49
3879,173;64
3880,173;54
3881,173;11090
3882,173;50
3883,173;66
3884,173;71
3885,173;51
3886,173;68
3887,173;11103
3888,173;59
3889,173;56
3890,173;64
3891,173;56
3892,173;55
3893,173;11125
3894,173;62
3895,173;74
3896,173;64
3897,173;63
3898,173;57
3899,173;11121
3900,173;51
3901,173;80
3902,173;59
3903,173;75
3904,173;67
3905,173;11113
3906,173;57
3907,173;57
3908,173;54
3909,173;75
3910,173;72
3911,173;11137
3912,173;68
3913,173;58
3914,173;63
3915,173;62
3916,173;73
3917,173;11094
3918,173;55
3919,173;61
3920,173;73
3921,173;73
3922,173;73
3923,173;11130
3924,173;56
3925,173;79
3926,173;70
3927,173;69
3928,173;66
3929,173;11109
3930,173;57
3931,173;76
3932,173;72
3933,173;65
3934,173;78
3935,173;11080
3936,173;52
3937,173;50
3938,173;78
3939,173;73
3940,173;80
3941,173;11112
3942,33;69
3943,33;52
3944,33;73
3945,33;73
3946,33;73
3947,33;11131
3948,33;69
3949,33;60
3950,33;58
3951,33;75
3952,33;65
3953,33;11087
3954,33;50
3955,33;70
3956,33;74
3957,33;56
3958,33;65
3959,33;11140
3960,33;64
3961,33;83
3962,33;86
3963,33;78
3964,33;82
3965,33;11126
3966,33;60
3967,33;82
3968,33;68
3969,33;70
3970,33;81
3971,33;11105
3972,33;57
3973,33;70
3974,33;72
3975,33;68
3976,33;86
3977,33;11124
3978,33;77
3979,33;80
3980,33;83
3981,33;80
3982,33;68
3983,33;11144
3984,33;64
3985,33;62
3986,33;75
3987,33;60
3988,33;78
3989,33;11079
3990,33;77
3991,33;75
3992,33;66
3993,33;60
3994,33;79
3995,33;11101
3996,33;64
3997,33;60
3998,33;69
3999,33;69
4000,33;69
4001,33;11104
4002,33;57
4003,33;77
4004,33;77
4005,33;84
4006,33;76
4007,33;11113
4008,33;64
4009,33;65
4010,33;63
4011,33;64
4012,33;66
4013,33;11108
4014,33;68
4015,33;71
4016,33;82
4017,33;74
4018,33;69
4019,33;11110
4020,33;73
4021,33;77
4022,33;60
4023,33;59
4024,33;62
4025,33;11109
4026,33;58
4027,33;72
4028,33;66
4029,33;78
4030,33;83
4031,33;11121
4032,33;64
4033,33;80
4034,33;83
4035,33;74
4036,33;73
4037,33;11087
4038,33;60
4039,33;62
4040,33;66
4041,33;88
4042,33;79
4046,097;11126
4047,097;64
4048,097;75
4049,097;70
4050,097;59
4051,097;75
4052,097;11134
4053,097;67
4054,097;64
4055,097;84
4056,097;62
4057,097;103
4058,097;11098
4059,097;70
4060,097;72
4061,097;73
4062,097;77
4063,097;68
4064,097;11112
4065,097;58
4066,097;74
4067,097;86
4068,097;72
4069,097;80
4070,097;11134
4071,097;61
4072,097;72
4073,097;68
4074,097;73
4075,097;73
4076,097;11121
4077,097;63
4078,097;71
4079,097;68
4080,097;61
4081,097;59
4082,097;11104
4083,097;60
4084,097;71
4085,097;68
4086,097;63
4087,097;87
4088,097;11091
4089,097;61
4090,097;65
4091,097;70
4092,097;69
4093,097;64
4094,097;11089
4095,097;65
4096,097;67
4097,097;67
4098,097;71
4099,097;88
4100,097;11102
4101,097;55
4102,097;66
4103,097;68
4104,097;54
4105,097;67
4106,097;11100
4107,097;72
4108,097;79
4109,097;71
4110,097;84
4111,097;64
4112,097;11098
4113,097;51
4114,097;60
4115,097;68
4116,097;58
4117,097;73
4118,097;11086
4119,097;72
4120,097;63
4121,097;68
4122,097;74
4123,097;72
4124,097;11092
4125,097;69
4126,097;63
4127,097;79
4128,097;65
4129,097;61
4130,097;11118
4131,097;45
4132,097;60
4133,097;61
4134,097;64
4135,097;78
4136,097;11082
4137,097;56
4138,097;70
4139,097;54
4140,097;61
4141,097;64
4142,097;10785
4143,097;51
4144,097;57
4145,097;63
4146,097;89
4144,179;64
4145,179;11016
4146,179;70
4147,179;65
4148,179;66
4149,179;65
4150,179;61
4151,179;11067
4152,179;62
4153,179;61
4154,179;61
4155,179;60
4156,179;50
4157,179;11074
4158,179;75
4159,179;53
4160,179;61
4161,179;82
4162,179;74
4163,179;11089
4164,179;56
4165,179;60
4166,179;66
4167,179;75
4168,179;67
4169,179;11100
4170,179;57
4171,179;58
4172,179;66
4173,179;74
4174,179;72
4175,179;11065
4176,179;78
4177,179;76
4178,179;64
4179,179;79
4180,179;72
4181,179;11109
4182,179;68
4183,179;70
4184,179;76
4185,179;69
4186,179;73
4187,179;11086
4188,179;79
4189,179;72
4190,179;68
4191,179;70
4192,179;71
4193,179;11086
4194,179;64
4195,179;60
4196,179;70
4197,179;61
4198,179;78
4199,179;11053
4200,179;62
4201,179;74
4202,179;71
4203,179;60
4204,179;66
4205,179;11115
4206,179;69
4207,179;76
4208,179;72
4209,179;73
4210,179;64
4211,179;11118
4212,179;68
4213,179;74
4214,179;75
4215,179;76
4216,179;66
4217,179;11141
4218,179;58
4219,179;58
4220,179;66
4221,179;69
4222,179;70
4223,179;11101
4224,179;65
4225,179;52
4226,179;65
4227,179;62
4228,179;68
4229,179;11092
4230,179;74
4231,179;69
4232,179;65
4233,179;71
4234,179;79
4235,179;11105
4236,179;61
4237,179;63
4238,179;78
4239,179;72
4240,179;60
4241,179;11085
4242,179;73
4243,179;74
4244,179;86
4244,179;74
4245,179;82
4246,179;11094
4247,179;53
4248,179;64
4249,179;73
4250,179;64
4251,179;76
4252,179;11088
4253,179;64
4254,179;58
4255,179;79
4256,179;56
4257,179;66
4258,179;11101
4259,179;63
4260,179;87
4261,179;63
4262,179;60
4263,179;77
4264,179;11097
4265,179;67
4266,179;74
4267,179;79
4268,179;81
4269,179;83
4270,179;11125
4271,179;62
4272,179;82
4273,179;69
4274,179;65
4275,179;68
4276,179;11099
4277,179;61
4278,179;54
4279,179;70
4280,179;74
4281,179;84
4282,179;11166
4283,179;43
4284,179;75
4285,179;77
4286,179;75
4287,179;79
4288,179;11101
4289,179;67
4290,179;60
4291,179;67
4292,179;69
4293,179;72
4294,179;11106
4295,179;69
4296,179;80
4297,179;88
4298,179;68
4299,179;80
4300,179;11100
4301,179;66
4302,179;69
4303,179;81
4304,179;63
4305,179;68
4306,179;11080
4307,179;58
4308,179;57
4309,179;81
4310,179;61
4311,179;72
4312,179;11118
4313,179;73
4314,179;64
4315,179;79
4316,179;63
4317,179;64
4318,179;11104
4319,179;64
4320,179;65
4321,179;83
4322,179;75
4323,179;80
4324,179;11106
4325,179;59
4326,179;58
4327,179;66
4328,179;65
4329,179;79
4330,179;11107
4331,179;66
4332,179;60
4333,179;73
4334,179;76
4335,179;78
4336,179;11118
4337,179;76
4338,179;75
4339,179;65
4340,179;70
4341,179;92
4342,179;11121
4343,179;55
4344,179;74
4346,267;65
4347,267;73
4348,267;73
4349,267;11087
4350,267;55
4351,267;62
4352,267;58
4353,267;73
4354,267;63
4355,267;11102
4356,267;58
4357,267;61
4358,267;76
4359,267;73
4360,267;70
4361,267;11143
4362,267;58
4363,267;63
4364,267;77
4365,267;60
4366,267;84
4367,267;11109
4368,267;54
4369,267;69
4370,267;62
4371,267;74
4372,267;64
4373,267;11105
4374,267;62
4375,267;69
4376,267;60
4377,267;76
4378,267;73
4379,267;11119
4380,267;55
4381,267;68
4382,267;62
4383,267;85
4384,267;68
4385,267;11094
4386,267;58
4387,267;56
4388,267;72
4389,267;61
4390,267;75
4391,267;11114
4392,267;69
4393,267;49
4394,267;75
4395,267;52
4396,267;81
4397,267;11139
4398,267;56
4399,267;63
4400,267;56
4401,267;63
4402,267;73
4403,267;11135
4404,267;52
4405,267;67
4406,267;68
4407,267;60
4408,267;60
4409,267;11115
4410,267;42
4411,267;53
4412,267;53
4413,267;53
4414,267;83
4415,267;11108
4416,267;46
4417,267;51
4418,267;47
4419,267;64
4420,267;58
4421,267;11111
4422,267;62
4423,267;54
4424,267;46
4425,267;56
4426,267;64
4427,267;11081
4428,267;55
4429,267;44
4430,267;33
4431,267;51
4432,267;59
4433,267;11085
4434,267;53
4435,267;54
4436,267;51
4437,267;57
4438,267;66
4439,267;11095
4440,267;49
4441,267;75
4442,267;57
4443,267;46
4444,267;60
4445,267;11116
4446,267;62
4447,02;48
4448,02;56
4449,02;53
4450,02;55
4451,02;10764
4452,02;55
4453,02;52
4454,02;53
4455,02;54
4456,02;59
4457,02;11070
4458,02;48
4459,02;49
4460,02;47
4461,02;58
4462,02;48
4463,02;11088
4464,02;43
4465,02;61
4466,02;60
4467,02;54
4468,02;68
4469,02;11084
4470,02;45
4471,02;52
4472,02;68
4473,02;51
4474,02;65
4475,02;11121
4476,02;41
4477,02;51
4478,02;51
4479,02;48
4480,02;61
4481,02;11102
4482,02;42
4483,02;57
4484,02;45
4485,02;61
4486,02;45
4487,02;11130
4488,02;44
4489,02;52
4490,02;58
4491,02;54
4492,02;64
4493,02;11100
4494,02;44
4495,02;49
4496,02;54
4497,02;70
4498,02;53
4499,02;11129
4500,02;52
4501,02;58
4502,02;60
4503,02;69
4504,02;68
4505,02;11103
4506,02;54
4507,02;65
4508,02;68
4509,02;82
4510,02;69
4511,02;11128
4512,02;63
4513,02;69
4514,02;73
4515,02;61
4516,02;66
4517,02;11127
4518,02;70
4519,02;74
4520,02;74
4521,02;60
4522,02;59
4523,02;11137
4524,02;49
4525,02;59
4526,02;54
4527,02;67
4528,02;77
4529,02;11106
4530,02;57
4531,02;61
4532,02;55
4533,02;78
4534,02;77
4535,02;11130
4536,02;58
4537,02;75
4538,02;63
4539,02;64
4540,02;63
4541,02;11109
4542,02;72
4543,02;72
4544,02;75
4545,02;71
4546,02;65
4547,02;11113
4547,101;71
4548,101;66
4549,101;64
4550,101;79
4551,101;76
4552,101;11100
4553,101;64
4554,101;67
4555,101;67
4556,101;74
4557,101;78
4558,101;11121
4559,101;64
4560,101;63
4561,101;70
4562,101;64
4563,101;63
4564,101;11099
4565,101;73
4566,101;70
4567,101;65
4568,101;73
4569,101;79
4570,101;11110
4571,101;77
4572,101;83
4573,101;70
4574,101;60
4575,101;78
4576,101;11099
4577,101;72
4578,101;62
4579,101;68
4580,101;67
4581,101;92
4582,101;11090
4583,101;65
4584,101;74
4585,101;66
4586,101;82
4587,101;78
4588,101;11092
4589,101;51
4590,101;75
4591,101;65
4592,101;79
4593,101;62
4594,101;11084
4595,101;70
4596,101;77
4597,101;64
4598,101;89
4599,101;67
4600,101;11101
4601,101;60
4602,101;61
4603,101;57
4604,101;82
4605,101;74
4606,101;11084
4607,101;65
4608,101;65
4609,101;69
4610,101;79
4611,101;67
4612,101;11081
4613,101;78
4614,101;65
4615,101;83
4616,101;60
4617,101;91
4618,101;11101
4619,101;59
4620,101;63
4621,101;61
4622,101;52
4623,101;70
4624,101;11075
4625,101;59
4626,101;64
4627,101;67
4628,101;76
4629,101;67
4630,101;11132
4631,101;69
4632,101;66
4633,101;68
4634,101;73
4635,101;68
4636,101;11104
4637,101;49
4638,101;64
4639,101;78
4640,101;85
4641,101;70
4642,101;11127
4643,101;73
4644,101;67
4645,101;70
4646,101;73
4647,101;69
4649,212;11077
4650,212;72
4651,212;71
4652,212;77
4653,212;74
4654,212;75
4655,212;11066
4656,212;60
4657,212;61
4658,212;64
4659,212;59
4660,212;76
4661,212;11112
4662,212;64
4663,212;54
4664,212;78
4665,212;77
4666,212;70
4667,212;11093
4668,212;66
4669,212;74
4670,212;65
4671,212;69
4672,212;66
4673,212;11097
4674,212;64
4675,212;64
4676,212;64
4677,212;72
4678,212;75
4679,212;11107
4680,212;74
4681,212;61
4682,212;73
4683,212;73
4684,212;93
4685,212;11084
4686,212;71
4687,212;63
4688,212;71
4689,212;73
4690,212;74
4691,212;11077
4692,212;52
4693,212;63
4694,212;76
4695,212;86
4696,212;67
4697,212;11074
4698,212;62
4699,212;56
4700,212;71
4701,212;79
4702,212;64
4703,212;11100
4704,212;66
4705,212;61
4706,212;76
4707,212;76
4708,212;68
4709,212;11097
4710,212;58
4711,212;59
4712,212;66
4713,212;84
4714,212;79
4715,212;11111
4716,212;71
4717,212;68
4718,212;68
4719,212;66
4720,212;67
4721,212;11089
4722,212;68
4723,212;76
4724,212;61
4725,212;64
4726,212;61
4727,212;11083
4728,212;55
4729,212;63
4730,212;65
4731,212;56
4732,212;59
4733,212;11074
4734,212;61
4735,212;56
4736,212;69
4737,212;56
4738,212;63
4739,212;11087
4740,212;61
4741,212;58
4742,212;58
4743,212;80
4744,212;78
4745,212;11094
4746,212;63
4747,212;72
4748,212;70
4749,212;67
4750,212;82
4751,212;11067
4752,212;56
4753,212;64
4754,212;59
4755,212;63
4756,212;70
4757,212;11133
4758,212;51
4759,212;62
4760,212;68
4761,212;68
4762,212;68
4763,212;10744
4764,212;67
4765,212;56
4766,212;66
4767,212;61
4768,212;65
4769,212;11024
4770,212;58
4771,212;70
4772,212;66
4773,212;66
4774,212;56
4775,212;11056
4776,212;60
4777,212;60
4778,212;58
4779,212;82
4780,212;57
4781,212;11093
4782,212;58
4783,212;58
4784,212;69
4785,212;59
4786,212;71
4787,212;11072
4788,212;68
4789,212;65
4790,212;72
4791,212;69
4792,212;80
4793,212;11100
4794,212;59
4795,212;60
4796,212;65
4797,212;71
4798,212;65
4799,212;11105
4800,212;70
4801,212;59
4802,212;60
4803,212;61
4804,212;55
4805,212;11091
4806,212;60
4807,212;68
4808,212;64
4809,212;79
4810,212;65
4811,212;11093
4812,212;75
4813,212;82
4814,212;72
4815,212;66
4816,212;67
4817,212;11124
4818,212;66
4819,212;49
4820,212;79
4821,212;68
4822,212;70
4823,212;11098
4824,212;63
4825,212;65
4826,212;52
4827,212;62
4828,212;78
4829,212;11112
4830,212;67
4831,212;78
4832,212;76
4833,212;70
4834,212;69
4835,212;11068
4836,212;67
4837,212;53
4838,212;83
4839,212;65
4840,212;78
4841,212;11129
4842,212;64
4843,212;53
4844,212;91
4845,212;80
4846,212;61
4847,212;11093
4848,212;62
4849,212;53
4850,212;68
4850,595;82
4851,595;77
4852,595;11062
4853,595;58
4854,595;76
4855,595;66
4856,595;67
4857,595;73
4858,595;11107
4859,595;51
4860,595;59
4861,595;62
4862,595;67
4863,595;73
4864,595;11083
4865,595;61
4866,595;69
4867,595;67
4868,595;74
4869,595;71
4870,595;11127
4871,595;58
4872,595;75
4873,595;48
4874,595;80
4875,595;65
4876,595;11090
4877,595;69
4878,595;76
4879,595;60
4880,595;72
4881,595;74
4882,595;11127
4883,595;79
4884,595;72
4885,595;64
4886,595;85
4887,595;67
4888,595;11091
4889,595;67
4890,595;50
4891,595;56
4892,595;74
4893,595;82
4894,595;11093
4895,595;54
4896,595;63
4897,595;64
4898,595;69
4899,595;64
4900,595;11105
4901,595;69
4902,595;61
4903,595;82
4904,595;64
4905,595;69
4906,595;11105
4907,595;55
4908,595;62
4909,595;85
4910,595;68
4911,595;58
4912,595;11072
4913,595;80
4914,595;84
4915,595;65
4916,595;83
4917,595;72
4918,595;11096
4919,595;76
4920,595;77
4921,595;81
4922,595;64
4923,595;70
4924,595;11092
4925,595;63
4926,595;75
4927,595;64
4928,595;74
4929,595;75
4930,595;11105
4931,595;63
4932,595;67
4933,595;80
4934,595;80
4935,595;76
4936,595;11098
4937,595;74
4938,595;72
4939,595;62
4940,595;68
4941,595;67
4942,595;11105
4943,595;67
4944,595;64
4945,595;74
4946,595;70
4947,595;82
4948,595;11075
4949,595;58
4950,595;75
4952,164;76
4953,164;70
4954,164;64
4955,164;11098
4956,164;74
4957,164;65
4958,164;61
4959,164;80
4960,164;65
4961,164;11120
4962,164;79
4963,164;60
4964,164;73
4965,164;82
4966,164;69
4967,164;11128
4968,164;79
4969,164;76
4970,164;67
4971,164;82
4972,164;75
4973,164;11128
4974,164;79
4975,164;67
4976,164;53
4977,164;74
4978,164;85
4979,164;11123
4980,164;65
4981,164;55
4982,164;84
4983,164;62
4984,164;70
4985,164;11144
4986,164;66
4987,164;72
4988,164;83
4989,164;73
4990,164;79
4991,164;11119
4992,164;58
4993,164;52
4994,164;55
4995,164;66
4996,164;91
4997,164;11094
4998,164;62
4999,164;60
5000,164;76
5001,164;63
5002,164;77
5003,164;11093
5004,164;59
5005,164;69
5006,164;51
5007,164;64
5008,164;55
5009,164;11109
5010,164;55
5011,164;71
5012,164;73
5013,164;85
5014,164;70
5015,164;11086
5016,164;53
5017,164;58
5018,164;71
5019,164;43
5020,164;65
5021,164;11084
5022,164;56
5023,164;65
5024,164;82
5025,164;64
5026,164;69
5027,164;11135
5028,164;49
5029,164;55
5030,164;55
5031,164;58
5032,164;50
5033,164;11083
5034,164;72
5035,164;72
5036,164;47
5037,164;68
5038,164;69
5039,164;11102
5040,164;54
5041,164;70
5042,164;50
5043,164;63
5044,164;72
5045,164;11096
5046,164;44
5047,164;49
5048,164;55
5049,164;61
5050,164;55
5051,164;11079
5052,164;53
5053,086;56
5054,086;45
5055,086;54
5056,086;76
5057,086;11075
5058,086;54
5059,086;55
5060,086;59
5061,086;56
5062,086;54
5063,086;11102
5064,086;45
5065,086;54
5066,086;50
5067,086;58
5068,086;64
5069,086;11044
5070,086;46
5071,086;45
5072,086;48
5073,086;63
5074,086;45
5075,086;10752
5076,086;36
5077,086;56
5078,086;58
5079,086;45
5080,086;49
5081,086;11032
5082,086;47
5083,086;40
5084,086;56
5085,086;55
5086,086;58
5087,086;11085
5088,086;49
5089,086;53
5090,086;63
5091,086;55
5092,086;51
5093,086;11086
5094,086;43
5095,086;49
5096,086;60
5097,086;55
5098,086;61
5099,086;11124
5100,086;50
5101,086;53
5102,086;61
5103,086;66
5104,086;50
5105,086;11127
5106,086;63
5107,086;49
5108,086;72
5109,086;55
5110,086;66
5111,086;11119
5112,086;50
5113,086;83
5114,086;69
5115,086;65
5116,086;56
5117,086;11091
5118,086;68
5119,086;62
5120,086;79
5121,086;62
5122,086;84
5123,086;11090
5124,086;40
5125,086;81
5126,086;66
5127,086;53
5128,086;68
5129,086;11124
5130,086;61
5131,086;74
5132,086;58
5133,086;51
5134,086;72
5135,086;11109
5136,086;58
5137,086;79
5138,086;68
5139,086;75
5140,086;60
5141,086;11117
5142,086;57
5143,086;63
5144,086;63
5145,086;86
5146,086;67
5147,086;11109
5148,086;61
5149,086;63
5150,086;62
5151,086;72
5152,086;67
5153,086;11121
5154,279;64
5155,279;70
5156,279;58
5157,279;70
5158,279;90
5159,279;11101
5160,279;64
5161,279;65
5162,279;73
5163,279;78
5164,279;86
5165,279;11111
5166,279;56
5167,279;66
5168,279;66
5169,279;59
5170,279;66
5171,279;11117
5172,279;50
5173,279;55
5174,279;63
5175,279;76
5176,279;64
5177,279;11075
5178,279;76
5179,279;80
5180,279;77
5181,279;72
5182,279;79
5183,279;11104
5184,279;67
5185,279;70
5186,279;66
5187,279;72
5188,279;73
5189,279;11111
5190,279;67
5191,279;62
5192,279;73
5193,279;70
5194,279;62
5195,279;11090
5196,279;74
5197,279;85
5198,279;72
5199,279;71
5200,279;67
5201,279;11131
5202,279;76
5203,279;72
5204,279;65
5205,279;82
5206,279;79
5207,279;11089
5208,279;74
5209,279;82
5210,279;91
5211,279;75
5212,279;68
5213,279;11128
5214,279;67
5215,279;60
5216,279;71
5217,279;78
5218,279;77
5219,279;11080
5220,279;67
5221,279;74
5222,279;58
5223,279;67
5224,279;69
5225,279;11124
5226,279;57
5227,279;74
5228,279;55
5229,279;72
5230,279;84
5231,279;11102
5232,279;69
5233,279;77
5234,279;76
5235,279;57
5236,279;86
5237,279;11111
5238,279;51
5239,279;75
5240,279;72
5241,279;62
5242,279;67
5243,279;11084
5244,279;76
5245,279;62
5246,279;75
5247,279;67
5248,279;62
5249,279;11081
5250,279;71
5251,279;65
5252,279;73
5253,279;69
5254,279;66
5255,279;11102
5256,279;80
5257,279;75
5258,279;56
5259,279;58
5260,279;78
5261,279;11058
5262,279;58
5263,279;76
5264,279;72
5265,279;70
5266,279;60
5267,279;11085
5268,279;59
5269,279;68
5270,279;69
5271,279;82
5272,279;72
5273,279;11093
5274,279;80
5275,279;69
5276,279;92
5277,279;62
5278,279;71
5279,279;11058
5280,279;73
5281,279;67
5282,279;78
5283,279;68
5284,279;68
5285,279;11095
5286,279;64
5287,279;54
5288,279;60
5289,279;78
5290,279;79
5291,279;11063
5292,279;52
5293,279;68
5294,279;85
5295,279;65
5296,279;76
5297,279;11095
5298,279;61
5299,279;59
5300,279;73
5301,279;79
5302,279;76
5303,279;11079
5304,279;64
5305,279;63
5306,279;72
5307,279;82
5308,279;78
5309,279;11094
5310,279;66
5311,279;77
5312,279;76
5313,279;64
5314,279;75
5315,279;11080
5316,279;61
5317,279;59
5318,279;80
5319,279;65
5320,279;79
5321,279;11094
5322,279;65
5323,279;61
5324,279;59
5325,279;73
5326,279;73
5327,279;11086
5328,279;83
5329,279;78
5330,279;65
5331,279;64
5332,279;70
5333,279;11119
5334,279;60
5335,279;60
5336,279;65
5337,279;69
5338,279;77
5339,279;11051
5340,279;71
5341,279;64
5342,279;59
5343,279;64
5344,279;86
5345,279;11088
5346,279;78
5347,279;59
5348,279;63
5349,279;74
5350,279;69
5351,279;11063
5352,279;59
5353,279;61
5354,279;75
5355,279;83
5356,404;71
5357,404;11098
5358,404;60
5359,404;67
5360,404;62
5361,404;62
5362,404;70
5363,404;11098
5364,404;46
5365,404;72
5366,404;59
5367,404;80
5368,404;74
5369,404;11066
5370,404;65
5371,404;64
5372,404;66
5373,404;61
5374,404;59
5375,404;11104
5376,404;59
5377,404;68
5378,404;68
5379,404;67
5380,404;81
5381,404;11114
5382,404;63
5383,404;59
5384,404;67
5385,404;66
5386,404;58
5387,404;10760
5388,404;57
5389,404;41
5390,404;57
5391,404;71
5392,404;63
5393,404;11029
5394,404;67
5395,404;61
5396,404;67
5397,404;68
5398,404;63
5399,404;11076
5400,404;49
5401,404;46
5402,404;56
5403,404;52
5404,404;72
5405,404;11067
5406,404;69
5407,404;52
5408,404;87
5409,404;63
5410,404;63
5411,404;11095
5412,404;60
5413,404;62
5414,404;68
5415,404;51
5416,404;65
5417,404;11088
5418,404;76
5419,404;45
5420,404;69
5421,404;72
5422,404;59
5423,404;11101
5424,404;59
5425,404;67
5426,404;69
5427,404;59
5428,404;62
5429,404;11073
5430,404;64
5431,404;53
5432,404;76
5433,404;66
5434,404;63
5435,404;11089
5436,404;68
5437,404;51
5438,404;74
5439,404;69
5440,404;76
5441,404;11087
5442,404;72
5443,404;76
5444,404;67
5445,404;77
5446,404;73
5447,404;11079
5448,404;53
5449,404;77
5450,404;69
5451,404;71
5452,404;77
5453,404;11124
5454,404;65
5455,404;58
5456,404;62
5456,465;52
5457,465;76
5458,465;11077
5459,465;51
5460,465;61
5461,465;69
5462,465;62
5463,465;66
5464,465;11082
5465,465;67
5466,465;70
5467,465;68
5468,465;57
5469,465;59
5470,465;11082
5471,465;63
5472,465;80
5473,465;53
5474,465;68
5475,465;83
5476,465;11131
5477,465;48
5478,465;69
5479,465;72
5480,465;82
5481,465;77
5482,465;11058
5483,465;56
5484,465;84
5485,465;80
5486,465;74
5487,465;61
5488,465;11097
5489,465;67
5490,465;77
5491,465;64
5492,465;68
5493,465;75
5494,465;11101
5495,465;63
5496,465;59
5497,465;77
5498,465;66
5499,465;85
5500,465;11080
5501,465;70
5502,465;62
5503,465;79
5504,465;71
5505,465;72
5506,465;11095
5507,465;68
5508,465;83
5509,465;71
5510,465;68
5511,465;71
5512,465;11085
5513,465;59
5514,465;80
5515,465;73
5516,465;74
5517,465;69
5518,465;11104
5519,465;56
5520,465;73
5521,465;64
5522,465;75
5523,465;69
5524,465;11103
5525,465;62
5526,465;62
5527,465;80
5528,465;78
5529,465;67
5530,465;11113
5531,465;67
5532,465;61
5533,465;70
5534,465;77
5535,465;73
5536,465;11058
5537,465;62
5538,465;67
5539,465;57
5540,465;56
5541,465;66
5542,465;11119
5543,465;54
5544,465;78
5545,465;70
5546,465;88
5547,465;79
5548,465;11079
5549,465;55
5550,465;56
5551,465;64
5552,465;68
5553,465;85
5554,465;11091
5555,465;58
5556,465;70
5558,158;65
5559,158;75
5560,158;87
5561,158;11106
5562,158;78
5563,158;73
5564,158;83
5565,158;76
5566,158;70
5567,158;11087
5568,158;76
5569,158;70
5570,158;75
5571,158;70
5572,158;74
5573,158;11103
5574,158;62
5575,158;81
5576,158;81
5577,158;73
5578,158;94
5579,158;11080
5580,158;62
5581,158;70
5582,158;69
5583,158;69
5584,158;75
5585,158;11075
5586,158;60
5587,158;67
5588,158;57
5589,158;72
5590,158;58
5591,158;11112
5592,158;73
5593,158;87
5594,158;69
5595,158;65
5596,158;71
5597,158;11075
5598,158;70
5599,158;65
5600,158;67
5601,158;65
5602,158;73
5603,158;11073
5604,158;81
5605,158;63
5606,158;70
5607,158;72
5608,158;74
5609,158;11088
5610,158;53
5611,158;49
5612,158;63
5613,158;92
5614,158;68
5615,158;11071
5616,158;59
5617,158;69
5618,158;58
5619,158;73
5620,158;75
5621,158;11081
5622,158;49
5623,158;67
5624,158;61
5625,158;78
5626,158;77
5627,158;11090
5628,158;63
5629,158;69
5630,158;63
5631,158;68
5632,158;74
5633,158;11095
5634,158;48
5635,158;71
5636,158;59
5637,158;73
5638,158;57
5639,158;11085
5640,158;51
5641,158;70
5642,158;60
5643,158;71
5644,158;67
5645,158;11081
5646,158;52
5647,158;69
5648,158;75
5649,158;61
5650,158;73
5651,158;11110
5652,158;52
5653,158;61
5654,158;63
5655,158;70
5656,158;68
5657,158;11120
5658,158;62
5658,624;57
5659,624;62
5660,624;68
5661,624;72
5662,624;11079
5663,624;60
5664,624;53
5665,624;50
5666,624;63
5667,624;66
5668,624;11115
5669,624;59
5670,624;60
5671,624;59
5672,624;42
5673,624;73
5674,624;11081
5675,624;77
5676,624;61
5677,624;59
5678,624;57
5679,624;72
5680,624;11129
5681,624;59
5682,624;61
5683,624;45
5684,624;42
5685,624;59
5686,624;11111
5687,624;65
5688,624;46
5689,624;60
5690,624;61
5691,624;60
5692,624;11080
5693,624;54
5694,624;60
5695,624;50
5696,624;58
5697,624;78
5698,624;10747
5699,624;53
5700,624;59
5701,624;49
5702,624;57
5703,624;46
5704,624;11030
5705,624;59
5706,624;57
5707,624;58
5708,624;49
5709,624;55
5710,624;11113
5711,624;65
5712,624;68
5713,624;53
5714,624;62
5715,624;59
5716,624;11102
5717,624;44
5718,624;53
5719,624;53
5720,624;56
5721,624;60
5722,624;11137
5723,624;59
5724,624;63
5725,624;56
5726,624;46
5727,624;63
5728,624;11108
5729,624;77
5730,624;67
5731,624;64
5732,624;53
5733,624;66
5734,624;11106
5735,624;56
5736,624;61
5737,624;75
5738,624;61
5739,624;59
5740,624;11118
5741,624;63
5742,624;58
5743,624;66
5744,624;69
5745,624;58
5746,624;11098
5747,624;53
5748,624;52
5749,624;64
5750,624;60
5751,624;69
5752,624;11065
5753,624;77
5754,624;77
5755,624;53
5756,624;68
5757,624;65
5758,624;11084
5759,624;62
5760,624;71
5761,624;68
5762,624;66
5763,624;88
5764,624;11101
5765,624;61
5766,624;63
5767,624;68
5768,624;63
5769,624;74
5770,624;11108
5771,624;64
5772,624;67
5773,624;64
5774,624;70
5775,624;82
5776,624;11110
5777,624;61
5778,624;57
5779,624;65
5780,624;67
5781,624;77
5782,624;11096
5783,624;71
5784,624;61
5785,624;73
5786,624;63
5787,624;80
5788,624;11090
5789,624;82
5790,624;66
5791,624;78
5792,624;60
5793,624;71
5794,624;11114
5795,624;64
5796,624;72
5797,624;76
5798,624;63
5799,624;61
5800,624;11104
5801,624;63
5802,624;56
5803,624;78
5804,624;60
5805,624;79
5806,624;11087
5807,624;72
5808,624;83
5809,624;72
5810,624;88
5811,624;70
5812,624;11109
5813,624;64
5814,624;71
5815,624;61
5816,624;66
5817,624;63
5818,624;11085
5819,624;66
5820,624;55
5821,624;78
5822,624;67
5823,624;72
5824,624;11093
5825,624;75
5826,624;63
5827,624;79
5828,624;73
5829,624;87
5830,624;11086
5831,624;68
5832,624;69
5833,624;66
5834,624;82
5835,624;74
5836,624;11098
5837,624;62
5838,624;69
5839,624;73
5840,624;70
5841,624;65
5842,624;11099
5843,624;78
5844,624;85
5845,624;70
5846,624;60
5847,624;71
5848,624;11097
5849,624;67
5850,624;68
5851,624;71
5852,624;67
5853,624;73
5854,624;11119
5855,624;48
5856,624;62
5857,624;70
5858,624;67
5859,624;66
5861,082;11107
5862,082;58
5863,082;60
5864,082;73
5865,082;63
5866,082;76
5867,082;11101
5868,082;57
5869,082;59
5870,082;64
5871,082;52
5872,082;87
5873,082;11073
5874,082;65
5875,082;60
5876,082;66
5877,082;66
5878,082;75
5879,082;11111
5880,082;67
5881,082;71
5882,082;67
5883,082;72
5884,082;89
5885,082;11088
5886,082;48
5887,082;63
5888,082;70
5889,082;66
5890,082;75
5891,082;11058
5892,082;67
5893,082;68
5894,082;69
5895,082;69
5896,082;68
5897,082;11103
5898,082;58
5899,082;76
5900,082;64
5901,082;70
5902,082;76
5903,082;11083
5904,082;74
5905,082;57
5906,082;57
5907,082;72
5908,082;82
5909,082;11062
5910,082;45
5911,082;57
5912,082;57
5913,082;63
5914,082;65
5915,082;11087
5916,082;76
5917,082;60
5918,082;91
5919,082;50
5920,082;63
5921,082;11105
5922,082;51
5923,082;77
5924,082;66
5925,082;86
5926,082;64
5927,082;11105
5928,082;61
5929,082;72
5930,082;66
5931,082;78
5932,082;80
5933,082;11081
5934,082;71
5935,082;75
5936,082;64
5937,082;63
5938,082;72
5939,082;11098
5940,082;78
5941,082;70
5942,082;73
5943,082;69
5944,082;48
5945,082;11106
5946,082;55
5947,082;65
5948,082;66
5949,082;71
5950,082;74
5951,082;11103
5952,082;58
5953,082;73
5954,082;74
5955,082;68
5956,082;74
5957,082;11080
5958,082;50
5959,082;66
5960,082;66
5961,082;59
5962,18;69
5963,18;11117
5964,18;67
5965,18;54
5966,18;57
5967,18;65
5968,18;80
5969,18;11085
5970,18;66
5971,18;64
5972,18;77
5973,18;74
5974,18;72
5975,18;11063
5976,18;67
5977,18;72
5978,18;70
5979,18;92
5980,18;63
5981,18;11088
5982,18;76
5983,18;68
5984,18;76
5985,18;67
5986,18;68
5987,18;11060
5988,18;62
5989,18;64
5990,18;63
5991,18;83
5992,18;70
5993,18;11089
5994,18;62
5995,18;63
5996,18;53
5997,18;60
5998,18;76
5999,18;11060
6000,18;59
6001,18;53
6002,18;70
6003,18;66
6004,18;78
6005,18;11069
6006,18;70
6007,18;76
6008,18;54
6009,18;58
6010,18;71
6011,18;10719
6012,18;64
6013,18;65
6014,18;77
6015,18;57
6016,18;69
6017,18;11020
6018,18;73
6019,18;73
6020,18;64
6021,18;71
6022,18;73
6023,18;11055
6024,18;71
6025,18;55
6026,18;61
6027,18;56
6028,18;69
6029,18;11084
6030,18;53
6031,18;61
6032,18;71
6033,18;79
6034,18;73
6035,18;11062
6036,18;43
6037,18;78
6038,18;78
6039,18;66
6040,18;68
6041,18;11103
6042,18;66
6043,18;76
6044,18;63
6045,18;62
6046,18;75
6047,18;11057
6048,18;66
6049,18;72
6050,18;72
6051,18;72
6052,18;68
6053,18;11059
6054,18;69
6055,18;69
6056,18;73
6057,18;72
6058,18;69
6059,18;11057
6060,18;65
6061,18;68
6062,18;62
6063,09;67
6064,09;60
6065,09;11065
6066,09;56
6067,09;78
6068,09;61
6069,09;67
6070,09;85
6071,09;11091
6072,09;67
6073,09;59
6074,09;68
6075,09;66
6076,09;78
6077,09;11090
6078,09;51
6079,09;75
6080,09;65
6081,09;61
6082,09;91
6083,09;11097
6084,09;42
6085,09;55
6086,09;70
6087,09;77
6088,09;76
6089,09;11089
6090,09;67
6091,09;72
6092,09;61
6093,09;64
6094,09;77
6095,09;11087
6096,09;67
6097,09;59
6098,09;59
6099,09;92
6100,09;83
6101,09;11080
6102,09;64
6103,09;64
6104,09;73
6105,09;63
6106,09;69
6107,09;11067
6108,09;72
6109,09;67
6110,09;70
6111,09;77
6112,09;70
6113,09;11092
6114,09;55
6115,09;66
6116,09;65
6117,09;65
6118,09;66
6119,09;11106
6120,09;63
6121,09;71
6122,09;71
6123,09;81
6124,09;58
6125,09;11105
6126,09;64
6127,09;73
6128,09;73
6129,09;59
6130,09;79
6131,09;11134
6132,09;65
6133,09;73
6134,09;68
6135,09;52
6136,09;75
6137,09;11118
6138,09;62
6139,09;56
6140,09;67
6141,09;78
6142,09;68
6143,09;11103
6144,09;61
6145,09;69
6146,09;61
6147,09;74
6148,09;69
6149,09;11114
6150,09;64
6151,09;80
6152,09;85
6153,09;62
6154,09;78
6155,09;11070
6156,09;64
6157,09;71
6158,09;78
6159,09;63
6160,09;62
6161,09;11082
6162,09;78
6163,09;79
6162,983;81
6163,983;79
6164,983;75
6165,983;11079
6166,983;61
6167,983;66
6168,983;65
6169,983;79
6170,983;89
6171,983;11078
6172,983;58
6173,983;83
6174,983;83
6175,983;82
6176,983;84
6177,983;11104
6178,983;70
6179,983;66
6180,983;61
6181,983;70
6182,983;63
6183,983;11107
6184,983;79
6185,983;75
6186,983;67
6187,983;64
6188,983;77
6189,983;11082
6190,983;69
6191,983;63
6192,983;75
6193,983;60
6194,983;73
6195,983;11104
6196,983;77
6197,983;72
6198,983;59
6199,983;70
6200,983;72
6201,983;11081
6202,983;72
6203,983;75
6204,983;66
6205,983;72
6206,983;62
6207,983;11102
6208,983;63
6209,983;76
6210,983;71
6211,983;66
6212,983;82
6213,983;11133
6214,983;73
6215,983;71
6216,983;71
6217,983;72
6218,983;63
6219,983;11105
6220,983;72
6221,983;71
6222,983;63
6223,983;68
6224,983;76
6225,983;11081
6226,983;69
6227,983;63
6228,983;75
6229,983;87
6230,983;78
6231,983;11115
6232,983;60
6233,983;64
6234,983;69
6235,983;89
6236,983;70
6237,983;11079
6238,983;76
6239,983;61
6240,983;82
6241,983;71
6242,983;71
6243,983;11085
6244,983;77
6245,983;74
6246,983;79
6247,983;64
6248,983;72
6249,983;11125
6250,983;54
6251,983;75
6252,983;59
6253,983;66
6254,983;79
6255,983;11103
6256,983;65
6257,983;67
6258,983;83
6259,983;72
6260,983;68
6261,983;11082
6262,983;69
6265,011;64
6266,011;74
6267,011;61
6268,011;68
6269,011;11072
6270,011;65
6271,011;75
6272,011;68
6273,011;75
6274,011;71
6275,011;11114
6276,011;64
6277,011;60
6278,011;64
6279,011;80
6280,011;75
6281,011;11075
6282,011;64
6283,011;60
6284,011;79
6285,011;69
6286,011;81
6287,011;11085
6288,011;63
6289,011;52
6290,011;61
6291,011;54
6292,011;55
6293,011;11095
6294,011;51
6295,011;59
6296,011;57
6297,011;62
6298,011;67
6299,011;11100
6300,011;53
6301,011;55
6302,011;49
6303,011;56
6304,011;64
6305,011;11067
6306,011;54
6307,011;52
6308,011;63
6309,011;50
6310,011;58
6311,011;11075
6312,011;68
6313,011;54
6314,011;47
6315,011;73
6316,011;55
6317,011;11089
6318,011;54
6319,011;49
6320,011;57
6321,011;62
6322,011;59
6323,011;10729
6324,011;59
6325,011;56
6326,011;57
6327,011;48
6328,011;62
6329,011;11000
6330,011;53
6331,011;51
6332,011;69
6333,011;45
6334,011;60
6335,011;11087
6336,011;61
6337,011;47
6338,011;54
6339,011;60
6340,011;57
6341,011;11075
6342,011;72
6343,011;59
6344,011;62
6345,011;69
6346,011;55
6347,011;11128
6348,011;53
6349,011;52
6350,011;63
6351,011;55
6352,011;71
6353,011;11077
6354,011;45
6355,011;65
6356,011;70
6357,011;66
6358,011;61
6359,011;11096
6360,011;53
6361,011;64
6362,011;75
6363,011;67
6364,011;72
6365,011;11071
6366,011;58
6367,011;52
6368,011;76
6369,011;88
6370,011;64
6371,011;11103
6372,011;65
6373,011;64
6374,011;69
6375,011;61
6376,011;76
6377,011;11080
6378,011;67
6379,011;81
6380,011;59
6381,011;72
6382,011;68
6383,011;11111
6384,011;78
6385,011;70
6386,011;84
6387,011;79
6388,011;80
6389,011;11106
6390,011;64
6391,011;63
6392,011;61
6393,011;59
6394,011;70
6395,011;11107
6396,011;54
6397,011;77
6398,011;81
6399,011;59
6400,011;78
6401,011;11083
6402,011;60
6403,011;68
6404,011;69
6405,011;72
6406,011;79
6407,011;11089
6408,011;74
6409,011;72
6410,011;50
6411,011;79
6412,011;70
6413,011;11108
6414,011;57
6415,011;72
6416,011;73
6417,011;71
6418,011;77
6419,011;11111
6420,011;53
6421,011;63
6422,011;74
6423,011;53
6424,011;72
6425,011;11118
6426,011;74
6427,011;66
6428,011;59
6429,011;56
6430,011;82
6431,011;11084
6432,011;47
6433,011;78
6434,011;72
6435,011;80
6436,011;81
6437,011;11104
6438,011;75
6439,011;82
6440,011;71
6441,011;80
6442,011;101
6443,011;11113
6444,011;56
6445,011;79
6446,011;65
6447,011;72
6448,011;75
6449,011;11068
6450,011;54
6451,011;82
6452,011;83
6453,011;58
6454,011;71
6455,011;11068
6456,011;74
6457,011;66
6458,011;75
6459,011;72
6460,011;62
6461,011;11093
6462,011;69
6463,011;69
6464,011;69
6465,011;80
6466,011;81
6467,349;11073
6468,349;72
6469,349;61
6470,349;67
6471,349;74
6472,349;89
6473,349;11081
6474,349;68
6475,349;62
6476,349;78
6477,349;68
6478,349;66
6479,349;11073
6480,349;66
6481,349;57
6482,349;68
6483,349;84
6484,349;76
6485,349;11058
6486,349;68
6487,349;81
6488,349;65
6489,349;79
6490,349;66
6491,349;11076
6492,349;73
6493,349;64
6494,349;71
6495,349;78
6496,349;82
6497,349;11086
6498,349;65
6499,349;55
6500,349;68
6501,349;69
6502,349;85
6503,349;11065
6504,349;77
6505,349;83
6506,349;67
6507,349;83
6508,349;67
6509,349;11051
6510,349;55
6511,349;71
6512,349;59
6513,349;65
6514,349;61
6515,349;11070
6516,349;69
6517,349;58
6518,349;63
6519,349;67
6520,349;73
6521,349;11071
6522,349;68
6523,349;75
6524,349;68
6525,349;69
6526,349;74
6527,349;11050
6528,349;69
6529,349;70
6530,349;60
6531,349;69
6532,349;74
6533,349;11046
6534,349;63
6535,349;73
6536,349;57
6537,349;91
6538,349;69
6539,349;11109
6540,349;54
6541,349;79
6542,349;58
6543,349;62
6544,349;85
6545,349;11048
6546,349;63
6547,349;63
6548,349;61
6549,349;68
6550,349;68
6551,349;11095
6552,349;72
6553,349;66
6554,349;57
6555,349;79
6556,349;62
6557,349;11090
6558,349;54
6559,349;66
6560,349;66
6561,349;62
6562,349;84
6563,349;11039
6564,349;63
6565,349;62
6566,349;57
6567,349;71
6568,188;79
6569,188;11089
6570,188;58
6571,188;69
6572,188;62
6573,188;62
6574,188;64
6575,188;11088
6576,188;72
6577,188;69
6578,188;82
6579,188;67
6580,188;62
6581,188;11094
6582,188;61
6583,188;64
6584,188;66
6585,188;63
6586,188;55
6587,188;11110
6588,188;60
6589,188;58
6590,188;71
6591,188;82
6592,188;61
6593,188;11079
6594,188;55
6595,188;63
6596,188;59
6597,188;76
6598,188;56
6599,188;11071
6600,188;61
6601,188;63
6602,188;74
6603,188;71
6604,188;71
6605,188;11085
6606,188;60
6607,188;63
6608,188;56
6609,188;60
6610,188;58
6611,188;11064
6612,188;56
6613,188;68
6614,188;66
6615,188;69
6616,188;55
6617,188;11068
6618,188;41
6619,188;67
6620,188;67
6621,188;69
6622,188;60
6623,188;11093
6624,188;63
6625,188;69
6626,188;62
6627,188;70
6628,188;52
6629,188;11101
6630,188;62
6631,188;64
6632,188;60
6633,188;76
6634,188;74
6635,188;10745
6636,188;76
6637,188;78
6638,188;76
6639,188;41
6640,188;69
6641,188;11002
6642,188;57
6643,188;71
6644,188;73
6645,188;63
6646,188;82
6647,188;11083
6648,188;60
6649,188;43
6650,188;59
6651,188;61
6652,188;67
6653,188;11084
6654,188;61
6655,188;56
6656,188;62
6657,188;58
6658,188;69
6659,188;11085
6660,188;57
6661,188;61
6662,188;64
6663,188;63
6664,188;71
6665,188;11051
6666,188;70
6667,188;48
6668,188;75
6669,098;70
6670,098;68
6671,098;11060
6672,098;67
6673,098;66
6674,098;74
6675,098;63
6676,098;72
6677,098;11048
6678,098;71
6679,098;71
6680,098;63
6681,098;79
6682,098;80
6683,098;11073
6684,098;62
6685,098;76
6686,098;57
6687,098;79
6688,098;66
6689,098;11088
6690,098;56
6691,098;69
6692,098;62
6693,098;64
6694,098;65
6695,098;11071
6696,098;56
6697,098;63
6698,098;67
6699,098;75
6700,098;74
6701,098;11091
6702,098;66
6703,098;71
6704,098;83
6705,098;68
6706,098;76
6707,098;11064
6708,098;59
6709,098;72
6710,098;63
6711,098;69
6712,098;65
6713,098;11108
6714,098;64
6715,098;61
6716,098;71
6717,098;67
6718,098;71
6719,098;11063
6720,098;64
6721,098;60
6722,098;72
6723,098;61
6724,098;75
6725,098;11081
6726,098;59
6727,098;67
6728,098;68
6729,098;79
6730,098;73
6731,098;11052
6732,098;78
6733,098;65
6734,098;59
6735,098;79
6736,098;65
6737,098;11099
6738,098;44
6739,098;55
6740,098;63
6741,098;70
6742,098;81
6743,098;11082
6744,098;73
6745,098;61
6746,098;60
6747,098;56
6748,098;76
6749,098;11119
6750,098;61
6751,098;57
6752,098;80
6753,098;76
6754,098;74
6755,098;11072
6756,098;65
6757,098;73
6758,098;60
6759,098;82
6760,098;78
6761,098;11088
6762,098;80
6763,098;65
6764,098;81
6765,098;62
6766,098;77
6767,098;11093
6768,098;78
6769,098;59
6770,399;63
6771,399;74
6772,399;80
6773,399;11109
6774,399;62
6775,399;79
6776,399;80
6777,399;77
6778,399;63
6779,399;11097
6780,399;64
6781,399;67
6782,399;60
6783,399;75
6784,399;84
6785,399;11088
6786,399;62
6787,399;83
6788,399;70
6789,399;69
6790,399;69
6791,399;11049
6792,399;75
6793,399;75
6794,399;81
6795,399;62
6796,399;84
6797,399;11093
6798,399;71
6799,399;78
6800,399;73
6801,399;75
6802,399;67
6803,399;11121
6804,399;67
6805,399;61
6806,399;77
6807,399;52
6808,399;61
6809,399;11127
6810,399;56
6811,399;80
6812,399;80
6813,399;74
6814,399;89
6815,399;11096
6816,399;70
6817,399;68
6818,399;80
6819,399;72
6820,399;89
6821,399;11101
6822,399;56
6823,399;69
6824,399;64
6825,399;74
6826,399;79
6827,399;11105
6828,399;67
6829,399;70
6830,399;56
6831,399;71
6832,399;80
6833,399;11076
6834,399;67
6835,399;69
6836,399;75
6837,399;65
6838,399;75
6839,399;11093
6840,399;67
6841,399;79
6842,399;62
6843,399;94
6844,399;71
6845,399;11069
6846,399;63
6847,399;76
6848,399;77
6849,399;72
6850,399;84
6851,399;11099
6852,399;71
6853,399;61
6854,399;73
6855,399;62
6856,399;69
6857,399;11090
6858,399;72
6859,399;68
6860,399;70
6861,399;70
6862,399;56
6863,399;11117
6864,399;69
6865,399;70
6866,399;88
6867,399;67
6868,399;93
6869,399;11097
6870,399;69
6870,399;71
6871,399;66
6872,399;72
6873,399;72
6874,399;11094
6875,399;64
6876,399;66
6877,399;78
6878,399;94
6879,399;82
6880,399;11076
6881,399;86
6882,399;62
6883,399;75
6884,399;60
6885,399;78
6886,399;11116
6887,399;63
6888,399;77
6889,399;68
6890,399;69
6891,399;77
6892,399;11047
6893,399;53
6894,399;58
6895,399;58
6896,399;68
6897,399;77
6898,399;11092
6899,399;54
6900,399;65
6901,399;58
6902,399;79
6903,399;72
6904,399;11069
6905,399;71
6906,399;60
6907,399;69
6908,399;93
6909,399;61
6910,399;11121
6911,399;64
6912,399;59
6913,399;55
6914,399;69
6915,399;98
6916,399;11102
6917,399;71
6918,399;59
6919,399;59
6920,399;70
6921,399;57
6922,399;11104
6923,399;65
6924,399;54
6925,399;62
6926,399;67
6927,399;55
6928,399;11098
6929,399;42
6930,399;67
6931,399;56
6932,399;69
6933,399;68
6934,399;11085
6935,399;64
6936,399;55
6937,399;41
6938,399;47
6939,399;56
6940,399;11101
6941,399;55
6942,399;58
6943,399;63
6944,399;60
6945,399;63
6946,399;10738
6947,399;54
6948,399;68
6949,399;57
6950,399;52
6951,399;48
6952,399;11026
6953,399;59
6954,399;67
6955,399;51
6956,399;52
6957,399;55
6958,399;11091
6959,399;60
6960,399;60
6961,399;60
6962,399;76
6963,399;64
6964,399;11090
6965,399;58
6966,399;54
6967,399;58
6968,399;58
6969,399;57
6970,399;11121
6971,962;49
6972,962;53
6973,962;54
6974,962;75
6975,962;65
6976,962;11094
6977,962;53
6978,962;74
6979,962;66
6980,962;63
6981,962;75
6982,962;11080
6983,962;59
6984,962;72
6985,962;72
6986,962;76
6987,962;73
6988,962;11068
6989,962;65
6990,962;66
6991,962;79
6992,962;63
6993,962;73
6994,962;11112
6995,962;72
6996,962;69
6997,962;68
6998,962;73
6999,962;80
7000,962;11055
7001,962;62
7002,962;77
7003,962;67
7004,962;64
7005,962;76
7006,962;11124
7007,962;65
7008,962;67
7009,962;72
7010,962;69
7011,962;99
7012,962;11047
7013,962;97
7014,962;76
7015,962;91
7016,962;71
7017,962;80
7018,962;11104
7019,962;63
7020,962;76
7021,962;65
7022,962;75
7023,962;57
7024,962;11112
7025,962;65
7026,962;72
7027,962;68
7028,962;82
7029,962;61
7030,962;11116
7031,962;48
7032,962;82
7033,962;55
7034,962;89
7035,962;58
7036,962;11105
7037,962;51
7038,962;69
7039,962;72
7040,962;79
7041,962;80
7042,962;11147
7043,962;83
7044,962;70
7045,962;89
7046,962;81
7047,962;83
7048,962;11102
7049,962;68
7050,962;69
7051,962;67
7052,962;83
7053,962;85
7054,962;11115
7055,962;66
7056,962;71
7057,962;70
7058,962;63
7059,962;68
7060,962;11107
7061,962;71
7062,962;72
7063,962;66
7064,962;70
7065,962;81
7066,962;11123
7067,962;60
7068,962;77
7069,962;73
7070,962;68
7071,962;79
7073,086;11093
7074,086;62
7075,086;73
7076,086;72
7077,086;83
7078,086;74
7079,086;11091
7080,086;59
7081,086;67
7082,086;76
7083,086;57
7084,086;84
7085,086;11113
7086,086;69
7087,086;56
7088,086;64
7089,086;79
7090,086;77
7091,086;11103
7092,086;69
7093,086;80
7094,086;64
7095,086;78
7096,086;58
7097,086;11065
7098,086;70
7099,086;77
7100,086;93
7101,086;78
7102,086;63
7103,086;11104
7104,086;64
7105,086;72
7106,086;69
7107,086;69
7108,086;76
7109,086;11088
7110,086;65
7111,086;59
7112,086;73
7113,086;70
7114,086;79
7115,086;11084
7116,086;50
7117,086;65
7118,086;60
7119,086;54
7120,086;69
7121,086;11071
7122,086;65
7123,086;65
7124,086;72
7125,086;74
7126,086;64
7127,086;11083
7128,086;65
7129,086;58
7130,086;80
7131,086;64
7132,086;66
7133,086;11070
7134,086;68
7135,086;58
7136,086;60
7137,086;66
7138,086;74
7139,086;11093
7140,086;76
7141,086;70
7142,086;70
7143,086;64
7144,086;77
7145,086;11092
7146,086;68
7147,086;76
7148,086;53
7149,086;73
7150,086;77
7151,086;11079
7152,086;60
7153,086;80
7154,086;77
7155,086;76
7156,086;71
7157,086;11103
7158,086;67
7159,086;59
7160,086;80
7161,086;77
7162,086;86
7163,086;11096
7164,086;62
7165,086;78
7166,086;68
7167,086;68
7168,086;78
7169,086;11074
7170,086;58
7171,086;53
7172,086;65
7173,086;76
7174,475;81
7175,475;11104
7176,475;46
7177,475;75
7178,475;86
7179,475;79
7180,475;63
7181,475;11091
7182,475;71
7183,475;65
7184,475;68
7185,475;66
7186,475;78
7187,475;11090
7188,475;54
7189,475;61
7190,475;71
7191,475;71
7192,475;71
7193,475;11074
7194,475;55
7195,475;78
7196,475;69
7197,475;71
7198,475;84
7199,475;11069
7200,475;57
7201,475;65
7202,475;54
7203,475;59
7204,475;63
7205,475;11073
7206,475;49
7207,475;68
7208,475;68
7209,475;74
7210,475;67
7211,475;11064
7212,475;59
7213,475;78
7214,475;75
7215,475;56
7216,475;66
7217,475;11118
7218,475;66
7219,475;62
7220,475;72
7221,475;66
7222,475;70
7223,475;11105
7224,475;62
7225,475;67
7226,475;84
7227,475;58
7228,475;65
7229,475;11086
7230,475;60
7231,475;62
7232,475;72
7233,475;73
7234,475;60
7235,475;11105
7236,475;64
7237,475;66
7238,475;59
7239,475;53
7240,475;68
7241,475;11108
7242,475;68
7243,475;57
7244,475;64
7245,475;61
7246,475;71
7247,475;11081
7248,475;54
7249,475;54
7250,475;68
7251,475;68
7252,475;74
7253,475;11091
7254,475;56
7255,475;70
7256,475;65
7257,475;50
7258,475;59
7259,475;10745
7260,475;60
7261,475;80
7262,475;78
7263,475;69
7264,475;66
7265,475;10995
7266,475;74
7267,475;67
7268,475;70
7269,475;60
7270,475;55
7271,475;11074
7272,475;62
7273,475;48
7274,475;48
7279,377;67
7280,377;76
7281,377;11079
7282,377;80
7283,377;61
7284,377;57
7285,377;61
7286,377;70
7287,377;11114
7288,377;59
7289,377;74
7290,377;68
7291,377;63
7292,377;63
7293,377;11075
7294,377;46
7295,377;52
7296,377;72
7297,377;63
7298,377;72
7299,377;11068
7300,377;56
7301,377;72
7302,377;70
7303,377;69
7304,377;80
7305,377;11099
7306,377;74
7307,377;50
7308,377;57
7309,377;78
7310,377;74
7311,377;11060
7312,377;61
7313,377;62
7314,377;65
7315,377;70
7316,377;76
7317,377;11070
7318,377;56
7319,377;72
7320,377;76
7321,377;75
7322,377;73
7323,377;11100
7324,377;59
7325,377;78
7326,377;71
7327,377;55
7328,377;70
7329,377;11085
7330,377;51
7331,377;51
7332,377;64
7333,377;70
7334,377;64
7335,377;11079
7336,377;76
7337,377;75
7338,377;72
7339,377;86
7340,377;93
7341,377;11084
7342,377;66
7343,377;70
7344,377;85
7345,377;56
7346,377;78
7347,377;11107
7348,377;64
7349,377;76
7350,377;85
7351,377;82
7352,377;91
7353,377;11093
7354,377;75
7355,377;86
7356,377;67
7357,377;77
7358,377;78
7359,377;11087
7360,377;54
7361,377;68
7362,377;67
7363,377;67
7364,377;63
7365,377;11102
7366,377;74
7367,377;101
7368,377;67
7369,377;76
7370,377;66
7371,377;11087
7372,377;59
7373,377;60
7374,377;70
7375,377;73
7376,377;80
7377,377;11093
7378,377;53
7379,377;74
7376,377;81
7377,377;65
7378,377;77
7379,377;11059
7380,377;63
7381,377;63
7382,377;67
7383,377;74
7384,377;80
7385,377;11101
7386,377;63
7387,377;63
7388,377;77
7389,377;60
7390,377;79
7391,377;11085
7392,377;36
7393,377;81
7394,377;63
7395,377;73
7396,377;67
7397,377;11072
7398,377;62
7399,377;69
7400,377;68
7401,377;69
7402,377;66
7403,377;11083
7404,377;56
7405,377;67
7406,377;83
7407,377;82
7408,377;74
7409,377;11110
7410,377;64
7411,377;79
7412,377;73
7413,377;68
7414,377;61
7415,377;11102
7416,377;59
7417,377;65
7418,377;74
7419,377;73
7420,377;81
7421,377;11061
7422,377;67
7423,377;84
7424,377;79
7425,377;73
7426,377;71
7427,377;11090
7428,377;59
7429,377;63
7430,377;66
7431,377;74
7432,377;86
7433,377;11114
7434,377;72
7435,377;66
7436,377;70
7437,377;74
7438,377;71
7439,377;11093
7440,377;76
7441,377;64
7442,377;78
7443,377;71
7444,377;89
7445,377;11086
7446,377;65
7447,377;64
7448,377;51
7449,377;76
7450,377;89
7451,377;11114
7452,377;72
7453,377;78
7454,377;59
7455,377;67
7456,377;84
7457,377;11103
7458,377;66
7459,377;74
7460,377;73
7461,377;62
7462,377;69
7463,377;11094
7464,377;73
7465,377;66
7466,377;77
7467,377;54
7468,377;80
7469,377;11117
7470,377;53
7471,377;60
7472,377;70
7473,377;70
7474,377;82
7475,377;11074
7476,377;68
7476,339;73
7477,339;75
7478,339;62
7479,339;76
7480,339;11101
7481,339;71
7482,339;68
7483,339;73
7484,339;77
7485,339;82
7486,339;11098
7487,339;76
7488,339;67
7489,339;79
7490,339;75
7491,339;58
7492,339;11135
7493,339;58
7494,339;79
7495,339;74
7496,339;71
7497,339;85
7498,339;11125
7499,339;65
7500,339;71
7501,339;78
7502,339;65
7503,339;56
7504,339;11103
7505,339;56
7506,339;68
7507,339;71
7508,339;54
7509,339;83
7510,339;11108
7511,339;76
7512,339;77
7513,339;65
7514,339;77
7515,339;78
7516,339;11106
7517,339;81
7518,339;78
7519,339;78
7520,339;73
7521,339;70
7522,339;11095
7523,339;60
7524,339;68
7525,339;85
7526,339;73
7527,339;79
7528,339;11116
7529,339;69
7530,339;63
7531,339;59
7532,339;75
7533,339;82
7534,339;11112
7535,339;69
7536,339;56
7537,339;66
7538,339;62
7539,339;85
7540,339;11087
7541,339;69
7542,339;71
7543,339;68
7544,339;76
7545,339;57
7546,339;11134
7547,339;65
7548,339;60
7549,339;72
7550,339;65
7551,339;70
7552,339;11074
7553,339;70
7554,339;61
7555,339;65
7556,339;63
7557,339;58
7558,339;11093
7559,339;62
7560,339;48
7561,339;53
7562,339;64
7563,339;60
7564,339;11100
7565,339;61
7566,339;52
7567,339;65
7568,339;58
7569,339;70
7570,339;10754
7571,339;56
7572,339;64
7573,339;67
7574,339;67
7575,339;62
7576,339;11034
7577,292;64
7578,292;56
7579,292;54
7580,292;54
7581,292;72
7582,292;11073
7583,292;67
7584,292;61
7585,292;63
7586,292;75
7587,292;53
7588,292;11094
7589,292;66
7590,292;67
7591,292;55
7592,292;69
7593,292;73
7594,292;11121
7595,292;63
7596,292;64
7597,292;68
7598,292;69
7599,292;73
7600,292;11102
7601,292;60
7602,292;77
7603,292;63
7604,292;80
7605,292;81
7606,292;11117
7607,292;68
7608,292;56
7609,292;59
7610,292;72
7611,292;80
7612,292;11093
7613,292;60
7614,292;55
7615,292;77
7616,292;60
7617,292;74
7618,292;11129
7619,292;71
7620,292;76
7621,292;66
7622,292;76
7623,292;74
7624,292;11116
7625,292;63
7626,292;59
7627,292;69
7628,292;84
7629,292;73
7630,292;11129
7631,292;76
7632,292;69
7633,292;61
7634,292;72
7635,292;68
7636,292;11107
7637,292;70
7638,292;73
7639,292;66
7640,292;85
7641,292;69
7642,292;11091
7643,292;83
7644,292;62
7645,292;69
7646,292;70
7647,292;75
7648,292;11109
7649,292;68
7650,292;61
7651,292;75
7652,292;76
7653,292;76
7654,292;11073
7655,292;65
7656,292;77
7657,292;63
7658,292;80
7659,292;100
7660,292;11116
7661,292;68
7662,292;66
7663,292;75
7664,292;73
7665,292;77
7666,292;11091
7667,292;55
7668,292;77
7669,292;66
7670,292;71
7671,292;73
7672,292;11088
7673,292;60
7674,292;79
7675,292;75
7676,292;63
7677,292;88
7678,555;11092
7679,555;69
7680,555;60
7681,555;78
7682,555;77
7683,555;91
7684,555;11087
7685,555;69
7686,555;75
7687,555;84
7688,555;66
7689,555;78
7690,555;11093
7691,555;77
7692,555;67
7693,555;81
7694,555;80
7695,555;50
7696,555;11104
7697,555;78
7698,555;74
7699,555;68
7700,555;78
7701,555;99
7702,555;11072
7703,555;67
7704,555;84
7705,555;63
7706,555;58
7707,555;58
7708,555;11111
7709,555;51
7710,555;66
7711,555;68
7712,555;79
7713,555;72
7714,555;11068
7715,555;56
7716,555;59
7717,555;60
7718,555;64
7719,555;70
7720,555;11074
7721,555;83
7722,555;77
7723,555;56
7724,555;66
7725,555;71
7726,555;11082
7727,555;56
7728,555;66
7729,555;62
7730,555;73
7731,555;71
7732,555;11093
7733,555;74
7734,555;61
7735,555;70
7736,555;75
7737,555;89
7738,555;11075
7739,555;75
7740,555;67
7741,555;81
7742,555;61
7743,555;69
7744,555;11061
7745,555;70
7746,555;53
7747,555;65
7748,555;65
7749,555;76
7750,555;11066
7751,555;84
7752,555;65
7753,555;64
7754,555;68
7755,555;57
7756,555;11092
7757,555;60
7758,555;65
7759,555;74
7760,555;76
7761,555;56
7762,555;11100
7763,555;54
7764,555;70
7765,555;68
7766,555;65
7767,555;67
7768,555;11078
7769,555;66
7770,555;65
7771,555;73
7772,555;56
7773,555;59
7774,555;11106
7775,555;64
7776,555;70
7777,555;69
7778,555;61
7780,009;66
7781,009;11098
7782,009;66
7783,009;74
7784,009;72
7785,009;81
7786,009;77
7787,009;11078
7788,009;48
7789,009;62
7790,009;69
7791,009;67
7792,009;65
7793,009;11086
7794,009;43
7795,009;58
7796,009;82
7797,009;65
7798,009;72
7799,009;11080
7800,009;56
7801,009;72
7802,009;67
7803,009;53
7804,009;66
7805,009;11110
7806,009;65
7807,009;61
7808,009;86
7809,009;62
7810,009;79
7811,009;11093
7812,009;70
7813,009;40
7814,009;66
7815,009;94
7816,009;74
7817,009;11076
7818,009;52
7819,009;54
7820,009;59
7821,009;62
7822,009;59
7823,009;11080
7824,009;62
7825,009;74
7826,009;72
7827,009;60
7828,009;80
7829,009;11023
7830,009;66
7831,009;71
7832,009;63
7833,009;66
7834,009;80
7835,009;11090
7836,009;60
7837,009;65
7838,009;80
7839,009;61
7840,009;85
7841,009;11078
7842,009;69
7843,009;61
7844,009;72
7845,009;86
7846,009;53
7847,009;11064
7848,009;44
7849,009;75
7850,009;69
7851,009;62
7852,009;84
7853,009;11091
7854,009;59
7855,009;74
7856,009;65
7857,009;72
7858,009;63
7859,009;11107
7860,009;60
7861,009;56
7862,009;67
7863,009;41
7864,009;69
7865,009;11088
7866,009;69
7867,009;57
7868,009;60
7869,009;57
7870,009;65
7871,009;11081
7872,009;61
7873,009;78
7874,009;71
7875,009;74
7876,009;71
7877,009;11068
7878,009;60
7879,009;70
7880,009;74
7881,009;68
7882,009;60
7883,009;10772
7884,009;62
7885,009;54
7886,009;72
7887,009;64
7888,009;82
7889,009;10995
7890,009;66
7891,009;65
7892,009;55
7893,009;49
7894,009;87
7895,009;11075
7896,009;59
7897,009;68
7898,009;56
7899,009;50
7900,009;63
7901,009;11061
7902,009;65
7903,009;72
7904,009;74
7905,009;64
7906,009;62
7907,009;11073
7908,009;65
7909,009;64
7910,009;55
7911,009;63
7912,009;67
7913,009;11068
7914,009;61
7915,009;70
7916,009;89
7917,009;78
7918,009;53
7919,009;11054
7920,009;64
7921,009;76
7922,009;67
7923,009;72
7924,009;70
7925,009;11083
7926,009;68
7927,009;79
7928,009;76
7929,009;55
7930,009;80
7931,009;11089
7932,009;59
7933,009;68
7934,009;67
7935,009;75
7936,009;69
7937,009;11103
7938,009;62
7939,009;59
7940,009;70
7941,009;83
7942,009;85
7943,009;11088
7944,009;59
7945,009;70
7946,009;61
7947,009;69
7948,009;71
7949,009;11091
7950,009;72
7951,009;67
7952,009;75
7953,009;80
7954,009;75
7955,009;11109
7956,009;69
7957,009;75
7958,009;78
7959,009;68
7960,009;63
7961,009;11068
7962,009;54
7963,009;71
7964,009;65
7965,009;68
7966,009;67
7967,009;11093
7968,009;68
7969,009;63
7970,009;63
7971,009;77
7972,009;68
7973,009;11081
7974,009;82
7975,009;77
7976,009;77
7977,009;68
7978,009;61
7979,009;11076
7980,009;68
7981,009;57
7982,035;68
7983,035;72
7984,035;82
7985,035;11084
7986,035;60
7987,035;56
7988,035;48
7989,035;62
7990,035;81
7991,035;11076
7992,035;67
7993,035;74
7994,035;87
7995,035;56
7996,035;92
7997,035;11102
7998,035;65
7999,035;63
8000,035;59
8001,035;63
8002,035;79
8003,035;11078
8004,035;72
8005,035;58
8006,035;58
8007,035;73
8008,035;78
8009,035;11072
8010,035;57
8011,035;63
8012,035;76
8013,035;63
8014,035;72
8015,035;11076
8016,035;64
8017,035;67
8018,035;66
8019,035;59
8020,035;82
8021,035;11131
8022,035;59
8023,035;64
8024,035;56
8025,035;61
8026,035;73
8027,035;11050
8028,035;66
8029,035;78
8030,035;86
8031,035;57
8032,035;73
8033,035;11062
8034,035;60
8035,035;71
8036,035;75
8037,035;84
8038,035;80
8039,035;11095
8040,035;69
8041,035;68
8042,035;76
8043,035;75
8044,035;92
8045,035;11102
8046,035;64
8047,035;72
8048,035;65
8049,035;60
8050,035;65
8051,035;11092
8052,035;55
8053,035;65
8054,035;63
8055,035;59
8056,035;71
8057,035;11092
8058,035;60
8059,035;65
8060,035;61
8061,035;80
8062,035;75
8063,035;11090
8064,035;62
8065,035;73
8066,035;68
8067,035;64
8068,035;76
8069,035;11090
8070,035;56
8071,035;55
8072,035;55
8073,035;73
8074,035;91
8075,035;11069
8076,035;54
8077,035;72
8078,035;85
8079,035;79
8080,035;67
8081,035;11070
8082,035;64
8082,939;62
8083,939;66
8084,939;75
8085,939;72
8086,939;11109
8087,939;73
8088,939;72
8089,939;78
8090,939;82
8091,939;72
8092,939;11115
8093,939;65
8094,939;87
8095,939;82
8096,939;71
8097,939;65
8098,939;11105
8099,939;74
8100,939;71
8101,939;75
8102,939;67
8103,939;69
8104,939;11106
8105,939;58
8106,939;80
8107,939;67
8108,939;82
8109,939;80
8110,939;11107
8111,939;63
8112,939;70
8113,939;70
8114,939;71
8115,939;74
8116,939;11117
8117,939;50
8118,939;71
8119,939;85
8120,939;69
8121,939;78
8122,939;11107
8123,939;62
8124,939;66
8125,939;66
8126,939;69
8127,939;82
8128,939;11092
8129,939;63
8130,939;61
8131,939;72
8132,939;64
8133,939;80
8134,939;11127
8135,939;70
8136,939;73
8137,939;66
8138,939;73
8139,939;76
8140,939;11116
8141,939;69
8142,939;75
8143,939;70
8144,939;63
8145,939;88
8146,939;11105
8147,939;58
8148,939;69
8149,939;68
8150,939;77
8151,939;56
8152,939;11114
8153,939;87
8154,939;64
8155,939;70
8156,939;75
8157,939;77
8158,939;11079
8159,939;59
8160,939;69
8161,939;66
8162,939;78
8163,939;52
8164,939;11113
8165,939;72
8166,939;71
8167,939;57
8168,939;57
8169,939;57
8170,939;11085
8171,939;60
8172,939;69
8173,939;62
8174,939;83
8175,939;56
8176,939;11086
8177,939;67
8178,939;52
8179,939;56
8180,939;69
8181,939;74
8182,939;11142
8182,885;62
8183,885;61
8184,885;66
8185,885;58
8186,885;80
8187,885;11108
8188,885;60
8189,885;51
8190,885;76
8191,885;56
8192,885;67
8193,885;10765
8194,885;54
8195,885;66
8196,885;61
8197,885;79
8198,885;61
8199,885;10995
8200,885;76
8201,885;68
8202,885;58
8203,885;61
8204,885;65
8205,885;11084
8206,885;65
8207,885;47
8208,885;59
8209,885;64
8210,885;72
8211,885;11110
8212,885;66
8213,885;70
8214,885;76
8215,885;68
8216,885;56
8217,885;11145
8218,885;59
8219,885;85
8220,885;68
8221,885;61
8222,885;72
8223,885;11095
8224,885;63
8225,885;54
8226,885;67
8227,885;83
8228,885;78
8229,885;11106
8230,885;72
8231,885;70
8232,885;66
8233,885;70
8234,885;53
8235,885;11107
8236,885;61
8237,885;80
8238,885;75
8239,885;78
8240,885;66
8241,885;11106
8242,885;71
8243,885;57
8244,885;73
8245,885;68
8246,885;82
8247,885;11105
8248,885;51
8249,885;62
8250,885;64
8251,885;76
8252,885;75
8253,885;11127
8254,885;65
8255,885;65
8256,885;59
8257,885;64
8258,885;75
8259,885;11095
8260,885;60
8261,885;63
8262,885;78
8263,885;57
8264,885;85
8265,885;11093
8266,885;59
8267,885;68
8268,885;51
8269,885;71
8270,885;78
8271,885;11095
8272,885;67
8273,885;65
8274,885;76
8275,885;72
8276,885;81
8277,885;11107
8278,885;76
8279,885;72
8280,885;61
8281,885;48
8282,885;73
8284,163;11083
8285,163;67
8286,163;67
8287,163;76
8288,163;78
8289,163;69
8290,163;11084
8291,163;79
8292,163;66
8293,163;80
8294,163;72
8295,163;86
8296,163;11086
8297,163;58
8298,163;68
8299,163;68
8300,163;75
8301,163;80
8302,163;11095
8303,163;54
8304,163;76
8305,163;70
8306,163;79
8307,163;81
8308,163;11070
8309,163;71
8310,163;71
8311,163;67
8312,163;73
8313,163;54
8314,163;11103
8315,163;57
8316,163;81
8317,163;63
8318,163;81
8319,163;89
8320,163;11077
8321,163;63
8322,163;75
8323,163;55
8324,163;93
8325,163;78
8326,163;11113
8327,163;64
8328,163;71
8329,163;68
8330,163;74
8331,163;64
8332,163;11108
8333,163;74
8334,163;72
8335,163;66
8336,163;65
8337,163;66
8338,163;11100
8339,163;61
8340,163;62
8341,163;64
8342,163;64
8343,163;80
8344,163;11082
8345,163;65
8346,163;78
8347,163;64
8348,163;54
8349,163;76
8350,163;11108
8351,163;71
8352,163;83
8353,163;66
8354,163;62
8355,163;70
8356,163;11090
8357,163;52
8358,163;65
8359,163;69
8360,163;91
8361,163;73
8362,163;11070
8363,163;60
8364,163;72
8365,163;88
8366,163;66
8367,163;77
8368,163;11089
8369,163;54
8370,163;78
8371,163;69
8372,163;53
8373,163;75
8374,163;11100
8375,163;75
8376,163;66
8377,163;69
8378,163;70
8379,163;63
8380,163;11115
8381,163;64
8382,163;61
8383,163;65
8384,163;72
8385,366;82
8386,366;11099
8387,366;58
8388,366;75
8389,366;66
8390,366;67
8391,366;77
8392,366;11062
8393,366;63
8394,366;70
8395,366;76
8396,366;75
8397,366;74
8398,366;11066
8399,366;63
8400,366;67
8401,366;71
8402,366;74
8403,366;70
8404,366;11088
8405,366;63
8406,366;64
8407,366;62
8408,366;88
8409,366;58
8410,366;11066
8411,366;70
8412,366;72
8413,366;66
8414,366;68
8415,366;79
8416,366;11074
8417,366;78
8418,366;53
8419,366;68
8420,366;67
8421,366;69
8422,366;11090
8423,366;66
8424,366;72
8425,366;71
8426,366;67
8427,366;70
8428,366;11106
8429,366;52
8430,366;52
8431,366;71
8432,366;72
8433,366;68
8434,366;11102
8435,366;70
8436,366;66
8437,366;75
8438,366;62
8439,366;82
8440,366;11074
8441,366;78
8442,366;59
8443,366;61
8444,366;69
8445,366;82
8446,366;11065
8447,366;61
8448,366;57
8449,366;62
8450,366;57
8451,366;79
8452,366;11079
8453,366;69
8454,366;73
8455,366;68
8456,366;71
8457,366;78
8458,366;11064
8459,366;70
8460,366;55
8461,366;70
8462,366;59
8463,366;64
8464,366;11104
8465,366;72
8466,366;59
8467,366;55
8468,366;63
8469,366;65
8470,366;11072
8471,366;66
8472,366;75
8473,366;62
8474,366;71
8475,366;68
8476,366;11077
8477,366;66
8478,366;54
8479,366;57
8480,366;64
8481,366;81
8482,366;11088
8483,366;50
8484,366;49
8485,366;92
8486,366;74
8487,366;87
8488,366;11058
8489,366;63
8490,366;67
8491,366;61
8492,366;64
8493,366;75
8494,366;11090
8495,366;63
8496,366;61
8497,366;65
8498,366;75
8499,366;69
8500,366;11070
8501,366;59
8502,366;65
8503,366;57
8504,366;67
8505,366;77
8506,366;10725
8507,366;67
8508,366;63
8509,366;52
8510,366;63
8511,366;62
8512,366;10992
8513,366;60
8514,366;43
8515,366;73
8516,366;63
8517,366;60
8518,366;11067
8519,366;61
8520,366;69
8521,366;61
8522,366;71
8523,366;67
8524,366;11077
8525,366;57
8526,366;60
8527,366;59
8528,366;62
8529,366;74
8530,366;11102
8531,366;69
8532,366;61
8533,366;52
8534,366;62
8535,366;60
8536,366;11080
8537,366;73
8538,366;58
8539,366;70
8540,366;69
8541,366;56
8542,366;11058
8543,366;56
8544,366;57
8545,366;51
8546,366;57
8547,366;69
8548,366;11061
8549,366;61
8550,366;58
8551,366;53
8552,366;63
8553,366;76
8554,366;11117
8555,366;67
8556,366;59
8557,366;61
8558,366;65
8559,366;73
8560,366;11088
8561,366;58
8562,366;60
8563,366;66
8564,366;62
8565,366;66
8566,366;11106
8567,366;63
8568,366;49
8569,366;69
8570,366;65
8571,366;77
8572,366;11090
8573,366;59
8574,366;68
8575,366;70
8576,366;67
8577,366;81
8578,366;11047
8579,366;56
8580,366;73
8581,366;67
8582,366;72
8583,366;63
8584,366;11061
8585,366;55
8586,366;73
8587,697;71
8588,697;75
8589,697;94
8590,697;11081
8591,697;57
8592,697;58
8593,697;74
8594,697;91
8595,697;53
8596,697;11109
8597,697;71
8598,697;69
8599,697;81
8600,697;72
8601,697;64
8602,697;11097
8603,697;66
8604,697;59
8605,697;67
8606,697;70
8607,697;66
8608,697;11064
8609,697;55
8610,697;64
8611,697;57
8612,697;63
8613,697;65
8614,697;11061
8615,697;59
8616,697;61
8617,697;79
8618,697;65
8619,697;73
8620,697;11076
8621,697;52
8622,697;77
8623,697;59
8624,697;72
8625,697;76
8626,697;11084
8627,697;63
8628,697;58
8629,697;66
8630,697;69
8631,697;91
8632,697;11087
8633,697;61
8634,697;74
8635,697;62
8636,697;70
8637,697;61
8638,697;11085
8639,697;66
8640,697;74
8641,697;58
8642,697;60
8643,697;70
8644,697;11077
8645,697;87
8646,697;75
8647,697;75
8648,697;74
8649,697;56
8650,697;11072
8651,697;69
8652,697;65
8653,697;57
8654,697;62
8655,697;87
8656,697;11068
8657,697;70
8658,697;70
8659,697;67
8660,697;65
8661,697;80
8662,697;11095
8663,697;76
8664,697;83
8665,697;68
8666,697;56
8667,697;85
8668,697;11098
8669,697;86
8670,697;69
8671,697;58
8672,697;70
8673,697;79
8674,697;11091
8675,697;64
8676,697;71
8677,697;63
8678,697;68
8679,697;85
8680,697;11099
8681,697;60
8682,697;71
8683,697;68
8684,697;85
8685,697;74
8686,697;11098
8687,697;70
8689,286;61
8690,286;69
8691,286;79
8692,286;73
8693,286;11085
8694,286;71
8695,286;58
8696,286;79
8697,286;74
8698,286;67
8699,286;11095
8700,286;74
8701,286;70
8702,286;69
8703,286;54
8704,286;56
8705,286;11084
8706,286;50
8707,286;63
8708,286;77
8709,286;66
8710,286;62
8711,286;11092
8712,286;55
8713,286;71
8714,286;67
8715,286;62
8716,286;77
8717,286;11064
8718,286;61
8719,286;64
8720,286;80
8721,286;80
8722,286;78
8723,286;11054
8724,286;71
8725,286;68
8726,286;61
8727,286;84
8728,286;73
8729,286;11098
8730,286;65
8731,286;67
8732,286;71
8733,286;84
8734,286;67
8735,286;11105
8736,286;60
8737,286;65
8738,286;67
8739,286;84
8740,286;54
8741,286;11102
8742,286;58
8743,286;82
8744,286;69
8745,286;64
8746,286;97
8747,286;11071
8748,286;67
8749,286;87
8750,286;75
8751,286;68
8752,286;69
8753,286;11096
8754,286;58
8755,286;90
8756,286;83
8757,286;71
8758,286;84
8759,286;11107
8760,286;61
8761,286;80
8762,286;60
8763,286;66
8764,286;63
8765,286;11086
8766,286;61
8767,286;65
8768,286;78
8769,286;71
8770,286;79
8771,286;11070
8772,286;69
8773,286;78
8774,286;79
8775,286;85
8776,286;86
8777,286;11122
8778,286;81
8779,286;69
8780,286;63
8781,286;68
8782,286;62
8783,286;11076
8784,286;72
8785,286;60
8786,286;65
8787,286;72
8788,286;73
8789,286;11081
8789,494;50
8790,494;69
8791,494;76
8792,494;81
8793,494;61
8794,494;11118
8795,494;58
8796,494;58
8797,494;64
8798,494;70
8799,494;86
8800,494;11056
8801,494;63
8802,494;78
8803,494;62
8804,494;49
8805,494;59
8806,494;11099
8807,494;63
8808,494;60
8809,494;60
8810,494;81
8811,494;75
8812,494;11090
8813,494;58
8814,494;52
8815,494;71
8816,494;62
8817,494;69
8818,494;10726
8819,494;77
8820,494;68
8821,494;79
8822,494;69
8823,494;64
8824,494;11045
8825,494;50
8826,494;61
8827,494;63
8828,494;70
8829,494;74
8830,494;11074
8831,494;59
8832,494;66
8833,494;74
8834,494;68
8835,494;66
8836,494;11104
8837,494;78
8838,494;58
8839,494;62
8840,494;80
8841,494;60
8842,494;11120
8843,494;67
8844,494;63
8845,494;72
8846,494;58
8847,494;72
8848,494;11099
8849,494;67
8850,494;64
8851,494;74
8852,494;64
8853,494;67
8854,494;11110
8855,494;68
8856,494;51
8857,494;73
8858,494;63
8859,494;80
8860,494;11113
8861,494;65
8862,494;70
8863,494;81
8864,494;63
8865,494;75
8866,494;11109
8867,494;63
8868,494;59
8869,494;70
8870,494;78
8871,494;81
8872,494;11098
8873,494;64
8874,494;74
8875,494;68
8876,494;70
8877,494;78
8878,494;11097
8879,494;71
8880,494;71
8881,494;70
8882,494;79
8883,494;70
8884,494;11083
8885,494;61
8886,494;83
8887,494;73
8888,494;52
8889,494;76
8890,262;11124
8891,262;62
8892,262;76
8893,262;90
8894,262;85
8895,262;74
8896,262;11059
8897,262;68
8898,262;77
8899,262;66
8900,262;70
8901,262;66
8902,262;11066
8903,262;83
8904,262;81
8905,262;73
8906,262;82
8907,262;76
8908,262;11099
8909,262;67
8910,262;64
8911,262;68
8912,262;76
8913,262;65
8914,262;11071
8915,262;50
8916,262;82
8917,262;73
8918,262;65
8919,262;75
8920,262;11070
8921,262;67
8922,262;69
8923,262;66
8924,262;76
8925,262;86
8926,262;11091
8927,262;63
8928,262;72
8929,262;71
8930,262;66
8931,262;77
8932,262;11101
8933,262;59
8934,262;59
8935,262;60
8936,262;76
8937,262;76
8938,262;11077
8939,262;59
8940,262;65
8941,262;76
8942,262;86
8943,262;77
8944,262;11039
8945,262;83
8946,262;72
8947,262;71
8948,262;80
8949,262;69
8950,262;11113
8951,262;54
8952,262;68
8953,262;63
8954,262;71
8955,262;73
8956,262;11069
8957,262;56
8958,262;68
8959,262;72
8960,262;67
8961,262;69
8962,262;11086
8963,262;50
8964,262;74
8965,262;74
8966,262;71
8967,262;94
8968,262;11098
8969,262;67
8970,262;98
8971,262;70
8972,262;76
8973,262;74
8974,262;11109
8975,262;64
8976,262;64
8977,262;91
8978,262;69
8979,262;69
8980,262;11106
8981,262;85
8982,262;59
8983,262;76
8984,262;79
8985,262;64
8986,262;11062
8987,262;73
8988,262;67
8989,262;59
8990,262;71
8991,262;68
8992,262;11047
8993,262;58
8994,262;61
8995,262;74
8996,262;61
8997,262;77
8998,262;11098
8999,262;68
9000,262;63
9001,262;56
9002,262;80
9003,262;73
9004,262;11100
9005,262;58
9006,262;68
9007,262;62
9008,262;72
9009,262;73
9010,262;11126
9011,262;56
9012,262;64
9013,262;62
9014,262;71
9015,262;56
9016,262;11081
9017,262;69
9018,262;54
9019,262;62
9020,262;74
9021,262;53
9022,262;11094
9023,262;60
9024,262;84
9025,262;70
9026,262;82
9027,262;73
9028,262;11079
9029,262;58
9030,262;82
9031,262;64
9032,262;71
9033,262;68
9034,262;11078
9035,262;59
9036,262;61
9037,262;70
9038,262;80
9039,262;76
9040,262;11062
9041,262;77
9042,262;60
9043,262;75
9044,262;64
9045,262;64
9046,262;11105
9047,262;58
9048,262;69
9049,262;73
9050,262;78
9051,262;72
9052,262;11091
9053,262;67
9054,262;80
9055,262;79
9056,262;63
9057,262;72
9058,262;11088
9059,262;52
9060,262;68
9061,262;56
9062,262;70
9063,262;90
9064,262;11079
9065,262;79
9066,262;59
9067,262;63
9068,262;76
9069,262;60
9070,262;11093
9071,262;77
9072,262;73
9073,262;68
9074,262;78
9075,262;78
9076,262;11083
9077,262;60
9078,262;71
9079,262;54
9080,262;72
9081,262;61
9082,262;11101
9083,262;59
9084,262;70
9085,262;67
9086,262;73
9087,262;82
9088,262;11065
9089,262;59
9090,262;61
9091,262;68
9092,515;83
9093,515;69
9094,515;11057
9095,515;54
9096,515;48
9097,515;69
9098,515;56
9099,515;75
9100,515;11070
9101,515;69
9102,515;65
9103,515;73
9104,515;59
9105,515;60
9106,515;11086
9107,515;54
9108,515;57
9109,515;57
9110,515;75
9111,515;69
9112,515;11098
9113,515;55
9114,515;53
9115,515;57
9116,515;74
9117,515;65
9118,515;11074
9119,515;62
9120,515;62
9121,515;83
9122,515;66
9123,515;54
9124,515;11080
9125,515;58
9126,515;71
9127,515;61
9128,515;53
9129,515;73
9130,515;10730
9131,515;62
9132,515;51
9133,515;70
9134,515;68
9135,515;63
9136,515;11008
9137,515;54
9138,515;61
9139,515;75
9140,515;55
9141,515;63
9142,515;11023
9143,515;70
9144,515;65
9145,515;63
9146,515;65
9147,515;57
9148,515;11104
9149,515;53
9150,515;63
9151,515;54
9152,515;73
9153,515;61
9154,515;11083
9155,515;76
9156,515;82
9157,515;57
9158,515;71
9159,515;61
9160,515;11073
9161,515;57
9162,515;57
9163,515;64
9164,515;66
9165,515;60
9166,515;11075
9167,515;52
9168,515;72
9169,515;50
9170,515;75
9171,515;73
9172,515;11070
9173,515;54
9174,515;60
9175,515;73
9176,515;64
9177,515;64
9178,515;11050
9179,515;58
9180,515;89
9181,515;59
9182,515;83
9183,515;60
9184,515;11065
9185,515;65
9186,515;91
9187,515;55
9188,515;82
9189,515;75
9190,515;11083
9191,515;71
9192,515;68
9194,299;66
9195,299;68
9196,299;62
9197,299;11080
9198,299;59
9199,299;58
9200,299;71
9201,299;84
9202,299;77
9203,299;11065
9204,299;60
9205,299;70
9206,299;73
9207,299;70
9208,299;89
9209,299;11098
9210,299;59
9211,299;90
9212,299;86
9213,299;66
9214,299;73
9215,299;11087
9216,299;64
9217,299;60
9218,299;70
9219,299;73
9220,299;63
9221,299;11066
9222,299;52
9223,299;63
9224,299;72
9225,299;77
9226,299;80
9227,299;11099
9228,299;58
9229,299;51
9230,299;63
9231,299;60
9232,299;78
9233,299;11075
9234,299;73
9235,299;69
9236,299;80
9237,299;67
9238,299;75
9239,299;11060
9240,299;77
9241,299;67
9242,299;65
9243,299;69
9244,299;58
9245,299;11057
9246,299;60
9247,299;65
9248,299;89
9249,299;66
9250,299;67
9251,299;11083
9252,299;45
9253,299;72
9254,299;58
9255,299;75
9256,299;71
9257,299;11066
9258,299;61
9259,299;67
9260,299;76
9261,299;60
9262,299;60
9263,299;11084
9264,299;72
9265,299;71
9266,299;63
9267,299;58
9268,299;67
9269,299;11083
9270,299;49
9271,299;89
9272,299;65
9273,299;89
9274,299;76
9275,299;11078
9276,299;75
9277,299;55
9278,299;77
9279,299;60
9280,299;64
9281,299;11088
9282,299;71
9283,299;70
9284,299;86
9285,299;73
9286,299;80
9287,299;11106
9288,299;60
9289,299;60
9290,299;85
9291,299;58
9292,299;73
9293,299;11085
9294,299;71
9294,855;60
9295,855;67
9296,855;66
9297,855;68
9298,855;11115
9299,855;56
9300,855;61
9301,855;74
9302,855;83
9303,855;80
9304,855;11088
9305,855;62
9306,855;79
9307,855;74
9308,855;87
9309,855;67
9310,855;11078
9311,855;57
9312,855;63
9313,855;82
9314,855;70
9315,855;71
9316,855;11067
9317,855;61
9318,855;66
9319,855;72
9320,855;64
9321,855;70
9322,855;11071
9323,855;64
9324,855;63
9325,855;76
9326,855;58
9327,855;71
9328,855;11086
9329,855;82
9330,855;70
9331,855;79
9332,855;70
9333,855;75
9334,855;11079
9335,855;60
9336,855;51
9337,855;78
9338,855;59
9339,855;65
9340,855;11108
9341,855;71
9342,855;74
9343,855;76
9344,855;86
9345,855;77
9346,855;11080
9347,855;77
9348,855;65
9349,855;83
9350,855;71
9351,855;72
9352,855;11085
9353,855;49
9354,855;74
9355,855;63
9356,855;72
9357,855;90
9358,855;11077
9359,855;57
9360,855;61
9361,855;73
9362,855;85
9363,855;86
9364,855;11101
9365,855;60
9366,855;77
9367,855;75
9368,855;56
9369,855;73
9370,855;11068
9371,855;58
9372,855;78
9373,855;82
9374,855;73
9375,855;73
9376,855;11099
9377,855;71
9378,855;78
9379,855;86
9380,855;69
9381,855;68
9382,855;11114
9383,855;65
9384,855;69
9385,855;64
9386,855;70
9387,855;82
9388,855;11073
9389,855;67
9390,855;71
9391,855;83
9392,855;66
9393,855;98
9394,855;11115
9395,647;67
9396,647;71
9397,647;86
9398,647;73
9399,647;73
9400,647;11093
9401,647;70
9402,647;68
9403,647;75
9404,647;69
9405,647;69
9406,647;11111
9407,647;61
9408,647;69
9409,647;93
9410,647;74
9411,647;67
9412,647;11111
9413,647;70
9414,647;67
9415,647;77
9416,647;62
9417,647;90
9418,647;11093
9419,647;82
9420,647;60
9421,647;72
9422,647;70
9423,647;65
9424,647;11093
9425,647;53
9426,647;64
9427,647;71
9428,647;71
9429,647;89
9430,647;11122
9431,647;54
9432,647;66
9433,647;51
9434,647;56
9435,647;62
9436,647;11108
9437,647;63
9438,647;58
9439,647;56
9440,647;67
9441,647;64
9442,647;10762
9443,647;58
9444,647;69
9445,647;75
9446,647;71
9447,647;71
9448,647;11054
9449,647;66
9450,647;64
9451,647;69
9452,647;62
9453,647;67
9454,647;11053
9455,647;61
9456,647;71
9457,647;70
9458,647;70
9459,647;59
9460,647;11109
9461,647;64
9462,647;76
9463,647;75
9464,647;73
9465,647;64
9466,647;11125
9467,647;53
9468,647;61
9469,647;68
9470,647;80
9471,647;68
9472,647;11106
9473,647;56
9474,647;66
9475,647;63
9476,647;63
9477,647;82
9478,647;11084
9479,647;67
9480,647;72
9481,647;62
9482,647;78
9483,647;84
9484,647;11092
9485,647;82
9486,647;70
9487,647;71
9488,647;78
9489,647;78
9490,647;11119
9491,647;66
9492,647;88
9493,647;64
9494,647;75
9495,647;72
9497,647;11110
9498,647;69
9499,647;64
9500,647;76
9501,647;75
9502,647;80
9503,647;11080
9504,647;72
9505,647;66
9506,647;71
9507,647;59
9508,647;80
9509,647;11104
9510,647;55
9511,647;77
9512,647;84
9513,647;77
9514,647;76
9515,647;11066
9516,647;62
9517,647;82
9518,647;67
9519,647;76
9520,647;73
9521,647;11089
9522,647;65
9523,647;83
9524,647;76
9525,647;65
9526,647;73
9527,647;11076
9528,647;60
9529,647;75
9530,647;72
9531,647;83
9532,647;84
9533,647;11097
9534,647;76
9535,647;56
9536,647;72
9537,647;67
9538,647;73
9539,647;11092
9540,647;66
9541,647;76
9542,647;63
9543,647;85
9544,647;71
9545,647;11108
9546,647;68
9547,647;76
9548,647;89
9549,647;76
9550,647;72
9551,647;11075
9552,647;72
9553,647;65
9554,647;68
9555,647;79
9556,647;66
9557,647;11072
9558,647;66
9559,647;83
9560,647;57
9561,647;86
9562,647;75
9563,647;11072
9564,647;57
9565,647;60
9566,647;72
9567,647;73
9568,647;82
9569,647;11098
9570,647;71
9571,647;87
9572,647;79
9573,647;75
9574,647;87
9575,647;11075
9576,647;64
9577,647;68
9578,647;63
9579,647;65
9580,647;69
9581,647;11107
9582,647;57
9583,647;60
9584,647;80
9585,647;79
9586,647;85
9587,647;11119
9588,647;57
9589,647;67
9590,647;70
9591,647;81
9592,647;68
9593,647;11072
9594,647;65
9595,647;65
9596,647;62
9597,647;75
9597,178;69
9598,178;11091
9599,178;59
9600,178;60
9601,178;65
9602,178;66
9603,178;78
9604,178;11094
9605,178;48
9606,178;64
9607,178;70
9608,178;65
9609,178;78
9610,178;11072
9611,178;72
9612,178;59
9613,178;68
9614,178;63
9615,178;63
9616,178;11078
9617,178;65
9618,178;66
9619,178;79
9620,178;77
9621,178;86
9622,178;11120
9623,178;60
9624,178;53
9625,178;80
9626,178;68
9627,178;82
9628,178;11080
9629,178;74
9630,178;62
9631,178;68
9632,178;54
9633,178;67
9634,178;11117
9635,178;94
9636,178;67
9637,178;55
9638,178;62
9639,178;74
9640,178;11089
9641,178;80
9642,178;67
9643,178;85
9644,178;71
9645,178;72
9646,178;11076
9647,178;74
9648,178;72
9649,178;68
9650,178;74
9651,178;72
9652,178;11072
9653,178;63
9654,178;64
9655,178;74
9656,178;68
9657,178;55
9658,178;11069
9659,178;69
9660,178;58
9661,178;62
9662,178;76
9663,178;83
9664,178;11051
9665,178;73
9666,178;66
9667,178;68
9668,178;62
9669,178;80
9670,178;11068
9671,178;68
9672,178;48
9673,178;73
9674,178;67
9675,178;83
9676,178;11053
9677,178;61
9678,178;55
9679,178;58
9680,178;85
9681,178;61
9682,178;11072
9683,178;55
9684,178;58
9685,178;69
9686,178;72
9687,178;60
9688,178;11131
9689,178;81
9690,178;63
9691,178;79
9692,178;62
9693,178;73
9694,178;11060
9695,178;54
9696,178;53
9697,178;75
9698,56;67
9699,56;59
9700,56;11050
9701,56;62
9702,56;53
9703,56;66
9704,56;64
9705,56;70
9706,56;11085
9707,56;67
9708,56;53
9709,56;58
9710,56;56
9711,56;72
9712,56;11058
9713,56;64
9714,56;63
9715,56;64
9716,56;79
9717,56;56
9718,56;11059
9719,56;62
9720,56;70
9721,56;67
9722,56;64
9723,56;59
9724,56;11056
9725,56;52
9726,56;56
9727,56;53
9728,56;55
9729,56;75
9730,56;11092
9731,56;56
9732,56;72
9733,56;59
9734,56;60
9735,56;62
9736,56;11111
9737,56;63
9738,56;66
9739,56;68
9740,56;55
9741,56;81
9742,56;11052
9743,56;62
9744,56;67
9745,56;68
9746,56;68
9747,56;75
9748,56;11075
9749,56;58
9750,56;66
9751,56;56
9752,56;60
9753,56;64
9754,56;10753
9755,56;52
9756,56;69
9757,56;65
9758,56;65
9759,56;56
9760,56;10979
9761,56;69
9762,56;56
9763,56;56
9764,56;63
9765,56;80
9766,56;11034
9767,56;54
9768,56;48
9769,56;57
9770,56;59
9771,56;76
9772,56;11070
9773,56;61
9774,56;72
9775,56;69
9776,56;67
9777,56;77
9778,56;11064
9779,56;59
9780,56;56
9781,56;80
9782,56;75
9783,56;82
9784,56;11075
9785,56;66
9786,56;62
9787,56;84
9788,56;59
9789,56;70
9790,56;11067
9791,56;52
9792,56;76
9793,56;68
9794,56;62
9795,56;69
9796,56;11062
9797,56;54
9798,56;71
9800,033;60
9801,033;65
9802,033;70
9803,033;11063
9804,033;79
9805,033;73
9806,033;65
9807,033;67
9808,033;80
9809,033;11076
9810,033;69
9811,033;63
9812,033;62
9813,033;64
9814,033;67
9815,033;11085
9816,033;65
9817,033;82
9818,033;72
9819,033;74
9820,033;78
9821,033;11104
9822,033;74
9823,033;65
9824,033;63
9825,033;80
9826,033;75
9827,033;11089
9828,033;62
9829,033;69
9830,033;81
9831,033;70
9832,033;97
9833,033;11082
9834,033;65
9835,033;63
9836,033;68
9837,033;85
9838,033;76
9839,033;11066
9840,033;52
9841,033;59
9842,033;73
9843,033;66
9844,033;74
9845,033;11084
9846,033;65
9847,033;70
9848,033;68
9849,033;67
9850,033;74
9851,033;11067
9852,033;51
9853,033;63
9854,033;69
9855,033;73
9856,033;78
9857,033;11088
9858,033;63
9859,033;69
9860,033;87
9861,033;60
9862,033;71
9863,033;11077
9864,033;67
9865,033;62
9866,033;72
9867,033;72
9868,033;64
9869,033;11102
9870,033;74
9871,033;69
9872,033;72
9873,033;74
9874,033;71
9875,033;11081
9876,033;62
9877,033;65
9878,033;64
9879,033;65
9880,033;78
9881,033;11120
9882,033;62
9883,033;68
9884,033;62
9885,033;78
9886,033;82
9887,033;11064
9888,033;82
9889,033;63
9890,033;82
9891,033;74
9892,033;68
9893,033;11047
9894,033;60
9895,033;72
9896,033;75
9897,033;65
9898,033;79
9899,033;11033
9900,033;59
9900,645;72
9901,645;72
9902,645;73
9903,645;74
9904,645;11106
9905,645;61
9906,645;55
9907,645;75
9908,645;75
9909,645;71
9910,645;11074
9911,645;52
9912,645;76
9913,645;71
9914,645;77
9915,645;64
9916,645;11125
9917,645;48
9918,645;56
9919,645;63
9920,645;83
9921,645;77
9922,645;11081
9923,645;59
9924,645;65
9925,645;82
9926,645;71
9927,645;85
9928,645;11106
9929,645;65
9930,645;64
9931,645;68
9932,645;60
9933,645;83
9934,645;11070
9935,645;64
9936,645;75
9937,645;65
9938,645;62
9939,645;77
9940,645;11109
9941,645;71
9942,645;71
9943,645;67
9944,645;89
9945,645;74
9946,645;11083
9947,645;79
9948,645;64
9949,645;64
9950,645;73
9951,645;67
9952,645;11083
9953,645;65
9954,645;65
9955,645;62
9956,645;84
9957,645;84
9958,645;11087
9959,645;59
9960,645;64
9961,645;86
9962,645;72
9963,645;85
9964,645;11075
9965,645;70
9966,645;72
9967,645;81
9968,645;65
9969,645;72
9970,645;11089
9971,645;59
9972,645;64
9973,645;75
9974,645;70
9975,645;72
9976,645;11068
9977,645;80
9978,645;63
9979,645;72
9980,645;83
9981,645;86
9982,645;11034
9983,645;80
9984,645;57
9985,645;68
9986,645;71
9987,645;89
9988,645;11100
9989,645;72
9990,645;74
9991,645;82
9992,645;93
9993,645;61
9994,645;11127
9995,645;60
9996,645;81
9997,645;77
9998,645;67
9999,645;76
10000,645;11117
10001,645;76
10002,645;66
10003,645;65
10004,645;84
10005,645;70
10006,645;11084
10007,645;64
10008,645;54
10009,645;72
10010,645;73
10011,645;77
10012,645;11115
10013,645;61
10014,645;76
10015,645;70
10016,645;77
10017,645;74
10018,645;11110
10019,645;68
10020,645;76
10021,645;82
10022,645;82
10023,645;83
10024,645;11069
10025,645;70
10026,645;73
10027,645;72
10028,645;71
10029,645;88
10030,645;11095
10031,645;71
10032,645;72
10033,645;77
10034,645;77
10035,645;76
10036,645;11089
10037,645;79
10038,645;71
10039,645;76
10040,645;71
10041,645;67
10042,645;11091
10043,645;69
10044,645;75
10045,645;62
10046,645;59
10047,645;79
10048,645;11112
10049,645;62
10050,645;69
10051,645;80
10052,645;72
10053,645;82
10054,645;11081
10055,645;63
10056,645;68
10057,645;66
10058,645;73
10059,645;70
10060,645;11081
10061,645;59
10062,645;71
10063,645;74
10064,645;67
10065,645;61
10066,645;10750
10067,645;68
10068,645;71
10069,645;69
10070,645;82
10071,645;69
10072,645;11018
10073,645;79
10074,645;66
10075,645;62
10076,645;78
10077,645;69
10078,645;11063
10079,645;59
10080,645;69
10081,645;71
10082,645;53
10083,645;81
10084,645;11065
10085,645;72
10086,645;52
10087,645;72
10088,645;53
10089,645;77
10090,645;11100
10091,645;62
10092,645;77
10093,645;83
10094,645;56
10095,645;60
10096,645;11126
10097,645;67
10098,645;78
10099,645;82
10100,645;77
10101,645;95
10102,697;11082
10103,697;80
10104,697;60
10105,697;66
10106,697;66
10107,697;88
10108,697;11077
10109,697;64
10110,697;67
10111,697;79
10112,697;71
10113,697;73
10114,697;11107
10115,697;58
10116,697;65
10117,697;73
10118,697;74
10119,697;73
10120,697;11134
10121,697;73
10122,697;83
10123,697;72
10124,697;75
10125,697;78
10126,697;11161
10127,697;69
10128,697;77
10129,697;72
10130,697;85
10131,697;72
10132,697;11122
10133,697;53
10134,697;65
10135,697;58
10136,697;72
10137,697;83
10138,697;11118
10139,697;83
10140,697;61
10141,697;87
10142,697;91
10143,697;77
10144,697;11084
10145,697;61
10146,697;75
10147,697;89
10148,697;61
10149,697;72
10150,697;11103
10151,697;73
10152,697;76
10153,697;80
10154,697;75
10155,697;74
10156,697;11084
10157,697;67
10158,697;71
10159,697;64
10160,697;69
10161,697;83
10162,697;11087
10163,697;59
10164,697;68
10165,697;63
10166,697;59
10167,697;78
10168,697;11076
10169,697;64
10170,697;80
10171,697;88
10172,697;88
10173,697;67
10174,697;11072
10175,697;54
10176,697;78
10177,697;105
10178,697;72
10179,697;74
10180,697;11082
10181,697;74
10182,697;74
10183,697;67
10184,697;63
10185,697;74
10186,697;11088
10187,697;75
10188,697;69
10189,697;70
10190,697;91
10191,697;56
10192,697;11090
10193,697;72
10194,697;85
10195,697;64
10196,697;82
10197,697;100
10198,697;11081
10199,697;60
10200,697;69
10201,697;73
10202,697;74
10204,367;66
10205,367;11081
10206,367;48
10207,367;79
10208,367;78
10209,367;75
10210,367;72
10211,367;11074
10212,367;65
10213,367;68
10214,367;79
10215,367;68
10216,367;70
10217,367;11062
10218,367;54
10219,367;63
10220,367;76
10221,367;76
10222,367;88
10223,367;11073
10224,367;64
10225,367;59
10226,367;67
10227,367;83
10228,367;71
10229,367;11104
10230,367;64
10231,367;78
10232,367;74
10233,367;92
10234,367;71
10235,367;11113
10236,367;73
10237,367;63
10238,367;76
10239,367;57
10240,367;74
10241,367;11071
10242,367;61
10243,367;58
10244,367;73
10245,367;65
10246,367;67
10247,367;11061
10248,367;82
10249,367;59
10250,367;85
10251,367;87
10252,367;71
10253,367;11073
10254,367;63
10255,367;76
10256,367;82
10257,367;69
10258,367;78
10259,367;11110
10260,367;54
10261,367;79
10262,367;61
10263,367;67
10264,367;64
10265,367;11085
10266,367;76
10267,367;71
10268,367;59
10269,367;72
10270,367;70
10271,367;11089
10272,367;52
10273,367;64
10274,367;64
10275,367;71
10276,367;73
10277,367;11086
10278,367;86
10279,367;67
10280,367;65
10281,367;59
10282,367;85
10283,367;11070
10284,367;60
10285,367;63
10286,367;70
10287,367;70
10288,367;53
10289,367;11046
10290,367;54
10291,367;63
10292,367;61
10293,367;81
10294,367;70
10295,367;11044
10296,367;63
10297,367;60
10298,367;73
10299,367;62
10300,367;64
10301,367;11044
10302,367;52
10303,367;62
10304,367;67
10304,871;79
10305,871;89
10306,871;11055
10307,871;64
10308,871;75
10309,871;72
10310,871;71
10311,871;60
10312,871;11093
10313,871;61
10314,871;55
10315,871;67
10316,871;79
10317,871;55
10318,871;11065
10319,871;54
10320,871;50
10321,871;78
10322,871;68
10323,871;79
10324,871;11075
10325,871;36
10326,871;61
10327,871;82
10328,871;85
10329,871;55
10330,871;11074
10331,871;60
10332,871;66
10333,871;62
10334,871;74
10335,871;64
10336,871;11072
10337,871;75
10338,871;59
10339,871;64
10340,871;70
10341,871;65
10342,871;11079
10343,871;51
10344,871;58
10345,871;68
10346,871;62
10347,871;58
10348,871;11062
10349,871;78
10350,871;64
10351,871;55
10352,871;69
10353,871;81
10354,871;11089
10355,871;52
10356,871;57
10357,871;62
10358,871;58
10359,871;81
10360,871;11062
10361,871;59
10362,871;56
10363,871;80
10364,871;57
10365,871;85
10366,871;11062
10367,871;78
10368,871;60
10369,871;62
10370,871;60
10371,871;81
10372,871;11073
10373,871;63
10374,871;67
10375,871;57
10376,871;68
10377,871;68
10378,871;10770
10379,871;55
10380,871;59
10381,871;68
10382,871;59
10383,871;65
10384,871;11010
10385,871;47
10386,871;81
10387,871;63
10388,871;71
10389,871;71
10390,871;11061
10391,871;64
10392,871;59
10393,871;63
10394,871;62
10395,871;55
10396,871;11074
10397,871;60
10398,871;64
10399,871;63
10400,871;59
10401,871;78
10402,871;11070
10403,871;67
10404,871;66
10406,159;73
10407,159;55
10408,159;81
10409,159;11046
10410,159;74
10411,159;80
10412,159;55
10413,159;64
10414,159;70
10415,159;11058
10416,159;75
10417,159;73
10418,159;74
10419,159;53
10420,159;56
10421,159;11060
10422,159;57
10423,159;77
10424,159;80
10425,159;73
10426,159;77
10427,159;11064
10428,159;73
10429,159;64
10430,159;68
10431,159;69
10432,159;71
10433,159;11070
10434,159;64
10435,159;53
10436,159;98
10437,159;71
10438,159;81
10439,159;11082
10440,159;68
10441,159;61
10442,159;81
10443,159;63
10444,159;82
10445,159;11046
10446,159;59
10447,159;81
10448,159;67
10449,159;81
10450,159;71
10451,159;11074
10452,159;69
10453,159;54
10454,159;55
10455,159;60
10456,159;75
10457,159;11062
10458,159;64
10459,159;63
10460,159;63
10461,159;63
10462,159;62
10463,159;11087
10464,159;68
10465,159;68
10466,159;63
10467,159;61
10468,159;66
10469,159;11061
10470,159;66
10471,159;60
10472,159;81
10473,159;71
10474,159;84
10475,159;11093
10476,159;53
10477,159;61
10478,159;57
10479,159;83
10480,159;77
10481,159;11069
10482,159;51
10483,159;63
10484,159;75
10485,159;82
10486,159;76
10487,159;11057
10488,159;64
10489,159;70
10490,159;58
10491,159;70
10492,159;73
10493,159;11083
10494,159;72
10495,159;75
10496,159;79
10497,159;77
10498,159;77
10499,159;11079
10500,159;60
10501,159;72
10502,159;68
10503,159;68
10504,159;76
10505,159;11076
10506,159;62
10510,429;72
10511,429;61
10512,429;56
10513,429;74
10514,429;11093
10515,429;68
10516,429;60
10517,429;78
10518,429;68
10519,429;78
10520,429;11096
10521,429;69
10522,429;61
10523,429;80
10524,429;67
10525,429;107
10526,429;11113
10527,429;63
10528,429;78
10529,429;76
10530,429;63
10531,429;60
10532,429;11102
10533,429;71
10534,429;69
10535,429;70
10536,429;75
10537,429;64
10538,429;11086
10539,429;56
10540,429;86
10541,429;56
10542,429;78
10543,429;63
10544,429;11092
10545,429;61
10546,429;68
10547,429;68
10548,429;77
10549,429;58
10550,429;11087
10551,429;72
10552,429;67
10553,429;70
10554,429;66
10555,429;84
10556,429;11063
10557,429;68
10558,429;58
10559,429;58
10560,429;67
10561,429;69
10562,429;11064
10563,429;73
10564,429;72
10565,429;57
10566,429;68
10567,429;92
10568,429;11069
10569,429;62
10570,429;60
10571,429;71
10572,429;70
10573,429;72
10574,429;11079
10575,429;71
10576,429;64
10577,429;67
10578,429;61
10579,429;78
10580,429;11104
10581,429;71
10582,429;59
10583,429;55
10584,429;83
10585,429;84
10586,429;11089
10587,429;71
10588,429;63
10589,429;78
10590,429;71
10591,429;81
10592,429;11075
10593,429;74
10594,429;80
10595,429;82
10596,429;76
10597,429;81
10598,429;11078
10599,429;64
10600,429;78
10601,429;60
10602,429;69
10603,429;70
10604,429;11084
10605,429;60
10606,429;82
10607,429;76
10608,429;75
10609,429;80
10610,429;11087
10607,429;75
10608,429;69
10609,429;65
10610,429;72
10611,429;76
10612,429;11098
10613,429;78
10614,429;70
10615,429;85
10616,429;83
10617,429;70
10618,429;11073
10619,429;59
10620,429;73
10621,429;62
10622,429;60
10623,429;73
10624,429;11110
10625,429;65
10626,429;57
10627,429;67
10628,429;79
10629,429;89
10630,429;11096
10631,429;81
10632,429;82
10633,429;59
10634,429;86
10635,429;67
10636,429;11104
10637,429;81
10638,429;64
10639,429;74
10640,429;79
10641,429;80
10642,429;11058
10643,429;76
10644,429;71
10645,429;61
10646,429;70
10647,429;79
10648,429;11084
10649,429;61
10650,429;73
10651,429;68
10652,429;65
10653,429;93
10654,429;11098
10655,429;66
10656,429;61
10657,429;83
10658,429;66
10659,429;75
10660,429;11090
10661,429;86
10662,429;61
10663,429;71
10664,429;78
10665,429;85
10666,429;11108
10667,429;71
10668,429;63
10669,429;88
10670,429;75
10671,429;83
10672,429;11056
10673,429;48
10674,429;64
10675,429;67
10676,429;88
10677,429;77
10678,429;11096
10679,429;50
10680,429;69
10681,429;72
10682,429;83
10683,429;60
10684,429;11068
10685,429;62
10686,429;78
10687,429;68
10688,429;70
10689,429;70
10690,429;10767
10691,429;64
10692,429;68
10693,429;76
10694,429;70
10695,429;69
10696,429;11020
10697,429;91
10698,429;65
10699,429;60
10700,429;66
10701,429;65
10702,429;11078
10703,429;52
10704,429;57
10705,429;81
10706,429;64
10707,429;72
10709,138;11073
10710,138;59
10711,138;65
10712,138;89
10713,138;67
10714,138;69
10715,138;11092
10716,138;81
10717,138;77
10718,138;68
10719,138;81
10720,138;79
10721,138;11098
10722,138;66
10723,138;80
10724,138;66
10725,138;70
10726,138;69
10727,138;11093
10728,138;68
10729,138;70
10730,138;71
10731,138;79
10732,138;72
10733,138;11075
10734,138;87
10735,138;84
10736,138;69
10737,138;83
10738,138;77
10739,138;11049
10740,138;79
10741,138;70
10742,138;77
10743,138;64
10744,138;79
10745,138;11092
10746,138;72
10747,138;77
10748,138;76
10749,138;68
10750,138;73
10751,138;11080
10752,138;57
10753,138;77
10754,138;70
10755,138;66
10756,138;80
10757,138;11071
10758,138;77
10759,138;76
10760,138;75
10761,138;86
10762,138;91
10763,138;11125
10764,138;72
10765,138;86
10766,138;76
10767,138;78
10768,138;68
10769,138;11093
10770,138;59
10771,138;73
10772,138;58
10773,138;74
10774,138;74
10775,138;11042
10776,138;59
10777,138;80
10778,138;76
10779,138;69
10780,138;88
10781,138;11100
10782,138;68
10783,138;69
10784,138;75
10785,138;72
10786,138;78
10787,138;11074
10788,138;79
10789,138;80
10790,138;90
10791,138;73
10792,138;79
10793,138;11046
10794,138;72
10795,138;79
10796,138;74
10797,138;82
10798,138;78
10799,138;11047
10800,138;87
10801,138;68
10802,138;73
10803,138;72
10804,138;61
10805,138;11072
10806,138;61
10807,138;75
10808,138;66
10809,138;62
10810,3;59
10811,3;11089
10812,3;78
10813,3;61
10814,3;57
10815,3;81
10816,3;79
10817,3;11069
10818,3;72
10819,3;70
10820,3;63
10821,3;70
10822,3;60
10823,3;11102
10824,3;62
10825,3;60
10826,3;80
10827,3;74
10828,3;81
10829,3;11043
10830,3;56
10831,3;81
10832,3;60
10833,3;79
10834,3;76
10835,3;11057
10836,3;44
10837,3;64
10838,3;87
10839,3;70
10840,3;69
10841,3;11062
10842,3;61
10843,3;71
10844,3;62
10845,3;71
10846,3;69
10847,3;11044
10848,3;75
10849,3;66
10850,3;77
10851,3;72
10852,3;63
10853,3;11049
10854,3;50
10855,3;65
10856,3;80
10857,3;63
10858,3;80
10859,3;11059
10860,3;53
10861,3;56
10862,3;53
10863,3;64
10864,3;67
10865,3;11077
10866,3;59
10867,3;71
10868,3;74
10869,3;81
10870,3;76
10871,3;11066
10872,3;72
10873,3;57
10874,3;69
10875,3;74
10876,3;74
10877,3;11048
10878,3;67
10879,3;73
10880,3;51
10881,3;61
10882,3;74
10883,3;11073
10884,3;58
10885,3;80
10886,3;72
10887,3;84
10888,3;77
10889,3;11023
10890,3;81
10891,3;55
10892,3;75
10893,3;63
10894,3;70
10895,3;11064
10896,3;73
10897,3;62
10898,3;60
10899,3;68
10900,3;75
10901,3;11072
10902,3;69
10903,3;66
10904,3;78
10905,3;64
10906,3;76
10907,3;11079
10908,3;59
10909,3;67
10910,3;78
10911,072;73
10912,072;99
10913,072;11090
10914,072;70
10915,072;75
10916,072;79
10917,072;67
10918,072;77
10919,072;11077
10920,072;84
10921,072;68
10922,072;71
10923,072;69
10924,072;61
10925,072;11053
10926,072;64
10927,072;80
10928,072;82
10929,072;74
10930,072;87
10931,072;11067
10932,072;70
10933,072;53
10934,072;63
10935,072;63
10936,072;71
10937,072;11083
10938,072;63
10939,072;59
10940,072;72
10941,072;59
10942,072;58
10943,072;11071
10944,072;61
10945,072;80
10946,072;71
10947,072;62
10948,072;68
10949,072;11084
10950,072;41
10951,072;74
10952,072;80
10953,072;54
10954,072;68
10955,072;11052
10956,072;82
10957,072;58
10958,072;75
10959,072;72
10960,072;61
10961,072;11055
10962,072;57
10963,072;69
10964,072;71
10965,072;67
10966,072;64
10967,072;11077
10968,072;52
10969,072;66
10970,072;88
10971,072;68
10972,072;72
10973,072;11040
10974,072;71
10975,072;72
10976,072;70
10977,072;56
10978,072;83
10979,072;11069
10980,072;63
10981,072;64
10982,072;63
10983,072;63
10984,072;68
10985,072;11051
10986,072;64
10987,072;55
10988,072;66
10989,072;66
10990,072;66
10991,072;11072
10992,072;67
10993,072;76
10994,072;65
10995,072;67
10996,072;69
10997,072;11054
10998,072;64
10999,072;62
11000,072;61
11001,072;54
11002,072;72
11003,072;10734
11004,072;64
11005,072;63
11006,072;63
11007,072;56
11008,072;66
11009,072;10985
11010,072;57
11011,072;62
11011,985;56
11012,985;47
11013,985;66
11014,985;11071
11015,985;58
11016,985;63
11017,985;54
11018,985;71
11019,985;67
11020,985;11078
11021,985;57
11022,985;53
11023,985;67
11024,985;64
11025,985;75
11026,985;11030
11027,985;64
11028,985;63
11029,985;69
11030,985;74
11031,985;67
11032,985;11061
11033,985;61
11034,985;73
11035,985;69
11036,985;67
11037,985;73
11038,985;11057
11039,985;56
11040,985;65
11041,985;50
11042,985;65
11043,985;64
11044,985;11057
11045,985;55
11046,985;62
11047,985;61
11048,985;60
11049,985;54
11050,985;11051
11051,985;85
11052,985;71
11053,985;60
11054,985;59
11055,985;66
11056,985;11086
11057,985;45
11058,985;54
11059,985;56
11060,985;52
11061,985;58
11062,985;11062
11063,985;71
11064,985;65
11065,985;57
11066,985;56
11067,985;72
11068,985;11066
11069,985;64
11070,985;61
11071,985;55
11072,985;70
11073,985;55
11074,985;11040
11075,985;73
11076,985;78
11077,985;76
11078,985;80
11079,985;84
11080,985;11065
11081,985;63
11082,985;63
11083,985;74
11084,985;66
11085,985;56
11086,985;11073
11087,985;69
11088,985;61
11089,985;72
11090,985;76
11091,985;69
11092,985;11052
11093,985;63
11094,985;71
11095,985;70
11096,985;72
11097,985;65
11098,985;11085
11099,985;55
11100,985;64
11101,985;66
11102,985;71
11103,985;78
11104,985;11073
11105,985;64
11106,985;68
11107,985;71
11108,985;67
11109,985;56
11110,985;11062
11111,985;67
11112,985;68
11113,985;71
11114,985;69
11115,985;55
11116,985;11072
11117,985;62
11118,985;73
11119,985;68
11120,985;67
11121,985;69
11122,985;11056
11123,985;78
11124,985;63
11125,985;77
11126,985;73
11127,985;63
11128,985;11059
11129,985;64
11130,985;68
11131,985;52
11132,985;73
11133,985;74
11134,985;11056
11135,985;91
11136,985;95
11137,985;71
11138,985;71
11139,985;65
11140,985;11081
11141,985;72
11142,985;79
11143,985;56
11144,985;77
11145,985;77
11146,985;11037
11147,985;76
11148,985;78
11149,985;75
11150,985;78
11151,985;75
11152,985;11023
11153,985;75
11154,985;58
11155,985;60
11156,985;66
11157,985;69
11158,985;11064
11159,985;73
11160,985;77
11161,985;62
11162,985;78
11163,985;78
11164,985;11078
11165,985;65
11166,985;60
11167,985;76
11168,985;69
11169,985;77
11170,985;11047
11171,985;62
11172,985;99
11173,985;86
11174,985;70
11175,985;74
11176,985;11060
11177,985;62
11178,985;74
11179,985;69
11180,985;88
11181,985;78
11182,985;11096
11183,985;68
11184,985;68
11185,985;73
11186,985;70
11187,985;69
11188,985;11072
11189,985;69
11190,985;63
11191,985;76
11192,985;53
11193,985;85
11194,985;11063
11195,985;53
11196,985;62
11197,985;63
11198,985;51
11199,985;89
11200,985;11115
11201,985;71
11202,985;78
11203,985;76
11204,985;78
11205,985;68
11206,985;11086
11207,985;71
11208,985;64
11209,985;71
11210,985;73
11211,985;79
11212,985;11056
11213,415;50
11214,415;63
11215,415;62
11216,415;80
11217,415;68
11218,415;11096
11219,415;74
11220,415;86
11221,415;69
11222,415;78
11223,415;80
11224,415;11084
11225,415;66
11226,415;73
11227,415;65
11228,415;73
11229,415;69
11230,415;11082
11231,415;47
11232,415;82
11233,415;60
11234,415;67
11235,415;72
11236,415;11078
11237,415;60
11238,415;72
11239,415;75
11240,415;79
11241,415;83
11242,415;11092
11243,415;61
11244,415;72
11245,415;67
11246,415;79
11247,415;81
11248,415;11091
11249,415;58
11250,415;67
11251,415;88
11252,415;74
11253,415;75
11254,415;11119
11255,415;71
11256,415;74
11257,415;65
11258,415;75
11259,415;83
11260,415;11059
11261,415;52
11262,415;59
11263,415;68
11264,415;84
11265,415;64
11266,415;11056
11267,415;66
11268,415;67
11269,415;77
11270,415;77
11271,415;91
11272,415;11049
11273,415;69
11274,415;63
11275,415;105
11276,415;78
11277,415;69
11278,415;11083
11279,415;68
11280,415;80
11281,415;72
11282,415;84
11283,415;64
11284,415;11070
11285,415;67
11286,415;66
11287,415;74
11288,415;70
11289,415;62
11290,415;11084
11291,415;70
11292,415;82
11293,415;73
11294,415;87
11295,415;77
11296,415;11072
11297,415;66
11298,415;85
11299,415;72
11300,415;73
11301,415;77
11302,415;11064
11303,415;62
11304,415;71
11305,415;73
11306,415;74
11307,415;65
11308,415;11087
11309,415;45
11310,415;66
11311,415;76
11312,415;79
11313,415;70
11314,705;10736
11315,705;56
11316,705;75
11317,705;73
11318,705;66
11319,705;84
11320,705;11005
11321,705;81
11322,705;65
11323,705;63
11324,705;74
11325,705;88
11326,705;11045
11327,705;55
11328,705;73
11329,705;67
11330,705;53
11331,705;80
11332,705;11078
11333,705;74
11334,705;70
11335,705;76
11336,705;85
11337,705;87
11338,705;11096
11339,705;62
11340,705;72
11341,705;75
11342,705;60
11343,705;69
11344,705;11093
11345,705;91
11346,705;61
11347,705;86
11348,705;57
11349,705;82
11350,705;11088
11351,705;70
11352,705;67
11353,705;73
11354,705;82
11355,705;71
11356,705;11087
11357,705;66
11358,705;82
11359,705;74
11360,705;77
11361,705;75
11362,705;11076
11363,705;72
11364,705;73
11365,705;64
11366,705;78
11367,705;81
11368,705;11074
11369,705;60
11370,705;68
11371,705;83
11372,705;72
11373,705;70
11374,705;11090
11375,705;76
11376,705;57
11377,705;77
11378,705;80
11379,705;73
11380,705;11089
11381,705;69
11382,705;64
11383,705;63
11384,705;79
11385,705;68
11386,705;11075
11387,705;68
11388,705;90
11389,705;78
11390,705;84
11391,705;79
11392,705;11054
11393,705;69
11394,705;74
11395,705;80
11396,705;69
11397,705;65
11398,705;11089
11399,705;68
11400,705;66
11401,705;67
11402,705;66
11403,705;65
11404,705;11056
11405,705;55
11406,705;81
11407,705;81
11408,705;78
11409,705;61
11410,705;11065
11411,705;65
11412,705;70
11413,705;78
11414,705;61
11415,677;81
11416,677;11071
11417,677;68
11418,677;66
11419,677;67
11420,677;85
11421,677;78
11422,677;11047
11423,677;69
11424,677;57
11425,677;85
11426,677;70
11427,677;69
11428,677;11041
11429,677;68
11430,677;71
11431,677;73
11432,677;58
11433,677;87
11434,677;11085
11435,677;57
11436,677;50
11437,677;63
11438,677;58
11439,677;85
11440,677;11077
11441,677;68
11442,677;75
11443,677;66
11444,677;77
11445,677;82
11446,677;11069
11447,677;74
11448,677;80
11449,677;72
11450,677;53
11451,677;69
11452,677;11063
11453,677;67
11454,677;77
11455,677;69
11456,677;72
11457,677;78
11458,677;11048
11459,677;73
11460,677;60
11461,677;70
11462,677;70
11463,677;72
11464,677;11054
11465,677;50
11466,677;75
11467,677;65
11468,677;64
11469,677;76
11470,677;11077
11471,677;73
11472,677;64
11473,677;78
11474,677;65
11475,677;85
11476,677;11048
11477,677;69
11478,677;60
11479,677;64
11480,677;81
11481,677;77
11482,677;11084
11483,677;69
11484,677;73
11485,677;66
11486,677;84
11487,677;65
11488,677;11067
11489,677;61
11490,677;66
11491,677;70
11492,677;73
11493,677;84
11494,677;11064
11495,677;64
11496,677;53
11497,677;56
11498,677;68
11499,677;70
11500,677;11054
11501,677;71
11502,677;65
11503,677;69
11504,677;79
11505,677;70
11506,677;11074
11507,677;61
11508,677;62
11509,677;76
11510,677;76
11511,677;79
11512,677;11056
11513,677;76
11514,677;61
11515,677;72
11517,038;61
11518,038;69
11519,038;11035
11520,038;84
11521,038;73
11522,038;75
11523,038;65
11524,038;79
11525,038;11006
11526,038;65
11527,038;67
11528,038;55
11529,038;72
11530,038;81
11531,038;11058
11532,038;78
11533,038;80
11534,038;72
11535,038;65
11536,038;68
11537,038;11082
11538,038;58
11539,038;72
11540,038;83
11541,038;77
11542,038;79
11543,038;11057
11544,038;53
11545,038;56
11546,038;64
11547,038;76
11548,038;75
11549,038;11048
11550,038;78
11551,038;63
11552,038;74
11553,038;73
11554,038;82
11555,038;11076
11556,038;74
11557,038;60
11558,038;69
11559,038;69
11560,038;77
11561,038;11063
11562,038;66
11563,038;64
11564,038;67
11565,038;69
11566,038;64
11567,038;11065
11568,038;74
11569,038;66
11570,038;58
11571,038;72
11572,038;62
11573,038;11082
11574,038;72
11575,038;55
11576,038;63
11577,038;77
11578,038;61
11579,038;11093
11580,038;69
11581,038;58
11582,038;50
11583,038;61
11584,038;64
11585,038;11075
11586,038;68
11587,038;68
11588,038;58
11589,038;63
11590,038;71
11591,038;11039
11592,038;62
11593,038;46
11594,038;66
11595,038;78
11596,038;64
11597,038;11071
11598,038;69
11599,038;66
11600,038;64
11601,038;72
11602,038;60
11603,038;11033
11604,038;70
11605,038;61
11606,038;47
11607,038;78
11608,038;80
11609,038;11064
11610,038;62
11611,038;57
11612,038;63
11613,038;66
11614,038;75
11615,038;11011
11616,038;66
11617,038;64
11618,038;54
11619,038;63
11620,038;68
11621,038;11080
11622,038;74
11623,038;71
11624,038;71
11625,038;61
11626,038;49
11627,038;10712
11628,038;55
11629,038;43
11630,038;62
11631,038;63
11632,038;64
11633,038;10974
11634,038;61
11635,038;68
11636,038;58
11637,038;71
11638,038;74
11639,038;11063
11640,038;82
11641,038;59
11642,038;66
11643,038;71
11644,038;78
11645,038;11031
11646,038;66
11647,038;71
11648,038;69
11649,038;60
11650,038;75
11651,038;11088
11652,038;60
11653,038;56
11654,038;70
11655,038;68
11656,038;77
11657,038;11044
11658,038;52
11659,038;74
11660,038;60
11661,038;62
11662,038;58
11663,038;11047
11664,038;54
11665,038;65
11666,038;74
11667,038;63
11668,038;70
11669,038;11047
11670,038;64
11671,038;63
11672,038;58
11673,038;66
11674,038;75
11675,038;11034
11676,038;64
11677,038;70
11678,038;58
11679,038;70
11680,038;72
11681,038;11050
11682,038;55
11683,038;70
11684,038;62
11685,038;61
11686,038;76
11687,038;11063
11688,038;70
11689,038;57
11690,038;71
11691,038;70
11692,038;71
11693,038;11036
11694,038;66
11695,038;67
11696,038;62
11697,038;65
11698,038;56
11699,038;11078
11700,038;63
11701,038;57
11702,038;80
11703,038;64
11704,038;74
11705,038;11059
11706,038;65
11707,038;55
11708,038;66
11709,038;57
11710,038;58
11711,038;11051
11712,038;77
11713,038;60
11714,038;75
11715,038;74
11716,038;74
11717,038;11041
11718,038;76
11718,92;72
11719,92;66
11720,92;72
11721,92;77
11722,92;11075
11723,92;68
11724,92;67
11725,92;77
11726,92;72
11727,92;69
11728,92;11083
11729,92;70
11730,92;69
11731,92;82
11732,92;40
11733,92;75
11734,92;11069
11735,92;71
11736,92;68
11737,92;62
11738,92;67
11739,92;68
11740,92;11069
11741,92;85
11742,92;70
11743,92;61
11744,92;58
11745,92;68
11746,92;11072
11747,92;61
11748,92;59
11749,92;75
11750,92;75
11751,92;69
11752,92;11073
11753,92;66
11754,92;77
11755,92;70
11756,92;84
11757,92;72
11758,92;11064
11759,92;59
11760,92;69
11761,92;67
11762,92;57
11763,92;72
11764,92;11061
11765,92;56
11766,92;64
11767,92;62
11768,92;74
11769,92;71
11770,92;11053
11771,92;65
11772,92;65
11773,92;71
11774,92;79
11775,92;62
11776,92;11061
11777,92;56
11778,92;67
11779,92;66
11780,92;74
11781,92;91
11782,92;11047
11783,92;71
11784,92;69
11785,92;70
11786,92;71
11787,92;60
11788,92;11067
11789,92;73
11790,92;61
11791,92;78
11792,92;59
11793,92;76
11794,92;11075
11795,92;81
11796,92;70
11797,92;86
11798,92;90
11799,92;68
11800,92;11062
11801,92;70
11802,92;76
11803,92;60
11804,92;74
11805,92;78
11806,92;11099
11807,92;66
11808,92;75
11809,92;63
11810,92;66
11811,92;77
11812,92;11032
11813,92;64
11814,92;65
11815,92;66
11816,92;73
11817,92;80
11818,92;11094
11819,938;63
11820,938;90
11821,938;74
11822,938;73
11823,938;69
11824,938;11061
11825,938;67
11826,938;58
11827,938;97
11828,938;77
11829,938;73
11830,938;11049
11831,938;67
11832,938;61
11833,938;67
11834,938;73
11835,938;90
11836,938;11050
11837,938;80
11838,938;69
11839,938;56
11840,938;76
11841,938;83
11842,938;11050
11843,938;71
11844,938;79
11845,938;74
11846,938;77
11847,938;74
11848,938;11048
11849,938;63
11850,938;51
11851,938;63
11852,938;72
11853,938;75
11854,938;11077
11855,938;62
11856,938;84
11857,938;76
11858,938;68
11859,938;75
11860,938;11088
11861,938;54
11862,938;69
11863,938;61
11864,938;85
11865,938;49
11866,938;11064
11867,938;67
11868,938;58
11869,938;85
11870,938;72
11871,938;82
11872,938;11050
11873,938;63
11874,938;55
11875,938;66
11876,938;58
11877,938;78
11878,938;11086
11879,938;56
11880,938;67
11881,938;67
11882,938;68
11883,938;84
11884,938;11048
11885,938;61
11886,938;56
11887,938;93
11888,938;72
11889,938;81
11890,938;11095
11891,938;74
11892,938;76
11893,938;81
11894,938;78
11895,938;80
11896,938;11104
11897,938;66
11898,938;78
11899,938;67
11900,938;81
11901,938;77
11902,938;11067
11903,938;59
11904,938;73
11905,938;64
11906,938;60
11907,938;78
11908,938;11062
11909,938;65
11910,938;60
11911,938;64
11912,938;75
11913,938;72
11914,938;11077
11915,938;61
11916,938;73
11917,938;78
11918,938;64
11919,938;90
11921,035;11052
11922,035;61
11923,035;75
11924,035;67
11925,035;80
11926,035;66
11927,035;11051
11928,035;65
11929,035;59
11930,035;83
11931,035;76
11932,035;91
11933,035;11085
11934,035;74
11935,035;74
11936,035;88
11937,035;64
11938,035;77
11939,035;10737
11940,035;75
11941,035;71
11942,035;70
11943,035;78
11944,035;77
11945,035;10998
11946,035;69
11947,035;83
11948,035;84
11949,035;76
11950,035;74
11951,035;11046
11952,035;72
11953,035;69
11954,035;90
11955,035;72
11956,035;67
11957,035;11075
11958,035;60
11959,035;68
11960,035;79
11961,035;72
11962,035;74
11963,035;11080
11964,035;70
11965,035;78
11966,035;69
11967,035;76
11968,035;71
11969,035;11039
11970,035;69
11971,035;77
11972,035;67
11973,035;56
11974,035;70
11975,035;11080
11976,035;59
11977,035;61
11978,035;81
11979,035;74
11980,035;83
11981,035;11075
11982,035;67
11983,035;70
11984,035;94
11985,035;66
11986,035;70
11987,035;11052
11988,035;67
11989,035;76
11990,035;75
11991,035;65
11992,035;105
11993,035;11078
11994,035;60
11995,035;88
11996,035;68
11997,035;81
11998,035;83
11999,035;11080
12000,035;63
12001,035;73
12002,035;82
12003,035;68
12004,035;78
12005,035;11066
12006,035;73
12007,035;72
12008,035;66
12009,035;71
12010,035;78
12011,035;11065
12012,035;73
12013,035;64
12014,035;69
12015,035;81
12016,035;67
12017,035;11099
12018,035;59
12019,035;83
12020,035;54
12021,035;62
12021,983;68
12022,983;11064
12023,983;60
12024,983;66
12025,983;71
12026,983;87
12027,983;68
12028,983;11075
12029,983;60
12030,983;75
12031,983;68
12032,983;76
12033,983;80
12034,983;11043
12035,983;99
12036,983;69
12037,983;67
12038,983;67
12039,983;64
12040,983;11066
12041,983;67
12042,983;66
12043,983;84
12044,983;82
12045,983;75
12046,983;11087
12047,983;67
12048,983;62
12049,983;69
12050,983;68
12051,983;77
12052,983;11065
12053,983;46
12054,983;80
12055,983;59
12056,983;60
12057,983;82
12058,983;11076
12059,983;77
12060,983;58
12061,983;66
12062,983;71
12063,983;73
12064,983;11057
12065,983;77
12066,983;76
12067,983;89
12068,983;81
12069,983;72
12070,983;11062
12071,983;64
12072,983;61
12073,983;93
12074,983;67
12075,983;87
12076,983;11074
12077,983;81
12078,983;89
12079,983;75
12080,983;92
12081,983;83
12082,983;11117
12083,983;49
12084,983;71
12085,983;67
12086,983;83
12087,983;83
12088,983;11052
12089,983;62
12090,983;59
12091,983;68
12092,983;67
12093,983;76
12094,983;11055
12095,983;72
12096,983;76
12097,983;77
12098,983;77
12099,983;79
12100,983;11080
12101,983;61
12102,983;67
12103,983;63
12104,983;59
12105,983;61
12106,983;11061
12107,983;72
12108,983;74
12109,983;70
12110,983;72
12111,983;69
12112,983;11061
12113,983;62
12114,983;61
12115,983;68
12116,983;60
12117,983;78
12118,983;11066
12119,983;73
12120,983;84
12121,983;63
12122,983;64
12123,983;65
12124,983;11072
12125,983;56
12126,983;63
12127,983;58
12128,983;65
12129,983;69
12130,983;11060
12131,983;66
12132,983;65
12133,983;68
12134,983;75
12135,983;78
12136,983;11040
12137,983;78
12138,983;65
12139,983;62
12140,983;67
12141,983;65
12142,983;11086
12143,983;63
12144,983;63
12145,983;69
12146,983;64
12147,983;76
12148,983;11055
12149,983;62
12150,983;51
12151,983;86
12152,983;70
12153,983;79
12154,983;11056
12155,983;58
12156,983;65
12157,983;82
12158,983;58
12159,983;62
12160,983;11058
12161,983;71
12162,983;79
12163,983;65
12164,983;70
12165,983;67
12166,983;11063
12167,983;59
12168,983;65
12169,983;66
12170,983;76
12171,983;55
12172,983;11037
12173,983;45
12174,983;61
12175,983;68
12176,983;64
12177,983;69
12178,983;11051
12179,983;61
12180,983;73
12181,983;51
12182,983;69
12183,983;90
12184,983;11064
12185,983;51
12186,983;67
12187,983;61
12188,983;76
12189,983;57
12190,983;11057
12191,983;74
12192,983;95
12193,983;78
12194,983;60
12195,983;68
12196,983;11070
12197,983;57
12198,983;80
12199,983;76
12200,983;68
12201,983;74
12202,983;11069
12203,983;59
12204,983;66
12205,983;54
12206,983;62
12207,983;64
12208,983;11063
12209,983;60
12210,983;64
12211,983;81
12212,983;61
12213,983;66
12214,983;11037
12215,983;58
12216,983;51
12217,983;67
12218,983;68
12219,983;73
12220,983;11074
12221,983;66
12222,983;71
12224,044;60
12225,044;56
12226,044;54
12227,044;11051
12228,044;63
12229,044;62
12230,044;62
12231,044;60
12232,044;70
12233,044;11015
12234,044;85
12235,044;66
12236,044;62
12237,044;68
12238,044;59
12239,044;11074
12240,044;50
12241,044;69
12242,044;43
12243,044;57
12244,044;78
12245,044;11046
12246,044;68
12247,044;62
12248,044;74
12249,044;76
12250,044;69
12251,044;10729
12252,044;55
12253,044;76
12254,044;61
12255,044;56
12256,044;57
12257,044;10971
12258,044;62
12259,044;59
12260,044;58
12261,044;51
12262,044;75
12263,044;11064
12264,044;55
12265,044;71
12266,044;48
12267,044;71
12268,044;55
12269,044;11025
12270,044;74
12271,044;56
12272,044;62
12273,044;51
12274,044;59
12275,044;11041
12276,044;59
12277,044;76
12278,044;61
12279,044;51
12280,044;62
12281,044;11068
12282,044;63
12283,044;68
12284,044;73
12285,044;78
12286,044;64
12287,044;11059
12288,044;58
12289,044;70
12290,044;58
12291,044;74
12292,044;55
12293,044;11065
12294,044;49
12295,044;57
12296,044;85
12297,044;61
12298,044;76
12299,044;11059
12300,044;60
12301,044;48
12302,044;72
12303,044;58
12304,044;73
12305,044;11047
12306,044;62
12307,044;78
12308,044;63
12309,044;77
12310,044;89
12311,044;11042
12312,044;61
12313,044;72
12314,044;57
12315,044;72
12316,044;90
12317,044;11059
12318,044;48
12319,044;62
12320,044;60
12321,044;75
12322,044;78
12323,044;11021
12324,044;61
12324,93;60
12325,93;75
12326,93;66
12327,93;73
12328,93;11029
12329,93;78
12330,93;60
12331,93;68
12332,93;57
12333,93;69
12334,93;11050
12335,93;61
12336,93;73
12337,93;53
12338,93;70
12339,93;61
12340,93;11068
12341,93;82
12342,93;85
12343,93;76
12344,93;79
12345,93;92
12346,93;11052
12347,93;57
12348,93;69
12349,93;67
12350,93;73
12351,93;78
12352,93;11040
12353,93;58
12354,93;75
12355,93;87
12356,93;71
12357,93;72
12358,93;11049
12359,93;74
12360,93;68
12361,93;59
12362,93;73
12363,93;74
12364,93;11093
12365,93;79
12366,93;70
12367,93;77
12368,93;75
12369,93;72
12370,93;11066
12371,93;65
12372,93;62
12373,93;73
12374,93;72
12375,93;80
12376,93;11083
12377,93;56
12378,93;71
12379,93;67
12380,93;59
12381,93;67
12382,93;11065
12383,93;67
12384,93;67
12385,93;68
12386,93;79
12387,93;86
12388,93;11065
12389,93;61
12390,93;74
12391,93;73
12392,93;62
12393,93;59
12394,93;11070
12395,93;61
12396,93;56
12397,93;67
12398,93;84
12399,93;76
12400,93;11046
12401,93;67
12402,93;46
12403,93;66
12404,93;67
12405,93;69
12406,93;11065
12407,93;55
12408,93;64
12409,93;54
12410,93;74
12411,93;79
12412,93;11049
12413,93;67
12414,93;92
12415,93;71
12416,93;68
12417,93;76
12418,93;11048
12419,93;59
12420,93;66
12421,93;71
12422,93;77
12423,93;76
12424,93;11073
12425,425;61
12426,425;74
12427,425;76
12428,425;80
12429,425;62
12430,425;11035
12431,425;64
12432,425;62
12433,425;64
12434,425;76
12435,425;72
12436,425;11058
12437,425;66
12438,425;62
12439,425;70
12440,425;69
12441,425;76
12442,425;11029
12443,425;60
12444,425;83
12445,425;76
12446,425;83
12447,425;62
12448,425;11060
12449,425;55
12450,425;63
12451,425;63
12452,425;68
12453,425;77
12454,425;11071
12455,425;53
12456,425;57
12457,425;63
12458,425;75
12459,425;83
12460,425;11090
12461,425;78
12462,425;56
12463,425;73
12464,425;53
12465,425;74
12466,425;11096
12467,425;82
12468,425;60
12469,425;80
12470,425;93
12471,425;61
12472,425;11055
12473,425;73
12474,425;67
12475,425;71
12476,425;55
12477,425;77
12478,425;11073
12479,425;61
12480,425;60
12481,425;90
12482,425;74
12483,425;73
12484,425;11094
12485,425;65
12486,425;69
12487,425;71
12488,425;66
12489,425;85
12490,425;11077
12491,425;61
12492,425;79
12493,425;72
12494,425;68
12495,425;89
12496,425;11079
12497,425;63
12498,425;66
12499,425;59
12500,425;90
12501,425;81
12502,425;11065
12503,425;54
12504,425;75
12505,425;76
12506,425;68
12507,425;63
12508,425;11046
12509,425;68
12510,425;75
12511,425;65
12512,425;58
12513,425;72
12514,425;11076
12515,425;73
12516,425;74
12517,425;71
12518,425;71
12519,425;87
12520,425;11056
12521,425;68
12522,425;66
12523,425;64
12524,425;81
12525,425;75
12526,972;11069
12527,972;70
12528,972;57
12529,972;56
12530,972;71
12531,972;73
12532,972;11099
12533,972;71
12534,972;53
12535,972;77
12536,972;81
12537,972;80
12538,972;11092
12539,972;84
12540,972;76
12541,972;87
12542,972;77
12543,972;66
12544,972;11032
12545,972;56
12546,972;65
12547,972;77
12548,972;57
12549,972;75
12550,972;11059
12551,972;78
12552,972;66
12553,972;63
12554,972;82
12555,972;85
12556,972;11062
12557,972;56
12558,972;58
12559,972;64
12560,972;84
12561,972;85
12562,972;10755
12563,972;74
12564,972;72
12565,972;60
12566,972;72
12567,972;80
12568,972;10992
12569,972;76
12570,972;70
12571,972;69
12572,972;67
12573,972;99
12574,972;11048
12575,972;67
12576,972;75
12577,972;68
12578,972;72
12579,972;77
12580,972;11068
12581,972;79
12582,972;87
12583,972;70
12584,972;72
12585,972;71
12586,972;11070
12587,972;83
12588,972;64
12589,972;69
12590,972;89
12591,972;91
12592,972;11082
12593,972;66
12594,972;61
12595,972;77
12596,972;84
12597,972;84
12598,972;11070
12599,972;68
12600,972;65
12601,972;70
12602,972;75
12603,972;68
12604,972;11097
12605,972;65
12606,972;63
12607,972;87
12608,972;79
12609,972;84
12610,972;11096
12611,972;65
12612,972;61
12613,972;71
12614,972;63
12615,972;72
12616,972;11073
12617,972;56
12618,972;57
12619,972;80
12620,972;75
12621,972;80
12622,972;11046
12623,972;68
12624,972;58
12625,972;65
12626,972;78
12627,972;55
12628,972;11068
12629,972;71
12630,972;77
12631,972;80
12632,972;62
12633,972;68
12634,972;11082
12635,972;72
12636,972;70
12637,972;71
12638,972;77
12639,972;75
12640,972;11091
12641,972;72
12642,972;99
12643,972;75
12644,972;55
12645,972;72
12646,972;11110
12647,972;62
12648,972;68
12649,972;69
12650,972;77
12651,972;64
12652,972;11053
12653,972;61
12654,972;92
12655,972;65
12656,972;84
12657,972;72
12658,972;11049
12659,972;70
12660,972;61
12661,972;67
12662,972;77
12663,972;68
12664,972;11084
12665,972;60
12666,972;83
12667,972;78
12668,972;82
12669,972;87
12670,972;11089
12671,972;59
12672,972;70
12673,972;74
12674,972;95
12675,972;72
12676,972;11085
12677,972;58
12678,972;65
12679,972;66
12680,972;62
12681,972;63
12682,972;11073
12683,972;74
12684,972;85
12685,972;60
12686,972;81
12687,972;77
12688,972;11042
12689,972;58
12690,972;69
12691,972;79
12692,972;78
12693,972;79
12694,972;11042
12695,972;63
12696,972;59
12697,972;90
12698,972;71
12699,972;61
12700,972;11073
12701,972;67
12702,972;91
12703,972;75
12704,972;71
12705,972;68
12706,972;11068
12707,972;50
12708,972;55
12709,972;64
12710,972;88
12711,972;80
12712,972;11071
12713,972;74
12714,972;67
12715,972;73
12716,972;63
12717,972;64
12718,972;11084
12719,972;90
12720,972;60
12721,972;82
12722,972;70
12723,972;72
12724,972;11064
12725,972;55
12726,972;70
12727,972;62
12729,313;72
12730,313;84
12731,313;11053
12732,313;61
12733,313;76
12734,313;69
12735,313;81
12736,313;68
12737,313;11061
12738,313;72
12739,313;58
12740,313;62
12741,313;68
12742,313;78
12743,313;11067
12744,313;73
12745,313;57
12746,313;68
12747,313;72
12748,313;72
12749,313;11060
12750,313;70
12751,313;62
12752,313;79
12753,313;69
12754,313;80
12755,313;11084
12756,313;66
12757,313;64
12758,313;68
12759,313;70
12760,313;62
12761,313;11077
12762,313;53
12763,313;61
12764,313;77
12765,313;64
12766,313;75
12767,313;11060
12768,313;51
12769,313;69
12770,313;75
12771,313;59
12772,313;74
12773,313;11095
12774,313;64
12775,313;71
12776,313;83
12777,313;73
12778,313;85
12779,313;11057
12780,313;73
12781,313;69
12782,313;64
12783,313;63
12784,313;63
12785,313;11061
12786,313;69
12787,313;73
12788,313;56
12789,313;76
12790,313;65
12791,313;11095
12792,313;57
12793,313;68
12794,313;59
12795,313;76
12796,313;71
12797,313;11066
12798,313;69
12799,313;73
12800,313;60
12801,313;68
12802,313;76
12803,313;11024
12804,313;66
12805,313;76
12806,313;81
12807,313;92
12808,313;69
12809,313;11056
12810,313;58
12811,313;67
12812,313;66
12813,313;71
12814,313;72
12815,313;11052
12816,313;61
12817,313;78
12818,313;57
12819,313;64
12820,313;82
12821,313;11055
12822,313;65
12823,313;60
12824,313;73
12825,313;56
12826,313;59
12827,313;11043
12828,313;58
12829,313;66
12830,238;68
12831,238;62
12832,238;70
12833,238;11062
12834,238;73
12835,238;60
12836,238;55
12837,238;71
12838,238;62
12839,238;11018
12840,238;50
12841,238;59
12842,238;73
12843,238;60
12844,238;74
12845,238;11065
12846,238;80
12847,238;54
12848,238;70
12849,238;77
12850,238;61
12851,238;11055
12852,238;81
12853,238;74
12854,238;63
12855,238;65
12856,238;88
12857,238;11037
12858,238;69
12859,238;59
12860,238;68
12861,238;67
12862,238;59
12863,238;11041
12864,238;46
12865,238;53
12866,238;65
12867,238;55
12868,238;67
12869,238;11092
12870,238;60
12871,238;54
12872,238;56
12873,238;70
12874,238;66
12875,238;10710
12876,238;51
12877,238;57
12878,238;79
12879,238;65
12880,238;75
12881,238;10985
12882,238;62
12883,238;60
12884,238;60
12885,238;58
12886,238;67
12887,238;11065
12888,238;56
12889,238;59
12890,238;74
12891,238;60
12892,238;66
12893,238;11032
12894,238;60
12895,238;58
12896,238;66
12897,238;66
12898,238;77
12899,238;11040
12900,238;57
12901,238;69
12902,238;57
12903,238;74
12904,238;68
12905,238;11057
12906,238;56
12907,238;73
12908,238;59
12909,238;67
12910,238;60
12911,238;11057
12912,238;58
12913,238;65
12914,238;85
12915,238;67
12916,238;63
12917,238;11095
12918,238;55
12919,238;60
12920,238;62
12921,238;55
12922,238;67
12923,238;11052
12924,238;58
12925,238;80
12926,238;77
12927,238;74
12928,238;61
12929,238;11036
12930,238;85
12930,455;73
12931,455;68
12932,455;51
12933,455;78
12934,455;11054
12935,455;77
12936,455;66
12937,455;69
12938,455;55
12939,455;72
12940,455;11077
12941,455;49
12942,455;79
12943,455;76
12944,455;59
12945,455;62
12946,455;11066
12947,455;58
12948,455;64
12949,455;77
12950,455;59
12951,455;67
12952,455;11072
12953,455;53
12954,455;52
12955,455;63
12956,455;86
12957,455;82
12958,455;11040
12959,455;72
12960,455;57
12961,455;62
12962,455;68
12963,455;61
12964,455;11072
12965,455;61
12966,455;58
12967,455;64
12968,455;59
12969,455;61
12970,455;11032
12971,455;51
12972,455;76
12973,455;65
12974,455;62
12975,455;87
12976,455;11082
12977,455;71
12978,455;68
12979,455;74
12980,455;102
12981,455;75
12982,455;11062
12983,455;70
12984,455;62
12985,455;65
12986,455;68
12987,455;73
12988,455;11057
12989,455;71
12990,455;65
12991,455;50
12992,455;75
12993,455;86
12994,455;11058
12995,455;64
12996,455;75
12997,455;72
12998,455;61
12999,455;72
13000,455;11073
13001,455;65
13002,455;76
13003,455;69
13004,455;76
13005,455;76
13006,455;11054
13007,455;60
13008,455;81
13009,455;74
13010,455;65
13011,455;67
13012,455;11043
13013,455;67
13014,455;60
13015,455;77
13016,455;71
13017,455;76
13018,455;11078
13019,455;64
13020,455;72
13021,455;63
13022,455;67
13023,455;65
13024,455;11052
13025,455;70
13026,455;71
13027,455;71
13028,455;79
13029,455;60
13030,455;11067
13031,071;69
13032,071;54
13033,071;74
13034,071;79
13035,071;82
13036,071;11054
13037,071;70
13038,071;70
13039,071;75
13040,071;64
13041,071;88
13042,071;11088
13043,071;60
13044,071;73
13045,071;75
13046,071;72
13047,071;82
13048,071;11073
13049,071;61
13050,071;59
13051,071;69
13052,071;71
13053,071;54
13054,071;11050
13055,071;73
13056,071;72
13057,071;74
13058,071;77
13059,071;85
13060,071;11051
13061,071;69
13062,071;57
13063,071;75
13064,071;61
13065,071;65
13066,071;11060
13067,071;60
13068,071;66
13069,071;73
13070,071;62
13071,071;79
13072,071;11041
13073,071;67
13074,071;66
13075,071;68
13076,071;65
13077,071;86
13078,071;11050
13079,071;66
13080,071;64
13081,071;83
13082,071;67
13083,071;90
13084,071;11062
13085,071;68
13086,071;70
13087,071;66
13088,071;70
13089,071;71
13090,071;11056
13091,071;77
13092,071;72
13093,071;75
13094,071;74
13095,071;57
13096,071;11110
13097,071;80
13098,071;85
13099,071;72
13100,071;68
13101,071;75
13102,071;11067
13103,071;74
13104,071;71
13105,071;75
13106,071;81
13107,071;74
13108,071;11046
13109,071;57
13110,071;70
13111,071;88
13112,071;58
13113,071;60
13114,071;11075
13115,071;71
13116,071;77
13117,071;79
13118,071;77
13119,071;85
13120,071;11087
13121,071;62
13122,071;60
13123,071;83
13124,071;66
13125,071;67
13126,071;11084
13127,071;62
13128,071;76
13129,071;61
13130,071;87
13131,071;76
13132,085;11096
13133,085;59
13134,085;81
13135,085;83
13136,085;75
13137,085;71
13138,085;11088
13139,085;67
13140,085;63
13141,085;71
13142,085;72
13143,085;74
13144,085;11095
13145,085;69
13146,085;86
13147,085;74
13148,085;68
13149,085;90
13150,085;11084
13151,085;67
13152,085;75
13153,085;73
13154,085;74
13155,085;80
13156,085;11078
13157,085;80
13158,085;75
13159,085;77
13160,085;80
13161,085;66
13162,085;11065
13163,085;58
13164,085;77
13165,085;79
13166,085;88
13167,085;73
13168,085;11107
13169,085;78
13170,085;60
13171,085;71
13172,085;72
13173,085;83
13174,085;11086
13175,085;78
13176,085;64
13177,085;80
13178,085;82
13179,085;85
13180,085;11057
13181,085;67
13182,085;78
13183,085;73
13184,085;80
13185,085;98
13186,085;10720
13187,085;59
13188,085;71
13189,085;66
13190,085;87
13191,085;67
13192,085;11026
13193,085;70
13194,085;70
13195,085;69
13196,085;75
13197,085;64
13198,085;11086
13199,085;64
13200,085;68
13201,085;68
13202,085;66
13203,085;64
13204,085;11069
13205,085;55
13206,085;54
13207,085;86
13208,085;86
13209,085;80
13210,085;11059
13211,085;71
13212,085;81
13213,085;57
13214,085;80
13215,085;84
13216,085;11072
13217,085;68
13218,085;75
13219,085;91
13220,085;73
13221,085;60
13222,085;11091
13223,085;61
13224,085;62
13225,085;65
13226,085;80
13227,085;80
13228,085;11026
13229,085;69
13230,085;69
13231,085;83
13232,085;64
13233,085;80
13234,085;11089
13235,085;60
13236,085;79
13237,085;78
13238,085;69
13239,085;72
13240,085;11056
13241,085;55
13242,085;66
13243,085;78
13244,085;80
13245,085;65
13246,085;11046
13247,085;70
13248,085;78
13249,085;76
13250,085;78
13251,085;85
13252,085;11036
13253,085;77
13254,085;68
13255,085;64
13256,085;66
13257,085;69
13258,085;11062
13259,085;59
13260,085;71
13261,085;79
13262,085;82
13263,085;78
13264,085;11079
13265,085;53
13266,085;59
13267,085;62
13268,085;76
13269,085;74
13270,085;11064
13271,085;90
13272,085;71
13273,085;60
13274,085;77
13275,085;91
13276,085;11076
13277,085;73
13278,085;71
13279,085;71
13280,085;73
13281,085;76
13282,085;11052
13283,085;62
13284,085;78
13285,085;77
13286,085;86
13287,085;74
13288,085;11034
13289,085;64
13290,085;68
13291,085;67
13292,085;76
13293,085;64
13294,085;11046
13295,085;73
13296,085;67
13297,085;79
13298,085;62
13299,085;67
13300,085;11045
13301,085;62
13302,085;74
13303,085;70
13304,085;77
13305,085;71
13306,085;11060
13307,085;47
13308,085;71
13309,085;76
13310,085;79
13311,085;68
13312,085;11042
13313,085;67
13314,085;60
13315,085;75
13316,085;73
13317,085;70
13318,085;11062
13319,085;65
13320,085;62
13321,085;87
13322,085;67
13323,085;71
13324,085;11071
13325,085;68
13326,085;63
13327,085;66
13328,085;99
13329,085;83
13330,085;11045
13331,085;70
13332,085;58
13333,085;83
13335,145;63
13336,145;64
13337,145;11068
13338,145;62
13339,145;73
13340,145;52
13341,145;82
13342,145;88
13343,145;11037
13344,145;56
13345,145;60
13346,145;69
13347,145;71
13348,145;62
13349,145;11058
13350,145;65
13351,145;73
13352,145;84
13353,145;72
13354,145;79
13355,145;11068
13356,145;58
13357,145;72
13358,145;77
13359,145;65
13360,145;62
13361,145;11039
13362,145;57
13363,145;69
13364,145;63
13365,145;83
13366,145;88
13367,145;11060
13368,145;58
13369,145;69
13370,145;82
13371,145;64
13372,145;53
13373,145;11074
13374,145;60
13375,145;67
13376,145;71
13377,145;79
13378,145;73
13379,145;11059
13380,145;67
13381,145;71
13382,145;67
13383,145;67
13384,145;83
13385,145;11052
13386,145;65
13387,145;61
13388,145;72
13389,145;86
13390,145;70
13391,145;11039
13392,145;76
13393,145;66
13394,145;69
13395,145;76
13396,145;70
13397,145;11042
13398,145;70
13399,145;57
13400,145;67
13401,145;74
13402,145;57
13403,145;11033
13404,145;74
13405,145;62
13406,145;72
13407,145;64
13408,145;65
13409,145;11104
13410,145;60
13411,145;90
13412,145;71
13413,145;82
13414,145;67
13415,145;11054
13416,145;69
13417,145;76
13418,145;75
13419,145;74
13420,145;88
13421,145;11069
13422,145;51
13423,145;67
13424,145;60
13425,145;80
13426,145;73
13427,145;11077
13428,145;71
13429,145;64
13430,145;61
13431,145;64
13432,145;85
13433,145;11011
13434,145;66
13435,145;77
13435,905;64
13436,905;81
13437,905;56
13438,905;11042
13439,905;64
13440,905;55
13441,905;63
13442,905;55
13443,905;65
13444,905;11035
13445,905;67
13446,905;71
13447,905;79
13448,905;69
13449,905;59
13450,905;11048
13451,905;68
13452,905;80
13453,905;64
13454,905;78
13455,905;73
13456,905;11065
13457,905;62
13458,905;54
13459,905;54
13460,905;62
13461,905;78
13462,905;11061
13463,905;63
13464,905;62
13465,905;82
13466,905;83
13467,905;72
13468,905;11055
13469,905;53
13470,905;71
13471,905;73
13472,905;82
13473,905;56
13474,905;11071
13475,905;66
13476,905;57
13477,905;70
13478,905;72
13479,905;71
13480,905;11031
13481,905;64
13482,905;64
13483,905;70
13484,905;54
13485,905;68
13486,905;11009
13487,905;58
13488,905;66
13489,905;68
13490,905;72
13491,905;60
13492,905;11036
13493,905;49
13494,905;63
13495,905;65
13496,905;68
13497,905;73
13498,905;10743
13499,905;61
13500,905;62
13501,905;51
13502,905;66
13503,905;65
13504,905;10983
13505,905;55
13506,905;57
13507,905;62
13508,905;60
13509,905;70
13510,905;11053
13511,905;57
13512,905;63
13513,905;61
13514,905;63
13515,905;68
13516,905;11039
13517,905;44
13518,905;71
13519,905;65
13520,905;68
13521,905;65
13522,905;11028
13523,905;52
13524,905;64
13525,905;74
13526,905;67
13527,905;83
13528,905;11044
13529,905;64
13530,905;59
13531,905;58
13532,905;69
13533,905;87
13534,905;11068
13535,905;52
13537,133;58
13538,133;61
13539,133;55
13540,133;67
13541,133;11073
13542,133;55
13543,133;69
13544,133;63
13545,133;72
13546,133;60
13547,133;11060
13548,133;55
13549,133;54
13550,133;65
13551,133;64
13552,133;71
13553,133;11045
13554,133;53
13555,133;57
13556,133;78
13557,133;64
13558,133;73
13559,133;11084
13560,133;48
13561,133;72
13562,133;65
13563,133;59
13564,133;79
13565,133;11069
13566,133;58
13567,133;74
13568,133;71
13569,133;52
13570,133;78
13571,133;11068
13572,133;57
13573,133;55
13574,133;53
13575,133;55
13576,133;67
13577,133;11098
13578,133;71
13579,133;63
13580,133;73
13581,133;72
13582,133;67
13583,133;11031
13584,133;61
13585,133;75
13586,133;80
13587,133;81
13588,133;76
13589,133;11064
13590,133;70
13591,133;65
13592,133;69
13593,133;70
13594,133;68
13595,133;11051
13596,133;59
13597,133;69
13598,133;79
13599,133;68
13600,133;80
13601,133;11069
13602,133;74
13603,133;59
13604,133;61
13605,133;67
13606,133;84
13607,133;11021
13608,133;67
13609,133;69
13610,133;73
13611,133;65
13612,133;73
13613,133;11058
13614,133;72
13615,133;59
13616,133;76
13617,133;80
13618,133;64
13619,133;11082
13620,133;79
13621,133;77
13622,133;68
13623,133;73
13624,133;84
13625,133;11046
13626,133;55
13627,133;61
13628,133;61
13629,133;75
13630,133;71
13631,133;11050
13632,133;78
13633,133;65
13634,133;76
13635,133;82
13636,133;83
13637,133;11050
13638,216;57
13639,216;57
13640,216;57
13641,216;77
13642,216;67
13643,216;11086
13644,216;67
13645,216;67
13646,216;73
13647,216;69
13648,216;76
13649,216;11052
13650,216;77
13651,216;61
13652,216;59
13653,216;73
13654,216;65
13655,216;11062
13656,216;58
13657,216;68
13658,216;63
13659,216;79
13660,216;60
13661,216;11056
13662,216;54
13663,216;68
13664,216;66
13665,216;88
13666,216;58
13667,216;11086
13668,216;70
13669,216;62
13670,216;72
13671,216;68
13672,216;70
13673,216;11045
13674,216;66
13675,216;71
13676,216;67
13677,216;66
13678,216;73
13679,216;11059
13680,216;73
13681,216;79
13682,216;72
13683,216;81
13684,216;64
13685,216;11071
13686,216;69
13687,216;72
13688,216;71
13689,216;73
13690,216;83
13691,216;11038
13692,216;74
13693,216;54
13694,216;76
13695,216;66
13696,216;60
13697,216;11071
13698,216;72
13699,216;62
13700,216;64
13701,216;86
13702,216;59
13703,216;11060
13704,216;60
13705,216;63
13706,216;68
13707,216;62
13708,216;71
13709,216;11051
13710,216;73
13711,216;63
13712,216;73
13713,216;76
13714,216;74
13715,216;11087
13716,216;65
13717,216;67
13718,216;64
13719,216;82
13720,216;88
13721,216;11086
13722,216;74
13723,216;88
13724,216;69
13725,216;72
13726,216;86
13727,216;11023
13728,216;80
13729,216;76
13730,216;72
13731,216;65
13732,216;85
13733,216;11062
13734,216;60
13735,216;70
13736,216;78
13737,216;75
13738,216;69
13738,216;11085
13739,216;70
13740,216;71
13741,216;87
13742,216;64
13743,216;88
13744,216;11056
13745,216;47
13746,216;63
13747,216;80
13748,216;69
13749,216;85
13750,216;11052
13751,216;77
13752,216;66
13753,216;70
13754,216;76
13755,216;84
13756,216;11093
13757,216;59
13758,216;62
13759,216;74
13760,216;54
13761,216;89
13762,216;11084
13763,216;68
13764,216;64
13765,216;67
13766,216;83
13767,216;69
13768,216;11076
13769,216;82
13770,216;73
13771,216;61
13772,216;77
13773,216;74
13774,216;11085
13775,216;71
13776,216;69
13777,216;80
13778,216;74
13779,216;75
13780,216;11079
13781,216;60
13782,216;68
13783,216;84
13784,216;86
13785,216;91
13786,216;11050
13787,216;60
13788,216;75
13789,216;70
13790,216;81
13791,216;68
13792,216;11055
13793,216;85
13794,216;83
13795,216;85
13796,216;76
13797,216;79
13798,216;11089
13799,216;71
13800,216;69
13801,216;82
13802,216;66
13803,216;76
13804,216;11008
13805,216;74
13806,216;68
13807,216;81
13808,216;84
13809,216;79
13810,216;10741
13811,216;68
13812,216;64
13813,216;68
13814,216;73
13815,216;67
13816,216;10994
13817,216;57
13818,216;64
13819,216;85
13820,216;76
13821,216;78
13822,216;11055
13823,216;70
13824,216;63
13825,216;79
13826,216;70
13827,216;98
13828,216;11063
13829,216;54
13830,216;69
13831,216;79
13832,216;78
13833,216;76
13834,216;11094
13835,216;60
13836,216;71
13837,216;67
13838,216;70
13839,934;89
13840,934;11051
13841,934;64
13842,934;64
13843,934;61
13844,934;80
13845,934;69
13846,934;11082
13847,934;74
13848,934;66
13849,934;72
13850,934;84
13851,934;74
13852,934;11078
13853,934;78
13854,934;78
13855,934;71
13856,934;64
13857,934;66
13858,934;11071
13859,934;76
13860,934;73
13861,934;68
13862,934;66
13863,934;65
13864,934;11077
13865,934;59
13866,934;74
13867,934;58
13868,934;84
13869,934;83
13870,934;11071
13871,934;72
13872,934;68
13873,934;67
13874,934;89
13875,934;79
13876,934;11068
13877,934;55
13878,934;71
13879,934;65
13880,934;85
13881,934;75
13882,934;11044
13883,934;63
13884,934;80
13885,934;73
13886,934;66
13887,934;82
13888,934;11080
13889,934;67
13890,934;67
13891,934;62
13892,934;71
13893,934;81
13894,934;11050
13895,934;63
13896,934;63
13897,934;68
13898,934;74
13899,934;60
13900,934;11068
13901,934;70
13902,934;75
13903,934;64
13904,934;83
13905,934;74
13906,934;11069
13907,934;74
13908,934;73
13909,934;75
13910,934;68
13911,934;89
13912,934;11073
13913,934;62
13914,934;71
13915,934;76
13916,934;65
13917,934;75
13918,934;11033
13919,934;80
13920,934;60
13921,934;75
13922,934;80
13923,934;72
13924,934;11060
13925,934;65
13926,934;55
13927,934;67
13928,934;70
13929,934;88
13930,934;11081
13931,934;87
13932,934;83
13933,934;73
13934,934;70
13935,934;83
13936,934;11078
13937,934;48
13938,934;70
13939,934;74
13940,343;66
13941,343;77
13942,343;11033
13943,343;60
13944,343;70
13945,343;70
13946,343;82
13947,343;71
13948,343;11021
13949,343;77
13950,343;57
13951,343;59
13952,343;71
13953,343;82
13954,343;11061
13955,343;64
13956,343;57
13957,343;65
13958,343;63
13959,343;57
13960,343;11068
13961,343;59
13962,343;63
13963,343;62
13964,343;86
13965,343;84
13966,343;11071
13967,343;62
13968,343;64
13969,343;71
13970,343;64
13971,343;56
13972,343;11075
13973,343;71
13974,343;80
13975,343;78
13976,343;65
13977,343;90
13978,343;11054
13979,343;64
13980,343;68
13981,343;85
13982,343;84
13983,343;77
13984,343;11063
13985,343;56
13986,343;69
13987,343;56
13988,343;91
13989,343;69
13990,343;11040
13991,343;60
13992,343;77
13993,343;71
13994,343;57
13995,343;68
13996,343;11064
13997,343;73
13998,343;54
13999,343;64
14000,343;60
14001,343;80
14002,343;11023
14003,343;66
14004,343;57
14005,343;78
14006,343;77
14007,343;83
14008,343;11070
14009,343;76
14010,343;64
14011,343;76
14012,343;53
14013,343;53
14014,343;11080
14015,343;55
14016,343;55
14017,343;78
14018,343;71
14019,343;61
14020,343;11039
14021,343;60
14022,343;87
14023,343;60
14024,343;60
14025,343;65
14026,343;11057
14027,343;65
14028,343;78
14029,343;78
14030,343;67
14031,343;83
14032,343;11063
14033,343;58
14034,343;72
14035,343;87
14036,343;65
14037,343;72
14038,343;11039
14039,343;73
14040,343;79
14041,672;53
14042,672;86
14043,672;65
14044,672;11054
14045,672;72
14046,672;73
14047,672;73
14048,672;71
14049,672;65
14050,672;11036
14051,672;60
14052,672;64
14053,672;55
14054,672;60
14055,672;73
14056,672;11059
14057,672;64
14058,672;60
14059,672;77
14060,672;83
14061,672;68
14062,672;11065
14063,672;71
14064,672;77
14065,672;59
14066,672;67
14067,672;72
14068,672;11072
14069,672;60
14070,672;58
14071,672;82
14072,672;69
14073,672;71
14074,672;11056
14075,672;64
14076,672;53
14077,672;63
14078,672;60
14079,672;77
14080,672;11035
14081,672;74
14082,672;66
14083,672;62
14084,672;68
14085,672;69
14086,672;11048
14087,672;74
14088,672;81
14089,672;70
14090,672;76
14091,672;72
14092,672;11039
14093,672;62
14094,672;71
14095,672;39
14096,672;68
14097,672;80
14098,672;11042
14099,672;63
14100,672;76
14101,672;85
14102,672;75
14103,672;54
14104,672;11037
14105,672;57
14106,672;70
14107,672;56
14108,672;59
14109,672;71
14110,672;11044
14111,672;65
14112,672;48
14113,672;61
14114,672;69
14115,672;65
14116,672;11056
14117,672;77
14118,672;56
14119,672;58
14120,672;60
14121,672;60
14122,672;10711
14123,672;59
14124,672;63
14125,672;69
14126,672;76
14127,672;65
14128,672;10993
14129,672;59
14130,672;62
14131,672;80
14132,672;62
14133,672;54
14134,672;11057
14135,672;59
14136,672;67
14137,672;66
14138,672;64
14139,672;70
14140,672;11056
14141,672;62
14143,022;67
14144,022;51
14145,022;55
14146,022;69
14147,022;11047
14148,022;54
14149,022;56
14150,022;66
14151,022;66
14152,022;76
14153,022;11073
14154,022;73
14155,022;64
14156,022;52
14157,022;55
14158,022;58
14159,022;11069
14160,022;63
14161,022;68
14162,022;71
14163,022;66
14164,022;76
14165,022;11076
14166,022;65
14167,022;83
14168,022;69
14169,022;61
14170,022;90
14171,022;11033
14172,022;67
14173,022;69
14174,022;62
14175,022;73
14176,022;68
14177,022;11061
14178,022;69
14179,022;53
14180,022;76
14181,022;63
14182,022;54
14183,022;11053
14184,022;62
14185,022;61
14186,022;69
14187,022;73
14188,022;70
14189,022;11012
14190,022;75
14191,022;71
14192,022;75
14193,022;69
14194,022;59
14195,022;11076
14196,022;65
14197,022;65
14198,022;66
14199,022;67
14200,022;65
14201,022;11044
14202,022;65
14203,022;70
14204,022;82
14205,022;59
14206,022;66
14207,022;11073
14208,022;60
14209,022;65
14210,022;72
14211,022;71
14212,022;84
14213,022;11062
14214,022;70
14215,022;60
14216,022;73
14217,022;78
14218,022;61
14219,022;11070
14220,022;63
14221,022;69
14222,022;67
14223,022;85
14224,022;74
14225,022;11057
14226,022;65
14227,022;71
14228,022;73
14229,022;51
14230,022;60
14231,022;11059
14232,022;60
14233,022;79
14234,022;67
14235,022;78
14236,022;69
14237,022;11085
14238,022;73
14239,022;70
14240,022;53
14241,022;65
14242,022;67
14243,022;11057
14244,022;74
14245,022;70
14246,022;62
14247,022;50
14248,022;74
14249,022;11043
14250,022;64
14251,022;68
14252,022;72
14253,022;62
14254,022;78
14255,022;11051
14256,022;65
14257,022;66
14258,022;69
14259,022;60
14260,022;69
14261,022;11040
14262,022;62
14263,022;46
14264,022;80
14265,022;45
14266,022;69
14267,022;11042
14268,022;75
14269,022;75
14270,022;66
14271,022;73
14272,022;79
14273,022;11036
14274,022;76
14275,022;65
14276,022;75
14277,022;68
14278,022;77
14279,022;11054
14280,022;52
14281,022;65
14282,022;75
14283,022;60
14284,022;78
14285,022;11052
14286,022;76
14287,022;79
14288,022;68
14289,022;70
14290,022;74
14291,022;11039
14292,022;77
14293,022;70
14294,022;65
14295,022;67
14296,022;91
14297,022;11089
14298,022;58
14299,022;87
14300,022;73
14301,022;96
14302,022;66
14303,022;11055
14304,022;57
14305,022;85
14306,022;67
14307,022;69
14308,022;65
14309,022;11080
14310,022;66
14311,022;75
14312,022;61
14313,022;89
14314,022;70
14315,022;11079
14316,022;67
14317,022;83
14318,022;65
14319,022;79
14320,022;67
14321,022;11072
14322,022;57
14323,022;72
14324,022;67
14325,022;77
14326,022;82
14327,022;11021
14328,022;68
14329,022;65
14330,022;79
14331,022;67
14332,022;54
14333,022;11052
14334,022;72
14335,022;62
14336,022;69
14337,022;67
14338,022;62
14339,022;11058
14340,022;57
14341,022;80
14342,022;82
14343,022;84
14344,022;103
14345,125;11039
14346,125;62
14347,125;79
14348,125;74
14349,125;71
14350,125;65
14351,125;11057
14352,125;66
14353,125;82
14354,125;68
14355,125;57
14356,125;79
14357,125;11050
14358,125;59
14359,125;77
14360,125;85
14361,125;64
14362,125;67
14363,125;11067
14364,125;66
14365,125;66
14366,125;55
14367,125;67
14368,125;70
14369,125;11044
14370,125;71
14371,125;70
14372,125;60
14373,125;50
14374,125;72
14375,125;11114
14376,125;56
14377,125;64
14378,125;76
14379,125;81
14380,125;65
14381,125;11083
14382,125;60
14383,125;47
14384,125;64
14385,125;77
14386,125;81
14387,125;11087
14388,125;65
14389,125;70
14390,125;57
14391,125;71
14392,125;78
14393,125;11067
14394,125;63
14395,125;64
14396,125;67
14397,125;63
14398,125;77
14399,125;11072
14400,125;66
14401,125;85
14402,125;71
14403,125;74
14404,125;73
14405,125;11085
14406,125;60
14407,125;76
14408,125;72
14409,125;80
14410,125;93
14411,125;11063
14412,125;80
14413,125;76
14414,125;67
14415,125;96
14416,125;86
14417,125;11055
14418,125;73
14419,125;80
14420,125;75
14421,125;74
14422,125;63
14423,125;11073
14424,125;69
14425,125;78
14426,125;68
14427,125;79
14428,125;80
14429,125;11073
14430,125;84
14431,125;77
14432,125;79
14433,125;83
14434,125;78
14435,125;10719
14436,125;49
14437,125;68
14438,125;71
14439,125;73
14440,125;75
14441,125;11009
14442,125;65
14443,125;68
14444,125;66
14445,125;88
14446,012;90
14447,012;11037
14448,012;71
14449,012;69
14450,012;65
14451,012;74
14452,012;72
14453,012;11051
14454,012;65
14455,012;71
14456,012;57
14457,012;84
14458,012;78
14459,012;11092
14460,012;82
14461,012;72
14462,012;72
14463,012;81
14464,012;82
14465,012;11042
14466,012;65
14467,012;67
14468,012;81
14469,012;75
14470,012;82
14471,012;11065
14472,012;70
14473,012;66
14474,012;68
14475,012;83
14476,012;83
14477,012;11055
14478,012;61
14479,012;85
14480,012;83
14481,012;82
14482,012;69
14483,012;11058
14484,012;76
14485,012;77
14486,012;69
14487,012;66
14488,012;74
14489,012;11047
14490,012;66
14491,012;73
14492,012;63
14493,012;68
14494,012;83
14495,012;11065
14496,012;64
14497,012;62
14498,012;75
14499,012;68
14500,012;77
14501,012;11062
14502,012;79
14503,012;64
14504,012;63
14505,012;54
14506,012;71
14507,012;11049
14508,012;63
14509,012;85
14510,012;69
14511,012;59
14512,012;80
14513,012;11063
14514,012;66
14515,012;62
14516,012;72
14517,012;65
14518,012;74
14519,012;11066
14520,012;66
14521,012;70
14522,012;56
14523,012;69
14524,012;71
14525,012;11040
14526,012;71
14527,012;64
14528,012;59
14529,012;72
14530,012;76
14531,012;11065
14532,012;60
14533,012;65
14534,012;68
14535,012;79
14536,012;82
14537,012;11097
14538,012;74
14539,012;62
14540,012;80
14541,012;76
14542,012;76
14543,012;11018
14544,012;76
14545,012;70
14546,012;68
14546,908;86
14547,908;87
14548,908;11021
14549,908;47
14550,908;64
14551,908;84
14552,908;65
14553,908;63
14554,908;11045
14555,908;68
14556,908;61
14557,908;70
14558,908;73
14559,908;90
14560,908;11073
14561,908;71
14562,908;68
14563,908;68
14564,908;69
14565,908;85
14566,908;11048
14567,908;58
14568,908;64
14569,908;64
14570,908;65
14571,908;74
14572,908;11052
14573,908;67
14574,908;79
14575,908;80
14576,908;64
14577,908;82
14578,908;11055
14579,908;67
14580,908;72
14581,908;81
14582,908;55
14583,908;71
14584,908;11050
14585,908;65
14586,908;65
14587,908;68
14588,908;57
14589,908;77
14590,908;11068
14591,908;65
14592,908;72
14593,908;65
14594,908;76
14595,908;76
14596,908;11069
14597,908;53
14598,908;69
14599,908;83
14600,908;59
14601,908;69
14602,908;11043
14603,908;63
14604,908;69
14605,908;71
14606,908;66
14607,908;73
14608,908;11070
14609,908;69
14610,908;74
14611,908;72
14612,908;75
14613,908;59
14614,908;11050
14615,908;63
14616,908;72
14617,908;76
14618,908;74
14619,908;63
14620,908;11058
14621,908;61
14622,908;58
14623,908;59
14624,908;78
14625,908;67
14626,908;11096
14627,908;68
14628,908;53
14629,908;66
14630,908;72
14631,908;69
14632,908;11061
14633,908;50
14634,908;64
14635,908;67
14636,908;62
14637,908;65
14638,908;11075
14639,908;56
14640,908;64
14641,908;60
14642,908;67
14643,908;81
14644,908;11076
14645,908;59
14646,908;64
14647,779;77
14648,779;60
14649,779;79
14650,779;11055
14651,779;78
14652,779;64
14653,779;70
14654,779;74
14655,779;83
14656,779;11044
14657,779;62
14658,779;70
14659,779;58
14660,779;61
14661,779;69
14662,779;11078
14663,779;81
14664,779;56
14665,779;62
14666,779;68
14667,779;74
14668,779;11044
14669,779;80
14670,779;64
14671,779;69
14672,779;67
14673,779;64
14674,779;11078
14675,779;46
14676,779;58
14677,779;62
14678,779;85
14679,779;58
14680,779;11031
14681,779;65
14682,779;64
14683,779;80
14684,779;73
14685,779;64
14686,779;11025
14687,779;54
14688,779;75
14689,779;75
14690,779;98
14691,779;64
14692,779;11062
14693,779;67
14694,779;74
14695,779;64
14696,779;65
14697,779;82
14698,779;11052
14699,779;70
14700,779;56
14701,779;87
14702,779;74
14703,779;57
14704,779;11053
14705,779;60
14706,779;62
14707,779;74
14708,779;57
14709,779;65
14710,779;11072
14711,779;56
14712,779;61
14713,779;69
14714,779;66
14715,779;57
14716,779;11078
14717,779;63
14718,779;63
14719,779;66
14720,779;69
14721,779;61
14722,779;11051
14723,779;67
14724,779;65
14725,779;78
14726,779;72
14727,779;63
14728,779;11039
14729,779;49
14730,779;54
14731,779;60
14732,779;64
14733,779;64
14734,779;11028
14735,779;49
14736,779;60
14737,779;57
14738,779;67
14739,779;65
14740,779;11070
14741,779;59
14742,779;63
14743,779;59
14744,779;69
14745,779;59
14746,779;10719
14747,779;58
14748,779;60
14749,779;68
14750,779;52
14751,779;61
14752,779;10975
14753,779;53
14754,779;55
14755,779;58
14756,779;55
14757,779;68
14758,779;11041
14759,779;61
14760,779;54
14761,779;81
14762,779;65
14763,779;71
14764,779;11048
14765,779;62
14766,779;64
14767,779;66
14768,779;49
14769,779;77
14770,779;11039
14771,779;60
14772,779;70
14773,779;70
14774,779;48
14775,779;73
14776,779;11033
14777,779;55
14778,779;54
14779,779;61
14780,779;78
14781,779;62
14782,779;11053
14783,779;56
14784,779;65
14785,779;55
14786,779;75
14787,779;58
14788,779;11080
14789,779;64
14790,779;66
14791,779;67
14792,779;59
14793,779;55
14794,779;11042
14795,779;70
14796,779;72
14797,779;70
14798,779;62
14799,779;70
14800,779;11025
14801,779;66
14802,779;61
14803,779;69
14804,779;89
14805,779;67
14806,779;11069
14807,779;68
14808,779;78
14809,779;80
14810,779;78
14811,779;70
14812,779;11070
14813,779;63
14814,779;58
14815,779;77
14816,779;59
14817,779;75
14818,779;11077
14819,779;57
14820,779;61
14821,779;83
14822,779;66
14823,779;70
14824,779;11048
14825,779;65
14826,779;66
14827,779;66
14828,779;62
14829,779;65
14830,779;11058
14831,779;69
14832,779;66
14833,779;60
14834,779;76
14835,779;70
14836,779;11056
14837,779;61
14838,779;77
14839,779;63
14840,779;70
14841,779;72
14842,779;11069
14843,779;53
14844,779;70
14845,779;63
14846,779;66
14847,779;80
14848,779;11062
14849,775;63
14850,775;68
14851,775;80
14852,775;67
14853,775;66
14854,775;11081
14855,775;80
14856,775;72
14857,775;84
14858,775;74
14859,775;63
14860,775;11033
14861,775;70
14862,775;67
14863,775;71
14864,775;69
14865,775;61
14866,775;11088
14867,775;60
14868,775;67
14869,775;54
14870,775;66
14871,775;71
14872,775;11026
14873,775;61
14874,775;64
14875,775;78
14876,775;67
14877,775;73
14878,775;11047
14879,775;55
14880,775;60
14881,775;72
14882,775;82
14883,775;66
14884,775;11082
14885,775;63
14886,775;72
14887,775;65
14888,775;67
14889,775;66
14890,775;11069
14891,775;58
14892,775;71
14893,775;77
14894,775;59
14895,775;79
14896,775;11064
14897,775;68
14898,775;52
14899,775;76
14900,775;82
14901,775;79
14902,775;11023
14903,775;71
14904,775;71
14905,775;72
14906,775;72
14907,775;86
14908,775;11066
14909,775;54
14910,775;73
14911,775;72
14912,775;68
14913,775;68
14914,775;11058
14915,775;62
14916,775;71
14917,775;74
14918,775;68
14919,775;64
14920,775;11076
14921,775;56
14922,775;62
14923,775;71
14924,775;73
14925,775;75
14926,775;11040
14927,775;58
14928,775;59
14929,775;74
14930,775;71
14931,775;74
14932,775;11047
14933,775;80
14934,775;70
14935,775;58
14936,775;79
14937,775;77
14938,775;11029
14939,775;69
14940,775;73
14941,775;60
14942,775;73
14943,775;82
14944,775;11079
14945,775;64
14946,775;78
14947,775;67
14948,775;69
14949,775;79
14950,527;11091
14951,527;60
14952,527;76
14953,527;55
14954,527;74
14955,527;90
14956,527;11063
14957,527;55
14958,527;59
14959,527;71
14960,527;80
14961,527;81
14962,527;11064
14963,527;58
14964,527;69
14965,527;81
14966,527;70
14967,527;69
14968,527;11092
14969,527;75
14970,527;71
14971,527;68
14972,527;80
14973,527;77
14974,527;11083
14975,527;61
14976,527;59
14977,527;81
14978,527;57
14979,527;83
14980,527;11060
14981,527;59
14982,527;65
14983,527;62
14984,527;86
14985,527;76
14986,527;11053
14987,527;81
14988,527;80
14989,527;78
14990,527;88
14991,527;71
14992,527;11065
14993,527;63
14994,527;69
14995,527;65
14996,527;74
14997,527;84
14998,527;11077
14999,527;85
15000,527;65
15001,527;63
15002,527;72
15003,527;79
15004,527;11072
15005,527;75
15006,527;64
15007,527;59
15008,527;83
15009,527;69
15010,527;11082
15011,527;80
15012,527;81
15013,527;79
15014,527;79
15015,527;65
15016,527;11075
15017,527;81
15018,527;74
15019,527;88
15020,527;63
15021,527;68
15022,527;11067
15023,527;75
15024,527;71
15025,527;82
15026,527;77
15027,527;84
15028,527;11021
15029,527;66
15030,527;65
15031,527;67
15032,527;71
15033,527;71
15034,527;11076
15035,527;69
15036,527;70
15037,527;76
15038,527;70
15039,527;70
15040,527;11066
15041,527;71
15042,527;71
15043,527;81
15044,527;79
15045,527;62
15046,527;11063
15047,527;66
15048,527;70
15049,527;71
15050,527;88
15051,53;89
15052,53;11070
15053,53;72
15054,53;69
15055,53;73
15056,53;85
15057,53;78
15058,53;10739
15059,53;69
15060,53;56
15061,53;58
15062,53;76
15063,53;77
15064,53;11004
15065,53;73
15066,53;66
15067,53;66
15068,53;89
15069,53;84
15070,53;11052
15071,53;71
15072,53;64
15073,53;61
15074,53;75
15075,53;80
15076,53;11077
15077,53;72
15078,53;68
15079,53;78
15080,53;67
15081,53;60
15082,53;11085
15083,53;71
15084,53;80
15085,53;72
15086,53;75
15087,53;82
15088,53;11076
15089,53;64
15090,53;61
15091,53;79
15092,53;72
15093,53;69
15094,53;11099
15095,53;70
15096,53;71
15097,53;67
15098,53;74
15099,53;82
15100,53;11074
15101,53;71
15102,53;82
15103,53;58
15104,53;69
15105,53;71
15106,53;11046
15107,53;50
15108,53;65
15109,53;68
15110,53;69
15111,53;74
15112,53;11104
15113,53;63
15114,53;64
15115,53;80
15116,53;96
15117,53;69
15118,53;11034
15119,53;66
15120,53;78
15121,53;75
15122,53;85
15123,53;65
15124,53;11025
15125,53;66
15126,53;80
15127,53;57
15128,53;76
15129,53;69
15130,53;11077
15131,53;80
15132,53;59
15133,53;67
15134,53;77
15135,53;73
15136,53;11061
15137,53;58
15138,53;89
15139,53;60
15140,53;70
15141,53;66
15142,53;11035
15143,53;63
15144,53;57
15145,53;68
15146,53;73
15147,53;76
15148,53;11056
15149,53;67
15150,53;73
15151,53;82
15152,408;67
15153,408;68
15154,408;11056
15155,408;68
15156,408;76
15157,408;55
15158,408;87
15159,408;84
15160,408;11046
15161,408;72
15162,408;68
15163,408;84
15164,408;62
15165,408;61
15166,408;11023
15167,408;65
15168,408;66
15169,408;77
15170,408;76
15171,408;68
15172,408;11031
15173,408;65
15174,408;74
15175,408;78
15176,408;87
15177,408;56
15178,408;11060
15179,408;75
15180,408;66
15181,408;69
15182,408;56
15183,408;63
15184,408;11069
15185,408;57
15186,408;64
15187,408;70
15188,408;74
15189,408;64
15190,408;11056
15191,408;71
15192,408;71
15193,408;64
15194,408;73
15195,408;86
15196,408;11053
15197,408;70
15198,408;73
15199,408;73
15200,408;71
15201,408;63
15202,408;11050
15203,408;61
15204,408;59
15205,408;73
15206,408;86
15207,408;72
15208,408;11087
15209,408;65
15210,408;59
15211,408;73
15212,408;81
15213,408;61
15214,408;11080
15215,408;66
15216,408;60
15217,408;68
15218,408;74
15219,408;78
15220,408;11048
15221,408;73
15222,408;72
15223,408;66
15224,408;65
15225,408;64
15226,408;11035
15227,408;69
15228,408;69
15229,408;78
15230,408;73
15231,408;77
15232,408;11011
15233,408;54
15234,408;79
15235,408;75
15236,408;72
15237,408;67
15238,408;11069
15239,408;60
15240,408;68
15241,408;70
15242,408;62
15243,408;68
15244,408;11066
15245,408;72
15246,408;68
15247,408;77
15248,408;81
15249,408;65
15250,408;11062
15251,408;57
15252,408;69
15254,111;54
15255,111;73
15256,111;86
15257,111;11067
15258,111;64
15259,111;56
15260,111;70
15261,111;65
15262,111;73
15263,111;11067
15264,111;52
15265,111;61
15266,111;74
15267,111;71
15268,111;60
15269,111;11050
15270,111;64
15271,111;72
15272,111;82
15273,111;77
15274,111;88
15275,111;11052
15276,111;60
15277,111;63
15278,111;71
15279,111;72
15280,111;82
15281,111;11094
15282,111;63
15283,111;59
15284,111;50
15285,111;72
15286,111;63
15287,111;11047
15288,111;46
15289,111;75
15290,111;54
15291,111;73
15292,111;71
15293,111;11067
15294,111;55
15295,111;72
15296,111;85
15297,111;70
15298,111;61
15299,111;11070
15300,111;74
15301,111;75
15302,111;65
15303,111;70
15304,111;53
15305,111;11069
15306,111;75
15307,111;58
15308,111;62
15309,111;61
15310,111;69
15311,111;11047
15312,111;75
15313,111;53
15314,111;53
15315,111;78
15316,111;68
15317,111;11074
15318,111;65
15319,111;63
15320,111;79
15321,111;62
15322,111;71
15323,111;11062
15324,111;55
15325,111;64
15326,111;67
15327,111;67
15328,111;76
15329,111;11041
15330,111;67
15331,111;66
15332,111;53
15333,111;57
15334,111;64
15335,111;11047
15336,111;55
15337,111;65
15338,111;78
15339,111;60
15340,111;68
15341,111;11048
15342,111;73
15343,111;71
15344,111;66
15345,111;60
15346,111;57
15347,111;11046
15348,111;55
15349,111;61
15350,111;68
15351,111;61
15352,111;52
15353,111;11039
15354,111;55
15354,111;65
15355,111;68
15356,111;71
15357,111;76
15358,111;11069
15359,111;56
15360,111;70
15361,111;56
15362,111;63
15363,111;67
15364,111;11043
15365,111;55
15366,111;62
15367,111;80
15368,111;61
15369,111;60
15370,111;10705
15371,111;45
15372,111;59
15373,111;85
15374,111;66
15375,111;60
15376,111;10982
15377,111;48
15378,111;64
15379,111;68
15380,111;63
15381,111;66
15382,111;11041
15383,111;54
15384,111;67
15385,111;64
15386,111;70
15387,111;63
15388,111;11024
15389,111;66
15390,111;71
15391,111;63
15392,111;71
15393,111;59
15394,111;11058
15395,111;50
15396,111;56
15397,111;63
15398,111;69
15399,111;63
15400,111;11039
15401,111;64
15402,111;68
15403,111;66
15404,111;71
15405,111;71
15406,111;11044
15407,111;72
15408,111;56
15409,111;70
15410,111;62
15411,111;68
15412,111;11045
15413,111;74
15414,111;56
15415,111;73
15416,111;61
15417,111;68
15418,111;11014
15419,111;57
15420,111;78
15421,111;65
15422,111;80
15423,111;69
15424,111;11083
15425,111;62
15426,111;73
15427,111;74
15428,111;95
15429,111;76
15430,111;11039
15431,111;73
15432,111;67
15433,111;74
15434,111;63
15435,111;48
15436,111;11086
15437,111;62
15438,111;71
15439,111;68
15440,111;73
15441,111;59
15442,111;11078
15443,111;63
15444,111;70
15445,111;64
15446,111;81
15447,111;90
15448,111;11073
15449,111;76
15450,111;67
15451,111;63
15452,111;60
15453,111;64
15454,111;11056
15456,283;57
15457,283;68
15458,283;62
15459,283;56
15460,283;64
15461,283;11076
15462,283;58
15463,283;59
15464,283;65
15465,283;71
15466,283;82
15467,283;11067
15468,283;64
15469,283;68
15470,283;63
15471,283;83
15472,283;77
15473,283;11066
15474,283;70
15475,283;69
15476,283;71
15477,283;68
15478,283;67
15479,283;11070
15480,283;62
15481,283;66
15482,283;75
15483,283;62
15484,283;72
15485,283;11078
15486,283;75
15487,283;58
15488,283;72
15489,283;62
15490,283;76
15491,283;11093
15492,283;68
15493,283;71
15494,283;68
15495,283;71
15496,283;67
15497,283;11075
15498,283;67
15499,283;80
15500,283;65
15501,283;65
15502,283;73
15503,283;11057
15504,283;62
15505,283;67
15506,283;64
15507,283;57
15508,283;75
15509,283;11033
15510,283;61
15511,283;72
15512,283;80
15513,283;76
15514,283;84
15515,283;11070
15516,283;67
15517,283;73
15518,283;71
15519,283;86
15520,283;64
15521,283;11055
15522,283;85
15523,283;67
15524,283;67
15525,283;88
15526,283;77
15527,283;11052
15528,283;64
15529,283;77
15530,283;69
15531,283;72
15532,283;76
15533,283;11042
15534,283;64
15535,283;65
15536,283;73
15537,283;71
15538,283;62
15539,283;11075
15540,283;78
15541,283;75
15542,283;77
15543,283;63
15544,283;57
15545,283;11056
15546,283;74
15547,283;74
15548,283;67
15549,283;73
15550,283;78
15551,283;11020
15552,283;66
15553,283;47
15554,283;89
15555,283;80
15556,283;86
15556,843;11046
15557,843;68
15558,843;67
15559,843;64
15560,843;55
15561,843;58
15562,843;11099
15563,843;64
15564,843;62
15565,843;65
15566,843;56
15567,843;62
15568,843;11055
15569,843;57
15570,843;63
15571,843;71
15572,843;55
15573,843;74
15574,843;11061
15575,843;66
15576,843;70
15577,843;80
15578,843;72
15579,843;66
15580,843;11063
15581,843;61
15582,843;88
15583,843;65
15584,843;58
15585,843;77
15586,843;11079
15587,843;73
15588,843;56
15589,843;64
15590,843;73
15591,843;68
15592,843;11053
15593,843;65
15594,843;71
15595,843;65
15596,843;88
15597,843;71
15598,843;11095
15599,843;67
15600,843;73
15601,843;76
15602,843;84
15603,843;81
15604,843;11047
15605,843;55
15606,843;68
15607,843;69
15608,843;75
15609,843;65
15610,843;11110
15611,843;64
15612,843;68
15613,843;81
15614,843;75
15615,843;75
15616,843;11048
15617,843;65
15618,843;73
15619,843;71
15620,843;72
15621,843;66
15622,843;11045
15623,843;47
15624,843;82
15625,843;61
15626,843;81
15627,843;84
15628,843;11054
15629,843;68
15630,843;86
15631,843;59
15632,843;71
15633,843;85
15634,843;11084
15635,843;72
15636,843;72
15637,843;66
15638,843;84
15639,843;68
15640,843;11062
15641,843;73
15642,843;77
15643,843;77
15644,843;59
15645,843;74
15646,843;11055
15647,843;80
15648,843;71
15649,843;74
15650,843;88
15651,843;74
15652,843;11073
15653,843;68
15654,843;69
15655,843;76
15656,843;67
15658,317;82
15659,317;11091
15660,317;61
15661,317;84
15662,317;65
15663,317;72
15664,317;80
15665,317;11077
15666,317;63
15667,317;70
15668,317;69
15669,317;80
15670,317;78
15671,317;11092
15672,317;68
15673,317;78
15674,317;73
15675,317;59
15676,317;81
15677,317;11065
15678,317;59
15679,317;68
15680,317;78
15681,317;88
15682,317;71
15683,317;10745
15684,317;60
15685,317;70
15686,317;83
15687,317;74
15688,317;78
15689,317;10998
15690,317;58
15691,317;70
15692,317;82
15693,317;68
15694,317;89
15695,317;11051
15696,317;71
15697,317;70
15698,317;79
15699,317;67
15700,317;67
15701,317;11078
15702,317;70
15703,317;69
15704,317;70
15705,317;71
15706,317;61
15707,317;11081
15708,317;55
15709,317;67
15710,317;63
15711,317;75
15712,317;71
15713,317;11065
15714,317;64
15715,317;71
15716,317;77
15717,317;87
15718,317;64
15719,317;11079
15720,317;68
15721,317;57
15722,317;76
15723,317;80
15724,317;87
15725,317;11062
15726,317;70
15727,317;60
15728,317;76
15729,317;61
15730,317;82
15731,317;11021
15732,317;68
15733,317;58
15734,317;76
15735,317;65
15736,317;73
15737,317;11062
15738,317;67
15739,317;73
15740,317;85
15741,317;77
15742,317;89
15743,317;11075
15744,317;62
15745,317;62
15746,317;85
15747,317;86
15748,317;88
15749,317;11068
15750,317;62
15751,317;62
15752,317;61
15753,317;76
15754,317;71
15755,317;11068
15756,317;69
15757,317;73
15758,317;85
15758,326;68
15759,326;75
15760,326;11058
15761,326;66
15762,326;59
15763,326;75
15764,326;68
15765,326;62
15766,326;11083
15767,326;59
15768,326;76
15769,326;84
15770,326;71
15771,326;76
15772,326;11070
15773,326;88
15774,326;62
15775,326;70
15776,326;58
15777,326;71
15778,326;11056
15779,326;73
15780,326;66
15781,326;77
15782,326;76
15783,326;76
15784,326;11054
15785,326;63
15786,326;75
15787,326;67
15788,326;86
15789,326;76
15790,326;11046
15791,326;71
15792,326;70
15793,326;81
15794,326;85
15795,326;76
15796,326;11056
15797,326;74
15798,326;64
15799,326;93
15800,326;82
15801,326;76
15802,326;11053
15803,326;61
15804,326;71
15805,326;78
15806,326;53
15807,326;89
15808,326;11044
15809,326;67
15810,326;73
15811,326;69
15812,326;76
15813,326;72
15814,326;11015
15815,326;71
15816,326;74
15817,326;78
15818,326;76
15819,326;68
15820,326;11055
15821,326;60
15822,326;71
15823,326;57
15824,326;66
15825,326;80
15826,326;11026
15827,326;64
15828,326;70
15829,326;55
15830,326;64
15831,326;68
15832,326;11025
15833,326;50
15834,326;75
15835,326;72
15836,326;74
15837,326;56
15838,326;11089
15839,326;72
15840,326;84
15841,326;56
15842,326;69
15843,326;75
15844,326;11069
15845,326;71
15846,326;75
15847,326;91
15848,326;66
15849,326;79
15850,326;11054
15851,326;49
15852,326;69
15853,326;81
15854,326;57
15855,326;66
15856,326;11048
15857,326;65
15858,326;76
15859,326;65
15860,326;69
15861,326;68
15862,326;11071
15863,326;68
15864,326;70
15865,326;65
15866,326;61
15867,326;68
15868,326;11044
15869,326;46
15870,326;75
15871,326;56
15872,326;82
15873,326;76
15874,326;11056
15875,326;65
15876,326;68
15877,326;57
15878,326;86
15879,326;79
15880,326;11074
15881,326;72
15882,326;68
15883,326;52
15884,326;59
15885,326;78
15886,326;11066
15887,326;64
15888,326;60
15889,326;74
15890,326;75
15891,326;71
15892,326;11037
15893,326;65
15894,326;67
15895,326;65
15896,326;64
15897,326;88
15898,326;11067
15899,326;54
15900,326;71
15901,326;65
15902,326;57
15903,326;81
15904,326;11062
15905,326;49
15906,326;79
15907,326;56
15908,326;69
15909,326;62
15910,326;11056
15911,326;68
15912,326;65
15913,326;74
15914,326;62
15915,326;64
15916,326;11081
15917,326;60
15918,326;55
15919,326;77
15920,326;88
15921,326;65
15922,326;11053
15923,326;56
15924,326;74
15925,326;81
15926,326;86
15927,326;69
15928,326;11069
15929,326;50
15930,326;72
15931,326;63
15932,326;66
15933,326;73
15934,326;11060
15935,326;65
15936,326;54
15937,326;63
15938,326;60
15939,326;69
15940,326;11061
15941,326;51
15942,326;62
15943,326;67
15944,326;59
15945,326;81
15946,326;11033
15947,326;68
15948,326;59
15949,326;66
15950,326;63
15951,326;83
15952,326;11070
15953,326;71
15954,326;63
15955,326;72
15956,326;82
15957,326;68
15958,326;11052
15959,326;60
15961,241;56
15962,241;57
15963,241;75
15964,241;62
15965,241;11050
15966,241;69
15967,241;56
15968,241;54
15969,241;58
15970,241;67
15971,241;11020
15972,241;67
15973,241;62
15974,241;75
15975,241;68
15976,241;58
15977,241;11052
15978,241;60
15979,241;75
15980,241;70
15981,241;68
15982,241;65
15983,241;11033
15984,241;59
15985,241;56
15986,241;61
15987,241;67
15988,241;72
15989,241;11031
15990,241;60
15991,241;51
15992,241;63
15993,241;47
15994,241;65
15995,241;10736
15996,241;55
15997,241;47
15998,241;60
15999,241;58
16000,241;66
16001,241;10946
16002,241;53
16003,241;49
16004,241;76
16005,241;66
16006,241;47
16007,241;11051
16008,241;60
16009,241;58
16010,241;62
16011,241;60
16012,241;73
16013,241;11032
16014,241;67
16015,241;51
16016,241;62
16017,241;83
16018,241;79
16019,241;11068
16020,241;55
16021,241;66
16022,241;65
16023,241;56
16024,241;74
16025,241;11054
16026,241;62
16027,241;69
16028,241;70
16029,241;66
16030,241;72
16031,241;11049
16032,241;70
16033,241;56
16034,241;68
16035,241;69
16036,241;64
16037,241;11066
16038,241;58
16039,241;64
16040,241;58
16041,241;64
16042,241;78
16043,241;11070
16044,241;55
16045,241;53
16046,241;83
16047,241;82
16048,241;69
16049,241;11034
16050,241;63
16051,241;69
16052,241;62
16053,241;71
16054,241;61
16055,241;11068
16056,241;63
16057,241;67
16058,241;77
16059,241;79
16060,241;65
16061,241;11099
16061,113;53
16062,113;61
16063,113;78
16064,113;61
16065,113;71
16066,113;11063
16067,113;73
16068,113;61
16069,113;69
16070,113;69
16071,113;65
16072,113;11085
16073,113;61
16074,113;59
16075,113;66
16076,113;68
16077,113;69
16078,113;11070
16079,113;75
16080,113;71
16081,113;72
16082,113;83
16083,113;75
16084,113;11053
16085,113;65
16086,113;68
16087,113;87
16088,113;63
16089,113;78
16090,113;11034
16091,113;68
16092,113;64
16093,113;56
16094,113;87
16095,113;75
16096,113;11067
16097,113;81
16098,113;58
16099,113;67
16100,113;69
16101,113;82
16102,113;11065
16103,113;62
16104,113;76
16105,113;74
16106,113;57
16107,113;69
16108,113;11058
16109,113;56
16110,113;65
16111,113;69
16112,113;64
16113,113;70
16114,113;11049
16115,113;70
16116,113;85
16117,113;63
16118,113;64
16119,113;80
16120,113;11066
16121,113;57
16122,113;85
16123,113;76
16124,113;59
16125,113;75
16126,113;11066
16127,113;68
16128,113;72
16129,113;70
16130,113;70
16131,113;81
16132,113;11083
16133,113;51
16134,113;74
16135,113;76
16136,113;68
16137,113;73
16138,113;11080
16139,113;62
16140,113;65
16141,113;84
16142,113;58
16143,113;77
16144,113;11066
16145,113;64
16146,113;64
16147,113;56
16148,113;69
16149,113;64
16150,113;11075
16151,113;83
16152,113;67
16153,113;67
16154,113;76
16155,113;69
16156,113;11077
16157,113;75
16158,113;69
16159,113;66
16160,113;78
16161,113;86
16162,285;11057
16163,285;53
16164,285;74
16165,285;80
16166,285;57
16167,285;69
16168,285;11071
16169,285;63
16170,285;73
16171,285;69
16172,285;77
16173,285;79
16174,285;11060
16175,285;58
16176,285;78
16177,285;77
16178,285;71
16179,285;76
16180,285;11081
16181,285;67
16182,285;59
16183,285;70
16184,285;54
16185,285;67
16186,285;11045
16187,285;63
16188,285;83
16189,285;69
16190,285;70
16191,285;65
16192,285;11043
16193,285;57
16194,285;78
16195,285;83
16196,285;68
16197,285;65
16198,285;11043
16199,285;59
16200,285;88
16201,285;65
16202,285;69
16203,285;82
16204,285;11083
16205,285;63
16206,285;72
16207,285;60
16208,285;77
16209,285;85
16210,285;11068
16211,285;56
16212,285;73
16213,285;69
16214,285;70
16215,285;77
16216,285;11081
16217,285;80
16218,285;64
16219,285;79
16220,285;68
16221,285;87
16222,285;11051
16223,285;72
16224,285;61
16225,285;69
16226,285;85
16227,285;74
16228,285;11073
16229,285;80
16230,285;76
16231,285;88
16232,285;75
16233,285;69
16234,285;11101
16235,285;70
16236,285;74
16237,285;73
16238,285;62
16239,285;72
16240,285;11117
16241,285;54
16242,285;65
16243,285;84
16244,285;71
16245,285;82
16246,285;11045
16247,285;87
16248,285;74
16249,285;73
16250,285;74
16251,285;79
16252,285;11085
16253,285;61
16254,285;71
16255,285;75
16256,285;78
16257,285;70
16258,285;11079
16259,285;64
16260,285;79
16261,285;83
16262,285;61
16263,914;84
16264,914;11095
16265,914;64
16266,914;75
16267,914;72
16268,914;67
16269,914;85
16270,914;11079
16271,914;64
16272,914;66
16273,914;72
16274,914;98
16275,914;89
16276,914;11077
16277,914;70
16278,914;73
16279,914;74
16280,914;70
16281,914;59
16282,914;11076
16283,914;72
16284,914;52
16285,914;70
16286,914;70
16287,914;90
16288,914;11057
16289,914;73
16290,914;80
16291,914;72
16292,914;73
16293,914;68
16294,914;11099
16295,914;63
16296,914;75
16297,914;69
16298,914;79
16299,914;75
16300,914;11062
16301,914;72
16302,914;57
16303,914;68
16304,914;54
16305,914;85
16306,914;10743
16307,914;56
16308,914;69
16309,914;107
16310,914;63
16311,914;85
16312,914;11018
16313,914;56
16314,914;51
16315,914;71
16316,914;70
16317,914;87
16318,914;11071
16319,914;85
16320,914;66
16321,914;75
16322,914;73
16323,914;93
16324,914;11104
16325,914;55
16326,914;67
16327,914;71
16328,914;69
16329,914;99
16330,914;11094
16331,914;58
16332,914;71
16333,914;72
16334,914;60
16335,914;62
16336,914;11074
16337,914;60
16338,914;64
16339,914;63
16340,914;73
16341,914;69
16342,914;11105
16343,914;75
16344,914;65
16345,914;64
16346,914;88
16347,914;68
16348,914;11087
16349,914;47
16350,914;78
16351,914;68
16352,914;63
16353,914;83
16354,914;11085
16355,914;74
16356,914;70
16357,914;71
16358,914;72
16359,914;75
16360,914;11090
16361,914;61
16362,914;66
16363,914;70
16364,914;87
16365,914;88
16366,914;11074
16367,914;64
16368,914;68
16369,914;72
16370,914;81
16371,914;57
16372,914;11054
16373,914;69
16374,914;70
16375,914;76
16376,914;71
16377,914;75
16378,914;11103
16379,914;54
16380,914;72
16381,914;73
16382,914;72
16383,914;61
16384,914;11068
16385,914;61
16386,914;60
16387,914;82
16388,914;66
16389,914;77
16390,914;11065
16391,914;85
16392,914;80
16393,914;75
16394,914;63
16395,914;93
16396,914;11103
16397,914;67
16398,914;63
16399,914;65
16400,914;83
16401,914;59
16402,914;11042
16403,914;69
16404,914;78
16405,914;65
16406,914;66
16407,914;65
16408,914;11067
16409,914;75
16410,914;57
16411,914;82
16412,914;77
16413,914;67
16414,914;11071
16415,914;79
16416,914;67
16417,914;68
16418,914;85
16419,914;76
16420,914;11042
16421,914;61
16422,914;64
16423,914;71
16424,914;81
16425,914;84
16426,914;11049
16427,914;54
16428,914;60
16429,914;60
16430,914;71
16431,914;81
16432,914;11065
16433,914;65
16434,914;79
16435,914;65
16436,914;70
16437,914;62
16438,914;11076
16439,914;56
16440,914;71
16441,914;73
16442,914;66
16443,914;71
16444,914;11062
16445,914;72
16446,914;81
16447,914;82
16448,914;63
16449,914;76
16450,914;11066
16451,914;47
16452,914;67
16453,914;82
16454,914;71
16455,914;69
16456,914;11075
16457,914;58
16458,914;67
16459,914;58
16460,914;77
16461,914;63
16462,914;11051
16463,914;45
16464,914;61
16465,945;76
16466,945;59
16467,945;77
16468,945;11052
16469,945;65
16470,945;64
16471,945;73
16472,945;75
16473,945;74
16474,945;11027
16475,945;61
16476,945;67
16477,945;81
16478,945;78
16479,945;72
16480,945;11051
16481,945;78
16482,945;73
16483,945;65
16484,945;91
16485,945;61
16486,945;11048
16487,945;65
16488,945;69
16489,945;81
16490,945;75
16491,945;72
16492,945;11046
16493,945;63
16494,945;70
16495,945;63
16496,945;69
16497,945;50
16498,945;11040
16499,945;67
16500,945;70
16501,945;83
16502,945;60
16503,945;70
16504,945;11049
16505,945;67
16506,945;63
16507,945;74
16508,945;57
16509,945;60
16510,945;11064
16511,945;70
16512,945;69
16513,945;83
16514,945;61
16515,945;70
16516,945;11071
16517,945;68
16518,945;77
16519,945;74
16520,945;74
16521,945;70
16522,945;11081
16523,945;66
16524,945;62
16525,945;49
16526,945;68
16527,945;84
16528,945;11044
16529,945;60
16530,945;63
16531,945;78
16532,945;74
16533,945;89
16534,945;11051
16535,945;62
16536,945;73
16537,945;63
16538,945;93
16539,945;71
16540,945;11098
16541,945;71
16542,945;64
16543,945;68
16544,945;58
16545,945;75
16546,945;11074
16547,945;74
16548,945;79
16549,945;60
16550,945;70
16551,945;76
16552,945;11070
16553,945;56
16554,945;69
16555,945;64
16556,945;72
16557,945;89
16558,945;11079
16559,945;59
16560,945;65
16561,945;65
16562,945;60
16563,945;74
16564,945;11071
16565,945;61
16567,152;62
16568,152;81
16569,152;67
16570,152;73
16571,152;11099
16572,152;61
16573,152;58
16574,152;75
16575,152;65
16576,152;60
16577,152;11084
16578,152;52
16579,152;54
16580,152;61
16581,152;60
16582,152;69
16583,152;11056
16584,152;62
16585,152;70
16586,152;56
16587,152;62
16588,152;74
16589,152;11084
16590,152;64
16591,152;61
16592,152;66
16593,152;63
16594,152;89
16595,152;11069
16596,152;64
16597,152;44
16598,152;78
16599,152;64
16600,152;59
16601,152;11090
16602,152;71
16603,152;70
16604,152;78
16605,152;69
16606,152;70
16607,152;11043
16608,152;55
16609,152;77
16610,152;52
16611,152;66
16612,152;68
16613,152;11050
16614,152;60
16615,152;60
16616,152;54
16617,152;65
16618,152;73
16619,152;10726
16620,152;66
16621,152;56
16622,152;64
16623,152;80
16624,152;68
16625,152;10978
16626,152;69
16627,152;60
16628,152;85
16629,152;79
16630,152;65
16631,152;11043
16632,152;47
16633,152;58
16634,152;57
16635,152;79
16636,152;66
16637,152;11078
16638,152;59
16639,152;66
16640,152;76
16641,152;81
16642,152;63
16643,152;11086
16644,152;49
16645,152;68
16646,152;62
16647,152;82
16648,152;69
16649,152;11107
16650,152;65
16651,152;61
16652,152;62
16653,152;65
16654,152;78
16655,152;11073
16656,152;65
16657,152;61
16658,152;69
16659,152;57
16660,152;70
16661,152;11106
16662,152;58
16663,152;62
16664,152;70
16665,152;71
16666,152;73
16667,152;11095
16668,352;74
16669,352;46
16670,352;68
16671,352;75
16672,352;77
16673,352;11074
16674,352;64
16675,352;70
16676,352;65
16677,352;81
16678,352;71
16679,352;11059
16680,352;63
16681,352;55
16682,352;78
16683,352;73
16684,352;75
16685,352;11068
16686,352;63
16687,352;60
16688,352;61
16689,352;58
16690,352;49
16691,352;11045
16692,352;65
16693,352;47
16694,352;79
16695,352;66
16696,352;67
16697,352;11084
16698,352;65
16699,352;64
16700,352;79
16701,352;62
16702,352;71
16703,352;11065
16704,352;68
16705,352;62
16706,352;80
16707,352;71
16708,352;67
16709,352;11098
16710,352;62
16711,352;48
16712,352;67
16713,352;77
16714,352;77
16715,352;11074
16716,352;66
16717,352;71
16718,352;72
16719,352;78
16720,352;68
16721,352;11067
16722,352;75
16723,352;58
16724,352;60
16725,352;71
16726,352;58
16727,352;11051
16728,352;48
16729,352;64
16730,352;61
16731,352;71
16732,352;68
16733,352;11064
16734,352;57
16735,352;87
16736,352;70
16737,352;70
16738,352;62
16739,352;11054
16740,352;54
16741,352;53
16742,352;89
16743,352;78
16744,352;64
16745,352;11046
16746,352;69
16747,352;80
16748,352;53
16749,352;83
16750,352;70
16751,352;11081
16752,352;65
16753,352;59
16754,352;70
16755,352;76
16756,352;71
16757,352;11094
16758,352;71
16759,352;75
16760,352;82
16761,352;65
16762,352;76
16763,352;11039
16764,352;72
16765,352;69
16766,352;56
16767,352;69
16768,352;69
16768,471;11075
16769,471;68
16770,471;75
16771,471;83
16772,471;62
16773,471;81
16774,471;11070
16775,471;64
16776,471;75
16777,471;84
16778,471;69
16779,471;74
16780,471;11042
16781,471;73
16782,471;69
16783,471;61
16784,471;67
16785,471;72
16786,471;11066
16787,471;57
16788,471;62
16789,471;61
16790,471;79
16791,471;70
16792,471;11049
16793,471;70
16794,471;72
16795,471;66
16796,471;67
16797,471;85
16798,471;11050
16799,471;65
16800,471;75
16801,471;77
16802,471;59
16803,471;64
16804,471;11056
16805,471;80
16806,471;63
16807,471;78
16808,471;80
16809,471;70
16810,471;11079
16811,471;61
16812,471;57
16813,471;72
16814,471;64
16815,471;70
16816,471;11060
16817,471;74
16818,471;54
16819,471;69
16820,471;64
16821,471;74
16822,471;11049
16823,471;62
16824,471;59
16825,471;60
16826,471;67
16827,471;67
16828,471;11042
16829,471;66
16830,471;69
16831,471;64
16832,471;68
16833,471;72
16834,471;11097
16835,471;65
16836,471;63
16837,471;72
16838,471;62
16839,471;88
16840,471;11085
16841,471;58
16842,471;56
16843,471;72
16844,471;71
16845,471;70
16846,471;11044
16847,471;59
16848,471;55
16849,471;74
16850,471;53
16851,471;81
16852,471;11080
16853,471;54
16854,471;69
16855,471;73
16856,471;63
16857,471;75
16858,471;11106
16859,471;49
16860,471;96
16861,471;71
16862,471;86
16863,471;59
16864,471;11062
16865,471;67
16866,471;52
16867,471;76
16868,471;59
16869,471;76
16870,471;11074
16871,471;59
16872,471;59
16873,471;70
16874,471;73
16875,471;65
16876,471;11124
16877,471;82
16878,471;73
16879,471;65
16880,471;87
16881,471;76
16882,471;11081
16883,471;56
16884,471;63
16885,471;79
16886,471;63
16887,471;67
16888,471;11114
16889,471;78
16890,471;66
16891,471;81
16892,471;71
16893,471;76
16894,471;11073
16895,471;66
16896,471;63
16897,471;79
16898,471;71
16899,471;73
16900,471;11066
16901,471;77
16902,471;77
16903,471;73
16904,471;76
16905,471;86
16906,471;11057
16907,471;49
16908,471;75
16909,471;82
16910,471;71
16911,471;72
16912,471;11089
16913,471;57
16914,471;69
16915,471;88
16916,471;70
16917,471;83
16918,471;11067
16919,471;62
16920,471;62
16921,471;84
16922,471;75
16923,471;72
16924,471;11075
16925,471;66
16926,471;70
16927,471;60
16928,471;78
16929,471;75
16930,471;10740
16931,471;71
16932,471;85
16933,471;72
16934,471;80
16935,471;70
16936,471;11029
16937,471;59
16938,471;67
16939,471;68
16940,471;75
16941,471;74
16942,471;11073
16943,471;64
16944,471;75
16945,471;81
16946,471;73
16947,471;78
16948,471;11066
16949,471;72
16950,471;67
16951,471;75
16952,471;70
16953,471;70
16954,471;11138
16955,471;84
16956,471;71
16957,471;67
16958,471;67
16959,471;79
16960,471;11088
16961,471;60
16962,471;76
16963,471;88
16964,471;59
16965,471;77
16966,471;11056
16967,471;70
16968,471;68
16969,471;78
16970,938;81
16971,938;70
16972,938;11047
16973,938;73
16974,938;77
16975,938;60
16976,938;80
16977,938;71
16978,938;11113
16979,938;74
16980,938;54
16981,938;79
16982,938;82
16983,938;70
16984,938;11094
16985,938;51
16986,938;81
16987,938;82
16988,938;67
16989,938;80
16990,938;11082
16991,938;70
16992,938;63
16993,938;80
16994,938;65
16995,938;71
16996,938;11090
16997,938;67
16998,938;63
16999,938;67
17000,938;76
17001,938;89
17002,938;11088
17003,938;62
17004,938;67
17005,938;59
17006,938;72
17007,938;88
17008,938;11099
17009,938;65
17010,938;80
17011,938;84
17012,938;77
17013,938;69
17014,938;11091
17015,938;81
17016,938;71
17017,938;63
17018,938;66
17019,938;80
17020,938;11121
17021,938;66
17022,938;77
17023,938;71
17024,938;72
17025,938;68
17026,938;11095
17027,938;69
17028,938;61
17029,938;65
17030,938;66
17031,938;79
17032,938;11086
17033,938;62
17034,938;62
17035,938;81
17036,938;66
17037,938;77
17038,938;11074
17039,938;49
17040,938;79
17041,938;71
17042,938;79
17043,938;78
17044,938;11066
17045,938;65
17046,938;58
17047,938;73
17048,938;80
17049,938;81
17050,938;11085
17051,938;48
17052,938;77
17053,938;80
17054,938;68
17055,938;56
17056,938;11087
17057,938;62
17058,938;68
17059,938;70
17060,938;76
17061,938;71
17062,938;11051
17063,938;52
17064,938;68
17065,938;55
17066,938;56
17067,938;63
17068,938;11091
17069,938;53
17070,938;69
17071,813;67
17072,813;66
17073,813;77
17074,813;11079
17075,813;68
17076,813;64
17077,813;61
17078,813;88
17079,813;65
17080,813;11093
17081,813;70
17082,813;65
17083,813;44
17084,813;72
17085,813;81
17086,813;11059
17087,813;60
17088,813;60
17089,813;77
17090,813;78
17091,813;69
17092,813;11084
17093,813;62
17094,813;55
17095,813;71
17096,813;72
17097,813;75
17098,813;11086
17099,813;69
17100,813;70
17101,813;71
17102,813;71
17103,813;74
17104,813;11080
17105,813;61
17106,813;75
17107,813;70
17108,813;60
17109,813;86
17110,813;11060
17111,813;86
17112,813;58
17113,813;70
17114,813;76
17115,813;74
17116,813;11073
17117,813;58
17118,813;71
17119,813;61
17120,813;73
17121,813;72
17122,813;11057
17123,813;70
17124,813;80
17125,813;77
17126,813;90
17127,813;63
17128,813;11078
17129,813;54
17130,813;71
17131,813;92
17132,813;66
17133,813;66
17134,813;11097
17135,813;58
17136,813;57
17137,813;62
17138,813;60
17139,813;71
17140,813;11074
17141,813;69
17142,813;66
17143,813;77
17144,813;75
17145,813;85
17146,813;11049
17147,813;58
17148,813;66
17149,813;61
17150,813;64
17151,813;84
17152,813;11059
17153,813;63
17154,813;67
17155,813;79
17156,813;73
17157,813;73
17158,813;11074
17159,813;68
17160,813;85
17161,813;68
17162,813;65
17163,813;75
17164,813;11085
17165,813;75
17166,813;60
17167,813;87
17168,813;60
17169,813;81
17170,813;11041
17171,813;79
17172,506;81
17173,506;76
17174,506;62
17175,506;76
17176,506;11058
17177,506;63
17178,506;49
17179,506;70
17180,506;58
17181,506;58
17182,506;11098
17183,506;59
17184,506;60
17185,506;76
17186,506;60
17187,506;58
17188,506;11080
17189,506;66
17190,506;72
17191,506;73
17192,506;56
17193,506;65
17194,506;11119
17195,506;37
17196,506;77
17197,506;74
17198,506;78
17199,506;64
17200,506;11099
17201,506;57
17202,506;73
17203,506;66
17204,506;58
17205,506;80
17206,506;11067
17207,506;72
17208,506;70
17209,506;61
17210,506;63
17211,506;65
17212,506;11074
17213,506;60
17214,506;44
17215,506;79
17216,506;67
17217,506;69
17218,506;11094
17219,506;57
17220,506;65
17221,506;73
17222,506;58
17223,506;70
17224,506;11072
17225,506;59
17226,506;71
17227,506;74
17228,506;73
17229,506;75
17230,506;11094
17231,506;49
17232,506;60
17233,506;60
17234,506;63
17235,506;58
17236,506;11053
17237,506;59
17238,506;66
17239,506;52
17240,506;60
17241,506;57
17242,506;10738
17243,506;47
17244,506;67
17245,506;62
17246,506;64
17247,506;85
17248,506;10981
17249,506;68
17250,506;73
17251,506;56
17252,506;46
17253,506;71
17254,506;11049
17255,506;57
17256,506;64
17257,506;53
17258,506;67
17259,506;70
17260,506;11091
17261,506;60
17262,506;58
17263,506;61
17264,506;66
17265,506;71
17266,506;11076
17267,506;61
17268,506;63
17269,506;59
17270,506;81
17271,506;69
17272,506;11064
17274,587;44
17275,587;62
17276,587;88
17277,587;57
17278,587;62
17279,587;11103
17280,587;58
17281,587;67
17282,587;68
17283,587;65
17284,587;74
17285,587;11046
17286,587;59
17287,587;62
17288,587;64
17289,587;62
17290,587;62
17291,587;11053
17292,587;76
17293,587;71
17294,587;63
17295,587;77
17296,587;68
17297,587;11076
17298,587;62
17299,587;62
17300,587;61
17301,587;84
17302,587;73
17303,587;11079
17304,587;75
17305,587;60
17306,587;72
17307,587;62
17308,587;65
17309,587;11079
17310,587;70
17311,587;75
17312,587;74
17313,587;68
17314,587;84
17315,587;11092
17316,587;55
17317,587;59
17318,587;58
17319,587;61
17320,587;87
17321,587;11091
17322,587;70
17323,587;65
17324,587;53
17325,587;75
17326,587;54
17327,587;11067
17328,587;60
17329,587;75
17330,587;77
17331,587;73
17332,587;68
17333,587;11082
17334,587;71
17335,587;71
17336,587;82
17337,587;73
17338,587;78
17339,587;11107
17340,587;64
17341,587;53
17342,587;77
17343,587;79
17344,587;67
17345,587;11078
17346,587;73
17347,587;69
17348,587;52
17349,587;74
17350,587;70
17351,587;11113
17352,587;52
17353,587;66
17354,587;44
17355,587;67
17356,587;80
17357,587;11065
17358,587;60
17359,587;82
17360,587;74
17361,587;62
17362,587;80
17363,587;11069
17364,587;67
17365,587;63
17366,587;59
17367,587;59
17368,587;83
17369,587;11073
17370,587;62
17371,587;70
17372,587;71
17373,587;60
17374,587;88
17374,741;11097
17375,741;61
17376,741;69
17377,741;63
17378,741;72
17379,741;49
17380,741;11127
17381,741;69
17382,741;79
17383,741;62
17384,741;68
17385,741;66
17386,741;11073
17387,741;57
17388,741;67
17389,741;77
17390,741;76
17391,741;72
17392,741;11065
17393,741;70
17394,741;58
17395,741;70
17396,741;77
17397,741;85
17398,741;11096
17399,741;71
17400,741;77
17401,741;71
17402,741;67
17403,741;81
17404,741;11094
17405,741;72
17406,741;53
17407,741;72
17408,741;74
17409,741;64
17410,741;11053
17411,741;72
17412,741;57
17413,741;58
17414,741;83
17415,741;64
17416,741;11075
17417,741;61
17418,741;65
17419,741;74
17420,741;72
17421,741;83
17422,741;11095
17423,741;64
17424,741;65
17425,741;71
17426,741;73
17427,741;79
17428,741;11073
17429,741;47
17430,741;72
17431,741;83
17432,741;68
17433,741;72
17434,741;11113
17435,741;68
17436,741;72
17437,741;62
17438,741;65
17439,741;66
17440,741;11068
17441,741;75
17442,741;80
17443,741;76
17444,741;72
17445,741;59
17446,741;11095
17447,741;59
17448,741;54
17449,741;54
17450,741;59
17451,741;61
17452,741;11045
17453,741;63
17454,741;70
17455,741;64
17456,741;67
17457,741;78
17458,741;11066
17459,741;52
17460,741;47
17461,741;62
17462,741;61
17463,741;70
17464,741;11073
17465,741;72
17466,741;62
17467,741;91
17468,741;91
17469,741;64
17470,741;11113
17471,741;81
17472,741;65
17473,741;73
17474,741;67
17475,741;80
17476,741;11085
17477,741;51
17478,741;73
17479,741;67
17480,741;89
17481,741;80
17482,741;11132
17483,741;76
17484,741;66
17485,741;60
17486,741;66
17487,741;108
17488,741;11112
17489,741;68
17490,741;72
17491,741;97
17492,741;75
17493,741;73
17494,741;11106
17495,741;73
17496,741;73
17497,741;76
17498,741;76
17499,741;74
17500,741;11104
17501,741;65
17502,741;84
17503,741;79
17504,741;97
17505,741;63
17506,741;11104
17507,741;68
17508,741;64
17509,741;52
17510,741;74
17511,741;92
17512,741;11117
17513,741;53
17514,741;56
17515,741;71
17516,741;75
17517,741;81
17518,741;11077
17519,741;67
17520,741;65
17521,741;72
17522,741;78
17523,741;75
17524,741;11094
17525,741;65
17526,741;56
17527,741;80
17528,741;71
17529,741;76
17530,741;11083
17531,741;61
17532,741;83
17533,741;81
17534,741;61
17535,741;69
17536,741;11083
17537,741;73
17538,741;60
17539,741;61
17540,741;76
17541,741;94
17542,741;11093
17543,741;56
17544,741;78
17545,741;85
17546,741;55
17547,741;86
17548,741;11076
17549,741;61
17550,741;60
17551,741;66
17552,741;73
17553,741;64
17554,741;10762
17555,741;63
17556,741;66
17557,741;78
17558,741;68
17559,741;85
17560,741;11012
17561,741;67
17562,741;78
17563,741;71
17564,741;74
17565,741;56
17566,741;11073
17567,741;83
17568,741;80
17569,741;60
17570,741;75
17571,741;75
17572,741;11093
17573,741;58
17574,741;68
17575,741;70
17576,942;78
17577,942;79
17578,942;11124
17579,942;72
17580,942;69
17581,942;73
17582,942;100
17583,942;77
17584,942;11082
17585,942;64
17586,942;76
17587,942;61
17588,942;66
17589,942;75
17590,942;11119
17591,942;50
17592,942;69
17593,942;75
17594,942;76
17595,942;73
17596,942;11126
17597,942;74
17598,942;70
17599,942;71
17600,942;74
17601,942;82
17602,942;11087
17603,942;69
17604,942;74
17605,942;67
17606,942;63
17607,942;78
17608,942;11094
17609,942;58
17610,942;74
17611,942;63
17612,942;78
17613,942;70
17614,942;11092
17615,942;70
17616,942;68
17617,942;84
17618,942;55
17619,942;77
17620,942;11106
17621,942;65
17622,942;67
17623,942;69
17624,942;70
17625,942;48
17626,942;11081
17627,942;70
17628,942;66
17629,942;76
17630,942;73
17631,942;79
17632,942;11098
17633,942;84
17634,942;82
17635,942;70
17636,942;67
17637,942;67
17638,942;11093
17639,942;64
17640,942;55
17641,942;83
17642,942;72
17643,942;85
17644,942;11064
17645,942;57
17646,942;69
17647,942;85
17648,942;73
17649,942;78
17650,942;11104
17651,942;84
17652,942;72
17653,942;74
17654,942;60
17655,942;59
17656,942;11093
17657,942;55
17658,942;77
17659,942;60
17660,942;85
17661,942;71
17662,942;11070
17663,942;57
17664,942;50
17665,942;58
17666,942;71
17667,942;78
17668,942;11087
17669,942;72
17670,942;49
17671,942;67
17672,942;72
17673,942;71
17674,942;11095
17675,942;70
17676,942;71
17677,294;56
17678,294;74
17679,294;65
17680,294;11058
17681,294;69
17682,294;62
17683,294;74
17684,294;64
17685,294;87
17686,294;11094
17687,294;56
17688,294;84
17689,294;55
17690,294;80
17691,294;77
17692,294;11089
17693,294;62
17694,294;65
17695,294;61
17696,294;71
17697,294;91
17698,294;11120
17699,294;80
17700,294;62
17701,294;82
17702,294;71
17703,294;82
17704,294;11095
17705,294;70
17706,294;57
17707,294;59
17708,294;72
17709,294;41
17710,294;11118
17711,294;80
17712,294;67
17713,294;59
17714,294;73
17715,294;70
17716,294;11112
17717,294;55
17718,294;56
17719,294;62
17720,294;80
17721,294;74
17722,294;11060
17723,294;69
17724,294;79
17725,294;67
17726,294;61
17727,294;89
17728,294;11072
17729,294;84
17730,294;75
17731,294;73
17732,294;75
17733,294;80
17734,294;11086
17735,294;84
17736,294;64
17737,294;74
17738,294;64
17739,294;73
17740,294;11056
17741,294;45
17742,294;75
17743,294;59
17744,294;50
17745,294;55
17746,294;11080
17747,294;87
17748,294;58
17749,294;75
17750,294;68
17751,294;82
17752,294;11077
17753,294;71
17754,294;59
17755,294;63
17756,294;86
17757,294;74
17758,294;11067
17759,294;79
17760,294;65
17761,294;62
17762,294;73
17763,294;64
17764,294;11096
17765,294;53
17766,294;62
17767,294;73
17768,294;82
17769,294;79
17770,294;11086
17771,294;65
17772,294;69
17773,294;67
17774,294;67
17775,294;75
17776,294;11093
17777,294;58
17778,905;64
17779,905;57
17780,905;95
17781,905;75
17782,905;11108
17783,905;48
17784,905;56
17785,905;55
17786,905;76
17787,905;65
17788,905;11084
17789,905;63
17790,905;77
17791,905;67
17792,905;81
17793,905;58
17794,905;11065
17795,905;59
17796,905;63
17797,905;76
17798,905;57
17799,905;68
17800,905;11072
17801,905;55
17802,905;77
17803,905;58
17804,905;61
17805,905;76
17806,905;11098
17807,905;76
17808,905;64
17809,905;65
17810,905;85
17811,905;69
17812,905;11072
17813,905;60
17814,905;73
17815,905;73
17816,905;69
17817,905;74
17818,905;11077
17819,905;56
17820,905;70
17821,905;74
17822,905;62
17823,905;67
17824,905;11085
17825,905;64
17826,905;71
17827,905;66
17828,905;69
17829,905;67
17830,905;11064
17831,905;49
17832,905;60
17833,905;64
17834,905;86
17835,905;80
17836,905;11063
17837,905;53
17838,905;81
17839,905;70
17840,905;70
17841,905;66
17842,905;11071
17843,905;68
17844,905;60
17845,905;54
17846,905;64
17847,905;72
17848,905;11086
17849,905;64
17850,905;60
17851,905;62
17852,905;66
17853,905;53
17854,905;11080
17855,905;68
17856,905;61
17857,905;68
17858,905;64
17859,905;61
17860,905;11087
17861,905;60
17862,905;53
17863,905;60
17864,905;70
17865,905;75
17866,905;10715
17867,905;60
17868,905;46
17869,905;62
17870,905;49
17871,905;61
17872,905;11032
17873,905;66
17874,905;58
17875,905;58
17876,905;68
17877,905;52
17878,905;11068
17879,125;45
17880,125;71
17881,125;60
17882,125;59
17883,125;68
17884,125;11076
17885,125;66
17886,125;74
17887,125;59
17888,125;54
17889,125;63
17890,125;11086
17891,125;56
17892,125;73
17893,125;54
17894,125;67
17895,125;60
17896,125;11073
17897,125;53
17898,125;55
17899,125;64
17900,125;75
17901,125;54
17902,125;11084
17903,125;71
17904,125;62
17905,125;67
17906,125;71
17907,125;74
17908,125;11081
17909,125;60
17910,125;80
17911,125;76
17912,125;74
17913,125;75
17914,125;11101
17915,125;71
17916,125;52
17917,125;76
17918,125;67
17919,125;69
17920,125;11085
17921,125;53
17922,125;81
17923,125;61
17924,125;78
17925,125;59
17926,125;11079
17927,125;60
17928,125;54
17929,125;72
17930,125;85
17931,125;84
17932,125;11078
17933,125;68
17934,125;57
17935,125;60
17936,125;72
17937,125;74
17938,125;11097
17939,125;56
17940,125;66
17941,125;69
17942,125;69
17943,125;66
17944,125;11072
17945,125;49
17946,125;66
17947,125;59
17948,125;76
17949,125;78
17950,125;11080
17951,125;68
17952,125;66
17953,125;68
17954,125;66
17955,125;59
17956,125;11091
17957,125;62
17958,125;72
17959,125;66
17960,125;75
17961,125;71
17962,125;11084
17963,125;49
17964,125;70
17965,125;73
17966,125;63
17967,125;70
17968,125;11084
17969,125;58
17970,125;70
17971,125;67
17972,125;68
17973,125;64
17974,125;11076
17975,125;60
17976,125;62
17977,125;68
17978,125;59
17979,125;74
17980,125;11092
17981,125;63
17982,125;83
17983,125;62
17984,125;64
17985,125;69
17986,125;11080
17987,125;58
17988,125;67
17989,125;65
17990,125;77
17991,125;71
17992,125;11092
17993,125;53
17994,125;52
17995,125;63
17996,125;75
17997,125;71
17998,125;11069
17999,125;71
18000,125;61
18001,125;68
18002,125;71
18003,125;69
18004,125;11075
18005,125;58
18006,125;59
18007,125;65
18008,125;62
18009,125;56
18010,125;11089
18011,125;70
18012,125;68
18013,125;54
18014,125;73
18015,125;73
18016,125;11097
18017,125;56
18018,125;80
18019,125;72
18020,125;81
18021,125;66
18022,125;11069
18023,125;63
18024,125;72
18025,125;72
18026,125;84
18027,125;81
18028,125;11114
18029,125;70
18030,125;63
18031,125;77
18032,125;76
18033,125;79
18034,125;11109
18035,125;60
18036,125;74
18037,125;70
18038,125;79
18039,125;57
18040,125;11055
18041,125;66
18042,125;78
18043,125;56
18044,125;74
18045,125;77
18046,125;11075
18047,125;55
18048,125;66
18049,125;78
18050,125;82
18051,125;54
18052,125;11080
18053,125;69
18054,125;56
18055,125;66
18056,125;74
18057,125;75
18058,125;11059
18059,125;63
18060,125;59
18061,125;60
18062,125;62
18063,125;75
18064,125;11090
18065,125;57
18066,125;77
18067,125;78
18068,125;76
18069,125;91
18070,125;11078
18071,125;66
18072,125;68
18073,125;57
18074,125;91
18075,125;69
18076,125;11074
18077,125;53
18078,125;63
18079,125;54
18080,125;57
18081,341;70
18082,341;11065
18083,341;63
18084,341;79
18085,341;64
18086,341;78
18087,341;83
18088,341;11079
18089,341;72
18090,341;67
18091,341;73
18092,341;82
18093,341;70
18094,341;11108
18095,341;56
18096,341;73
18097,341;67
18098,341;68
18099,341;73
18100,341;11088
18101,341;67
18102,341;75
18103,341;61
18104,341;60
18105,341;59
18106,341;11084
18107,341;63
18108,341;58
18109,341;68
18110,341;71
18111,341;90
18112,341;11121
18113,341;54
18114,341;66
18115,341;67
18116,341;63
18117,341;81
18118,341;11082
18119,341;71
18120,341;69
18121,341;70
18122,341;81
18123,341;74
18124,341;11133
18125,341;73
18126,341;67
18127,341;74
18128,341;74
18129,341;73
18130,341;11090
18131,341;65
18132,341;72
18133,341;67
18134,341;79
18135,341;78
18136,341;11107
18137,341;55
18138,341;73
18139,341;62
18140,341;86
18141,341;62
18142,341;11107
18143,341;62
18144,341;66
18145,341;77
18146,341;64
18147,341;78
18148,341;11059
18149,341;67
18150,341;63
18151,341;81
18152,341;57
18153,341;90
18154,341;11096
18155,341;66
18156,341;75
18157,341;63
18158,341;74
18159,341;79
18160,341;11107
18161,341;70
18162,341;53
18163,341;80
18164,341;88
18165,341;73
18166,341;11113
18167,341;74
18168,341;61
18169,341;63
18170,341;71
18171,341;76
18172,341;11118
18173,341;61
18174,341;55
18175,341;74
18176,341;72
18177,341;99
18178,341;10773
18179,341;75
18180,341;77
18181,341;67
18182,957;75
18183,957;67
18184,957;10987
18185,957;73
18186,957;79
18187,957;70
18188,957;90
18189,957;86
18190,957;11097
18191,957;61
18192,957;69
18193,957;69
18194,957;73
18195,957;94
18196,957;11091
18197,957;58
18198,957;85
18199,957;66
18200,957;91
18201,957;71
18202,957;11109
18203,957;71
18204,957;73
18205,957;69
18206,957;77
18207,957;70
18208,957;11062
18209,957;67
18210,957;81
18211,957;63
18212,957;63
18213,957;67
18214,957;11076
18215,957;81
18216,957;65
18217,957;71
18218,957;73
18219,957;78
18220,957;11097
18221,957;74
18222,957;65
18223,957;85
18224,957;70
18225,957;71
18226,957;11093
18227,957;68
18228,957;83
18229,957;74
18230,957;75
18231,957;106
18232,957;11097
18233,957;61
18234,957;66
18235,957;72
18236,957;70
18237,957;79
18238,957;11086
18239,957;63
18240,957;73
18241,957;65
18242,957;69
18243,957;81
18244,957;11107
18245,957;70
18246,957;67
18247,957;71
18248,957;63
18249,957;68
18250,957;11105
18251,957;50
18252,957;77
18253,957;60
18254,957;59
18255,957;75
18256,957;11097
18257,957;65
18258,957;71
18259,957;71
18260,957;61
18261,957;66
18262,957;11102
18263,957;67
18264,957;81
18265,957;80
18266,957;69
18267,957;67
18268,957;11087
18269,957;72
18270,957;67
18271,957;75
18272,957;71
18273,957;61
18274,957;11114
18275,957;65
18276,957;69
18277,957;61
18278,957;80
18279,957;70
18280,957;11082
18281,957;72
18282,957;70
18283,39;71
18284,39;73
18285,39;70
18286,39;11070
18287,39;57
18288,39;61
18289,39;87
18290,39;86
18291,39;79
18292,39;11076
18293,39;62
18294,39;52
18295,39;57
18296,39;63
18297,39;80
18298,39;11091
18299,39;59
18300,39;73
18301,39;68
18302,39;73
18303,39;67
18304,39;11106
18305,39;82
18306,39;73
18307,39;57
18308,39;70
18309,39;65
18310,39;11066
18311,39;55
18312,39;67
18313,39;70
18314,39;79
18315,39;75
18316,39;11091
18317,39;67
18318,39;61
18319,39;58
18320,39;63
18321,39;61
18322,39;11088
18323,39;66
18324,39;68
18325,39;73
18326,39;70
18327,39;70
18328,39;11098
18329,39;66
18330,39;67
18331,39;75
18332,39;79
18333,39;84
18334,39;11060
18335,39;73
18336,39;54
18337,39;70
18338,39;82
18339,39;72
18340,39;11080
18341,39;71
18342,39;62
18343,39;70
18344,39;66
18345,39;65
18346,39;11068
18347,39;68
18348,39;64
18349,39;77
18350,39;79
18351,39;72
18352,39;11080
18353,39;61
18354,39;58
18355,39;60
18356,39;62
18357,39;84
18358,39;11058
18359,39;57
18360,39;62
18361,39;75
18362,39;79
18363,39;76
18364,39;11092
18365,39;76
18366,39;69
18367,39;70
18368,39;65
18369,39;63
18370,39;11044
18371,39;81
18372,39;76
18373,39;77
18374,39;78
18375,39;62
18376,39;11085
18377,39;52
18378,39;59
18379,39;66
18380,39;65
18381,39;85
18382,39;11073
18383,39;65
18384,47;59
18385,47;65
18386,47;61
18387,47;83
18388,47;11066
18389,47;82
18390,47;84
18391,47;66
18392,47;68
18393,47;72
18394,47;11073
18395,47;64
18396,47;78
18397,47;61
18398,47;71
18399,47;66
18400,47;11054
18401,47;62
18402,47;58
18403,47;72
18404,47;78
18405,47;71
18406,47;11078
18407,47;55
18408,47;83
18409,47;81
18410,47;76
18411,47;65
18412,47;11076
18413,47;67
18414,47;55
18415,47;85
18416,47;79
18417,47;69
18418,47;11088
18419,47;65
18420,47;68
18421,47;63
18422,47;74
18423,47;78
18424,47;11071
18425,47;68
18426,47;80
18427,47;73
18428,47;69
18429,47;64
18430,47;11053
18431,47;60
18432,47;55
18433,47;66
18434,47;72
18435,47;72
18436,47;11084
18437,47;63
18438,47;61
18439,47;58
18440,47;67
18441,47;62
18442,47;11089
18443,47;56
18444,47;61
18445,47;69
18446,47;68
18447,47;73
18448,47;11084
18449,47;55
18450,47;68
18451,47;73
18452,47;62
18453,47;78
18454,47;11104
18455,47;68
18456,47;57
18457,47;64
18458,47;76
18459,47;64
18460,47;11076
18461,47;60
18462,47;57
18463,47;63
18464,47;53
18465,47;66
18466,47;11053
18467,47;59
18468,47;61
18469,47;53
18470,47;77
18471,47;71
18472,47;11081
18473,47;65
18474,47;62
18475,47;65
18476,47;69
18477,47;63
18478,47;11071
18479,47;50
18480,47;52
18481,47;62
18482,47;64
18483,47;58
18484,47;11100
18485,47;47
18486,47;58
18487,47;56
18488,47;66
18489,47;80
18490,47;10742
18491,47;51
18492,47;56
18493,47;51
18494,47;62
18495,47;60
18496,47;11002
18497,47;69
18498,47;91
18499,47;69
18500,47;72
18501,47;75
18502,47;11056
18503,47;52
18504,47;72
18505,47;59
18506,47;70
18507,47;69
18508,47;11055
18509,47;59
18510,47;50
18511,47;59
18512,47;65
18513,47;57
18514,47;11078
18515,47;57
18516,47;63
18517,47;76
18518,47;77
18519,47;60
18520,47;11031
18521,47;64
18522,47;63
18523,47;73
18524,47;57
18525,47;75
18526,47;11029
18527,47;63
18528,47;75
18529,47;74
18530,47;66
18531,47;67
18532,47;11051
18533,47;57
18534,47;68
18535,47;46
18536,47;75
18537,47;72
18538,47;11097
18539,47;58
18540,47;54
18541,47;75
18542,47;64
18543,47;73
18544,47;11061
18545,47;63
18546,47;69
18547,47;67
18548,47;60
18549,47;71
18550,47;11067
18551,47;60
18552,47;65
18553,47;77
18554,47;70
18555,47;75
18556,47;11031
18557,47;62
18558,47;55
18559,47;73
18560,47;72
18561,47;77
18562,47;11052
18563,47;52
18564,47;59
18565,47;73
18566,47;62
18567,47;69
18568,47;11058
18569,47;52
18570,47;58
18571,47;75
18572,47;67
18573,47;65
18574,47;11094
18575,47;44
18576,47;56
18577,47;75
18578,47;68
18579,47;54
18580,47;11070
18581,47;55
18582,47;75
18583,47;61
18584,47;46
18585,47;65
18586,515;11067
18587,515;66
18588,515;66
18589,515;86
18590,515;67
18591,515;63
18592,515;11081
18593,515;64
18594,515;66
18595,515;72
18596,515;71
18597,515;68
18598,515;11092
18599,515;70
18600,515;58
18601,515;67
18602,515;69
18603,515;59
18604,515;11084
18605,515;68
18606,515;63
18607,515;69
18608,515;77
18609,515;69
18610,515;11058
18611,515;67
18612,515;64
18613,515;63
18614,515;74
18615,515;78
18616,515;11056
18617,515;58
18618,515;68
18619,515;75
18620,515;77
18621,515;63
18622,515;11053
18623,515;70
18624,515;78
18625,515;74
18626,515;58
18627,515;77
18628,515;11078
18629,515;58
18630,515;76
18631,515;77
18632,515;75
18633,515;64
18634,515;11056
18635,515;51
18636,515;78
18637,515;69
18638,515;81
18639,515;61
18640,515;11041
18641,515;63
18642,515;73
18643,515;65
18644,515;70
18645,515;86
18646,515;11069
18647,515;65
18648,515;61
18649,515;68
18650,515;86
18651,515;76
18652,515;11050
18653,515;47
18654,515;76
18655,515;61
18656,515;74
18657,515;86
18658,515;11063
18659,515;53
18660,515;73
18661,515;73
18662,515;65
18663,515;71
18664,515;11083
18665,515;59
18666,515;55
18667,515;82
18668,515;67
18669,515;74
18670,515;11033
18671,515;67
18672,515;70
18673,515;75
18674,515;61
18675,515;79
18676,515;11054
18677,515;71
18678,515;69
18679,515;54
18680,515;82
18681,515;72
18682,515;11058
18683,515;59
18684,515;61
18685,515;60
18686,515;65
18688,228;73
18689,228;11067
18690,228;63
18691,228;63
18692,228;59
18693,228;83
18694,228;67
18695,228;11065
18696,228;72
18697,228;72
18698,228;77
18699,228;72
18700,228;75
18701,228;11072
18702,228;54
18703,228;82
18704,228;72
18705,228;72
18706,228;76
18707,228;11042
18708,228;64
18709,228;71
18710,228;60
18711,228;72
18712,228;72
18713,228;11096
18714,228;73
18715,228;58
18716,228;72
18717,228;54
18718,228;74
18719,228;11090
18720,228;69
18721,228;51
18722,228;80
18723,228;62
18724,228;73
18725,228;11062
18726,228;75
18727,228;81
18728,228;73
18729,228;61
18730,228;78
18731,228;11082
18732,228;63
18733,228;90
18734,228;78
18735,228;72
18736,228;72
18737,228;11110
18738,228;67
18739,228;82
18740,228;78
18741,228;66
18742,228;71
18743,228;11074
18744,228;65
18745,228;75
18746,228;81
18747,228;86
18748,228;72
18749,228;11058
18750,228;59
18751,228;63
18752,228;86
18753,228;79
18754,228;87
18755,228;11071
18756,228;69
18757,228;71
18758,228;89
18759,228;72
18760,228;72
18761,228;11070
18762,228;68
18763,228;65
18764,228;68
18765,228;64
18766,228;94
18767,228;11064
18768,228;60
18769,228;81
18770,228;75
18771,228;79
18772,228;69
18773,228;11065
18774,228;66
18775,228;70
18776,228;52
18777,228;72
18778,228;90
18779,228;11067
18780,228;70
18781,228;82
18782,228;70
18783,228;80
18784,228;74
18785,228;11073
18786,228;71
18787,228;67
18788,228;68
18788,519;87
18789,519;62
18790,519;11057
18791,519;53
18792,519;54
18793,519;86
18794,519;60
18795,519;77
18796,519;11051
18797,519;55
18798,519;67
18799,519;77
18800,519;62
18801,519;73
18802,519;10732
18803,519;60
18804,519;68
18805,519;84
18806,519;73
18807,519;84
18808,519;10985
18809,519;74
18810,519;68
18811,519;72
18812,519;52
18813,519;76
18814,519;11056
18815,519;66
18816,519;53
18817,519;85
18818,519;84
18819,519;89
18820,519;11033
18821,519;73
18822,519;58
18823,519;73
18824,519;66
18825,519;85
18826,519;11064
18827,519;74
18828,519;80
18829,519;64
18830,519;66
18831,519;76
18832,519;11057
18833,519;73
18834,519;59
18835,519;78
18836,519;76
18837,519;79
18838,519;11042
18839,519;58
18840,519;73
18841,519;89
18842,519;61
18843,519;71
18844,519;11082
18845,519;58
18846,519;62
18847,519;60
18848,519;54
18849,519;82
18850,519;11073
18851,519;82
18852,519;81
18853,519;77
18854,519;91
18855,519;82
18856,519;11044
18857,519;65
18858,519;75
18859,519;79
18860,519;83
18861,519;71
18862,519;11073
18863,519;72
18864,519;63
18865,519;59
18866,519;75
18867,519;86
18868,519;11062
18869,519;73
18870,519;63
18871,519;83
18872,519;64
18873,519;88
18874,519;11068
18875,519;59
18876,519;53
18877,519;78
18878,519;72
18879,519;66
18880,519;11069
18881,519;81
18882,519;63
18883,519;72
18884,519;76
18885,519;70
18886,519;11035
18887,519;74
18888,519;61
18889,956;85
18890,956;70
18891,956;63
18892,956;11056
18893,956;75
18894,956;62
18895,956;81
18896,956;68
18897,956;71
18898,956;11061
18899,956;82
18900,956;84
18901,956;66
18902,956;71
18903,956;78
18904,956;11065
18905,956;74
18906,956;72
18907,956;61
18908,956;68
18909,956;69
18910,956;11069
18911,956;76
18912,956;61
18913,956;80
18914,956;66
18915,956;68
18916,956;11054
18917,956;66
18918,956;61
18919,956;59
18920,956;67
18921,956;76
18922,956;11064
18923,956;63
18924,956;57
18925,956;49
18926,956;67
18927,956;58
18928,956;11022
18929,956;78
18930,956;57
18931,956;60
18932,956;68
18933,956;76
18934,956;11073
18935,956;58
18936,956;68
18937,956;70
18938,956;78
18939,956;63
18940,956;11051
18941,956;74
18942,956;80
18943,956;55
18944,956;77
18945,956;77
18946,956;11053
18947,956;64
18948,956;56
18949,956;77
18950,956;76
18951,956;72
18952,956;11090
18953,956;67
18954,956;65
18955,956;72
18956,956;79
18957,956;78
18958,956;11029
18959,956;62
18960,956;58
18961,956;74
18962,956;60
18963,956;67
18964,956;11031
18965,956;72
18966,956;77
18967,956;61
18968,956;85
18969,956;77
18970,956;11023
18971,956;67
18972,956;69
18973,956;75
18974,956;70
18975,956;88
18976,956;11061
18977,956;48
18978,956;62
18979,956;53
18980,956;81
18981,956;81
18982,956;11047
18983,956;59
18984,956;67
18985,956;60
18986,956;72
18987,956;74
18988,956;11029
18989,956;60
18990,066;78
18991,066;78
18992,066;71
18993,066;71
18994,066;11083
18995,066;61
18996,066;62
18997,066;64
18998,066;78
18999,066;72
19000,066;11041
19001,066;56
19002,066;72
19003,066;66
19004,066;78
19005,066;67
19006,066;11054
19007,066;47
19008,066;73
19009,066;57
19010,066;60
19011,066;78
19012,066;11067
19013,066;67
19014,066;68
19015,066;49
19016,066;75
19017,066;66
19018,066;11070
19019,066;55
19020,066;77
19021,066;52
19022,066;54
19023,066;67
19024,066;11049
19025,066;66
19026,066;63
19027,066;71
19028,066;67
19029,066;72
19030,066;11051
19031,066;57
19032,066;69
19033,066;79
19034,066;76
19035,066;70
19036,066;11078
19037,066;59
19038,066;70
19039,066;69
19040,066;55
19041,066;65
19042,066;11052
19043,066;59
19044,066;63
19045,066;75
19046,066;73
19047,066;70
19048,066;11047
19049,066;56
19050,066;63
19051,066;68
19052,066;67
19053,066;58
19054,066;11049
19055,066;59
19056,066;56
19057,066;55
19058,066;59
19059,066;66
19060,066;11049
19061,066;72
19062,066;59
19063,066;65
19064,066;65
19065,066;51
19066,066;11043
19067,066;67
19068,066;69
19069,066;79
19070,066;69
19071,066;65
19072,066;11064
19073,066;51
19074,066;80
19075,066;69
19076,066;67
19077,066;64
19078,066;11040
19079,066;63
19080,066;53
19081,066;54
19082,066;59
19083,066;65
19084,066;11047
19085,066;57
19086,066;78
19087,066;60
19088,066;78
19089,066;72
19090,066;10995
19091,066;54
19092,066;63
19093,066;62
19094,066;63
19095,066;69
19096,066;11058
19097,066;55
19098,066;65
19099,066;60
19100,066;68
19101,066;72
19102,066;11024
19103,066;63
19104,066;59
19105,066;71
19106,066;56
19107,066;68
19108,066;11043
19109,066;54
