2835,692;80
2836,692;7960
2837,692;80
2838,692;94
2839,692;81
2840,692;101
2841,692;2496
2842,692;10050
2843,692;78
2844,692;75
2845,692;95
2846,692;83
2847,692;3414
2848,692;9995
2849,692;77
2850,692;79
2851,692;95
2852,692;99
2853,692;3577
2854,692;9953
2855,692;84
2856,692;87
2857,692;85
2858,692;86
2859,692;3599
2860,692;9952
2861,692;73
2862,692;96
2863,692;79
2864,692;88
2865,692;3634
2866,692;9897
2867,692;76
2868,692;80
2869,692;97
2870,692;98
2871,692;3595
2872,692;9899
2873,692;79
2874,692;85
2875,692;86
2876,692;83
2877,692;3626
2878,692;9926
2879,692;80
2880,692;102
2881,692;80
2882,692;86
2883,692;3607
2884,692;9938
2885,692;83
2886,692;91
2887,692;88
2888,692;75
2889,692;3630
2890,692;9942
2891,692;82
2892,692;101
2893,692;83
2894,692;94
2895,692;3655
2896,692;9878
2897,692;78
2898,692;91
2899,692;85
2900,692;105
2901,692;3548
2902,692;9896
2903,692;77
2904,692;109
2905,692;89
2906,692;88
2907,692;3615
2908,692;9869
2909,692;74
2910,692;95
2911,692;111
2912,692;78
2913,692;3588
2914,692;9861
2915,692;89
2916,692;77
2917,692;97
2918,692;97
2919,692;3612
2920,692;9896
2921,692;90
2922,692;80
2923,692;109
2924,692;106
2925,692;3609
2926,692;9853
2927,692;99
2928,692;86
2929,692;92
2930,692;96
2931,827;3587
2932,827;9847
2933,827;78
2934,827;85
2935,827;78
2936,827;92
2937,827;3625
2938,827;9808
2939,827;89
2940,827;112
2941,827;96
2942,827;98
2943,827;3587
2944,827;9860
2945,827;90
2946,827;84
2947,827;86
2948,827;100
2949,827;3595
2950,827;9815
2951,827;106
2952,827;83
2953,827;87
2954,827;88
2955,827;3577
2956,827;9849
2957,827;91
2958,827;96
2959,827;91
2960,827;93
2961,827;3574
2962,827;9847
2963,827;82
2964,827;97
2965,827;101
2966,827;95
2967,827;3596
2968,827;9841
2969,827;89
2970,827;91
2971,827;92
2972,827;104
2973,827;3577
2974,827;9835
2975,827;88
2976,827;99
2977,827;95
2978,827;118
2979,827;3563
2980,827;9832
2981,827;94
2982,827;76
2983,827;96
2984,827;94
2985,827;3718
2986,827;9733
2987,827;69
2988,827;87
2989,827;85
2990,827;91
2991,827;3572
2992,827;9815
2993,827;90
2994,827;117
2995,827;99
2996,827;96
2997,827;3573
2998,827;9821
2999,827;85
3000,827;99
3001,827;91
3002,827;100
3003,827;3567
3004,827;9816
3005,827;74
3006,827;79
3007,827;100
3008,827;89
3009,827;3574
3010,827;9810
3011,827;91
3012,827;96
3013,827;91
3014,827;80
3015,827;3556
3016,827;9853
3017,827;75
3018,827;100
3019,827;103
3020,827;89
3021,827;3559
3022,827;9834
3023,827;87
3024,827;73
3025,827;97
3026,827;90
3027,827;3583
3028,827;9833
3029,827;84
3030,827;80
3031,827;92
3032,885;108
3033,885;3557
3034,885;9838
3035,885;92
3036,885;94
3037,885;106
3038,885;99
3039,885;3584
3040,885;9833
3041,885;80
3042,885;83
3043,885;96
3044,885;88
3045,885;3575
3046,885;9832
3047,885;87
3048,885;90
3049,885;91
3050,885;100
3051,885;3568
3052,885;9818
3053,885;85
3054,885;90
3055,885;94
3056,885;82
3057,885;3568
3058,885;9817
3059,885;72
3060,885;71
3061,885;87
3062,885;94
3063,885;3564
3064,885;9815
3065,885;81
3066,885;74
3067,885;83
3068,885;92
3069,885;3545
3070,885;9847
3071,885;79
3072,885;86
3073,885;87
3074,885;83
3075,885;3569
3076,885;9826
3077,885;66
3078,885;66
3079,885;73
3080,885;80
3081,885;3539
3082,885;9827
3083,885;74
3084,885;78
3085,885;78
3086,885;89
3087,885;3560
3088,885;9807
3089,885;73
3090,885;64
3091,885;74
3092,885;91
3093,885;3535
3094,885;9817
3095,885;63
3096,885;62
3097,885;77
3098,885;77
3099,885;3554
3100,885;9817
3101,885;75
3102,885;76
3103,885;72
3104,885;66
3105,885;3544
3106,885;9810
3107,885;83
3108,885;75
3109,885;73
3110,885;73
3111,885;3568
3112,885;9795
3113,885;73
3114,885;69
3115,885;69
3116,885;72
3117,885;3524
3118,885;9841
3119,885;56
3120,885;76
3121,885;63
3122,885;93
3123,885;3526
3124,885;9827
3125,885;64
3126,885;66
3127,885;57
3128,885;88
3129,885;3531
3130,885;9816
3131,885;58
3132,885;85
3133,631;67
3134,631;59
3135,631;3538
3136,631;9829
3137,631;74
3138,631;62
3139,631;60
3140,631;66
3141,631;3526
3142,631;9803
3143,631;66
3144,631;63
3145,631;72
3146,631;68
3147,631;3163
3148,631;9841
3149,631;83
3150,631;72
3151,631;69
3152,631;67
3153,631;3445
3154,631;9807
3155,631;66
3156,631;60
3157,631;64
3158,631;74
3159,631;3551
3160,631;9832
3161,631;65
3162,631;74
3163,631;91
3164,631;70
3165,631;3545
3166,631;9808
3167,631;61
3168,631;63
3169,631;78
3170,631;84
3171,631;3531
3172,631;9818
3173,631;70
3174,631;64
3175,631;79
3176,631;75
3177,631;3538
3178,631;9820
3179,631;82
3180,631;86
3181,631;82
3182,631;73
3183,631;3519
3184,631;9809
3185,631;65
3186,631;69
3187,631;82
3188,631;70
3189,631;3528
3190,631;9830
3191,631;74
3192,631;78
3193,631;80
3194,631;80
3195,631;3526
3196,631;9811
3197,631;78
3198,631;75
3199,631;75
3200,631;75
3201,631;3529
3202,631;9791
3203,631;75
3204,631;76
3205,631;79
3206,631;77
3207,631;3544
3208,631;9815
3209,631;76
3210,631;70
3211,631;81
3212,631;73
3213,631;3513
3214,631;9836
3215,631;79
3216,631;79
3217,631;66
3218,631;82
3219,631;3538
3220,631;9810
3221,631;92
3222,631;113
3223,631;80
3224,631;80
3225,631;3569
3226,631;9815
3227,631;85
3228,631;87
3229,631;99
3230,631;77
3231,631;3527
3232,631;9783
3233,631;78
3234,631;104
3235,631;82
3236,631;82
3237,631;3509
3238,631;9848
3239,631;80
3240,631;94
3241,631;101
3242,631;83
3243,631;3532
3244,631;9819
3245,631;101
3246,631;86
3247,631;93
3248,631;91
3249,631;3551
3250,631;9835
3251,631;77
3252,631;85
3253,631;102
3254,631;95
3255,631;3499
3256,631;9818
3257,631;94
3258,631;88
3259,631;85
3260,631;93
3261,631;3539
3262,631;9828
3263,631;95
3264,631;114
3265,631;104
3266,631;84
3267,631;3524
3268,631;9813
3269,631;89
3270,631;95
3271,631;94
3272,631;108
3273,631;3500
3274,631;9837
3275,631;66
3276,631;98
3277,631;96
3278,631;80
3279,631;3512
3280,631;9843
3281,631;94
3282,631;87
3283,631;95
3284,631;94
3285,631;3506
3286,631;9839
3287,631;82
3288,631;75
3289,631;68
3290,631;104
3291,631;3506
3292,631;9858
3293,631;93
3294,631;82
3295,631;103
3296,631;97
3297,631;3535
3298,631;9833
3299,631;72
3300,631;103
3301,631;105
3302,631;108
3303,631;3507
3304,631;9853
3305,631;92
3306,631;90
3307,631;99
3308,631;94
3309,631;3493
3310,631;9839
3311,631;90
3312,631;92
3313,631;95
3314,631;106
3315,631;3506
3316,631;9855
3317,631;89
3318,631;103
3319,631;87
3320,631;88
3321,631;3500
3322,631;9834
3323,631;69
3324,631;116
3325,631;107
3326,631;104
3327,631;3525
3328,631;9789
3329,631;79
3330,631;95
3331,631;91
3332,631;91
3333,631;3502
3334,631;9833
3336,929;78
3337,929;85
3338,929;93
3339,929;95
3340,929;3519
3341,929;9821
3342,929;74
3343,929;85
3344,929;106
3345,929;97
3346,929;3515
3347,929;9847
3348,929;84
3349,929;97
3350,929;99
3351,929;95
3352,929;3495
3353,929;9814
3354,929;84
3355,929;74
3356,929;115
3357,929;106
3358,929;3506
3359,929;9815
3360,929;86
3361,929;97
3362,929;103
3363,929;83
3364,929;3526
3365,929;9880
3366,929;88
3367,929;79
3368,929;87
3369,929;85
3370,929;3513
3371,929;9835
3372,929;88
3373,929;78
3374,929;103
3375,929;93
3376,929;3498
3377,929;9835
3378,929;71
3379,929;89
3380,929;79
3381,929;84
3382,929;3486
3383,929;9835
3384,929;94
3385,929;86
3386,929;77
3387,929;90
3388,929;3511
3389,929;9870
3390,929;76
3391,929;89
3392,929;97
3393,929;83
3394,929;3499
3395,929;9812
3396,929;105
3397,929;90
3398,929;89
3399,929;94
3400,929;3493
3401,929;9844
3402,929;77
3403,929;85
3404,929;88
3405,929;93
3406,929;3499
3407,929;9849
3408,929;71
3409,929;89
3410,929;96
3411,929;94
3412,929;3474
3413,929;9850
3414,929;70
3415,929;66
3416,929;91
3417,929;76
3418,929;3491
3419,929;9836
3420,929;79
3421,929;105
3422,929;99
3423,929;98
3424,929;3474
3425,929;9818
3426,929;62
3427,929;81
3428,929;72
3429,929;87
3430,929;3515
3431,929;9851
3432,929;80
3433,929;91
3434,929;74
3435,929;88
3436,929;3480
3436,983;9828
3437,983;79
3438,983;98
3439,983;92
3440,983;86
3441,983;3476
3442,983;9868
3443,983;63
3444,983;79
3445,983;82
3446,983;92
3447,983;3479
3448,983;9814
3449,983;75
3450,983;77
3451,983;78
3452,983;91
3453,983;3459
3454,983;9854
3455,983;65
3456,983;79
3457,983;66
3458,983;86
3459,983;3121
3460,983;9876
3461,983;71
3462,983;90
3463,983;98
3464,983;84
3465,983;3415
3466,983;9842
3467,983;90
3468,983;86
3469,983;76
3470,983;96
3471,983;3473
3472,983;9835
3473,983;73
3474,983;88
3475,983;84
3476,983;91
3477,983;3448
3478,983;9854
3479,983;65
3480,983;80
3481,983;73
3482,983;89
3483,983;3488
3484,983;9869
3485,983;84
3486,983;83
3487,983;74
3488,983;74
3489,983;3475
3490,983;9848
3491,983;66
3492,983;78
3493,983;83
3494,983;73
3495,983;3475
3496,983;9872
3497,983;79
3498,983;85
3499,983;84
3500,983;73
3501,983;3436
3502,983;9841
3503,983;84
3504,983;92
3505,983;80
3506,983;84
3507,983;3472
3508,983;9857
3509,983;61
3510,983;84
3511,983;104
3512,983;98
3513,983;3471
3514,983;9861
3515,983;85
3516,983;82
3517,983;93
3518,983;101
3519,983;3468
3520,983;9839
3521,983;80
3522,983;78
3523,983;89
3524,983;62
3525,983;3494
3526,983;9877
3527,983;81
3528,983;114
3529,983;78
3530,983;92
3531,983;3497
3532,983;9845
3533,983;76
3534,983;86
3535,983;92
3536,983;93
3537,487;3453
3538,487;9864
3539,487;82
3540,487;100
3541,487;102
3542,487;100
3543,487;3478
3544,487;9819
3545,487;79
3546,487;94
3547,487;92
3548,487;108
3549,487;3473
3550,487;9868
3551,487;83
3552,487;89
3553,487;84
3554,487;88
3555,487;3446
3556,487;9838
3557,487;94
3558,487;83
3559,487;90
3560,487;94
3561,487;3447
3562,487;9860
3563,487;80
3564,487;85
3565,487;104
3566,487;90
3567,487;3468
3568,487;9883
3569,487;94
3570,487;85
3571,487;88
3572,487;100
3573,487;3467
3574,487;9878
3575,487;88
3576,487;82
3577,487;97
3578,487;108
3579,487;3469
3580,487;9869
3581,487;90
3582,487;83
3583,487;84
3584,487;101
3585,487;3464
3586,487;9857
3587,487;96
3588,487;90
3589,487;79
3590,487;103
3591,487;3479
3592,487;9876
3593,487;85
3594,487;76
3595,487;85
3596,487;106
3597,487;3463
3598,487;9871
3599,487;88
3600,487;92
3601,487;102
3602,487;85
3603,487;3454
3604,487;9874
3605,487;82
3606,487;91
3607,487;105
3608,487;115
3609,487;3482
3610,487;9894
3611,487;85
3612,487;97
3613,487;110
3614,487;101
3615,487;3470
3616,487;9871
3617,487;88
3618,487;79
3619,487;91
3620,487;112
3621,487;3444
3622,487;9867
3623,487;89
3624,487;93
3625,487;91
3626,487;84
3627,487;3465
3628,487;9861
3629,487;77
3630,487;85
3631,487;108
3632,487;78
3633,487;3469
3634,487;9850
3635,487;93
3636,487;91
3637,487;92
3638,353;86
3639,353;3468
3640,353;9904
3641,353;90
3642,353;85
3643,353;89
3644,353;93
3645,353;3461
3646,353;9868
3647,353;83
3648,353;101
3649,353;105
3650,353;95
3651,353;3466
3652,353;9870
3653,353;82
3654,353;92
3655,353;83
3656,353;97
3657,353;3452
3658,353;9866
3659,353;79
3660,353;84
3661,353;81
3662,353;116
3663,353;3445
3664,353;9887
3665,353;77
3666,353;89
3667,353;85
3668,353;94
3669,353;3433
3670,353;9867
3671,353;100
3672,353;92
3673,353;94
3674,353;93
3675,353;3437
3676,353;9858
3677,353;86
3678,353;94
3679,353;82
3680,353;91
3681,353;3452
3682,353;9894
3683,353;79
3684,353;82
3685,353;85
3686,353;102
3687,353;3446
3688,353;9870
3689,353;78
3690,353;101
3691,353;94
3692,353;92
3693,353;3452
3694,353;9897
3695,353;69
3696,353;72
3697,353;96
3698,353;65
3699,353;3464
3700,353;9876
3701,353;68
3702,353;65
3703,353;86
3704,353;91
3705,353;3455
3706,353;9882
3707,353;67
3708,353;73
3709,353;84
3710,353;82
3711,353;3446
3712,353;9875
3713,353;92
3714,353;91
3715,353;77
3716,353;81
3717,353;3446
3718,353;9848
3719,353;75
3720,353;71
3721,353;89
3722,353;81
3723,353;3441
3724,353;9869
3725,353;66
3726,353;69
3727,353;68
3728,353;76
3729,353;3441
3730,353;9899
3731,353;67
3732,353;63
3733,353;67
3734,353;76
3735,353;3434
3736,353;9855
3737,353;67
3738,353;54
3739,353;79
3740,353;85
3741,353;3391
3742,353;9887
3743,353;63
3744,353;82
3745,353;71
3746,353;76
3747,353;3427
3748,353;9889
3749,353;69
3750,353;56
3751,353;76
3752,353;63
3753,353;3431
3754,353;9882
3755,353;57
3756,353;74
3757,353;61
3758,353;52
3759,353;3438
3760,353;9888
3761,353;62
3762,353;62
3763,353;79
3764,353;82
3765,353;3423
3766,353;9882
3767,353;73
3768,353;63
3769,353;74
3770,353;66
3771,353;3073
3772,353;9890
3773,353;64
3774,353;70
3775,353;81
3776,353;54
3777,353;3367
3778,353;9878
3779,353;69
3780,353;76
3781,353;76
3782,353;73
3783,353;3372
3784,353;9868
3785,353;70
3786,353;66
3787,353;66
3788,353;65
3789,353;3420
3790,353;9865
3791,353;71
3792,353;65
3793,353;57
3794,353;94
3795,353;3415
3796,353;9875
3797,353;78
3798,353;76
3799,353;66
3800,353;89
3801,353;3545
3802,353;9768
3803,353;65
3804,353;74
3805,353;82
3806,353;67
3807,353;3423
3808,353;9888
3809,353;64
3810,353;73
3811,353;78
3812,353;91
3813,353;3435
3814,353;9887
3815,353;79
3816,353;82
3817,353;76
3818,353;67
3819,353;3447
3820,353;9869
3821,353;83
3822,353;82
3823,353;81
3824,353;80
3825,353;3429
3826,353;9878
3827,353;60
3828,353;76
3829,353;82
3830,353;86
3831,353;3445
3832,353;9880
3833,353;78
3834,353;73
3835,353;58
3836,353;80
3837,353;3430
3838,353;9912
3839,353;86
3840,451;96
3841,451;85
3842,451;75
3843,451;3426
3844,451;9894
3845,451;72
3846,451;85
3847,451;80
3848,451;95
3849,451;3432
3850,451;9904
3851,451;71
3852,451;98
3853,451;73
3854,451;99
3855,451;3428
3856,451;9915
3857,451;78
3858,451;86
3859,451;78
3860,451;95
3861,451;3419
3862,451;9907
3863,451;86
3864,451;80
3865,451;72
3866,451;98
3867,451;3444
3868,451;9912
3869,451;90
3870,451;82
3871,451;101
3872,451;108
3873,451;3420
3874,451;9917
3875,451;104
3876,451;95
3877,451;88
3878,451;88
3879,451;3423
3880,451;9902
3881,451;78
3882,451;88
3883,451;81
3884,451;92
3885,451;3418
3886,451;9933
3887,451;74
3888,451;105
3889,451;96
3890,451;90
3891,451;3440
3892,451;9923
3893,451;87
3894,451;100
3895,451;93
3896,451;94
3897,451;3394
3898,451;9894
3899,451;102
3900,451;86
3901,451;89
3902,451;87
3903,451;3410
3904,451;9914
3905,451;82
3906,451;98
3907,451;102
3908,451;91
3909,451;3407
3910,451;9876
3911,451;82
3912,451;94
3913,451;121
3914,451;107
3915,451;3438
3916,451;9907
3917,451;83
3918,451;88
3919,451;87
3920,451;112
3921,451;3387
3922,451;9906
3923,451;68
3924,451;78
3925,451;87
3926,451;76
3927,451;3416
3928,451;9922
3929,451;98
3930,451;123
3931,451;91
3932,451;93
3933,451;3512
3934,451;9805
3935,451;78
3936,451;111
3937,451;92
3938,451;103
3939,451;3423
3940,451;9897
3941,766;89
3942,766;88
3943,766;95
3944,766;99
3945,766;3413
3946,766;9922
3947,766;100
3948,766;93
3949,766;95
3950,766;87
3951,766;3408
3952,766;9923
3953,766;88
3954,766;78
3955,766;90
3956,766;104
3957,766;3406
3958,766;9913
3959,766;73
3960,766;89
3961,766;96
3962,766;90
3963,766;3514
3964,766;9809
3965,766;102
3966,766;103
3967,766;101
3968,766;84
3969,766;3427
3970,766;9922
3971,766;85
3972,766;87
3973,766;95
3974,766;99
3975,766;3402
3976,766;9906
3977,766;98
3978,766;91
3979,766;96
3980,766;100
3981,766;3391
3982,766;9876
3983,766;92
3984,766;86
3985,766;88
3986,766;118
3987,766;3411
3988,766;9898
3989,766;92
3990,766;94
3991,766;93
3992,766;118
3993,766;3392
3994,766;9939
3995,766;68
3996,766;95
3997,766;103
3998,766;100
3999,766;3393
4000,766;9905
4001,766;87
4002,766;89
4003,766;69
4004,766;97
4005,766;3385
4006,766;9930
4007,766;75
4008,766;92
4009,766;94
4010,766;98
4011,766;3382
4012,766;9913
4013,766;87
4014,766;65
4015,766;122
4016,766;112
4017,766;3405
4018,766;9925
4019,766;98
4020,766;94
4021,766;88
4022,766;83
4023,766;3375
4024,766;9955
4025,766;88
4026,766;104
4027,766;101
4028,766;87
4029,766;3406
4030,766;9914
4031,766;90
4032,766;82
4033,766;104
4034,766;85
4035,766;3380
4036,766;9911
4037,766;92
4038,766;89
4039,766;69
4040,766;89
4041,766;3381
4042,581;9915
4043,581;78
4044,581;89
4045,581;86
4046,581;102
4047,581;3377
4048,581;9941
4049,581;76
4050,581;74
4051,581;94
4052,581;92
4053,581;3347
4054,581;9911
4055,581;71
4056,581;78
4057,581;83
4058,581;90
4059,581;3382
4060,581;9898
4061,581;85
4062,581;79
4063,581;84
4064,581;87
4065,581;3397
4066,581;9936
4067,581;94
4068,581;107
4069,581;81
4070,581;85
4071,581;3411
4072,581;9853
4073,581;70
4074,581;79
4075,581;76
4076,581;87
4077,581;3378
4078,581;9916
4079,581;70
4080,581;90
4081,581;82
4082,581;81
4083,581;3010
4084,581;9955
4085,581;67
4086,581;96
4087,581;100
4088,581;78
4089,581;3421
4090,581;9831
4091,581;76
4092,581;90
4093,581;79
4094,581;105
4095,581;3353
4096,581;9937
4097,581;89
4098,581;82
4099,581;86
4100,581;86
4101,581;3345
4102,581;9937
4103,581;64
4104,581;83
4105,581;74
4106,581;65
4107,581;3371
4108,581;9922
4109,581;96
4110,581;91
4111,581;89
4112,581;84
4113,581;3471
4114,581;9815
4115,581;79
4116,581;96
4117,581;88
4118,581;85
4119,581;3362
4120,581;9933
4121,581;88
4122,581;90
4123,581;92
4124,581;83
4125,581;3450
4126,581;9864
4127,581;68
4128,581;78
4129,581;94
4130,581;93
4131,581;3359
4132,581;9923
4133,581;73
4134,581;72
4135,581;92
4136,581;95
4137,581;3341
4138,581;9942
4139,581;75
4140,581;87
4141,581;84
4142,581;77
4143,796;3378
4144,796;9979
4145,796;72
4146,796;69
4147,796;88
4148,796;87
4149,796;3361
4150,796;9947
4151,796;78
4152,796;77
4153,796;90
4154,796;104
4155,796;3357
4156,796;9938
4157,796;75
4158,796;88
4159,796;101
4160,796;78
4161,796;3359
4162,796;9926
4163,796;83
4164,796;85
4165,796;95
4166,796;93
4167,796;3380
4168,796;9912
4169,796;84
4170,796;95
4171,796;99
4172,796;103
4173,796;3354
4174,796;9981
4175,796;91
4176,796;101
4177,796;93
4178,796;103
4179,796;3370
4180,796;9969
4181,796;78
4182,796;97
4183,796;96
4184,796;112
4185,796;3369
4186,796;9952
4187,796;76
4188,796;93
4189,796;72
4190,796;115
4191,796;3363
4192,796;9949
4193,796;75
4194,796;88
4195,796;88
4196,796;100
4197,796;3356
4198,796;9972
4199,796;87
4200,796;83
4201,796;92
4202,796;89
4203,796;3367
4204,796;9952
4205,796;85
4206,796;79
4207,796;87
4208,796;90
4209,796;3342
4210,796;9953
4211,796;80
4212,796;84
4213,796;75
4214,796;88
4215,796;3353
4216,796;9962
4217,796;84
4218,796;95
4219,796;84
4220,796;107
4221,796;3356
4222,796;9950
4223,796;82
4224,796;86
4225,796;105
4226,796;101
4227,796;3377
4228,796;9913
4229,796;96
4230,796;89
4231,796;90
4232,796;90
4233,796;3357
4234,796;9957
4235,796;69
4236,796;82
4237,796;79
4238,796;88
4239,796;3377
4240,796;9918
4241,796;70
4242,796;80
4243,796;99
4244,796;87
4245,796;3363
4246,796;9959
4247,796;89
4248,796;104
4249,796;110
4250,796;124
4251,796;3413
4252,796;9890
4253,796;70
4254,796;99
4255,796;102
4256,796;112
4257,796;3353
4258,796;9960
4259,796;90
4260,796;85
4261,796;101
4262,796;90
4263,796;3375
4264,796;9950
4265,796;102
4266,796;103
4267,796;93
4268,796;97
4269,796;3354
4270,796;9942
4271,796;77
4272,796;115
4273,796;78
4274,796;108
4275,796;3367
4276,796;9989
4277,796;94
4278,796;90
4279,796;85
4280,796;88
4281,796;3355
4282,796;9970
4283,796;100
4284,796;85
4285,796;77
4286,796;100
4287,796;3354
4288,796;9962
4289,796;103
4290,796;91
4291,796;82
4292,796;86
4293,796;3333
4294,796;9960
4295,796;90
4296,796;87
4297,796;69
4298,796;87
4299,796;3332
4300,796;9989
4301,796;83
4302,796;95
4303,796;81
4304,796;81
4305,796;3335
4306,796;9964
4307,796;81
4308,796;95
4309,796;93
4310,796;103
4311,796;3373
4312,796;9922
4313,796;99
4314,796;78
4315,796;78
4316,796;87
4317,796;3342
4318,796;9960
4319,796;88
4320,796;83
4321,796;70
4322,796;90
4323,796;3351
4324,796;9986
4325,796;69
4326,796;87
4327,796;73
4328,796;89
4329,796;3372
4330,796;9938
4331,796;69
4332,796;93
4333,796;95
4334,796;90
4335,796;3333
4336,796;9959
4337,796;73
4338,796;71
4339,796;86
4340,796;88
4341,796;3373
4342,796;9934
4343,796;65
4344,796;77
4345,609;73
4346,609;84
4347,609;3350
4348,609;9962
4349,609;74
4350,609;68
4351,609;64
4352,609;65
4353,609;3336
4354,609;9991
4355,609;71
4356,609;75
4357,609;68
4358,609;77
4359,609;3318
4360,609;9989
4361,609;84
4362,609;78
4363,609;67
4364,609;68
4365,609;3335
4366,609;9960
4367,609;70
4368,609;61
4369,609;70
4370,609;73
4371,609;3344
4372,609;9960
4373,609;63
4374,609;94
4375,609;63
4376,609;78
4377,609;3309
4378,609;9948
4379,609;54
4380,609;71
4381,609;78
4382,609;76
4383,609;3308
4384,609;9926
4385,609;60
4386,609;57
4387,609;57
4388,609;76
4389,609;3335
4390,609;9955
4391,609;47
4392,609;50
4393,609;66
4394,609;71
4395,609;2975
4396,609;9994
4397,609;72
4398,609;57
4399,609;63
4400,609;75
4401,609;3263
4402,609;9965
4403,609;61
4404,609;69
4405,609;79
4406,609;62
4407,609;3302
4408,609;9971
4409,609;60
4410,609;62
4411,609;79
4412,609;76
4413,609;3335
4414,609;9965
4415,609;68
4416,609;69
4417,609;77
4418,609;75
4419,609;3318
4420,609;9987
4421,609;69
4422,609;75
4423,609;90
4424,609;71
4425,609;3336
4426,609;9992
4427,609;78
4428,609;84
4429,609;84
4430,609;83
4431,609;3345
4432,609;9985
4433,609;67
4434,609;79
4435,609;96
4436,609;85
4437,609;3322
4438,609;9955
4439,609;68
4440,609;82
4441,609;95
4442,609;88
4443,609;3288
4444,609;9991
4445,609;62
4446,348;87
4447,348;86
4448,348;83
4449,348;3337
4450,348;9985
4451,348;71
4452,348;91
4453,348;95
4454,348;89
4455,348;3332
4456,348;9948
4457,348;85
4458,348;77
4459,348;103
4460,348;89
4461,348;3317
4462,348;10019
4463,348;96
4464,348;89
4465,348;73
4466,348;80
4467,348;3342
4468,348;9964
4469,348;102
4470,348;80
4471,348;88
4472,348;106
4473,348;3326
4474,348;9980
4475,348;97
4476,348;74
4477,348;106
4478,348;90
4479,348;3331
4480,348;10009
4481,348;79
4482,348;84
4483,348;92
4484,348;90
4485,348;3307
4486,348;9995
4487,348;84
4488,348;90
4489,348;83
4490,348;83
4491,348;3340
4492,348;9987
4493,348;79
4494,348;90
4495,348;97
4496,348;93
4497,348;3340
4498,348;9996
4499,348;77
4500,348;97
4501,348;84
4502,348;82
4503,348;3299
4504,348;10016
4505,348;94
4506,348;80
4507,348;93
4508,348;92
4509,348;3308
4510,348;10007
4511,348;82
4512,348;91
4513,348;77
4514,348;96
4515,348;3290
4516,348;10000
4517,348;104
4518,348;81
4519,348;82
4520,348;100
4521,348;3282
4522,348;10013
4523,348;91
4524,348;96
4525,348;100
4526,348;96
4527,348;3376
4528,348;9917
4529,348;73
4530,348;82
4531,348;93
4532,348;105
4533,348;3323
4534,348;9977
4535,348;84
4536,348;81
4537,348;91
4538,348;89
4539,348;3312
4540,348;9978
4541,348;92
4542,348;95
4543,348;87
4544,348;85
4545,348;3324
4546,348;10006
4547,568;83
4548,568;99
4549,568;98
4550,568;93
4551,568;3319
4552,568;9993
4553,568;84
4554,568;83
4555,568;96
4556,568;109
4557,568;3318
4558,568;10001
4559,568;91
4560,568;92
4561,568;92
4562,568;98
4563,568;3291
4564,568;9989
4565,568;92
4566,568;86
4567,568;95
4568,568;97
4569,568;3295
4570,568;10025
4571,568;91
4572,568;77
4573,568;104
4574,568;82
4575,568;3302
4576,568;10016
4577,568;88
4578,568;91
4579,568;95
4580,568;86
4581,568;3297
4582,568;10020
4583,568;84
4584,568;75
4585,568;88
4586,568;86
4587,568;3320
4588,568;9983
4589,568;78
4590,568;100
4591,568;97
4592,568;113
4593,568;3283
4594,568;10016
4595,568;91
4596,568;80
4597,568;83
4598,568;101
4599,568;3316
4600,568;9988
4601,568;91
4602,568;80
4603,568;81
4604,568;81
4605,568;3300
4606,568;10004
4607,568;91
4608,568;94
4609,568;66
4610,568;99
4611,568;3309
4612,568;9995
4613,568;76
4614,568;89
4615,568;79
4616,568;86
4617,568;3341
4618,568;9953
4619,568;88
4620,568;72
4621,568;89
4622,568;106
4623,568;3271
4624,568;9976
4625,568;98
4626,568;83
4627,568;91
4628,568;101
4629,568;3295
4630,568;10028
4631,568;99
4632,568;92
4633,568;82
4634,568;91
4635,568;3305
4636,568;9997
4637,568;79
4638,568;95
4639,568;94
4640,568;76
4641,568;3268
4642,568;10039
4643,568;56
4644,568;93
4645,568;97
4646,568;96
4647,568;3341
4648,426;9971
4649,426;88
4650,426;90
4651,426;106
4652,426;78
4653,426;3291
4654,426;10012
4655,426;77
4656,426;96
4657,426;89
4658,426;106
4659,426;3244
4660,426;10002
4661,426;75
4662,426;92
4663,426;76
4664,426;87
4665,426;3283
4666,426;9996
4667,426;96
4668,426;78
4669,426;95
4670,426;74
4671,426;3280
4672,426;9992
4673,426;83
4674,426;74
4675,426;80
4676,426;97
4677,426;3305
4678,426;10008
4679,426;92
4680,426;84
4681,426;74
4682,426;86
4683,426;3251
4684,426;10010
4685,426;89
4686,426;87
4687,426;99
4688,426;86
4689,426;3260
4690,426;9999
4691,426;65
4692,426;63
4693,426;71
4694,426;93
4695,426;3260
4696,426;10024
4697,426;84
4698,426;80
4699,426;99
4700,426;101
4701,426;3262
4702,426;10008
4703,426;60
4704,426;65
4705,426;81
4706,426;79
4707,426;2921
4708,426;10076
4709,426;58
4710,426;74
4711,426;77
4712,426;79
4713,426;3178
4714,426;10003
4715,426;81
4716,426;77
4717,426;69
4718,426;84
4719,426;3257
4720,426;10034
4721,426;92
4722,426;88
4723,426;76
4724,426;99
4725,426;3276
4726,426;9999
4727,426;87
4728,426;89
4729,426;83
4730,426;88
4731,426;3287
4732,426;10032
4733,426;85
4734,426;66
4735,426;84
4736,426;98
4737,426;3261
4738,426;9993
4739,426;71
4740,426;69
4741,426;91
4742,426;85
4743,426;3261
4744,426;9991
4745,426;89
4746,426;74
4747,426;66
4748,426;72
4748,792;3298
4749,792;10015
4750,792;77
4751,792;73
4752,792;82
4753,792;92
4754,792;3265
4755,792;10045
4756,792;68
4757,792;73
4758,792;80
4759,792;102
4760,792;3257
4761,792;10013
4762,792;108
4763,792;100
4764,792;98
4765,792;93
4766,792;3293
4767,792;10043
4768,792;74
4769,792;85
4770,792;94
4771,792;97
4772,792;3270
4773,792;10045
4774,792;58
4775,792;91
4776,792;79
4777,792;96
4778,792;3354
4779,792;9920
4780,792;94
4781,792;101
4782,792;97
4783,792;80
4784,792;3270
4785,792;10022
4786,792;82
4787,792;92
4788,792;73
4789,792;102
4790,792;3257
4791,792;10006
4792,792;90
4793,792;91
4794,792;82
4795,792;107
4796,792;3263
4797,792;10042
4798,792;92
4799,792;95
4800,792;101
4801,792;82
4802,792;3263
4803,792;10060
4804,792;88
4805,792;78
4806,792;86
4807,792;85
4808,792;3291
4809,792;10007
4810,792;81
4811,792;75
4812,792;86
4813,792;98
4814,792;3267
4815,792;10066
4816,792;72
4817,792;99
4818,792;79
4819,792;79
4820,792;3250
4821,792;10015
4822,792;83
4823,792;98
4824,792;86
4825,792;94
4826,792;3267
4827,792;10049
4828,792;98
4829,792;79
4830,792;82
4831,792;89
4832,792;3275
4833,792;10068
4834,792;85
4835,792;92
4836,792;90
4837,792;95
4838,792;3268
4839,792;10028
4840,792;84
4841,792;85
4842,792;100
4843,792;104
4844,792;3259
4845,792;10062
4846,792;85
4847,792;78
4848,792;91
4849,792;122
4850,792;3288
4851,792;10020
4852,792;76
4853,792;81
4854,792;90
4855,792;105
4856,792;3250
4857,792;10041
4858,792;83
4859,792;88
4860,792;94
4861,792;88
4862,792;3311
4863,792;10006
4864,792;82
4865,792;93
4866,792;109
4867,792;92
4868,792;3269
4869,792;10042
4870,792;89
4871,792;74
4872,792;92
4873,792;88
4874,792;3333
4875,792;9964
4876,792;82
4877,792;101
4878,792;93
4879,792;100
4880,792;3249
4881,792;10024
4882,792;88
4883,792;101
4884,792;111
4885,792;91
4886,792;3251
4887,792;10047
4888,792;99
4889,792;74
4890,792;117
4891,792;105
4892,792;3267
4893,792;10050
4894,792;88
4895,792;96
4896,792;88
4897,792;86
4898,792;3261
4899,792;10058
4900,792;78
4901,792;108
4902,792;93
4903,792;104
4904,792;3367
4905,792;9946
4906,792;111
4907,792;92
4908,792;117
4909,792;90
4910,792;3252
4911,792;10042
4912,792;78
4913,792;107
4914,792;105
4915,792;90
4916,792;3231
4917,792;10027
4918,792;83
4919,792;92
4920,792;98
4921,792;99
4922,792;3277
4923,792;10058
4924,792;87
4925,792;86
4926,792;93
4927,792;79
4928,792;3267
4929,792;10044
4930,792;100
4931,792;102
4932,792;110
4933,792;85
4934,792;3283
4935,792;10037
4936,792;93
4937,792;78
4938,792;101
4939,792;87
4940,792;3238
4941,792;10054
4942,792;79
4943,792;74
4944,792;77
4945,792;95
4946,792;3256
4947,792;10063
4948,792;82
4949,792;96
4951,699;85
4952,699;91
4953,699;3268
4954,699;10061
4955,699;79
4956,699;87
4957,699;101
4958,699;85
4959,699;3249
4960,699;10057
4961,699;86
4962,699;98
4963,699;95
4964,699;81
4965,699;3272
4966,699;10020
4967,699;86
4968,699;71
4969,699;79
4970,699;97
4971,699;3271
4972,699;10030
4973,699;64
4974,699;84
4975,699;92
4976,699;78
4977,699;3231
4978,699;10040
4979,699;61
4980,699;88
4981,699;83
4982,699;67
4983,699;3238
4984,699;10050
4985,699;74
4986,699;82
4987,699;65
4988,699;69
4989,699;3247
4990,699;10034
4991,699;71
4992,699;72
4993,699;68
4994,699;72
4995,699;3330
4996,699;9935
4997,699;68
4998,699;72
4999,699;63
5000,699;75
5001,699;3225
5002,699;10052
5003,699;69
5004,699;78
5005,699;69
5006,699;77
5007,699;3241
5008,699;10058
5009,699;72
5010,699;75
5011,699;83
5012,699;70
5013,699;3208
5014,699;10041
5015,699;70
5016,699;62
5017,699;48
5018,699;65
5019,699;2857
5020,699;10111
5021,699;77
5022,699;77
5023,699;67
5024,699;65
5025,699;3166
5026,699;10101
5027,699;77
5028,699;68
5029,699;75
5030,699;82
5031,699;3210
5032,699;10058
5033,699;60
5034,699;82
5035,699;67
5036,699;78
5037,699;3218
5038,699;10081
5039,699;72
5040,699;80
5041,699;76
5042,699;78
5043,699;3219
5044,699;10077
5045,699;70
5046,699;88
5047,699;77
5048,699;76
5049,699;3223
5050,699;10028
5051,699;70
5051,752;63
5052,752;61
5053,752;100
5054,752;3231
5055,752;10102
5056,752;86
5057,752;88
5058,752;79
5059,752;79
5060,752;3223
5061,752;10049
5062,752;71
5063,752;79
5064,752;91
5065,752;92
5066,752;3226
5067,752;10036
5068,752;70
5069,752;88
5070,752;79
5071,752;84
5072,752;3236
5073,752;10053
5074,752;92
5075,752;86
5076,752;96
5077,752;96
5078,752;3239
5079,752;10068
5080,752;74
5081,752;104
5082,752;85
5083,752;86
5084,752;3221
5085,752;10088
5086,752;94
5087,752;91
5088,752;107
5089,752;99
5090,752;3218
5091,752;10078
5092,752;78
5093,752;91
5094,752;97
5095,752;76
5096,752;3237
5097,752;10085
5098,752;80
5099,752;75
5100,752;96
5101,752;88
5102,752;3206
5103,752;10037
5104,752;80
5105,752;79
5106,752;115
5107,752;81
5108,752;3211
5109,752;10109
5110,752;84
5111,752;83
5112,752;95
5113,752;88
5114,752;3213
5115,752;10104
5116,752;84
5117,752;93
5118,752;110
5119,752;75
5120,752;3196
5121,752;10102
5122,752;81
5123,752;83
5124,752;80
5125,752;104
5126,752;3204
5127,752;10088
5128,752;93
5129,752;75
5130,752;107
5131,752;86
5132,752;3219
5133,752;10086
5134,752;94
5135,752;90
5136,752;95
5137,752;101
5138,752;3221
5139,752;10107
5140,752;96
5141,752;87
5142,752;95
5143,752;100
5144,752;3221
5145,752;10048
5146,752;69
5147,752;74
5148,752;99
5149,752;89
5150,752;3260
5151,752;10071
5153,163;91
5154,163;70
5155,163;104
5156,163;82
5157,163;3207
5158,163;10088
5159,163;89
5160,163;105
5161,163;86
5162,163;95
5163,163;3216
5164,163;10083
5165,163;81
5166,163;78
5167,163;101
5168,163;95
5169,163;3219
5170,163;10078
5171,163;92
5172,163;89
5173,163;116
5174,163;112
5175,163;3184
5176,163;10064
5177,163;83
5178,163;86
5179,163;94
5180,163;80
5181,163;3213
5182,163;10083
5183,163;91
5184,163;114
5185,163;107
5186,163;106
5187,163;3214
5188,163;10104
5189,163;85
5190,163;92
5191,163;83
5192,163;85
5193,163;3201
5194,163;10090
5195,163;82
5196,163;77
5197,163;103
5198,163;90
5199,163;3185
5200,163;10087
5201,163;87
5202,163;83
5203,163;78
5204,163;99
5205,163;3199
5206,163;10119
5207,163;88
5208,163;80
5209,163;82
5210,163;88
5211,163;3218
5212,163;10099
5213,163;78
5214,163;96
5215,163;105
5216,163;94
5217,163;3186
5218,163;10094
5219,163;90
5220,163;86
5221,163;83
5222,163;91
5223,163;3186
5224,163;10131
5225,163;105
5226,163;79
5227,163;95
5228,163;80
5229,163;3196
5230,163;10120
5231,163;87
5232,163;74
5233,163;93
5234,163;99
5235,163;3273
5236,163;10010
5237,163;90
5238,163;83
5239,163;89
5240,163;91
5241,163;3163
5242,163;10109
5243,163;75
5244,163;91
5245,163;71
5246,163;89
5247,163;3187
5248,163;10076
5249,163;76
5250,163;83
5251,163;81
5252,163;101
5253,163;3191
5254,523;10079
5255,523;73
5256,523;87
5257,523;96
5258,523;82
5259,523;3175
5260,523;10147
5261,523;77
5262,523;92
5263,523;110
5264,523;87
5265,523;3210
5266,523;10075
5267,523;96
5268,523;86
5269,523;83
5270,523;91
5271,523;3171
5272,523;10097
5273,523;74
5274,523;95
5275,523;85
5276,523;85
5277,523;3181
5278,523;10110
5279,523;81
5280,523;100
5281,523;78
5282,523;106
5283,523;3170
5284,523;10095
5285,523;76
5286,523;95
5287,523;74
5288,523;94
5289,523;3177
5290,523;10108
5291,523;86
5292,523;94
5293,523;85
5294,523;73
5295,523;3182
5296,523;10102
5297,523;72
5298,523;78
5299,523;84
5300,523;83
5301,523;3170
5302,523;10112
5303,523;85
5304,523;75
5305,523;79
5306,523;77
5307,523;3156
5308,523;10100
5309,523;80
5310,523;70
5311,523;81
5312,523;95
5313,523;3146
5314,523;10132
5315,523;88
5316,523;91
5317,523;58
5318,523;103
5319,523;3165
5320,523;10118
5321,523;72
5322,523;77
5323,523;93
5324,523;83
5325,523;3189
5326,523;10124
5327,523;74
5328,523;70
5329,523;77
5330,523;96
5331,523;2828
5332,523;10102
5333,523;92
5334,523;84
5335,523;64
5336,523;97
5337,523;3106
5338,523;10098
5339,523;79
5340,523;78
5341,523;84
5342,523;80
5343,523;3157
5344,523;10084
5345,523;72
5346,523;85
5347,523;93
5348,523;76
5349,523;3164
5350,523;10116
5351,523;79
5352,523;90
5353,523;90
5354,523;102
5355,523;3166
5356,523;10109
5357,523;72
5358,523;86
5359,523;96
5360,523;75
5361,523;3142
5362,523;10129
5363,523;76
5364,523;74
5365,523;76
5366,523;108
5367,523;3168
5368,523;10116
5369,523;86
5370,523;84
5371,523;80
5372,523;69
5373,523;3156
5374,523;10096
5375,523;75
5376,523;96
5377,523;80
5378,523;101
5379,523;3198
5380,523;10088
5381,523;77
5382,523;85
5383,523;86
5384,523;74
5385,523;3189
5386,523;10101
5387,523;62
5388,523;82
5389,523;85
5390,523;88
5391,523;3199
5392,523;10139
5393,523;71
5394,523;86
5395,523;95
5396,523;82
5397,523;3163
5398,523;10131
5399,523;90
5400,523;94
5401,523;103
5402,523;100
5403,523;3175
5404,523;10110
5405,523;89
5406,523;83
5407,523;74
5408,523;77
5409,523;3158
5410,523;10087
5411,523;78
5412,523;80
5413,523;101
5414,523;98
5415,523;3151
5416,523;10139
5417,523;94
5418,523;109
5419,523;78
5420,523;89
5421,523;3144
5422,523;10118
5423,523;86
5424,523;86
5425,523;90
5426,523;70
5427,523;3160
5428,523;10151
5429,523;74
5430,523;76
5431,523;101
5432,523;91
5433,523;3144
5434,523;10106
5435,523;90
5436,523;81
5437,523;81
5438,523;87
5439,523;3172
5440,523;10129
5441,523;77
5442,523;101
5443,523;97
5444,523;82
5445,523;3180
5446,523;10121
5447,523;80
5448,523;88
5449,523;88
5450,523;88
5451,523;3158
5452,523;10129
5453,523;87
5454,523;83
5455,523;105
5456,252;86
5457,252;3165
5458,252;10125
5459,252;102
5460,252;76
5461,252;99
5462,252;99
5463,252;3156
5464,252;10138
5465,252;87
5466,252;110
5467,252;100
5468,252;84
5469,252;3159
5470,252;10139
5471,252;71
5472,252;91
5473,252;85
5474,252;115
5475,252;3147
5476,252;10141
5477,252;92
5478,252;87
5479,252;96
5480,252;90
5481,252;3156
5482,252;10131
5483,252;92
5484,252;105
5485,252;78
5486,252;87
5487,252;3162
5488,252;10169
5489,252;90
5490,252;82
5491,252;85
5492,252;76
5493,252;3140
5494,252;10149
5495,252;82
5496,252;85
5497,252;120
5498,252;95
5499,252;3137
5500,252;10124
5501,252;75
5502,252;71
5503,252;94
5504,252;93
5505,252;3169
5506,252;10149
5507,252;84
5508,252;82
5509,252;103
5510,252;91
5511,252;3146
5512,252;10151
5513,252;97
5514,252;78
5515,252;79
5516,252;94
5517,252;3154
5518,252;10126
5519,252;87
5520,252;81
5521,252;93
5522,252;102
5523,252;3174
5524,252;10120
5525,252;85
5526,252;93
5527,252;89
5528,252;105
5529,252;3143
5530,252;10121
5531,252;75
5532,252;95
5533,252;92
5534,252;103
5535,252;3130
5536,252;10112
5537,252;98
5538,252;78
5539,252;102
5540,252;78
5541,252;3142
5542,252;10158
5543,252;78
5544,252;75
5545,252;78
5546,252;77
5547,252;3139
5548,252;10134
5549,252;93
5550,252;104
5551,252;100
5552,252;82
5553,252;3147
5554,252;10143
5555,252;85
5556,252;84
5558,2;83
5559,2;96
5560,2;3150
5561,2;10137
5562,2;75
5563,2;91
5564,2;98
5565,2;105
5566,2;3157
5567,2;10125
5568,2;96
5569,2;88
5570,2;92
5571,2;95
5572,2;3136
5573,2;10126
5574,2;101
5575,2;78
5576,2;102
5577,2;111
5578,2;3156
5579,2;10178
5580,2;75
5581,2;94
5582,2;82
5583,2;102
5584,2;3157
5585,2;10132
5586,2;88
5587,2;68
5588,2;78
5589,2;89
5590,2;3154
5591,2;10173
5592,2;98
5593,2;77
5594,2;92
5595,2;94
5596,2;3128
5597,2;10151
5598,2;79
5599,2;87
5600,2;87
5601,2;75
5602,2;3138
5603,2;10148
5604,2;77
5605,2;81
5606,2;87
5607,2;76
5608,2;3120
5609,2;10145
5610,2;67
5611,2;94
5612,2;78
5613,2;77
5614,2;3199
5615,2;10102
5616,2;90
5617,2;75
5618,2;83
5619,2;88
5620,2;3119
5621,2;10139
5622,2;73
5623,2;69
5624,2;92
5625,2;79
5626,2;3167
5627,2;10155
5628,2;77
5629,2;90
5630,2;87
5631,2;85
5632,2;3151
5633,2;10171
5634,2;69
5635,2;81
5636,2;77
5637,2;79
5638,2;3077
5639,2;10157
5640,2;89
5641,2;64
5642,2;80
5643,2;74
5644,2;2743
5645,2;10224
5646,2;58
5647,2;75
5648,2;64
5649,2;77
5650,2;3079
5651,2;10156
5652,2;74
5653,2;65
5654,2;71
5655,2;70
5656,2;3114
5657,2;10185
5658,2;77
5659,291;75
5660,291;67
5661,291;78
5662,291;3117
5663,291;10157
5664,291;83
5665,291;72
5666,291;80
5667,291;65
5668,291;3116
5669,291;10173
5670,291;88
5671,291;71
5672,291;78
5673,291;106
5674,291;3107
5675,291;10163
5676,291;76
5677,291;71
5678,291;83
5679,291;84
5680,291;3131
5681,291;10177
5682,291;66
5683,291;72
5684,291;81
5685,291;95
5686,291;3131
5687,291;10153
5688,291;87
5689,291;91
5690,291;98
5691,291;67
5692,291;3141
5693,291;10151
5694,291;77
5695,291;82
5696,291;84
5697,291;79
5698,291;3132
5699,291;10180
5700,291;88
5701,291;94
5702,291;97
5703,291;95
5704,291;3123
5705,291;10181
5706,291;81
5707,291;78
5708,291;97
5709,291;103
5710,291;3136
5711,291;10170
5712,291;81
5713,291;79
5714,291;98
5715,291;74
5716,291;3137
5717,291;10155
5718,291;93
5719,291;71
5720,291;86
5721,291;92
5722,291;3112
5723,291;10182
5724,291;90
5725,291;106
5726,291;90
5727,291;83
5728,291;3121
5729,291;10161
5730,291;63
5731,291;100
5732,291;105
5733,291;100
5734,291;3108
5735,291;10178
5736,291;88
5737,291;101
5738,291;94
5739,291;90
5740,291;3130
5741,291;10215
5742,291;82
5743,291;80
5744,291;105
5745,291;86
5746,291;3116
5747,291;10184
5748,291;92
5749,291;79
5750,291;106
5751,291;114
5752,291;3126
5753,291;10175
5754,291;84
5755,291;98
5756,291;93
5757,291;91
5758,291;3093
5759,291;10160
5759,882;93
5760,882;96
5761,882;95
5762,882;110
5763,882;3101
5764,882;10191
5765,882;98
5766,882;89
5767,882;82
5768,882;98
5769,882;3106
5770,882;10194
5771,882;87
5772,882;92
5773,882;89
5774,882;104
5775,882;3126
5776,882;10188
5777,882;96
5778,882;90
5779,882;88
5780,882;99
5781,882;3115
5782,882;10189
5783,882;91
5784,882;98
5785,882;87
5786,882;102
5787,882;3091
5788,882;10187
5789,882;99
5790,882;92
5791,882;94
5792,882;83
5793,882;3130
5794,882;10156
5795,882;91
5796,882;77
5797,882;91
5798,882;103
5799,882;3108
5800,882;10193
5801,882;67
5802,882;93
5803,882;98
5804,882;107
5805,882;3120
5806,882;10172
5807,882;78
5808,882;97
5809,882;86
5810,882;87
5811,882;3114
5812,882;10179
5813,882;96
5814,882;87
5815,882;100
5816,882;88
5817,882;3096
5818,882;10188
5819,882;93
5820,882;69
5821,882;100
5822,882;95
5823,882;3117
5824,882;10212
5825,882;76
5826,882;82
5827,882;89
5828,882;88
5829,882;3133
5830,882;10178
5831,882;86
5832,882;88
5833,882;83
5834,882;100
5835,882;3103
5836,882;10179
5837,882;83
5838,882;64
5839,882;84
5840,882;104
5841,882;3074
5842,882;10172
5843,882;84
5844,882;90
5845,882;91
5846,882;98
5847,882;3073
5848,882;10205
5849,882;90
5850,882;91
5851,882;78
5852,882;75
5853,882;3081
5854,882;10195
5855,882;88
5856,882;81
5857,882;100
5858,882;101
5859,882;3124
5860,882;10171
5861,882;101
5862,882;104
5863,882;81
5864,882;89
5865,882;3114
5866,882;10180
5867,882;94
5868,882;84
5869,882;104
5870,882;80
5871,882;3079
5872,882;10198
5873,882;74
5874,882;98
5875,882;80
5876,882;100
5877,882;3070
5878,882;10187
5879,882;73
5880,882;90
5881,882;82
5882,882;97
5883,882;3078
5884,882;10218
5885,882;82
5886,882;84
5887,882;70
5888,882;76
5889,882;3109
5890,882;10180
5891,882;69
5892,882;114
5893,882;101
5894,882;91
5895,882;3078
5896,882;10239
5897,882;84
5898,882;87
5899,882;78
5900,882;83
5901,882;3054
5902,882;10218
5903,882;72
5904,882;84
5905,882;78
5906,882;92
5907,882;3095
5908,882;10208
5909,882;71
5910,882;59
5911,882;84
5912,882;84
5913,882;3071
5914,882;10178
5915,882;90
5916,882;74
5917,882;75
5918,882;69
5919,882;3063
5920,882;10211
5921,882;55
5922,882;79
5923,882;68
5924,882;89
5925,882;3093
5926,882;10211
5927,882;81
5928,882;80
5929,882;88
5930,882;88
5931,882;3058
5932,882;10215
5933,882;81
5934,882;91
5935,882;98
5936,882;85
5937,882;3053
5938,882;10197
5939,882;71
5940,882;95
5941,882;80
5942,882;83
5943,882;3051
5944,882;10225
5945,882;70
5946,882;66
5947,882;74
5948,882;79
5949,882;3080
5950,882;10196
5951,882;71
5952,882;79
5953,882;76
5954,882;78
5955,882;2682
5956,882;10238
5957,882;77
5958,882;76
5959,882;75
5960,882;75
5960,61;3003
5961,61;10193
5962,61;83
5963,61;83
5964,61;77
5965,61;55
5966,61;3065
5967,61;10208
5968,61;72
5969,61;64
5970,61;85
5971,61;71
5972,61;3041
5973,61;10216
5974,61;65
5975,61;88
5976,61;87
5977,61;74
5978,61;3036
5979,61;10217
5980,61;74
5981,61;77
5982,61;105
5983,61;98
5984,61;3059
5985,61;10210
5986,61;83
5987,61;90
5988,61;71
5989,61;91
5990,61;3174
5991,61;10083
5992,61;92
5993,61;79
5994,61;88
5995,61;79
5996,61;3071
5997,61;10199
5998,61;85
5999,61;74
6000,61;82
6001,61;76
6002,61;3065
6003,61;10191
6004,61;77
6005,61;79
6006,61;91
6007,61;101
6008,61;3147
6009,61;10138
6010,61;77
6011,61;71
6012,61;82
6013,61;80
6014,61;3061
6015,61;10211
6016,61;78
6017,61;83
6018,61;75
6019,61;84
6020,61;3088
6021,61;10201
6022,61;98
6023,61;97
6024,61;84
6025,61;82
6026,61;3078
6027,61;10220
6028,61;85
6029,61;76
6030,61;97
6031,61;81
6032,61;3081
6033,61;10190
6034,61;81
6035,61;87
6036,61;93
6037,61;92
6038,61;3043
6039,61;10196
6040,61;81
6041,61;83
6042,61;79
6043,61;94
6044,61;3069
6045,61;10209
6046,61;84
6047,61;104
6048,61;81
6049,61;100
6050,61;3076
6051,61;10243
6052,61;88
6053,61;92
6054,61;101
6055,61;94
6056,61;3063
6057,61;10209
6058,61;79
6059,61;83
6060,61;93
6061,75;95
6062,75;3075
6063,75;10218
6064,75;97
6065,75;90
6066,75;88
6067,75;96
6068,75;3052
6069,75;10208
6070,75;78
6071,75;91
6072,75;87
6073,75;92
6074,75;3050
6075,75;10210
6076,75;90
6077,75;91
6078,75;90
6079,75;87
6080,75;3053
6081,75;10218
6082,75;81
6083,75;90
6084,75;89
6085,75;93
6086,75;3042
6087,75;10231
6088,75;96
6089,75;82
6090,75;81
6091,75;81
6092,75;3074
6093,75;10194
6094,75;67
6095,75;85
6096,75;96
6097,75;83
6098,75;3074
6099,75;10238
6100,75;77
6101,75;90
6102,75;87
6103,75;95
6104,75;3132
6105,75;10179
6106,75;95
6107,75;82
6108,75;106
6109,75;89
6110,75;3078
6111,75;10236
6112,75;74
6113,75;103
6114,75;91
6115,75;86
6116,75;3076
6117,75;10238
6118,75;84
6119,75;97
6120,75;94
6121,75;91
6122,75;3048
6123,75;10224
6124,75;79
6125,75;87
6126,75;91
6127,75;90
6128,75;3089
6129,75;10234
6130,75;82
6131,75;91
6132,75;93
6133,75;101
6134,75;3075
6135,75;10193
6136,75;90
6137,75;90
6138,75;93
6139,75;83
6140,75;3018
6141,75;10259
6142,75;92
6143,75;92
6144,75;95
6145,75;103
6146,75;3071
6147,75;10213
6148,75;83
6149,75;102
6150,75;84
6151,75;86
6152,75;3044
6153,75;10240
6154,75;83
6155,75;95
6156,75;108
6157,75;108
6158,75;3064
6159,75;10248
6160,75;94
6161,75;112
6163,453;70
6164,453;93
6165,453;3047
6166,453;10247
6167,453;88
6168,453;108
6169,453;81
6170,453;94
6171,453;3054
6172,453;10257
6173,453;89
6174,453;93
6175,453;102
6176,453;102
6177,453;3049
6178,453;10212
6179,453;77
6180,453;86
6181,453;86
6182,453;101
6183,453;3034
6184,453;10255
6185,453;84
6186,453;92
6187,453;92
6188,453;92
6189,453;3055
6190,453;10257
6191,453;73
6192,453;99
6193,453;98
6194,453;95
6195,453;3047
6196,453;10219
6197,453;87
6198,453;78
6199,453;79
6200,453;99
6201,453;3031
6202,453;10272
6203,453;76
6204,453;92
6205,453;98
6206,453;83
6207,453;3073
6208,453;10272
6209,453;91
6210,453;100
6211,453;98
6212,453;104
6213,453;3040
6214,453;10246
6215,453;85
6216,453;81
6217,453;67
6218,453;89
6219,453;3040
6220,453;10265
6221,453;79
6222,453;84
6223,453;78
6224,453;89
6225,453;3050
6226,453;10238
6227,453;73
6228,453;81
6229,453;76
6230,453;85
6231,453;3044
6232,453;10234
6233,453;81
6234,453;74
6235,453;85
6236,453;68
6237,453;3026
6238,453;10259
6239,453;86
6240,453;77
6241,453;77
6242,453;96
6243,453;3020
6244,453;10205
6245,453;79
6246,453;84
6247,453;92
6248,453;91
6249,453;3042
6250,453;10256
6251,453;77
6252,453;71
6253,453;86
6254,453;70
6255,453;3011
6256,453;10252
6257,453;74
6258,453;62
6259,453;80
6260,453;93
6261,453;3004
6262,453;10236
6263,453;59
6264,173;65
6265,173;78
6266,173;88
6267,173;2657
6268,173;10258
6269,173;74
6270,173;79
6271,173;79
6272,173;85
6273,173;2975
6274,173;10248
6275,173;79
6276,173;68
6277,173;73
6278,173;88
6279,173;3050
6280,173;10230
6281,173;92
6282,173;89
6283,173;91
6284,173;88
6285,173;3038
6286,173;10248
6287,173;63
6288,173;72
6289,173;79
6290,173;71
6291,173;3029
6292,173;10259
6293,173;66
6294,173;68
6295,173;73
6296,173;82
6297,173;3013
6298,173;10247
6299,173;94
6300,173;88
6301,173;97
6302,173;84
6303,173;3040
6304,173;10256
6305,173;78
6306,173;98
6307,173;90
6308,173;84
6309,173;3062
6310,173;10248
6311,173;81
6312,173;93
6313,173;102
6314,173;86
6315,173;3016
6316,173;10257
6317,173;82
6318,173;82
6319,173;100
6320,173;70
6321,173;3004
6322,173;10258
6323,173;80
6324,173;88
6325,173;71
6326,173;85
6327,173;3049
6328,173;10266
6329,173;76
6330,173;82
6331,173;87
6332,173;84
6333,173;3016
6334,173;10281
6335,173;83
6336,173;90
6337,173;85
6338,173;106
6339,173;3019
6340,173;10262
6341,173;104
6342,173;76
6343,173;111
6344,173;93
6345,173;3043
6346,173;10280
6347,173;77
6348,173;98
6349,173;114
6350,173;88
6351,173;3003
6352,173;10263
6353,173;83
6354,173;90
6355,173;98
6356,173;102
6357,173;3022
6358,173;10272
6359,173;82
6360,173;85
6361,173;102
6362,173;98
6363,173;3042
6364,173;10276
6365,173;78
6366,173;103
6367,173;92
6368,173;94
6369,173;3016
6370,173;10292
6371,173;102
6372,173;91
6373,173;110
6374,173;93
6375,173;3022
6376,173;10269
6377,173;103
6378,173;89
6379,173;103
6380,173;83
6381,173;2976
6382,173;10254
6383,173;97
6384,173;96
6385,173;89
6386,173;95
6387,173;3010
6388,173;10282
6389,173;85
6390,173;91
6391,173;70
6392,173;94
6393,173;3012
6394,173;10270
6395,173;101
6396,173;96
6397,173;89
6398,173;98
6399,173;2980
6400,173;10273
6401,173;88
6402,173;86
6403,173;98
6404,173;97
6405,173;3012
6406,173;10277
6407,173;81
6408,173;100
6409,173;76
6410,173;94
6411,173;3012
6412,173;10262
6413,173;87
6414,173;90
6415,173;93
6416,173;90
6417,173;3004
6418,173;10267
6419,173;85
6420,173;88
6421,173;94
6422,173;88
6423,173;2998
6424,173;10286
6425,173;86
6426,173;86
6427,173;93
6428,173;88
6429,173;3028
6430,173;10277
6431,173;76
6432,173;105
6433,173;85
6434,173;80
6435,173;2979
6436,173;10260
6437,173;81
6438,173;77
6439,173;100
6440,173;83
6441,173;3002
6442,173;10242
6443,173;73
6444,173;92
6445,173;80
6446,173;103
6447,173;3001
6448,173;10279
6449,173;73
6450,173;77
6451,173;83
6452,173;87
6453,173;3001
6454,173;10289
6455,173;80
6456,173;93
6457,173;99
6458,173;92
6459,173;2982
6460,173;10266
6461,173;94
6462,173;87
6463,173;99
6464,173;96
6465,173;2995
6466,681;10315
6467,681;113
6468,681;81
6469,681;111
6470,681;89
6471,681;3018
6472,681;10291
6473,681;74
6474,681;84
6475,681;107
6476,681;79
6477,681;2973
6478,681;10312
6479,681;99
6480,681;90
6481,681;80
6482,681;79
6483,681;3076
6484,681;10239
6485,681;81
6486,681;90
6487,681;113
6488,681;112
6489,681;3007
6490,681;10266
6491,681;70
6492,681;93
6493,681;92
6494,681;94
6495,681;2981
6496,681;10253
6497,681;91
6498,681;86
6499,681;92
6500,681;97
6501,681;2963
6502,681;10298
6503,681;90
6504,681;84
6505,681;101
6506,681;112
6507,681;3002
6508,681;10290
6509,681;76
6510,681;88
6511,681;94
6512,681;95
6513,681;3003
6514,681;10296
6515,681;80
6516,681;82
6517,681;106
6518,681;88
6519,681;2947
6520,681;10314
6521,681;83
6522,681;76
6523,681;81
6524,681;83
6525,681;2988
6526,681;10301
6527,681;67
6528,681;86
6529,681;86
6530,681;102
6531,681;2959
6532,681;10295
6533,681;104
6534,681;81
6535,681;91
6536,681;81
6537,681;2987
6538,681;10300
6539,681;82
6540,681;84
6541,681;100
6542,681;111
6543,681;2978
6544,681;10300
6545,681;93
6546,681;88
6547,681;77
6548,681;67
6549,681;2991
6550,681;10300
6551,681;85
6552,681;91
6553,681;104
6554,681;79
6555,681;2974
6556,681;10287
6557,681;78
6558,681;79
6559,681;78
6560,681;77
6561,681;2967
6562,681;10311
6563,681;79
6564,681;99
6565,681;80
6566,681;85
6566,737;2961
6567,737;10284
6568,737;65
6569,737;91
6570,737;75
6571,737;87
6572,737;2954
6573,737;10286
6574,737;71
6575,737;77
6576,737;68
6577,737;80
6578,737;2580
6579,737;10333
6580,737;76
6581,737;81
6582,737;86
6583,737;66
6584,737;2925
6585,737;10322
6586,737;72
6587,737;81
6588,737;77
6589,737;88
6590,737;2946
6591,737;10338
6592,737;87
6593,737;87
6594,737;76
6595,737;80
6596,737;2945
6597,737;10314
6598,737;81
6599,737;80
6600,737;73
6601,737;77
6602,737;2959
6603,737;10301
6604,737;92
6605,737;74
6606,737;93
6607,737;98
6608,737;2984
6609,737;10323
6610,737;73
6611,737;83
6612,737;91
6613,737;103
6614,737;2945
6615,737;10294
6616,737;70
6617,737;85
6618,737;79
6619,737;83
6620,737;2963
6621,737;10285
6622,737;76
6623,737;88
6624,737;69
6625,737;83
6626,737;2950
6627,737;10346
6628,737;76
6629,737;77
6630,737;89
6631,737;77
6632,737;2975
6633,737;10300
6634,737;82
6635,737;81
6636,737;87
6637,737;92
6638,737;2949
6639,737;10332
6640,737;81
6641,737;85
6642,737;83
6643,737;107
6644,737;2969
6645,737;10319
6646,737;77
6647,737;81
6648,737;83
6649,737;89
6650,737;2946
6651,737;10320
6652,737;90
6653,737;75
6654,737;93
6655,737;91
6656,737;2967
6657,737;10324
6658,737;94
6659,737;73
6660,737;95
6661,737;90
6662,737;2978
6663,737;10316
6664,737;77
6665,737;89
6666,737;91
6668,279;97
6669,279;2970
6670,279;10271
6671,279;93
6672,279;77
6673,279;97
6674,279;86
6675,279;2960
6676,279;10314
6677,279;90
6678,279;92
6679,279;90
6680,279;102
6681,279;2942
6682,279;10329
6683,279;86
6684,279;91
6685,279;81
6686,279;94
6687,279;2958
6688,279;10313
6689,279;92
6690,279;93
6691,279;91
6692,279;94
6693,279;2945
6694,279;10319
6695,279;97
6696,279;113
6697,279;93
6698,279;94
6699,279;2957
6700,279;10322
6701,279;81
6702,279;77
6703,279;92
6704,279;102
6705,279;2948
6706,279;10307
6707,279;92
6708,279;91
6709,279;99
6710,279;89
6711,279;2953
6712,279;10323
6713,279;85
6714,279;79
6715,279;79
6716,279;107
6717,279;2960
6718,279;10338
6719,279;85
6720,279;75
6721,279;95
6722,279;105
6723,279;2960
6724,279;10348
6725,279;75
6726,279;82
6727,279;91
6728,279;112
6729,279;2949
6730,279;10344
6731,279;81
6732,279;84
6733,279;81
6734,279;97
6735,279;2958
6736,279;10345
6737,279;82
6738,279;80
6739,279;92
6740,279;93
6741,279;2977
6742,279;10241
6743,279;79
6744,279;102
6745,279;91
6746,279;93
6747,279;2955
6748,279;10344
6749,279;76
6750,279;82
6751,279;91
6752,279;90
6753,279;2936
6754,279;10325
6755,279;83
6756,279;92
6757,279;108
6758,279;81
6759,279;3009
6760,279;10270
6761,279;72
6762,279;96
6763,279;99
6764,279;86
6765,279;2966
6766,279;10296
6767,279;92
6768,279;90
6769,398;91
6770,398;102
6771,398;2940
6772,398;10320
6773,398;76
6774,398;100
6775,398;95
6776,398;84
6777,398;2942
6778,398;10311
6779,398;89
6780,398;95
6781,398;91
6782,398;92
6783,398;2928
6784,398;10319
6785,398;98
6786,398;87
6787,398;95
6788,398;98
6789,398;2958
6790,398;10341
6791,398;96
6792,398;72
6793,398;109
6794,398;86
6795,398;2948
6796,398;10344
6797,398;92
6798,398;79
6799,398;101
6800,398;104
6801,398;2959
6802,398;10337
6803,398;101
6804,398;110
6805,398;86
6806,398;88
6807,398;2968
6808,398;10341
6809,398;91
6810,398;100
6811,398;81
6812,398;99
6813,398;2941
6814,398;10351
6815,398;96
6816,398;75
6817,398;92
6818,398;107
6819,398;2977
6820,398;10335
6821,398;72
6822,398;83
6823,398;106
6824,398;99
6825,398;2950
6826,398;10329
6827,398;94
6828,398;91
6829,398;76
6830,398;90
6831,398;2971
6832,398;10330
6833,398;79
6834,398;79
6835,398;90
6836,398;89
6837,398;2954
6838,398;10352
6839,398;100
6840,398;70
6841,398;78
6842,398;91
6843,398;2941
6844,398;10344
6845,398;84
6846,398;71
6847,398;85
6848,398;82
6849,398;2956
6850,398;10332
6851,398;92
6852,398;84
6853,398;87
6854,398;86
6855,398;2939
6856,398;10344
6857,398;69
6858,398;85
6859,398;82
6860,398;88
6861,398;2912
6862,398;10356
6863,398;65
6864,398;88
6865,398;72
6866,398;83
6867,398;2935
6868,398;10375
6869,398;79
6870,398;91
6871,398;77
6872,398;92
6873,398;2951
6874,398;10343
6875,398;61
6876,398;65
6877,398;74
6878,398;74
6879,398;2936
6880,398;10363
6881,398;65
6882,398;77
6883,398;69
6884,398;92
6885,398;2926
6886,398;10340
6887,398;57
6888,398;73
6889,398;73
6890,398;69
6891,398;2550
6892,398;10376
6893,398;63
6894,398;65
6895,398;67
6896,398;69
6897,398;2868
6898,398;10350
6899,398;76
6900,398;71
6901,398;87
6902,398;76
6903,398;2917
6904,398;10355
6905,398;75
6906,398;82
6907,398;87
6908,398;77
6909,398;2936
6910,398;10356
6911,398;72
6912,398;85
6913,398;75
6914,398;74
6915,398;2925
6916,398;10342
6917,398;84
6918,398;91
6919,398;76
6920,398;87
6921,398;2898
6922,398;10379
6923,398;84
6924,398;73
6925,398;88
6926,398;89
6927,398;2943
6928,398;10367
6929,398;89
6930,398;73
6931,398;92
6932,398;89
6933,398;2926
6934,398;10351
6935,398;64
6936,398;82
6937,398;97
6938,398;88
6939,398;2908
6940,398;10353
6941,398;95
6942,398;96
6943,398;80
6944,398;98
6945,398;2923
6946,398;10351
6947,398;85
6948,398;85
6949,398;108
6950,398;98
6951,398;2927
6952,398;10341
6953,398;86
6954,398;90
6955,398;100
6956,398;86
6957,398;2916
6958,398;10345
6959,398;92
6960,398;96
6961,398;96
6962,398;99
6963,398;2995
6964,398;10275
6965,398;86
6966,398;84
6967,398;87
6968,398;114
6969,398;2947
6970,398;10352
6971,45;80
6972,45;103
6973,45;83
6974,45;93
6975,45;2916
6976,45;10382
6977,45;91
6978,45;89
6979,45;110
6980,45;85
6981,45;2944
6982,45;10359
6983,45;102
6984,45;88
6985,45;85
6986,45;94
6987,45;2900
6988,45;10345
6989,45;86
6990,45;85
6991,45;99
6992,45;94
6993,45;2882
6994,45;10390
6995,45;91
6996,45;104
6997,45;95
6998,45;84
6999,45;2897
7000,45;10415
7001,45;101
7002,45;82
7003,45;97
7004,45;99
7005,45;2929
7006,45;10374
7007,45;90
7008,45;82
7009,45;84
7010,45;99
7011,45;2918
7012,45;10335
7013,45;92
7014,45;92
7015,45;93
7016,45;97
7017,45;2900
7018,45;10383
7019,45;84
7020,45;88
7021,45;93
7022,45;97
7023,45;2912
7024,45;10354
7025,45;71
7026,45;78
7027,45;101
7028,45;107
7029,45;2919
7030,45;10367
7031,45;78
7032,45;85
7033,45;103
7034,45;88
7035,45;2897
7036,45;10362
7037,45;82
7038,45;73
7039,45;88
7040,45;83
7041,45;2909
7042,45;10389
7043,45;90
7044,45;78
7045,45;100
7046,45;88
7047,45;2908
7048,45;10390
7049,45;79
7050,45;88
7051,45;100
7052,45;90
7053,45;2893
7054,45;10351
7055,45;73
7056,45;97
7057,45;104
7058,45;103
7059,45;2911
7060,45;10375
7061,45;98
7062,45;79
7063,45;91
7064,45;79
7065,45;2897
7066,45;10389
7067,45;74
7068,45;89
7069,45;86
7070,45;96
7071,45;2877
7071,958;10398
7072,958;90
7073,958;85
7074,958;93
7075,958;90
7076,958;2887
7077,958;10374
7078,958;77
7079,958;73
7080,958;84
7081,958;76
7082,958;2888
7083,958;10370
7084,958;113
7085,958;89
7086,958;95
7087,958;80
7088,958;2896
7089,958;10396
7090,958;78
7091,958;91
7092,958;114
7093,958;112
7094,958;2914
7095,958;10378
7096,958;84
7097,958;65
7098,958;91
7099,958;109
7100,958;2906
7101,958;10381
7102,958;81
7103,958;96
7104,958;87
7105,958;105
7106,958;2899
7107,958;10402
7108,958;66
7109,958;94
7110,958;98
7111,958;91
7112,958;2878
7113,958;10404
7114,958;93
7115,958;97
7116,958;116
7117,958;115
7118,958;2879
7119,958;10407
7120,958;85
7121,958;72
7122,958;94
7123,958;76
7124,958;2919
7125,958;10405
7126,958;69
7127,958;80
7128,958;91
7129,958;89
7130,958;2870
7131,958;10395
7132,958;77
7133,958;85
7134,958;90
7135,958;93
7136,958;2896
7137,958;10392
7138,958;88
7139,958;87
7140,958;91
7141,958;79
7142,958;2861
7143,958;10420
7144,958;84
7145,958;85
7146,958;78
7147,958;79
7148,958;2884
7149,958;10380
7150,958;88
7151,958;71
7152,958;91
7153,958;74
7154,958;2847
7155,958;10398
7156,958;94
7157,958;95
7158,958;84
7159,958;91
7160,958;2864
7161,958;10415
7162,958;64
7163,958;84
7164,958;73
7165,958;80
7166,958;2909
7167,958;10387
7168,958;72
7169,958;76
7170,958;105
7171,958;75
7173,83;2860
7174,83;10390
7175,83;71
7176,83;68
7177,83;60
7178,83;101
7179,83;2872
7180,83;10401
7181,83;68
7182,83;87
7183,83;77
7184,83;90
7185,83;2893
7186,83;10382
7187,83;80
7188,83;90
7189,83;87
7190,83;79
7191,83;2862
7192,83;10386
7193,83;71
7194,83;84
7195,83;62
7196,83;78
7197,83;2842
7198,83;10382
7199,83;86
7200,83;80
7201,83;69
7202,83;76
7203,83;2497
7204,83;10440
7205,83;70
7206,83;81
7207,83;80
7208,83;86
7209,83;2802
7210,83;10420
7211,83;61
7212,83;79
7213,83;82
7214,83;82
7215,83;2866
7216,83;10410
7217,83;76
7218,83;81
7219,83;77
7220,83;82
7221,83;2853
7222,83;10407
7223,83;82
7224,83;74
7225,83;92
7226,83;80
7227,83;2878
7228,83;10413
7229,83;92
7230,83;90
7231,83;87
7232,83;101
7233,83;2864
7234,83;10398
7235,83;83
7236,83;83
7237,83;90
7238,83;84
7239,83;2859
7240,83;10408
7241,83;65
7242,83;73
7243,83;81
7244,83;94
7245,83;2864
7246,83;10413
7247,83;112
7248,83;81
7249,83;92
7250,83;93
7251,83;2858
7252,83;10411
7253,83;92
7254,83;86
7255,83;84
7256,83;88
7257,83;2866
7258,83;10424
7259,83;69
7260,83;91
7261,83;90
7262,83;101
7263,83;2869
7264,83;10381
7265,83;81
7266,83;97
7267,83;94
7268,83;101
7269,83;2847
7270,83;10440
7271,83;76
7272,83;94
7273,83;100
7274,249;91
7275,249;2853
7276,249;10431
7277,249;92
7278,249;92
7279,249;94
7280,249;83
7281,249;2850
7282,249;10393
7283,249;76
7284,249;92
7285,249;98
7286,249;105
7287,249;2862
7288,249;10403
7289,249;69
7290,249;83
7291,249;87
7292,249;87
7293,249;2861
7294,249;10422
7295,249;76
7296,249;91
7297,249;95
7298,249;91
7299,249;2884
7300,249;10415
7301,249;73
7302,249;96
7303,249;94
7304,249;88
7305,249;2883
7306,249;10395
7307,249;77
7308,249;94
7309,249;95
7310,249;84
7311,249;2848
7312,249;10418
7313,249;89
7314,249;83
7315,249;100
7316,249;105
7317,249;2857
7318,249;10435
7319,249;65
7320,249;80
7321,249;91
7322,249;81
7323,249;2865
7324,249;10432
7325,249;78
7326,249;95
7327,249;94
7328,249;97
7329,249;2869
7330,249;10412
7331,249;71
7332,249;101
7333,249;82
7334,249;74
7335,249;2876
7336,249;10425
7337,249;84
7338,249;100
7339,249;92
7340,249;96
7341,249;2855
7342,249;10433
7343,249;89
7344,249;88
7345,249;109
7346,249;96
7347,249;2846
7348,249;10415
7349,249;89
7350,249;109
7351,249;80
7352,249;95
7353,249;2870
7354,249;10449
7355,249;71
7356,249;90
7357,249;88
7358,249;101
7359,249;2832
7360,249;10401
7361,249;92
7362,249;81
7363,249;92
7364,249;101
7365,249;2860
7366,249;10413
7367,249;77
7368,249;88
7369,249;89
7370,249;88
7371,249;2908
7372,249;10344
7373,249;76
7374,249;85
7375,432;107
7376,432;90
7377,432;2858
7378,432;10421
7379,432;95
7380,432;89
7381,432;101
7382,432;94
7383,432;2858
7384,432;10450
7385,432;75
7386,432;73
7387,432;101
7388,432;99
7389,432;2851
7390,432;10417
7391,432;87
7392,432;93
7393,432;73
7394,432;82
7395,432;2869
7396,432;10415
7397,432;77
7398,432;98
7399,432;96
7400,432;122
7401,432;2825
7402,432;10429
7403,432;69
7404,432;88
7405,432;103
7406,432;115
7407,432;2863
7408,432;10438
7409,432;85
7410,432;87
7411,432;90
7412,432;89
7413,432;2854
7414,432;10420
7415,432;88
7416,432;88
7417,432;87
7418,432;101
7419,432;2845
7420,432;10442
7421,432;106
7422,432;88
7423,432;91
7424,432;103
7425,432;2850
7426,432;10415
7427,432;88
7428,432;87
7429,432;126
7430,432;92
7431,432;2855
7432,432;10425
7433,432;74
7434,432;96
7435,432;92
7436,432;107
7437,432;2839
7438,432;10429
7439,432;109
7440,432;96
7441,432;101
7442,432;111
7443,432;2835
7444,432;10434
7445,432;89
7446,432;86
7447,432;87
7448,432;95
7449,432;2855
7450,432;10449
7451,432;79
7452,432;92
7453,432;94
7454,432;109
7455,432;2850
7456,432;10433
7457,432;77
7458,432;95
7459,432;91
7460,432;115
7461,432;2850
7462,432;10460
7463,432;82
7464,432;91
7465,432;96
7466,432;80
7467,432;2872
7468,432;10448
7469,432;81
7470,432;104
7471,432;103
7472,432;87
7473,432;2845
7474,432;10421
7475,432;78
7476,432;80
7477,432;83
7478,432;84
7479,432;2832
7480,432;10426
7481,432;93
7482,432;91
7483,432;90
7484,432;91
7485,432;2846
7486,432;10447
7487,432;69
7488,432;92
7489,432;83
7490,432;87
7491,432;2832
7492,432;10437
7493,432;69
7494,432;101
7495,432;73
7496,432;82
7497,432;2824
7498,432;10433
7499,432;76
7500,432;68
7501,432;78
7502,432;83
7503,432;2846
7504,432;10434
7505,432;88
7506,432;75
7507,432;82
7508,432;98
7509,432;2823
7510,432;10451
7511,432;67
7512,432;72
7513,432;71
7514,432;79
7515,432;2456
7516,432;10484
7517,432;76
7518,432;90
7519,432;79
7520,432;89
7521,432;2739
7522,432;10450
7523,432;77
7524,432;65
7525,432;76
7526,432;103
7527,432;2805
7528,432;10435
7529,432;93
7530,432;78
7531,432;88
7532,432;87
7533,432;2815
7534,432;10443
7535,432;69
7536,432;111
7537,432;85
7538,432;84
7539,432;2847
7540,432;10423
7541,432;82
7542,432;92
7543,432;107
7544,432;109
7545,432;2850
7546,432;10441
7547,432;76
7548,432;80
7549,432;110
7550,432;95
7551,432;2802
7552,432;10483
7553,432;78
7554,432;85
7555,432;88
7556,432;95
7557,432;2827
7558,432;10442
7559,432;70
7560,432;86
7561,432;70
7562,432;100
7563,432;2826
7564,432;10444
7565,432;90
7566,432;92
7567,432;93
7568,432;100
7569,432;2828
7570,432;10442
7571,432;80
7572,432;94
7573,432;89
7574,432;97
7575,432;2814
7576,432;10510
7577,078;82
7578,078;92
7579,078;94
7580,078;69
7581,078;2851
7582,078;10461
7583,078;89
7584,078;77
7585,078;104
7586,078;84
7587,078;2839
7588,078;10471
7589,078;84
7590,078;95
7591,078;88
7592,078;103
7593,078;2822
7594,078;10477
7595,078;62
7596,078;85
7597,078;89
7598,078;94
7599,078;2810
7600,078;10458
7601,078;93
7602,078;110
7603,078;98
7604,078;88
7605,078;2835
7606,078;10420
7607,078;83
7608,078;89
7609,078;93
7610,078;88
7611,078;2923
7612,078;10334
7613,078;85
7614,078;93
7615,078;77
7616,078;92
7617,078;2807
7618,078;10480
7619,078;86
7620,078;94
7621,078;93
7622,078;93
7623,078;2824
7624,078;10453
7625,078;94
7626,078;82
7627,078;80
7628,078;88
7629,078;2818
7630,078;10474
7631,078;96
7632,078;87
7633,078;85
7634,078;97
7635,078;2794
7636,078;10464
7637,078;90
7638,078;95
7639,078;91
7640,078;90
7641,078;2807
7642,078;10452
7643,078;83
7644,078;91
7645,078;106
7646,078;88
7647,078;2821
7648,078;10459
7649,078;82
7650,078;101
7651,078;78
7652,078;99
7653,078;2789
7654,078;10485
7655,078;92
7656,078;95
7657,078;79
7658,078;81
7659,078;2804
7660,078;10488
7661,078;88
7662,078;92
7663,078;94
7664,078;96
7665,078;2802
7666,078;10469
7667,078;108
7668,078;81
7669,078;105
7670,078;104
7671,078;2779
7672,078;10444
7673,078;85
7674,078;78
7675,078;95
7676,078;78
7677,078;2833
7678,289;10497
7679,289;87
7680,289;72
7681,289;89
7682,289;77
7683,289;2790
7684,289;10474
7685,289;84
7686,289;89
7687,289;93
7688,289;105
7689,289;2810
7690,289;10461
7691,289;79
7692,289;87
7693,289;93
7694,289;97
7695,289;2795
7696,289;10475
7697,289;78
7698,289;90
7699,289;98
7700,289;110
7701,289;2804
7702,289;10466
7703,289;103
7704,289;111
7705,289;82
7706,289;91
7707,289;2799
7708,289;10478
7709,289;86
7710,289;77
7711,289;98
7712,289;101
7713,289;2783
7714,289;10493
7715,289;76
7716,289;91
7717,289;92
7718,289;90
7719,289;2789
7720,289;10490
7721,289;85
7722,289;77
7723,289;91
7724,289;108
7725,289;2817
7726,289;10501
7727,289;81
7728,289;84
7729,289;99
7730,289;85
7731,289;2842
7732,289;10435
7733,289;80
7734,289;84
7735,289;87
7736,289;95
7737,289;2779
7738,289;10490
7739,289;77
7740,289;99
7741,289;88
7742,289;92
7743,289;2794
7744,289;10477
7745,289;85
7746,289;99
7747,289;96
7748,289;94
7749,289;2791
7750,289;10489
7751,289;88
7752,289;94
7753,289;91
7754,289;85
7755,289;2792
7756,289;10485
7757,289;71
7758,289;83
7759,289;90
7760,289;91
7761,289;2775
7762,289;10511
7763,289;83
7764,289;81
7765,289;96
7766,289;90
7767,289;2790
7768,289;10505
7769,289;78
7770,289;89
7771,289;94
7772,289;121
7773,289;2762
7774,289;10477
7775,289;61
7776,289;79
7777,289;80
7778,289;90
7779,89;2762
7780,89;10492
7781,89;71
7782,89;80
7783,89;96
7784,89;108
7785,89;2746
7786,89;10469
7787,89;78
7788,89;101
7789,89;101
7790,89;94
7791,89;2756
7792,89;10484
7793,89;62
7794,89;86
7795,89;89
7796,89;77
7797,89;2784
7798,89;10475
7799,89;85
7800,89;94
7801,89;80
7802,89;73
7803,89;2825
7804,89;10445
7805,89;80
7806,89;84
7807,89;79
7808,89;71
7809,89;2769
7810,89;10487
7811,89;79
7812,89;77
7813,89;89
7814,89;83
7815,89;2739
7816,89;10482
7817,89;77
7818,89;73
7819,89;98
7820,89;82
7821,89;2761
7822,89;10515
7823,89;77
7824,89;80
7825,89;94
7826,89;91
7827,89;2405
7828,89;10570
7829,89;77
7830,89;90
7831,89;85
7832,89;85
7833,89;2704
7834,89;10490
7835,89;68
7836,89;71
7837,89;87
7838,89;89
7839,89;2848
7840,89;10396
7841,89;69
7842,89;76
7843,89;79
7844,89;81
7845,89;2752
7846,89;10495
7847,89;89
7848,89;85
7849,89;82
7850,89;77
7851,89;2857
7852,89;10382
7853,89;94
7854,89;90
7855,89;76
7856,89;90
7857,89;2762
7858,89;10516
7859,89;82
7860,89;87
7861,89;82
7862,89;74
7863,89;2765
7864,89;10499
7865,89;93
7866,89;95
7867,89;79
7868,89;97
7869,89;2754
7870,89;10483
7871,89;92
7872,89;82
7873,89;89
7874,89;69
7875,89;2776
7876,89;10505
7877,89;81
7878,89;77
7879,89;91
7880,859;93
7881,859;2754
7882,859;10474
7883,859;79
7884,859;91
7885,859;87
7886,859;82
7887,859;2760
7888,859;10520
7889,859;76
7890,859;85
7891,859;83
7892,859;102
7893,859;2759
7894,859;10500
7895,859;69
7896,859;88
7897,859;84
7898,859;84
7899,859;2757
7900,859;10513
7901,859;74
7902,859;86
7903,859;96
7904,859;87
7905,859;2766
7906,859;10475
7907,859;79
7908,859;73
7909,859;93
7910,859;101
7911,859;2775
7912,859;10519
7913,859;82
7914,859;93
7915,859;91
7916,859;96
7917,859;2765
7918,859;10483
7919,859;91
7920,859;89
7921,859;85
7922,859;86
7923,859;2754
7924,859;10462
7925,859;95
7926,859;102
7927,859;97
7928,859;86
7929,859;2734
7930,859;10516
7931,859;90
7932,859;83
7933,859;91
7934,859;88
7935,859;2739
7936,859;10514
7937,859;71
7938,859;94
7939,859;90
7940,859;95
7941,859;2772
7942,859;10492
7943,859;73
7944,859;82
7945,859;84
7946,859;101
7947,859;2770
7948,859;10527
7949,859;81
7950,859;89
7951,859;93
7952,859;90
7953,859;2760
7954,859;10547
7955,859;70
7956,859;112
7957,859;103
7958,859;89
7959,859;2746
7960,859;10503
7961,859;71
7962,859;75
7963,859;85
7964,859;107
7965,859;2749
7966,859;10549
7967,859;89
7968,859;99
7969,859;82
7970,859;94
7971,859;2742
7972,859;10524
7973,859;80
7974,859;88
7975,859;105
7976,859;90
7977,859;2744
7978,859;10505
7979,859;94
7980,859;89
7981,859;94
7982,859;88
7983,859;2756
7984,859;10518
7985,859;71
7986,859;87
7987,859;107
7988,859;122
7989,859;2790
7990,859;10519
7991,859;105
7992,859;109
7993,859;95
7994,859;89
7995,859;2763
7996,859;10500
7997,859;83
7998,859;76
7999,859;93
8000,859;87
8001,859;2762
8002,859;10527
8003,859;77
8004,859;86
8005,859;85
8006,859;86
8007,859;2740
8008,859;10504
8009,859;83
8010,859;104
8011,859;92
8012,859;108
8013,859;2741
8014,859;10545
8015,859;94
8016,859;90
8017,859;91
8018,859;93
8019,859;2761
8020,859;10534
8021,859;102
8022,859;88
8023,859;96
8024,859;103
8025,859;2762
8026,859;10532
8027,859;81
8028,859;87
8029,859;105
8030,859;107
8031,859;2829
8032,859;10452
8033,859;79
8034,859;82
8035,859;82
8036,859;105
8037,859;2731
8038,859;10530
8039,859;82
8040,859;94
8041,859;93
8042,859;110
8043,859;2759
8044,859;10521
8045,859;75
8046,859;89
8047,859;99
8048,859;107
8049,859;2829
8050,859;10458
8051,859;94
8052,859;82
8053,859;88
8054,859;76
8055,859;2764
8056,859;10529
8057,859;76
8058,859;107
8059,859;97
8060,859;84
8061,859;2715
8062,859;10539
8063,859;82
8064,859;84
8065,859;100
8066,859;72
8067,859;2764
8068,859;10520
8069,859;94
8070,859;76
8071,859;98
8072,859;98
8073,859;2768
8074,859;10548
8075,859;71
8076,859;89
8077,859;98
8078,859;84
8079,859;2757
8080,859;10527
8081,859;93
8082,691;80
8083,691;100
8084,691;109
8085,691;2745
8086,691;10543
8087,691;101
8088,691;86
8089,691;85
8090,691;89
8091,691;2747
8092,691;10546
8093,691;80
8094,691;80
8095,691;95
8096,691;94
8097,691;2741
8098,691;10535
8099,691;71
8100,691;86
8101,691;97
8102,691;83
8103,691;2758
8104,691;10545
8105,691;66
8106,691;80
8107,691;89
8108,691;94
8109,691;2742
8110,691;10521
8111,691;83
8112,691;90
8113,691;101
8114,691;78
8115,691;2726
8116,691;10555
8117,691;86
8118,691;86
8119,691;103
8120,691;97
8121,691;2730
8122,691;10489
8123,691;71
8124,691;75
8125,691;69
8126,691;87
8127,691;2718
8128,691;10543
8129,691;96
8130,691;81
8131,691;85
8132,691;73
8133,691;2730
8134,691;10533
8135,691;80
8136,691;85
8137,691;93
8138,691;95
8139,691;2328
8140,691;10557
8141,691;83
8142,691;77
8143,691;89
8144,691;81
8145,691;2670
8146,691;10545
8147,691;71
8148,691;96
8149,691;82
8150,691;105
8151,691;2715
8152,691;10532
8153,691;82
8154,691;67
8155,691;81
8156,691;104
8157,691;2756
8158,691;10519
8159,691;92
8160,691;73
8161,691;87
8162,691;87
8163,691;2734
8164,691;10542
8165,691;81
8166,691;92
8167,691;85
8168,691;90
8169,691;2755
8170,691;10565
8171,691;79
8172,691;94
8173,691;97
8174,691;102
8175,691;2723
8176,691;10552
8177,691;84
8178,691;82
8179,691;101
8180,691;87
8181,691;2706
8182,691;10571
8183,4;70
8184,4;91
8185,4;103
8186,4;92
8187,4;2731
8188,4;10562
8189,4;71
8190,4;108
8191,4;103
8192,4;94
8193,4;2757
8194,4;10552
8195,4;102
8196,4;89
8197,4;103
8198,4;86
8199,4;2715
8200,4;10530
8201,4;83
8202,4;77
8203,4;103
8204,4;100
8205,4;2741
8206,4;10555
8207,4;91
8208,4;99
8209,4;96
8210,4;88
8211,4;2718
8212,4;10559
8213,4;80
8214,4;84
8215,4;89
8216,4;101
8217,4;2713
8218,4;10559
8219,4;88
8220,4;71
8221,4;95
8222,4;105
8223,4;2723
8224,4;10557
8225,4;72
8226,4;81
8227,4;84
8228,4;86
8229,4;2787
8230,4;10469
8231,4;86
8232,4;88
8233,4;87
8234,4;83
8235,4;2703
8236,4;10570
8237,4;86
8238,4;83
8239,4;85
8240,4;80
8241,4;2722
8242,4;10566
8243,4;89
8244,4;102
8245,4;96
8246,4;100
8247,4;2709
8248,4;10578
8249,4;89
8250,4;105
8251,4;101
8252,4;96
8253,4;2707
8254,4;10544
8255,4;91
8256,4;74
8257,4;98
8258,4;106
8259,4;2721
8260,4;10561
8261,4;96
8262,4;97
8263,4;84
8264,4;114
8265,4;2733
8266,4;10535
8267,4;90
8268,4;86
8269,4;103
8270,4;94
8271,4;2702
8272,4;10586
8273,4;72
8274,4;100
8275,4;103
8276,4;93
8277,4;2724
8278,4;10513
8279,4;91
8280,4;99
8281,4;84
8282,4;100
8283,4;2721
8284,701;10561
8285,701;81
8286,701;86
8287,701;94
8288,701;93
8289,701;2708
8290,701;10574
8291,701;106
8292,701;91
8293,701;85
8294,701;98
8295,701;2699
8296,701;10576
8297,701;81
8298,701;89
8299,701;99
8300,701;96
8301,701;2715
8302,701;10559
8303,701;98
8304,701;92
8305,701;79
8306,701;107
8307,701;2719
8308,701;10575
8309,701;81
8310,701;81
8311,701;101
8312,701;104
8313,701;2708
8314,701;10563
8315,701;80
8316,701;84
8317,701;100
8318,701;104
8319,701;2723
8320,701;10576
8321,701;85
8322,701;76
8323,701;91
8324,701;94
8325,701;2703
8326,701;10584
8327,701;95
8328,701;94
8329,701;93
8330,701;88
8331,701;2689
8332,701;10577
8333,701;82
8334,701;95
8335,701;89
8336,701;83
8337,701;2701
8338,701;10576
8339,701;81
8340,701;76
8341,701;82
8342,701;107
8343,701;2710
8344,701;10559
8345,701;79
8346,701;92
8347,701;99
8348,701;113
8349,701;2655
8350,701;10580
8351,701;83
8352,701;94
8353,701;104
8354,701;91
8355,701;2692
8356,701;10550
8357,701;79
8358,701;88
8359,701;78
8360,701;86
8361,701;2670
8362,701;10591
8363,701;78
8364,701;78
8365,701;97
8366,701;98
8367,701;2751
8368,701;10499
8369,701;86
8370,701;77
8371,701;90
8372,701;102
8373,701;2676
8374,701;10596
8375,701;84
8376,701;88
8377,701;92
8378,701;80
8379,701;2680
8380,701;10609
8381,701;96
8382,701;83
8383,701;91
8384,701;93
8385,82;2680
8386,82;10584
8387,82;77
8388,82;78
8389,82;99
8390,82;105
8391,82;2678
8392,82;10570
8393,82;83
8394,82;82
8395,82;83
8396,82;68
8397,82;2694
8398,82;10581
8399,82;76
8400,82;92
8401,82;100
8402,82;96
8403,82;2691
8404,82;10564
8405,82;87
8406,82;93
8407,82;91
8408,82;85
8409,82;2654
8410,82;10562
8411,82;77
8412,82;88
8413,82;90
8414,82;84
8415,82;2663
8416,82;10589
8417,82;90
8418,82;82
8419,82;72
8420,82;88
8421,82;2672
8422,82;10589
8423,82;77
8424,82;74
8425,82;83
8426,82;83
8427,82;2767
8428,82;10484
8429,82;82
8430,82;78
8431,82;69
8432,82;81
8433,82;2636
8434,82;10584
8435,82;62
8436,82;81
8437,82;79
8438,82;74
8439,82;2665
8440,82;10606
8441,82;69
8442,82;74
8443,82;92
8444,82;72
8445,82;2682
8446,82;10582
8447,82;82
8448,82;79
8449,82;77
8450,82;76
8451,82;2295
8452,82;10637
8453,82;77
8454,82;72
8455,82;79
8456,82;77
8457,82;2614
8458,82;10586
8459,82;70
8460,82;88
8461,82;91
8462,82;88
8463,82;2674
8464,82;10577
8465,82;80
8466,82;78
8467,82;84
8468,82;83
8469,82;2668
8470,82;10617
8471,82;98
8472,82;96
8473,82;87
8474,82;77
8475,82;2673
8476,82;10597
8477,82;71
8478,82;105
8479,82;76
8480,82;75
8481,82;2649
8482,82;10583
8483,82;83
8484,82;91
8485,82;84
8486,82;77
8487,82;2678
8488,82;10586
8489,82;70
8490,82;79
8491,82;84
8492,82;104
8493,82;2643
8494,82;10600
8495,82;99
8496,82;78
8497,82;82
8498,82;89
8499,82;2615
8500,82;10604
8501,82;89
8502,82;79
8503,82;93
8504,82;71
8505,82;2666
8506,82;10604
8507,82;81
8508,82;73
8509,82;79
8510,82;99
8511,82;2657
8512,82;10575
8513,82;78
8514,82;86
8515,82;102
8516,82;88
8517,82;2677
8518,82;10583
8519,82;67
8520,82;75
8521,82;88
8522,82;95
8523,82;2678
8524,82;10597
8525,82;83
8526,82;82
8527,82;97
8528,82;85
8529,82;2641
8530,82;10611
8531,82;79
8532,82;76
8533,82;92
8534,82;76
8535,82;2643
8536,82;10624
8537,82;70
8538,82;75
8539,82;91
8540,82;84
8541,82;2644
8542,82;10610
8543,82;83
8544,82;86
8545,82;95
8546,82;101
8547,82;2663
8548,82;10614
8549,82;82
8550,82;83
8551,82;90
8552,82;100
8553,82;2652
8554,82;10576
8555,82;78
8556,82;103
8557,82;82
8558,82;81
8559,82;2650
8560,82;10608
8561,82;92
8562,82;89
8563,82;93
8564,82;103
8565,82;2664
8566,82;10626
8567,82;74
8568,82;79
8569,82;114
8570,82;96
8571,82;2654
8572,82;10636
8573,82;91
8574,82;88
8575,82;100
8576,82;86
8577,82;2648
8578,82;10642
8579,82;74
8580,82;88
8581,82;87
8582,82;110
8583,82;2675
8584,82;10579
8585,82;77
8586,82;90
8587,568;93
8588,568;109
8589,568;2630
8590,568;10625
8591,568;81
8592,568;92
8593,568;98
8594,568;91
8595,568;2662
8596,568;10638
8597,568;87
8598,568;84
8599,568;77
8600,568;102
8601,568;2647
8602,568;10614
8603,568;92
8604,568;69
8605,568;96
8606,568;91
8607,568;2640
8608,568;10610
8609,568;86
8610,568;80
8611,568;91
8612,568;91
8613,568;2633
8614,568;10584
8615,568;86
8616,568;104
8617,568;106
8618,568;93
8619,568;2748
8620,568;10490
8621,568;91
8622,568;88
8623,568;71
8624,568;105
8625,568;2624
8626,568;10615
8627,568;106
8628,568;84
8629,568;80
8630,568;108
8631,568;2655
8632,568;10579
8633,568;84
8634,568;105
8635,568;83
8636,568;111
8637,568;2631
8638,568;10591
8639,568;86
8640,568;111
8641,568;82
8642,568;91
8643,568;2668
8644,568;10662
8645,568;76
8646,568;97
8647,568;98
8648,568;92
8649,568;2643
8650,568;10610
8651,568;82
8652,568;103
8653,568;99
8654,568;102
8655,568;2637
8656,568;10624
8657,568;75
8658,568;87
8659,568;108
8660,568;98
8661,568;2633
8662,568;10616
8663,568;90
8664,568;92
8665,568;106
8666,568;98
8667,568;2654
8668,568;10635
8669,568;91
8670,568;92
8671,568;92
8672,568;97
8673,568;2635
8674,568;10611
8675,568;78
8676,568;87
8677,568;93
8678,568;77
8679,568;2636
8680,568;10619
8681,568;68
8682,568;87
8683,568;96
8684,568;88
8685,568;2661
8686,568;10627
8687,568;94
8687,881;90
8688,881;95
8689,881;102
8690,881;2648
8691,881;10646
8692,881;81
8693,881;93
8694,881;104
8695,881;99
8696,881;2657
8697,881;10630
8698,881;79
8699,881;89
8700,881;109
8701,881;90
8702,881;2673
8703,881;10613
8704,881;100
8705,881;74
8706,881;70
8707,881;107
8708,881;2653
8709,881;10596
8710,881;76
8711,881;87
8712,881;83
8713,881;92
8714,881;2656
8715,881;10643
8716,881;86
8717,881;113
8718,881;103
8719,881;103
8720,881;2642
8721,881;10648
8722,881;100
8723,881;87
8724,881;92
8725,881;110
8726,881;2657
8727,881;10637
8728,881;80
8729,881;91
8730,881;89
8731,881;111
8732,881;2645
8733,881;10669
8734,881;81
8735,881;80
8736,881;86
8737,881;106
8738,881;2643
8739,881;10629
8740,881;79
8741,881;98
8742,881;87
8743,881;78
8744,881;2654
8745,881;10627
8746,881;85
8747,881;91
8748,881;95
8749,881;112
8750,881;2630
8751,881;10661
8752,881;85
8753,881;71
8754,881;88
8755,881;90
8756,881;2639
8757,881;10638
8758,881;85
8759,881;72
8760,881;77
8761,881;87
8762,881;2266
8763,881;10659
8764,881;90
8765,881;76
8766,881;79
8767,881;80
8768,881;2587
8769,881;10648
8770,881;85
8771,881;79
8772,881;85
8773,881;91
8774,881;2634
8775,881;10660
8776,881;90
8777,881;78
8778,881;82
8779,881;96
8780,881;2647
8781,881;10653
8782,881;75
8783,881;88
8784,881;88
8785,881;89
8786,881;2637
8787,881;10649
8789,398;77
8790,398;80
8791,398;101
8792,398;86
8793,398;2634
8794,398;10647
8795,398;90
8796,398;97
8797,398;98
8798,398;109
8799,398;2647
8800,398;10647
8801,398;87
8802,398;76
8803,398;113
8804,398;73
8805,398;2624
8806,398;10627
8807,398;93
8808,398;82
8809,398;87
8810,398;84
8811,398;2615
8812,398;10621
8813,398;99
8814,398;98
8815,398;102
8816,398;102
8817,398;2635
8818,398;10657
8819,398;88
8820,398;89
8821,398;99
8822,398;98
8823,398;2659
8824,398;10671
8825,398;86
8826,398;84
8827,398;95
8828,398;95
8829,398;2625
8830,398;10638
8831,398;81
8832,398;91
8833,398;81
8834,398;111
8835,398;2629
8836,398;10651
8837,398;98
8838,398;104
8839,398;80
8840,398;113
8841,398;2593
8842,398;10633
8843,398;85
8844,398;84
8845,398;98
8846,398;95
8847,398;2620
8848,398;10643
8849,398;89
8850,398;106
8851,398;90
8852,398;112
8853,398;2620
8854,398;10643
8855,398;94
8856,398;91
8857,398;70
8858,398;88
8859,398;2610
8860,398;10658
8861,398;92
8862,398;106
8863,398;91
8864,398;98
8865,398;2624
8866,398;10644
8867,398;82
8868,398;100
8869,398;96
8870,398;96
8871,398;2610
8872,398;10630
8873,398;79
8874,398;96
8875,398;81
8876,398;122
8877,398;2607
8878,398;10678
8879,398;68
8880,398;89
8881,398;109
8882,398;100
8883,398;2695
8884,398;10572
8885,398;78
8886,398;75
8887,398;92
8888,398;112
8889,398;2609
8890,431;10663
8891,431;81
8892,431;95
8893,431;97
8894,431;104
8895,431;2608
8896,431;10666
8897,431;98
8898,431;104
8899,431;90
8900,431;82
8901,431;2584
8902,431;10655
8903,431;94
8904,431;90
8905,431;82
8906,431;81
8907,431;2625
8908,431;10675
8909,431;83
8910,431;68
8911,431;87
8912,431;97
8913,431;2625
8914,431;10643
8915,431;81
8916,431;96
8917,431;86
8918,431;95
8919,431;2597
8920,431;10664
8921,431;97
8922,431;91
8923,431;83
8924,431;100
8925,431;2589
8926,431;10662
8927,431;79
8928,431;86
8929,431;74
8930,431;111
8931,431;2613
8932,431;10693
8933,431;95
8934,431;90
8935,431;82
8936,431;79
8937,431;2599
8938,431;10672
8939,431;79
8940,431;84
8941,431;94
8942,431;82
8943,431;2618
8944,431;10669
8945,431;79
8946,431;89
8947,431;81
8948,431;96
8949,431;2590
8950,431;10677
8951,431;89
8952,431;84
8953,431;90
8954,431;84
8955,431;2600
8956,431;10643
8957,431;75
8958,431;74
8959,431;83
8960,431;111
8961,431;2598
8962,431;10677
8963,431;78
8964,431;92
8965,431;87
8966,431;90
8967,431;2587
8968,431;10678
8969,431;74
8970,431;81
8971,431;81
8972,431;81
8973,431;2592
8974,431;10681
8975,431;84
8976,431;99
8977,431;94
8978,431;79
8979,431;2590
8980,431;10663
8981,431;82
8982,431;71
8983,431;88
8984,431;75
8985,431;2581
8986,431;10683
8987,431;87
8988,431;86
8989,431;89
8990,431;106
8991,431;2655
8992,431;10558
8993,431;76
8994,431;82
8995,431;92
8996,431;98
8997,431;2583
8998,431;10677
8999,431;75
9000,431;108
9001,431;92
9002,431;91
9003,431;2596
9004,431;10674
9005,431;76
9006,431;83
9007,431;106
9008,431;83
9009,431;2596
9010,431;10660
9011,431;59
9012,431;96
9013,431;86
9014,431;93
9015,431;2585
9016,431;10651
9017,431;74
9018,431;107
9019,431;101
9020,431;100
9021,431;2569
9022,431;10683
9023,431;78
9024,431;85
9025,431;88
9026,431;89
9027,431;2602
9028,431;10691
9029,431;75
9030,431;79
9031,431;95
9032,431;98
9033,431;2582
9034,431;10687
9035,431;79
9036,431;85
9037,431;74
9038,431;85
9039,431;2551
9040,431;10696
9041,431;78
9042,431;74
9043,431;83
9044,431;85
9045,431;2570
9046,431;10697
9047,431;64
9048,431;100
9049,431;63
9050,431;71
9051,431;2568
9052,431;10665
9053,431;59
9054,431;88
9055,431;92
9056,431;81
9057,431;2553
9058,431;10672
9059,431;76
9060,431;56
9061,431;83
9062,431;92
9063,431;2555
9064,431;10671
9065,431;70
9066,431;86
9067,431;56
9068,431;94
9069,431;2562
9070,431;10680
9071,431;73
9072,431;74
9073,431;86
9074,431;91
9075,431;2210
9076,431;10720
9077,431;77
9078,431;69
9079,431;93
9080,431;89
9081,431;2491
9082,431;10704
9083,431;67
9084,431;66
9085,431;81
9086,431;96
9087,431;2566
9088,431;10662
9089,431;73
9090,431;100
9091,431;98
9092,369;84
9093,369;2553
9094,369;10681
9095,369;86
9096,369;85
9097,369;79
9098,369;75
9099,369;2549
9100,369;10668
9101,369;88
9102,369;85
9103,369;73
9104,369;84
9105,369;2545
9106,369;10667
9107,369;85
9108,369;75
9109,369;82
9110,369;82
9111,369;2548
9112,369;10693
9113,369;98
9114,369;94
9115,369;94
9116,369;90
9117,369;2552
9118,369;10705
9119,369;71
9120,369;96
9121,369;80
9122,369;90
9123,369;2572
9124,369;10690
9125,369;79
9126,369;83
9127,369;77
9128,369;103
9129,369;2553
9130,369;10670
9131,369;87
9132,369;96
9133,369;96
9134,369;73
9135,369;2650
9136,369;10568
9137,369;59
9138,369;95
9139,369;85
9140,369;98
9141,369;2560
9142,369;10722
9143,369;79
9144,369;98
9145,369;88
9146,369;85
9147,369;2605
9148,369;10677
9149,369;90
9150,369;93
9151,369;82
9152,369;109
9153,369;2563
9154,369;10694
9155,369;108
9156,369;91
9157,369;87
9158,369;101
9159,369;2560
9160,369;10699
9161,369;81
9162,369;82
9163,369;85
9164,369;90
9165,369;2544
9166,369;10680
9167,369;78
9168,369;74
9169,369;108
9170,369;83
9171,369;2562
9172,369;10682
9173,369;79
9174,369;88
9175,369;81
9176,369;95
9177,369;2557
9178,369;10672
9179,369;80
9180,369;93
9181,369;107
9182,369;102
9183,369;2582
9184,369;10714
9185,369;91
9186,369;102
9187,369;98
9188,369;80
9189,369;2573
9190,369;10711
9191,369;81
9192,369;98
9193,682;97
9194,682;89
9195,682;2555
9196,682;10714
9197,682;82
9198,682;84
9199,682;88
9200,682;98
9201,682;2566
9202,682;10738
9203,682;78
9204,682;99
9205,682;92
9206,682;85
9207,682;2579
9208,682;10698
9209,682;76
9210,682;73
9211,682;107
9212,682;89
9213,682;2580
9214,682;10686
9215,682;75
9216,682;86
9217,682;68
9218,682;115
9219,682;2557
9220,682;10718
9221,682;87
9222,682;93
9223,682;86
9224,682;103
9225,682;2564
9226,682;10709
9227,682;86
9228,682;87
9229,682;93
9230,682;88
9231,682;2543
9232,682;10721
9233,682;98
9234,682;79
9235,682;95
9236,682;80
9237,682;2554
9238,682;10710
9239,682;74
9240,682;69
9241,682;74
9242,682;106
9243,682;2565
9244,682;10715
9245,682;96
9246,682;86
9247,682;101
9248,682;81
9249,682;2551
9250,682;10742
9251,682;84
9252,682;81
9253,682;92
9254,682;113
9255,682;2550
9256,682;10742
9257,682;87
9258,682;98
9259,682;84
9260,682;102
9261,682;2540
9262,682;10743
9263,682;85
9264,682;74
9265,682;83
9266,682;94
9267,682;2570
9268,682;10726
9269,682;103
9270,682;101
9271,682;90
9272,682;86
9273,682;2535
9274,682;10716
9275,682;101
9276,682;83
9277,682;100
9278,682;94
9279,682;2533
9280,682;10755
9281,682;79
9282,682;92
9283,682;86
9284,682;93
9285,682;2555
9286,682;10726
9287,682;101
9288,682;76
9289,682;89
9290,682;98
9291,682;2527
9292,682;10735
9293,682;90
9294,697;94
9295,697;71
9296,697;97
9297,697;2551
9298,697;10694
9299,697;80
9300,697;84
9301,697;79
9302,697;89
9303,697;2548
9304,697;10711
9305,697;97
9306,697;82
9307,697;108
9308,697;100
9309,697;2548
9310,697;10722
9311,697;96
9312,697;79
9313,697;91
9314,697;87
9315,697;2578
9316,697;10739
9317,697;98
9318,697;100
9319,697;94
9320,697;99
9321,697;2524
9322,697;10731
9323,697;95
9324,697;88
9325,697;93
9326,697;94
9327,697;2567
9328,697;10731
9329,697;91
9330,697;86
9331,697;99
9332,697;92
9333,697;2535
9334,697;10717
9335,697;102
9336,697;68
9337,697;103
9338,697;97
9339,697;2532
9340,697;10766
9341,697;87
9342,697;88
9343,697;112
9344,697;97
9345,697;2567
9346,697;10738
9347,697;79
9348,697;100
9349,697;101
9350,697;88
9351,697;2591
9352,697;10699
9353,697;82
9354,697;88
9355,697;92
9356,697;74
9357,697;2528
9358,697;10739
9359,697;88
9360,697;78
9361,697;91
9362,697;88
9363,697;2576
9364,697;10728
9365,697;83
9366,697;98
9367,697;81
9368,697;84
9369,697;2558
9370,697;10730
9371,697;87
9372,697;85
9373,697;97
9374,697;85
9375,697;2520
9376,697;10760
9377,697;80
9378,697;83
9379,697;84
9380,697;89
9381,697;2552
9382,697;10743
9383,697;88
9384,697;77
9385,697;68
9386,697;96
9387,697;2166
9388,697;10739
9389,697;75
9390,697;97
9391,697;73
9392,697;93
9393,697;2472
9394,697;10739
9395,7;91
9396,7;95
9397,7;96
9398,7;100
9399,7;2561
9400,7;10684
9401,7;100
9402,7;84
9403,7;99
9404,7;82
9405,7;2655
9406,7;10598
9407,7;81
9408,7;98
9409,7;97
9410,7;97
9411,7;2543
9412,7;10735
9413,7;80
9414,7;94
9415,7;83
9416,7;92
9417,7;2548
9418,7;10723
9419,7;103
9420,7;104
9421,7;85
9422,7;117
9423,7;2559
9424,7;10745
9425,7;79
9426,7;89
9427,7;79
9428,7;94
9429,7;2549
9430,7;10766
9431,7;96
9432,7;70
9433,7;89
9434,7;98
9435,7;2526
9436,7;10745
9437,7;75
9438,7;110
9439,7;100
9440,7;105
9441,7;2541
9442,7;10750
9443,7;103
9444,7;103
9445,7;85
9446,7;99
9447,7;2530
9448,7;10741
9449,7;65
9450,7;93
9451,7;81
9452,7;95
9453,7;2521
9454,7;10740
9455,7;77
9456,7;110
9457,7;98
9458,7;102
9459,7;2506
9460,7;10783
9461,7;78
9462,7;100
9463,7;83
9464,7;104
9465,7;2531
9466,7;10729
9467,7;92
9468,7;92
9469,7;106
9470,7;94
9471,7;2552
9472,7;10746
9473,7;93
9474,7;94
9475,7;83
9476,7;79
9477,7;2533
9478,7;10746
9479,7;87
9480,7;85
9481,7;89
9482,7;91
9483,7;2537
9484,7;10783
9485,7;83
9486,7;72
9487,7;95
9488,7;81
9489,7;2518
9490,7;10763
9491,7;82
9492,7;106
9493,7;89
9494,7;88
9495,7;2497
9496,7;10771
9497,7;92
9498,7;113
9499,7;104
9500,7;90
9501,7;2525
9502,7;10792
9503,7;81
9504,7;87
9505,7;103
9506,7;73
9507,7;2539
9508,7;10771
9509,7;87
9510,7;97
9511,7;83
9512,7;106
9513,7;2497
9514,7;10755
9515,7;89
9516,7;87
9517,7;98
9518,7;80
9519,7;2516
9520,7;10772
9521,7;85
9522,7;92
9523,7;95
9524,7;113
9525,7;2520
9526,7;10771
9527,7;100
9528,7;86
9529,7;72
9530,7;103
9531,7;2486
9532,7;10755
9533,7;91
9534,7;104
9535,7;92
9536,7;89
9537,7;2497
9538,7;10754
9539,7;67
9540,7;81
9541,7;81
9542,7;99
9543,7;2530
9544,7;10729
9545,7;72
9546,7;94
9547,7;75
9548,7;80
9549,7;2524
9550,7;10727
9551,7;80
9552,7;76
9553,7;102
9554,7;105
9555,7;2497
9556,7;10777
9557,7;80
9558,7;79
9559,7;107
9560,7;102
9561,7;2506
9562,7;10772
9563,7;79
9564,7;93
9565,7;82
9566,7;76
9567,7;2525
9568,7;10779
9569,7;82
9570,7;80
9571,7;87
9572,7;98
9573,7;2584
9574,7;10694
9575,7;78
9576,7;95
9577,7;99
9578,7;88
9579,7;2484
9580,7;10789
9581,7;82
9582,7;109
9583,7;93
9584,7;97
9585,7;2494
9586,7;10767
9587,7;102
9588,7;102
9589,7;86
9590,7;90
9591,7;2539
9592,7;10712
9593,7;79
9594,7;93
9595,7;95
9596,7;92
9596,968;2491
9597,968;10755
9598,968;85
9599,968;81
9600,968;96
9601,968;104
9602,968;2503
9603,968;10761
9604,968;78
9605,968;94
9606,968;95
9607,968;91
9608,968;2472
9609,968;10775
9610,968;91
9611,968;92
9612,968;75
9613,968;90
9614,968;2475
9615,968;10790
9616,968;71
9617,968;71
9618,968;77
9619,968;83
9620,968;2482
9621,968;10765
9622,968;94
9623,968;68
9624,968;86
9625,968;94
9626,968;2473
9627,968;10768
9628,968;98
9629,968;78
9630,968;91
9631,968;104
9632,968;2479
9633,968;10772
9634,968;65
9635,968;84
9636,968;99
9637,968;101
9638,968;2474
9639,968;10783
9640,968;61
9641,968;77
9642,968;75
9643,968;100
9644,968;2481
9645,968;10761
9646,968;64
9647,968;86
9648,968;79
9649,968;75
9650,968;2449
9651,968;10787
9652,968;78
9653,968;101
9654,968;83
9655,968;90
9656,968;2466
9657,968;10776
9658,968;63
9659,968;76
9660,968;89
9661,968;72
9662,968;2483
9663,968;10768
9664,968;82
9665,968;67
9666,968;83
9667,968;92
9668,968;2601
9669,968;10673
9670,968;66
9671,968;87
9672,968;77
9673,968;70
9674,968;2485
9675,968;10745
9676,968;76
9677,968;78
9678,968;101
9679,968;83
9680,968;2460
9681,968;10768
9682,968;78
9683,968;72
9684,968;68
9685,968;66
9686,968;2467
9687,968;10795
9688,968;68
9689,968;64
9690,968;90
9691,968;80
9692,968;2445
9693,968;10790
9694,968;76
9695,968;79
9696,968;75
9698,133;68
9699,133;2093
9700,133;10837
9701,133;66
9702,133;82
9703,133;61
9704,133;89
9705,133;2415
9706,133;10799
9707,133;79
9708,133;91
9709,133;83
9710,133;88
9711,133;2439
9712,133;10775
9713,133;87
9714,133;77
9715,133;68
9716,133;93
9717,133;2456
9718,133;10793
9719,133;79
9720,133;78
9721,133;96
9722,133;84
9723,133;2457
9724,133;10817
9725,133;66
9726,133;79
9727,133;75
9728,133;101
9729,133;2464
9730,133;10798
9731,133;70
9732,133;90
9733,133;86
9734,133;93
9735,133;2462
9736,133;10805
9737,133;78
9738,133;77
9739,133;98
9740,133;70
9741,133;2479
9742,133;10795
9743,133;88
9744,133;82
9745,133;82
9746,133;85
9747,133;2446
9748,133;10763
9749,133;78
9750,133;80
9751,133;101
9752,133;89
9753,133;2446
9754,133;10769
9755,133;86
9756,133;82
9757,133;92
9758,133;84
9759,133;2462
9760,133;10805
9761,133;67
9762,133;90
9763,133;76
9764,133;100
9765,133;2474
9766,133;10818
9767,133;78
9768,133;88
9769,133;116
9770,133;98
9771,133;2471
9772,133;10833
9773,133;98
9774,133;75
9775,133;89
9776,133;94
9777,133;2469
9778,133;10797
9779,133;68
9780,133;84
9781,133;90
9782,133;94
9783,133;2477
9784,133;10759
9785,133;82
9786,133;68
9787,133;82
9788,133;78
9789,133;2452
9790,133;10814
9791,133;87
9792,133;91
9793,133;89
9794,133;86
9795,133;2529
9796,133;10766
9797,133;78
9798,133;84
9799,447;83
9800,447;92
9801,447;2437
9802,447;10787
9803,447;88
9804,447;89
9805,447;87
9806,447;79
9807,447;2468
9808,447;10816
9809,447;94
9810,447;74
9811,447;108
9812,447;107
9813,447;2425
9814,447;10814
9815,447;82
9816,447;90
9817,447;86
9818,447;111
9819,447;2449
9820,447;10815
9821,447;85
9822,447;89
9823,447;102
9824,447;88
9825,447;2452
9826,447;10805
9827,447;81
9828,447;90
9829,447;90
9830,447;75
9831,447;2438
9832,447;10813
9833,447;81
9834,447;72
9835,447;90
9836,447;92
9837,447;2460
9838,447;10835
9839,447;79
9840,447;87
9841,447;84
9842,447;86
9843,447;2544
9844,447;10748
9845,447;95
9846,447;93
9847,447;101
9848,447;86
9849,447;2463
9850,447;10799
9851,447;81
9852,447;91
9853,447;84
9854,447;96
9855,447;2450
9856,447;10840
9857,447;93
9858,447;98
9859,447;87
9860,447;93
9861,447;2467
9862,447;10823
9863,447;97
9864,447;94
9865,447;84
9866,447;80
9867,447;2443
9868,447;10825
9869,447;73
9870,447;109
9871,447;99
9872,447;97
9873,447;2458
9874,447;10784
9875,447;86
9876,447;89
9877,447;95
9878,447;93
9879,447;2427
9880,447;10799
9881,447;101
9882,447;88
9883,447;114
9884,447;90
9885,447;2442
9886,447;10828
9887,447;108
9888,447;97
9889,447;89
9890,447;109
9891,447;2437
9892,447;10817
9893,447;71
9894,447;90
9895,447;80
9896,447;99
9897,447;2458
9898,447;10829
9899,447;84
9899,88;92
9900,88;95
9901,88;89
9902,88;2440
9903,88;10860
9904,88;83
9905,88;97
9906,88;102
9907,88;105
9908,88;2478
9909,88;10820
9910,88;86
9911,88;85
9912,88;87
9913,88;98
9914,88;2449
9915,88;10846
9916,88;106
9917,88;81
9918,88;96
9919,88;122
9920,88;2463
9921,88;10826
9922,88;83
9923,88;90
9924,88;94
9925,88;102
9926,88;2446
9927,88;10820
9928,88;85
9929,88;97
9930,88;100
9931,88;103
9932,88;2455
9933,88;10838
9934,88;101
9935,88;93
9936,88;96
9937,88;102
9938,88;2422
9939,88;10824
9940,88;91
9941,88;82
9942,88;88
9943,88;101
9944,88;2447
9945,88;10832
9946,88;92
9947,88;101
9948,88;93
9949,88;107
9950,88;2433
9951,88;10856
9952,88;84
9953,88;100
9954,88;89
9955,88;84
9956,88;2446
9957,88;10814
9958,88;89
9959,88;96
9960,88;94
9961,88;95
9962,88;2439
9963,88;10832
9964,88;90
9965,88;84
9966,88;95
9967,88;95
9968,88;2450
9969,88;10848
9970,88;85
9971,88;97
9972,88;78
9973,88;90
9974,88;2421
9975,88;10834
9976,88;77
9977,88;78
9978,88;102
9979,88;96
9980,88;2430
9981,88;10843
9982,88;87
9983,88;110
9984,88;111
9985,88;99
9986,88;2563
9987,88;10698
9988,88;74
9989,88;83
9990,88;79
9991,88;89
9992,88;2427
9993,88;10838
9994,88;86
9995,88;79
9996,88;82
9997,88;109
9998,88;2407
9999,88;10851
10000,831;92
10001,831;86
10002,831;79
10003,831;104
10004,831;2432
10005,831;10805
10006,831;81
10007,831;96
10008,831;85
10009,831;84
10010,831;2047
10011,831;10866
10012,831;75
10013,831;83
10014,831;101
10015,831;100
10016,831;2372
10017,831;10833
10018,831;76
10019,831;97
10020,831;87
10021,831;88
10022,831;2443
10023,831;10834
10024,831;102
10025,831;94
10026,831;99
10027,831;91
10028,831;2448
10029,831;10821
10030,831;94
10031,831;84
10032,831;99
10033,831;90
10034,831;2428
10035,831;10844
10036,831;89
10037,831;97
10038,831;85
10039,831;94
10040,831;2467
10041,831;10820
10042,831;94
10043,831;99
10044,831;96
10045,831;94
10046,831;2437
10047,831;10857
10048,831;98
10049,831;85
10050,831;104
10051,831;111
10052,831;2444
10053,831;10827
10054,831;72
10055,831;86
10056,831;96
10057,831;100
10058,831;2431
10059,831;10838
10060,831;91
10061,831;108
10062,831;110
10063,831;98
10064,831;2436
10065,831;10849
10066,831;96
10067,831;81
10068,831;72
10069,831;91
10070,831;2454
10071,831;10853
10072,831;81
10073,831;98
10074,831;89
10075,831;80
10076,831;2472
10077,831;10805
10078,831;85
10079,831;88
10080,831;103
10081,831;95
10082,831;2440
10083,831;10807
10084,831;59
10085,831;80
10086,831;87
10087,831;106
10088,831;2427
10089,831;10827
10090,831;73
10091,831;98
10092,831;89
10093,831;87
10094,831;2417
10095,831;10852
10096,831;84
10097,831;95
10098,831;94
10099,831;91
10100,831;2447
10101,831;10848
10102,831;78
10103,831;95
10104,831;86
10105,831;100
10106,831;2414
10107,831;10840
10108,831;88
10109,831;91
10110,831;87
10111,831;94
10112,831;2402
10113,831;10860
10114,831;98
10115,831;104
10116,831;93
10117,831;89
10118,831;2387
10119,831;10846
10120,831;104
10121,831;88
10122,831;89
10123,831;102
10124,831;2409
10125,831;10845
10126,831;89
10127,831;85
10128,831;84
10129,831;97
10130,831;2492
10131,831;10793
10132,831;104
10133,831;99
10134,831;103
10135,831;103
10136,831;2503
10137,831;10751
10138,831;82
10139,831;96
10140,831;93
10141,831;122
10142,831;2413
10143,831;10821
10144,831;81
10145,831;99
10146,831;95
10147,831;94
10148,831;2406
10149,831;10878
10150,831;73
10151,831;79
10152,831;108
10153,831;109
10154,831;2424
10155,831;10827
10156,831;80
10157,831;80
10158,831;95
10159,831;95
10160,831;2387
10161,831;10849
10162,831;79
10163,831;92
10164,831;89
10165,831;83
10166,831;2400
10167,831;10881
10168,831;91
10169,831;73
10170,831;88
10171,831;78
10172,831;2411
10173,831;10886
10174,831;84
10175,831;84
10176,831;95
10177,831;82
10178,831;2368
10179,831;10855
10180,831;100
10181,831;81
10182,831;88
10183,831;102
10184,831;2435
10185,831;10873
10186,831;84
10187,831;79
10188,831;83
10189,831;103
10190,831;2397
10191,831;10857
10192,831;74
10193,831;99
10194,831;80
10195,831;99
10196,831;2377
10197,831;10872
10198,831;77
10199,831;80
10200,831;91
10201,831;105
10203,227;2413
10204,227;10879
10205,227;98
10206,227;78
10207,227;99
10208,227;94
10209,227;2399
10210,227;10880
10211,227;87
10212,227;71
10213,227;93
10214,227;92
10215,227;2398
10216,227;10883
10217,227;83
10218,227;82
10219,227;100
10220,227;74
10221,227;2378
10222,227;10903
10223,227;76
10224,227;67
10225,227;95
10226,227;83
10227,227;2381
10228,227;10855
10229,227;74
10230,227;91
10231,227;80
10232,227;84
10233,227;2393
10234,227;10861
10235,227;70
10236,227;90
10237,227;97
10238,227;99
10239,227;2356
10240,227;10896
10241,227;95
10242,227;90
10243,227;83
10244,227;82
10245,227;2430
10246,227;10858
10247,227;73
10248,227;105
10249,227;86
10250,227;98
10251,227;2379
10252,227;10896
10253,227;88
10254,227;83
10255,227;78
10256,227;91
10257,227;2345
10258,227;10875
10259,227;77
10260,227;66
10261,227;89
10262,227;77
10263,227;2370
10264,227;10879
10265,227;80
10266,227;88
10267,227;77
10268,227;82
10269,227;2377
10270,227;10885
10271,227;73
10272,227;87
10273,227;69
10274,227;84
10275,227;2363
10276,227;10907
10277,227;76
10278,227;77
10279,227;89
10280,227;100
10281,227;2467
10282,227;10791
10283,227;76
10284,227;77
10285,227;77
10286,227;72
10287,227;2383
10288,227;10859
10289,227;79
10290,227;67
10291,227;95
10292,227;92
10293,227;2437
10294,227;10799
10295,227;79
10296,227;73
10297,227;87
10298,227;66
10299,227;2372
10300,227;10890
10301,227;75
10302,227;81
10303,227;74
10303,649;108
10304,649;2362
10305,649;10906
10306,649;79
10307,649;78
10308,649;69
10309,649;86
10310,649;2355
10311,649;10883
10312,649;87
10313,649;81
10314,649;67
10315,649;79
10316,649;2350
10317,649;10887
10318,649;53
10319,649;84
10320,649;80
10321,649;89
10322,649;1998
10323,649;10931
10324,649;86
10325,649;82
10326,649;66
10327,649;79
10328,649;2264
10329,649;10897
10330,649;80
10331,649;90
10332,649;76
10333,649;86
10334,649;2351
10335,649;10871
10336,649;88
10337,649;79
10338,649;85
10339,649;82
10340,649;2411
10341,649;10829
10342,649;85
10343,649;82
10344,649;95
10345,649;78
10346,649;2442
10347,649;10810
10348,649;75
10349,649;76
10350,649;73
10351,649;77
10352,649;2356
10353,649;10875
10354,649;74
10355,649;99
10356,649;101
10357,649;77
10358,649;2334
10359,649;10873
10360,649;80
10361,649;92
10362,649;82
10363,649;94
10364,649;2350
10365,649;10928
10366,649;98
10367,649;86
10368,649;77
10369,649;88
10370,649;2333
10371,649;10897
10372,649;80
10373,649;75
10374,649;85
10375,649;76
10376,649;2343
10377,649;10885
10378,649;69
10379,649;72
10380,649;80
10381,649;92
10382,649;2502
10383,649;10807
10384,649;81
10385,649;103
10386,649;89
10387,649;80
10388,649;2427
10389,649;10820
10390,649;89
10391,649;97
10392,649;93
10393,649;91
10394,649;2379
10395,649;10896
10396,649;80
10397,649;89
10398,649;85
10399,649;81
10400,649;2365
10401,649;10888
10402,649;86
10403,649;82
10404,851;70
10405,851;76
10406,851;2384
10407,851;10885
10408,851;101
10409,851;89
10410,851;97
10411,851;108
10412,851;2352
10413,851;10926
10414,851;92
10415,851;92
10416,851;88
10417,851;113
10418,851;2338
10419,851;10917
10420,851;83
10421,851;84
10422,851;93
10423,851;86
10424,851;2363
10425,851;10895
10426,851;77
10427,851;79
10428,851;73
10429,851;93
10430,851;2372
10431,851;10861
10432,851;82
10433,851;90
10434,851;109
10435,851;93
10436,851;2337
10437,851;10891
10438,851;80
10439,851;118
10440,851;67
10441,851;88
10442,851;2371
10443,851;10890
10444,851;88
10445,851;108
10446,851;84
10447,851;85
10448,851;2360
10449,851;10900
10450,851;91
10451,851;76
10452,851;89
10453,851;78
10454,851;2323
10455,851;10938
10456,851;88
10457,851;85
10458,851;97
10459,851;91
10460,851;2368
10461,851;10945
10462,851;89
10463,851;70
10464,851;78
10465,851;101
10466,851;2353
10467,851;10904
10468,851;87
10469,851;74
10470,851;87
10471,851;88
10472,851;2356
10473,851;10915
10474,851;88
10475,851;87
10476,851;103
10477,851;73
10478,851;2343
10479,851;10929
10480,851;88
10481,851;90
10482,851;102
10483,851;85
10484,851;2338
10485,851;10907
10486,851;75
10487,851;85
10488,851;89
10489,851;63
10490,851;2322
10491,851;10944
10492,851;95
10493,851;89
10494,851;94
10495,851;96
10496,851;2328
10497,851;10927
10498,851;79
10499,851;96
10500,851;92
10501,851;97
10502,851;2366
10503,851;10906
10504,851;81
10506,622;86
10507,622;89
10508,622;81
10509,622;2370
10510,622;10907
10511,622;67
10512,622;87
10513,622;78
10514,622;92
10515,622;2327
10516,622;10917
10517,622;96
10518,622;81
10519,622;84
10520,622;115
10521,622;2394
10522,622;10884
10523,622;78
10524,622;85
10525,622;89
10526,622;84
10527,622;2353
10528,622;10924
10529,622;87
10530,622;89
10531,622;95
10532,622;90
10533,622;2341
10534,622;10910
10535,622;75
10536,622;77
10537,622;95
10538,622;78
10539,622;2340
10540,622;10956
10541,622;74
10542,622;102
10543,622;95
10544,622;91
10545,622;2332
10546,622;10943
10547,622;109
10548,622;95
10549,622;85
10550,622;101
10551,622;2355
10552,622;10925
10553,622;79
10554,622;88
10555,622;87
10556,622;112
10557,622;2332
10558,622;10944
10559,622;69
10560,622;95
10561,622;86
10562,622;110
10563,622;2370
10564,622;10928
10565,622;95
10566,622;83
10567,622;114
10568,622;94
10569,622;2339
10570,622;10903
10571,622;91
10572,622;84
10573,622;91
10574,622;87
10575,622;2348
10576,622;10902
10577,622;80
10578,622;95
10579,622;98
10580,622;99
10581,622;2329
10582,622;10933
10583,622;103
10584,622;84
10585,622;90
10586,622;81
10587,622;2356
10588,622;10917
10589,622;89
10590,622;99
10591,622;99
10592,622;82
10593,622;2325
10594,622;10944
10595,622;77
10596,622;106
10597,622;102
10598,622;98
10599,622;2438
10600,622;10813
10601,622;101
10602,622;80
10603,622;93
10604,622;97
10605,622;2362
10606,622;10933
10607,622;67
10608,622;81
10609,622;83
10610,622;94
10611,622;2343
10612,622;10952
10613,622;73
10614,622;81
10615,622;98
10616,622;76
10617,622;2312
10618,622;10930
10619,622;84
10620,622;95
10621,622;81
10622,622;100
10623,622;2359
10624,622;10947
10625,622;83
10626,622;81
10627,622;92
10628,622;70
10629,622;2347
10630,622;10942
10631,622;80
10632,622;93
10633,622;119
10634,622;102
10635,622;1958
10636,622;10988
10637,622;91
10638,622;91
10639,622;81
10640,622;82
10641,622;2263
10642,622;10950
10643,622;86
10644,622;85
10645,622;118
10646,622;87
10647,622;2325
10648,622;10946
10649,622;72
10650,622;79
10651,622;91
10652,622;91
10653,622;2318
10654,622;10986
10655,622;98
10656,622;95
10657,622;96
10658,622;102
10659,622;2352
10660,622;10959
10661,622;86
10662,622;98
10663,622;86
10664,622;90
10665,622;2329
10666,622;10962
10667,622;100
10668,622;92
10669,622;104
10670,622;103
10671,622;2332
10672,622;10935
10673,622;82
10674,622;93
10675,622;104
10676,622;74
10677,622;2331
10678,622;10963
10679,622;77
10680,622;84
10681,622;86
10682,622;89
10683,622;2334
10684,622;10966
10685,622;81
10686,622;75
10687,622;95
10688,622;91
10689,622;2313
10690,622;10967
10691,622;84
10692,622;92
10693,622;99
10694,622;81
10695,622;2346
10696,622;10956
10697,622;85
10698,622;90
10699,622;95
10700,622;108
10701,622;2333
10702,622;10934
10703,622;77
10704,622;78
10705,622;85
10706,622;81
10707,622;2344
10708,886;10946
10709,886;88
10710,886;111
10711,886;100
10712,886;100
10713,886;2336
10714,886;10953
10715,886;85
10716,886;89
10717,886;99
10718,886;106
10719,886;2306
10720,886;10975
10721,886;89
10722,886;77
10723,886;83
10724,886;97
10725,886;2322
10726,886;10962
10727,886;88
10728,886;100
10729,886;76
10730,886;92
10731,886;2343
10732,886;10969
10733,886;94
10734,886;86
10735,886;110
10736,886;93
10737,886;2290
10738,886;10961
10739,886;85
10740,886;85
10741,886;115
10742,886;96
10743,886;2315
10744,886;10973
10745,886;93
10746,886;102
10747,886;94
10748,886;86
10749,886;2322
10750,886;10949
10751,886;100
10752,886;82
10753,886;97
10754,886;99
10755,886;2322
10756,886;10971
10757,886;86
10758,886;87
10759,886;86
10760,886;93
10761,886;2292
10762,886;10939
10763,886;74
10764,886;76
10765,886;96
10766,886;97
10767,886;2307
10768,886;10940
10769,886;100
10770,886;85
10771,886;88
10772,886;84
10773,886;2334
10774,886;10956
10775,886;93
10776,886;93
10777,886;97
10778,886;97
10779,886;2300
10780,886;11002
10781,886;104
10782,886;100
10783,886;100
10784,886;86
10785,886;2315
10786,886;10969
10787,886;85
10788,886;91
10789,886;98
10790,886;93
10791,886;2287
10792,886;10954
10793,886;84
10794,886;90
10795,886;98
10796,886;102
10797,886;2279
10798,886;10955
10799,886;73
10800,886;92
10801,886;99
10802,886;70
10803,886;2313
10804,886;10961
10805,886;81
10806,886;80
10807,886;80
10808,886;105
10808,944;2283
10809,944;10952
10810,944;72
10811,944;122
10812,944;91
10813,944;78
10814,944;2282
10815,944;10983
10816,944;71
10817,944;82
10818,944;103
10819,944;115
10820,944;2312
10821,944;10987
10822,944;95
10823,944;74
10824,944;95
10825,944;97
10826,944;2308
10827,944;10949
10828,944;59
10829,944;83
10830,944;97
10831,944;102
10832,944;2286
10833,944;10964
10834,944;80
10835,944;87
10836,944;89
10837,944;93
10838,944;2281
10839,944;10988
10840,944;71
10841,944;79
10842,944;92
10843,944;92
10844,944;2287
10845,944;10970
10846,944;80
10847,944;81
10848,944;98
10849,944;64
10850,944;2330
10851,944;10937
10852,944;79
10853,944;88
10854,944;82
10855,944;96
10856,944;2293
10857,944;10958
10858,944;83
10859,944;92
10860,944;86
10861,944;82
10862,944;2262
10863,944;10980
10864,944;87
10865,944;84
10866,944;89
10867,944;78
10868,944;2306
10869,944;10969
10870,944;72
10871,944;92
10872,944;81
10873,944;113
10874,944;2283
10875,944;10985
10876,944;74
10877,944;83
10878,944;85
10879,944;101
10880,944;2308
10881,944;10986
10882,944;87
10883,944;85
10884,944;87
10885,944;97
10886,944;2301
10887,944;10980
10888,944;77
10889,944;89
10890,944;103
10891,944;80
10892,944;2265
10893,944;11016
10894,944;81
10895,944;86
10896,944;96
10897,944;89
10898,944;2287
10899,944;10973
10900,944;69
10901,944;80
10902,944;89
10903,944;87
10904,944;2261
10905,944;10998
10906,944;73
10907,944;66
10908,944;86
10910,473;101
10911,473;2254
10912,473;10973
10913,473;61
10914,473;93
10915,473;90
10916,473;89
10917,473;2257
10918,473;10986
10919,473;76
10920,473;90
10921,473;71
10922,473;80
10923,473;2264
10924,473;10980
10925,473;72
10926,473;81
10927,473;88
10928,473;94
10929,473;2248
10930,473;10995
10931,473;66
10932,473;69
10933,473;81
10934,473;102
10935,473;2238
10936,473;10996
10937,473;83
10938,473;82
10939,473;61
10940,473;74
10941,473;2260
10942,473;11010
10943,473;66
10944,473;85
10945,473;73
10946,473;69
10947,473;1901
10948,473;10982
10949,473;67
10950,473;78
10951,473;75
10952,473;87
10953,473;2163
10954,473;11015
10955,473;73
10956,473;79
10957,473;75
10958,473;84
10959,473;2211
10960,473;10967
10961,473;69
10962,473;90
10963,473;72
10964,473;62
10965,473;2249
10966,473;10994
10967,473;88
10968,473;78
10969,473;69
10970,473;95
10971,473;2248
10972,473;10998
10973,473;94
10974,473;80
10975,473;81
10976,473;84
10977,473;2236
10978,473;10997
10979,473;74
10980,473;83
10981,473;81
10982,473;83
10983,473;2267
10984,473;10963
10985,473;86
10986,473;83
10987,473;74
10988,473;92
10989,473;2262
10990,473;10989
10991,473;69
10992,473;76
10993,473;108
10994,473;95
10995,473;2241
10996,473;10991
10997,473;90
10998,473;85
10999,473;69
11000,473;102
11001,473;2260
11002,473;11009
11003,473;78
11004,473;96
11005,473;86
11006,473;83
11007,473;2254
11008,473;10990
11009,473;72
11010,473;91
11011,01;102
11012,01;90
11013,01;2266
11014,01;11019
11015,01;88
11016,01;80
11017,01;101
11018,01;87
11019,01;2251
11020,01;10971
11021,01;83
11022,01;90
11023,01;89
11024,01;88
11025,01;2261
11026,01;11006
11027,01;72
11028,01;87
11029,01;88
11030,01;96
11031,01;2249
11032,01;11024
11033,01;85
11034,01;69
11035,01;91
11036,01;95
11037,01;2233
11038,01;11008
11039,01;86
11040,01;101
11041,01;73
11042,01;83
11043,01;2258
11044,01;11033
11045,01;77
11046,01;67
11047,01;90
11048,01;84
11049,01;2241
11050,01;10998
11051,01;71
11052,01;87
11053,01;100
11054,01;108
11055,01;2249
11056,01;11017
11057,01;85
11058,01;80
11059,01;101
11060,01;96
11061,01;2249
11062,01;11021
11063,01;85
11064,01;93
11065,01;99
11066,01;87
11067,01;2237
11068,01;11018
11069,01;80
11070,01;83
11071,01;91
11072,01;97
11073,01;2255
11074,01;11013
11075,01;86
11076,01;95
11077,01;98
11078,01;88
11079,01;2219
11080,01;11001
11081,01;91
11082,01;89
11083,01;105
11084,01;102
11085,01;2251
11086,01;11013
11087,01;76
11088,01;90
11089,01;87
11090,01;95
11091,01;2247
11092,01;11007
11093,01;104
11094,01;103
11095,01;100
11096,01;78
11097,01;2233
11098,01;11025
11099,01;86
11100,01;86
11101,01;94
11102,01;83
11103,01;2256
11104,01;11028
11105,01;93
11106,01;96
11107,01;84
11108,01;93
11109,01;2239
11110,01;10997
11111,01;92
11112,01;97
11113,01;118
11114,01;94
11115,01;2267
11116,01;11011
11117,01;91
11118,01;82
11119,01;71
11120,01;107
11121,01;2232
11122,01;11044
11123,01;83
11124,01;80
11125,01;82
11126,01;81
11127,01;2246
11128,01;11053
11129,01;76
11130,01;81
11131,01;98
11132,01;96
11133,01;2250
11134,01;11044
11135,01;92
11136,01;74
11137,01;85
11138,01;100
11139,01;2217
11140,01;11008
11141,01;89
11142,01;88
11143,01;91
11144,01;90
11145,01;2259
11146,01;11032
11147,01;96
11148,01;94
11149,01;74
11150,01;95
11151,01;2241
11152,01;11023
11153,01;86
11154,01;96
11155,01;92
11156,01;107
11157,01;2221
11158,01;11010
11159,01;97
11160,01;93
11161,01;99
11162,01;106
11163,01;2234
11164,01;11042
11165,01;67
11166,01;93
11167,01;75
11168,01;93
11169,01;2239
11170,01;11028
11171,01;101
11172,01;113
11173,01;112
11174,01;82
11175,01;2246
11176,01;11039
11177,01;77
11178,01;92
11179,01;113
11180,01;115
11181,01;2248
11182,01;11017
11183,01;91
11184,01;101
11185,01;97
11186,01;114
11187,01;2224
11188,01;11028
11189,01;84
11190,01;81
11191,01;82
11192,01;94
11193,01;2234
11194,01;11034
11195,01;85
11196,01;102
11197,01;103
11198,01;106
11199,01;2234
11200,01;11033
11201,01;81
11202,01;100
11203,01;99
11204,01;106
11205,01;2254
11206,01;11021
11207,01;78
11208,01;90
11209,01;100
11210,01;123
11211,01;2254
11212,01;11010
11214,365;84
11215,365;101
11216,365;100
11217,365;91
11218,365;2213
11219,365;11021
11220,365;98
11221,365;99
11222,365;92
11223,365;119
11224,365;2257
11225,365;11031
11226,365;92
11227,365;87
11228,365;92
11229,365;91
11230,365;2223
11231,365;11053
11232,365;90
11233,365;82
11234,365;108
11235,365;108
11236,365;2223
11237,365;11043
11238,365;76
11239,365;101
11240,365;89
11241,365;85
11242,365;2251
11243,365;11057
11244,365;86
11245,365;88
11246,365;110
11247,365;88
11248,365;2234
11249,365;11033
11250,365;70
11251,365;77
11252,365;107
11253,365;122
11254,365;2206
11255,365;11012
11256,365;84
11257,365;83
11258,365;90
11259,365;95
11260,365;1858
11261,365;11088
11262,365;101
11263,365;106
11264,365;104
11265,365;96
11266,365;2165
11267,365;11057
11268,365;85
11269,365;88
11270,365;100
11271,365;116
11272,365;2217
11273,365;11022
11274,365;97
11275,365;98
11276,365;71
11277,365;100
11278,365;2207
11279,365;11048
11280,365;91
11281,365;73
11282,365;92
11283,365;90
11284,365;2237
11285,365;11044
11286,365;85
11287,365;86
11288,365;108
11289,365;89
11290,365;2221
11291,365;11060
11292,365;88
11293,365;91
11294,365;93
11295,365;118
11296,365;2233
11297,365;11053
11298,365;87
11299,365;87
11300,365;116
11301,365;92
11302,365;2243
11303,365;11058
11304,365;82
11305,365;81
11306,365;88
11307,365;107
11308,365;2236
11309,365;11029
11310,365;93
11311,365;100
11312,365;106
11313,365;106
11314,365;2215
11314,402;11062
11315,402;86
11316,402;72
11317,402;84
11318,402;97
11319,402;2213
11320,402;11038
11321,402;89
11322,402;80
11323,402;104
11324,402;115
11325,402;2236
11326,402;11019
11327,402;72
11328,402;86
11329,402;86
11330,402;94
11331,402;2215
11332,402;11052
11333,402;94
11334,402;108
11335,402;111
11336,402;94
11337,402;2196
11338,402;11051
11339,402;97
11340,402;77
11341,402;98
11342,402;105
11343,402;2239
11344,402;11037
11345,402;87
11346,402;87
11347,402;95
11348,402;90
11349,402;2196
11350,402;11013
11351,402;74
11352,402;95
11353,402;105
11354,402;98
11355,402;2200
11356,402;11077
11357,402;89
11358,402;101
11359,402;82
11360,402;90
11361,402;2289
11362,402;11003
11363,402;83
11364,402;84
11365,402;91
11366,402;84
11367,402;2209
11368,402;11040
11369,402;73
11370,402;90
11371,402;100
11372,402;97
11373,402;2208
11374,402;11042
11375,402;94
11376,402;112
11377,402;101
11378,402;92
11379,402;2181
11380,402;11067
11381,402;72
11382,402;81
11383,402;92
11384,402;89
11385,402;2245
11386,402;10996
11387,402;92
11388,402;92
11389,402;104
11390,402;95
11391,402;2218
11392,402;11067
11393,402;75
11394,402;86
11395,402;91
11396,402;102
11397,402;2176
11398,402;11070
11399,402;66
11400,402;80
11401,402;97
11402,402;103
11403,402;2179
11404,402;11083
11405,402;83
11406,402;81
11407,402;87
11408,402;90
11409,402;2208
11410,402;11055
11411,402;90
11412,402;107
11413,402;96
11414,402;90
11415,85;2185
11416,85;11090
11417,85;88
11418,85;79
11419,85;102
11420,85;89
11421,85;2197
11422,85;11068
11423,85;88
11424,85;84
11425,85;88
11426,85;77
11427,85;2198
11428,85;11075
11429,85;87
11430,85;97
11431,85;104
11432,85;104
11433,85;2190
11434,85;11074
11435,85;80
11436,85;79
11437,85;100
11438,85;85
11439,85;2183
11440,85;11108
11441,85;82
11442,85;83
11443,85;100
11444,85;96
11445,85;2192
11446,85;11069
11447,85;76
11448,85;98
11449,85;103
11450,85;82
11451,85;2188
11452,85;11054
11453,85;72
11454,85;62
11455,85;85
11456,85;76
11457,85;2169
11458,85;11061
11459,85;93
11460,85;100
11461,85;71
11462,85;100
11463,85;2193
11464,85;11070
11465,85;91
11466,85;103
11467,85;91
11468,85;89
11469,85;2198
11470,85;11063
11471,85;76
11472,85;104
11473,85;106
11474,85;95
11475,85;2181
11476,85;11064
11477,85;76
11478,85;93
11479,85;90
11480,85;81
11481,85;2169
11482,85;11076
11483,85;74
11484,85;96
11485,85;80
11486,85;71
11487,85;2191
11488,85;11071
11489,85;78
11490,85;70
11491,85;102
11492,85;98
11493,85;2165
11494,85;11081
11495,85;87
11496,85;101
11497,85;97
11498,85;99
11499,85;2176
11500,85;11081
11501,85;92
11502,85;88
11503,85;89
11504,85;100
11505,85;2182
11506,85;11054
11507,85;86
11508,85;85
11509,85;89
11510,85;76
11511,85;2166
11512,85;11063
11513,85;74
11514,85;75
11515,85;81
11516,284;93
11517,284;2153
11518,284;11044
11519,284;82
11520,284;90
11521,284;89
11522,284;79
11523,284;2170
11524,284;11071
11525,284;75
11526,284;86
11527,284;82
11528,284;103
11529,284;2173
11530,284;11087
11531,284;78
11532,284;76
11533,284;74
11534,284;85
11535,284;2151
11536,284;11082
11537,284;83
11538,284;95
11539,284;85
11540,284;89
11541,284;2171
11542,284;11060
11543,284;84
11544,284;79
11545,284;76
11546,284;88
11547,284;2165
11548,284;11082
11549,284;72
11550,284;73
11551,284;75
11552,284;93
11553,284;2155
11554,284;11091
11555,284;76
11556,284;82
11557,284;84
11558,284;81
11559,284;2143
11560,284;11077
11561,284;69
11562,284;79
11563,284;79
11564,284;77
11565,284;2149
11566,284;11071
11567,284;89
11568,284;74
11569,284;74
11570,284;93
11571,284;1787
11572,284;11142
11573,284;85
11574,284;75
11575,284;94
11576,284;84
11577,284;2066
11578,284;11090
11579,284;75
11580,284;71
11581,284;64
11582,284;75
11583,284;2159
11584,284;11102
11585,284;67
11586,284;99
11587,284;92
11588,284;75
11589,284;2120
11590,284;11083
11591,284;79
11592,284;74
11593,284;84
11594,284;78
11595,284;2122
11596,284;11078
11597,284;76
11598,284;61
11599,284;88
11600,284;89
11601,284;2153
11602,284;11050
11603,284;85
11604,284;94
11605,284;106
11606,284;92
11607,284;2175
11608,284;11068
11609,284;90
11610,284;68
11611,284;81
11612,284;79
11613,284;2149
11614,284;11127
11615,284;82
11616,284;74
11617,284;85
11618,284;65
11619,284;2140
11620,284;11135
11621,284;81
11622,284;102
11623,284;75
11624,284;92
11625,284;2192
11626,284;11066
11627,284;82
11628,284;66
11629,284;86
11630,284;84
11631,284;2173
11632,284;11080
11633,284;85
11634,284;88
11635,284;75
11636,284;84
11637,284;2159
11638,284;11072
11639,284;90
11640,284;84
11641,284;100
11642,284;88
11643,284;2143
11644,284;11101
11645,284;76
11646,284;85
11647,284;97
11648,284;94
11649,284;2153
11650,284;11099
11651,284;80
11652,284;103
11653,284;91
11654,284;85
11655,284;2143
11656,284;11105
11657,284;77
11658,284;97
11659,284;80
11660,284;76
11661,284;2175
11662,284;11120
11663,284;80
11664,284;97
11665,284;97
11666,284;89
11667,284;2144
11668,284;11089
11669,284;100
11670,284;86
11671,284;73
11672,284;95
11673,284;2167
11674,284;11125
11675,284;86
11676,284;98
11677,284;94
11678,284;87
11679,284;2138
11680,284;11113
11681,284;91
11682,284;66
11683,284;90
11684,284;88
11685,284;2148
11686,284;11081
11687,284;82
11688,284;105
11689,284;97
11690,284;98
11691,284;2132
11692,284;11074
11693,284;93
11694,284;98
11695,284;76
11696,284;84
11697,284;2130
11698,284;11121
11699,284;86
11700,284;81
11701,284;84
11702,284;108
11703,284;2161
11704,284;11116
11705,284;79
11706,284;92
11707,284;83
11708,284;100
11709,284;2136
11710,284;11090
11711,284;83
11712,284;89
11713,284;90
11714,284;94
11715,284;2152
11716,284;11083
11717,284;80
11718,313;91
11719,313;85
11720,313;102
11721,313;2160
11722,313;11147
11723,313;96
11724,313;95
11725,313;93
11726,313;112
11727,313;2167
11728,313;11135
11729,313;89
11730,313;66
11731,313;87
11732,313;120
11733,313;2143
11734,313;11115
11735,313;81
11736,313;89
11737,313;104
11738,313;103
11739,313;2161
11740,313;11135
11741,313;74
11742,313;99
11743,313;93
11744,313;111
11745,313;2146
11746,313;11125
11747,313;88
11748,313;106
11749,313;86
11750,313;109
11751,313;2128
11752,313;11085
11753,313;98
11754,313;91
11755,313;91
11756,313;102
11757,313;2136
11758,313;11123
11759,313;95
11760,313;96
11761,313;78
11762,313;97
11763,313;2138
11764,313;11111
11765,313;87
11766,313;98
11767,313;106
11768,313;99
11769,313;2143
11770,313;11118
11771,313;99
11772,313;84
11773,313;76
11774,313;91
11775,313;2134
11776,313;11137
11777,313;92
11778,313;88
11779,313;87
11780,313;99
11781,313;2133
11782,313;11126
11783,313;93
11784,313;84
11785,313;80
11786,313;91
11787,313;2144
11788,313;11132
11789,313;108
11790,313;94
11791,313;86
11792,313;103
11793,313;2139
11794,313;11135
11795,313;81
11796,313;93
11797,313;96
11798,313;85
11799,313;2149
11800,313;11114
11801,313;84
11802,313;111
11803,313;95
11804,313;99
11805,313;2150
11806,313;11139
11807,313;85
11808,313;106
11809,313;96
11810,313;105
11811,313;2151
11812,313;11112
11813,313;81
11814,313;107
11815,313;90
11816,313;98
11817,313;2141
11818,313;11145
11819,022;83
11820,022;82
11821,022;93
11822,022;109
11823,022;2148
11824,022;11093
11825,022;88
11826,022;103
11827,022;80
11828,022;108
11829,022;2150
11830,022;11166
11831,022;93
11832,022;98
11833,022;83
11834,022;92
11835,022;2133
11836,022;11133
11837,022;92
11838,022;81
11839,022;92
11840,022;93
11841,022;2132
11842,022;11139
11843,022;88
11844,022;82
11845,022;93
11846,022;94
11847,022;2139
11848,022;11149
11849,022;79
11850,022;83
11851,022;87
11852,022;96
11853,022;2124
11854,022;11144
11855,022;76
11856,022;94
11857,022;118
11858,022;101
11859,022;2132
11860,022;11162
11861,022;89
11862,022;82
11863,022;94
11864,022;98
11865,022;2111
11866,022;11127
11867,022;90
11868,022;82
11869,022;123
11870,022;99
11871,022;2139
11872,022;11144
11873,022;77
11874,022;92
11875,022;95
11876,022;84
11877,022;2117
11878,022;11167
11879,022;86
11880,022;87
11881,022;87
11882,022;92
11883,022;1757
11884,022;11163
11885,022;91
11886,022;69
11887,022;112
11888,022;95
11889,022;2026
11890,022;11106
11891,022;76
11892,022;96
11893,022;97
11894,022;96
11895,022;2116
11896,022;11157
11897,022;90
11898,022;84
11899,022;88
11900,022;90
11901,022;2122
11902,022;11166
11903,022;93
11904,022;94
11905,022;108
11906,022;103
11907,022;2118
11908,022;11159
11909,022;80
11910,022;74
11911,022;101
11912,022;96
11913,022;2131
11914,022;11159
11915,022;101
11916,022;96
11917,022;117
11918,022;82
11919,022;2127
11919,898;11131
11920,898;96
11921,898;77
11922,898;95
11923,898;92
11924,898;2120
11925,898;11163
11926,898;85
11927,898;84
11928,898;92
11929,898;94
11930,898;2121
11931,898;11139
11932,898;71
11933,898;96
11934,898;77
11935,898;86
11936,898;2108
11937,898;11139
11938,898;91
11939,898;65
11940,898;95
11941,898;106
11942,898;2129
11943,898;11164
11944,898;83
11945,898;99
11946,898;77
11947,898;105
11948,898;2118
11949,898;11153
11950,898;101
11951,898;93
11952,898;97
11953,898;85
11954,898;2122
11955,898;11157
11956,898;92
11957,898;105
11958,898;94
11959,898;114
11960,898;2133
11961,898;11101
11962,898;80
11963,898;84
11964,898;94
11965,898;95
11966,898;2101
11967,898;11143
11968,898;84
11969,898;89
11970,898;86
11971,898;95
11972,898;2124
11973,898;11134
11974,898;79
11975,898;95
11976,898;100
11977,898;92
11978,898;2098
11979,898;11131
11980,898;86
11981,898;78
11982,898;81
11983,898;79
11984,898;2139
11985,898;11102
11986,898;81
11987,898;92
11988,898;90
11989,898;100
11990,898;2117
11991,898;11153
11992,898;89
11993,898;107
11994,898;103
11995,898;80
11996,898;2093
11997,898;11138
11998,898;79
11999,898;88
12000,898;88
12001,898;91
12002,898;2071
12003,898;11152
12004,898;78
12005,898;79
12006,898;85
12007,898;83
12008,898;2102
12009,898;11143
12010,898;85
12011,898;93
12012,898;76
12013,898;85
12014,898;2109
12015,898;11166
12016,898;70
12017,898;95
12018,898;107
12019,898;84
12021,307;2121
12022,307;11175
12023,307;87
12024,307;92
12025,307;98
12026,307;98
12027,307;2159
12028,307;11076
12029,307;80
12030,307;75
12031,307;82
12032,307;81
12033,307;2106
12034,307;11163
12035,307;90
12036,307;90
12037,307;88
12038,307;99
12039,307;2114
12040,307;11133
12041,307;92
12042,307;114
12043,307;92
12044,307;98
12045,307;2112
12046,307;11185
12047,307;105
12048,307;92
12049,307;89
12050,307;103
12051,307;2102
12052,307;11159
12053,307;85
12054,307;79
12055,307;89
12056,307;93
12057,307;2086
12058,307;11193
12059,307;75
12060,307;81
12061,307;102
12062,307;86
12063,307;2103
12064,307;11174
12065,307;84
12066,307;98
12067,307;98
12068,307;100
12069,307;2063
12070,307;11172
12071,307;77
12072,307;85
12073,307;91
12074,307;75
12075,307;2094
12076,307;11167
12077,307;84
12078,307;88
12079,307;98
12080,307;90
12081,307;2116
12082,307;11142
12083,307;89
12084,307;92
12085,307;107
12086,307;77
12087,307;2081
12088,307;11197
12089,307;93
12090,307;88
12091,307;112
12092,307;81
12093,307;2083
12094,307;11142
12095,307;84
12096,307;83
12097,307;89
12098,307;95
12099,307;2077
12100,307;11178
12101,307;77
12102,307;88
12103,307;93
12104,307;101
12105,307;2101
12106,307;11157
12107,307;88
12108,307;77
12109,307;92
12110,307;96
12111,307;2074
12112,307;11145
12113,307;84
12114,307;98
12115,307;109
12116,307;91
12117,307;2061
12118,307;11181
12119,307;70
12120,307;78
12121,307;84
12122,307;82
12123,307;2097
12124,307;11175
12125,307;78
12126,307;71
12127,307;79
12128,307;93
12129,307;2055
12130,307;11161
12131,307;70
12132,307;91
12133,307;91
12134,307;60
12135,307;2082
12136,307;11171
12137,307;76
12138,307;100
12139,307;101
12140,307;87
12141,307;2084
12142,307;11169
12143,307;68
12144,307;86
12145,307;81
12146,307;94
12147,307;2059
12148,307;11163
12149,307;75
12150,307;86
12151,307;85
12152,307;70
12153,307;2050
12154,307;11158
12155,307;90
12156,307;78
12157,307;74
12158,307;73
12159,307;2055
12160,307;11166
12161,307;81
12162,307;78
12163,307;68
12164,307;79
12165,307;2084
12166,307;11190
12167,307;81
12168,307;78
12169,307;82
12170,307;72
12171,307;2056
12172,307;11168
12173,307;91
12174,307;88
12175,307;84
12176,307;71
12177,307;2051
12178,307;11178
12179,307;72
12180,307;78
12181,307;72
12182,307;97
12183,307;2040
12184,307;11157
12185,307;78
12186,307;72
12187,307;80
12188,307;81
12189,307;2051
12190,307;11190
12191,307;68
12192,307;74
12193,307;89
12194,307;67
12195,307;1670
12196,307;11244
12197,307;90
12198,307;71
12199,307;82
12200,307;77
12201,307;2003
12202,307;11169
12203,307;66
12204,307;76
12205,307;87
12206,307;77
12207,307;2100
12208,307;11152
12209,307;78
12210,307;80
12211,307;67
12212,307;92
12213,307;2126
12214,307;11066
12215,307;70
12216,307;73
12217,307;94
12218,307;72
12219,307;2020
12220,307;11193
12221,307;71
12222,307;69
12223,329;78
12224,329;93
12225,329;2048
12226,329;11183
12227,329;65
12228,329;87
12229,329;84
12230,329;86
12231,329;2044
12232,329;11159
12233,329;76
12234,329;86
12235,329;79
12236,329;98
12237,329;2041
12238,329;11180
12239,329;69
12240,329;101
12241,329;82
12242,329;87
12243,329;2058
12244,329;11193
12245,329;76
12246,329;90
12247,329;99
12248,329;86
12249,329;2050
12250,329;11168
12251,329;88
12252,329;76
12253,329;93
12254,329;80
12255,329;2045
12256,329;11200
12257,329;69
12258,329;89
12259,329;89
12260,329;111
12261,329;2051
12262,329;11177
12263,329;75
12264,329;85
12265,329;92
12266,329;90
12267,329;2065
12268,329;11170
12269,329;90
12270,329;88
12271,329;88
12272,329;91
12273,329;2044
12274,329;11185
12275,329;76
12276,329;85
12277,329;107
12278,329;91
12279,329;2029
12280,329;11203
12281,329;87
12282,329;78
12283,329;94
12284,329;84
12285,329;2086
12286,329;11172
12287,329;85
12288,329;84
12289,329;74
12290,329;83
12291,329;2035
12292,329;11192
12293,329;73
12294,329;82
12295,329;82
12296,329;101
12297,329;2052
12298,329;11191
12299,329;94
12300,329;86
12301,329;96
12302,329;84
12303,329;2054
12304,329;11208
12305,329;70
12306,329;73
12307,329;78
12308,329;96
12309,329;2021
12310,329;11217
12311,329;78
12312,329;92
12313,329;103
12314,329;95
12315,329;2047
12316,329;11224
12317,329;93
12318,329;82
12319,329;96
12320,329;92
12321,329;2053
12322,329;11205
12323,329;84
12324,726;104
12325,726;86
12326,726;87
12327,726;2048
12328,726;11220
12329,726;77
12330,726;82
12331,726;84
12332,726;102
12333,726;2060
12334,726;11237
12335,726;97
12336,726;91
12337,726;117
12338,726;86
12339,726;2039
12340,726;11216
12341,726;82
12342,726;98
12343,726;75
12344,726;105
12345,726;2046
12346,726;11210
12347,726;82
12348,726;93
12349,726;95
12350,726;100
12351,726;2046
12352,726;11195
12353,726;90
12354,726;86
12355,726;91
12356,726;93
12357,726;2008
12358,726;11221
12359,726;69
12360,726;77
12361,726;103
12362,726;95
12363,726;2030
12364,726;11216
12365,726;83
12366,726;83
12367,726;82
12368,726;88
12369,726;2029
12370,726;11217
12371,726;97
12372,726;94
12373,726;89
12374,726;98
12375,726;2018
12376,726;11223
12377,726;82
12378,726;80
12379,726;99
12380,726;89
12381,726;2062
12382,726;11216
12383,726;86
12384,726;94
12385,726;89
12386,726;85
12387,726;2057
12388,726;11205
12389,726;83
12390,726;85
12391,726;82
12392,726;95
12393,726;2024
12394,726;11221
12395,726;90
12396,726;82
12397,726;97
12398,726;99
12399,726;2016
12400,726;11225
12401,726;97
12402,726;82
12403,726;87
12404,726;103
12405,726;2126
12406,726;11133
12407,726;85
12408,726;118
12409,726;88
12410,726;100
12411,726;2048
12412,726;11258
12413,726;68
12414,726;95
12415,726;102
12416,726;93
12417,726;2008
12418,726;11222
12419,726;90
12420,726;92
12421,726;99
12422,726;94
12423,726;2060
12424,726;11237
12426,146;94
12427,146;90
12428,146;92
12429,146;108
12430,146;2038
12431,146;11251
12432,146;87
12433,146;100
12434,146;87
12435,146;82
12436,146;2042
12437,146;11251
12438,146;91
12439,146;84
12440,146;110
12441,146;98
12442,146;2047
12443,146;11211
12444,146;79
12445,146;97
12446,146;89
12447,146;88
12448,146;2049
12449,146;11225
12450,146;80
12451,146;78
12452,146;121
12453,146;90
12454,146;2041
12455,146;11209
12456,146;89
12457,146;101
12458,146;78
12459,146;107
12460,146;2027
12461,146;11228
12462,146;101
12463,146;88
12464,146;91
12465,146;86
12466,146;2062
12467,146;11234
12468,146;85
12469,146;96
12470,146;85
12471,146;94
12472,146;2011
12473,146;11233
12474,146;99
12475,146;97
12476,146;108
12477,146;114
12478,146;2020
12479,146;11244
12480,146;85
12481,146;92
12482,146;108
12483,146;121
12484,146;2017
12485,146;11247
12486,146;79
12487,146;104
12488,146;99
12489,146;106
12490,146;2032
12491,146;11246
12492,146;103
12493,146;102
12494,146;114
12495,146;88
12496,146;2053
12497,146;11237
12498,146;77
12499,146;110
12500,146;92
12501,146;98
12502,146;2021
12503,146;11257
12504,146;62
12505,146;104
12506,146;101
12507,146;91
12508,146;1650
12509,146;11277
12510,146;89
12511,146;94
12512,146;93
12513,146;84
12514,146;2008
12515,146;11186
12516,146;91
12517,146;81
12518,146;107
12519,146;86
12520,146;2032
12521,146;11259
12522,146;73
12523,146;74
12524,146;96
12525,146;97
12526,146;2044
12525,736;11236
12526,736;82
12527,736;101
12528,736;87
12529,736;93
12530,736;2027
12531,736;11219
12532,736;98
12533,736;73
12534,736;108
12535,736;80
12536,736;2024
12537,736;11244
12538,736;93
12539,736;96
12540,736;100
12541,736;78
12542,736;2036
12543,736;11200
12544,736;99
12545,736;93
12546,736;81
12547,736;86
12548,736;2007
12549,736;11256
12550,736;89
12551,736;113
12552,736;89
12553,736;99
12554,736;2046
12555,736;11183
12556,736;80
12557,736;101
12558,736;88
12559,736;88
12560,736;2091
12561,736;11174
12562,736;80
12563,736;96
12564,736;93
12565,736;109
12566,736;2052
12567,736;11258
12568,736;90
12569,736;88
12570,736;100
12571,736;89
12572,736;2002
12573,736;11246
12574,736;77
12575,736;96
12576,736;97
12577,736;86
12578,736;2000
12579,736;11271
12580,736;73
12581,736;82
12582,736;97
12583,736;88
12584,736;1989
12585,736;11259
12586,736;79
12587,736;91
12588,736;102
12589,736;92
12590,736;1997
12591,736;11268
12592,736;93
12593,736;102
12594,736;88
12595,736;118
12596,736;1995
12597,736;11289
12598,736;89
12599,736;107
12600,736;112
12601,736;84
12602,736;2021
12603,736;11235
12604,736;92
12605,736;81
12606,736;99
12607,736;102
12608,736;1981
12609,736;11263
12610,736;100
12611,736;105
12612,736;84
12613,736;75
12614,736;1994
12615,736;11256
12616,736;95
12617,736;90
12618,736;94
12619,736;94
12620,736;2024
12621,736;11241
12622,736;86
12623,736;91
12624,736;105
12625,736;79
12627,849;1979
12628,849;11260
12629,849;96
12630,849;80
12631,849;93
12632,849;90
12633,849;2008
12634,849;11235
12635,849;92
12636,849;91
12637,849;104
12638,849;102
12639,849;1991
12640,849;11260
12641,849;91
12642,849;92
12643,849;82
12644,849;88
12645,849;2008
12646,849;11245
12647,849;88
12648,849;84
12649,849;89
12650,849;95
12651,849;1991
12652,849;11258
12653,849;68
12654,849;82
12655,849;87
12656,849;92
12657,849;1982
12658,849;11261
12659,849;75
12660,849;89
12661,849;81
12662,849;99
12663,849;2015
12664,849;11264
12665,849;94
12666,849;90
12667,849;110
12668,849;101
12669,849;1992
12670,849;11291
12671,849;84
12672,849;102
12673,849;89
12674,849;97
12675,849;1977
12676,849;11254
12677,849;95
12678,849;87
12679,849;95
12680,849;89
12681,849;2046
12682,849;11223
12683,849;88
12684,849;97
12685,849;104
12686,849;87
12687,849;1969
12688,849;11264
12689,849;79
12690,849;90
12691,849;78
12692,849;91
12693,849;1974
12694,849;11288
12695,849;98
12696,849;94
12697,849;110
12698,849;110
12699,849;1978
12700,849;11245
12701,849;91
12702,849;69
12703,849;92
12704,849;81
12705,849;1971
12706,849;11265
12707,849;81
12708,849;93
12709,849;97
12710,849;95
12711,849;1945
12712,849;11254
12713,849;64
12714,849;79
12715,849;73
12716,849;103
12717,849;1959
12718,849;11260
12719,849;82
12720,849;86
12721,849;94
12722,849;104
12723,849;1975
12724,849;11283
12725,849;80
12726,849;69
12727,849;83
12728,849;86
12729,849;1962
12730,849;11261
12731,849;91
12732,849;93
12733,849;86
12734,849;92
12735,849;1990
12736,849;11246
12737,849;82
12738,849;92
12739,849;96
12740,849;82
12741,849;1989
12742,849;11270
12743,849;85
12744,849;84
12745,849;95
12746,849;84
12747,849;1991
12748,849;11291
12749,849;93
12750,849;78
12751,849;92
12752,849;82
12753,849;1976
12754,849;11262
12755,849;89
12756,849;79
12757,849;81
12758,849;102
12759,849;1938
12760,849;11242
12761,849;80
12762,849;88
12763,849;95
12764,849;84
12765,849;1985
12766,849;11259
12767,849;61
12768,849;96
12769,849;93
12770,849;94
12771,849;1972
12772,849;11281
12773,849;91
12774,849;86
12775,849;86
12776,849;91
12777,849;1954
12778,849;11291
12779,849;76
12780,849;91
12781,849;86
12782,849;88
12783,849;1968
12784,849;11303
12785,849;91
12786,849;73
12787,849;85
12788,849;94
12789,849;1973
12790,849;11264
12791,849;99
12792,849;79
12793,849;83
12794,849;73
12795,849;1937
12796,849;11272
12797,849;77
12798,849;84
12799,849;75
12800,849;76
12801,849;1979
12802,849;11282
12803,849;72
12804,849;71
12805,849;101
12806,849;91
12807,849;1950
12808,849;11256
12809,849;78
12810,849;75
12811,849;73
12812,849;76
12813,849;1942
12814,849;11293
12815,849;75
12816,849;75
12817,849;65
12818,849;89
12819,849;1602
12820,849;11343
12821,849;68
12822,849;75
12823,849;84
12824,849;70
12825,849;1900
12826,849;11297
12827,849;74
12828,849;89
12829,11;76
12830,11;89
12831,11;1929
12832,11;11268
12833,11;71
12834,11;65
12835,11;78
12836,11;81
12837,11;1929
12838,11;11300
12839,11;75
12840,11;85
12841,11;102
12842,11;97
12843,11;1963
12844,11;11282
12845,11;96
12846,11;77
12847,11;81
12848,11;96
12849,11;1930
12850,11;11303
12851,11;77
12852,11;63
12853,11;87
12854,11;76
12855,11;1933
12856,11;11297
12857,11;82
12858,11;78
12859,11;74
12860,11;92
12861,11;1965
12862,11;11302
12863,11;74
12864,11;102
12865,11;95
12866,11;88
12867,11;1945
12868,11;11291
12869,11;71
12870,11;56
12871,11;84
12872,11;82
12873,11;1938
12874,11;11316
12875,11;77
12876,11;92
12877,11;106
12878,11;84
12879,11;1917
12880,11;11320
12881,11;76
12882,11;77
12883,11;73
12884,11;96
12885,11;1944
12886,11;11301
12887,11;83
12888,11;86
12889,11;68
12890,11;102
12891,11;1947
12892,11;11262
12893,11;88
12894,11;88
12895,11;85
12896,11;89
12897,11;1927
12898,11;11283
12899,11;79
12900,11;80
12901,11;88
12902,11;73
12903,11;1964
12904,11;11289
12905,11;73
12906,11;70
12907,11;91
12908,11;88
12909,11;1981
12910,11;11283
12911,11;83
12912,11;64
12913,11;88
12914,11;92
12915,11;1958
12916,11;11290
12917,11;83
12918,11;72
12919,11;82
12920,11;100
12921,11;1950
12922,11;11301
12923,11;80
12924,11;87
12925,11;107
12926,11;99
12927,11;1978
12928,11;11318
12929,11;86
12930,248;74
12931,248;89
12932,248;91
12933,248;1951
12934,248;11300
12935,248;88
12936,248;82
12937,248;73
12938,248;96
12939,248;1933
12940,248;11290
12941,248;81
12942,248;72
12943,248;91
12944,248;80
12945,248;1989
12946,248;11288
12947,248;78
12948,248;89
12949,248;102
12950,248;99
12951,248;1945
12952,248;11325
12953,248;82
12954,248;91
12955,248;96
12956,248;117
12957,248;1925
12958,248;11334
12959,248;87
12960,248;88
12961,248;90
12962,248;84
12963,248;1931
12964,248;11312
12965,248;67
12966,248;88
12967,248;87
12968,248;85
12969,248;2050
12970,248;11186
12971,248;69
12972,248;90
12973,248;97
12974,248;73
12975,248;1954
12976,248;11321
12977,248;96
12978,248;74
12979,248;80
12980,248;105
12981,248;1944
12982,248;11278
12983,248;95
12984,248;78
12985,248;83
12986,248;95
12987,248;1939
12988,248;11308
12989,248;87
12990,248;90
12991,248;103
12992,248;91
12993,248;1950
12994,248;11307
12995,248;86
12996,248;91
12997,248;80
12998,248;95
12999,248;1960
13000,248;11293
13001,248;90
13002,248;83
13003,248;90
13004,248;97
13005,248;1933
13006,248;11320
13007,248;78
13008,248;94
13009,248;110
13010,248;84
13011,248;1946
13012,248;11351
13013,248;76
13014,248;96
13015,248;96
13016,248;95
13017,248;1920
13018,248;11318
13019,248;91
13020,248;94
13021,248;87
13022,248;105
13023,248;1952
13024,248;11288
13025,248;92
13026,248;104
13027,248;87
13028,248;89
13029,248;1931
13030,248;11319
13031,781;97
13032,781;79
13033,781;92
13034,781;87
13035,781;1928
13036,781;11330
13037,781;86
13038,781;81
13039,781;82
13040,781;95
13041,781;1930
13042,781;11314
13043,781;79
13044,781;89
13045,781;89
13046,781;82
13047,781;1932
13048,781;11289
13049,781;101
13050,781;103
13051,781;70
13052,781;84
13053,781;1929
13054,781;11318
13055,781;97
13056,781;82
13057,781;102
13058,781;102
13059,781;1940
13060,781;11330
13061,781;91
13062,781;85
13063,781;102
13064,781;87
13065,781;1935
13066,781;11322
13067,781;83
13068,781;75
13069,781;94
13070,781;83
13071,781;1958
13072,781;11340
13073,781;100
13074,781;118
13075,781;95
13076,781;99
13077,781;1923
13078,781;11371
13079,781;98
13080,781;95
13081,781;92
13082,781;99
13083,781;1964
13084,781;11329
13085,781;82
13086,781;86
13087,781;87
13088,781;107
13089,781;1914
13090,781;11293
13091,781;69
13092,781;96
13093,781;98
13094,781;88
13095,781;1946
13096,781;11351
13097,781;76
13098,781;91
13099,781;107
13100,781;95
13101,781;1934
13102,781;11289
13103,781;100
13104,781;89
13105,781;108
13106,781;85
13107,781;1937
13108,781;11313
13109,781;93
13110,781;95
13111,781;90
13112,781;95
13113,781;1933
13114,781;11353
13115,781;94
13116,781;99
13117,781;103
13118,781;89
13119,781;1903
13120,781;11306
13121,781;104
13122,781;105
13123,781;97
13124,781;105
13125,781;1924
13126,781;11344
13127,781;82
13128,781;78
13129,781;100
13130,781;96
13131,781;1547
13133,658;11357
13134,658;81
13135,658;99
13136,658;102
13137,658;90
13138,658;1850
13139,658;11342
13140,658;84
13141,658;110
13142,658;94
13143,658;112
13144,658;1910
13145,658;11325
13146,658;99
13147,658;96
13148,658;103
13149,658;99
13150,658;1891
13151,658;11337
13152,658;95
13153,658;87
13154,658;96
13155,658;95
13156,658;1905
13157,658;11349
13158,658;90
13159,658;107
13160,658;89
13161,658;91
13162,658;1977
13163,658;11296
13164,658;90
13165,658;83
13166,658;103
13167,658;97
13168,658;1924
13169,658;11343
13170,658;102
13171,658;98
13172,658;112
13173,658;90
13174,658;1928
13175,658;11316
13176,658;87
13177,658;103
13178,658;97
13179,658;94
13180,658;1898
13181,658;11351
13182,658;102
13183,658;108
13184,658;99
13185,658;107
13186,658;1921
13187,658;11313
13188,658;76
13189,658;86
13190,658;91
13191,658;77
13192,658;1915
13193,658;11335
13194,658;77
13195,658;95
13196,658;92
13197,658;87
13198,658;1890
13199,658;11326
13200,658;83
13201,658;81
13202,658;105
13203,658;115
13204,658;1911
13205,658;11335
13206,658;93
13207,658;92
13208,658;87
13209,658;101
13210,658;1901
13211,658;11347
13212,658;89
13213,658;83
13214,658;91
13215,658;105
13216,658;1927
13217,658;11356
13218,658;85
13219,658;87
13220,658;96
13221,658;99
13222,658;1894
13223,658;11378
13224,658;88
13225,658;101
13226,658;102
13227,658;93
13228,658;1912
13229,658;11368
13230,658;92
13231,658;88
13232,658;91
13233,658;103
13232,658;1874
13233,658;11327
13234,658;95
13235,658;87
13236,658;103
13237,658;115
13238,658;1901
13239,658;11339
13240,658;81
13241,658;82
13242,658;91
13243,658;89
13244,658;1952
13245,658;11259
13246,658;92
13247,658;90
13248,658;93
13249,658;91
13250,658;1921
13251,658;11369
13252,658;84
13253,658;105
13254,658;92
13255,658;90
13256,658;1991
13257,658;11247
13258,658;94
13259,658;87
13260,658;88
13261,658;93
13262,658;1922
13263,658;11357
13264,658;77
13265,658;85
13266,658;91
13267,658;97
13268,658;1887
13269,658;11351
13270,658;83
13271,658;84
13272,658;87
13273,658;99
13274,658;1881
13275,658;11373
13276,658;90
13277,658;107
13278,658;99
13279,658;98
13280,658;1919
13281,658;11334
13282,658;94
13283,658;87
13284,658;98
13285,658;82
13286,658;1898
13287,658;11364
13288,658;95
13289,658;83
13290,658;92
13291,658;77
13292,658;1868
13293,658;11350
13294,658;91
13295,658;97
13296,658;104
13297,658;74
13298,658;1901
13299,658;11333
13300,658;79
13301,658;105
13302,658;94
13303,658;104
13304,658;1901
13305,658;11362
13306,658;97
13307,658;75
13308,658;106
13309,658;100
13310,658;1894
13311,658;11352
13312,658;80
13313,658;85
13314,658;76
13315,658;102
13316,658;1877
13317,658;11394
13318,658;76
13319,658;95
13320,658;90
13321,658;100
13322,658;1889
13323,658;11360
13324,658;72
13325,658;92
13326,658;95
13327,658;78
13328,658;1892
13329,658;11381
13330,658;92
13331,658;101
13332,658;72
13334,89;91
13335,89;1881
13336,89;11366
13337,89;73
13338,89;93
13339,89;90
13340,89;91
13341,89;1905
13342,89;11379
13343,89;80
13344,89;79
13345,89;100
13346,89;91
13347,89;1909
13348,89;11351
13349,89;78
13350,89;91
13351,89;84
13352,89;79
13353,89;1878
13354,89;11393
13355,89;74
13356,89;77
13357,89;78
13358,89;91
13359,89;1854
13360,89;11386
13361,89;84
13362,89;87
13363,89;83
13364,89;96
13365,89;1860
13366,89;11354
13367,89;61
13368,89;78
13369,89;81
13370,89;101
13371,89;1876
13372,89;11377
13373,89;82
13374,89;82
13375,89;68
13376,89;101
13377,89;1897
13378,89;11338
13379,89;96
13380,89;93
13381,89;77
13382,89;85
13383,89;1900
13384,89;11364
13385,89;84
13386,89;69
13387,89;83
13388,89;86
13389,89;1865
13390,89;11368
13391,89;67
13392,89;85
13393,89;68
13394,89;104
13395,89;1850
13396,89;11377
13397,89;66
13398,89;90
13399,89;84
13400,89;81
13401,89;1870
13402,89;11420
13403,89;63
13404,89;77
13405,89;84
13406,89;87
13407,89;1878
13408,89;11371
13409,89;78
13410,89;69
13411,89;87
13412,89;93
13413,89;1862
13414,89;11353
13415,89;66
13416,89;76
13417,89;90
13418,89;107
13419,89;1834
13420,89;11408
13421,89;71
13422,89;91
13423,89;75
13424,89;81
13425,89;1848
13426,89;11387
13427,89;79
13428,89;73
13429,89;86
13430,89;70
13431,89;1827
13432,89;11391
13433,89;65
13434,89;72
13435,02;72
13436,02;86
13437,02;1828
13438,02;11395
13439,02;76
13440,02;71
13441,02;63
13442,02;85
13443,02;1541
13444,02;11363
13445,02;66
13446,02;101
13447,02;92
13448,02;74
13449,02;1760
13450,02;11372
13451,02;70
13452,02;84
13453,02;84
13454,02;79
13455,02;1844
13456,02;11376
13457,02;66
13458,02;90
13459,02;82
13460,02;70
13461,02;1924
13462,02;11301
13463,02;88
13464,02;81
13465,02;89
13466,02;78
13467,02;1851
13468,02;11383
13469,02;87
13470,02;77
13471,02;68
13472,02;82
13473,02;1866
13474,02;11400
13475,02;72
13476,02;78
13477,02;80
13478,02;76
13479,02;1893
13480,02;11396
13481,02;68
13482,02;85
13483,02;85
13484,02;88
13485,02;1921
13486,02;11340
13487,02;96
13488,02;72
13489,02;87
13490,02;88
13491,02;1861
13492,02;11406
13493,02;76
13494,02;77
13495,02;88
13496,02;70
13497,02;1840
13498,02;11404
13499,02;66
13500,02;102
13501,02;95
13502,02;95
13503,02;1845
13504,02;11375
13505,02;73
13506,02;73
13507,02;84
13508,02;95
13509,02;1905
13510,02;11347
13511,02;68
13512,02;77
13513,02;80
13514,02;92
13515,02;1863
13516,02;11434
13517,02;80
13518,02;86
13519,02;104
13520,02;103
13521,02;1853
13522,02;11412
13523,02;73
13524,02;90
13525,02;73
13526,02;80
13527,02;1848
13528,02;11393
13529,02;88
13530,02;91
13531,02;87
13532,02;105
13533,02;1845
13534,02;11371
13535,02;76
13536,663;83
13537,663;99
13538,663;93
13539,663;1854
13540,663;11411
13541,663;85
13542,663;80
13543,663;80
13544,663;107
13545,663;1833
13546,663;11409
13547,663;84
13548,663;91
13549,663;94
13550,663;86
13551,663;1826
13552,663;11385
13553,663;78
13554,663;81
13555,663;88
13556,663;69
13557,663;1836
13558,663;11430
13559,663;80
13560,663;71
13561,663;106
13562,663;90
13563,663;1877
13564,663;11383
13565,663;69
13566,663;79
13567,663;97
13568,663;89
13569,663;1835
13570,663;11411
13571,663;76
13572,663;94
13573,663;95
13574,663;79
13575,663;1845
13576,663;11411
13577,663;104
13578,663;89
13579,663;77
13580,663;86
13581,663;1958
13582,663;11288
13583,663;74
13584,663;98
13585,663;102
13586,663;108
13587,663;1854
13588,663;11402
13589,663;85
13590,663;75
13591,663;69
13592,663;98
13593,663;1818
13594,663;11397
13595,663;73
13596,663;86
13597,663;89
13598,663;84
13599,663;1829
13600,663;11379
13601,663;90
13602,663;75
13603,663;88
13604,663;100
13605,663;1856
13606,663;11387
13607,663;92
13608,663;73
13609,663;124
13610,663;93
13611,663;1824
13612,663;11414
13613,663;94
13614,663;84
13615,663;96
13616,663;106
13617,663;1832
13618,663;11415
13619,663;81
13620,663;85
13621,663;81
13622,663;74
13623,663;1819
13624,663;11437
13625,663;85
13626,663;111
13627,663;104
13628,663;93
13629,663;1800
13630,663;11404
13631,663;88
13632,663;81
13633,663;100
13634,663;76
13635,663;1825
13636,663;11403
13637,323;84
13638,323;86
13639,323;89
13640,323;104
13641,323;1837
13642,323;11420
13643,323;81
13644,323;87
13645,323;95
13646,323;97
13647,323;1849
13648,323;11422
13649,323;82
13650,323;99
13651,323;91
13652,323;92
13653,323;1819
13654,323;11428
13655,323;71
13656,323;84
13657,323;87
13658,323;89
13659,323;1813
13660,323;11419
13661,323;86
13662,323;84
13663,323;108
13664,323;84
13665,323;1823
13666,323;11406
13667,323;80
13668,323;89
13669,323;95
13670,323;117
13671,323;1836
13672,323;11432
13673,323;91
13674,323;91
13675,323;99
13676,323;90
13677,323;1822
13678,323;11433
13679,323;66
13680,323;87
13681,323;100
13682,323;97
13683,323;1825
13684,323;11443
13685,323;81
13686,323;77
13687,323;95
13688,323;96
13689,323;1821
13690,323;11437
13691,323;82
13692,323;81
13693,323;104
13694,323;86
13695,323;1833
13696,323;11427
13697,323;94
13698,323;105
13699,323;108
13700,323;102
13701,323;1838
13702,323;11402
13703,323;84
13704,323;101
13705,323;93
13706,323;87
13707,323;1838
13708,323;11447
13709,323;97
13710,323;87
13711,323;111
13712,323;103
13713,323;1822
13714,323;11433
13715,323;86
13716,323;92
13717,323;86
13718,323;75
13719,323;1845
13720,323;11455
13721,323;99
13722,323;96
13723,323;92
13724,323;93
13725,323;1830
13726,323;11440
13727,323;78
13728,323;80
13729,323;88
13730,323;116
13731,323;1818
13732,323;11444
13733,323;79
13734,323;76
13735,323;84
13736,323;79
13737,323;1832
13738,323;11451
13739,323;94
13740,323;103
13741,323;99
13742,323;94
13743,323;1817
13744,323;11459
13745,323;93
13746,323;93
13747,323;108
13748,323;101
13749,323;1795
13750,323;11472
13751,323;102
13752,323;94
13753,323;106
13754,323;94
13755,323;1465
13756,323;11465
13757,323;75
13758,323;114
13759,323;103
13760,323;101
13761,323;1769
13762,323;11452
13763,323;87
13764,323;105
13765,323;94
13766,323;103
13767,323;1802
13768,323;11484
13769,323;96
13770,323;106
13771,323;98
13772,323;81
13773,323;1796
13774,323;11456
13775,323;101
13776,323;105
13777,323;87
13778,323;97
13779,323;1833
13780,323;11433
13781,323;81
13782,323;91
13783,323;99
13784,323;79
13785,323;1830
13786,323;11432
13787,323;90
13788,323;82
13789,323;94
13790,323;103
13791,323;1819
13792,323;11416
13793,323;85
13794,323;72
13795,323;99
13796,323;102
13797,323;1854
13798,323;11413
13799,323;84
13800,323;102
13801,323;108
13802,323;82
13803,323;1819
13804,323;11443
13805,323;69
13806,323;81
13807,323;104
13808,323;93
13809,323;1798
13810,323;11494
13811,323;86
13812,323;102
13813,323;94
13814,323;99
13815,323;1825
13816,323;11429
13817,323;83
13818,323;100
13819,323;109
13820,323;88
13821,323;1812
13822,323;11463
13823,323;86
13824,323;76
13825,323;94
13826,323;93
13827,323;1818
13828,323;11435
13829,323;85
13830,323;83
13831,323;84
13832,323;116
13833,323;1845
13834,323;11446
13835,323;72
13836,323;91
13837,323;101
13838,323;97
13839,395;1793
13840,395;11439
13841,395;73
13842,395;78
13843,395;102
13844,395;118
13845,395;1810
13846,395;11468
13847,395;90
13848,395;92
13849,395;82
13850,395;68
13851,395;1801
13852,395;11468
13853,395;92
13854,395;106
13855,395;95
13856,395;98
13857,395;1775
13858,395;11447
13859,395;73
13860,395;95
13861,395;103
13862,395;112
13863,395;1797
13864,395;11429
13865,395;72
13866,395;97
13867,395;86
13868,395;94
13869,395;1800
13870,395;11447
13871,395;79
13872,395;89
13873,395;96
13874,395;96
13875,395;1775
13876,395;11449
13877,395;83
13878,395;93
13879,395;90
13880,395;103
13881,395;1795
13882,395;11460
13883,395;77
13884,395;73
13885,395;94
13886,395;90
13887,395;1786
13888,395;11419
13889,395;75
13890,395;80
13891,395;94
13892,395;76
13893,395;1771
13894,395;11444
13895,395;89
13896,395;90
13897,395;101
13898,395;104
13899,395;1782
13900,395;11471
13901,395;84
13902,395;86
13903,395;92
13904,395;86
13905,395;1800
13906,395;11466
13907,395;96
13908,395;84
13909,395;95
13910,395;92
13911,395;1777
13912,395;11478
13913,395;92
13914,395;88
13915,395;84
13916,395;93
13917,395;1778
13918,395;11468
13919,395;78
13920,395;104
13921,395;103
13922,395;90
13923,395;1789
13924,395;11461
13925,395;100
13926,395;98
13927,395;78
13928,395;82
13929,395;1785
13930,395;11473
13931,395;97
13932,395;97
13933,395;95
13934,395;98
13935,395;1778
13936,395;11460
13937,395;107
13938,395;87
13939,395;85
13939,99;101
13940,99;1779
13941,99;11447
13942,99;77
13943,99;102
13944,99;76
13945,99;79
13946,99;1790
13947,99;11460
13948,99;85
13949,99;77
13950,99;94
13951,99;101
13952,99;1774
13953,99;11475
13954,99;96
13955,99;82
13956,99;90
13957,99;88
13958,99;1758
13959,99;11468
13960,99;85
13961,99;94
13962,99;91
13963,99;84
13964,99;1886
13965,99;11378
13966,99;67
13967,99;69
13968,99;88
13969,99;101
13970,99;1753
13971,99;11465
13972,99;88
13973,99;89
13974,99;98
13975,99;78
13976,99;1777
13977,99;11454
13978,99;86
13979,99;85
13980,99;95
13981,99;83
13982,99;1790
13983,99;11463
13984,99;66
13985,99;84
13986,99;81
13987,99;82
13988,99;1749
13989,99;11486
13990,99;68
13991,99;87
13992,99;91
13993,99;80
13994,99;1763
13995,99;11447
13996,99;63
13997,99;83
13998,99;104
13999,99;89
14000,99;1809
14001,99;11459
14002,99;78
14003,99;69
14004,99;77
14005,99;73
14006,99;1783
14007,99;11476
14008,99;90
14009,99;71
14010,99;84
14011,99;83
14012,99;1763
14013,99;11463
14014,99;74
14015,99;83
14016,99;74
14017,99;107
14018,99;1870
14019,99;11340
14020,99;66
14021,99;103
14022,99;80
14023,99;85
14024,99;1779
14025,99;11481
14026,99;76
14027,99;79
14028,99;86
14029,99;71
14030,99;1761
14031,99;11480
14032,99;67
14033,99;90
14034,99;91
14035,99;68
14036,99;1775
14037,99;11473
14038,99;67
14039,99;74
14040,786;74
14041,786;76
14042,786;1768
14043,786;11504
14044,786;65
14045,786;78
14046,786;87
14047,786;80
14048,786;1742
14049,786;11503
14050,786;83
14051,786;98
14052,786;76
14053,786;79
14054,786;1739
14055,786;11487
14056,786;80
14057,786;74
14058,786;82
14059,786;92
14060,786;1748
14061,786;11451
14062,786;74
14063,786;86
14064,786;72
14065,786;73
14066,786;1354
14067,786;11503
14068,786;72
14069,786;70
14070,786;79
14071,786;62
14072,786;1661
14073,786;11514
14074,786;76
14075,786;79
14076,786;91
14077,786;96
14078,786;1827
14079,786;11407
14080,786;77
14081,786;72
14082,786;77
14083,786;75
14084,786;1865
14085,786;11377
14086,786;71
14087,786;73
14088,786;76
14089,786;92
14090,786;1814
14091,786;11448
14092,786;85
14093,786;93
14094,786;75
14095,786;89
14096,786;1747
14097,786;11505
14098,786;67
14099,786;68
14100,786;96
14101,786;89
14102,786;1785
14103,786;11482
14104,786;85
14105,786;80
14106,786;80
14107,786;89
14108,786;1770
14109,786;11451
14110,786;90
14111,786;85
14112,786;99
14113,786;85
14114,786;1746
14115,786;11475
14116,786;77
14117,786;62
14118,786;101
14119,786;85
14120,786;1770
14121,786;11519
14122,786;83
14123,786;99
14124,786;98
14125,786;76
14126,786;1784
14127,786;11488
14128,786;91
14129,786;64
14130,786;101
14131,786;83
14132,786;1768
14133,786;11512
14134,786;80
14135,786;76
14136,786;78
14137,786;92
14138,786;1855
14139,786;11425
14140,786;80
14142,47;80
14143,47;83
14144,47;108
14145,47;1832
14146,47;11464
14147,47;83
14148,47;74
14149,47;83
14150,47;92
14151,47;1750
14152,47;11499
14153,47;90
14154,47;89
14155,47;75
14156,47;108
14157,47;1735
14158,47;11496
14159,47;84
14160,47;109
14161,47;82
14162,47;87
14163,47;1764
14164,47;11492
14165,47;92
14166,47;90
14167,47;81
14168,47;89
14169,47;1754
14170,47;11515
14171,47;69
14172,47;85
14173,47;74
14174,47;93
14175,47;1735
14176,47;11510
14177,47;73
14178,47;94
14179,47;101
14180,47;92
14181,47;1737
14182,47;11475
14183,47;88
14184,47;95
14185,47;105
14186,47;96
14187,47;1770
14188,47;11485
14189,47;74
14190,47;93
14191,47;78
14192,47;99
14193,47;1736
14194,47;11512
14195,47;77
14196,47;88
14197,47;84
14198,47;85
14199,47;1729
14200,47;11521
14201,47;86
14202,47;82
14203,47;91
14204,47;84
14205,47;1744
14206,47;11525
14207,47;82
14208,47;103
14209,47;82
14210,47;75
14211,47;1736
14212,47;11509
14213,47;75
14214,47;78
14215,47;83
14216,47;96
14217,47;1734
14218,47;11516
14219,47;93
14220,47;86
14221,47;97
14222,47;79
14223,47;1735
14224,47;11491
14225,47;80
14226,47;92
14227,47;83
14228,47;94
14229,47;1708
14230,47;11514
14231,47;77
14232,47;86
14233,47;80
14234,47;94
14235,47;1735
14236,47;11501
14237,47;97
14238,47;91
14239,47;91
14240,47;98
14241,47;1753
14242,47;11501
14243,47;93
14244,47;93
14245,47;105
14246,47;86
14247,47;1734
14248,47;11515
14249,47;91
14250,47;101
14251,47;87
14252,47;86
14253,47;1803
14254,47;11420
14255,47;74
14256,47;99
14257,47;68
14258,47;81
14259,47;1752
14260,47;11520
14261,47;81
14262,47;87
14263,47;105
14264,47;104
14265,47;1713
14266,47;11506
14267,47;90
14268,47;91
14269,47;99
14270,47;102
14271,47;1710
14272,47;11528
14273,47;83
14274,47;85
14275,47;98
14276,47;97
14277,47;1718
14278,47;11526
14279,47;80
14280,47;79
14281,47;104
14282,47;95
14283,47;1745
14284,47;11502
14285,47;83
14286,47;98
14287,47;89
14288,47;96
14289,47;1809
14290,47;11459
14291,47;83
14292,47;95
14293,47;90
14294,47;89
14295,47;1740
14296,47;11536
14297,47;88
14298,47;87
14299,47;89
14300,47;87
14301,47;1726
14302,47;11532
14303,47;79
14304,47;86
14305,47;98
14306,47;110
14307,47;1728
14308,47;11514
14309,47;87
14310,47;95
14311,47;90
14312,47;87
14313,47;1746
14314,47;11519
14315,47;83
14316,47;100
14317,47;100
14318,47;81
14319,47;1741
14320,47;11551
14321,47;80
14322,47;96
14323,47;76
14324,47;109
14325,47;1734
14326,47;11514
14327,47;81
14328,47;117
14329,47;89
14330,47;95
14331,47;1741
14332,47;11504
14333,47;79
14334,47;87
14335,47;100
14336,47;81
14337,47;1702
14338,47;11517
14339,47;100
14340,47;100
14341,47;103
14342,47;101
14343,47;1720
14344,419;11516
14345,419;92
14346,419;84
14347,419;87
14348,419;109
14349,419;1715
14350,419;11564
14351,419;92
14352,419;84
14353,419;89
14354,419;102
14355,419;1735
14356,419;11549
14357,419;81
14358,419;97
14359,419;104
14360,419;97
14361,419;1729
14362,419;11545
14363,419;80
14364,419;80
14365,419;107
14366,419;92
14367,419;1741
14368,419;11536
14369,419;94
14370,419;95
14371,419;97
14372,419;106
14373,419;1720
14374,419;11517
14375,419;91
14376,419;93
14377,419;105
14378,419;115
14379,419;1381
14380,419;11552
14381,419;105
14382,419;98
14383,419;98
14384,419;111
14385,419;1681
14386,419;11516
14387,419;82
14388,419;87
14389,419;90
14390,419;106
14391,419;1744
14392,419;11542
14393,419;79
14394,419;90
14395,419;93
14396,419;99
14397,419;1744
14398,419;11527
14399,419;86
14400,419;102
14401,419;100
14402,419;105
14403,419;1723
14404,419;11511
14405,419;80
14406,419;94
14407,419;105
14408,419;83
14409,419;1832
14410,419;11413
14411,419;93
14412,419;94
14413,419;96
14414,419;93
14415,419;1742
14416,419;11535
14417,419;90
14418,419;88
14419,419;101
14420,419;84
14421,419;1737
14422,419;11545
14423,419;72
14424,419;90
14425,419;81
14426,419;77
14427,419;1756
14428,419;11532
14429,419;77
14430,419;83
14431,419;89
14432,419;93
14433,419;1737
14434,419;11550
14435,419;113
14436,419;74
14437,419;87
14438,419;92
14439,419;1730
14440,419;11540
14441,419;77
14442,419;73
14443,419;111
14444,419;97
14445,209;1742
14446,209;11495
14447,209;78
14448,209;74
14449,209;93
14450,209;94
14451,209;1718
14452,209;11508
14453,209;74
14454,209;103
14455,209;77
14456,209;98
14457,209;1708
14458,209;11529
14459,209;84
14460,209;93
14461,209;108
14462,209;79
14463,209;1741
14464,209;11533
14465,209;89
14466,209;83
14467,209;92
14468,209;88
14469,209;1699
14470,209;11540
14471,209;104
14472,209;75
14473,209;85
14474,209;97
14475,209;1709
14476,209;11557
14477,209;88
14478,209;77
14479,209;91
14480,209;89
14481,209;1732
14482,209;11542
14483,209;88
14484,209;99
14485,209;96
14486,209;95
14487,209;1723
14488,209;11584
14489,209;93
14490,209;98
14491,209;95
14492,209;74
14493,209;1711
14494,209;11556
14495,209;95
14496,209;87
14497,209;97
14498,209;97
14499,209;1714
14500,209;11554
14501,209;96
14502,209;96
14503,209;91
14504,209;100
14505,209;1719
14506,209;11545
14507,209;86
14508,209;101
14509,209;71
14510,209;93
14511,209;1699
14512,209;11582
14513,209;78
14514,209;83
14515,209;76
14516,209;107
14517,209;1685
14518,209;11566
14519,209;86
14520,209;115
14521,209;83
14522,209;86
14523,209;1726
14524,209;11557
14525,209;77
14526,209;82
14527,209;96
14528,209;88
14529,209;1706
14530,209;11535
14531,209;75
14532,209;84
14533,209;83
14534,209;91
14535,209;1711
14536,209;11543
14537,209;66
14538,209;86
14539,209;94
14540,209;95
14541,209;1697
14542,209;11571
14543,209;94
14544,209;85
14545,209;79
14545,755;92
14546,755;1711
14547,755;11588
14548,755;93
14549,755;114
14550,755;90
14551,755;85
14552,755;1674
14553,755;11584
14554,755;81
14555,755;85
14556,755;81
14557,755;99
14558,755;1702
14559,755;11561
14560,755;86
14561,755;89
14562,755;93
14563,755;82
14564,755;1706
14565,755;11582
14566,755;80
14567,755;93
14568,755;79
14569,755;99
14570,755;1720
14571,755;11587
14572,755;69
14573,755;88
14574,755;92
14575,755;89
14576,755;1667
14577,755;11532
14578,755;100
14579,755;82
14580,755;87
14581,755;89
14582,755;1708
14583,755;11574
14584,755;77
14585,755;87
14586,755;89
14587,755;85
14588,755;1698
14589,755;11567
14590,755;89
14591,755;87
14592,755;71
14593,755;99
14594,755;1674
14595,755;11542
14596,755;80
14597,755;97
14598,755;100
14599,755;86
14600,755;1702
14601,755;11562
14602,755;86
14603,755;88
14604,755;93
14605,755;86
14606,755;1693
14607,755;11583
14608,755;86
14609,755;92
14610,755;78
14611,755;111
14612,755;1658
14613,755;11588
14614,755;73
14615,755;71
14616,755;92
14617,755;69
14618,755;1694
14619,755;11573
14620,755;84
14621,755;92
14622,755;96
14623,755;71
14624,755;1697
14625,755;11573
14626,755;81
14627,755;82
14628,755;96
14629,755;97
14630,755;1677
14631,755;11558
14632,755;79
14633,755;76
14634,755;75
14635,755;89
14636,755;1686
14637,755;11568
14638,755;83
14639,755;74
14640,755;92
14641,755;100
14642,755;1679
14643,755;11581
14644,755;81
14645,755;85
14647,033;96
14648,033;92
14649,033;1676
14650,033;11606
14651,033;90
14652,033;85
14653,033;85
14654,033;76
14655,033;1683
14656,033;11553
14657,033;78
14658,033;85
14659,033;84
14660,033;73
14661,033;1694
14662,033;11590
14663,033;72
14664,033;76
14665,033;75
14666,033;84
14667,033;1683
14668,033;11599
14669,033;82
14670,033;77
14671,033;80
14672,033;84
14673,033;1717
14674,033;11521
14675,033;63
14676,033;70
14677,033;85
14678,033;88
14679,033;1651
14680,033;11528
14681,033;85
14682,033;76
14683,033;84
14684,033;87
14685,033;1669
14686,033;11599
14687,033;74
14688,033;67
14689,033;73
14690,033;82
14691,033;1386
14692,033;11526
14693,033;64
14694,033;57
14695,033;73
14696,033;92
14697,033;1590
14698,033;11590
14699,033;57
14700,033;61
14701,033;74
14702,033;89
14703,033;1635
14704,033;11592
14705,033;83
14706,033;67
14707,033;67
14708,033;87
14709,033;1658
14710,033;11617
14711,033;63
14712,033;82
14713,033;79
14714,033;84
14715,033;1663
14716,033;11594
14717,033;82
14718,033;86
14719,033;100
14720,033;83
14721,033;1686
14722,033;11587
14723,033;77
14724,033;87
14725,033;87
14726,033;83
14727,033;1666
14728,033;11579
14729,033;70
14730,033;100
14731,033;95
14732,033;89
14733,033;1666
14734,033;11601
14735,033;76
14736,033;89
14737,033;97
14738,033;81
14739,033;1677
14740,033;11606
14741,033;85
14742,033;80
14743,033;92
14744,033;85
14745,033;1686
14746,033;11581
14747,033;70
14748,033;84
14749,033;79
14750,033;83
14751,033;1665
14752,033;11598
14753,033;83
14754,033;93
14755,033;84
14756,033;86
14757,033;1651
14758,033;11609
14759,033;72
14760,033;86
14761,033;84
14762,033;75
14763,033;1684
14764,033;11588
14765,033;75
14766,033;86
14767,033;96
14768,033;96
14769,033;1642
14770,033;11605
14771,033;88
14772,033;98
14773,033;73
14774,033;94
14775,033;1665
14776,033;11608
14777,033;64
14778,033;94
14779,033;88
14780,033;88
14781,033;1686
14782,033;11576
14783,033;81
14784,033;94
14785,033;99
14786,033;80
14787,033;1665
14788,033;11588
14789,033;83
14790,033;85
14791,033;94
14792,033;91
14793,033;1755
14794,033;11483
14795,033;100
14796,033;72
14797,033;94
14798,033;92
14799,033;1666
14800,033;11598
14801,033;76
14802,033;78
14803,033;102
14804,033;70
14805,033;1680
14806,033;11575
14807,033;82
14808,033;88
14809,033;79
14810,033;83
14811,033;1669
14812,033;11599
14813,033;71
14814,033;97
14815,033;89
14816,033;86
14817,033;1663
14818,033;11610
14819,033;81
14820,033;88
14821,033;81
14822,033;105
14823,033;1658
14824,033;11559
14825,033;63
14826,033;97
14827,033;91
14828,033;81
14829,033;1656
14830,033;11592
14831,033;71
14832,033;93
14833,033;88
14834,033;83
14835,033;1646
14836,033;11624
14837,033;76
14838,033;86
14839,033;78
14840,033;104
14841,033;1666
14842,033;11601
14843,033;92
14844,033;90
14845,033;106
14846,033;94
14847,033;1668
14848,033;11623
14849,062;65
14850,062;83
14851,062;85
14852,062;92
14853,062;1651
14854,062;11617
14855,062;99
14856,062;88
14857,062;94
14858,062;90
14859,062;1667
14860,062;11606
14861,062;69
14862,062;95
14863,062;83
14864,062;95
14865,062;1638
14866,062;11625
14867,062;79
14868,062;78
14869,062;79
14870,062;83
14871,062;1630
14872,062;11622
14873,062;84
14874,062;82
14875,062;88
14876,062;96
14877,062;1626
14878,062;11646
14879,062;81
14880,062;82
14881,062;89
14882,062;87
14883,062;1651
14884,062;11611
14885,062;77
14886,062;82
14887,062;98
14888,062;83
14889,062;1703
14890,062;11598
14891,062;95
14892,062;73
14893,062;102
14894,062;68
14895,062;1667
14896,062;11651
14897,062;86
14898,062;99
14899,062;100
14900,062;101
14901,062;1644
14902,062;11617
14903,062;68
14904,062;94
14905,062;90
14906,062;111
14907,062;1677
14908,062;11629
14909,062;106
14910,062;85
14911,062;107
14912,062;82
14913,062;1659
14914,062;11592
14915,062;89
14916,062;84
14917,062;81
14918,062;109
14919,062;1662
14920,062;11617
14921,062;75
14922,062;90
14923,062;89
14924,062;99
14925,062;1663
14926,062;11617
14927,062;85
14928,062;91
14929,062;92
14930,062;83
14931,062;1635
14932,062;11621
14933,062;86
14934,062;93
14935,062;94
14936,062;112
14937,062;1647
14938,062;11608
14939,062;79
14940,062;83
14941,062;93
14942,062;109
14943,062;1641
14944,062;11623
14945,062;78
14946,062;112
14947,062;81
14948,062;98
14949,062;1660
14950,658;11574
14951,658;77
14952,658;107
14953,658;99
14954,658;76
14955,658;1627
14956,658;11634
14957,658;66
14958,658;101
14959,658;84
14960,658;91
14961,658;1652
14962,658;11634
14963,658;77
14964,658;97
14965,658;106
14966,658;107
14967,658;1643
14968,658;11629
14969,658;83
14970,658;83
14971,658;110
14972,658;92
14973,658;1652
14974,658;11658
14975,658;85
14976,658;104
14977,658;115
14978,658;71
14979,658;1665
14980,658;11642
14981,658;90
14982,658;83
14983,658;89
14984,658;73
14985,658;1638
14986,658;11630
14987,658;82
14988,658;86
14989,658;90
14990,658;99
14991,658;1667
14992,658;11665
14993,658;97
14994,658;94
14995,658;109
14996,658;93
14997,658;1634
14998,658;11649
14999,658;64
15000,658;92
15001,658;90
15002,658;97
15003,658;1273
15004,658;11694
15005,658;98
15006,658;79
15007,658;90
15008,658;102
15009,658;1646
15010,658;11613
15011,658;72
15012,658;81
15013,658;98
15014,658;112
15015,658;1639
15016,658;11634
15017,658;98
15018,658;85
15019,658;110
15020,658;86
15021,658;1663
15022,658;11633
15023,658;91
15024,658;107
15025,658;83
15026,658;100
15027,658;1642
15028,658;11645
15029,658;81
15030,658;92
15031,658;86
15032,658;97
15033,658;1654
15034,658;11653
15035,658;93
15036,658;81
15037,658;91
15038,658;96
15039,658;1674
15040,658;11613
15041,658;91
15042,658;87
15043,658;91
15044,658;82
15045,658;1638
15046,658;11632
15047,658;77
15048,658;83
15049,658;101
15050,658;97
15051,782;1664
15052,782;11644
15053,782;81
15054,782;86
15055,782;96
15056,782;89
15057,782;1645
15058,782;11654
15059,782;95
15060,782;86
15061,782;80
15062,782;77
15063,782;1656
15064,782;11627
15065,782;74
15066,782;92
15067,782;93
15068,782;80
15069,782;1610
15070,782;11651
15071,782;95
15072,782;100
15073,782;88
15074,782;95
15075,782;1607
15076,782;11649
15077,782;90
15078,782;114
15079,782;94
15080,782;101
15081,782;1668
15082,782;11643
15083,782;97
15084,782;102
15085,782;103
15086,782;95
15087,782;1652
15088,782;11652
15089,782;72
15090,782;88
15091,782;77
15092,782;105
15093,782;1616
15094,782;11664
15095,782;87
15096,782;98
15097,782;90
15098,782;83
15099,782;1637
15100,782;11639
15101,782;81
15102,782;80
15103,782;97
15104,782;81
15105,782;1642
15106,782;11648
15107,782;87
15108,782;103
15109,782;76
15110,782;103
15111,782;1604
15112,782;11679
15113,782;91
15114,782;77
15115,782;85
15116,782;91
15117,782;1623
15118,782;11650
15119,782;74
15120,782;87
15121,782;86
15122,782;85
15123,782;1612
15124,782;11635
15125,782;92
15126,782;75
15127,782;86
15128,782;105
15129,782;1618
15130,782;11660
15131,782;94
15132,782;80
15133,782;88
15134,782;89
15135,782;1590
15136,782;11644
15137,782;98
15138,782;84
15139,782;99
15140,782;86
15141,782;1626
15142,782;11668
15143,782;86
15144,782;80
15145,782;111
15146,782;85
15147,782;1605
15148,782;11678
15149,782;79
15150,782;78
15151,782;95
15152,421;103
15153,421;1611
15154,421;11655
15155,421;94
15156,421;91
15157,421;87
15158,421;98
15159,421;1609
15160,421;11674
15161,421;70
15162,421;80
15163,421;86
15164,421;98
15165,421;1610
15166,421;11657
15167,421;55
15168,421;94
15169,421;107
15170,421;97
15171,421;1609
15172,421;11651
15173,421;70
15174,421;76
15175,421;91
15176,421;70
15177,421;1622
15178,421;11648
15179,421;70
15180,421;95
15181,421;114
15182,421;96
15183,421;1630
15184,421;11632
15185,421;73
15186,421;89
15187,421;102
15188,421;98
15189,421;1590
15190,421;11679
15191,421;78
15192,421;72
15193,421;94
15194,421;93
15195,421;1583
15196,421;11651
15197,421;92
15198,421;76
15199,421;92
15200,421;90
15201,421;1598
15202,421;11667
15203,421;73
15204,421;84
15205,421;93
15206,421;97
15207,421;1567
15208,421;11680
15209,421;83
15210,421;92
15211,421;89
15212,421;83
15213,421;1591
15214,421;11669
15215,421;75
15216,421;99
15217,421;87
15218,421;82
15219,421;1580
15220,421;11668
15221,421;85
15222,421;73
15223,421;91
15224,421;84
15225,421;1615
15226,421;11689
15227,421;67
15228,421;106
15229,421;102
15230,421;96
15231,421;1601
15232,421;11667
15233,421;83
15234,421;85
15235,421;90
15236,421;97
15237,421;1560
15238,421;11678
15239,421;77
15240,421;109
15241,421;94
15242,421;95
15243,421;1606
15244,421;11675
15245,421;68
15246,421;83
15247,421;91
15248,421;85
15249,421;1593
15250,421;11679
15251,421;71
15252,421;77
15252,853;91
15253,853;85
15254,853;1558
15255,853;11661
15256,853;67
15257,853;69
15258,853;97
15259,853;104
15260,853;1583
15261,853;11661
15262,853;77
15263,853;91
15264,853;79
15265,853;90
15266,853;1675
15267,853;11572
15268,853;71
15269,853;78
15270,853;78
15271,853;87
15272,853;1601
15273,853;11687
15274,853;99
15275,853;64
15276,853;69
15277,853;88
15278,853;1572
15279,853;11701
15280,853;74
15281,853;75
15282,853;75
15283,853;84
15284,853;1578
15285,853;11699
15286,853;79
15287,853;92
15288,853;79
15289,853;75
15290,853;1559
15291,853;11669
15292,853;69
15293,853;76
15294,853;63
15295,853;94
15296,853;1552
15297,853;11674
15298,853;77
15299,853;70
15300,853;87
15301,853;97
15302,853;1559
15303,853;11682
15304,853;81
15305,853;90
15306,853;73
15307,853;73
15308,853;1554
15309,853;11696
15310,853;70
15311,853;86
15312,853;74
15313,853;72
15314,853;1178
15315,853;11716
15316,853;80
15317,853;69
15318,853;90
15319,853;89
15320,853;1502
15321,853;11698
15322,853;71
15323,853;73
15324,853;79
15325,853;86
15326,853;1551
15327,853;11673
15328,853;66
15329,853;68
15330,853;76
15331,853;75
15332,853;1635
15333,853;11622
15334,853;68
15335,853;73
15336,853;83
15337,853;95
15338,853;1660
15339,853;11597
15340,853;75
15341,853;66
15342,853;94
15343,853;79
15344,853;1567
15345,853;11670
15346,853;83
15347,853;77
15348,853;75
15349,853;66
15350,853;1566
15351,853;11702
15352,853;79
15353,853;75
15354,853;73
15355,853;80
15356,853;1576
15357,853;11681
15358,853;84
15359,853;101
15360,853;84
15361,853;96
15362,853;1579
15363,853;11672
15364,853;78
15365,853;81
15366,853;84
15367,853;103
15368,853;1558
15369,853;11670
15370,853;86
15371,853;92
15372,853;93
15373,853;91
15374,853;1554
15375,853;11712
15376,853;76
15377,853;75
15378,853;77
15379,853;81
15380,853;1581
15381,853;11678
15382,853;67
15383,853;74
15384,853;92
15385,853;90
15386,853;1586
15387,853;11696
15388,853;83
15389,853;78
15390,853;74
15391,853;93
15392,853;1568
15393,853;11660
15394,853;85
15395,853;76
15396,853;86
15397,853;83
15398,853;1573
15399,853;11721
15400,853;82
15401,853;78
15402,853;93
15403,853;87
15404,853;1585
15405,853;11674
15406,853;95
15407,853;80
15408,853;93
15409,853;86
15410,853;1569
15411,853;11712
15412,853;97
15413,853;93
15414,853;97
15415,853;97
15416,853;1564
15417,853;11693
15418,853;81
15419,853;88
15420,853;89
15421,853;77
15422,853;1616
15423,853;11619
15424,853;81
15425,853;85
15426,853;89
15427,853;87
15428,853;1614
15429,853;11652
15430,853;74
15431,853;85
15432,853;92
15433,853;74
15434,853;1545
15435,853;11722
15436,853;88
15437,853;84
15438,853;93
15439,853;89
15440,853;1583
15441,853;11676
15442,853;76
15443,853;77
15444,853;89
15445,853;96
15446,853;1561
15447,853;11709
15448,853;85
15449,853;78
15450,853;97
15451,853;93
15452,853;1569
15453,853;11706
15455,527;88
15456,527;82
15457,527;97
15458,527;89
15459,527;1562
15460,527;11700
15461,527;74
15462,527;84
15463,527;86
15464,527;102
15465,527;1580
15466,527;11690
15467,527;89
15468,527;102
15469,527;86
15470,527;86
15471,527;1551
15472,527;11715
15473,527;79
15474,527;84
15475,527;96
15476,527;93
15477,527;1547
15478,527;11729
15479,527;72
15480,527;93
15481,527;89
15482,527;80
15483,527;1575
15484,527;11696
15485,527;83
15486,527;72
15487,527;86
15488,527;100
15489,527;1563
15490,527;11716
15491,527;97
15492,527;86
15493,527;94
15494,527;80
15495,527;1527
15496,527;11700
15497,527;89
15498,527;109
15499,527;90
15500,527;92
15501,527;1570
15502,527;11673
15503,527;91
15504,527;81
15505,527;89
15506,527;96
15507,527;1655
15508,527;11610
15509,527;93
15510,527;96
15511,527;81
15512,527;87
15513,527;1530
15514,527;11743
15515,527;78
15516,527;81
15517,527;86
15518,527;79
15519,527;1538
15520,527;11761
15521,527;76
15522,527;102
15523,527;91
15524,527;90
15525,527;1561
15526,527;11748
15527,527;81
15528,527;94
15529,527;87
15530,527;83
15531,527;1549
15532,527;11697
15533,527;77
15534,527;80
15535,527;96
15536,527;98
15537,527;1554
15538,527;11725
15539,527;87
15540,527;74
15541,527;100
15542,527;87
15543,527;1548
15544,527;11751
15545,527;75
15546,527;103
15547,527;84
15548,527;80
15549,527;1543
15550,527;11741
15551,527;96
15552,527;94
15553,527;91
15554,527;99
15555,527;1638
15556,927;11670
15557,927;93
15558,927;95
15559,927;97
15560,927;96
15561,927;1581
15562,927;11739
15563,927;99
15564,927;95
15565,927;85
15566,927;95
15567,927;1558
15568,927;11719
15569,927;63
15570,927;87
15571,927;87
15572,927;93
15573,927;1555
15574,927;11745
15575,927;110
15576,927;97
15577,927;91
15578,927;110
15579,927;1559
15580,927;11722
15581,927;96
15582,927;93
15583,927;101
15584,927;99
15585,927;1557
15586,927;11716
15587,927;104
15588,927;100
15589,927;89
15590,927;99
15591,927;1532
15592,927;11722
15593,927;82
15594,927;101
15595,927;105
15596,927;98
15597,927;1561
15598,927;11747
15599,927;90
15600,927;94
15601,927;93
15602,927;109
15603,927;1556
15604,927;11713
15605,927;100
15606,927;86
15607,927;80
15608,927;94
15609,927;1551
15610,927;11778
15611,927;85
15612,927;104
15613,927;97
15614,927;118
15615,927;1524
15616,927;11751
15617,927;88
15618,927;84
15619,927;111
15620,927;89
15621,927;1547
15622,927;11744
15623,927;79
15624,927;96
15625,927;88
15626,927;98
15627,927;1187
15628,927;11777
15629,927;85
15630,927;74
15631,927;90
15632,927;111
15633,927;1487
15634,927;11759
15635,927;73
15636,927;93
15637,927;92
15638,927;95
15639,927;1543
15640,927;11753
15641,927;93
15642,927;101
15643,927;93
15644,927;102
15645,927;1553
15646,927;11722
15647,927;73
15648,927;88
15649,927;87
15650,927;95
15651,927;1539
15652,927;11749
15653,927;93
15654,927;89
15655,927;87
15656,927;90
15657,457;1532
15658,457;11738
15659,457;90
15660,457;86
15661,457;88
15662,457;88
15663,457;1567
15664,457;11744
15665,457;99
15666,457;81
15667,457;108
15668,457;84
15669,457;1533
15670,457;11725
15671,457;80
15672,457;95
15673,457;108
15674,457;102
15675,457;1537
15676,457;11759
15677,457;86
15678,457;111
15679,457;105
15680,457;113
15681,457;1547
15682,457;11753
15683,457;67
15684,457;83
15685,457;95
15686,457;104
15687,457;1603
15688,457;11667
15689,457;76
15690,457;82
15691,457;87
15692,457;72
15693,457;1547
15694,457;11764
15695,457;87
15696,457;79
15697,457;111
15698,457;95
15699,457;1553
15700,457;11760
15701,457;87
15702,457;95
15703,457;99
15704,457;98
15705,457;1542
15706,457;11728
15707,457;78
15708,457;85
15709,457;84
15710,457;94
15711,457;1523
15712,457;11751
15713,457;98
15714,457;95
15715,457;100
15716,457;108
15717,457;1524
15718,457;11753
15719,457;102
15720,457;90
15721,457;93
15722,457;99
15723,457;1516
15724,457;11764
15725,457;84
15726,457;92
15727,457;88
15728,457;88
15729,457;1505
15730,457;11756
15731,457;76
15732,457;90
15733,457;87
15734,457;91
15735,457;1518
15736,457;11748
15737,457;84
15738,457;93
15739,457;106
15740,457;84
15741,457;1521
15742,457;11743
15743,457;82
15744,457;85
15745,457;100
15746,457;85
15747,457;1504
15748,457;11733
15749,457;78
15750,457;83
15751,457;92
15752,457;122
15753,457;1534
15754,457;11706
15755,457;82
15756,457;99
15757,457;69
15758,012;89
15759,012;1534
15760,012;11818
15761,012;82
15762,012;89
15763,012;92
15764,012;100
15765,012;1539
15766,012;11756
15767,012;69
15768,012;85
15769,012;77
15770,012;94
15771,012;1590
15772,012;11654
15773,012;84
15774,012;102
15775,012;86
15776,012;97
15777,012;1505
15778,012;11736
15779,012;106
15780,012;89
15781,012;94
15782,012;75
15783,012;1496
15784,012;11748
15785,012;101
15786,012;79
15787,012;95
15788,012;90
15789,012;1484
15790,012;11782
15791,012;76
15792,012;90
15793,012;82
15794,012;101
15795,012;1490
15796,012;11773
15797,012;88
15798,012;92
15799,012;99
15800,012;102
15801,012;1518
15802,012;11762
15803,012;84
15804,012;82
15805,012;81
15806,012;78
15807,012;1487
15808,012;11779
15809,012;80
15810,012;97
15811,012;93
15812,012;86
15813,012;1519
15814,012;11749
15815,012;72
15816,012;89
15817,012;96
15818,012;93
15819,012;1505
15820,012;11780
15821,012;68
15822,012;80
15823,012;84
15824,012;88
15825,012;1515
15826,012;11788
15827,012;93
15828,012;75
15829,012;81
15830,012;99
15831,012;1482
15832,012;11778
15833,012;88
15834,012;82
15835,012;87
15836,012;89
15837,012;1475
15838,012;11766
15839,012;72
15840,012;99
15841,012;110
15842,012;98
15843,012;1472
15844,012;11785
15845,012;67
15846,012;86
15847,012;94
15848,012;97
15849,012;1509
15850,012;11769
15851,012;76
15852,012;98
15853,012;93
15854,012;103
15855,012;1486
15856,012;11742
15857,012;83
15858,012;70
15859,012;90
15860,012;108
15861,012;1514
15862,012;11777
15863,012;66
15864,012;79
15865,012;83
15866,012;84
15867,012;1463
15868,012;11777
15869,012;83
15870,012;88
15871,012;91
15872,012;85
15873,012;1478
15874,012;11785
15875,012;84
15876,012;99
15877,012;101
15878,012;84
15879,012;1480
15880,012;11805
15881,012;90
15882,012;85
15883,012;80
15884,012;94
15885,012;1507
15886,012;11769
15887,012;87
15888,012;75
15889,012;71
15890,012;98
15891,012;1471
15892,012;11768
15893,012;71
15894,012;74
15895,012;105
15896,012;87
15897,012;1530
15898,012;11743
15899,012;74
15900,012;72
15901,012;77
15902,012;93
15903,012;1470
15904,012;11753
15905,012;70
15906,012;74
15907,012;76
15908,012;103
15909,012;1477
15910,012;11790
15911,012;71
15912,012;75
15913,012;76
15914,012;78
15915,012;1467
15916,012;11799
15917,012;79
15918,012;86
15919,012;85
15920,012;86
15921,012;1499
15922,012;11784
15923,012;52
15924,012;81
15925,012;86
15926,012;101
15927,012;1455
15928,012;11771
15929,012;78
15930,012;76
15931,012;82
15932,012;74
15933,012;1455
15934,012;11767
15935,012;75
15936,012;66
15937,012;85
15938,012;97
15939,012;1105
15940,012;11845
15941,012;77
15942,012;69
15943,012;68
15944,012;74
15945,012;1416
15946,012;11795
15947,012;81
15948,012;70
15949,012;82
15950,012;87
15951,012;1440
15952,012;11784
15953,012;74
15954,012;90
15955,012;86
15956,012;87
15957,012;1413
15958,012;11798
15959,012;81
15960,996;78
15961,996;81
15962,996;79
15963,996;1458
15964,996;11790
15965,996;73
15966,996;97
15967,996;97
15968,996;86
15969,996;1428
15970,996;11779
15971,996;85
15972,996;79
15973,996;102
15974,996;91
15975,996;1443
15976,996;11793
15977,996;82
15978,996;81
15979,996;95
15980,996;85
15981,996;1483
15982,996;11801
15983,996;79
15984,996;96
15985,996;82
15986,996;84
15987,996;1473
15988,996;11796
15989,996;88
15990,996;73
15991,996;87
15992,996;88
15993,996;1459
15994,996;11774
15995,996;77
15996,996;88
15997,996;81
15998,996;73
15999,996;1494
16000,996;11819
16001,996;77
16002,996;76
16003,996;103
16004,996;96
16005,996;1477
16006,996;11756
16007,996;78
16008,996;81
16009,996;84
16010,996;93
16011,996;1449
16012,996;11801
16013,996;75
16014,996;72
16015,996;88
16016,996;82
16017,996;1463
16018,996;11791
16019,996;66
16020,996;77
16021,996;105
16022,996;100
16023,996;1488
16024,996;11791
16025,996;81
16026,996;78
16027,996;80
16028,996;90
16029,996;1485
16030,996;11797
16031,996;89
16032,996;112
16033,996;95
16034,996;97
16035,996;1434
16036,996;11831
16037,996;71
16038,996;81
16039,996;74
16040,996;94
16041,996;1479
16042,996;11825
16043,996;86
16044,996;82
16045,996;75
16046,996;106
16047,996;1497
16048,996;11791
16049,996;70
16050,996;93
16051,996;82
16052,996;96
16053,996;1480
16054,996;11816
16055,996;96
16056,996;100
16057,996;120
16058,996;96
16059,996;1475
16060,996;11809
16061,863;78
16062,863;79
16063,863;87
16064,863;90
16065,863;1459
16066,863;11811
16067,863;90
16068,863;97
16069,863;91
16070,863;94
16071,863;1457
16072,863;11829
16073,863;86
16074,863;73
16075,863;99
16076,863;89
16077,863;1443
16078,863;11807
16079,863;73
16080,863;93
16081,863;104
16082,863;93
16083,863;1511
16084,863;11769
16085,863;94
16086,863;80
16087,863;90
16088,863;83
16089,863;1476
16090,863;11831
16091,863;71
16092,863;102
16093,863;81
16094,863;91
16095,863;1452
16096,863;11823
16097,863;75
16098,863;89
16099,863;85
16100,863;98
16101,863;1475
16102,863;11817
16103,863;76
16104,863;91
16105,863;88
16106,863;100
16107,863;1456
16108,863;11828
16109,863;72
16110,863;88
16111,863;103
16112,863;75
16113,863;1448
16114,863;11817
16115,863;81
16116,863;85
16117,863;107
16118,863;93
16119,863;1537
16120,863;11739
16121,863;88
16122,863;100
16123,863;99
16124,863;108
16125,863;1588
16126,863;11728
16127,863;93
16128,863;87
16129,863;99
16130,863;86
16131,863;1447
16132,863;11831
16133,863;82
16134,863;76
16135,863;83
16136,863;93
16137,863;1444
16138,863;11830
16139,863;76
16140,863;93
16141,863;90
16142,863;107
16143,863;1464
16144,863;11805
16145,863;97
16146,863;104
16147,863;99
16148,863;93
16149,863;1454
16150,863;11845
16151,863;85
16152,863;107
16153,863;98
16154,863;88
16155,863;1440
16156,863;11872
16157,863;90
16158,863;98
16159,863;94
16160,863;88
16161,863;1463
16161,701;11850
16162,701;103
16163,701;84
16164,701;99
16165,701;90
16166,701;1461
16167,701;11798
16168,701;97
16169,701;74
16170,701;91
16171,701;105
16172,701;1477
16173,701;11805
16174,701;83
16175,701;125
16176,701;106
16177,701;114
16178,701;1474
16179,701;11845
16180,701;93
16181,701;85
16182,701;77
16183,701;106
16184,701;1456
16185,701;11835
16186,701;93
16187,701;92
16188,701;96
16189,701;83
16190,701;1446
16191,701;11852
16192,701;91
16193,701;92
16194,701;111
16195,701;84
16196,701;1416
16197,701;11826
16198,701;86
16199,701;101
16200,701;91
16201,701;95
16202,701;1458
16203,701;11862
16204,701;74
16205,701;90
16206,701;91
16207,701;107
16208,701;1455
16209,701;11809
16210,701;88
16211,701;85
16212,701;103
16213,701;104
16214,701;1418
16215,701;11839
16216,701;90
16217,701;98
16218,701;90
16219,701;83
16220,701;1463
16221,701;11803
16222,701;78
16223,701;85
16224,701;104
16225,701;83
16226,701;1428
16227,701;11873
16228,701;86
16229,701;78
16230,701;108
16231,701;84
16232,701;1458
16233,701;11844
16234,701;102
16235,701;98
16236,701;86
16237,701;97
16238,701;1449
16239,701;11848
16240,701;114
16241,701;92
16242,701;107
16243,701;95
16244,701;1446
16245,701;11842
16246,701;91
16247,701;81
16248,701;107
16249,701;130
16250,701;1066
16251,701;11873
16252,701;85
16253,701;93
16254,701;86
16255,701;98
16256,701;1380
16257,701;11851
16258,701;96
16259,701;87
16260,701;100
16261,701;115
16263,848;1449
16264,848;11822
16265,848;96
16266,848;102
16267,848;100
16268,848;98
16269,848;1439
16270,848;11853
16271,848;93
16272,848;74
16273,848;103
16274,848;91
16275,848;1423
16276,848;11842
16277,848;106
16278,848;80
16279,848;92
16280,848;86
16281,848;1458
16282,848;11848
16283,848;84
16284,848;85
16285,848;95
16286,848;96
16287,848;1564
16288,848;11736
16289,848;86
16290,848;114
16291,848;96
16292,848;96
16293,848;1440
16294,848;11843
16295,848;80
16296,848;88
16297,848;100
16298,848;84
16299,848;1443
16300,848;11829
16301,848;94
16302,848;83
16303,848;73
16304,848;102
16305,848;1408
16306,848;11861
16307,848;93
16308,848;87
16309,848;89
16310,848;107
16311,848;1498
16312,848;11779
16313,848;81
16314,848;84
16315,848;109
16316,848;91
16317,848;1426
16318,848;11851
16319,848;82
16320,848;99
16321,848;97
16322,848;97
16323,848;1443
16324,848;11840
16325,848;79
16326,848;78
16327,848;91
16328,848;89
16329,848;1426
16330,848;11864
16331,848;75
16332,848;108
16333,848;95
16334,848;89
16335,848;1380
16336,848;11834
16337,848;75
16338,848;81
16339,848;102
16340,848;98
16341,848;1417
16342,848;11887
16343,848;99
16344,848;90
16345,848;98
16346,848;90
16347,848;1417
16348,848;11844
16349,848;74
16350,848;89
16351,848;98
16352,848;86
16353,848;1406
16354,848;11843
16355,848;70
16356,848;88
16357,848;102
16358,848;76
16359,848;1417
16360,848;11860
16361,848;57
16362,848;90
16363,848;89
16364,848;92
16365,848;1434
16366,848;11844
16367,848;94
16368,848;84
16369,848;88
16370,848;90
16371,848;1411
16372,848;11845
16373,848;94
16374,848;102
16375,848;97
16376,848;86
16377,848;1407
16378,848;11914
16379,848;83
16380,848;80
16381,848;102
16382,848;81
16383,848;1428
16384,848;11856
16385,848;80
16386,848;92
16387,848;89
16388,848;94
16389,848;1389
16390,848;11880
16391,848;94
16392,848;75
16393,848;91
16394,848;87
16395,848;1427
16396,848;11843
16397,848;70
16398,848;83
16399,848;104
16400,848;110
16401,848;1412
16402,848;11895
16403,848;93
16404,848;91
16405,848;82
16406,848;87
16407,848;1409
16408,848;11859
16409,848;90
16410,848;75
16411,848;90
16412,848;129
16413,848;1417
16414,848;11842
16415,848;71
16416,848;102
16417,848;87
16418,848;95
16419,848;1399
16420,848;11885
16421,848;85
16422,848;73
16423,848;84
16424,848;88
16425,848;1409
16426,848;11863
16427,848;87
16428,848;102
16429,848;84
16430,848;74
16431,848;1391
16432,848;11842
16433,848;87
16434,848;97
16435,848;99
16436,848;95
16437,848;1399
16438,848;11832
16439,848;87
16440,848;95
16441,848;91
16442,848;101
16443,848;1400
16444,848;11874
16445,848;84
16446,848;103
16447,848;92
16448,848;72
16449,848;1438
16450,848;11829
16451,848;97
16452,848;103
16453,848;97
16454,848;89
16455,848;1384
16456,848;11859
16457,848;95
16458,848;78
16459,848;99
16460,848;96
16461,848;1401
16462,848;11870
16463,848;67
16464,848;94
16465,695;79
16466,695;77
16467,695;1470
16468,695;11799
16469,695;73
16470,695;84
16471,695;78
16472,695;102
16473,695;1396
16474,695;11881
16475,695;66
16476,695;83
16477,695;102
16478,695;80
16479,695;1404
16480,695;11860
16481,695;79
16482,695;85
16483,695;99
16484,695;92
16485,695;1389
16486,695;11888
16487,695;74
16488,695;70
16489,695;102
16490,695;85
16491,695;1370
16492,695;11877
16493,695;84
16494,695;93
16495,695;92
16496,695;84
16497,695;1378
16498,695;11867
16499,695;77
16500,695;82
16501,695;93
16502,695;95
16503,695;1396
16504,695;11860
16505,695;76
16506,695;98
16507,695;84
16508,695;90
16509,695;1398
16510,695;11905
16511,695;88
16512,695;72
16513,695;79
16514,695;99
16515,695;1370
16516,695;11927
16517,695;77
16518,695;92
16519,695;87
16520,695;80
16521,695;1378
16522,695;11883
16523,695;71
16524,695;88
16525,695;88
16526,695;75
16527,695;1365
16528,695;11871
16529,695;67
16530,695;82
16531,695;86
16532,695;82
16533,695;1369
16534,695;11864
16535,695;82
16536,695;82
16537,695;77
16538,695;76
16539,695;1372
16540,695;11880
16541,695;77
16542,695;91
16543,695;73
16544,695;78
16545,695;1363
16546,695;11922
16547,695;68
16548,695;85
16549,695;83
16550,695;88
16551,695;1421
16552,695;11846
16553,695;67
16554,695;62
16555,695;72
16556,695;77
16557,695;1353
16558,695;11894
16559,695;59
16560,695;74
16561,695;78
16562,695;78
16563,695;979
16564,695;11955
16565,695;67
16566,778;72
16567,778;79
16568,778;64
16569,778;1288
16570,778;11892
16571,778;80
16572,778;82
16573,778;63
16574,778;73
16575,778;1340
16576,778;11898
16577,778;86
16578,778;74
16579,778;92
16580,778;90
16581,778;1363
16582,778;11878
16583,778;57
16584,778;85
16585,778;77
16586,778;84
16587,778;1355
16588,778;11921
16589,778;73
16590,778;87
16591,778;93
16592,778;84
16593,778;1366
16594,778;11922
16595,778;80
16596,778;77
16597,778;68
16598,778;89
16599,778;1369
16600,778;11878
16601,778;82
16602,778;69
16603,778;67
16604,778;88
16605,778;1361
16606,778;11933
16607,778;63
16608,778;75
16609,778;80
16610,778;89
16611,778;1383
16612,778;11903
16613,778;62
16614,778;93
16615,778;101
16616,778;81
16617,778;1359
16618,778;11879
16619,778;75
16620,778;106
16621,778;77
16622,778;80
16623,778;1375
16624,778;11899
16625,778;86
16626,778;73
16627,778;77
16628,778;80
16629,778;1350
16630,778;11895
16631,778;87
16632,778;98
16633,778;97
16634,778;98
16635,778;1349
16636,778;11877
16637,778;83
16638,778;102
16639,778;90
16640,778;89
16641,778;1343
16642,778;11900
16643,778;80
16644,778;93
16645,778;90
16646,778;76
16647,778;1344
16648,778;11898
16649,778;79
16650,778;88
16651,778;106
16652,778;80
16653,778;1345
16654,778;11928
16655,778;67
16656,778;72
16657,778;89
16658,778;94
16659,778;1386
16660,778;11902
16661,778;98
16662,778;81
16663,778;86
16664,778;88
16665,778;1357
16666,778;11929
16666,671;72
16667,671;90
16668,671;81
16669,671;83
16670,671;1399
16671,671;11838
16672,671;70
16673,671;89
16674,671;89
16675,671;96
16676,671;1384
16677,671;11936
16678,671;84
16679,671;79
16680,671;84
16681,671;98
16682,671;1382
16683,671;11903
16684,671;70
16685,671;102
16686,671;86
16687,671;67
16688,671;1364
16689,671;11885
16690,671;75
16691,671;96
16692,671;91
16693,671;89
16694,671;1351
16695,671;11936
16696,671;108
16697,671;87
16698,671;101
16699,671;92
16700,671;1363
16701,671;11905
16702,671;77
16703,671;90
16704,671;84
16705,671;93
16706,671;1352
16707,671;11904
16708,671;77
16709,671;91
16710,671;87
16711,671;88
16712,671;1353
16713,671;11921
16714,671;80
16715,671;89
16716,671;74
16717,671;83
16718,671;1323
16719,671;11922
16720,671;66
16721,671;81
16722,671;99
16723,671;83
16724,671;1357
16725,671;11893
16726,671;84
16727,671;69
16728,671;103
16729,671;93
16730,671;1354
16731,671;11933
16732,671;82
16733,671;88
16734,671;106
16735,671;95
16736,671;1341
16737,671;11934
16738,671;79
16739,671;93
16740,671;89
16741,671;81
16742,671;1364
16743,671;11904
16744,671;81
16745,671;95
16746,671;88
16747,671;101
16748,671;1352
16749,671;11931
16750,671;67
16751,671;78
16752,671;83
16753,671;115
16754,671;1346
16755,671;11876
16756,671;76
16757,671;98
16758,671;87
16759,671;98
16760,671;1358
16761,671;11901
16762,671;104
16763,671;90
16764,671;99
16765,671;90
16766,671;1338
16768,694;11926
16769,694;86
16770,694;88
16771,694;104
16772,694;66
16773,694;1322
16774,694;11931
16775,694;87
16776,694;91
16777,694;88
16778,694;114
16779,694;1353
16780,694;11905
16781,694;88
16782,694;107
16783,694;110
16784,694;92
16785,694;1434
16786,694;11852
16787,694;84
16788,694;98
16789,694;99
16790,694;104
16791,694;1339
16792,694;11934
16793,694;95
16794,694;90
16795,694;91
16796,694;95
16797,694;1358
16798,694;11959
16799,694;105
16800,694;94
16801,694;91
16802,694;82
16803,694;1356
16804,694;11947
16805,694;97
16806,694;82
16807,694;82
16808,694;100
16809,694;1361
16810,694;11952
16811,694;79
16812,694;85
16813,694;106
16814,694;93
16815,694;1337
16816,694;11941
16817,694;94
16818,694;93
16819,694;78
16820,694;100
16821,694;1366
16822,694;11938
16823,694;89
16824,694;101
16825,694;115
16826,694;95
16827,694;1335
16828,694;11911
16829,694;92
16830,694;102
16831,694;100
16832,694;94
16833,694;1341
16834,694;11921
16835,694;82
16836,694;76
16837,694;116
16838,694;100
16839,694;1363
16840,694;11904
16841,694;100
16842,694;98
16843,694;108
16844,694;101
16845,694;1332
16846,694;11926
16847,694;76
16848,694;94
16849,694;86
16850,694;90
16851,694;1341
16852,694;11942
16853,694;93
16854,694;95
16855,694;82
16856,694;94
16857,694;1356
16858,694;11925
16859,694;86
16860,694;102
16861,694;101
16862,694;86
16863,694;1345
16864,694;11948
16865,694;77
16866,694;110
16867,694;91
16868,694;97
16869,694;1322
16870,694;11968
16871,694;89
16872,694;104
16873,694;107
16874,694;101
16875,694;934
16876,694;11982
16877,694;97
16878,694;93
16879,694;88
16880,694;111
16881,694;1303
16882,694;11925
16883,694;109
16884,694;86
16885,694;98
16886,694;92
16887,694;1336
16888,694;11961
16889,694;88
16890,694;100
16891,694;104
16892,694;103
16893,694;1332
16894,694;11930
16895,694;93
16896,694;89
16897,694;87
16898,694;95
16899,694;1335
16900,694;11949
16901,694;79
16902,694;94
16903,694;87
16904,694;108
16905,694;1355
16906,694;11958
16907,694;75
16908,694;94
16909,694;87
16910,694;94
16911,694;1321
16912,694;11956
16913,694;78
16914,694;91
16915,694;110
16916,694;94
16917,694;1342
16918,694;11917
16919,694;85
16920,694;81
16921,694;98
16922,694;99
16923,694;1344
16924,694;11944
16925,694;84
16926,694;88
16927,694;96
16928,694;79
16929,694;1339
16930,694;11960
16931,694;76
16932,694;74
16933,694;95
16934,694;83
16935,694;1406
16936,694;11839
16937,694;83
16938,694;69
16939,694;88
16940,694;104
16941,694;1330
16942,694;11942
16943,694;86
16944,694;80
16945,694;94
16946,694;105
16947,694;1335
16948,694;11970
16949,694;105
16950,694;96
16951,694;89
16952,694;94
16953,694;1309
16954,694;11969
16955,694;84
16956,694;85
16957,694;86
16958,694;110
16959,694;1331
16960,694;11967
16961,694;73
16962,694;87
16963,694;92
16964,694;83
16965,694;1338
16966,694;11951
16967,694;81
16968,694;97
16969,694;94
16970,264;101
16971,264;1332
16972,264;11946
16973,264;96
16974,264;102
16975,264;102
16976,264;99
16977,264;1312
16978,264;11982
16979,264;85
16980,264;94
16981,264;130
16982,264;89
16983,264;1320
16984,264;11976
16985,264;82
16986,264;70
16987,264;89
16988,264;105
16989,264;1319
16990,264;11966
16991,264;97
16992,264;91
16993,264;91
16994,264;89
16995,264;1270
16996,264;11950
16997,264;78
16998,264;84
16999,264;91
17000,264;95
17001,264;1318
17002,264;11950
17003,264;78
17004,264;87
17005,264;103
17006,264;97
17007,264;1329
17008,264;11933
17009,264;82
17010,264;72
17011,264;84
17012,264;90
17013,264;1371
17014,264;11877
17015,264;83
17016,264;92
17017,264;76
17018,264;81
17019,264;1316
17020,264;11992
17021,264;80
17022,264;94
17023,264;101
17024,264;94
17025,264;1304
17026,264;11966
17027,264;88
17028,264;89
17029,264;86
17030,264;101
17031,264;1297
17032,264;11973
17033,264;86
17034,264;99
17035,264;95
17036,264;96
17037,264;1274
17038,264;11957
17039,264;84
17040,264;94
17041,264;87
17042,264;76
17043,264;1310
17044,264;11977
17045,264;84
17046,264;102
17047,264;84
17048,264;64
17049,264;1304
17050,264;11976
17051,264;93
17052,264;76
17053,264;94
17054,264;75
17055,264;1291
17056,264;11963
17057,264;90
17058,264;94
17059,264;82
17060,264;89
17061,264;1295
17062,264;11912
17063,264;79
17064,264;83
17065,264;79
17066,264;121
17067,264;1298
17068,264;11951
17069,264;98
17070,264;95
17071,342;68
17072,342;97
17073,342;1363
17074,342;11900
17075,342;93
17076,342;80
17077,342;93
17078,342;100
17079,342;1277
17080,342;11983
17081,342;72
17082,342;81
17083,342;86
17084,342;77
17085,342;1315
17086,342;11950
17087,342;85
17088,342;88
17089,342;101
17090,342;84
17091,342;1287
17092,342;11976
17093,342;85
17094,342;85
17095,342;104
17096,342;102
17097,342;1294
17098,342;11948
17099,342;91
17100,342;76
17101,342;82
17102,342;79
17103,342;1305
17104,342;12001
17105,342;84
17106,342;89
17107,342;91
17108,342;97
17109,342;1275
17110,342;11984
17111,342;81
17112,342;84
17113,342;82
17114,342;86
17115,342;1256
17116,342;12010
17117,342;64
17118,342;83
17119,342;76
17120,342;101
17121,342;1290
17122,342;11963
17123,342;91
17124,342;82
17125,342;94
17126,342;89
17127,342;1283
17128,342;11961
17129,342;77
17130,342;79
17131,342;103
17132,342;83
17133,342;1271
17134,342;11991
17135,342;90
17136,342;85
17137,342;96
17138,342;90
17139,342;1287
17140,342;11992
17141,342;85
17142,342;96
17143,342;100
17144,342;89
17145,342;1270
17146,342;11958
17147,342;85
17148,342;103
17149,342;86
17150,342;63
17151,342;1263
17152,342;12013
17153,342;72
17154,342;84
17155,342;92
17156,342;85
17157,342;1269
17158,342;11985
17159,342;76
17160,342;93
17161,342;80
17162,342;73
17163,342;1289
17164,342;11963
17165,342;92
17166,342;93
17167,342;95
17168,342;83
17169,342;1263
17170,342;12006
17171,342;72
17172,649;69
17173,649;108
17174,649;75
17175,649;1265
17176,649;12017
17177,649;84
17178,649;62
17179,649;73
17180,649;84
17181,649;1267
17182,649;12004
17183,649;66
17184,649;66
17185,649;79
17186,649;91
17187,649;881
17188,649;12018
17189,649;67
17190,649;78
17191,649;75
17192,649;75
17193,649;1190
17194,649;11987
17195,649;80
17196,649;69
17197,649;67
17198,649;71
17199,649;1245
17200,649;11984
17201,649;90
17202,649;78
17203,649;79
17204,649;99
17205,649;1250
17206,649;12001
17207,649;73
17208,649;76
17209,649;76
17210,649;83
17211,649;1251
17212,649;12007
17213,649;87
17214,649;100
17215,649;88
17216,649;79
17217,649;1270
17218,649;12011
17219,649;60
17220,649;80
17221,649;83
17222,649;90
17223,649;1401
17224,649;11847
17225,649;79
17226,649;73
17227,649;98
17228,649;90
17229,649;1257
17230,649;11988
17231,649;58
17232,649;79
17233,649;105
17234,649;87
17235,649;1242
17236,649;12006
17237,649;75
17238,649;87
17239,649;96
17240,649;88
17241,649;1232
17242,649;12023
17243,649;87
17244,649;100
17245,649;92
17246,649;77
17247,649;1246
17248,649;12005
17249,649;73
17250,649;82
17251,649;77
17252,649;80
17253,649;1241
17254,649;11986
17255,649;86
17256,649;81
17257,649;75
17258,649;97
17259,649;1280
17260,649;11992
17261,649;78
17262,649;100
17263,649;96
17264,649;100
17265,649;1241
17266,649;11990
17267,649;62
17268,649;82
17269,649;100
17270,649;94
17271,649;1236
17272,649;12028
17273,296;79
17274,296;89
17275,296;83
17276,296;81
17277,296;1241
17278,296;12014
17279,296;85
17280,296;81
17281,296;87
17282,296;85
17283,296;1259
17284,296;11998
17285,296;95
17286,296;94
17287,296;89
17288,296;73
17289,296;1266
17290,296;12049
17291,296;71
17292,296;92
17293,296;101
17294,296;86
17295,296;1236
17296,296;12026
17297,296;76
17298,296;95
17299,296;85
17300,296;96
17301,296;1243
17302,296;11990
17303,296;105
17304,296;92
17305,296;82
17306,296;98
17307,296;1218
17308,296;12019
17309,296;81
17310,296;80
17311,296;91
17312,296;84
17313,296;1246
17314,296;11992
17315,296;91
17316,296;92
17317,296;84
17318,296;81
17319,296;1248
17320,296;12063
17321,296;87
17322,296;81
17323,296;90
17324,296;107
17325,296;1262
17326,296;12004
17327,296;93
17328,296;84
17329,296;102
17330,296;104
17331,296;1306
17332,296;11934
17333,296;94
17334,296;72
17335,296;96
17336,296;86
17337,296;1231
17338,296;12079
17339,296;82
17340,296;92
17341,296;95
17342,296;82
17343,296;1236
17344,296;12008
17345,296;95
17346,296;110
17347,296;87
17348,296;90
17349,296;1233
17350,296;12025
17351,296;79
17352,296;93
17353,296;98
17354,296;95
17355,296;1252
17356,296;11991
17357,296;92
17358,296;111
17359,296;91
17360,296;98
17361,296;1253
17362,296;12041
17363,296;83
17364,296;102
17365,296;91
17366,296;107
17367,296;1238
17368,296;12036
17369,296;83
17370,296;91
17371,296;109
17372,296;117
17373,296;1242
17374,646;12000
17375,646;86
17376,646;94
17377,646;83
17378,646;83
17379,646;1262
17380,646;12028
17381,646;87
17382,646;109
17383,646;81
17384,646;96
17385,646;1273
17386,646;12022
17387,646;87
17388,646;93
17389,646;99
17390,646;104
17391,646;1228
17392,646;12050
17393,646;87
17394,646;99
17395,646;102
17396,646;86
17397,646;1257
17398,646;12041
17399,646;93
17400,646;93
17401,646;105
17402,646;97
17403,646;1253
17404,646;12018
17405,646;88
17406,646;76
17407,646;99
17408,646;108
17409,646;1236
17410,646;11998
17411,646;78
17412,646;84
17413,646;108
17414,646;107
17415,646;1247
17416,646;11999
17417,646;87
17418,646;94
17419,646;91
17420,646;99
17421,646;1247
17422,646;12010
17423,646;75
17424,646;79
17425,646;84
17426,646;97
17427,646;1227
17428,646;12010
17429,646;89
17430,646;87
17431,646;97
17432,646;102
17433,646;1261
17434,646;12010
17435,646;99
17436,646;97
17437,646;96
17438,646;93
17439,646;1270
17440,646;12020
17441,646;88
17442,646;80
17443,646;91
17444,646;95
17445,646;1232
17446,646;12046
17447,646;93
17448,646;88
17449,646;83
17450,646;120
17451,646;1247
17452,646;11996
17453,646;81
17454,646;99
17455,646;99
17456,646;105
17457,646;1235
17458,646;12018
17459,646;96
17460,646;90
17461,646;101
17462,646;101
17463,646;1251
17464,646;12025
17465,646;75
17466,646;79
17467,646;105
17468,646;94
17469,646;1235
17470,646;12056
17471,646;104
17472,646;82
17473,646;87
17474,646;77
17475,646;1256
17476,646;12070
17477,646;83
17478,646;99
17479,646;106
17480,646;106
17481,646;1243
17482,646;12042
17483,646;90
17484,646;110
17485,646;92
17486,646;102
17487,646;1241
17488,646;12056
17489,646;75
17490,646;76
17491,646;107
17492,646;88
17493,646;1228
17494,646;12048
17495,646;81
17496,646;99
17497,646;101
17498,646;90
17499,646;855
17500,646;12090
17501,646;77
17502,646;95
17503,646;104
17504,646;89
17505,646;1186
17506,646;12054
17507,646;86
17508,646;91
17509,646;97
17510,646;100
17511,646;1208
17512,646;12057
17513,646;96
17514,646;82
17515,646;101
17516,646;106
17517,646;1367
17518,646;11928
17519,646;78
17520,646;106
17521,646;99
17522,646;91
17523,646;1375
17524,646;11897
17525,646;79
17526,646;95
17527,646;82
17528,646;111
17529,646;1243
17530,646;12053
17531,646;101
17532,646;93
17533,646;94
17534,646;88
17535,646;1206
17536,646;12060
17537,646;88
17538,646;114
17539,646;98
17540,646;107
17541,646;1216
17542,646;12011
17543,646;77
17544,646;87
17545,646;100
17546,646;97
17547,646;1232
17548,646;12070
17549,646;89
17550,646;99
17551,646;83
17552,646;87
17553,646;1327
17554,646;11961
17555,646;80
17556,646;99
17557,646;99
17558,646;84
17559,646;1256
17560,646;12059
17561,646;96
17562,646;86
17563,646;86
17564,646;83
17565,646;1207
17566,646;12024
17567,646;101
17568,646;91
17569,646;89
17570,646;97
17571,646;1225
17572,646;12068
17573,646;87
17574,646;90
17575,646;96
17576,695;101
17577,695;1219
17578,695;12050
17579,695;101
17580,695;87
17581,695;92
17582,695;105
17583,695;1216
17584,695;12078
17585,695;83
17586,695;88
17587,695;84
17588,695;87
17589,695;1229
17590,695;12022
17591,695;101
17592,695;83
17593,695;93
17594,695;103
17595,695;1209
17596,695;12058
17597,695;83
17598,695;78
17599,695;79
17600,695;94
17601,695;1224
17602,695;12073
17603,695;69
17604,695;97
17605,695;90
17606,695;80
17607,695;1199
17608,695;12053
17609,695;83
17610,695;90
17611,695;94
17612,695;93
17613,695;1225
17614,695;12081
17615,695;89
17616,695;95
17617,695;79
17618,695;95
17619,695;1203
17620,695;12089
17621,695;93
17622,695;94
17623,695;85
17624,695;96
17625,695;1213
17626,695;12056
17627,695;82
17628,695;80
17629,695;81
17630,695;95
17631,695;1196
17632,695;12087
17633,695;75
17634,695;80
17635,695;85
17636,695;92
17637,695;1200
17638,695;12087
17639,695;76
17640,695;75
17641,695;90
17642,695;71
17643,695;1196
17644,695;12067
17645,695;84
17646,695;98
17647,695;108
17648,695;100
17649,695;1184
17650,695;12047
17651,695;92
17652,695;100
17653,695;108
17654,695;97
17655,695;1197
17656,695;12042
17657,695;69
17658,695;85
17659,695;101
17660,695;96
17661,695;1204
17662,695;12079
17663,695;85
17664,695;94
17665,695;90
17666,695;79
17667,695;1179
17668,695;12061
17669,695;84
17670,695;79
17671,695;99
17672,695;109
17673,695;1182
17674,695;12061
17675,695;73
17676,695;86
17677,702;89
17678,702;92
17679,702;1193
17680,702;12067
17681,702;80
17682,702;74
17683,702;89
17684,702;82
17685,702;1196
17686,702;12082
17687,702;88
17688,702;89
17689,702;85
17690,702;93
17691,702;1188
17692,702;12064
17693,702;82
17694,702;82
17695,702;91
17696,702;80
17697,702;1171
17698,702;12066
17699,702;86
17700,702;70
17701,702;77
17702,702;94
17703,702;1202
17704,702;12064
17705,702;98
17706,702;83
17707,702;91
17708,702;92
17709,702;1191
17710,702;12078
17711,702;82
17712,702;84
17713,702;103
17714,702;100
17715,702;1177
17716,702;12080
17717,702;92
17718,702;82
17719,702;96
17720,702;90
17721,702;1196
17722,702;12062
17723,702;83
17724,702;66
17725,702;88
17726,702;89
17727,702;1179
17728,702;12072
17729,702;67
17730,702;85
17731,702;92
17732,702;94
17733,702;1179
17734,702;12096
17735,702;86
17736,702;77
17737,702;92
17738,702;79
17739,702;1203
17740,702;12079
17741,702;83
17742,702;76
17743,702;96
17744,702;109
17745,702;1184
17746,702;12099
17747,702;81
17748,702;98
17749,702;79
17750,702;109
17751,702;1165
17752,702;12082
17753,702;89
17754,702;64
17755,702;80
17756,702;89
17757,702;1149
17758,702;12086
17759,702;72
17760,702;84
17761,702;89
17762,702;93
17763,702;1178
17764,702;12063
17765,702;77
17766,702;76
17767,702;71
17768,702;88
17769,702;1184
17770,702;12042
17771,702;74
17772,702;68
17773,702;69
17774,702;93
17775,702;1164
17776,702;12103
17777,702;67
17777,746;81
17778,746;80
17779,746;80
17780,746;1189
17781,746;12104
17782,746;64
17783,746;81
17784,746;82
17785,746;78
17786,746;1152
17787,746;12092
17788,746;66
17789,746;95
17790,746;62
17791,746;78
17792,746;1161
17793,746;12090
17794,746;79
17795,746;90
17796,746;87
17797,746;89
17798,746;1162
17799,746;12105
17800,746;83
17801,746;75
17802,746;78
17803,746;88
17804,746;1236
17805,746;11985
17806,746;74
17807,746;81
17808,746;75
17809,746;73
17810,746;777
17811,746;12138
17812,746;85
17813,746;67
17814,746;95
17815,746;79
17816,746;1092
17817,746;12075
17818,746;75
17819,746;73
17820,746;77
17821,746;97
17822,746;1136
17823,746;12103
17824,746;88
17825,746;75
17826,746;80
17827,746;80
17828,746;1154
17829,746;12135
17830,746;80
17831,746;86
17832,746;77
17833,746;75
17834,746;1165
17835,746;12072
17836,746;94
17837,746;85
17838,746;73
17839,746;94
17840,746;1169
17841,746;12118
17842,746;77
17843,746;89
17844,746;85
17845,746;92
17846,746;1235
17847,746;12038
17848,746;68
17849,746;85
17850,746;98
17851,746;87
17852,746;1165
17853,746;12098
17854,746;78
17855,746;81
17856,746;68
17857,746;73
17858,746;1167
17859,746;12094
17860,746;76
17861,746;91
17862,746;76
17863,746;73
17864,746;1270
17865,746;12001
17866,746;107
17867,746;85
17868,746;95
17869,746;89
17870,746;1261
17871,746;12000
17872,746;72
17873,746;78
17874,746;86
17875,746;88
17876,746;1152
17877,746;12058
17878,738;73
17879,738;77
17880,738;83
17881,738;105
17882,738;1154
17883,738;12096
17884,738;92
17885,738;85
17886,738;97
17887,738;83
17888,738;1136
17889,738;12080
17890,738;88
17891,738;75
17892,738;85
17893,738;71
17894,738;1153
17895,738;12101
17896,738;81
17897,738;93
17898,738;98
17899,738;84
17900,738;1177
17901,738;12105
17902,738;84
17903,738;79
17904,738;94
17905,738;85
17906,738;1150
17907,738;12135
17908,738;82
17909,738;99
17910,738;74
17911,738;101
17912,738;1145
17913,738;12157
17914,738;81
17915,738;98
17916,738;93
17917,738;101
17918,738;1257
17919,738;12003
17920,738;64
17921,738;90
17922,738;90
17923,738;76
17924,738;1147
17925,738;12141
17926,738;79
17927,738;85
17928,738;76
17929,738;96
17930,738;1150
17931,738;12130
17932,738;78
17933,738;98
17934,738;97
17935,738;81
17936,738;1156
17937,738;12110
17938,738;70
17939,738;92
17940,738;81
17941,738;105
17942,738;1168
17943,738;12094
17944,738;84
17945,738;86
17946,738;83
17947,738;99
17948,738;1147
17949,738;12118
17950,738;88
17951,738;93
17952,738;101
17953,738;99
17954,738;1124
17955,738;12114
17956,738;97
17957,738;91
17958,738;106
17959,738;103
17960,738;1145
17961,738;12091
17962,738;62
17963,738;82
17964,738;101
17965,738;88
17966,738;1127
17967,738;12112
17968,738;87
17969,738;105
17970,738;104
17971,738;99
17972,738;1149
17973,738;12132
17974,738;68
17975,738;62
17976,738;99
17977,738;88
17978,738;1136
17979,738;12128
17980,738;97
17981,738;86
17982,738;96
17983,738;99
17984,738;1153
17985,738;12094
17986,738;86
17987,738;73
17988,738;96
17989,738;88
17990,738;1157
17991,738;12088
17992,738;92
17993,738;73
17994,738;81
17995,738;101
17996,738;1141
17997,738;12104
17998,738;83
17999,738;88
18000,738;99
18001,738;99
18002,738;1132
18003,738;12108
18004,738;75
18005,738;102
18006,738;93
18007,738;92
18008,738;1157
18009,738;12123
18010,738;86
18011,738;98
18012,738;77
18013,738;119
18014,738;1120
18015,738;12156
18016,738;89
18017,738;63
18018,738;93
18019,738;83
18020,738;1118
18021,738;12136
18022,738;94
18023,738;121
18024,738;93
18025,738;93
18026,738;1137
18027,738;12138
18028,738;82
18029,738;100
18030,738;90
18031,738;91
18032,738;1144
18033,738;12129
18034,738;81
18035,738;86
18036,738;95
18037,738;104
18038,738;1148
18039,738;12134
18040,738;87
18041,738;90
18042,738;84
18043,738;94
18044,738;1122
18045,738;12171
18046,738;83
18047,738;81
18048,738;81
18049,738;98
18050,738;1134
18051,738;12145
18052,738;92
18053,738;112
18054,738;86
18055,738;90
18056,738;1122
18057,738;12136
18058,738;94
18059,738;95
18060,738;96
18061,738;93
18062,738;1133
18063,738;12136
18064,738;87
18065,738;99
18066,738;93
18067,738;81
18068,738;1117
18069,738;12145
18070,738;94
18071,738;106
18072,738;108
18073,738;84
18074,738;1136
18075,738;12109
18076,738;98
18077,738;82
18078,738;104
18079,738;111
18081,34;1151
18082,34;12123
18083,34;91
18084,34;71
18085,34;81
18086,34;99
18087,34;1210
18088,34;12075
18089,34;84
18090,34;87
18091,34;102
18092,34;73
18093,34;1179
18094,34;12088
18095,34;82
18096,34;92
18097,34;87
18098,34;93
18099,34;1155
18100,34;12157
18101,34;87
18102,34;83
18103,34;89
18104,34;103
18105,34;1150
18106,34;12116
18107,34;110
18108,34;96
18109,34;116
18110,34;107
18111,34;1141
18112,34;12124
18113,34;81
18114,34;86
18115,34;77
18116,34;97
18117,34;1118
18118,34;12165
18119,34;110
18120,34;102
18121,34;100
18122,34;118
18123,34;739
18124,34;12204
18125,34;83
18126,34;95
18127,34;108
18128,34;92
18129,34;1055
18130,34;12135
18131,34;82
18132,34;99
18133,34;109
18134,34;89
18135,34;1102
18136,34;12181
18137,34;95
18138,34;84
18139,34;88
18140,34;105
18141,34;1123
18142,34;12154
18143,34;93
18144,34;86
18145,34;84
18146,34;98
18147,34;1124
18148,34;12175
18149,34;80
18150,34;93
18151,34;113
18152,34;94
18153,34;1117
18154,34;12161
18155,34;91
18156,34;77
18157,34;86
18158,34;102
18159,34;1132
18160,34;12115
18161,34;94
18162,34;88
18163,34;92
18164,34;88
18165,34;1120
18166,34;12131
18167,34;72
18168,34;95
18169,34;96
18170,34;84
18171,34;1133
18172,34;12161
18173,34;80
18174,34;76
18175,34;105
18176,34;114
18177,34;1131
18178,34;12181
18179,34;94
18180,34;91
18181,34;96
18181,701;100
18182,701;1123
18183,701;12169
18184,701;82
18185,701;77
18186,701;98
18187,701;91
18188,701;1221
18189,701;12033
18190,701;70
18191,701;89
18192,701;87
18193,701;100
18194,701;1203
18195,701;12063
18196,701;88
18197,701;88
18198,701;89
18199,701;104
18200,701;1091
18201,701;12163
18202,701;83
18203,701;88
18204,701;90
18205,701;109
18206,701;1080
18207,701;12174
18208,701;98
18209,701;63
18210,701;81
18211,701;86
18212,701;1111
18213,701;12139
18214,701;94
18215,701;64
18216,701;98
18217,701;102
18218,701;1073
18219,701;12137
18220,701;74
18221,701;94
18222,701;90
18223,701;91
18224,701;1095
18225,701;12185
18226,701;103
18227,701;94
18228,701;105
18229,701;91
18230,701;1088
18231,701;12200
18232,701;80
18233,701;86
18234,701;98
18235,701;85
18236,701;1081
18237,701;12161
18238,701;87
18239,701;100
18240,701;86
18241,701;89
18242,701;1104
18243,701;12193
18244,701;83
18245,701;93
18246,701;75
18247,701;76
18248,701;1102
18249,701;12130
18250,701;77
18251,701;112
18252,701;108
18253,701;76
18254,701;1074
18255,701;12172
18256,701;74
18257,701;85
18258,701;97
18259,701;87
18260,701;1082
18261,701;12156
18262,701;80
18263,701;86
18264,701;101
18265,701;80
18266,701;1081
18267,701;12159
18268,701;83
18269,701;86
18270,701;95
18271,701;81
18272,701;1081
18273,701;12141
18274,701;90
18275,701;66
18276,701;100
18277,701;109
18278,701;1087
18279,701;12153
18280,701;87
18281,701;77
18283,716;92
18284,716;101
18285,716;1104
18286,716;12162
18287,716;90
18288,716;92
18289,716;94
18290,716;88
18291,716;1064
18292,716;12189
18293,716;78
18294,716;64
18295,716;99
18296,716;77
18297,716;1087
18298,716;12167
18299,716;77
18300,716;74
18301,716;74
18302,716;110
18303,716;1071
18304,716;12156
18305,716;81
18306,716;106
18307,716;112
18308,716;102
18309,716;1107
18310,716;12210
18311,716;100
18312,716;85
18313,716;86
18314,716;79
18315,716;1074
18316,716;12180
18317,716;100
18318,716;70
18319,716;74
18320,716;92
18321,716;1077
18322,716;12180
18323,716;85
18324,716;102
18325,716;98
18326,716;77
18327,716;1141
18328,716;12076
18329,716;86
18330,716;95
18331,716;89
18332,716;86
18333,716;1061
18334,716;12170
18335,716;70
18336,716;78
18337,716;89
18338,716;116
18339,716;1105
18340,716;12168
18341,716;79
18342,716;76
18343,716;91
18344,716;82
18345,716;1088
18346,716;12207
18347,716;93
18348,716;86
18349,716;78
18350,716;88
18351,716;1075
18352,716;12194
18353,716;88
18354,716;77
18355,716;95
18356,716;93
18357,716;1081
18358,716;12219
18359,716;77
18360,716;93
18361,716;90
18362,716;101
18363,716;1162
18364,716;12102
18365,716;87
18366,716;68
18367,716;87
18368,716;81
18369,716;1058
18370,716;12153
18371,716;86
18372,716;85
18373,716;91
18374,716;76
18375,716;1065
18376,716;12184
18377,716;93
18378,716;85
18379,716;82
18380,716;80
18381,716;1082
18382,716;12169
18383,716;66
18384,568;74
18385,568;92
18386,568;78
18387,568;1072
18388,568;12184
18389,568;89
18390,568;81
18391,568;84
18392,568;89
18393,568;1051
18394,568;12225
18395,568;91
18396,568;74
18397,568;80
18398,568;81
18399,568;1074
18400,568;12181
18401,568;74
18402,568;71
18403,568;79
18404,568;80
18405,568;1056
18406,568;12215
18407,568;86
18408,568;85
18409,568;69
18410,568;72
18411,568;1033
18412,568;12204
18413,568;68
18414,568;69
18415,568;92
18416,568;91
18417,568;1046
18418,568;12182
18419,568;71
18420,568;113
18421,568;78
18422,568;83
18423,568;1052
18424,568;12202
18425,568;85
18426,568;85
18427,568;71
18428,568;76
18429,568;1037
18430,568;12199
18431,568;77
18432,568;71
18433,568;74
18434,568;97
18435,568;639
18436,568;12257
18437,568;74
18438,568;60
18439,568;67
18440,568;78
18441,568;957
18442,568;12212
18443,568;88
18444,568;78
18445,568;79
18446,568;86
18447,568;1020
18448,568;12205
18449,568;66
18450,568;82
18451,568;80
18452,568;81
18453,568;1034
18454,568;12187
18455,568;76
18456,568;85
18457,568;84
18458,568;87
18459,568;1055
18460,568;12204
18461,568;76
18462,568;79
18463,568;78
18464,568;87
18465,568;1024
18466,568;12219
18467,568;64
18468,568;73
18469,568;90
18470,568;84
18471,568;1041
18472,568;12196
18473,568;68
18474,568;86
18475,568;83
18476,568;64
18477,568;1035
18478,568;12228
18479,568;82
18480,568;84
18481,568;83
18482,568;86
18483,568;1041
18484,568;12208
18485,568;82
18486,568;78
18487,568;94
18488,568;94
18489,568;1037
18490,568;12224
18491,568;78
18492,568;68
18493,568;85
18494,568;78
18495,568;1020
18496,568;12196
18497,568;73
18498,568;90
18499,568;73
18500,568;91
18501,568;1028
18502,568;12215
18503,568;78
18504,568;82
18505,568;92
18506,568;86
18507,568;1021
18508,568;12211
18509,568;72
18510,568;73
18511,568;100
18512,568;81
18513,568;1033
18514,568;12197
18515,568;79
18516,568;105
18517,568;86
18518,568;84
18519,568;1025
18520,568;12196
18521,568;97
18522,568;105
18523,568;106
18524,568;103
18525,568;1027
18526,568;12218
18527,568;95
18528,568;77
18529,568;69
18530,568;73
18531,568;1051
18532,568;12190
18533,568;94
18534,568;92
18535,568;111
18536,568;84
18537,568;1029
18538,568;12218
18539,568;81
18540,568;68
18541,568;78
18542,568;93
18543,568;1040
18544,568;12224
18545,568;74
18546,568;97
18547,568;82
18548,568;98
18549,568;1016
18550,568;12195
18551,568;71
18552,568;86
18553,568;100
18554,568;85
18555,568;1030
18556,568;12248
18557,568;90
18558,568;84
18559,568;88
18560,568;110
18561,568;1026
18562,568;12209
18563,568;88
18564,568;95
18565,568;113
18566,568;102
18567,568;1024
18568,568;12209
18569,568;88
18570,568;87
18571,568;95
18572,568;75
18573,568;1008
18574,568;12221
18575,568;76
18576,568;85
18577,568;79
18578,568;109
18579,568;1018
18580,568;12235
18581,568;66
18582,568;96
18583,568;86
18584,568;99
18585,568;1023
18585,89;12229
18586,89;86
18587,89;87
18588,89;95
18589,89;97
18590,89;1009
18591,89;12199
18592,89;84
18593,89;93
18594,89;77
18595,89;81
18596,89;1015
18597,89;12275
18598,89;87
18599,89;78
18600,89;110
18601,89;88
18602,89;1029
18603,89;12264
18604,89;96
18605,89;99
18606,89;94
18607,89;102
18608,89;1024
18609,89;12219
18610,89;109
18611,89;62
18612,89;91
18613,89;98
18614,89;991
18615,89;12232
18616,89;71
18617,89;92
18618,89;95
18619,89;96
18620,89;1039
18621,89;12209
18622,89;78
18623,89;89
18624,89;92
18625,89;98
18626,89;1014
18627,89;12219
18628,89;76
18629,89;87
18630,89;88
18631,89;100
18632,89;1018
18633,89;12247
18634,89;93
18635,89;87
18636,89;95
18637,89;90
18638,89;1015
18639,89;12257
18640,89;78
18641,89;85
18642,89;105
18643,89;84
18644,89;1043
18645,89;12219
18646,89;112
18647,89;98
18648,89;92
18649,89;91
18650,89;1003
18651,89;12182
18652,89;84
18653,89;79
18654,89;93
18655,89;98
18656,89;1032
18657,89;12224
18658,89;82
18659,89;90
18660,89;91
18661,89;114
18662,89;1022
18663,89;12226
18664,89;81
18665,89;79
18666,89;104
18667,89;89
18668,89;1015
18669,89;12245
18670,89;84
18671,89;75
18672,89;79
18673,89;69
18674,89;1002
18675,89;12225
18676,89;84
18677,89;84
18678,89;78
18679,89;96
18680,89;1021
18681,89;12216
18682,89;83
18683,89;95
18684,89;88
18685,89;97
18687,697;1004
18688,697;12252
18689,697;85
18690,697;94
18691,697;94
18692,697;84
18693,697;1022
18694,697;12277
18695,697;88
18696,697;119
18697,697;87
18698,697;97
18699,697;1014
18700,697;12223
18701,697;79
18702,697;85
18703,697;96
18704,697;83
18705,697;1033
18706,697;12243
18707,697;70
18708,697;87
18709,697;98
18710,697;93
18711,697;1011
18712,697;12253
18713,697;73
18714,697;81
18715,697;100
18716,697;95
18717,697;1046
18718,697;12236
18719,697;81
18720,697;77
18721,697;114
18722,697;104
18723,697;1034
18724,697;12263
18725,697;95
18726,697;97
18727,697;114
18728,697;91
18729,697;1001
18730,697;12256
18731,697;84
18732,697;90
18733,697;96
18734,697;89
18735,697;1002
18736,697;12234
18737,697;91
18738,697;88
18739,697;106
18740,697;106
18741,697;999
18742,697;12256
18743,697;110
18744,697;88
18745,697;90
18746,697;99
18747,697;606
18748,697;12318
18749,697;82
18750,697;92
18751,697;91
18752,697;106
18753,697;939
18754,697;12249
18755,697;98
18756,697;95
18757,697;107
18758,697;94
18759,697;994
18760,697;12258
18761,697;77
18762,697;104
18763,697;104
18764,697;118
18765,697;1019
18766,697;12259
18767,697;92
18768,697;99
18769,697;102
18770,697;93
18771,697;998
18772,697;12276
18773,697;104
18774,697;95
18775,697;89
18776,697;88
18777,697;990
18778,697;12262
18779,697;87
18780,697;99
18781,697;91
18782,697;124
18783,697;993
18784,697;12281
18785,697;90
18786,697;113
18787,697;95
18787,701;115
18788,701;1000
18789,701;12253
18790,701;97
18791,701;98
18792,701;93
18793,701;103
18794,701;987
18795,701;12237
18796,701;85
18797,701;94
18798,701;101
18799,701;87
18800,701;993
18801,701;12255
18802,701;99
18803,701;87
18804,701;90
18805,701;79
18806,701;973
18807,701;12274
18808,701;78
18809,701;94
18810,701;80
18811,701;98
18812,701;978
18813,701;12229
18814,701;76
18815,701;88
18816,701;101
18817,701;108
18818,701;994
18819,701;12279
18820,701;81
18821,701;91
18822,701;95
18823,701;99
18824,701;1038
18825,701;12224
18826,701;97
18827,701;84
18828,701;78
18829,701;101
18830,701;987
18831,701;12259
18832,701;100
18833,701;85
18834,701;83
18835,701;114
18836,701;983
18837,701;12254
18838,701;83
18839,701;64
18840,701;94
18841,701;96
18842,701;991
18843,701;12246
18844,701;73
18845,701;101
18846,701;102
18847,701;90
18848,701;946
18849,701;12283
18850,701;88
18851,701;85
18852,701;109
18853,701;83
18854,701;938
18855,701;12279
18856,701;75
18857,701;110
18858,701;90
18859,701;100
18860,701;990
18861,701;12271
18862,701;78
18863,701;95
18864,701;106
18865,701;115
18866,701;1027
18867,701;12230
18868,701;85
18869,701;93
18870,701;89
18871,701;95
18872,701;955
18873,701;12278
18874,701;93
18875,701;104
18876,701;100
18877,701;98
18878,701;967
18879,701;12284
18880,701;83
18881,701;96
18882,701;83
18883,701;90
18884,701;976
18885,701;12303
18886,701;75
18887,701;91
18889,695;88
18890,695;96
18891,695;975
18892,695;12305
18893,695;80
18894,695;86
18895,695;89
18896,695;92
18897,695;963
18898,695;12305
18899,695;79
18900,695;99
18901,695;95
18902,695;100
18903,695;954
18904,695;12279
18905,695;81
18906,695;94
18907,695;97
18908,695;93
18909,695;957
18910,695;12291
18911,695;72
18912,695;99
18913,695;99
18914,695;70
18915,695;969
18916,695;12319
18917,695;70
18918,695;80
18919,695;72
18920,695;103
18921,695;964
18922,695;12289
18923,695;81
18924,695;74
18925,695;81
18926,695;93
18927,695;949
18928,695;12290
18929,695;84
18930,695;99
18931,695;94
18932,695;77
18933,695;945
18934,695;12262
18935,695;81
18936,695;86
18937,695;94
18938,695;84
18939,695;981
18940,695;12295
18941,695;76
18942,695;96
18943,695;95
18944,695;86
18945,695;963
18946,695;12286
18947,695;75
18948,695;64
18949,695;78
18950,695;98
18951,695;963
18952,695;12287
18953,695;88
18954,695;83
18955,695;80
18956,695;91
18957,695;957
18958,695;12314
18959,695;67
18960,695;81
18961,695;96
18962,695;94
18963,695;968
18964,695;12291
18965,695;66
18966,695;95
18967,695;90
18968,695;76
18969,695;934
18970,695;12277
18971,695;80
18972,695;67
18973,695;86
18974,695;95
18975,695;934
18976,695;12284
18977,695;76
18978,695;79
18979,695;99
18980,695;91
18981,695;935
18982,695;12300
18983,695;81
18984,695;79
18985,695;79
18986,695;101
18987,695;933
18988,695;12274
18989,695;75
18990,695;86
18991,695;85
18992,695;89
18993,695;934
18994,695;12268
18995,695;95
18996,695;91
18997,695;97
18998,695;81
18999,695;945
19000,695;12301
19001,695;77
19002,695;70
19003,695;92
19004,695;84
19005,695;958
19006,695;12260
19007,695;59
19008,695;75
19009,695;72
19010,695;87
19011,695;908
19012,695;12302
19013,695;70
19014,695;74
19015,695;78
19016,695;79
19017,695;950
19018,695;12314
19019,695;83
19020,695;76
19021,695;81
19022,695;91
19023,695;944
19024,695;12296
19025,695;71
19026,695;91
19027,695;86
19028,695;84
19029,695;913
19030,695;12287
19031,695;76
19032,695;80
19033,695;67
19034,695;77
19035,695;911
19036,695;12286
19037,695;87
19038,695;74
19039,695;78
19040,695;83
19041,695;929
19042,695;12295
19043,695;71
19044,695;80
19045,695;89
19046,695;94
19047,695;919
19048,695;12311
19049,695;70
19050,695;68
19051,695;87
19052,695;66
19053,695;916
19054,695;12287
