2797,013;5582
2798,013;53
2799,013;65
2800,013;63
2801,013;66
2802,013;72
2803,013;10206
2804,013;49
2805,013;68
2806,013;63
2807,013;65
2808,013;69
2809,013;11138
2810,013;71
2811,013;62
2812,013;77
2813,013;86
2814,013;69
2815,013;11305
2816,013;69
2817,013;69
2818,013;78
2819,013;87
2820,013;59
2821,013;11358
2822,013;70
2823,013;67
2824,013;77
2825,013;57
2826,013;73
2827,013;11362
2828,013;67
2829,013;62
2830,013;68
2830,826;76
2831,826;57
2832,826;11293
2833,826;58
2834,826;73
2835,826;59
2836,826;70
2837,826;84
2838,826;11340
2839,826;82
2840,826;62
2841,826;75
2842,826;78
2843,826;68
2844,826;11350
2845,826;58
2846,826;76
2847,826;49
2848,826;71
2849,826;77
2850,826;11328
2851,826;55
2852,826;68
2853,826;59
2854,826;76
2855,826;88
2856,826;11354
2857,826;51
2858,826;85
2859,826;60
2860,826;66
2861,826;76
2862,826;11295
2863,826;64
2864,826;59
2865,826;75
2866,826;74
2867,826;82
2868,826;11340
2869,826;81
2870,826;64
2871,826;82
2872,826;77
2873,826;78
2874,826;11290
2875,826;59
2876,826;67
2877,826;64
2878,826;58
2879,826;71
2880,826;11298
2881,826;62
2882,826;77
2883,826;60
2884,826;72
2885,826;88
2886,826;11313
2887,826;61
2888,826;70
2889,826;73
2890,826;68
2891,826;68
2892,826;11302
2893,826;61
2894,826;84
2895,826;62
2896,826;71
2897,826;75
2898,826;11297
2899,826;53
2900,826;76
2901,826;71
2902,826;71
2903,826;77
2904,826;11290
2905,826;76
2906,826;69
2907,826;75
2908,826;66
2909,826;97
2910,826;11271
2911,826;64
2912,826;72
2913,826;54
2914,826;78
2915,826;80
2916,826;11300
2917,826;65
2918,826;64
2919,826;59
2920,826;64
2921,826;80
2922,826;11204
2923,826;54
2924,826;79
2925,826;67
2926,826;67
2927,826;78
2928,826;11267
2929,826;69
2930,826;60
2932,18;64
2933,18;96
2934,18;61
2935,18;11295
2936,18;61
2937,18;65
2938,18;56
2939,18;60
2940,18;91
2941,18;11253
2942,18;68
2943,18;69
2944,18;83
2945,18;66
2946,18;82
2947,18;11276
2948,18;60
2949,18;74
2950,18;61
2951,18;70
2952,18;69
2953,18;11255
2954,18;66
2955,18;67
2956,18;83
2957,18;61
2958,18;77
2959,18;11275
2960,18;61
2961,18;71
2962,18;64
2963,18;89
2964,18;79
2965,18;11214
2966,18;75
2967,18;71
2968,18;60
2969,18;62
2970,18;88
2971,18;11236
2972,18;63
2973,18;69
2974,18;70
2975,18;80
2976,18;67
2977,18;11245
2978,18;57
2979,18;65
2980,18;65
2981,18;88
2982,18;70
2983,18;11273
2984,18;63
2985,18;62
2986,18;73
2987,18;66
2988,18;70
2989,18;11264
2990,18;65
2991,18;69
2992,18;78
2993,18;81
2994,18;75
2995,18;11238
2996,18;68
2997,18;60
2998,18;78
2999,18;64
3000,18;69
3001,18;11262
3002,18;84
3003,18;67
3004,18;73
3005,18;76
3006,18;60
3007,18;11253
3008,18;53
3009,18;58
3010,18;57
3011,18;83
3012,18;62
3013,18;11255
3014,18;71
3015,18;72
3016,18;66
3017,18;73
3018,18;56
3019,18;11264
3020,18;65
3021,18;49
3022,18;63
3023,18;66
3024,18;72
3025,18;11271
3026,18;68
3027,18;63
3028,18;53
3029,18;77
3030,18;69
3031,18;11240
3032,18;57
3033,1;60
3034,1;70
3035,1;68
3036,1;72
3037,1;11246
3038,1;63
3039,1;65
3040,1;73
3041,1;60
3042,1;64
3043,1;11241
3044,1;49
3045,1;44
3046,1;63
3047,1;73
3048,1;62
3049,1;11232
3050,1;61
3051,1;52
3052,1;62
3053,1;54
3054,1;71
3055,1;11257
3056,1;51
3057,1;56
3058,1;68
3059,1;52
3060,1;48
3061,1;11239
3062,1;60
3063,1;61
3064,1;53
3065,1;54
3066,1;69
3067,1;11265
3068,1;56
3069,1;45
3070,1;55
3071,1;58
3072,1;59
3073,1;11244
3074,1;59
3075,1;51
3076,1;62
3077,1;56
3078,1;63
3079,1;11220
3080,1;49
3081,1;55
3082,1;45
3083,1;46
3084,1;49
3085,1;11233
3086,1;51
3087,1;59
3088,1;71
3089,1;57
3090,1;49
3091,1;11242
3092,1;51
3093,1;42
3094,1;52
3095,1;54
3096,1;54
3097,1;11263
3098,1;41
3099,1;60
3100,1;52
3101,1;54
3102,1;41
3103,1;11221
3104,1;55
3105,1;50
3106,1;43
3107,1;55
3108,1;54
3109,1;10930
3110,1;51
3111,1;65
3112,1;59
3113,1;46
3114,1;51
3115,1;11158
3116,1;63
3117,1;69
3118,1;54
3119,1;51
3120,1;64
3121,1;11237
3122,1;50
3123,1;55
3124,1;59
3125,1;60
3126,1;61
3127,1;11259
3128,1;48
3129,1;60
3130,1;59
3131,1;54
3132,1;60
3133,1;11261
3134,12;46
3135,12;51
3136,12;56
3137,12;72
3138,12;53
3139,12;11245
3140,12;55
3141,12;41
3142,12;50
3143,12;51
3144,12;57
3145,12;11235
3146,12;62
3147,12;64
3148,12;66
3149,12;58
3150,12;68
3151,12;11239
3152,12;55
3153,12;62
3154,12;55
3155,12;58
3156,12;62
3157,12;11189
3158,12;51
3159,12;61
3160,12;51
3161,12;66
3162,12;64
3163,12;11216
3164,12;74
3165,12;61
3166,12;66
3167,12;58
3168,12;72
3169,12;11225
3170,12;57
3171,12;58
3172,12;65
3173,12;72
3174,12;68
3175,12;11257
3176,12;52
3177,12;51
3178,12;61
3179,12;66
3180,12;62
3181,12;11211
3182,12;70
3183,12;68
3184,12;50
3185,12;58
3186,12;82
3187,12;11225
3188,12;50
3189,12;72
3190,12;48
3191,12;52
3192,12;74
3193,12;11256
3194,12;68
3195,12;70
3196,12;55
3197,12;68
3198,12;85
3199,12;11216
3200,12;56
3201,12;78
3202,12;62
3203,12;70
3204,12;69
3205,12;11224
3206,12;63
3207,12;70
3208,12;60
3209,12;77
3210,12;75
3211,12;11254
3212,12;75
3213,12;63
3214,12;52
3215,12;73
3216,12;78
3217,12;11224
3218,12;75
3219,12;82
3220,12;62
3221,12;77
3222,12;68
3223,12;11212
3224,12;63
3225,12;67
3226,12;76
3227,12;75
3228,12;80
3229,12;11237
3230,12;75
3231,12;82
3232,12;68
3233,12;78
3234,12;74
3235,12;11212
3236,12;64
3237,12;67
3238,12;70
3239,12;77
3240,12;66
3241,12;11254
3242,12;76
3243,12;63
3244,12;72
3245,12;92
3246,12;68
3247,12;11246
3248,12;63
3249,12;55
3250,12;99
3251,12;77
3252,12;69
3253,12;11206
3254,12;70
3255,12;73
3256,12;77
3257,12;62
3258,12;73
3259,12;11190
3260,12;62
3261,12;74
3262,12;85
3263,12;80
3264,12;78
3265,12;11261
3266,12;65
3267,12;68
3268,12;60
3269,12;75
3270,12;70
3271,12;11209
3272,12;90
3273,12;80
3274,12;80
3275,12;76
3276,12;73
3277,12;11223
3278,12;70
3279,12;60
3280,12;62
3281,12;78
3282,12;55
3283,12;11221
3284,12;61
3285,12;65
3286,12;61
3287,12;79
3288,12;69
3289,12;11251
3290,12;62
3291,12;60
3292,12;70
3293,12;58
3294,12;82
3295,12;11238
3296,12;77
3297,12;72
3298,12;72
3299,12;50
3300,12;85
3301,12;11249
3302,12;66
3303,12;64
3304,12;72
3305,12;64
3306,12;80
3307,12;11245
3308,12;47
3309,12;74
3310,12;66
3311,12;81
3312,12;80
3313,12;11205
3314,12;65
3315,12;62
3316,12;68
3317,12;71
3318,12;86
3319,12;11208
3320,12;70
3321,12;62
3322,12;80
3323,12;97
3324,12;55
3325,12;11215
3326,12;73
3327,12;68
3328,12;61
3329,12;78
3330,12;78
3331,12;11260
3332,12;65
3333,12;68
3334,12;76
3335,12;68
3336,096;73
3337,096;11205
3338,096;72
3339,096;87
3340,096;60
3341,096;75
3342,096;72
3343,096;11205
3344,096;67
3345,096;63
3346,096;68
3347,096;62
3348,096;71
3349,096;11229
3350,096;81
3351,096;77
3352,096;77
3353,096;78
3354,096;68
3355,096;11208
3356,096;64
3357,096;72
3358,096;69
3359,096;69
3360,096;61
3361,096;11214
3362,096;75
3363,096;64
3364,096;68
3365,096;75
3366,096;67
3367,096;11209
3368,096;69
3369,096;69
3370,096;59
3371,096;67
3372,096;83
3373,096;11178
3374,096;73
3375,096;61
3376,096;63
3377,096;57
3378,096;83
3379,096;11201
3380,096;76
3381,096;75
3382,096;59
3383,096;67
3384,096;74
3385,096;11209
3386,096;53
3387,096;56
3388,096;63
3389,096;57
3390,096;78
3391,096;11225
3392,096;64
3393,096;66
3394,096;81
3395,096;72
3396,096;71
3397,096;11217
3398,096;76
3399,096;64
3400,096;66
3401,096;70
3402,096;82
3403,096;11220
3404,096;63
3405,096;71
3406,096;72
3407,096;75
3408,096;60
3409,096;11206
3410,096;62
3411,096;62
3412,096;88
3413,096;70
3414,096;78
3415,096;11203
3416,096;59
3417,096;57
3418,096;83
3419,096;66
3420,096;67
3421,096;10890
3422,096;60
3423,096;71
3424,096;72
3425,096;66
3426,096;71
3427,096;11134
3428,096;57
3429,096;56
3430,096;63
3431,096;52
3432,096;73
3433,096;11205
3434,096;84
3435,096;65
3436,096;78
3436,659;76
3437,659;74
3438,659;11242
3439,659;74
3440,659;65
3441,659;67
3442,659;69
3443,659;72
3444,659;11224
3445,659;52
3446,659;80
3447,659;65
3448,659;52
3449,659;68
3450,659;11235
3451,659;71
3452,659;62
3453,659;61
3454,659;83
3455,659;65
3456,659;11236
3457,659;60
3458,659;58
3459,659;59
3460,659;65
3461,659;75
3462,659;11227
3463,659;85
3464,659;64
3465,659;66
3466,659;82
3467,659;75
3468,659;11203
3469,659;83
3470,659;71
3471,659;67
3472,659;65
3473,659;68
3474,659;11242
3475,659;46
3476,659;94
3477,659;71
3478,659;67
3479,659;77
3480,659;11226
3481,659;71
3482,659;85
3483,659;79
3484,659;59
3485,659;64
3486,659;11228
3487,659;63
3488,659;55
3489,659;63
3490,659;73
3491,659;78
3492,659;11209
3493,659;67
3494,659;64
3495,659;74
3496,659;91
3497,659;69
3498,659;11219
3499,659;72
3500,659;65
3501,659;67
3502,659;79
3503,659;63
3504,659;11204
3505,659;89
3506,659;78
3507,659;82
3508,659;70
3509,659;73
3510,659;11200
3511,659;58
3512,659;63
3513,659;71
3514,659;77
3515,659;63
3516,659;11219
3517,659;77
3518,659;78
3519,659;75
3520,659;72
3521,659;83
3522,659;11200
3523,659;59
3524,659;73
3525,659;58
3526,659;65
3527,659;79
3528,659;11253
3529,659;78
3530,659;54
3531,659;89
3532,659;82
3533,659;64
3534,659;11212
3535,659;65
3536,659;65
3538,135;75
3539,135;55
3540,135;79
3541,135;11221
3542,135;67
3543,135;70
3544,135;63
3545,135;73
3546,135;72
3547,135;11197
3548,135;79
3549,135;70
3550,135;52
3551,135;66
3552,135;68
3553,135;11224
3554,135;58
3555,135;71
3556,135;81
3557,135;67
3558,135;74
3559,135;11207
3560,135;74
3561,135;75
3562,135;67
3563,135;73
3564,135;69
3565,135;11227
3566,135;70
3567,135;61
3568,135;66
3569,135;73
3570,135;63
3571,135;11193
3572,135;74
3573,135;64
3574,135;71
3575,135;87
3576,135;72
3577,135;11215
3578,135;60
3579,135;75
3580,135;78
3581,135;78
3582,135;84
3583,135;11201
3584,135;73
3585,135;77
3586,135;82
3587,135;80
3588,135;95
3589,135;11215
3590,135;59
3591,135;54
3592,135;77
3593,135;84
3594,135;80
3595,135;11233
3596,135;60
3597,135;78
3598,135;71
3599,135;71
3600,135;70
3601,135;11241
3602,135;67
3603,135;71
3604,135;79
3605,135;69
3606,135;86
3607,135;11184
3608,135;62
3609,135;82
3610,135;74
3611,135;74
3612,135;61
3613,135;11232
3614,135;71
3615,135;55
3616,135;86
3617,135;70
3618,135;79
3619,135;11219
3620,135;55
3621,135;66
3622,135;72
3623,135;72
3624,135;72
3625,135;11218
3626,135;69
3627,135;60
3628,135;67
3629,135;65
3630,135;62
3631,135;11215
3632,135;67
3633,135;64
3634,135;77
3635,135;72
3636,135;73
3637,135;11212
3638,135;67
3639,094;56
3640,094;71
3641,094;79
3642,094;61
3643,094;11216
3644,094;61
3645,094;62
3646,094;62
3647,094;76
3648,094;74
3649,094;11221
3650,094;79
3651,094;54
3652,094;72
3653,094;58
3654,094;80
3655,094;11205
3656,094;66
3657,094;69
3658,094;61
3659,094;65
3660,094;66
3661,094;11190
3662,094;50
3663,094;62
3664,094;62
3665,094;69
3666,094;70
3667,094;11257
3668,094;47
3669,094;63
3670,094;61
3671,094;62
3672,094;76
3673,094;11204
3674,094;62
3675,094;60
3676,094;69
3677,094;62
3678,094;63
3679,094;11221
3680,094;58
3681,094;60
3682,094;72
3683,094;67
3684,094;75
3685,094;11184
3686,094;57
3687,094;65
3688,094;60
3689,094;52
3690,094;64
3691,094;11210
3692,094;54
3693,094;57
3694,094;41
3695,094;53
3696,094;60
3697,094;11228
3698,094;59
3699,094;60
3700,094;50
3701,094;64
3702,094;56
3703,094;11214
3704,094;63
3705,094;66
3706,094;50
3707,094;65
3708,094;62
3709,094;11226
3710,094;64
3711,094;35
3712,094;58
3713,094;54
3714,094;73
3715,094;11199
3716,094;56
3717,094;52
3718,094;48
3719,094;66
3720,094;57
3721,094;11198
3722,094;52
3723,094;58
3724,094;42
3725,094;63
3726,094;58
3727,094;11182
3728,094;54
3729,094;53
3730,094;44
3731,094;50
3732,094;40
3733,094;10893
3734,094;45
3735,094;34
3736,094;64
3737,094;74
3738,094;56
3739,094;11148
3740,094;62
3741,094;55
3742,094;51
3743,094;61
3744,094;44
3745,094;11232
3746,094;50
3747,094;66
3748,094;46
3749,094;49
3750,094;63
3751,094;11209
3752,094;47
3753,094;65
3754,094;50
3755,094;55
3756,094;62
3757,094;11213
3758,094;50
3759,094;56
3760,094;50
3761,094;59
3762,094;60
3763,094;11224
3764,094;50
3765,094;62
3766,094;67
3767,094;54
3768,094;55
3769,094;11228
3770,094;67
3771,094;66
3772,094;55
3773,094;53
3774,094;51
3775,094;11228
3776,094;53
3777,094;73
3778,094;40
3779,094;74
3780,094;59
3781,094;11229
3782,094;44
3783,094;52
3784,094;52
3785,094;60
3786,094;58
3787,094;11233
3788,094;58
3789,094;48
3790,094;65
3791,094;65
3792,094;72
3793,094;11203
3794,094;65
3795,094;53
3796,094;76
3797,094;69
3798,094;60
3799,094;11195
3800,094;73
3801,094;55
3802,094;45
3803,094;65
3804,094;77
3805,094;11220
3806,094;71
3807,094;72
3808,094;69
3809,094;75
3810,094;73
3811,094;11225
3812,094;74
3813,094;59
3814,094;65
3815,094;61
3816,094;56
3817,094;11219
3818,094;66
3819,094;68
3820,094;71
3821,094;66
3822,094;73
3823,094;11235
3824,094;58
3825,094;62
3826,094;74
3827,094;64
3828,094;78
3829,094;11228
3830,094;51
3831,094;67
3832,094;73
3833,094;69
3834,094;79
3835,094;11234
3836,094;69
3837,094;60
3838,094;74
3839,094;83
3840,094;72
3840,839;11219
3841,839;61
3842,839;63
3843,839;71
3844,839;83
3845,839;63
3846,839;11226
3847,839;69
3848,839;68
3849,839;69
3850,839;76
3851,839;91
3852,839;11215
3853,839;68
3854,839;70
3855,839;77
3856,839;54
3857,839;89
3858,839;11211
3859,839;68
3860,839;75
3861,839;74
3862,839;68
3863,839;77
3864,839;11188
3865,839;74
3866,839;73
3867,839;89
3868,839;68
3869,839;85
3870,839;11199
3871,839;71
3872,839;68
3873,839;91
3874,839;63
3875,839;74
3876,839;11212
3877,839;58
3878,839;84
3879,839;74
3880,839;76
3881,839;57
3882,839;11226
3883,839;67
3884,839;64
3885,839;72
3886,839;68
3887,839;91
3888,839;11222
3889,839;65
3890,839;67
3891,839;72
3892,839;72
3893,839;73
3894,839;11221
3895,839;60
3896,839;69
3897,839;78
3898,839;68
3899,839;70
3900,839;11184
3901,839;57
3902,839;68
3903,839;70
3904,839;78
3905,839;59
3906,839;11234
3907,839;58
3908,839;71
3909,839;94
3910,839;67
3911,839;81
3912,839;11198
3913,839;67
3914,839;58
3915,839;78
3916,839;69
3917,839;73
3918,839;11206
3919,839;69
3920,839;74
3921,839;65
3922,839;69
3923,839;68
3924,839;11223
3925,839;84
3926,839;86
3927,839;52
3928,839;80
3929,839;84
3930,839;11216
3931,839;54
3932,839;63
3933,839;69
3934,839;65
3935,839;68
3936,839;11199
3937,839;60
3938,839;55
3939,839;78
3940,839;90
3942,077;64
3943,077;11166
3944,077;67
3945,077;84
3946,077;72
3947,077;70
3948,077;69
3949,077;11201
3950,077;71
3951,077;58
3952,077;53
3953,077;76
3954,077;75
3955,077;11201
3956,077;72
3957,077;81
3958,077;75
3959,077;65
3960,077;83
3961,077;11196
3962,077;65
3963,077;60
3964,077;70
3965,077;75
3966,077;65
3967,077;11195
3968,077;75
3969,077;67
3970,077;68
3971,077;67
3972,077;66
3973,077;11183
3974,077;67
3975,077;62
3976,077;82
3977,077;68
3978,077;78
3979,077;11180
3980,077;79
3981,077;58
3982,077;73
3983,077;84
3984,077;71
3985,077;11213
3986,077;58
3987,077;73
3988,077;70
3989,077;74
3990,077;63
3991,077;11196
3992,077;74
3993,077;70
3994,077;77
3995,077;76
3996,077;77
3997,077;11166
3998,077;67
3999,077;62
4000,077;56
4001,077;51
4002,077;68
4003,077;11212
4004,077;78
4005,077;62
4006,077;64
4007,077;76
4008,077;70
4009,077;11202
4010,077;63
4011,077;68
4012,077;67
4013,077;73
4014,077;73
4015,077;11202
4016,077;52
4017,077;79
4018,077;63
4019,077;72
4020,077;68
4021,077;11217
4022,077;51
4023,077;61
4024,077;72
4025,077;57
4026,077;61
4027,077;11218
4028,077;62
4029,077;72
4030,077;68
4031,077;59
4032,077;63
4033,077;11163
4034,077;66
4035,077;62
4036,077;70
4037,077;76
4038,077;76
4039,077;11172
4040,077;58
4041,077;73
4042,077;73
4043,023;78
4044,023;81
4045,023;10845
4046,023;62
4047,023;64
4048,023;69
4049,023;56
4050,023;58
4051,023;11176
4052,023;71
4053,023;55
4054,023;60
4055,023;63
4056,023;63
4057,023;11193
4058,023;57
4059,023;66
4060,023;69
4061,023;75
4062,023;73
4063,023;11226
4064,023;68
4065,023;65
4066,023;59
4067,023;67
4068,023;63
4069,023;11232
4070,023;57
4071,023;52
4072,023;75
4073,023;69
4074,023;73
4075,023;11202
4076,023;57
4077,023;66
4078,023;60
4079,023;70
4080,023;72
4081,023;11176
4082,023;80
4083,023;76
4084,023;66
4085,023;78
4086,023;71
4087,023;11210
4088,023;57
4089,023;77
4090,023;67
4091,023;59
4092,023;73
4093,023;11196
4094,023;63
4095,023;66
4096,023;67
4097,023;72
4098,023;72
4099,023;11176
4100,023;72
4101,023;81
4102,023;57
4103,023;67
4104,023;75
4105,023;11199
4106,023;76
4107,023;54
4108,023;65
4109,023;77
4110,023;88
4111,023;11210
4112,023;74
4113,023;64
4114,023;51
4115,023;70
4116,023;77
4117,023;11202
4118,023;70
4119,023;56
4120,023;67
4121,023;64
4122,023;72
4123,023;11179
4124,023;65
4125,023;49
4126,023;75
4127,023;77
4128,023;67
4129,023;11221
4130,023;67
4131,023;77
4132,023;68
4133,023;43
4134,023;78
4135,023;11177
4136,023;65
4137,023;68
4138,023;59
4139,023;92
4140,023;58
4141,023;11192
4142,023;58
4143,023;57
4143,913;81
4144,913;67
4145,913;87
4146,913;11247
4147,913;65
4148,913;64
4149,913;61
4150,913;74
4151,913;83
4152,913;11198
4153,913;54
4154,913;68
4155,913;77
4156,913;59
4157,913;71
4158,913;11213
4159,913;80
4160,913;72
4161,913;66
4162,913;61
4163,913;78
4164,913;11175
4165,913;75
4166,913;67
4167,913;80
4168,913;88
4169,913;70
4170,913;11214
4171,913;68
4172,913;78
4173,913;68
4174,913;73
4175,913;78
4176,913;11214
4177,913;68
4178,913;70
4179,913;89
4180,913;84
4181,913;68
4182,913;11199
4183,913;58
4184,913;84
4185,913;65
4186,913;76
4187,913;58
4188,913;11209
4189,913;66
4190,913;79
4191,913;75
4192,913;58
4193,913;76
4194,913;11226
4195,913;78
4196,913;59
4197,913;75
4198,913;70
4199,913;90
4200,913;11169
4201,913;63
4202,913;84
4203,913;75
4204,913;86
4205,913;91
4206,913;11147
4207,913;74
4208,913;66
4209,913;64
4210,913;55
4211,913;69
4212,913;11194
4213,913;82
4214,913;66
4215,913;74
4216,913;64
4217,913;74
4218,913;11195
4219,913;71
4220,913;57
4221,913;71
4222,913;69
4223,913;67
4224,913;11195
4225,913;72
4226,913;69
4227,913;62
4228,913;77
4229,913;70
4230,913;11187
4231,913;77
4232,913;75
4233,913;68
4234,913;74
4235,913;66
4236,913;11183
4237,913;51
4238,913;84
4239,913;61
4240,913;78
4241,913;83
4242,913;11179
4243,913;60
4244,913;65
4245,913;63
4246,913;79
4247,913;76
4248,913;11215
4249,913;71
4250,913;81
4251,913;73
4252,913;64
4253,913;79
4254,913;11211
4255,913;80
4256,913;74
4257,913;62
4258,913;65
4259,913;63
4260,913;11218
4261,913;76
4262,913;57
4263,913;60
4264,913;75
4265,913;92
4266,913;11222
4267,913;61
4268,913;57
4269,913;55
4270,913;63
4271,913;70
4272,913;11204
4273,913;76
4274,913;73
4275,913;58
4276,913;70
4277,913;80
4278,913;11216
4279,913;66
4280,913;77
4281,913;58
4282,913;61
4283,913;59
4284,913;11205
4285,913;64
4286,913;57
4287,913;60
4288,913;66
4289,913;76
4290,913;11192
4291,913;43
4292,913;61
4293,913;45
4294,913;60
4295,913;77
4296,913;11221
4297,913;58
4298,913;57
4299,913;69
4300,913;60
4301,913;63
4302,913;11205
4303,913;41
4304,913;55
4305,913;70
4306,913;63
4307,913;69
4308,913;11217
4309,913;55
4310,913;41
4311,913;56
4312,913;67
4313,913;63
4314,913;11236
4315,913;50
4316,913;59
4317,913;56
4318,913;50
4319,913;58
4320,913;11209
4321,913;65
4322,913;51
4323,913;50
4324,913;64
4325,913;56
4326,913;11195
4327,913;50
4328,913;62
4329,913;55
4330,913;52
4331,913;62
4332,913;11217
4333,913;49
4334,913;53
4335,913;52
4336,913;51
4337,913;60
4338,913;11222
4339,913;54
4340,913;47
4341,913;50
4342,913;55
4343,913;59
4344,913;11214
4345,656;42
4346,656;61
4347,656;48
4348,656;58
4349,656;63
4350,656;11196
4351,656;44
4352,656;47
4353,656;55
4354,656;56
4355,656;60
4356,656;10852
4357,656;47
4358,656;61
4359,656;48
4360,656;58
4361,656;61
4362,656;11124
4363,656;47
4364,656;52
4365,656;71
4366,656;62
4367,656;38
4368,656;11191
4369,656;72
4370,656;52
4371,656;56
4372,656;43
4373,656;56
4374,656;11170
4375,656;65
4376,656;57
4377,656;40
4378,656;46
4379,656;56
4380,656;11193
4381,656;56
4382,656;65
4383,656;51
4384,656;61
4385,656;63
4386,656;11224
4387,656;43
4388,656;58
4389,656;63
4390,656;44
4391,656;63
4392,656;11197
4393,656;55
4394,656;68
4395,656;55
4396,656;57
4397,656;66
4398,656;11200
4399,656;65
4400,656;54
4401,656;64
4402,656;61
4403,656;70
4404,656;11243
4405,656;58
4406,656;69
4407,656;57
4408,656;63
4409,656;63
4410,656;11216
4411,656;44
4412,656;60
4413,656;58
4414,656;59
4415,656;74
4416,656;11233
4417,656;61
4418,656;54
4419,656;73
4420,656;56
4421,656;61
4422,656;11222
4423,656;71
4424,656;64
4425,656;73
4426,656;51
4427,656;57
4428,656;11205
4429,656;65
4430,656;65
4431,656;64
4432,656;71
4433,656;72
4434,656;11208
4435,656;55
4436,656;61
4437,656;54
4438,656;65
4439,656;71
4440,656;11188
4441,656;55
4442,656;67
4443,656;69
4444,656;89
4445,656;78
4446,25;11205
4447,25;76
4448,25;74
4449,25;94
4450,25;66
4451,25;69
4452,25;11179
4453,25;65
4454,25;67
4455,25;57
4456,25;73
4457,25;74
4458,25;11152
4459,25;61
4460,25;61
4461,25;68
4462,25;64
4463,25;70
4464,25;11210
4465,25;61
4466,25;62
4467,25;73
4468,25;82
4469,25;70
4470,25;11217
4471,25;73
4472,25;65
4473,25;66
4474,25;86
4475,25;67
4476,25;11223
4477,25;71
4478,25;83
4479,25;64
4480,25;79
4481,25;76
4482,25;11180
4483,25;64
4484,25;72
4485,25;70
4486,25;81
4487,25;67
4488,25;11225
4489,25;63
4490,25;74
4491,25;75
4492,25;71
4493,25;69
4494,25;11179
4495,25;78
4496,25;68
4497,25;66
4498,25;89
4499,25;80
4500,25;11188
4501,25;68
4502,25;68
4503,25;62
4504,25;76
4505,25;61
4506,25;11182
4507,25;63
4508,25;69
4509,25;85
4510,25;68
4511,25;78
4512,25;11188
4513,25;72
4514,25;82
4515,25;54
4516,25;70
4517,25;81
4518,25;11209
4519,25;77
4520,25;67
4521,25;71
4522,25;72
4523,25;88
4524,25;11237
4525,25;69
4526,25;73
4527,25;61
4528,25;56
4529,25;60
4530,25;11180
4531,25;57
4532,25;66
4533,25;76
4534,25;86
4535,25;75
4536,25;11233
4537,25;77
4538,25;62
4539,25;76
4540,25;63
4541,25;73
4542,25;11194
4543,25;52
4544,25;68
4545,25;76
4546,25;78
4547,81;61
4548,81;11210
4549,81;63
4550,81;86
4551,81;61
4552,81;64
4553,81;72
4554,81;11175
4555,81;60
4556,81;58
4557,81;72
4558,81;67
4559,81;83
4560,81;11170
4561,81;58
4562,81;72
4563,81;88
4564,81;68
4565,81;72
4566,81;11198
4567,81;70
4568,81;65
4569,81;67
4570,81;68
4571,81;70
4572,81;11194
4573,81;65
4574,81;92
4575,81;68
4576,81;78
4577,81;71
4578,81;11196
4579,81;76
4580,81;69
4581,81;75
4582,81;76
4583,81;79
4584,81;11204
4585,81;61
4586,81;67
4587,81;73
4588,81;74
4589,81;74
4590,81;11213
4591,81;70
4592,81;79
4593,81;51
4594,81;61
4595,81;73
4596,81;11181
4597,81;64
4598,81;71
4599,81;65
4600,81;76
4601,81;77
4602,81;11197
4603,81;61
4604,81;67
4605,81;67
4606,81;67
4607,81;66
4608,81;11232
4609,81;76
4610,81;86
4611,81;63
4612,81;78
4613,81;69
4614,81;11184
4615,81;52
4616,81;73
4617,81;67
4618,81;72
4619,81;56
4620,81;11203
4621,81;60
4622,81;52
4623,81;66
4624,81;71
4625,81;69
4626,81;11164
4627,81;63
4628,81;69
4629,81;73
4630,81;60
4631,81;66
4632,81;11210
4633,81;56
4634,81;73
4635,81;69
4636,81;83
4637,81;89
4638,81;11160
4639,81;49
4640,81;63
4641,81;74
4642,81;68
4643,81;71
4644,81;11218
4645,81;63
4646,81;60
4647,81;69
4649,022;74
4650,022;69
4651,022;11201
4652,022;69
4653,022;69
4654,022;64
4655,022;47
4656,022;77
4657,022;11226
4658,022;51
4659,022;57
4660,022;75
4661,022;81
4662,022;78
4663,022;11192
4664,022;54
4665,022;53
4666,022;65
4667,022;58
4668,022;74
4669,022;10842
4670,022;69
4671,022;47
4672,022;59
4673,022;80
4674,022;66
4675,022;11115
4676,022;48
4677,022;60
4678,022;50
4679,022;61
4680,022;69
4681,022;11178
4682,022;54
4683,022;57
4684,022;68
4685,022;69
4686,022;76
4687,022;11201
4688,022;67
4689,022;66
4690,022;69
4691,022;65
4692,022;70
4693,022;11213
4694,022;65
4695,022;67
4696,022;65
4697,022;62
4698,022;66
4699,022;11182
4700,022;65
4701,022;65
4702,022;66
4703,022;60
4704,022;84
4705,022;11209
4706,022;52
4707,022;79
4708,022;79
4709,022;67
4710,022;61
4711,022;11178
4712,022;66
4713,022;62
4714,022;71
4715,022;61
4716,022;74
4717,022;11185
4718,022;71
4719,022;69
4720,022;70
4721,022;67
4722,022;69
4723,022;11223
4724,022;63
4725,022;61
4726,022;69
4727,022;59
4728,022;76
4729,022;11150
4730,022;64
4731,022;64
4732,022;63
4733,022;72
4734,022;77
4735,022;11183
4736,022;70
4737,022;63
4738,022;69
4739,022;73
4740,022;76
4741,022;11199
4742,022;67
4743,022;73
4744,022;92
4745,022;83
4746,022;63
4747,022;11214
4748,022;64
4749,022;65
4749,469;62
4750,469;73
4751,469;80
4752,469;11212
4753,469;66
4754,469;54
4755,469;74
4756,469;74
4757,469;69
4758,469;11208
4759,469;66
4760,469;73
4761,469;68
4762,469;67
4763,469;81
4764,469;11202
4765,469;64
4766,469;85
4767,469;64
4768,469;66
4769,469;72
4770,469;11223
4771,469;65
4772,469;76
4773,469;70
4774,469;66
4775,469;76
4776,469;11225
4777,469;63
4778,469;60
4779,469;84
4780,469;80
4781,469;69
4782,469;11205
4783,469;59
4784,469;67
4785,469;80
4786,469;64
4787,469;72
4788,469;11215
4789,469;100
4790,469;63
4791,469;74
4792,469;76
4793,469;83
4794,469;11194
4795,469;62
4796,469;60
4797,469;60
4798,469;81
4799,469;66
4800,469;11216
4801,469;76
4802,469;59
4803,469;60
4804,469;65
4805,469;80
4806,469;11242
4807,469;53
4808,469;71
4809,469;80
4810,469;67
4811,469;68
4812,469;11194
4813,469;64
4814,469;68
4815,469;76
4816,469;71
4817,469;80
4818,469;11209
4819,469;82
4820,469;69
4821,469;67
4822,469;55
4823,469;90
4824,469;11233
4825,469;77
4826,469;67
4827,469;72
4828,469;62
4829,469;66
4830,469;11157
4831,469;71
4832,469;54
4833,469;69
4834,469;85
4835,469;59
4836,469;11199
4837,469;85
4838,469;81
4839,469;70
4840,469;85
4841,469;64
4842,469;11192
4843,469;65
4844,469;77
4845,469;72
4846,469;61
4847,469;76
4848,469;11191
4849,469;59
4850,469;78
4851,469;73
4852,469;67
4853,469;81
4854,469;11202
4855,469;70
4856,469;64
4857,469;67
4858,469;82
4859,469;57
4860,469;11188
4861,469;87
4862,469;55
4863,469;68
4864,469;69
4865,469;67
4866,469;11188
4867,469;73
4868,469;67
4869,469;78
4870,469;74
4871,469;80
4872,469;11217
4873,469;63
4874,469;61
4875,469;78
4876,469;73
4877,469;76
4878,469;11176
4879,469;62
4880,469;67
4881,469;67
4882,469;86
4883,469;99
4884,469;11193
4885,469;64
4886,469;73
4887,469;63
4888,469;84
4889,469;88
4890,469;11208
4891,469;67
4892,469;55
4893,469;73
4894,469;72
4895,469;69
4896,469;11199
4897,469;53
4898,469;60
4899,469;73
4900,469;55
4901,469;63
4902,469;11198
4903,469;53
4904,469;55
4905,469;78
4906,469;62
4907,469;74
4908,469;11233
4909,469;72
4910,469;63
4911,469;71
4912,469;59
4913,469;72
4914,469;11200
4915,469;55
4916,469;61
4917,469;64
4918,469;71
4919,469;78
4920,469;11170
4921,469;67
4922,469;71
4923,469;71
4924,469;65
4925,469;85
4926,469;11235
4927,469;62
4928,469;66
4929,469;57
4930,469;67
4931,469;58
4932,469;11195
4933,469;50
4934,469;56
4935,469;66
4936,469;78
4937,469;70
4938,469;11204
4939,469;54
4940,469;60
4941,469;58
4942,469;61
4943,469;65
4944,469;11192
4945,469;51
4946,469;55
4947,469;67
4948,469;63
4949,469;55
4950,469;11231
4951,574;47
4952,574;62
4953,574;59
4954,574;61
4955,574;57
4956,574;11227
4957,574;51
4958,574;68
4959,574;62
4960,574;67
4961,574;69
4962,574;11216
4963,574;66
4964,574;52
4965,574;53
4966,574;53
4967,574;56
4968,574;11195
4969,574;43
4970,574;55
4971,574;59
4972,574;46
4973,574;55
4974,574;11216
4975,574;45
4976,574;49
4977,574;49
4978,574;66
4979,574;63
4980,574;10869
4981,574;50
4982,574;43
4983,574;58
4984,574;55
4985,574;48
4986,574;11135
4987,574;54
4988,574;54
4989,574;51
4990,574;69
4991,574;55
4992,574;11227
4993,574;51
4994,574;47
4995,574;62
4996,574;52
4997,574;53
4998,574;11202
4999,574;54
5000,574;47
5001,574;55
5002,574;49
5003,574;56
5004,574;11171
5005,574;47
5006,574;43
5007,574;62
5008,574;63
5009,574;62
5010,574;11217
5011,574;40
5012,574;51
5013,574;69
5014,574;57
5015,574;74
5016,574;11209
5017,574;51
5018,574;56
5019,574;67
5020,574;58
5021,574;70
5022,574;11236
5023,574;72
5024,574;51
5025,574;69
5026,574;41
5027,574;71
5028,574;11220
5029,574;64
5030,574;54
5031,574;61
5032,574;81
5033,574;74
5034,574;11215
5035,574;73
5036,574;76
5037,574;66
5038,574;63
5039,574;78
5040,574;11218
5041,574;56
5042,574;69
5043,574;73
5044,574;75
5045,574;75
5046,574;11215
5047,574;68
5048,574;83
5049,574;73
5050,574;85
5051,574;83
5052,436;11235
5053,436;49
5054,436;68
5055,436;70
5056,436;64
5057,436;63
5058,436;11220
5059,436;70
5060,436;52
5061,436;65
5062,436;69
5063,436;64
5064,436;11212
5065,436;73
5066,436;83
5067,436;72
5068,436;76
5069,436;81
5070,436;11183
5071,436;68
5072,436;70
5073,436;75
5074,436;55
5075,436;59
5076,436;11214
5077,436;56
5078,436;73
5079,436;59
5080,436;63
5081,436;84
5082,436;11187
5083,436;67
5084,436;76
5085,436;76
5086,436;81
5087,436;77
5088,436;11220
5089,436;62
5090,436;62
5091,436;77
5092,436;99
5093,436;79
5094,436;11199
5095,436;71
5096,436;73
5097,436;74
5098,436;72
5099,436;79
5100,436;11225
5101,436;73
5102,436;69
5103,436;73
5104,436;68
5105,436;80
5106,436;11220
5107,436;56
5108,436;74
5109,436;69
5110,436;74
5111,436;79
5112,436;11222
5113,436;64
5114,436;69
5115,436;63
5116,436;76
5117,436;78
5118,436;11211
5119,436;79
5120,436;82
5121,436;77
5122,436;62
5123,436;85
5124,436;11207
5125,436;71
5126,436;66
5127,436;97
5128,436;71
5129,436;70
5130,436;11190
5131,436;68
5132,436;70
5133,436;67
5134,436;97
5135,436;83
5136,436;11199
5137,436;79
5138,436;64
5139,436;69
5140,436;80
5141,436;69
5142,436;11208
5143,436;62
5144,436;64
5145,436;70
5146,436;85
5147,436;78
5148,436;11226
5149,436;69
5150,436;66
5151,436;62
5152,436;72
5153,831;88
5154,831;11196
5155,831;62
5156,831;76
5157,831;65
5158,831;58
5159,831;75
5160,831;11207
5161,831;52
5162,831;54
5163,831;72
5164,831;66
5165,831;79
5166,831;11236
5167,831;58
5168,831;66
5169,831;80
5170,831;63
5171,831;67
5172,831;11187
5173,831;51
5174,831;69
5175,831;65
5176,831;65
5177,831;73
5178,831;11193
5179,831;71
5180,831;70
5181,831;70
5182,831;70
5183,831;70
5184,831;11193
5185,831;58
5186,831;69
5187,831;70
5188,831;73
5189,831;73
5190,831;11228
5191,831;63
5192,831;59
5193,831;80
5194,831;76
5195,831;69
5196,831;11196
5197,831;70
5198,831;80
5199,831;73
5200,831;70
5201,831;69
5202,831;11223
5203,831;67
5204,831;65
5205,831;68
5206,831;74
5207,831;75
5208,831;11223
5209,831;73
5210,831;78
5211,831;85
5212,831;72
5213,831;67
5214,831;11197
5215,831;55
5216,831;71
5217,831;57
5218,831;76
5219,831;73
5220,831;11207
5221,831;53
5222,831;49
5223,831;66
5224,831;73
5225,831;73
5226,831;11158
5227,831;73
5228,831;77
5229,831;74
5230,831;83
5231,831;63
5232,831;11179
5233,831;68
5234,831;79
5235,831;67
5236,831;79
5237,831;71
5238,831;11156
5239,831;56
5240,831;75
5241,831;65
5242,831;63
5243,831;71
5244,831;11175
5245,831;74
5246,831;60
5247,831;64
5248,831;70
5249,831;83
5250,831;11185
5251,831;49
5252,831;65
5253,831;63
5254,969;62
5255,969;61
5256,969;11170
5257,969;74
5258,969;57
5259,969;64
5260,969;67
5261,969;73
5262,969;11204
5263,969;77
5264,969;61
5265,969;62
5266,969;62
5267,969;70
5268,969;11200
5269,969;46
5270,969;62
5271,969;65
5272,969;61
5273,969;67
5274,969;11172
5275,969;65
5276,969;54
5277,969;69
5278,969;61
5279,969;78
5280,969;11191
5281,969;53
5282,969;64
5283,969;71
5284,969;62
5285,969;76
5286,969;11198
5287,969;51
5288,969;61
5289,969;65
5290,969;56
5291,969;66
5292,969;10835
5293,969;60
5294,969;67
5295,969;61
5296,969;65
5297,969;75
5298,969;11140
5299,969;43
5300,969;53
5301,969;76
5302,969;75
5303,969;74
5304,969;11165
5305,969;58
5306,969;55
5307,969;57
5308,969;70
5309,969;69
5310,969;11192
5311,969;57
5312,969;62
5313,969;66
5314,969;70
5315,969;87
5316,969;11192
5317,969;58
5318,969;53
5319,969;63
5320,969;64
5321,969;79
5322,969;11194
5323,969;50
5324,969;69
5325,969;54
5326,969;83
5327,969;81
5328,969;11158
5329,969;64
5330,969;66
5331,969;82
5332,969;77
5333,969;84
5334,969;11185
5335,969;75
5336,969;71
5337,969;63
5338,969;71
5339,969;72
5340,969;11185
5341,969;61
5342,969;78
5343,969;78
5344,969;65
5345,969;82
5346,969;11175
5347,969;62
5348,969;67
5349,969;58
5350,969;67
5351,969;74
5352,969;11203
5353,969;64
5354,969;64
5355,969;60
5356,969;72
5357,969;82
5358,969;11184
5359,969;75
5360,969;76
5361,969;62
5362,969;57
5363,969;77
5364,969;11219
5365,969;52
5366,969;67
5367,969;75
5368,969;82
5369,969;71
5370,969;11204
5371,969;75
5372,969;75
5373,969;66
5374,969;57
5375,969;77
5376,969;11218
5377,969;73
5378,969;74
5379,969;72
5380,969;70
5381,969;75
5382,969;11166
5383,969;55
5384,969;66
5385,969;72
5386,969;80
5387,969;79
5388,969;11195
5389,969;68
5390,969;66
5391,969;85
5392,969;67
5393,969;70
5394,969;11184
5395,969;49
5396,969;63
5397,969;66
5398,969;76
5399,969;58
5400,969;11204
5401,969;65
5402,969;70
5403,969;54
5404,969;68
5405,969;79
5406,969;11183
5407,969;73
5408,969;50
5409,969;79
5410,969;71
5411,969;61
5412,969;11192
5413,969;79
5414,969;76
5415,969;63
5416,969;71
5417,969;81
5418,969;11193
5419,969;75
5420,969;68
5421,969;83
5422,969;85
5423,969;88
5424,969;11203
5425,969;63
5426,969;76
5427,969;81
5428,969;58
5429,969;89
5430,969;11218
5431,969;74
5432,969;49
5433,969;77
5434,969;77
5435,969;69
5436,969;11210
5437,969;83
5438,969;79
5439,969;72
5440,969;66
5441,969;74
5442,969;11204
5443,969;71
5444,969;75
5445,969;78
5446,969;69
5447,969;83
5448,969;11225
5449,969;68
5450,969;67
5451,969;94
5452,969;53
5453,969;80
5454,969;11203
5455,969;67
5456,861;73
5457,861;89
5458,861;85
5459,861;73
5460,861;11190
5461,861;74
5462,861;75
5463,861;96
5464,861;73
5465,861;71
5466,861;11193
5467,861;67
5468,861;72
5469,861;73
5470,861;82
5471,861;68
5472,861;11175
5473,861;70
5474,861;72
5475,861;78
5476,861;76
5477,861;72
5478,861;11203
5479,861;72
5480,861;74
5481,861;77
5482,861;71
5483,861;78
5484,861;11171
5485,861;69
5486,861;71
5487,861;73
5488,861;70
5489,861;78
5490,861;11207
5491,861;73
5492,861;69
5493,861;73
5494,861;67
5495,861;75
5496,861;11202
5497,861;72
5498,861;77
5499,861;62
5500,861;78
5501,861;71
5502,861;11205
5503,861;65
5504,861;59
5505,861;87
5506,861;61
5507,861;83
5508,861;11217
5509,861;67
5510,861;72
5511,861;79
5512,861;63
5513,861;79
5514,861;11196
5515,861;74
5516,861;85
5517,861;80
5518,861;76
5519,861;76
5520,861;11204
5521,861;81
5522,861;59
5523,861;78
5524,861;67
5525,861;80
5526,861;11232
5527,861;64
5528,861;64
5529,861;79
5530,861;82
5531,861;80
5532,861;11214
5533,861;72
5534,861;63
5535,861;63
5536,861;71
5537,861;80
5538,861;11204
5539,861;58
5540,861;70
5541,861;81
5542,861;64
5543,861;71
5544,861;11214
5545,861;76
5546,861;53
5547,861;76
5548,861;84
5549,861;73
5550,861;11203
5551,861;71
5552,861;68
5553,861;88
5554,861;56
5555,861;72
5556,861;11201
5557,405;59
5558,405;58
5559,405;62
5560,405;75
5561,405;48
5562,405;11202
5563,405;51
5564,405;64
5565,405;57
5566,405;60
5567,405;65
5568,405;11208
5569,405;50
5570,405;58
5571,405;49
5572,405;58
5573,405;70
5574,405;11199
5575,405;44
5576,405;52
5577,405;58
5578,405;46
5579,405;56
5580,405;11197
5581,405;57
5582,405;44
5583,405;51
5584,405;73
5585,405;47
5586,405;11192
5587,405;56
5588,405;65
5589,405;51
5590,405;69
5591,405;63
5592,405;11197
5593,405;61
5594,405;52
5595,405;62
5596,405;54
5597,405;58
5598,405;11210
5599,405;48
5600,405;49
5601,405;51
5602,405;47
5603,405;51
5604,405;10863
5605,405;58
5606,405;60
5607,405;60
5608,405;48
5609,405;69
5610,405;11131
5611,405;53
5612,405;55
5613,405;58
5614,405;53
5615,405;61
5616,405;11182
5617,405;44
5618,405;70
5619,405;56
5620,405;85
5621,405;56
5622,405;11205
5623,405;58
5624,405;73
5625,405;51
5626,405;61
5627,405;63
5628,405;11201
5629,405;64
5630,405;65
5631,405;65
5632,405;61
5633,405;55
5634,405;11232
5635,405;50
5636,405;63
5637,405;53
5638,405;50
5639,405;64
5640,405;11229
5641,405;75
5642,405;58
5643,405;77
5644,405;65
5645,405;60
5646,405;11203
5647,405;69
5648,405;77
5649,405;60
5650,405;81
5651,405;67
5652,405;11188
5653,405;74
5654,405;62
5655,405;58
5656,405;60
5657,405;68
5658,641;11223
5659,641;52
5660,641;68
5661,641;61
5662,641;94
5663,641;70
5664,641;11193
5665,641;79
5666,641;78
5667,641;76
5668,641;67
5669,641;75
5670,641;11214
5671,641;67
5672,641;65
5673,641;70
5674,641;62
5675,641;75
5676,641;11220
5677,641;68
5678,641;61
5679,641;80
5680,641;72
5681,641;82
5682,641;11184
5683,641;75
5684,641;55
5685,641;73
5686,641;71
5687,641;83
5688,641;11214
5689,641;81
5690,641;73
5691,641;63
5692,641;68
5693,641;66
5694,641;11203
5695,641;67
5696,641;65
5697,641;70
5698,641;72
5699,641;76
5700,641;11195
5701,641;55
5702,641;69
5703,641;62
5704,641;67
5705,641;58
5706,641;11179
5707,641;61
5708,641;71
5709,641;58
5710,641;68
5711,641;69
5712,641;11213
5713,641;69
5714,641;71
5715,641;72
5716,641;63
5717,641;70
5718,641;11216
5719,641;60
5720,641;70
5721,641;70
5722,641;73
5723,641;89
5724,641;11192
5725,641;69
5726,641;78
5727,641;69
5728,641;79
5729,641;76
5730,641;11226
5731,641;67
5732,641;61
5733,641;73
5734,641;79
5735,641;57
5736,641;11224
5737,641;62
5738,641;64
5739,641;70
5740,641;85
5741,641;73
5742,641;11211
5743,641;61
5744,641;81
5745,641;56
5746,641;68
5747,641;84
5748,641;11204
5749,641;63
5750,641;75
5751,641;77
5752,641;71
5753,641;73
5754,641;11214
5755,641;63
5756,641;57
5757,641;69
5758,641;79
5760,023;65
5761,023;11195
5762,023;72
5763,023;64
5764,023;68
5765,023;76
5766,023;63
5767,023;11213
5768,023;73
5769,023;54
5770,023;62
5771,023;80
5772,023;68
5773,023;11210
5774,023;88
5775,023;74
5776,023;62
5777,023;79
5778,023;78
5779,023;11214
5780,023;77
5781,023;58
5782,023;67
5783,023;71
5784,023;88
5785,023;11233
5786,023;53
5787,023;72
5788,023;79
5789,023;70
5790,023;77
5791,023;11200
5792,023;61
5793,023;69
5794,023;54
5795,023;80
5796,023;74
5797,023;11179
5798,023;69
5799,023;71
5800,023;58
5801,023;53
5802,023;69
5803,023;11183
5804,023;58
5805,023;64
5806,023;57
5807,023;66
5808,023;85
5809,023;11217
5810,023;92
5811,023;73
5812,023;65
5813,023;73
5814,023;74
5815,023;11201
5816,023;67
5817,023;65
5818,023;90
5819,023;54
5820,023;65
5821,023;11208
5822,023;63
5823,023;62
5824,023;61
5825,023;73
5826,023;74
5827,023;11230
5828,023;51
5829,023;67
5830,023;68
5831,023;70
5832,023;73
5833,023;11189
5834,023;65
5835,023;62
5836,023;57
5837,023;58
5838,023;84
5839,023;11185
5840,023;67
5841,023;71
5842,023;62
5843,023;70
5844,023;77
5845,023;11204
5846,023;71
5847,023;72
5848,023;67
5849,023;59
5850,023;73
5851,023;11206
5852,023;73
5853,023;71
5854,023;64
5855,023;83
5856,023;75
5857,023;11171
5858,023;56
5859,023;53
5860,023;79
5861,023;73
5862,023;71
5863,023;11197
5864,023;70
5865,023;73
5866,023;69
5867,023;54
5868,023;68
5869,023;11228
5870,023;63
5871,023;59
5872,023;66
5873,023;93
5874,023;79
5875,023;11181
5876,023;74
5877,023;67
5878,023;66
5879,023;60
5880,023;66
5881,023;11166
5882,023;62
5883,023;66
5884,023;60
5885,023;62
5886,023;68
5887,023;11239
5888,023;54
5889,023;81
5890,023;68
5891,023;71
5892,023;53
5893,023;11214
5894,023;62
5895,023;54
5896,023;51
5897,023;68
5898,023;57
5899,023;11207
5900,023;64
5901,023;61
5902,023;74
5903,023;68
5904,023;74
5905,023;11181
5906,023;75
5907,023;87
5908,023;61
5909,023;80
5910,023;63
5911,023;11183
5912,023;53
5913,023;56
5914,023;66
5915,023;65
5916,023;72
5917,023;10835
5918,023;55
5919,023;63
5920,023;62
5921,023;56
5922,023;60
5923,023;11127
5924,023;54
5925,023;69
5926,023;76
5927,023;68
5928,023;65
5929,023;11176
5930,023;61
5931,023;68
5932,023;60
5933,023;52
5934,023;67
5935,023;11169
5936,023;67
5937,023;72
5938,023;67
5939,023;65
5940,023;62
5941,023;11212
5942,023;57
5943,023;62
5944,023;48
5945,023;60
5946,023;74
5947,023;11228
5948,023;46
5949,023;61
5950,023;72
5951,023;65
5952,023;65
5953,023;11191
5954,023;57
5955,023;59
5956,023;65
5957,023;79
5958,023;70
5959,023;11178
5960,023;61
5961,023;56
5961,487;78
5962,487;70
5963,487;63
5964,487;11233
5965,487;70
5966,487;78
5967,487;64
5968,487;59
5969,487;63
5970,487;11208
5971,487;63
5972,487;77
5973,487;73
5974,487;62
5975,487;81
5976,487;11187
5977,487;70
5978,487;88
5979,487;66
5980,487;59
5981,487;58
5982,487;11204
5983,487;75
5984,487;71
5985,487;68
5986,487;71
5987,487;74
5988,487;11208
5989,487;71
5990,487;61
5991,487;74
5992,487;75
5993,487;92
5994,487;11177
5995,487;67
5996,487;58
5997,487;59
5998,487;61
5999,487;74
6000,487;11210
6001,487;49
6002,487;71
6003,487;53
6004,487;73
6005,487;69
6006,487;11215
6007,487;69
6008,487;69
6009,487;81
6010,487;78
6011,487;80
6012,487;11189
6013,487;85
6014,487;68
6015,487;82
6016,487;64
6017,487;66
6018,487;11214
6019,487;69
6020,487;64
6021,487;68
6022,487;71
6023,487;63
6024,487;11191
6025,487;56
6026,487;57
6027,487;86
6028,487;56
6029,487;76
6030,487;11216
6031,487;77
6032,487;72
6033,487;66
6034,487;68
6035,487;82
6036,487;11197
6037,487;59
6038,487;57
6039,487;73
6040,487;67
6041,487;71
6042,487;11204
6043,487;66
6044,487;60
6045,487;84
6046,487;74
6047,487;74
6048,487;11194
6049,487;69
6050,487;69
6051,487;75
6052,487;71
6053,487;74
6054,487;11207
6055,487;70
6056,487;67
6057,487;87
6058,487;78
6059,487;82
6060,487;11206
6061,487;80
6062,665;96
6063,665;68
6064,665;76
6065,665;70
6066,665;11215
6067,665;64
6068,665;60
6069,665;63
6070,665;67
6071,665;77
6072,665;11178
6073,665;59
6074,665;71
6075,665;65
6076,665;66
6077,665;81
6078,665;11202
6079,665;63
6080,665;72
6081,665;81
6082,665;68
6083,665;65
6084,665;11222
6085,665;79
6086,665;83
6087,665;77
6088,665;68
6089,665;67
6090,665;11207
6091,665;66
6092,665;80
6093,665;70
6094,665;57
6095,665;69
6096,665;11190
6097,665;74
6098,665;78
6099,665;74
6100,665;77
6101,665;81
6102,665;11172
6103,665;66
6104,665;63
6105,665;53
6106,665;73
6107,665;80
6108,665;11213
6109,665;61
6110,665;63
6111,665;80
6112,665;84
6113,665;67
6114,665;11205
6115,665;62
6116,665;78
6117,665;84
6118,665;82
6119,665;68
6120,665;11216
6121,665;78
6122,665;72
6123,665;71
6124,665;76
6125,665;76
6126,665;11218
6127,665;73
6128,665;83
6129,665;80
6130,665;73
6131,665;66
6132,665;11164
6133,665;62
6134,665;83
6135,665;65
6136,665;68
6137,665;75
6138,665;11239
6139,665;69
6140,665;73
6141,665;72
6142,665;71
6143,665;70
6144,665;11229
6145,665;68
6146,665;64
6147,665;76
6148,665;86
6149,665;76
6150,665;11230
6151,665;64
6152,665;82
6153,665;77
6154,665;56
6155,665;66
6156,665;11237
6157,665;61
6158,665;66
6159,665;80
6160,665;68
6161,665;65
6162,665;11224
6163,176;59
6164,176;64
6165,176;66
6166,176;78
6167,176;79
6168,176;11204
6169,176;76
6170,176;67
6171,176;63
6172,176;66
6173,176;75
6174,176;11197
6175,176;70
6176,176;65
6177,176;63
6178,176;70
6179,176;64
6180,176;11213
6181,176;73
6182,176;48
6183,176;49
6184,176;53
6185,176;59
6186,176;11199
6187,176;66
6188,176;62
6189,176;68
6190,176;83
6191,176;57
6192,176;11198
6193,176;61
6194,176;47
6195,176;62
6196,176;62
6197,176;73
6198,176;11208
6199,176;60
6200,176;77
6201,176;59
6202,176;58
6203,176;67
6204,176;11210
6205,176;56
6206,176;73
6207,176;61
6208,176;55
6209,176;58
6210,176;11196
6211,176;47
6212,176;72
6213,176;64
6214,176;56
6215,176;62
6216,176;11162
6217,176;59
6218,176;50
6219,176;46
6220,176;53
6221,176;58
6222,176;11185
6223,176;52
6224,176;65
6225,176;44
6226,176;54
6227,176;70
6228,176;10851
6229,176;59
6230,176;53
6231,176;64
6232,176;52
6233,176;64
6234,176;11133
6235,176;49
6236,176;52
6237,176;65
6238,176;73
6239,176;64
6240,176;11207
6241,176;53
6242,176;78
6243,176;55
6244,176;62
6245,176;62
6246,176;11207
6247,176;65
6248,176;63
6249,176;58
6250,176;50
6251,176;85
6252,176;11248
6253,176;63
6254,176;59
6255,176;67
6256,176;64
6257,176;73
6258,176;11192
6259,176;73
6260,176;63
6261,176;66
6262,176;72
6263,176;64
6264,788;11232
6265,788;56
6266,788;55
6267,788;89
6268,788;63
6269,788;79
6270,788;11240
6271,788;60
6272,788;58
6273,788;56
6274,788;64
6275,788;64
6276,788;11232
6277,788;71
6278,788;64
6279,788;73
6280,788;80
6281,788;63
6282,788;11224
6283,788;61
6284,788;78
6285,788;55
6286,788;69
6287,788;79
6288,788;11231
6289,788;52
6290,788;84
6291,788;55
6292,788;79
6293,788;58
6294,788;11217
6295,788;56
6296,788;59
6297,788;78
6298,788;84
6299,788;57
6300,788;11237
6301,788;61
6302,788;79
6303,788;86
6304,788;70
6305,788;62
6306,788;11243
6307,788;62
6308,788;86
6309,788;66
6310,788;81
6311,788;86
6312,788;11228
6313,788;68
6314,788;75
6315,788;73
6316,788;68
6317,788;71
6318,788;11215
6319,788;60
6320,788;67
6321,788;65
6322,788;46
6323,788;84
6324,788;11230
6325,788;71
6326,788;63
6327,788;70
6328,788;72
6329,788;85
6330,788;11171
6331,788;74
6332,788;59
6333,788;77
6334,788;84
6335,788;81
6336,788;11187
6337,788;62
6338,788;61
6339,788;68
6340,788;65
6341,788;83
6342,788;11196
6343,788;58
6344,788;74
6345,788;83
6346,788;64
6347,788;74
6348,788;11203
6349,788;76
6350,788;69
6351,788;79
6352,788;64
6353,788;78
6354,788;11192
6355,788;83
6356,788;58
6357,788;76
6358,788;79
6359,788;72
6360,788;11187
6361,788;78
6362,788;74
6363,788;66
6364,788;66
6365,788;85
6366,788;11212
6367,788;57
6368,788;75
6369,788;57
6370,788;69
6371,788;73
6372,788;11219
6373,788;57
6374,788;53
6375,788;58
6376,788;68
6377,788;89
6378,788;11184
6379,788;86
6380,788;64
6381,788;72
6382,788;76
6383,788;67
6384,788;11206
6385,788;78
6386,788;75
6387,788;75
6388,788;66
6389,788;65
6390,788;11226
6391,788;63
6392,788;82
6393,788;64
6394,788;72
6395,788;89
6396,788;11228
6397,788;62
6398,788;58
6399,788;73
6400,788;58
6401,788;85
6402,788;11189
6403,788;67
6404,788;62
6405,788;82
6406,788;68
6407,788;80
6408,788;11162
6409,788;63
6410,788;74
6411,788;60
6412,788;76
6413,788;89
6414,788;11179
6415,788;75
6416,788;54
6417,788;81
6418,788;76
6419,788;82
6420,788;11222
6421,788;81
6422,788;76
6423,788;75
6424,788;74
6425,788;74
6426,788;11208
6427,788;74
6428,788;68
6429,788;79
6430,788;67
6431,788;101
6432,788;11206
6433,788;70
6434,788;84
6435,788;81
6436,788;78
6437,788;88
6438,788;11178
6439,788;52
6440,788;79
6441,788;73
6442,788;56
6443,788;69
6444,788;11204
6445,788;65
6446,788;68
6447,788;76
6448,788;81
6449,788;64
6450,788;11201
6451,788;52
6452,788;55
6453,788;79
6454,788;67
6455,788;79
6456,788;11191
6457,788;57
6458,788;71
6459,788;60
6460,788;58
6461,788;78
6462,788;11172
6463,788;58
6464,788;68
6465,788;62
6466,749;78
6467,749;70
6468,749;11179
6469,749;61
6470,749;73
6471,749;71
6472,749;72
6473,749;69
6474,749;11204
6475,749;57
6476,749;80
6477,749;71
6478,749;78
6479,749;70
6480,749;11209
6481,749;69
6482,749;67
6483,749;79
6484,749;66
6485,749;73
6486,749;11225
6487,749;50
6488,749;90
6489,749;74
6490,749;83
6491,749;69
6492,749;11186
6493,749;61
6494,749;65
6495,749;86
6496,749;76
6497,749;81
6498,749;11186
6499,749;54
6500,749;73
6501,749;79
6502,749;65
6503,749;55
6504,749;11167
6505,749;66
6506,749;75
6507,749;64
6508,749;72
6509,749;69
6510,749;11189
6511,749;74
6512,749;64
6513,749;62
6514,749;58
6515,749;63
6516,749;11192
6517,749;55
6518,749;72
6519,749;73
6520,749;76
6521,749;85
6522,749;11181
6523,749;62
6524,749;52
6525,749;61
6526,749;80
6527,749;74
6528,749;11234
6529,749;62
6530,749;61
6531,749;67
6532,749;56
6533,749;69
6534,749;11162
6535,749;71
6536,749;60
6537,749;72
6538,749;70
6539,749;68
6540,749;10829
6541,749;55
6542,749;72
6543,749;73
6544,749;56
6545,749;61
6546,749;11153
6547,749;82
6548,749;59
6549,749;65
6550,749;50
6551,749;67
6552,749;11173
6553,749;65
6554,749;56
6555,749;70
6556,749;70
6557,749;59
6558,749;11205
6559,749;61
6560,749;66
6561,749;60
6562,749;67
6563,749;74
6564,749;11174
6565,749;62
6566,749;65
6567,208;72
6568,208;83
6569,208;57
6570,208;11173
6571,208;63
6572,208;67
6573,208;79
6574,208;64
6575,208;68
6576,208;11166
6577,208;70
6578,208;60
6579,208;69
6580,208;60
6581,208;81
6582,208;11200
6583,208;76
6584,208;67
6585,208;65
6586,208;72
6587,208;66
6588,208;11208
6589,208;69
6590,208;82
6591,208;67
6592,208;80
6593,208;77
6594,208;11234
6595,208;65
6596,208;77
6597,208;62
6598,208;74
6599,208;70
6600,208;11202
6601,208;67
6602,208;75
6603,208;50
6604,208;72
6605,208;68
6606,208;11240
6607,208;63
6608,208;80
6609,208;76
6610,208;80
6611,208;67
6612,208;11199
6613,208;74
6614,208;65
6615,208;71
6616,208;82
6617,208;73
6618,208;11194
6619,208;73
6620,208;45
6621,208;83
6622,208;68
6623,208;67
6624,208;11182
6625,208;80
6626,208;72
6627,208;77
6628,208;69
6629,208;78
6630,208;11219
6631,208;72
6632,208;72
6633,208;90
6634,208;88
6635,208;73
6636,208;11227
6637,208;50
6638,208;58
6639,208;78
6640,208;85
6641,208;67
6642,208;11218
6643,208;62
6644,208;65
6645,208;73
6646,208;77
6647,208;78
6648,208;11188
6649,208;60
6650,208;76
6651,208;65
6652,208;72
6653,208;74
6654,208;11206
6655,208;65
6656,208;61
6657,208;77
6658,208;68
6659,208;66
6660,208;11212
6661,208;71
6662,208;70
6663,208;51
6664,208;63
6665,208;78
6666,208;11211
6667,208;61
6668,877;72
6669,877;73
6670,877;63
6671,877;91
6672,877;11205
6673,877;66
6674,877;63
6675,877;65
6676,877;63
6677,877;87
6678,877;11218
6679,877;73
6680,877;70
6681,877;76
6682,877;67
6683,877;78
6684,877;11172
6685,877;75
6686,877;62
6687,877;64
6688,877;79
6689,877;101
6690,877;11196
6691,877;73
6692,877;77
6693,877;76
6694,877;59
6695,877;77
6696,877;11187
6697,877;72
6698,877;66
6699,877;73
6700,877;80
6701,877;64
6702,877;11232
6703,877;72
6704,877;54
6705,877;69
6706,877;55
6707,877;64
6708,877;11227
6709,877;65
6710,877;60
6711,877;74
6712,877;74
6713,877;78
6714,877;11206
6715,877;74
6716,877;63
6717,877;74
6718,877;88
6719,877;74
6720,877;11219
6721,877;58
6722,877;71
6723,877;63
6724,877;87
6725,877;82
6726,877;11178
6727,877;53
6728,877;55
6729,877;83
6730,877;84
6731,877;74
6732,877;11222
6733,877;68
6734,877;68
6735,877;76
6736,877;68
6737,877;90
6738,877;11172
6739,877;75
6740,877;73
6741,877;74
6742,877;75
6743,877;78
6744,877;11196
6745,877;62
6746,877;48
6747,877;66
6748,877;78
6749,877;87
6750,877;11207
6751,877;65
6752,877;74
6753,877;99
6754,877;75
6755,877;75
6756,877;11234
6757,877;71
6758,877;69
6759,877;77
6760,877;80
6761,877;79
6762,877;11216
6763,877;47
6764,877;78
6765,877;65
6766,877;70
6767,877;60
6768,877;11215
6769,844;68
6770,844;90
6771,844;69
6772,844;75
6773,844;76
6774,844;11212
6775,844;77
6776,844;58
6777,844;75
6778,844;79
6779,844;74
6780,844;11210
6781,844;100
6782,844;68
6783,844;84
6784,844;73
6785,844;77
6786,844;11201
6787,844;65
6788,844;85
6789,844;75
6790,844;81
6791,844;80
6792,844;11212
6793,844;63
6794,844;68
6795,844;80
6796,844;77
6797,844;70
6798,844;11184
6799,844;71
6800,844;81
6801,844;67
6802,844;67
6803,844;67
6804,844;11206
6805,844;49
6806,844;57
6807,844;67
6808,844;88
6809,844;68
6810,844;11216
6811,844;50
6812,844;67
6813,844;58
6814,844;72
6815,844;74
6816,844;11195
6817,844;52
6818,844;74
6819,844;61
6820,844;75
6821,844;62
6822,844;11205
6823,844;60
6824,844;62
6825,844;69
6826,844;61
6827,844;67
6828,844;11227
6829,844;55
6830,844;75
6831,844;61
6832,844;77
6833,844;73
6834,844;11211
6835,844;74
6836,844;49
6837,844;54
6838,844;73
6839,844;60
6840,844;11215
6841,844;69
6842,844;58
6843,844;53
6844,844;66
6845,844;54
6846,844;11220
6847,844;61
6848,844;70
6849,844;54
6850,844;43
6851,844;77
6852,844;10853
6853,844;46
6854,844;47
6855,844;52
6856,844;73
6857,844;61
6858,844;11167
6859,844;62
6860,844;59
6861,844;47
6862,844;57
6863,844;59
6864,844;11181
6865,844;42
6866,844;60
6867,844;67
6868,844;59
6869,844;55
6870,844;11215
6871,844;66
6872,844;51
6873,844;68
6874,844;68
6875,844;65
6876,844;11220
6877,844;68
6878,844;56
6879,844;68
6880,844;70
6881,844;86
6882,844;11235
6883,844;60
6884,844;62
6885,844;80
6886,844;56
6887,844;87
6888,844;11174
6889,844;60
6890,844;53
6891,844;74
6892,844;68
6893,844;83
6894,844;11215
6895,844;62
6896,844;63
6897,844;69
6898,844;65
6899,844;77
6900,844;11194
6901,844;57
6902,844;56
6903,844;70
6904,844;89
6905,844;85
6906,844;11224
6907,844;65
6908,844;63
6909,844;76
6910,844;75
6911,844;73
6912,844;11236
6913,844;71
6914,844;63
6915,844;68
6916,844;70
6917,844;86
6918,844;11168
6919,844;58
6920,844;66
6921,844;75
6922,844;71
6923,844;66
6924,844;11214
6925,844;69
6926,844;63
6927,844;63
6928,844;55
6929,844;78
6930,844;11210
6931,844;57
6932,844;89
6933,844;80
6934,844;77
6935,844;78
6936,844;11187
6937,844;75
6938,844;87
6939,844;78
6940,844;61
6941,844;73
6942,844;11184
6943,844;68
6944,844;64
6945,844;69
6946,844;88
6947,844;75
6948,844;11204
6949,844;72
6950,844;70
6951,844;61
6952,844;53
6953,844;76
6954,844;11224
6955,844;67
6956,844;62
6957,844;63
6958,844;77
6959,844;74
6960,844;11190
6961,844;74
6962,844;82
6963,844;73
6964,844;72
6965,844;74
6966,844;11227
6967,844;81
6968,844;69
6969,844;65
6970,844;71
6971,781;92
6972,781;11204
6973,781;69
6974,781;68
6975,781;80
6976,781;71
6977,781;70
6978,781;11171
6979,781;76
6980,781;62
6981,781;67
6982,781;70
6983,781;74
6984,781;11200
6985,781;61
6986,781;78
6987,781;73
6988,781;71
6989,781;83
6990,781;11193
6991,781;70
6992,781;71
6993,781;74
6994,781;60
6995,781;70
6996,781;11168
6997,781;47
6998,781;80
6999,781;68
7000,781;64
7001,781;74
7002,781;11220
7003,781;60
7004,781;68
7005,781;72
7006,781;81
7007,781;80
7008,781;11209
7009,781;57
7010,781;74
7011,781;64
7012,781;86
7013,781;71
7014,781;11193
7015,781;62
7016,781;84
7017,781;86
7018,781;64
7019,781;89
7020,781;11185
7021,781;67
7022,781;77
7023,781;72
7024,781;76
7025,781;56
7026,781;11196
7027,781;65
7028,781;67
7029,781;59
7030,781;75
7031,781;70
7032,781;11216
7033,781;52
7034,781;56
7035,781;75
7036,781;84
7037,781;75
7038,781;11240
7039,781;72
7040,781;81
7041,781;78
7042,781;71
7043,781;66
7044,781;11201
7045,781;75
7046,781;73
7047,781;82
7048,781;61
7049,781;89
7050,781;11204
7051,781;64
7052,781;77
7053,781;60
7054,781;74
7055,781;83
7056,781;11181
7057,781;72
7058,781;60
7059,781;61
7060,781;78
7061,781;77
7062,781;11238
7063,781;68
7064,781;76
7065,781;70
7066,781;71
7067,781;65
7068,781;11230
7069,781;69
7070,781;62
7071,781;89
7073,19;73
7074,19;59
7075,19;11228
7076,19;58
7077,19;64
7078,19;72
7079,19;68
7080,19;75
7081,19;11212
7082,19;62
7083,19;54
7084,19;74
7085,19;82
7086,19;77
7087,19;11183
7088,19;57
7089,19;63
7090,19;67
7091,19;61
7092,19;62
7093,19;11191
7094,19;61
7095,19;56
7096,19;71
7097,19;69
7098,19;74
7099,19;11199
7100,19;59
7101,19;62
7102,19;68
7103,19;75
7104,19;69
7105,19;11207
7106,19;59
7107,19;74
7108,19;62
7109,19;65
7110,19;62
7111,19;11208
7112,19;63
7113,19;79
7114,19;70
7115,19;64
7116,19;96
7117,19;11193
7118,19;51
7119,19;71
7120,19;72
7121,19;54
7122,19;56
7123,19;11210
7124,19;55
7125,19;63
7126,19;68
7127,19;57
7128,19;74
7129,19;11208
7130,19;66
7131,19;68
7132,19;82
7133,19;77
7134,19;73
7135,19;11201
7136,19;60
7137,19;54
7138,19;76
7139,19;48
7140,19;70
7141,19;11214
7142,19;64
7143,19;64
7144,19;72
7145,19;66
7146,19;70
7147,19;11200
7148,19;56
7149,19;66
7150,19;73
7151,19;57
7152,19;60
7153,19;11214
7154,19;40
7155,19;68
7156,19;65
7157,19;70
7158,19;45
7159,19;11192
7160,19;62
7161,19;68
7162,19;68
7163,19;74
7164,19;63
7165,19;10850
7166,19;67
7167,19;68
7168,19;66
7169,19;69
7170,19;73
7171,19;11115
7172,19;64
7173,19;69
7173,668;57
7174,668;55
7175,668;62
7176,668;11179
7177,668;54
7178,668;58
7179,668;65
7180,668;72
7181,668;60
7182,668;11190
7183,668;45
7184,668;71
7185,668;72
7186,668;71
7187,668;65
7188,668;11203
7189,668;68
7190,668;59
7191,668;56
7192,668;64
7193,668;58
7194,668;11217
7195,668;78
7196,668;78
7197,668;62
7198,668;82
7199,668;55
7200,668;11197
7201,668;68
7202,668;66
7203,668;61
7204,668;69
7205,668;65
7206,668;11175
7207,668;68
7208,668;58
7209,668;67
7210,668;67
7211,668;80
7212,668;11191
7213,668;65
7214,668;55
7215,668;86
7216,668;76
7217,668;71
7218,668;11226
7219,668;52
7220,668;60
7221,668;68
7222,668;65
7223,668;82
7224,668;11202
7225,668;59
7226,668;75
7227,668;68
7228,668;65
7229,668;81
7230,668;11215
7231,668;72
7232,668;74
7233,668;59
7234,668;74
7235,668;83
7236,668;11174
7237,668;67
7238,668;68
7239,668;58
7240,668;66
7241,668;79
7242,668;11183
7243,668;65
7244,668;59
7245,668;72
7246,668;59
7247,668;75
7248,668;11202
7249,668;66
7250,668;57
7251,668;73
7252,668;76
7253,668;86
7254,668;11178
7255,668;59
7256,668;78
7257,668;73
7258,668;83
7259,668;68
7260,668;11170
7261,668;54
7262,668;77
7263,668;79
7264,668;72
7265,668;71
7266,668;11211
7267,668;72
7268,668;59
7269,668;57
7270,668;77
7271,668;80
7272,668;11232
7273,668;73
7275,084;48
7276,084;81
7277,084;79
7278,084;69
7279,084;11199
7280,084;58
7281,084;66
7282,084;68
7283,084;58
7284,084;58
7285,084;11202
7286,084;64
7287,084;75
7288,084;63
7289,084;84
7290,084;74
7291,084;11192
7292,084;66
7293,084;58
7294,084;62
7295,084;78
7296,084;77
7297,084;11208
7298,084;68
7299,084;76
7300,084;63
7301,084;85
7302,084;72
7303,084;11199
7304,084;66
7305,084;58
7306,084;75
7307,084;49
7308,084;75
7309,084;11219
7310,084;90
7311,084;59
7312,084;69
7313,084;80
7314,084;82
7315,084;11198
7316,084;80
7317,084;64
7318,084;72
7319,084;76
7320,084;78
7321,084;11210
7322,084;65
7323,084;86
7324,084;73
7325,084;74
7326,084;80
7327,084;11226
7328,084;76
7329,084;80
7330,084;69
7331,084;84
7332,084;64
7333,084;11199
7334,084;63
7335,084;76
7336,084;67
7337,084;78
7338,084;84
7339,084;11214
7340,084;68
7341,084;70
7342,084;78
7343,084;84
7344,084;75
7345,084;11210
7346,084;64
7347,084;73
7348,084;76
7349,084;75
7350,084;60
7351,084;11216
7352,084;71
7353,084;69
7354,084;82
7355,084;78
7356,084;69
7357,084;11200
7358,084;63
7359,084;73
7360,084;63
7361,084;68
7362,084;77
7363,084;11188
7364,084;60
7365,084;85
7366,084;79
7367,084;68
7368,084;81
7369,084;11185
7370,084;65
7371,084;68
7372,084;67
7373,084;90
7374,084;81
7375,084;11229
7375,167;82
7376,167;79
7377,167;73
7378,167;67
7379,167;64
7380,167;11209
7381,167;73
7382,167;90
7383,167;68
7384,167;72
7385,167;84
7386,167;11192
7387,167;73
7388,167;72
7389,167;70
7390,167;75
7391,167;83
7392,167;11222
7393,167;71
7394,167;73
7395,167;64
7396,167;84
7397,167;86
7398,167;11247
7399,167;56
7400,167;80
7401,167;79
7402,167;74
7403,167;95
7404,167;11233
7405,167;66
7406,167;68
7407,167;71
7408,167;77
7409,167;65
7410,167;11225
7411,167;74
7412,167;62
7413,167;82
7414,167;86
7415,167;65
7416,167;11193
7417,167;78
7418,167;74
7419,167;78
7420,167;76
7421,167;80
7422,167;11206
7423,167;64
7424,167;68
7425,167;71
7426,167;56
7427,167;74
7428,167;11233
7429,167;71
7430,167;57
7431,167;70
7432,167;76
7433,167;74
7434,167;11224
7435,167;73
7436,167;53
7437,167;62
7438,167;81
7439,167;76
7440,167;11204
7441,167;57
7442,167;68
7443,167;72
7444,167;71
7445,167;71
7446,167;11230
7447,167;72
7448,167;77
7449,167;66
7450,167;70
7451,167;83
7452,167;11233
7453,167;60
7454,167;52
7455,167;64
7456,167;54
7457,167;64
7458,167;11229
7459,167;75
7460,167;52
7461,167;61
7462,167;58
7463,167;76
7464,167;11229
7465,167;58
7466,167;64
7467,167;58
7468,167;70
7469,167;61
7470,167;11205
7471,167;62
7472,167;63
7473,167;65
7474,167;54
7475,167;67
7477,167;10871
7478,167;57
7479,167;62
7480,167;71
7481,167;62
7482,167;61
7483,167;11155
7484,167;57
7485,167;57
7486,167;65
7487,167;71
7488,167;62
7489,167;11215
7490,167;65
7491,167;56
7492,167;58
7493,167;71
7494,167;67
7495,167;11232
7496,167;63
7497,167;61
7498,167;56
7499,167;69
7500,167;78
7501,167;11189
7502,167;62
7503,167;62
7504,167;63
7505,167;60
7506,167;66
7507,167;11220
7508,167;73
7509,167;66
7510,167;60
7511,167;69
7512,167;67
7513,167;11205
7514,167;62
7515,167;75
7516,167;86
7517,167;65
7518,167;79
7519,167;11232
7520,167;71
7521,167;67
7522,167;66
7523,167;71
7524,167;74
7525,167;11212
7526,167;66
7527,167;62
7528,167;72
7529,167;66
7530,167;77
7531,167;11197
7532,167;64
7533,167;68
7534,167;80
7535,167;67
7536,167;88
7537,167;11204
7538,167;77
7539,167;66
7540,167;55
7541,167;52
7542,167;72
7543,167;11191
7544,167;60
7545,167;70
7546,167;69
7547,167;55
7548,167;70
7549,167;11194
7550,167;69
7551,167;73
7552,167;74
7553,167;75
7554,167;66
7555,167;11231
7556,167;67
7557,167;69
7558,167;66
7559,167;82
7560,167;66
7561,167;11225
7562,167;63
7563,167;103
7564,167;62
7565,167;68
7566,167;82
7567,167;11230
7568,167;73
7569,167;54
7570,167;78
7571,167;95
7572,167;76
7573,167;11226
7574,167;56
7575,167;81
7576,167;62
7577,167;67
7577,659;77
7578,659;11211
7579,659;60
7580,659;77
7581,659;72
7582,659;72
7583,659;96
7584,659;11213
7585,659;68
7586,659;85
7587,659;76
7588,659;73
7589,659;83
7590,659;11210
7591,659;54
7592,659;68
7593,659;85
7594,659;85
7595,659;81
7596,659;11200
7597,659;78
7598,659;78
7599,659;70
7600,659;73
7601,659;59
7602,659;11200
7603,659;68
7604,659;76
7605,659;71
7606,659;73
7607,659;78
7608,659;11230
7609,659;55
7610,659;86
7611,659;86
7612,659;74
7613,659;66
7614,659;11210
7615,659;74
7616,659;72
7617,659;65
7618,659;67
7619,659;97
7620,659;11212
7621,659;59
7622,659;80
7623,659;63
7624,659;75
7625,659;66
7626,659;11194
7627,659;68
7628,659;77
7629,659;76
7630,659;71
7631,659;96
7632,659;11221
7633,659;72
7634,659;65
7635,659;72
7636,659;86
7637,659;65
7638,659;11170
7639,659;60
7640,659;76
7641,659;74
7642,659;62
7643,659;87
7644,659;11222
7645,659;54
7646,659;77
7647,659;61
7648,659;78
7649,659;73
7650,659;11210
7651,659;68
7652,659;63
7653,659;72
7654,659;55
7655,659;72
7656,659;11237
7657,659;65
7658,659;64
7659,659;71
7660,659;66
7661,659;68
7662,659;11231
7663,659;70
7664,659;66
7665,659;76
7666,659;77
7667,659;78
7668,659;11231
7669,659;59
7670,659;77
7671,659;67
7672,659;73
7673,659;66
7674,659;11198
7675,659;75
7676,659;68
7677,659;71
7679,027;67
7680,027;81
7681,027;11170
7682,027;69
7683,027;83
7684,027;74
7685,027;68
7686,027;67
7687,027;11205
7688,027;70
7689,027;82
7690,027;71
7691,027;93
7692,027;81
7693,027;11209
7694,027;77
7695,027;66
7696,027;67
7697,027;54
7698,027;75
7699,027;11207
7700,027;55
7701,027;78
7702,027;56
7703,027;76
7704,027;88
7705,027;11193
7706,027;58
7707,027;56
7708,027;71
7709,027;81
7710,027;76
7711,027;11206
7712,027;76
7713,027;64
7714,027;69
7715,027;79
7716,027;72
7717,027;11213
7718,027;74
7719,027;71
7720,027;69
7721,027;73
7722,027;79
7723,027;11208
7724,027;45
7725,027;81
7726,027;70
7727,027;73
7728,027;95
7729,027;11206
7730,027;53
7731,027;62
7732,027;75
7733,027;66
7734,027;66
7735,027;11200
7736,027;71
7737,027;58
7738,027;64
7739,027;74
7740,027;61
7741,027;11196
7742,027;56
7743,027;48
7744,027;64
7745,027;67
7746,027;83
7747,027;11205
7748,027;60
7749,027;56
7750,027;73
7751,027;73
7752,027;76
7753,027;11180
7754,027;51
7755,027;78
7756,027;51
7757,027;61
7758,027;66
7759,027;11212
7760,027;61
7761,027;62
7762,027;62
7763,027;53
7764,027;89
7765,027;11176
7766,027;54
7767,027;63
7768,027;65
7769,027;64
7770,027;73
7771,027;11207
7772,027;60
7773,027;68
7774,027;59
7775,027;66
7776,027;75
7777,027;11192
7778,027;63
7779,027;58
7779,828;67
7780,828;66
7781,828;72
7782,828;11197
7783,828;73
7784,828;50
7785,828;80
7786,828;59
7787,828;79
7788,828;10877
7789,828;55
7790,828;59
7791,828;57
7792,828;71
7793,828;66
7794,828;11136
7795,828;70
7796,828;57
7797,828;69
7798,828;73
7799,828;71
7800,828;11175
7801,828;45
7802,828;59
7803,828;67
7804,828;67
7805,828;67
7806,828;11217
7807,828;60
7808,828;60
7809,828;67
7810,828;84
7811,828;65
7812,828;11200
7813,828;58
7814,828;69
7815,828;64
7816,828;69
7817,828;68
7818,828;11234
7819,828;78
7820,828;81
7821,828;66
7822,828;83
7823,828;83
7824,828;11204
7825,828;50
7826,828;70
7827,828;61
7828,828;70
7829,828;87
7830,828;11204
7831,828;77
7832,828;63
7833,828;76
7834,828;84
7835,828;95
7836,828;11208
7837,828;54
7838,828;51
7839,828;65
7840,828;68
7841,828;72
7842,828;11215
7843,828;73
7844,828;73
7845,828;67
7846,828;94
7847,828;75
7848,828;11191
7849,828;65
7850,828;86
7851,828;75
7852,828;78
7853,828;75
7854,828;11226
7855,828;66
7856,828;80
7857,828;60
7858,828;68
7859,828;68
7860,828;11199
7861,828;70
7862,828;70
7863,828;70
7864,828;76
7865,828;75
7866,828;11195
7867,828;56
7868,828;73
7869,828;66
7870,828;75
7871,828;71
7872,828;11220
7873,828;64
7874,828;71
7875,828;65
7876,828;75
7877,828;84
7878,828;11214
7879,828;101
7880,327;61
7881,327;68
7882,327;85
7883,327;66
7884,327;11217
7885,327;70
7886,327;66
7887,327;60
7888,327;85
7889,327;75
7890,327;11236
7891,327;54
7892,327;73
7893,327;79
7894,327;64
7895,327;86
7896,327;11214
7897,327;76
7898,327;76
7899,327;63
7900,327;66
7901,327;82
7902,327;11198
7903,327;84
7904,327;90
7905,327;68
7906,327;69
7907,327;72
7908,327;11198
7909,327;75
7910,327;62
7911,327;71
7912,327;66
7913,327;82
7914,327;11235
7915,327;58
7916,327;70
7917,327;72
7918,327;92
7919,327;56
7920,327;11213
7921,327;81
7922,327;70
7923,327;74
7924,327;76
7925,327;75
7926,327;11191
7927,327;57
7928,327;69
7929,327;78
7930,327;63
7931,327;76
7932,327;11204
7933,327;69
7934,327;66
7935,327;85
7936,327;90
7937,327;81
7938,327;11204
7939,327;71
7940,327;74
7941,327;70
7942,327;58
7943,327;76
7944,327;11208
7945,327;82
7946,327;71
7947,327;70
7948,327;73
7949,327;77
7950,327;11240
7951,327;64
7952,327;66
7953,327;98
7954,327;66
7955,327;56
7956,327;11199
7957,327;64
7958,327;55
7959,327;73
7960,327;78
7961,327;94
7962,327;11193
7963,327;62
7964,327;86
7965,327;62
7966,327;78
7967,327;84
7968,327;11231
7969,327;67
7970,327;76
7971,327;68
7972,327;68
7973,327;65
7974,327;11230
7975,327;78
7976,327;58
7977,327;75
7978,327;66
7979,327;75
7980,327;11248
7981,327;58
7982,327;76
7983,327;89
7984,327;84
7985,327;80
7986,327;11220
7987,327;64
7988,327;72
7989,327;71
7990,327;75
7991,327;78
7992,327;11236
7993,327;57
7994,327;79
7995,327;76
7996,327;75
7997,327;77
7998,327;11204
7999,327;72
8000,327;55
8001,327;71
8002,327;93
8003,327;75
8004,327;11205
8005,327;72
8006,327;54
8007,327;77
8008,327;78
8009,327;77
8010,327;11220
8011,327;70
8012,327;64
8013,327;79
8014,327;69
8015,327;68
8016,327;11224
8017,327;64
8018,327;74
8019,327;72
8020,327;74
8021,327;65
8022,327;11233
8023,327;53
8024,327;73
8025,327;82
8026,327;70
8027,327;83
8028,327;11255
8029,327;89
8030,327;58
8031,327;81
8032,327;63
8033,327;78
8034,327;11220
8035,327;72
8036,327;70
8037,327;87
8038,327;64
8039,327;67
8040,327;11195
8041,327;69
8042,327;66
8043,327;63
8044,327;80
8045,327;65
8046,327;11211
8047,327;68
8048,327;85
8049,327;78
8050,327;68
8051,327;76
8052,327;11217
8053,327;83
8054,327;60
8055,327;64
8056,327;71
8057,327;74
8058,327;11225
8059,327;62
8060,327;62
8061,327;56
8062,327;55
8063,327;72
8064,327;11207
8065,327;59
8066,327;70
8067,327;70
8068,327;64
8069,327;64
8070,327;11247
8071,327;70
8072,327;65
8073,327;74
8074,327;80
8075,327;70
8076,327;11239
8077,327;65
8078,327;72
8079,327;76
8080,327;64
8081,327;61
8082,847;11208
8083,847;58
8084,847;68
8085,847;82
8086,847;91
8087,847;75
8088,847;11234
8089,847;48
8090,847;73
8091,847;71
8092,847;66
8093,847;70
8094,847;11209
8095,847;49
8096,847;67
8097,847;73
8098,847;70
8099,847;62
8100,847;10872
8101,847;61
8102,847;54
8103,847;53
8104,847;52
8105,847;63
8106,847;11130
8107,847;52
8108,847;66
8109,847;77
8110,847;72
8111,847;69
8112,847;11202
8113,847;60
8114,847;54
8115,847;62
8116,847;73
8117,847;67
8118,847;11216
8119,847;73
8120,847;63
8121,847;64
8122,847;70
8123,847;75
8124,847;11210
8125,847;59
8126,847;74
8127,847;73
8128,847;71
8129,847;76
8130,847;11215
8131,847;77
8132,847;65
8133,847;76
8134,847;62
8135,847;79
8136,847;11244
8137,847;66
8138,847;72
8139,847;66
8140,847;54
8141,847;87
8142,847;11227
8143,847;76
8144,847;69
8145,847;76
8146,847;79
8147,847;67
8148,847;11239
8149,847;72
8150,847;76
8151,847;81
8152,847;88
8153,847;83
8154,847;11221
8155,847;56
8156,847;77
8157,847;74
8158,847;73
8159,847;68
8160,847;11213
8161,847;72
8162,847;100
8163,847;65
8164,847;87
8165,847;71
8166,847;11218
8167,847;76
8168,847;73
8169,847;79
8170,847;70
8171,847;73
8172,847;11225
8173,847;66
8174,847;60
8175,847;80
8176,847;82
8177,847;81
8178,847;11198
8179,847;75
8180,847;72
8181,847;67
8182,847;88
8183,808;75
8184,808;11178
8185,808;81
8186,808;68
8187,808;67
8188,808;73
8189,808;75
8190,808;11218
8191,808;67
8192,808;83
8193,808;70
8194,808;65
8195,808;65
8196,808;11176
8197,808;66
8198,808;53
8199,808;74
8200,808;77
8201,808;80
8202,808;11229
8203,808;61
8204,808;76
8205,808;92
8206,808;62
8207,808;66
8208,808;11230
8209,808;74
8210,808;69
8211,808;59
8212,808;76
8213,808;80
8214,808;11230
8215,808;92
8216,808;63
8217,808;64
8218,808;86
8219,808;76
8220,808;11239
8221,808;63
8222,808;71
8223,808;72
8224,808;75
8225,808;71
8226,808;11217
8227,808;70
8228,808;62
8229,808;75
8230,808;70
8231,808;87
8232,808;11232
8233,808;72
8234,808;80
8235,808;80
8236,808;85
8237,808;77
8238,808;11251
8239,808;64
8240,808;61
8241,808;85
8242,808;77
8243,808;90
8244,808;11206
8245,808;60
8246,808;77
8247,808;79
8248,808;59
8249,808;88
8250,808;11232
8251,808;63
8252,808;75
8253,808;76
8254,808;61
8255,808;81
8256,808;11199
8257,808;68
8258,808;66
8259,808;68
8260,808;74
8261,808;73
8262,808;11204
8263,808;70
8264,808;52
8265,808;62
8266,808;69
8267,808;72
8268,808;11204
8269,808;60
8270,808;84
8271,808;55
8272,808;53
8273,808;92
8274,808;11222
8275,808;51
8276,808;71
8277,808;78
8278,808;63
8279,808;91
8280,808;11216
8281,808;60
8282,808;73
8283,808;63
8283,91;72
8284,91;86
8285,91;11186
8286,91;62
8287,91;66
8288,91;66
8289,91;76
8290,91;84
8291,91;11211
8292,91;75
8293,91;69
8294,91;67
8295,91;77
8296,91;79
8297,91;11225
8298,91;68
8299,91;64
8300,91;72
8301,91;68
8302,91;84
8303,91;11231
8304,91;58
8305,91;64
8306,91;74
8307,91;72
8308,91;74
8309,91;11217
8310,91;69
8311,91;79
8312,91;87
8313,91;77
8314,91;68
8315,91;11212
8316,91;65
8317,91;68
8318,91;73
8319,91;64
8320,91;74
8321,91;11201
8322,91;64
8323,91;61
8324,91;72
8325,91;80
8326,91;52
8327,91;11238
8328,91;58
8329,91;71
8330,91;89
8331,91;82
8332,91;66
8333,91;11192
8334,91;70
8335,91;70
8336,91;66
8337,91;60
8338,91;74
8339,91;11208
8340,91;69
8341,91;66
8342,91;58
8343,91;76
8344,91;69
8345,91;11207
8346,91;70
8347,91;62
8348,91;79
8349,91;73
8350,91;64
8351,91;11206
8352,91;77
8353,91;59
8354,91;55
8355,91;86
8356,91;83
8357,91;11214
8358,91;62
8359,91;66
8360,91;68
8361,91;68
8362,91;74
8363,91;11195
8364,91;60
8365,91;84
8366,91;66
8367,91;90
8368,91;73
8369,91;11197
8370,91;62
8371,91;60
8372,91;77
8373,91;80
8374,91;66
8375,91;11166
8376,91;64
8377,91;63
8378,91;54
8379,91;62
8380,91;56
8381,91;11222
8382,91;66
8383,91;62
8385,184;76
8386,184;67
8387,184;52
8388,184;11182
8389,184;68
8390,184;54
8391,184;69
8392,184;67
8393,184;67
8394,184;11173
8395,184;62
8396,184;56
8397,184;60
8398,184;68
8399,184;76
8400,184;11261
8401,184;70
8402,184;54
8403,184;68
8404,184;59
8405,184;67
8406,184;11192
8407,184;64
8408,184;58
8409,184;66
8410,184;67
8411,184;75
8412,184;10844
8413,184;65
8414,184;48
8415,184;61
8416,184;67
8417,184;75
8418,184;11136
8419,184;62
8420,184;65
8421,184;73
8422,184;45
8423,184;80
8424,184;11163
8425,184;49
8426,184;64
8427,184;65
8428,184;70
8429,184;76
8430,184;11196
8431,184;75
8432,184;59
8433,184;58
8434,184;55
8435,184;79
8436,184;11213
8437,184;78
8438,184;49
8439,184;69
8440,184;55
8441,184;80
8442,184;11220
8443,184;53
8444,184;73
8445,184;62
8446,184;72
8447,184;60
8448,184;11201
8449,184;74
8450,184;59
8451,184;76
8452,184;70
8453,184;82
8454,184;11213
8455,184;67
8456,184;51
8457,184;64
8458,184;73
8459,184;84
8460,184;11227
8461,184;59
8462,184;70
8463,184;63
8464,184;69
8465,184;50
8466,184;11184
8467,184;51
8468,184;77
8469,184;66
8470,184;58
8471,184;64
8472,184;11198
8473,184;69
8474,184;61
8475,184;69
8476,184;72
8477,184;60
8478,184;11206
8479,184;80
8480,184;63
8481,184;68
8482,184;63
8483,184;79
8484,184;11224
8485,184;61
8486,184;78
8487,184;72
8488,184;72
8489,184;75
8490,184;11189
8491,184;67
8492,184;62
8493,184;77
8494,184;64
8495,184;64
8496,184;11214
8497,184;64
8498,184;74
8499,184;81
8500,184;74
8501,184;96
8502,184;11168
8503,184;65
8504,184;70
8505,184;89
8506,184;62
8507,184;72
8508,184;11211
8509,184;75
8510,184;74
8511,184;71
8512,184;75
8513,184;59
8514,184;11195
8515,184;79
8516,184;56
8517,184;81
8518,184;77
8519,184;65
8520,184;11229
8521,184;63
8522,184;76
8523,184;65
8524,184;75
8525,184;81
8526,184;11204
8527,184;64
8528,184;57
8529,184;59
8530,184;63
8531,184;73
8532,184;11213
8533,184;68
8534,184;75
8535,184;69
8536,184;70
8537,184;67
8538,184;11213
8539,184;56
8540,184;70
8541,184;69
8542,184;76
8543,184;77
8544,184;11214
8545,184;69
8546,184;61
8547,184;66
8548,184;63
8549,184;68
8550,184;11213
8551,184;58
8552,184;77
8553,184;59
8554,184;69
8555,184;90
8556,184;11201
8557,184;62
8558,184;65
8559,184;69
8560,184;87
8561,184;65
8562,184;11194
8563,184;62
8564,184;69
8565,184;65
8566,184;65
8567,184;78
8568,184;11237
8569,184;59
8570,184;62
8571,184;81
8572,184;61
8573,184;84
8574,184;11223
8575,184;74
8576,184;80
8577,184;80
8578,184;76
8579,184;89
8580,184;11208
8581,184;66
8582,184;70
8583,184;61
8584,184;77
8585,184;78
8586,184;11213
8588,138;50
8589,138;66
8590,138;80
8591,138;74
8592,138;72
8593,138;11185
8594,138;66
8595,138;68
8596,138;87
8597,138;77
8598,138;62
8599,138;11205
8600,138;47
8601,138;67
8602,138;74
8603,138;78
8604,138;80
8605,138;11224
8606,138;78
8607,138;73
8608,138;68
8609,138;64
8610,138;75
8611,138;11220
8612,138;78
8613,138;73
8614,138;78
8615,138;86
8616,138;71
8617,138;11225
8618,138;52
8619,138;67
8620,138;61
8621,138;83
8622,138;67
8623,138;11216
8624,138;58
8625,138;60
8626,138;89
8627,138;69
8628,138;81
8629,138;11220
8630,138;79
8631,138;53
8632,138;84
8633,138;84
8634,138;83
8635,138;11214
8636,138;79
8637,138;57
8638,138;62
8639,138;69
8640,138;61
8641,138;11229
8642,138;66
8643,138;78
8644,138;61
8645,138;72
8646,138;78
8647,138;11232
8648,138;72
8649,138;73
8650,138;71
8651,138;80
8652,138;83
8653,138;11223
8654,138;62
8655,138;72
8656,138;68
8657,138;75
8658,138;71
8659,138;11210
8660,138;78
8661,138;72
8662,138;70
8663,138;73
8664,138;99
8665,138;11228
8666,138;59
8667,138;74
8668,138;74
8669,138;75
8670,138;85
8671,138;11226
8672,138;66
8673,138;70
8674,138;86
8675,138;79
8676,138;73
8677,138;11202
8678,138;70
8679,138;56
8680,138;69
8681,138;69
8682,138;76
8683,138;11224
8684,138;72
8685,138;59
8686,138;80
8687,138;74
8688,138;63
8688,761;11227
8689,761;47
8690,761;68
8691,761;78
8692,761;75
8693,761;65
8694,761;11258
8695,761;73
8696,761;54
8697,761;58
8698,761;66
8699,761;63
8700,761;11211
8701,761;61
8702,761;60
8703,761;71
8704,761;48
8705,761;78
8706,761;11223
8707,761;61
8708,761;66
8709,761;62
8710,761;60
8711,761;75
8712,761;11240
8713,761;63
8714,761;65
8715,761;61
8716,761;67
8717,761;62
8718,761;11222
8719,761;52
8720,761;59
8721,761;68
8722,761;72
8723,761;66
8724,761;10880
8725,761;63
8726,761;72
8727,761;64
8728,761;57
8729,761;69
8730,761;11195
8731,761;74
8732,761;58
8733,761;60
8734,761;69
8735,761;74
8736,761;11222
8737,761;76
8738,761;70
8739,761;63
8740,761;69
8741,761;85
8742,761;11228
8743,761;49
8744,761;63
8745,761;59
8746,761;77
8747,761;60
8748,761;11228
8749,761;73
8750,761;73
8751,761;66
8752,761;67
8753,761;64
8754,761;11253
8755,761;56
8756,761;65
8757,761;63
8758,761;71
8759,761;84
8760,761;11246
8761,761;61
8762,761;86
8763,761;87
8764,761;80
8765,761;71
8766,761;11231
8767,761;79
8768,761;75
8769,761;79
8770,761;77
8771,761;56
8772,761;11237
8773,761;63
8774,761;50
8775,761;77
8776,761;79
8777,761;85
8778,761;11219
8779,761;71
8780,761;57
8781,761;62
8782,761;68
8783,761;68
8784,761;11235
8785,761;102
8786,761;68
8787,761;67
8788,761;75
8789,683;78
8790,683;11230
8791,683;63
8792,683;75
8793,683;75
8794,683;77
8795,683;78
8796,683;11199
8797,683;89
8798,683;82
8799,683;70
8800,683;62
8801,683;63
8802,683;11252
8803,683;78
8804,683;67
8805,683;89
8806,683;80
8807,683;80
8808,683;11213
8809,683;65
8810,683;68
8811,683;73
8812,683;82
8813,683;80
8814,683;11240
8815,683;67
8816,683;57
8817,683;67
8818,683;62
8819,683;63
8820,683;11186
8821,683;74
8822,683;64
8823,683;69
8824,683;63
8825,683;78
8826,683;11225
8827,683;59
8828,683;73
8829,683;73
8830,683;87
8831,683;75
8832,683;11215
8833,683;77
8834,683;63
8835,683;68
8836,683;79
8837,683;67
8838,683;11193
8839,683;70
8840,683;63
8841,683;72
8842,683;59
8843,683;84
8844,683;11226
8845,683;49
8846,683;84
8847,683;67
8848,683;75
8849,683;70
8850,683;11226
8851,683;71
8852,683;90
8853,683;85
8854,683;88
8855,683;67
8856,683;11251
8857,683;70
8858,683;74
8859,683;71
8860,683;69
8861,683;60
8862,683;11170
8863,683;67
8864,683;67
8865,683;78
8866,683;81
8867,683;53
8868,683;11192
8869,683;65
8870,683;66
8871,683;76
8872,683;78
8873,683;75
8874,683;11220
8875,683;63
8876,683;59
8877,683;68
8878,683;62
8879,683;77
8880,683;11243
8881,683;75
8882,683;79
8883,683;71
8884,683;65
8885,683;79
8886,683;11212
8887,683;71
8888,683;63
8889,683;61
8890,948;63
8891,948;67
8892,948;11213
8893,948;63
8894,948;78
8895,948;56
8896,948;87
8897,948;75
8898,948;11235
8899,948;61
8900,948;66
8901,948;64
8902,948;79
8903,948;62
8904,948;11235
8905,948;66
8906,948;66
8907,948;71
8908,948;72
8909,948;80
8910,948;11230
8911,948;66
8912,948;85
8913,948;67
8914,948;79
8915,948;82
8916,948;11249
8917,948;78
8918,948;62
8919,948;78
8920,948;56
8921,948;70
8922,948;11211
8923,948;68
8924,948;75
8925,948;69
8926,948;87
8927,948;71
8928,948;11193
8929,948;56
8930,948;62
8931,948;69
8932,948;60
8933,948;56
8934,948;11234
8935,948;70
8936,948;69
8937,948;73
8938,948;75
8939,948;67
8940,948;11227
8941,948;53
8942,948;68
8943,948;84
8944,948;76
8945,948;76
8946,948;11237
8947,948;73
8948,948;71
8949,948;64
8950,948;67
8951,948;64
8952,948;11201
8953,948;65
8954,948;67
8955,948;58
8956,948;63
8957,948;74
8958,948;11245
8959,948;57
8960,948;51
8961,948;66
8962,948;74
8963,948;86
8964,948;11205
8965,948;70
8966,948;67
8967,948;71
8968,948;61
8969,948;73
8970,948;11237
8971,948;52
8972,948;66
8973,948;82
8974,948;67
8975,948;105
8976,948;11225
8977,948;54
8978,948;59
8979,948;79
8980,948;61
8981,948;68
8982,948;11191
8983,948;69
8984,948;55
8985,948;66
8986,948;68
8987,948;69
8988,948;11226
8989,948;62
8990,948;59
8991,348;71
8992,348;78
8993,348;75
8994,348;11236
8995,348;56
8996,348;70
8997,348;74
8998,348;89
8999,348;62
9000,348;11187
9001,348;60
9002,348;57
9003,348;67
9004,348;80
9005,348;74
9006,348;11180
9007,348;68
9008,348;57
9009,348;81
9010,348;88
9011,348;62
9012,348;11232
9013,348;55
9014,348;65
9015,348;59
9016,348;70
9017,348;69
9018,348;11217
9019,348;74
9020,348;61
9021,348;56
9022,348;64
9023,348;65
9024,348;11193
9025,348;63
9026,348;64
9027,348;73
9028,348;66
9029,348;55
9030,348;11212
9031,348;67
9032,348;70
9033,348;60
9034,348;53
9035,348;80
9036,348;10842
9037,348;53
9038,348;58
9039,348;53
9040,348;81
9041,348;56
9042,348;11168
9043,348;54
9044,348;57
9045,348;61
9046,348;62
9047,348;68
9048,348;11228
9049,348;61
9050,348;62
9051,348;64
9052,348;58
9053,348;77
9054,348;11196
9055,348;58
9056,348;60
9057,348;69
9058,348;76
9059,348;71
9060,348;11212
9061,348;68
9062,348;57
9063,348;67
9064,348;74
9065,348;76
9066,348;11206
9067,348;65
9068,348;90
9069,348;50
9070,348;76
9071,348;85
9072,348;11199
9073,348;62
9074,348;57
9075,348;67
9076,348;65
9077,348;68
9078,348;11225
9079,348;67
9080,348;65
9081,348;77
9082,348;56
9083,348;73
9084,348;11183
9085,348;58
9086,348;69
9087,348;70
9088,348;52
9089,348;61
9090,348;11224
9091,348;62
9092,348;51
9093,348;67
9094,348;74
9095,348;76
9096,348;11177
9097,348;75
9098,348;61
9099,348;78
9100,348;84
9101,348;72
9102,348;11211
9103,348;67
9104,348;51
9105,348;72
9106,348;81
9107,348;71
9108,348;11215
9109,348;58
9110,348;69
9111,348;69
9112,348;64
9113,348;66
9114,348;11213
9115,348;71
9116,348;66
9117,348;76
9118,348;77
9119,348;61
9120,348;11225
9121,348;80
9122,348;68
9123,348;63
9124,348;60
9125,348;75
9126,348;11215
9127,348;71
9128,348;78
9129,348;69
9130,348;58
9131,348;82
9132,348;11221
9133,348;76
9134,348;73
9135,348;78
9136,348;77
9137,348;72
9138,348;11195
9139,348;66
9140,348;68
9141,348;61
9142,348;68
9143,348;87
9144,348;11195
9145,348;68
9146,348;69
9147,348;64
9148,348;80
9149,348;80
9150,348;11174
9151,348;67
9152,348;75
9153,348;75
9154,348;75
9155,348;63
9156,348;11248
9157,348;76
9158,348;73
9159,348;66
9160,348;69
9161,348;60
9162,348;11236
9163,348;65
9164,348;92
9165,348;72
9166,348;80
9167,348;89
9168,348;11181
9169,348;66
9170,348;68
9171,348;78
9172,348;58
9173,348;66
9174,348;11233
9175,348;62
9176,348;80
9177,348;82
9178,348;82
9179,348;71
9180,348;11227
9181,348;60
9182,348;77
9183,348;55
9184,348;89
9185,348;70
9186,348;11239
9187,348;58
9188,348;66
9189,348;64
9190,348;72
9191,348;74
9192,348;11211
9193,788;59
9194,788;76
9195,788;70
9196,788;77
9197,788;70
9198,788;11208
9199,788;64
9200,788;52
9201,788;69
9202,788;77
9203,788;80
9204,788;11217
9205,788;56
9206,788;64
9207,788;83
9208,788;69
9209,788;76
9210,788;11204
9211,788;70
9212,788;74
9213,788;78
9214,788;75
9215,788;87
9216,788;11219
9217,788;56
9218,788;69
9219,788;82
9220,788;79
9221,788;64
9222,788;11227
9223,788;52
9224,788;71
9225,788;78
9226,788;72
9227,788;78
9228,788;11223
9229,788;72
9230,788;65
9231,788;84
9232,788;83
9233,788;83
9234,788;11208
9235,788;67
9236,788;73
9237,788;67
9238,788;66
9239,788;78
9240,788;11212
9241,788;79
9242,788;63
9243,788;72
9244,788;67
9245,788;78
9246,788;11186
9247,788;67
9248,788;51
9249,788;56
9250,788;63
9251,788;68
9252,788;11242
9253,788;57
9254,788;69
9255,788;77
9256,788;83
9257,788;69
9258,788;11238
9259,788;59
9260,788;58
9261,788;82
9262,788;81
9263,788;68
9264,788;11232
9265,788;79
9266,788;75
9267,788;63
9268,788;72
9269,788;76
9270,788;11216
9271,788;80
9272,788;66
9273,788;77
9274,788;71
9275,788;74
9276,788;11232
9277,788;67
9278,788;68
9279,788;64
9280,788;86
9281,788;87
9282,788;11247
9283,788;75
9284,788;72
9285,788;66
9286,788;79
9287,788;58
9288,788;11235
9289,788;74
9290,788;56
9291,788;67
9292,788;79
9293,788;76
9294,019;11242
9295,019;71
9296,019;75
9297,019;66
9298,019;67
9299,019;65
9300,019;11255
9301,019;85
9302,019;56
9303,019;81
9304,019;99
9305,019;67
9306,019;11239
9307,019;72
9308,019;77
9309,019;78
9310,019;66
9311,019;75
9312,019;11237
9313,019;76
9314,019;74
9315,019;69
9316,019;92
9317,019;70
9318,019;11248
9319,019;65
9320,019;65
9321,019;63
9322,019;63
9323,019;66
9324,019;11223
9325,019;48
9326,019;63
9327,019;54
9328,019;77
9329,019;84
9330,019;11257
9331,019;75
9332,019;70
9333,019;63
9334,019;75
9335,019;72
9336,019;11278
9337,019;68
9338,019;55
9339,019;72
9340,019;73
9341,019;81
9342,019;11201
9343,019;58
9344,019;61
9345,019;72
9346,019;59
9347,019;63
9348,019;10869
9349,019;68
9350,019;82
9351,019;61
9352,019;74
9353,019;72
9354,019;11201
9355,019;62
9356,019;77
9357,019;74
9358,019;70
9359,019;54
9360,019;11225
9361,019;73
9362,019;77
9363,019;75
9364,019;53
9365,019;51
9366,019;11224
9367,019;63
9368,019;67
9369,019;70
9370,019;66
9371,019;74
9372,019;11221
9373,019;68
9374,019;72
9375,019;79
9376,019;54
9377,019;77
9378,019;11217
9379,019;57
9380,019;70
9381,019;82
9382,019;73
9383,019;73
9384,019;11237
9385,019;82
9386,019;75
9387,019;77
9388,019;82
9389,019;72
9390,019;11219
9391,019;71
9392,019;76
9393,019;84
9394,019;72
9395,196;65
9396,196;11209
9397,196;78
9398,196;52
9399,196;62
9400,196;79
9401,196;78
9402,196;11224
9403,196;69
9404,196;78
9405,196;72
9406,196;71
9407,196;62
9408,196;11258
9409,196;68
9410,196;56
9411,196;68
9412,196;64
9413,196;76
9414,196;11248
9415,196;76
9416,196;72
9417,196;58
9418,196;79
9419,196;77
9420,196;11265
9421,196;63
9422,196;80
9423,196;75
9424,196;58
9425,196;65
9426,196;11213
9427,196;61
9428,196;63
9429,196;83
9430,196;74
9431,196;51
9432,196;11221
9433,196;62
9434,196;69
9435,196;92
9436,196;72
9437,196;83
9438,196;11212
9439,196;70
9440,196;73
9441,196;73
9442,196;80
9443,196;62
9444,196;11231
9445,196;66
9446,196;60
9447,196;81
9448,196;85
9449,196;85
9450,196;11225
9451,196;65
9452,196;62
9453,196;57
9454,196;90
9455,196;73
9456,196;11250
9457,196;67
9458,196;78
9459,196;71
9460,196;68
9461,196;60
9462,196;11195
9463,196;82
9464,196;62
9465,196;84
9466,196;73
9467,196;60
9468,196;11219
9469,196;62
9470,196;65
9471,196;74
9472,196;80
9473,196;80
9474,196;11238
9475,196;83
9476,196;65
9477,196;75
9478,196;72
9479,196;79
9480,196;11225
9481,196;77
9482,196;55
9483,196;83
9484,196;55
9485,196;72
9486,196;11222
9487,196;67
9488,196;66
9489,196;74
9490,196;73
9491,196;82
9492,196;11199
9493,196;81
9494,196;60
9495,196;81
9496,415;73
9497,415;86
9498,415;11246
9499,415;50
9500,415;75
9501,415;74
9502,415;73
9503,415;72
9504,415;11245
9505,415;58
9506,415;57
9507,415;64
9508,415;74
9509,415;73
9510,415;11207
9511,415;85
9512,415;66
9513,415;65
9514,415;63
9515,415;75
9516,415;11214
9517,415;71
9518,415;62
9519,415;67
9520,415;75
9521,415;73
9522,415;11201
9523,415;79
9524,415;66
9525,415;68
9526,415;76
9527,415;70
9528,415;11235
9529,415;75
9530,415;66
9531,415;79
9532,415;63
9533,415;76
9534,415;11234
9535,415;66
9536,415;69
9537,415;74
9538,415;57
9539,415;86
9540,415;11231
9541,415;64
9542,415;59
9543,415;83
9544,415;89
9545,415;79
9546,415;11196
9547,415;70
9548,415;77
9549,415;77
9550,415;71
9551,415;70
9552,415;11232
9553,415;82
9554,415;54
9555,415;71
9556,415;77
9557,415;79
9558,415;11222
9559,415;56
9560,415;74
9561,415;82
9562,415;59
9563,415;77
9564,415;11199
9565,415;63
9566,415;64
9567,415;78
9568,415;66
9569,415;71
9570,415;11191
9571,415;69
9572,415;68
9573,415;70
9574,415;61
9575,415;73
9576,415;11243
9577,415;55
9578,415;92
9579,415;59
9580,415;65
9581,415;67
9582,415;11197
9583,415;56
9584,415;50
9585,415;62
9586,415;56
9587,415;74
9588,415;11182
9589,415;59
9590,415;53
9591,415;76
9592,415;73
9593,415;64
9594,415;11187
9595,415;72
9596,415;56
9597,415;67
9598,415;65
9599,415;74
9600,415;11201
9601,415;69
9602,415;71
9603,415;72
9604,415;64
9605,415;84
9606,415;11171
9607,415;74
9608,415;76
9609,415;64
9610,415;64
9611,415;62
9612,415;11208
9613,415;75
9614,415;74
9615,415;75
9616,415;69
9617,415;67
9618,415;11180
9619,415;78
9620,415;75
9621,415;68
9622,415;76
9623,415;79
9624,415;11242
9625,415;67
9626,415;85
9627,415;77
9628,415;68
9629,415;58
9630,415;11206
9631,415;58
9632,415;67
9633,415;58
9634,415;73
9635,415;63
9636,415;11185
9637,415;71
9638,415;55
9639,415;59
9640,415;72
9641,415;72
9642,415;11204
9643,415;83
9644,415;57
9645,415;75
9646,415;74
9647,415;72
9648,415;11218
9649,415;59
9650,415;63
9651,415;64
9652,415;69
9653,415;66
9654,415;11241
9655,415;56
9656,415;68
9657,415;70
9658,415;52
9659,415;54
9660,415;10882
9661,415;48
9662,415;61
9663,415;72
9664,415;75
9665,415;84
9666,415;11120
9667,415;49
9668,415;65
9669,415;46
9670,415;70
9671,415;65
9672,415;11191
9673,415;62
9674,415;66
9675,415;66
9676,415;70
9677,415;62
9678,415;11212
9679,415;65
9680,415;64
9681,415;56
9682,415;74
9683,415;65
9684,415;11227
9685,415;57
9686,415;74
9687,415;70
9688,415;54
9689,415;66
9690,415;11202
9691,415;61
9692,415;67
9693,415;70
9694,415;73
9695,415;61
9696,415;11196
9697,415;54
9698,569;61
9699,569;70
9700,569;61
9701,569;77
9702,569;11211
9703,569;76
9704,569;63
9705,569;73
9706,569;68
9707,569;90
9708,569;11253
9709,569;59
9710,569;74
9711,569;68
9712,569;71
9713,569;84
9714,569;11197
9715,569;75
9716,569;68
9717,569;76
9718,569;70
9719,569;76
9720,569;11235
9721,569;81
9722,569;62
9723,569;70
9724,569;58
9725,569;75
9726,569;11238
9727,569;75
9728,569;81
9729,569;50
9730,569;71
9731,569;66
9732,569;11211
9733,569;75
9734,569;61
9735,569;80
9736,569;80
9737,569;58
9738,569;11177
9739,569;54
9740,569;73
9741,569;92
9742,569;72
9743,569;86
9744,569;11223
9745,569;81
9746,569;72
9747,569;79
9748,569;55
9749,569;78
9750,569;11236
9751,569;52
9752,569;66
9753,569;82
9754,569;76
9755,569;77
9756,569;11241
9757,569;59
9758,569;69
9759,569;76
9760,569;68
9761,569;80
9762,569;11208
9763,569;66
9764,569;70
9765,569;78
9766,569;73
9767,569;79
9768,569;11225
9769,569;55
9770,569;80
9771,569;64
9772,569;61
9773,569;76
9774,569;11239
9775,569;56
9776,569;61
9777,569;61
9778,569;81
9779,569;60
9780,569;11248
9781,569;74
9782,569;70
9783,569;81
9784,569;74
9785,569;68
9786,569;11167
9787,569;70
9788,569;72
9789,569;77
9790,569;60
9791,569;74
9792,569;11218
9793,569;57
9794,569;76
9795,569;58
9796,569;77
9797,569;83
9798,569;11227
9799,601;59
9800,601;74
9801,601;67
9802,601;68
9803,601;65
9804,601;11240
9805,601;64
9806,601;92
9807,601;80
9808,601;68
9809,601;69
9810,601;11228
9811,601;72
9812,601;65
9813,601;71
9814,601;85
9815,601;75
9816,601;11210
9817,601;62
9818,601;69
9819,601;78
9820,601;72
9821,601;62
9822,601;11211
9823,601;69
9824,601;74
9825,601;80
9826,601;71
9827,601;94
9828,601;11188
9829,601;61
9830,601;67
9831,601;76
9832,601;67
9833,601;78
9834,601;11196
9835,601;71
9836,601;70
9837,601;71
9838,601;74
9839,601;82
9840,601;11212
9841,601;72
9842,601;61
9843,601;75
9844,601;87
9845,601;82
9846,601;11185
9847,601;76
9848,601;68
9849,601;71
9850,601;66
9851,601;73
9852,601;11220
9853,601;73
9854,601;72
9855,601;80
9856,601;70
9857,601;81
9858,601;11234
9859,601;74
9860,601;67
9861,601;85
9862,601;65
9863,601;78
9864,601;11197
9865,601;77
9866,601;70
9867,601;75
9868,601;90
9869,601;80
9870,601;11215
9871,601;80
9872,601;54
9873,601;81
9874,601;61
9875,601;75
9876,601;11200
9877,601;59
9878,601;81
9879,601;89
9880,601;60
9881,601;76
9882,601;11199
9883,601;70
9884,601;62
9885,601;97
9886,601;82
9887,601;77
9888,601;11237
9889,601;54
9890,601;81
9891,601;65
9892,601;81
9893,601;66
9894,601;11232
9895,601;50
9896,601;66
9897,601;79
9898,601;72
9899,601;78
9899,916;11248
9900,916;72
9901,916;79
9902,916;70
9903,916;68
9904,916;83
9905,916;11228
9906,916;64
9907,916;57
9908,916;86
9909,916;57
9910,916;88
9911,916;11220
9912,916;74
9913,916;73
9914,916;80
9915,916;80
9916,916;72
9917,916;11228
9918,916;72
9919,916;72
9920,916;73
9921,916;65
9922,916;77
9923,916;11213
9924,916;71
9925,916;67
9926,916;70
9927,916;69
9928,916;73
9929,916;11231
9930,916;68
9931,916;72
9932,916;78
9933,916;68
9934,916;77
9935,916;11226
9936,916;60
9937,916;72
9938,916;71
9939,916;72
9940,916;84
9941,916;11222
9942,916;73
9943,916;74
9944,916;63
9945,916;87
9946,916;80
9947,916;11222
9948,916;76
9949,916;77
9950,916;68
9951,916;62
9952,916;79
9953,916;11222
9954,916;47
9955,916;79
9956,916;80
9957,916;71
9958,916;63
9959,916;11225
9960,916;60
9961,916;73
9962,916;62
9963,916;79
9964,916;72
9965,916;11221
9966,916;66
9967,916;68
9968,916;70
9969,916;75
9970,916;71
9971,916;10891
9972,916;67
9973,916;60
9974,916;68
9975,916;71
9976,916;74
9977,916;11118
9978,916;80
9979,916;57
9980,916;58
9981,916;72
9982,916;79
9983,916;11197
9984,916;61
9985,916;53
9986,916;70
9987,916;86
9988,916;69
9989,916;11230
9990,916;76
9991,916;79
9992,916;88
9993,916;82
9994,916;91
9995,916;11226
9996,916;71
9997,916;71
9998,916;82
9999,916;67
10001,313;71
10002,313;11246
10003,313;90
10004,313;67
10005,313;83
10006,313;97
10007,313;80
10008,313;11218
10009,313;81
10010,313;85
10011,313;89
10012,313;70
10013,313;78
10014,313;11252
10015,313;69
10016,313;76
10017,313;85
10018,313;87
10019,313;78
10020,313;11265
10021,313;66
10022,313;65
10023,313;71
10024,313;85
10025,313;81
10026,313;11192
10027,313;61
10028,313;56
10029,313;69
10030,313;77
10031,313;77
10032,313;11254
10033,313;71
10034,313;78
10035,313;79
10036,313;75
10037,313;72
10038,313;11238
10039,313;65
10040,313;70
10041,313;76
10042,313;78
10043,313;70
10044,313;11221
10045,313;83
10046,313;73
10047,313;81
10048,313;79
10049,313;71
10050,313;11236
10051,313;63
10052,313;69
10053,313;63
10054,313;72
10055,313;70
10056,313;11206
10057,313;70
10058,313;64
10059,313;83
10060,313;64
10061,313;69
10062,313;11213
10063,313;75
10064,313;65
10065,313;68
10066,313;76
10067,313;85
10068,313;11222
10069,313;63
10070,313;70
10071,313;80
10072,313;64
10073,313;71
10074,313;11237
10075,313;64
10076,313;78
10077,313;56
10078,313;82
10079,313;86
10080,313;11208
10081,313;87
10082,313;83
10083,313;80
10084,313;69
10085,313;67
10086,313;11224
10087,313;57
10088,313;67
10089,313;72
10090,313;79
10091,313;71
10092,313;11186
10093,313;53
10094,313;66
10095,313;67
10096,313;84
10097,313;72
10098,313;11216
10099,313;72
10100,313;73
10101,313;62
10102,313;74
10103,313;73
10104,313;11207
10105,313;65
10106,313;60
10107,313;70
10108,313;64
10109,313;77
10110,313;11216
10111,313;75
10112,313;69
10113,313;52
10114,313;56
10115,313;69
10116,313;11206
10117,313;69
10118,313;71
10119,313;66
10120,313;99
10121,313;77
10122,313;11240
10123,313;60
10124,313;62
10125,313;62
10126,313;65
10127,313;63
10128,313;11221
10129,313;56
10130,313;62
10131,313;86
10132,313;83
10133,313;62
10134,313;11216
10135,313;71
10136,313;77
10137,313;78
10138,313;71
10139,313;79
10140,313;11195
10141,313;65
10142,313;77
10143,313;77
10144,313;71
10145,313;82
10146,313;11207
10147,313;67
10148,313;67
10149,313;61
10150,313;72
10151,313;81
10152,313;11237
10153,313;76
10154,313;71
10155,313;70
10156,313;66
10157,313;78
10158,313;11226
10159,313;67
10160,313;75
10161,313;59
10162,313;66
10163,313;69
10164,313;11211
10165,313;68
10166,313;62
10167,313;77
10168,313;72
10169,313;68
10170,313;11234
10171,313;66
10172,313;63
10173,313;64
10174,313;66
10175,313;89
10176,313;11202
10177,313;69
10178,313;58
10179,313;71
10180,313;63
10181,313;83
10182,313;11218
10183,313;70
10184,313;52
10185,313;71
10186,313;71
10187,313;81
10188,313;11216
10189,313;75
10190,313;67
10191,313;62
10192,313;66
10193,313;77
10194,313;11211
10195,313;78
10196,313;68
10197,313;61
10198,313;85
10199,313;60
10200,313;11220
10201,313;71
10202,313;47
10203,868;71
10204,868;78
10205,868;76
10206,868;11222
10207,868;62
10208,868;64
10209,868;54
10210,868;67
10211,868;69
10212,868;11190
10213,868;66
10214,868;62
10215,868;66
10216,868;62
10217,868;75
10218,868;11210
10219,868;74
10220,868;59
10221,868;79
10222,868;53
10223,868;66
10224,868;11201
10225,868;61
10226,868;73
10227,868;67
10228,868;61
10229,868;65
10230,868;11217
10231,868;81
10232,868;73
10233,868;74
10234,868;64
10235,868;63
10236,868;11251
10237,868;69
10238,868;72
10239,868;69
10240,868;66
10241,868;62
10242,868;11204
10243,868;59
10244,868;63
10245,868;71
10246,868;72
10247,868;63
10248,868;11199
10249,868;68
10250,868;57
10251,868;59
10252,868;57
10253,868;72
10254,868;11188
10255,868;69
10256,868;56
10257,868;63
10258,868;70
10259,868;75
10260,868;11192
10261,868;60
10262,868;51
10263,868;64
10264,868;59
10265,868;69
10266,868;11194
10267,868;80
10268,868;78
10269,868;78
10270,868;54
10271,868;51
10272,868;11224
10273,868;64
10274,868;71
10275,868;57
10276,868;71
10277,868;82
10278,868;11214
10279,868;57
10280,868;65
10281,868;58
10282,868;71
10283,868;61
10284,868;10867
10285,868;69
10286,868;64
10287,868;59
10288,868;63
10289,868;65
10290,868;11132
10291,868;68
10292,868;47
10293,868;76
10294,868;70
10295,868;60
10296,868;11202
10297,868;63
10298,868;54
10299,868;74
10300,868;60
10301,868;64
10302,868;11199
10303,868;62
10303,922;57
10304,922;65
10305,922;68
10306,922;58
10307,922;11208
10308,922;71
10309,922;46
10310,922;71
10311,922;74
10312,922;90
10313,922;11197
10314,922;59
10315,922;73
10316,922;56
10317,922;71
10318,922;70
10319,922;11195
10320,922;54
10321,922;65
10322,922;68
10323,922;83
10324,922;64
10325,922;11209
10326,922;54
10327,922;58
10328,922;65
10329,922;70
10330,922;81
10331,922;11199
10332,922;65
10333,922;62
10334,922;45
10335,922;74
10336,922;73
10337,922;11208
10338,922;51
10339,922;80
10340,922;75
10341,922;67
10342,922;81
10343,922;11198
10344,922;53
10345,922;65
10346,922;52
10347,922;63
10348,922;80
10349,922;11221
10350,922;67
10351,922;66
10352,922;60
10353,922;74
10354,922;76
10355,922;11229
10356,922;71
10357,922;70
10358,922;60
10359,922;78
10360,922;75
10361,922;11199
10362,922;74
10363,922;70
10364,922;70
10365,922;87
10366,922;65
10367,922;11211
10368,922;79
10369,922;64
10370,922;74
10371,922;73
10372,922;75
10373,922;11214
10374,922;58
10375,922;65
10376,922;63
10377,922;70
10378,922;82
10379,922;11209
10380,922;66
10381,922;69
10382,922;79
10383,922;64
10384,922;86
10385,922;11239
10386,922;50
10387,922;56
10388,922;60
10389,922;69
10390,922;88
10391,922;11198
10392,922;55
10393,922;70
10394,922;58
10395,922;63
10396,922;74
10397,922;11199
10398,922;65
10399,922;67
10400,922;60
10401,922;68
10402,922;64
10403,922;11269
10406,095;68
10407,095;81
10408,095;59
10409,095;81
10410,095;73
10411,095;11225
10412,095;74
10413,095;54
10414,095;78
10415,095;44
10416,095;76
10417,095;11254
10418,095;66
10419,095;63
10420,095;61
10421,095;62
10422,095;66
10423,095;11201
10424,095;80
10425,095;74
10426,095;98
10427,095;76
10428,095;62
10429,095;11195
10430,095;86
10431,095;66
10432,095;63
10433,095;70
10434,095;77
10435,095;11225
10436,095;73
10437,095;58
10438,095;75
10439,095;57
10440,095;77
10441,095;11214
10442,095;66
10443,095;61
10444,095;75
10445,095;77
10446,095;60
10447,095;11190
10448,095;58
10449,095;71
10450,095;51
10451,095;83
10452,095;87
10453,095;11214
10454,095;55
10455,095;62
10456,095;69
10457,095;80
10458,095;65
10459,095;11203
10460,095;57
10461,095;74
10462,095;71
10463,095;73
10464,095;79
10465,095;11196
10466,095;71
10467,095;69
10468,095;66
10469,095;84
10470,095;71
10471,095;11208
10472,095;73
10473,095;80
10474,095;67
10475,095;62
10476,095;77
10477,095;11197
10478,095;76
10479,095;68
10480,095;70
10481,095;75
10482,095;78
10483,095;11232
10484,095;75
10485,095;68
10486,095;67
10487,095;72
10488,095;77
10489,095;11203
10490,095;73
10491,095;69
10492,095;83
10493,095;72
10494,095;77
10495,095;11212
10496,095;68
10497,095;75
10498,095;73
10499,095;66
10500,095;74
10501,095;11246
10502,095;79
10503,095;70
10504,095;77
10505,095;66
10506,095;78
10506,613;11207
10507,613;64
10508,613;71
10509,613;65
10510,613;65
10511,613;84
10512,613;11204
10513,613;53
10514,613;68
10515,613;77
10516,613;79
10517,613;73
10518,613;11228
10519,613;65
10520,613;70
10521,613;67
10522,613;74
10523,613;69
10524,613;11211
10525,613;74
10526,613;69
10527,613;85
10528,613;94
10529,613;75
10530,613;11215
10531,613;89
10532,613;73
10533,613;84
10534,613;78
10535,613;72
10536,613;11214
10537,613;66
10538,613;60
10539,613;74
10540,613;64
10541,613;73
10542,613;11235
10543,613;60
10544,613;71
10545,613;69
10546,613;61
10547,613;57
10548,613;11248
10549,613;71
10550,613;70
10551,613;70
10552,613;69
10553,613;72
10554,613;11272
10555,613;59
10556,613;78
10557,613;62
10558,613;72
10559,613;67
10560,613;11256
10561,613;67
10562,613;70
10563,613;58
10564,613;72
10565,613;74
10566,613;11225
10567,613;53
10568,613;78
10569,613;94
10570,613;71
10571,613;71
10572,613;11228
10573,613;74
10574,613;64
10575,613;84
10576,613;67
10577,613;79
10578,613;11217
10579,613;72
10580,613;77
10581,613;73
10582,613;60
10583,613;70
10584,613;11218
10585,613;75
10586,613;75
10587,613;87
10588,613;79
10589,613;59
10590,613;11232
10591,613;60
10592,613;63
10593,613;69
10594,613;58
10595,613;60
10596,613;10885
10597,613;61
10598,613;65
10599,613;69
10600,613;78
10601,613;76
10602,613;11156
10603,613;67
10604,613;57
10605,613;69
10606,613;63
10607,613;88
10608,613;11219
10609,613;63
10610,613;75
10611,613;67
10612,613;74
10613,613;65
10614,613;11250
10615,613;73
10616,613;71
10617,613;73
10618,613;72
10619,613;74
10620,613;11230
10621,613;65
10622,613;79
10623,613;74
10624,613;82
10625,613;85
10626,613;11236
10627,613;74
10628,613;59
10629,613;71
10630,613;68
10631,613;75
10632,613;11228
10633,613;69
10634,613;72
10635,613;75
10636,613;74
10637,613;73
10638,613;11218
10639,613;63
10640,613;57
10641,613;66
10642,613;73
10643,613;72
10644,613;11257
10645,613;62
10646,613;75
10647,613;78
10648,613;84
10649,613;83
10650,613;11260
10651,613;81
10652,613;70
10653,613;77
10654,613;67
10655,613;86
10656,613;11253
10657,613;75
10658,613;70
10659,613;105
10660,613;62
10661,613;74
10662,613;11234
10663,613;77
10664,613;83
10665,613;74
10666,613;86
10667,613;70
10668,613;11227
10669,613;63
10670,613;75
10671,613;80
10672,613;86
10673,613;74
10674,613;11222
10675,613;95
10676,613;67
10677,613;69
10678,613;62
10679,613;80
10680,613;11233
10681,613;66
10682,613;66
10683,613;76
10684,613;69
10685,613;68
10686,613;11220
10687,613;77
10688,613;80
10689,613;71
10690,613;67
10691,613;78
10692,613;11236
10693,613;66
10694,613;78
10695,613;77
10696,613;66
10697,613;82
10698,613;11230
10699,613;70
10700,613;68
10701,613;65
10702,613;69
10703,613;79
10704,613;11197
10705,613;57
10706,613;59
10707,613;74
10708,766;65
10709,766;60
10710,766;11225
10711,766;71
10712,766;82
10713,766;72
10714,766;74
10715,766;78
10716,766;11213
10717,766;64
10718,766;65
10719,766;62
10720,766;83
10721,766;66
10722,766;11241
10723,766;60
10724,766;77
10725,766;86
10726,766;73
10727,766;87
10728,766;11244
10729,766;71
10730,766;64
10731,766;82
10732,766;70
10733,766;83
10734,766;11208
10735,766;74
10736,766;75
10737,766;62
10738,766;65
10739,766;77
10740,766;11234
10741,766;81
10742,766;65
10743,766;68
10744,766;64
10745,766;67
10746,766;11201
10747,766;67
10748,766;67
10749,766;61
10750,766;82
10751,766;85
10752,766;11191
10753,766;66
10754,766;72
10755,766;77
10756,766;63
10757,766;71
10758,766;11177
10759,766;63
10760,766;63
10761,766;74
10762,766;70
10763,766;73
10764,766;11193
10765,766;83
10766,766;78
10767,766;67
10768,766;63
10769,766;80
10770,766;11189
10771,766;78
10772,766;73
10773,766;75
10774,766;81
10775,766;73
10776,766;11241
10777,766;68
10778,766;62
10779,766;73
10780,766;80
10781,766;73
10782,766;11217
10783,766;59
10784,766;63
10785,766;74
10786,766;65
10787,766;58
10788,766;11247
10789,766;54
10790,766;81
10791,766;69
10792,766;69
10793,766;68
10794,766;11244
10795,766;71
10796,766;60
10797,766;63
10798,766;70
10799,766;90
10800,766;11201
10801,766;76
10802,766;60
10803,766;71
10804,766;53
10805,766;71
10806,766;11222
10807,766;56
10808,766;74
10809,067;68
10810,067;62
10811,067;79
10812,067;11187
10813,067;74
10814,067;74
10815,067;90
10816,067;68
10817,067;76
10818,067;11219
10819,067;65
10820,067;61
10821,067;68
10822,067;66
10823,067;76
10824,067;11212
10825,067;82
10826,067;61
10827,067;75
10828,067;73
10829,067;90
10830,067;11201
10831,067;57
10832,067;68
10833,067;78
10834,067;76
10835,067;80
10836,067;11238
10837,067;64
10838,067;64
10839,067;76
10840,067;67
10841,067;73
10842,067;11225
10843,067;53
10844,067;69
10845,067;72
10846,067;62
10847,067;88
10848,067;11217
10849,067;55
10850,067;72
10851,067;79
10852,067;70
10853,067;60
10854,067;11215
10855,067;70
10856,067;72
10857,067;59
10858,067;71
10859,067;77
10860,067;11177
10861,067;53
10862,067;73
10863,067;73
10864,067;71
10865,067;92
10866,067;11222
10867,067;67
10868,067;67
10869,067;62
10870,067;66
10871,067;74
10872,067;11228
10873,067;67
10874,067;65
10875,067;64
10876,067;69
10877,067;62
10878,067;11201
10879,067;66
10880,067;69
10881,067;64
10882,067;67
10883,067;60
10884,067;11224
10885,067;49
10886,067;57
10887,067;77
10888,067;57
10889,067;68
10890,067;11183
10891,067;67
10892,067;67
10893,067;52
10894,067;66
10895,067;72
10896,067;11202
10897,067;64
10898,067;62
10899,067;80
10900,067;75
10901,067;75
10902,067;11196
10903,067;62
10904,067;72
10905,067;69
10906,067;49
10907,067;65
10908,067;10908
10909,067;56
10910,487;64
10911,487;60
10912,487;48
10913,487;73
10914,487;11115
10915,487;54
10916,487;56
10917,487;60
10918,487;58
10919,487;50
10920,487;11183
10921,487;81
10922,487;67
10923,487;74
10924,487;55
10925,487;57
10926,487;11177
10927,487;58
10928,487;64
10929,487;62
10930,487;69
10931,487;63
10932,487;11220
10933,487;77
10934,487;56
10935,487;73
10936,487;65
10937,487;77
10938,487;11196
10939,487;63
10940,487;53
10941,487;72
10942,487;65
10943,487;59
10944,487;11213
10945,487;65
10946,487;69
10947,487;58
10948,487;67
10949,487;72
10950,487;11200
10951,487;73
10952,487;60
10953,487;61
10954,487;71
10955,487;62
10956,487;11204
10957,487;59
10958,487;76
10959,487;70
10960,487;63
10961,487;60
10962,487;11231
10963,487;41
10964,487;70
10965,487;69
10966,487;78
10967,487;69
10968,487;11195
10969,487;70
10970,487;66
10971,487;69
10972,487;64
10973,487;69
10974,487;11243
10975,487;66
10976,487;51
10977,487;66
10978,487;66
10979,487;73
10980,487;11200
10981,487;58
10982,487;77
10983,487;70
10984,487;76
10985,487;68
10986,487;11194
10987,487;63
10988,487;63
10989,487;67
10990,487;65
10991,487;63
10992,487;11252
10993,487;73
10994,487;64
10995,487;62
10996,487;86
10997,487;85
10998,487;11223
10999,487;72
11000,487;64
11001,487;79
11002,487;74
11003,487;72
11004,487;11249
11005,487;80
11006,487;77
11007,487;72
11008,487;62
11009,487;69
11010,487;11196
11013,519;64
11014,519;83
11015,519;66
11016,519;72
11017,519;71
11018,519;11232
11019,519;76
11020,519;63
11021,519;72
11022,519;94
11023,519;73
11024,519;11199
11025,519;64
11026,519;57
11027,519;76
11028,519;57
11029,519;71
11030,519;11207
11031,519;78
11032,519;76
11033,519;71
11034,519;80
11035,519;72
11036,519;11218
11037,519;78
11038,519;67
11039,519;86
11040,519;77
11041,519;77
11042,519;11231
11043,519;62
11044,519;65
11045,519;60
11046,519;84
11047,519;86
11048,519;11214
11049,519;60
11050,519;65
11051,519;85
11052,519;77
11053,519;86
11054,519;11213
11055,519;80
11056,519;65
11057,519;75
11058,519;94
11059,519;93
11060,519;11227
11061,519;63
11062,519;51
11063,519;73
11064,519;72
11065,519;78
11066,519;11219
11067,519;67
11068,519;77
11069,519;58
11070,519;57
11071,519;90
11072,519;11213
11073,519;61
11074,519;78
11075,519;70
11076,519;66
11077,519;71
11078,519;11200
11079,519;71
11080,519;58
11081,519;74
11082,519;74
11083,519;58
11084,519;11253
11085,519;44
11086,519;92
11087,519;82
11088,519;80
11089,519;63
11090,519;11208
11091,519;58
11092,519;70
11093,519;81
11094,519;76
11095,519;93
11096,519;11206
11097,519;75
11098,519;70
11099,519;88
11100,519;69
11101,519;72
11102,519;11215
11103,519;61
11104,519;84
11105,519;77
11106,519;66
11107,519;51
11108,519;11241
11109,519;80
11110,519;66
11111,519;68
11112,519;82
11113,519;71
11112,377;11211
11113,377;66
11114,377;60
11115,377;75
11116,377;70
11117,377;87
11118,377;11235
11119,377;60
11120,377;76
11121,377;70
11122,377;85
11123,377;69
11124,377;11219
11125,377;68
11126,377;56
11127,377;85
11128,377;94
11129,377;82
11130,377;11258
11131,377;86
11132,377;63
11133,377;66
11134,377;71
11135,377;87
11136,377;11228
11137,377;80
11138,377;66
11139,377;65
11140,377;75
11141,377;80
11142,377;11218
11143,377;68
11144,377;65
11145,377;81
11146,377;79
11147,377;70
11148,377;11239
11149,377;82
11150,377;72
11151,377;63
11152,377;78
11153,377;72
11154,377;11216
11155,377;76
11156,377;83
11157,377;72
11158,377;72
11159,377;67
11160,377;11230
11161,377;72
11162,377;73
11163,377;84
11164,377;81
11165,377;89
11166,377;11231
11167,377;67
11168,377;65
11169,377;71
11170,377;63
11171,377;89
11172,377;11222
11173,377;62
11174,377;74
11175,377;75
11176,377;93
11177,377;64
11178,377;11247
11179,377;78
11180,377;75
11181,377;83
11182,377;62
11183,377;87
11184,377;11241
11185,377;83
11186,377;52
11187,377;72
11188,377;77
11189,377;72
11190,377;11229
11191,377;66
11192,377;65
11193,377;70
11194,377;89
11195,377;63
11196,377;11211
11197,377;70
11198,377;75
11199,377;77
11200,377;86
11201,377;72
11202,377;11213
11203,377;76
11204,377;75
11205,377;85
11206,377;99
11207,377;75
11208,377;11224
11209,377;76
11210,377;83
11211,377;85
11212,377;78
11213,377;83
11214,377;11201
11215,377;69
11216,377;74
11217,377;78
11218,377;72
11219,377;89
11220,377;10830
11221,377;64
11222,377;67
11223,377;66
11224,377;67
11225,377;73
11226,377;11158
11227,377;74
11228,377;57
11229,377;69
11230,377;80
11231,377;80
11232,377;11203
11233,377;59
11234,377;61
11235,377;72
11236,377;74
11237,377;70
11238,377;11240
11239,377;67
11240,377;66
11241,377;78
11242,377;77
11243,377;75
11244,377;11222
11245,377;73
11246,377;72
11247,377;87
11248,377;70
11249,377;88
11250,377;11243
11251,377;62
11252,377;74
11253,377;61
11254,377;70
11255,377;78
11256,377;11239
11257,377;78
11258,377;75
11259,377;83
11260,377;70
11261,377;77
11262,377;11222
11263,377;66
11264,377;65
11265,377;73
11266,377;74
11267,377;67
11268,377;11199
11269,377;84
11270,377;92
11271,377;74
11272,377;70
11273,377;71
11274,377;11255
11275,377;78
11276,377;77
11277,377;83
11278,377;69
11279,377;91
11280,377;11247
11281,377;75
11282,377;68
11283,377;68
11284,377;61
11285,377;68
11286,377;11251
11287,377;67
11288,377;76
11289,377;67
11290,377;64
11291,377;80
11292,377;11218
11293,377;59
11294,377;78
11295,377;76
11296,377;67
11297,377;83
11298,377;11228
11299,377;70
11300,377;63
11301,377;80
11302,377;75
11303,377;90
11304,377;11213
11305,377;58
11306,377;78
11307,377;63
11308,377;88
11309,377;88
11310,377;11203
11311,377;75
11312,377;62
11313,377;79
11315,079;80
11316,079;84
11317,079;11244
11318,079;64
11319,079;63
11320,079;70
11321,079;76
11322,079;84
11323,079;11189
11324,079;65
11325,079;76
11326,079;77
11327,079;70
11328,079;85
11329,079;11208
11330,079;75
11331,079;63
11332,079;93
11333,079;70
11334,079;71
11335,079;11234
11336,079;63
11337,079;74
11338,079;89
11339,079;70
11340,079;75
11341,079;11224
11342,079;64
11343,079;64
11344,079;79
11345,079;68
11346,079;62
11347,079;11185
11348,079;54
11349,079;65
11350,079;79
11351,079;68
11352,079;74
11353,079;11251
11354,079;66
11355,079;62
11356,079;81
11357,079;82
11358,079;70
11359,079;11203
11360,079;68
11361,079;71
11362,079;74
11363,079;82
11364,079;91
11365,079;11191
11366,079;63
11367,079;71
11368,079;78
11369,079;68
11370,079;80
11371,079;11219
11372,079;78
11373,079;63
11374,079;85
11375,079;88
11376,079;80
11377,079;11208
11378,079;63
11379,079;59
11380,079;49
11381,079;75
11382,079;70
11383,079;11225
11384,079;73
11385,079;71
11386,079;66
11387,079;75
11388,079;57
11389,079;11223
11390,079;67
11391,079;63
11392,079;79
11393,079;67
11394,079;87
11395,079;11209
11396,079;71
11397,079;57
11398,079;66
11399,079;64
11400,079;60
11401,079;11237
11402,079;79
11403,079;79
11404,079;71
11405,079;84
11406,079;81
11407,079;11205
11408,079;61
11409,079;75
11410,079;80
11411,079;82
11412,079;70
11413,079;11216
11414,079;58
11415,079;74
11415,962;77
11416,962;72
11417,962;64
11418,962;11264
11419,962;65
11420,962;70
11421,962;65
11422,962;67
11423,962;71
11424,962;11214
11425,962;56
11426,962;75
11427,962;70
11428,962;75
11429,962;74
11430,962;11236
11431,962;74
11432,962;59
11433,962;80
11434,962;83
11435,962;83
11436,962;11244
11437,962;69
11438,962;57
11439,962;60
11440,962;62
11441,962;79
11442,962;11228
11443,962;52
11444,962;61
11445,962;68
11446,962;67
11447,962;62
11448,962;11245
11449,962;51
11450,962;71
11451,962;68
11452,962;76
11453,962;77
11454,962;11193
11455,962;69
11456,962;65
11457,962;68
11458,962;72
11459,962;69
11460,962;11213
11461,962;66
11462,962;66
11463,962;68
11464,962;82
11465,962;72
11466,962;11222
11467,962;76
11468,962;63
11469,962;74
11470,962;75
11471,962;71
11472,962;11242
11473,962;69
11474,962;56
11475,962;64
11476,962;66
11477,962;69
11478,962;11199
11479,962;76
11480,962;72
11481,962;66
11482,962;62
11483,962;79
11484,962;11207
11485,962;66
11486,962;65
11487,962;68
11488,962;69
11489,962;60
11490,962;11196
11491,962;57
11492,962;57
11493,962;74
11494,962;89
11495,962;72
11496,962;11188
11497,962;60
11498,962;64
11499,962;68
11500,962;60
11501,962;61
11502,962;11196
11503,962;59
11504,962;65
11505,962;56
11506,962;80
11507,962;68
11508,962;11172
11509,962;72
11510,962;66
11511,962;61
11512,962;64
11513,962;61
11514,962;11218
11515,962;57
11516,677;73
11517,677;59
11518,677;69
11519,677;60
11520,677;11211
11521,677;74
11522,677;53
11523,677;65
11524,677;69
11525,677;74
11526,677;11215
11527,677;45
11528,677;58
11529,677;64
11530,677;65
11531,677;67
11532,677;10896
11533,677;49
11534,677;60
11535,677;66
11536,677;65
11537,677;75
11538,677;11147
11539,677;41
11540,677;58
11541,677;68
11542,677;79
11543,677;86
11544,677;11191
11545,677;66
11546,677;64
11547,677;66
11548,677;63
11549,677;69
11550,677;11190
11551,677;61
11552,677;53
11553,677;62
11554,677;79
11555,677;59
11556,677;11254
11557,677;70
11558,677;60
11559,677;64
11560,677;80
11561,677;59
11562,677;11202
11563,677;69
11564,677;59
11565,677;70
11566,677;72
11567,677;61
11568,677;11199
11569,677;56
11570,677;65
11571,677;73
11572,677;62
11573,677;78
11574,677;11217
11575,677;60
11576,677;60
11577,677;74
11578,677;69
11579,677;67
11580,677;11187
11581,677;66
11582,677;63
11583,677;67
11584,677;66
11585,677;67
11586,677;11223
11587,677;59
11588,677;61
11589,677;71
11590,677;77
11591,677;78
11592,677;11195
11593,677;73
11594,677;61
11595,677;64
11596,677;78
11597,677;66
11598,677;11220
11599,677;86
11600,677;63
11601,677;71
11602,677;56
11603,677;84
11604,677;11233
11605,677;61
11606,677;50
11607,677;65
11608,677;70
11609,677;90
11610,677;11243
11611,677;57
11612,677;57
11613,677;76
11614,677;73
11615,677;70
11616,677;11218
11616,89;65
11617,89;66
11618,89;65
11619,89;74
11620,89;66
11621,89;11213
11622,89;50
11623,89;55
11624,89;83
11625,89;67
11626,89;75
11627,89;11219
11628,89;65
11629,89;60
11630,89;81
11631,89;72
11632,89;68
11633,89;11239
11634,89;65
11635,89;50
11636,89;77
11637,89;72
11638,89;77
11639,89;11229
11640,89;66
11641,89;74
11642,89;70
11643,89;78
11644,89;80
11645,89;11151
11646,89;72
11647,89;75
11648,89;72
11649,89;65
11650,89;83
11651,89;11209
11652,89;55
11653,89;74
11654,89;57
11655,89;76
11656,89;76
11657,89;11261
11658,89;64
11659,89;76
11660,89;82
11661,89;63
11662,89;63
11663,89;11226
11664,89;78
11665,89;55
11666,89;84
11667,89;67
11668,89;70
11669,89;11195
11670,89;72
11671,89;68
11672,89;64
11673,89;73
11674,89;74
11675,89;11217
11676,89;67
11677,89;72
11678,89;61
11679,89;63
11680,89;89
11681,89;11251
11682,89;66
11683,89;68
11684,89;70
11685,89;82
11686,89;75
11687,89;11194
11688,89;77
11689,89;68
11690,89;71
11691,89;66
11692,89;52
11693,89;11207
11694,89;76
11695,89;70
11696,89;82
11697,89;68
11698,89;64
11699,89;11203
11700,89;68
11701,89;71
11702,89;70
11703,89;89
11704,89;87
11705,89;11199
11706,89;76
11707,89;61
11708,89;78
11709,89;70
11710,89;90
11711,89;11246
11712,89;89
11713,89;86
11714,89;94
11715,89;91
11716,89;78
11717,89;11204
11718,89;79
11719,89;79
11720,89;73
11721,89;69
11722,89;67
11723,89;11218
11724,89;70
11725,89;69
11726,89;78
11727,89;71
11728,89;71
11729,89;11237
11730,89;89
11731,89;68
11732,89;71
11733,89;73
11734,89;83
11735,89;11226
11736,89;67
11737,89;78
11738,89;79
11739,89;80
11740,89;77
11741,89;11219
11742,89;64
11743,89;67
11744,89;75
11745,89;63
11746,89;72
11747,89;11227
11748,89;73
11749,89;67
11750,89;57
11751,89;78
11752,89;87
11753,89;11214
11754,89;78
11755,89;67
11756,89;66
11757,89;64
11758,89;73
11759,89;11209
11760,89;79
11761,89;78
11762,89;87
11763,89;89
11764,89;80
11765,89;11244
11766,89;56
11767,89;59
11768,89;76
11769,89;78
11770,89;59
11771,89;11249
11772,89;56
11773,89;77
11774,89;70
11775,89;77
11776,89;86
11777,89;11258
11778,89;73
11779,89;69
11780,89;85
11781,89;80
11782,89;72
11783,89;11244
11784,89;75
11785,89;63
11786,89;69
11787,89;76
11788,89;88
11789,89;11241
11790,89;60
11791,89;67
11792,89;80
11793,89;82
11794,89;70
11795,89;11249
11796,89;68
11797,89;61
11798,89;76
11799,89;75
11800,89;89
11801,89;11243
11802,89;60
11803,89;65
11804,89;75
11805,89;82
11806,89;66
11807,89;11252
11808,89;59
11809,89;64
11810,89;57
11811,89;68
11812,89;94
11813,89;11221
11814,89;76
11815,89;66
11816,89;84
11817,89;92
11819,576;69
11820,576;11236
11821,576;77
11822,576;75
11823,576;78
11824,576;73
11825,576;75
11826,576;11213
11827,576;83
11828,576;81
11829,576;72
11830,576;71
11831,576;68
11832,576;11250
11833,576;68
11834,576;75
11835,576;71
11836,576;54
11837,576;73
11838,576;11204
11839,576;73
11840,576;60
11841,576;77
11842,576;88
11843,576;68
11844,576;10873
11845,576;67
11846,576;74
11847,576;70
11848,576;83
11849,576;81
11850,576;11150
11851,576;85
11852,576;73
11853,576;67
11854,576;70
11855,576;71
11856,576;11262
11857,576;69
11858,576;64
11859,576;67
11860,576;70
11861,576;79
11862,576;11247
11863,576;68
11864,576;67
11865,576;81
11866,576;72
11867,576;77
11868,576;11235
11869,576;79
11870,576;70
11871,576;68
11872,576;78
11873,576;74
11874,576;11244
11875,576;79
11876,576;85
11877,576;71
11878,576;85
11879,576;74
11880,576;11233
11881,576;72
11882,576;79
11883,576;66
11884,576;76
11885,576;84
11886,576;11250
11887,576;68
11888,576;79
11889,576;70
11890,576;69
11891,576;68
11892,576;11260
11893,576;70
11894,576;88
11895,576;81
11896,576;67
11897,576;83
11898,576;11264
11899,576;74
11900,576;75
11901,576;86
11902,576;55
11903,576;88
11904,576;11246
11905,576;82
11906,576;60
11907,576;42
11908,576;75
11909,576;73
11910,576;11239
11911,576;62
11912,576;80
11913,576;79
11914,576;79
11915,576;87
11916,576;11241
11917,576;73
11918,576;66
11919,576;54
11920,949;75
11921,949;85
11922,949;11247
11923,949;72
11924,949;69
11925,949;68
11926,949;65
11927,949;88
11928,949;11211
11929,949;72
11930,949;81
11931,949;77
11932,949;75
11933,949;92
11934,949;11243
11935,949;72
11936,949;58
11937,949;81
11938,949;60
11939,949;75
11940,949;11200
11941,949;64
11942,949;71
11943,949;67
11944,949;76
11945,949;63
11946,949;11227
11947,949;67
11948,949;67
11949,949;66
11950,949;70
11951,949;81
11952,949;11211
11953,949;77
11954,949;78
11955,949;86
11956,949;70
11957,949;81
11958,949;11228
11959,949;76
11960,949;77
11961,949;65
11962,949;71
11963,949;77
11964,949;11204
11965,949;66
11966,949;63
11967,949;78
11968,949;81
11969,949;69
11970,949;11222
11971,949;78
11972,949;71
11973,949;72
11974,949;74
11975,949;67
11976,949;11206
11977,949;64
11978,949;60
11979,949;60
11980,949;59
11981,949;92
11982,949;11213
11983,949;62
11984,949;67
11985,949;94
11986,949;75
11987,949;85
11988,949;11225
11989,949;74
11990,949;70
11991,949;64
11992,949;76
11993,949;70
11994,949;11228
11995,949;62
11996,949;72
11997,949;65
11998,949;78
11999,949;60
12000,949;11208
12001,949;66
12002,949;73
12003,949;58
12004,949;74
12005,949;80
12006,949;11198
12007,949;65
12008,949;77
12009,949;51
12010,949;74
12011,949;79
12012,949;11202
12013,949;77
12014,949;67
12015,949;79
12016,949;79
12017,949;77
12018,949;11225
12019,949;71
12020,949;63
12021,869;64
12022,869;62
12023,869;66
12024,869;11204
12025,869;63
12026,869;89
12027,869;67
12028,869;74
12029,869;71
12030,869;11204
12031,869;67
12032,869;51
12033,869;78
12034,869;64
12035,869;69
12036,869;11218
12037,869;78
12038,869;71
12039,869;61
12040,869;76
12041,869;82
12042,869;11234
12043,869;76
12044,869;66
12045,869;61
12046,869;76
12047,869;73
12048,869;11228
12049,869;80
12050,869;54
12051,869;60
12052,869;64
12053,869;67
12054,869;11256
12055,869;69
12056,869;72
12057,869;81
12058,869;87
12059,869;84
12060,869;11240
12061,869;73
12062,869;58
12063,869;65
12064,869;69
12065,869;84
12066,869;11215
12067,869;68
12068,869;63
12069,869;66
12070,869;61
12071,869;89
12072,869;11213
12073,869;63
12074,869;84
12075,869;73
12076,869;80
12077,869;65
12078,869;11199
12079,869;68
12080,869;79
12081,869;81
12082,869;80
12083,869;83
12084,869;11226
12085,869;53
12086,869;78
12087,869;68
12088,869;73
12089,869;77
12090,869;11223
12091,869;71
12092,869;66
12093,869;72
12094,869;58
12095,869;66
12096,869;11245
12097,869;71
12098,869;61
12099,869;69
12100,869;69
12101,869;59
12102,869;11216
12103,869;71
12104,869;62
12105,869;68
12106,869;57
12107,869;78
12108,869;11193
12109,869;66
12110,869;72
12111,869;65
12112,869;73
12113,869;75
12114,869;11217
12115,869;63
12116,869;72
12117,869;74
12118,869;77
12119,869;61
12120,869;11219
12121,869;65
12121,958;61
12122,958;53
12123,958;81
12124,958;75
12125,958;11231
12126,958;62
12127,958;66
12128,958;62
12129,958;59
12130,958;76
12131,958;11190
12132,958;66
12133,958;82
12134,958;66
12135,958;64
12136,958;68
12137,958;11191
12138,958;65
12139,958;60
12140,958;70
12141,958;77
12142,958;66
12143,958;11200
12144,958;78
12145,958;61
12146,958;74
12147,958;72
12148,958;63
12149,958;11231
12150,958;52
12151,958;66
12152,958;57
12153,958;75
12154,958;61
12155,958;10890
12156,958;71
12157,958;61
12158,958;63
12159,958;64
12160,958;60
12161,958;11167
12162,958;70
12163,958;64
12164,958;66
12165,958;67
12166,958;75
12167,958;11188
12168,958;48
12169,958;67
12170,958;61
12171,958;63
12172,958;62
12173,958;11204
12174,958;64
12175,958;64
12176,958;57
12177,958;81
12178,958;72
12179,958;11210
12180,958;61
12181,958;64
12182,958;66
12183,958;81
12184,958;66
12185,958;11197
12186,958;80
12187,958;83
12188,958;72
12189,958;72
12190,958;56
12191,958;11189
12192,958;69
12193,958;64
12194,958;63
12195,958;67
12196,958;68
12197,958;11214
12198,958;57
12199,958;68
12200,958;68
12201,958;77
12202,958;67
12203,958;11246
12204,958;70
12205,958;57
12206,958;77
12207,958;67
12208,958;66
12209,958;11218
12210,958;68
12211,958;60
12212,958;63
12213,958;70
12214,958;62
12215,958;11224
12216,958;56
12217,958;67
12218,958;51
12219,958;64
12220,958;77
12221,958;11200
12222,958;45
12223,958;53
12224,958;70
12225,958;83
12226,958;73
12227,958;11243
12228,958;65
12229,958;65
12230,958;59
12231,958;67
12232,958;70
12233,958;11221
12234,958;75
12235,958;63
12236,958;60
12237,958;64
12238,958;83
12239,958;11189
12240,958;53
12241,958;58
12242,958;67
12243,958;75
12244,958;81
12245,958;11203
12246,958;77
12247,958;68
12248,958;62
12249,958;67
12250,958;65
12251,958;11237
12252,958;64
12253,958;64
12254,958;72
12255,958;80
12256,958;66
12257,958;11239
12258,958;76
12259,958;75
12260,958;70
12261,958;88
12262,958;65
12263,958;11224
12264,958;59
12265,958;56
12266,958;50
12267,958;75
12268,958;85
12269,958;11225
12270,958;71
12271,958;73
12272,958;79
12273,958;76
12274,958;81
12275,958;11198
12276,958;45
12277,958;77
12278,958;73
12279,958;61
12280,958;82
12281,958;11245
12282,958;54
12283,958;69
12284,958;84
12285,958;68
12286,958;65
12287,958;11227
12288,958;74
12289,958;62
12290,958;69
12291,958;77
12292,958;83
12293,958;11220
12294,958;64
12295,958;77
12296,958;70
12297,958;80
12298,958;80
12299,958;11210
12300,958;63
12301,958;59
12302,958;69
12303,958;73
12304,958;85
12305,958;11206
12306,958;59
12307,958;81
12308,958;75
12309,958;68
12310,958;66
12311,958;11216
12312,958;70
12313,958;57
12314,958;89
12315,958;81
12316,958;87
12317,958;11257
12318,958;75
12319,958;66
12320,958;64
12321,958;74
12322,958;76
12325,079;11223
12326,079;72
12327,079;65
12328,079;83
12329,079;73
12330,079;76
12331,079;11239
12332,079;72
12333,079;83
12334,079;73
12335,079;67
12336,079;77
12337,079;11204
12338,079;62
12339,079;76
12340,079;69
12341,079;71
12342,079;79
12343,079;11221
12344,079;69
12345,079;84
12346,079;65
12347,079;74
12348,079;68
12349,079;11215
12350,079;73
12351,079;53
12352,079;92
12353,079;65
12354,079;83
12355,079;11232
12356,079;66
12357,079;64
12358,079;75
12359,079;75
12360,079;62
12361,079;11217
12362,079;75
12363,079;83
12364,079;79
12365,079;64
12366,079;69
12367,079;11229
12368,079;73
12369,079;76
12370,079;78
12371,079;81
12372,079;63
12373,079;11209
12374,079;77
12375,079;73
12376,079;63
12377,079;76
12378,079;80
12379,079;11276
12380,079;64
12381,079;68
12382,079;65
12383,079;84
12384,079;78
12385,079;11217
12386,079;82
12387,079;58
12388,079;73
12389,079;71
12390,079;73
12391,079;11223
12392,079;72
12393,079;59
12394,079;79
12395,079;74
12396,079;82
12397,079;11226
12398,079;63
12399,079;66
12400,079;54
12401,079;66
12402,079;78
12403,079;11234
12404,079;62
12405,079;76
12406,079;85
12407,079;52
12408,079;77
12409,079;11232
12410,079;70
12411,079;88
12412,079;81
12413,079;67
12414,079;64
12415,079;11277
12416,079;75
12417,079;82
12418,079;72
12419,079;60
12420,079;71
12421,079;11211
12422,079;88
12423,079;63
12424,079;57
12425,079;68
12425,576;70
12426,576;11215
12427,576;70
12428,576;59
12429,576;82
12430,576;69
12431,576;81
12432,576;11265
12433,576;81
12434,576;72
12435,576;85
12436,576;82
12437,576;84
12438,576;11234
12439,576;59
12440,576;68
12441,576;66
12442,576;79
12443,576;106
12444,576;11217
12445,576;88
12446,576;61
12447,576;75
12448,576;85
12449,576;80
12450,576;11249
12451,576;57
12452,576;68
12453,576;86
12454,576;79
12455,576;82
12456,576;11235
12457,576;87
12458,576;72
12459,576;69
12460,576;71
12461,576;79
12462,576;11231
12463,576;69
12464,576;70
12465,576;80
12466,576;67
12467,576;75
12468,576;10898
12469,576;68
12470,576;74
12471,576;82
12472,576;73
12473,576;76
12474,576;11176
12475,576;82
12476,576;64
12477,576;71
12478,576;78
12479,576;82
12480,576;11199
12481,576;66
12482,576;73
12483,576;72
12484,576;70
12485,576;84
12486,576;11219
12487,576;77
12488,576;80
12489,576;68
12490,576;67
12491,576;72
12492,576;11257
12493,576;64
12494,576;65
12495,576;76
12496,576;71
12497,576;79
12498,576;11260
12499,576;75
12500,576;51
12501,576;68
12502,576;66
12503,576;63
12504,576;11235
12505,576;68
12506,576;63
12507,576;67
12508,576;63
12509,576;76
12510,576;11228
12511,576;83
12512,576;78
12513,576;88
12514,576;62
12515,576;82
12516,576;11232
12517,576;64
12518,576;61
12519,576;74
12520,576;72
12521,576;78
12522,576;11242
12523,576;78
12524,576;76
12525,576;105
12526,687;81
12527,687;85
12528,687;11236
12529,687;73
12530,687;70
12531,687;75
12532,687;52
12533,687;68
12534,687;11230
12535,687;74
12536,687;76
12537,687;62
12538,687;92
12539,687;77
12540,687;11216
12541,687;80
12542,687;77
12543,687;64
12544,687;68
12545,687;88
12546,687;11256
12547,687;59
12548,687;71
12549,687;74
12550,687;85
12551,687;72
12552,687;11206
12553,687;91
12554,687;54
12555,687;83
12556,687;69
12557,687;74
12558,687;11217
12559,687;58
12560,687;75
12561,687;74
12562,687;74
12563,687;67
12564,687;11221
12565,687;68
12566,687;75
12567,687;85
12568,687;81
12569,687;69
12570,687;11222
12571,687;63
12572,687;58
12573,687;85
12574,687;71
12575,687;88
12576,687;11230
12577,687;54
12578,687;69
12579,687;72
12580,687;62
12581,687;73
12582,687;11175
12583,687;63
12584,687;67
12585,687;89
12586,687;73
12587,687;77
12588,687;11171
12589,687;65
12590,687;62
12591,687;74
12592,687;71
12593,687;87
12594,687;11199
12595,687;55
12596,687;90
12597,687;70
12598,687;46
12599,687;72
12600,687;11240
12601,687;67
12602,687;62
12603,687;74
12604,687;62
12605,687;79
12606,687;11216
12607,687;75
12608,687;82
12609,687;85
12610,687;70
12611,687;76
12612,687;11217
12613,687;65
12614,687;70
12615,687;84
12616,687;74
12617,687;85
12618,687;11219
12619,687;75
12620,687;63
12621,687;64
12622,687;68
12623,687;84
12624,687;11244
12625,687;62
12626,687;67
12627,127;64
12628,127;74
12629,127;62
12630,127;11218
12631,127;66
12632,127;75
12633,127;89
12634,127;67
12635,127;86
12636,127;11210
12637,127;65
12638,127;67
12639,127;82
12640,127;75
12641,127;79
12642,127;11229
12643,127;67
12644,127;87
12645,127;72
12646,127;67
12647,127;71
12648,127;11202
12649,127;81
12650,127;72
12651,127;84
12652,127;66
12653,127;84
12654,127;11197
12655,127;67
12656,127;69
12657,127;71
12658,127;64
12659,127;73
12660,127;11217
12661,127;58
12662,127;80
12663,127;53
12664,127;71
12665,127;82
12666,127;11203
12667,127;70
12668,127;61
12669,127;68
12670,127;82
12671,127;65
12672,127;11224
12673,127;66
12674,127;70
12675,127;77
12676,127;70
12677,127;68
12678,127;11201
12679,127;84
12680,127;79
12681,127;71
12682,127;69
12683,127;72
12684,127;11198
12685,127;63
12686,127;70
12687,127;61
12688,127;59
12689,127;68
12690,127;11210
12691,127;75
12692,127;58
12693,127;79
12694,127;76
12695,127;66
12696,127;11256
12697,127;65
12698,127;71
12699,127;60
12700,127;81
12701,127;85
12702,127;11252
12703,127;62
12704,127;72
12705,127;77
12706,127;65
12707,127;56
12708,127;11235
12709,127;83
12710,127;56
12711,127;76
12712,127;74
12713,127;77
12714,127;11213
12715,127;61
12716,127;73
12717,127;67
12718,127;66
12719,127;65
12720,127;11223
12721,127;72
12722,127;65
12723,127;66
12724,127;52
12725,127;61
12726,127;11188
12727,127;48
12728,127;66
12729,127;67
12730,127;68
12731,127;67
12732,127;11239
12733,127;66
12734,127;62
12735,127;53
12736,127;69
12737,127;78
12738,127;11214
12739,127;69
12740,127;74
12741,127;62
12742,127;67
12743,127;73
12744,127;11208
12745,127;65
12746,127;63
12747,127;74
12748,127;71
12749,127;65
12750,127;11212
12751,127;49
12752,127;72
12753,127;78
12754,127;53
12755,127;64
12756,127;11226
12757,127;63
12758,127;65
12759,127;65
12760,127;56
12761,127;66
12762,127;11215
12763,127;64
12764,127;67
12765,127;77
12766,127;74
12767,127;68
12768,127;11213
12769,127;73
12770,127;62
12771,127;69
12772,127;70
12773,127;68
12774,127;11192
12775,127;53
12776,127;50
12777,127;65
12778,127;58
12779,127;63
12780,127;10902
12781,127;67
12782,127;52
12783,127;54
12784,127;77
12785,127;77
12786,127;11108
12787,127;75
12788,127;65
12789,127;67
12790,127;79
12791,127;65
12792,127;11223
12793,127;56
12794,127;62
12795,127;64
12796,127;67
12797,127;66
12798,127;11257
12799,127;72
12800,127;62
12801,127;66
12802,127;58
12803,127;66
12804,127;11217
12805,127;42
12806,127;69
12807,127;56
12808,127;53
12809,127;80
12810,127;11213
12811,127;61
12812,127;62
12813,127;52
12814,127;61
12815,127;64
12816,127;11229
12817,127;75
12818,127;69
12819,127;65
12820,127;68
12821,127;67
12822,127;11211
12823,127;68
12824,127;70
12825,127;62
12826,127;59
12827,127;63
12828,127;11220
12829,486;65
12830,486;72
12831,486;66
12832,486;68
12833,486;73
12834,486;11215
12835,486;43
12836,486;67
12837,486;67
12838,486;73
12839,486;72
12840,486;11210
12841,486;69
12842,486;74
12843,486;71
12844,486;86
12845,486;68
12846,486;11237
12847,486;68
12848,486;75
12849,486;55
12850,486;69
12851,486;79
12852,486;11238
12853,486;62
12854,486;63
12855,486;77
12856,486;64
12857,486;82
12858,486;11222
12859,486;66
12860,486;77
12861,486;65
12862,486;65
12863,486;72
12864,486;11212
12865,486;70
12866,486;67
12867,486;73
12868,486;71
12869,486;64
12870,486;11214
12871,486;76
12872,486;60
12873,486;76
12874,486;71
12875,486;77
12876,486;11204
12877,486;77
12878,486;68
12879,486;84
12880,486;76
12881,486;77
12882,486;11207
12883,486;58
12884,486;63
12885,486;66
12886,486;78
12887,486;62
12888,486;11264
12889,486;62
12890,486;64
12891,486;87
12892,486;84
12893,486;84
12894,486;11237
12895,486;74
12896,486;62
12897,486;72
12898,486;68
12899,486;79
12900,486;11253
12901,486;81
12902,486;65
12903,486;61
12904,486;73
12905,486;64
12906,486;11227
12907,486;62
12908,486;57
12909,486;65
12910,486;78
12911,486;82
12912,486;11212
12913,486;71
12914,486;61
12915,486;62
12916,486;80
12917,486;67
12918,486;11248
12919,486;63
12920,486;66
12921,486;70
12922,486;68
12923,486;74
12924,486;11243
12925,486;69
12926,486;76
12927,486;93
12928,486;72
12929,486;77
12930,801;11219
12931,801;60
12932,801;70
12933,801;73
12934,801;70
12935,801;61
12936,801;11204
12937,801;59
12938,801;63
12939,801;69
12940,801;77
12941,801;95
12942,801;11214
12943,801;76
12944,801;58
12945,801;70
12946,801;61
12947,801;76
12948,801;11207
12949,801;67
12950,801;66
12951,801;58
12952,801;79
12953,801;63
12954,801;11221
12955,801;72
12956,801;67
12957,801;65
12958,801;83
12959,801;81
12960,801;11212
12961,801;66
12962,801;73
12963,801;75
12964,801;84
12965,801;73
12966,801;11230
12967,801;60
12968,801;67
12969,801;84
12970,801;85
12971,801;84
12972,801;11221
12973,801;63
12974,801;65
12975,801;64
12976,801;68
12977,801;73
12978,801;11214
12979,801;68
12980,801;67
12981,801;67
12982,801;59
12983,801;68
12984,801;11249
12985,801;69
12986,801;71
12987,801;69
12988,801;71
12989,801;77
12990,801;11223
12991,801;85
12992,801;58
12993,801;77
12994,801;88
12995,801;82
12996,801;11230
12997,801;64
12998,801;73
12999,801;65
13000,801;69
13001,801;82
13002,801;11218
13003,801;64
13004,801;57
13005,801;69
13006,801;70
13007,801;72
13008,801;11240
13009,801;70
13010,801;77
13011,801;75
13012,801;76
13013,801;63
13014,801;11219
13015,801;82
13016,801;80
13017,801;72
13018,801;63
13019,801;76
13020,801;11230
13021,801;55
13022,801;68
13023,801;79
13024,801;67
13025,801;70
13026,801;11252
13027,801;64
13028,801;87
13029,801;95
13030,801;75
13031,409;73
13032,409;11233
13033,409;81
13034,409;86
13035,409;79
13036,409;75
13037,409;95
13038,409;11225
13039,409;71
13040,409;67
13041,409;75
13042,409;64
13043,409;86
13044,409;11256
13045,409;70
13046,409;72
13047,409;80
13048,409;78
13049,409;75
13050,409;11273
13051,409;69
13052,409;75
13053,409;62
13054,409;78
13055,409;56
13056,409;11241
13057,409;62
13058,409;86
13059,409;87
13060,409;81
13061,409;65
13062,409;11256
13063,409;59
13064,409;57
13065,409;74
13066,409;68
13067,409;76
13068,409;11241
13069,409;59
13070,409;74
13071,409;77
13072,409;70
13073,409;100
13074,409;11240
13075,409;68
13076,409;69
13077,409;66
13078,409;68
13079,409;77
13080,409;11254
13081,409;56
13082,409;77
13083,409;68
13084,409;81
13085,409;84
13086,409;11222
13087,409;64
13088,409;68
13089,409;61
13090,409;77
13091,409;75
13092,409;10917
13093,409;73
13094,409;80
13095,409;71
13096,409;79
13097,409;92
13098,409;11184
13099,409;71
13100,409;75
13101,409;76
13102,409;69
13103,409;55
13104,409;11243
13105,409;72
13106,409;64
13107,409;55
13108,409;71
13109,409;76
13110,409;11236
13111,409;77
13112,409;74
13113,409;90
13114,409;86
13115,409;69
13116,409;11239
13117,409;61
13118,409;75
13119,409;78
13120,409;73
13121,409;76
13122,409;11226
13123,409;75
13124,409;75
13125,409;72
13126,409;60
13127,409;73
13128,409;11226
13129,409;79
13130,409;76
13131,409;75
13132,526;90
13133,526;69
13134,526;11250
13135,526;79
13136,526;79
13137,526;82
13138,526;79
13139,526;65
13140,526;11234
13141,526;62
13142,526;94
13143,526;83
13144,526;73
13145,526;76
13146,526;11219
13147,526;72
13148,526;76
13149,526;70
13150,526;73
13151,526;81
13152,526;11196
13153,526;66
13154,526;71
13155,526;73
13156,526;81
13157,526;70
13158,526;11261
13159,526;81
13160,526;73
13161,526;79
13162,526;76
13163,526;70
13164,526;11249
13165,526;64
13166,526;70
13167,526;79
13168,526;80
13169,526;76
13170,526;11234
13171,526;70
13172,526;73
13173,526;68
13174,526;73
13175,526;87
13176,526;11249
13177,526;81
13178,526;56
13179,526;81
13180,526;71
13181,526;61
13182,526;11220
13183,526;57
13184,526;68
13185,526;73
13186,526;68
13187,526;80
13188,526;11221
13189,526;89
13190,526;84
13191,526;75
13192,526;66
13193,526;83
13194,526;11231
13195,526;83
13196,526;79
13197,526;72
13198,526;72
13199,526;77
13200,526;11230
13201,526;79
13202,526;67
13203,526;67
13204,526;78
13205,526;67
13206,526;11240
13207,526;73
13208,526;57
13209,526;58
13210,526;67
13211,526;79
13212,526;11225
13213,526;62
13214,526;66
13215,526;74
13216,526;77
13217,526;69
13218,526;11252
13219,526;66
13220,526;73
13221,526;87
13222,526;59
13223,526;76
13224,526;11240
13225,526;67
13226,526;70
13227,526;60
13228,526;65
13229,526;72
13230,526;11204
13231,526;79
13232,526;65
13232,962;70
13233,962;74
13234,962;63
13235,962;11274
13236,962;68
13237,962;60
13238,962;55
13239,962;69
13240,962;69
13241,962;11236
13242,962;64
13243,962;72
13244,962;77
13245,962;66
13246,962;61
13247,962;11216
13248,962;61
13249,962;61
13250,962;65
13251,962;73
13252,962;67
13253,962;11232
13254,962;65
13255,962;72
13256,962;76
13257,962;79
13258,962;72
13259,962;11248
13260,962;67
13261,962;80
13262,962;63
13263,962;68
13264,962;62
13265,962;11225
13266,962;64
13267,962;59
13268,962;57
13269,962;78
13270,962;84
13271,962;11233
13272,962;66
13273,962;79
13274,962;70
13275,962;79
13276,962;81
13277,962;11220
13278,962;67
13279,962;79
13280,962;73
13281,962;82
13282,962;64
13283,962;11223
13284,962;63
13285,962;80
13286,962;65
13287,962;66
13288,962;78
13289,962;11221
13290,962;76
13291,962;58
13292,962;74
13293,962;77
13294,962;82
13295,962;11240
13296,962;68
13297,962;69
13298,962;53
13299,962;67
13300,962;72
13301,962;11231
13302,962;58
13303,962;72
13304,962;66
13305,962;78
13306,962;70
13307,962;11220
13308,962;70
13309,962;78
13310,962;57
13311,962;75
13312,962;78
13313,962;11248
13314,962;62
13315,962;56
13316,962;50
13317,962;78
13318,962;64
13319,962;11195
13320,962;68
13321,962;66
13322,962;79
13323,962;71
13324,962;74
13325,962;11213
13326,962;63
13327,962;67
13328,962;76
13329,962;89
13330,962;81
13331,962;11231
13332,962;69
13333,962;56
13334,962;61
13335,962;71
13336,962;93
13337,962;11246
13338,962;66
13339,962;61
13340,962;57
13341,962;64
13342,962;75
13343,962;11227
13344,962;67
13345,962;75
13346,962;65
13347,962;84
13348,962;57
13349,962;11226
13350,962;63
13351,962;64
13352,962;66
13353,962;81
13354,962;67
13355,962;11266
13356,962;59
13357,962;70
13358,962;69
13359,962;73
13360,962;64
13361,962;11224
13362,962;77
13363,962;60
13364,962;63
13365,962;55
13366,962;71
13367,962;11219
13368,962;66
13369,962;58
13370,962;48
13371,962;64
13372,962;63
13373,962;11223
13374,962;73
13375,962;64
13376,962;53
13377,962;74
13378,962;67
13379,962;11221
13380,962;69
13381,962;56
13382,962;65
13383,962;66
13384,962;80
13385,962;11203
13386,962;65
13387,962;83
13388,962;68
13389,962;72
13390,962;64
13391,962;11200
13392,962;58
13393,962;58
13394,962;60
13395,962;68
13396,962;68
13397,962;11221
13398,962;67
13399,962;61
13400,962;60
13401,962;60
13402,962;68
13403,962;10895
13404,962;69
13405,962;69
13406,962;59
13407,962;73
13408,962;69
13409,962;11170
13410,962;61
13411,962;56
13412,962;68
13413,962;63
13414,962;69
13415,962;11215
13416,962;61
13417,962;67
13418,962;62
13419,962;73
13420,962;59
13421,962;11190
13422,962;85
13423,962;56
13424,962;73
13425,962;58
13426,962;77
13427,962;11232
13428,962;62
13429,962;66
13430,962;61
13431,962;66
13432,962;76
13433,962;11230
13434,815;63
13435,815;53
13436,815;75
13437,815;76
13438,815;59
13439,815;11238
13440,815;61
13441,815;73
13442,815;59
13443,815;67
13444,815;65
13445,815;11220
13446,815;78
13447,815;67
13448,815;77
13449,815;73
13450,815;73
13451,815;11216
13452,815;64
13453,815;62
13454,815;69
13455,815;76
13456,815;58
13457,815;11250
13458,815;62
13459,815;67
13460,815;75
13461,815;65
13462,815;72
13463,815;11221
13464,815;57
13465,815;55
13466,815;76
13467,815;82
13468,815;75
13469,815;11216
13470,815;75
13471,815;47
13472,815;64
13473,815;77
13474,815;77
13475,815;11241
13476,815;50
13477,815;77
13478,815;71
13479,815;64
13480,815;74
13481,815;11245
13482,815;59
13483,815;77
13484,815;69
13485,815;70
13486,815;69
13487,815;11213
13488,815;65
13489,815;77
13490,815;56
13491,815;83
13492,815;74
13493,815;11209
13494,815;60
13495,815;49
13496,815;70
13497,815;67
13498,815;65
13499,815;11229
13500,815;73
13501,815;57
13502,815;66
13503,815;80
13504,815;66
13505,815;11252
13506,815;67
13507,815;62
13508,815;69
13509,815;51
13510,815;61
13511,815;11223
13512,815;70
13513,815;58
13514,815;78
13515,815;62
13516,815;66
13517,815;11202
13518,815;62
13519,815;69
13520,815;80
13521,815;75
13522,815;75
13523,815;11203
13524,815;80
13525,815;63
13526,815;70
13527,815;61
13528,815;74
13529,815;11221
13530,815;63
13531,815;80
13532,815;67
13533,815;73
13534,815;76
13536,954;11231
13537,954;68
13538,954;86
13539,954;86
13540,954;77
13541,954;86
13542,954;11234
13543,954;65
13544,954;76
13545,954;76
13546,954;70
13547,954;69
13548,954;11221
13549,954;77
13550,954;70
13551,954;70
13552,954;84
13553,954;71
13554,954;11258
13555,954;60
13556,954;72
13557,954;62
13558,954;71
13559,954;65
13560,954;11223
13561,954;69
13562,954;82
13563,954;65
13564,954;76
13565,954;73
13566,954;11221
13567,954;79
13568,954;70
13569,954;84
13570,954;69
13571,954;63
13572,954;11249
13573,954;72
13574,954;63
13575,954;83
13576,954;64
13577,954;76
13578,954;11196
13579,954;85
13580,954;73
13581,954;72
13582,954;67
13583,954;71
13584,954;11203
13585,954;65
13586,954;66
13587,954;70
13588,954;84
13589,954;66
13590,954;11223
13591,954;80
13592,954;73
13593,954;77
13594,954;51
13595,954;66
13596,954;11231
13597,954;87
13598,954;64
13599,954;60
13600,954;79
13601,954;71
13602,954;11220
13603,954;74
13604,954;77
13605,954;79
13606,954;79
13607,954;91
13608,954;11186
13609,954;54
13610,954;75
13611,954;87
13612,954;66
13613,954;86
13614,954;11257
13615,954;73
13616,954;68
13617,954;66
13618,954;95
13619,954;76
13620,954;11213
13621,954;54
13622,954;72
13623,954;73
13624,954;79
13625,954;69
13626,954;11248
13627,954;77
13628,954;71
13629,954;73
13630,954;72
13631,954;62
13632,954;11219
13633,954;72
13634,954;75
13635,954;86
13636,954;77
13637,952;79
13638,952;11239
13639,952;65
13640,952;56
13641,952;65
13642,952;69
13643,952;70
13644,952;11233
13645,952;59
13646,952;62
13647,952;78
13648,952;76
13649,952;71
13650,952;11229
13651,952;70
13652,952;65
13653,952;67
13654,952;87
13655,952;83
13656,952;11219
13657,952;60
13658,952;74
13659,952;75
13660,952;76
13661,952;68
13662,952;11232
13663,952;68
13664,952;77
13665,952;73
13666,952;87
13667,952;82
13668,952;11266
13669,952;72
13670,952;72
13671,952;63
13672,952;68
13673,952;100
13674,952;11235
13675,952;70
13676,952;62
13677,952;73
13678,952;59
13679,952;69
13680,952;11266
13681,952;76
13682,952;64
13683,952;70
13684,952;86
13685,952;84
13686,952;11256
13687,952;56
13688,952;64
13689,952;73
13690,952;63
13691,952;70
13692,952;11266
13693,952;75
13694,952;69
13695,952;67
13696,952;70
13697,952;71
13698,952;11259
13699,952;71
13700,952;83
13701,952;66
13702,952;72
13703,952;68
13704,952;11282
13705,952;74
13706,952;61
13707,952;69
13708,952;89
13709,952;71
13710,952;11222
13711,952;74
13712,952;77
13713,952;88
13714,952;71
13715,952;78
13716,952;10884
13717,952;68
13718,952;81
13719,952;65
13720,952;86
13721,952;81
13722,952;11177
13723,952;58
13724,952;78
13725,952;74
13726,952;82
13727,952;82
13728,952;11183
13729,952;82
13730,952;74
13731,952;94
13732,952;91
13733,952;74
13734,952;11235
13735,952;59
13736,952;69
13737,952;69
13737,634;82
13738,634;63
13739,634;11222
13740,634;62
13741,634;68
13742,634;72
13743,634;73
13744,634;75
13745,634;11272
13746,634;71
13747,634;73
13748,634;88
13749,634;63
13750,634;79
13751,634;11206
13752,634;74
13753,634;67
13754,634;67
13755,634;78
13756,634;75
13757,634;11218
13758,634;91
13759,634;73
13760,634;77
13761,634;65
13762,634;85
13763,634;11248
13764,634;71
13765,634;66
13766,634;76
13767,634;80
13768,634;75
13769,634;11235
13770,634;78
13771,634;83
13772,634;84
13773,634;67
13774,634;94
13775,634;11241
13776,634;68
13777,634;71
13778,634;83
13779,634;74
13780,634;93
13781,634;11229
13782,634;74
13783,634;67
13784,634;75
13785,634;72
13786,634;84
13787,634;11216
13788,634;60
13789,634;93
13790,634;89
13791,634;77
13792,634;64
13793,634;11242
13794,634;72
13795,634;78
13796,634;69
13797,634;87
13798,634;92
13799,634;11232
13800,634;74
13801,634;76
13802,634;66
13803,634;67
13804,634;79
13805,634;11239
13806,634;51
13807,634;68
13808,634;63
13809,634;77
13810,634;78
13811,634;11212
13812,634;72
13813,634;77
13814,634;82
13815,634;80
13816,634;81
13817,634;11251
13818,634;81
13819,634;62
13820,634;81
13821,634;80
13822,634;73
13823,634;11237
13824,634;76
13825,634;52
13826,634;74
13827,634;80
13828,634;69
13829,634;11188
13830,634;66
13831,634;70
13832,634;78
13833,634;82
13834,634;83
13835,634;11194
13836,634;65
13837,634;75
13838,634;93
13839,634;59
13840,634;79
13841,634;11244
13842,634;62
13843,634;77
13844,634;82
13845,634;70
13846,634;76
13847,634;11217
13848,634;84
13849,634;72
13850,634;75
13851,634;72
13852,634;87
13853,634;11222
13854,634;77
13855,634;66
13856,634;63
13857,634;76
13858,634;68
13859,634;11242
13860,634;69
13861,634;59
13862,634;63
13863,634;70
13864,634;67
13865,634;11181
13866,634;69
13867,634;81
13868,634;69
13869,634;85
13870,634;69
13871,634;11215
13872,634;70
13873,634;68
13874,634;73
13875,634;75
13876,634;69
13877,634;11205
13878,634;57
13879,634;58
13880,634;80
13881,634;79
13882,634;81
13883,634;11210
13884,634;67
13885,634;72
13886,634;72
13887,634;69
13888,634;72
13889,634;11223
13890,634;71
13891,634;69
13892,634;67
13893,634;51
13894,634;68
13895,634;11224
13896,634;57
13897,634;66
13898,634;86
13899,634;74
13900,634;65
13901,634;11247
13902,634;73
13903,634;65
13904,634;82
13905,634;62
13906,634;82
13907,634;11228
13908,634;67
13909,634;64
13910,634;70
13911,634;83
13912,634;76
13913,634;11246
13914,634;80
13915,634;60
13916,634;59
13917,634;69
13918,634;67
13919,634;11238
13920,634;70
13921,634;56
13922,634;80
13923,634;72
13924,634;69
13925,634;11214
13926,634;64
13927,634;74
13928,634;63
13929,634;63
13930,634;69
13931,634;11201
13932,634;50
13933,634;80
13934,634;59
13935,634;64
13936,634;67
13937,634;11222
13938,634;60
13940,647;77
13941,647;70
13942,647;76
13943,647;77
13944,647;11215
13945,647;71
13946,647;61
13947,647;72
13948,647;69
13949,647;70
13950,647;11205
13951,647;69
13952,647;72
13953,647;62
13954,647;69
13955,647;77
13956,647;11205
13957,647;76
13958,647;60
13959,647;63
13960,647;55
13961,647;70
13962,647;11210
13963,647;75
13964,647;73
13965,647;55
13966,647;94
13967,647;73
13968,647;11222
13969,647;59
13970,647;71
13971,647;77
13972,647;82
13973,647;65
13974,647;11229
13975,647;70
13976,647;72
13977,647;69
13978,647;73
13979,647;73
13980,647;11235
13981,647;61
13982,647;52
13983,647;55
13984,647;75
13985,647;68
13986,647;11188
13987,647;67
13988,647;52
13989,647;56
13990,647;77
13991,647;73
13992,647;11208
13993,647;56
13994,647;74
13995,647;64
13996,647;82
13997,647;52
13998,647;11211
13999,647;69
14000,647;56
14001,647;69
14002,647;72
14003,647;69
14004,647;11186
14005,647;64
14006,647;55
14007,647;48
14008,647;72
14009,647;79
14010,647;11224
14011,647;69
14012,647;69
14013,647;64
14014,647;80
14015,647;78
14016,647;11229
14017,647;57
14018,647;57
14019,647;68
14020,647;62
14021,647;73
14022,647;11216
14023,647;47
14024,647;76
14025,647;78
14026,647;65
14027,647;56
14028,647;10868
14029,647;58
14030,647;55
14031,647;56
14032,647;72
14033,647;69
14034,647;11153
14035,647;57
14036,647;59
14037,647;65
14038,647;63
14039,647;49
14040,647;11235
14041,757;45
14042,757;61
14043,757;74
14044,757;52
14045,757;72
14046,757;11195
14047,757;67
14048,757;53
14049,757;69
14050,757;62
14051,757;65
14052,757;11242
14053,757;79
14054,757;68
14055,757;74
14056,757;57
14057,757;78
14058,757;11227
14059,757;58
14060,757;58
14061,757;60
14062,757;67
14063,757;77
14064,757;11194
14065,757;62
14066,757;64
14067,757;68
14068,757;78
14069,757;60
14070,757;11223
14071,757;73
14072,757;63
14073,757;81
14074,757;74
14075,757;69
14076,757;11199
14077,757;59
14078,757;49
14079,757;71
14080,757;60
14081,757;69
14082,757;11204
14083,757;55
14084,757;72
14085,757;75
14086,757;81
14087,757;76
14088,757;11254
14089,757;70
14090,757;56
14091,757;66
14092,757;76
14093,757;81
14094,757;11239
14095,757;70
14096,757;63
14097,757;66
14098,757;76
14099,757;77
14100,757;11239
14101,757;66
14102,757;72
14103,757;72
14104,757;71
14105,757;67
14106,757;11203
14107,757;61
14108,757;69
14109,757;69
14110,757;71
14111,757;78
14112,757;11230
14113,757;69
14114,757;60
14115,757;69
14116,757;78
14117,757;70
14118,757;11225
14119,757;61
14120,757;73
14121,757;59
14122,757;65
14123,757;69
14124,757;11213
14125,757;61
14126,757;64
14127,757;78
14128,757;68
14129,757;85
14130,757;11204
14131,757;74
14132,757;78
14133,757;89
14134,757;64
14135,757;78
14136,757;11241
14137,757;63
14138,757;68
14139,757;78
14140,757;71
14141,757;77
14142,79;11217
14143,79;69
14144,79;65
14145,79;61
14146,79;74
14147,79;77
14148,79;11220
14149,79;51
14150,79;74
14151,79;56
14152,79;64
14153,79;72
14154,79;11198
14155,79;71
14156,79;65
14157,79;60
14158,79;65
14159,79;66
14160,79;11207
14161,79;81
14162,79;68
14163,79;69
14164,79;75
14165,79;72
14166,79;11231
14167,79;77
14168,79;82
14169,79;89
14170,79;71
14171,79;80
14172,79;11220
14173,79;59
14174,79;80
14175,79;72
14176,79;60
14177,79;85
14178,79;11249
14179,79;64
14180,79;71
14181,79;61
14182,79;80
14183,79;61
14184,79;11231
14185,79;55
14186,79;74
14187,79;62
14188,79;72
14189,79;67
14190,79;11215
14191,79;60
14192,79;72
14193,79;76
14194,79;53
14195,79;78
14196,79;11222
14197,79;71
14198,79;88
14199,79;61
14200,79;60
14201,79;73
14202,79;11229
14203,79;69
14204,79;52
14205,79;86
14206,79;69
14207,79;78
14208,79;11215
14209,79;70
14210,79;71
14211,79;79
14212,79;67
14213,79;78
14214,79;11229
14215,79;79
14216,79;55
14217,79;58
14218,79;58
14219,79;72
14220,79;11228
14221,79;76
14222,79;70
14223,79;56
14224,79;75
14225,79;87
14226,79;11252
14227,79;61
14228,79;63
14229,79;60
14230,79;86
14231,79;61
14232,79;11211
14233,79;81
14234,79;89
14235,79;68
14236,79;75
14237,79;73
14238,79;11276
14239,79;56
14240,79;74
14241,79;70
14242,79;72
14243,58;71
14244,58;11260
14245,58;62
14246,58;82
14247,58;86
14248,58;70
14249,58;80
14250,58;11217
14251,58;60
14252,58;76
14253,58;74
14254,58;81
14255,58;75
14256,58;11265
14257,58;61
14258,58;69
14259,58;80
14260,58;73
14261,58;68
14262,58;11217
14263,58;68
14264,58;72
14265,58;78
14266,58;77
14267,58;88
14268,58;11250
14269,58;68
14270,58;65
14271,58;65
14272,58;73
14273,58;66
14274,58;11279
14275,58;80
14276,58;64
14277,58;67
14278,58;74
14279,58;77
14280,58;11252
14281,58;65
14282,58;75
14283,58;82
14284,58;72
14285,58;85
14286,58;11236
14287,58;72
14288,58;67
14289,58;62
14290,58;75
14291,58;68
14292,58;11264
14293,58;71
14294,58;76
14295,58;68
14296,58;75
14297,58;69
14298,58;11259
14299,58;71
14300,58;75
14301,58;79
14302,58;80
14303,58;77
14304,58;11273
14305,58;65
14306,58;82
14307,58;62
14308,58;80
14309,58;70
14310,58;11240
14311,58;81
14312,58;63
14313,58;90
14314,58;66
14315,58;72
14316,58;11232
14317,58;81
14318,58;84
14319,58;71
14320,58;82
14321,58;75
14322,58;11227
14323,58;73
14324,58;59
14325,58;73
14326,58;82
14327,58;86
14328,58;11268
14329,58;80
14330,58;63
14331,58;74
14332,58;87
14333,58;85
14334,58;11219
14335,58;101
14336,58;65
14337,58;86
14338,58;68
14339,58;84
14340,58;10891
14341,58;80
14342,58;69
14343,58;80
14344,58;87
14345,58;66
14346,58;11179
14347,58;69
14348,58;67
14349,58;61
14350,58;65
14351,58;83
14352,58;11231
14353,58;64
14354,58;72
14355,58;88
14356,58;77
14357,58;69
14358,58;11240
14359,58;76
14360,58;64
14361,58;73
14362,58;77
14363,58;83
14364,58;11261
14365,58;63
14366,58;73
14367,58;72
14368,58;77
14369,58;72
14370,58;11242
14371,58;75
14372,58;61
14373,58;82
14374,58;72
14375,58;64
14376,58;11239
14377,58;66
14378,58;77
14379,58;72
14380,58;74
14381,58;83
14382,58;11267
14383,58;59
14384,58;84
14385,58;75
14386,58;80
14387,58;60
14388,58;11222
14389,58;83
14390,58;71
14391,58;80
14392,58;79
14393,58;89
14394,58;11246
14395,58;66
14396,58;69
14397,58;77
14398,58;66
14399,58;77
14400,58;11209
14401,58;68
14402,58;60
14403,58;60
14404,58;84
14405,58;68
14406,58;11263
14407,58;57
14408,58;57
14409,58;76
14410,58;72
14411,58;73
14412,58;11224
14413,58;66
14414,58;68
14415,58;63
14416,58;83
14417,58;81
14418,58;11244
14419,58;76
14420,58;65
14421,58;75
14422,58;78
14423,58;77
14424,58;11245
14425,58;79
14426,58;78
14427,58;72
14428,58;67
14429,58;67
14430,58;11232
14431,58;69
14432,58;75
14433,58;57
14434,58;76
14435,58;82
14436,58;11196
14437,58;64
14438,58;74
14439,58;64
14440,58;70
14441,58;64
14442,58;11210
14443,58;50
14444,58;64
14445,489;64
14446,489;86
14447,489;77
14448,489;11206
14449,489;70
14450,489;64
14451,489;84
14452,489;73
14453,489;92
14454,489;11240
14455,489;62
14456,489;72
14457,489;79
14458,489;59
14459,489;83
14460,489;11258
14461,489;66
14462,489;69
14463,489;83
14464,489;67
14465,489;68
14466,489;11203
14467,489;63
14468,489;80
14469,489;87
14470,489;64
14471,489;68
14472,489;11231
14473,489;75
14474,489;65
14475,489;79
14476,489;72
14477,489;72
14478,489;11215
14479,489;83
14480,489;80
14481,489;83
14482,489;77
14483,489;79
14484,489;11245
14485,489;55
14486,489;83
14487,489;67
14488,489;66
14489,489;82
14490,489;11219
14491,489;62
14492,489;91
14493,489;83
14494,489;63
14495,489;64
14496,489;11226
14497,489;72
14498,489;65
14499,489;58
14500,489;69
14501,489;80
14502,489;11232
14503,489;62
14504,489;49
14505,489;67
14506,489;66
14507,489;81
14508,489;11211
14509,489;70
14510,489;54
14511,489;64
14512,489;86
14513,489;78
14514,489;11187
14515,489;68
14516,489;62
14517,489;69
14518,489;76
14519,489;88
14520,489;11234
14521,489;56
14522,489;72
14523,489;66
14524,489;74
14525,489;67
14526,489;11240
14527,489;69
14528,489;67
14529,489;59
14530,489;60
14531,489;86
14532,489;11214
14533,489;69
14534,489;81
14535,489;74
14536,489;71
14537,489;69
14538,489;11252
14539,489;80
14540,489;66
14541,489;66
14542,489;60
14543,489;80
14544,489;11213
14545,489;70
14547,092;69
14548,092;71
14549,092;78
14550,092;85
14551,092;11192
14552,092;69
14553,092;59
14554,092;69
14555,092;58
14556,092;75
14557,092;11216
14558,092;55
14559,092;69
14560,092;64
14561,092;65
14562,092;84
14563,092;11207
14564,092;64
14565,092;72
14566,092;67
14567,092;84
14568,092;76
14569,092;11239
14570,092;73
14571,092;89
14572,092;81
14573,092;69
14574,092;76
14575,092;11242
14576,092;71
14577,092;63
14578,092;49
14579,092;79
14580,092;69
14581,092;11200
14582,092;58
14583,092;93
14584,092;71
14585,092;78
14586,092;65
14587,092;11213
14588,092;82
14589,092;63
14590,092;67
14591,092;68
14592,092;81
14593,092;11205
14594,092;73
14595,092;69
14596,092;73
14597,092;76
14598,092;78
14599,092;11227
14600,092;72
14601,092;70
14602,092;67
14603,092;74
14604,092;80
14605,092;11209
14606,092;84
14607,092;56
14608,092;73
14609,092;63
14610,092;64
14611,092;11239
14612,092;64
14613,092;61
14614,092;63
14615,092;77
14616,092;67
14617,092;11224
14618,092;59
14619,092;58
14620,092;78
14621,092;63
14622,092;75
14623,092;11208
14624,092;63
14625,092;66
14626,092;70
14627,092;67
14628,092;69
14629,092;11213
14630,092;53
14631,092;75
14632,092;60
14633,092;88
14634,092;75
14635,092;11222
14636,092;48
14637,092;56
14638,092;72
14639,092;56
14640,092;77
14641,092;11223
14642,092;70
14643,092;48
14644,092;76
14645,092;64
14646,092;70
14647,092;11197
14647,699;67
14648,699;55
14649,699;61
14650,699;69
14651,699;54
14652,699;10888
14653,699;53
14654,699;65
14655,699;68
14656,699;72
14657,699;55
14658,699;11192
14659,699;79
14660,699;64
14661,699;90
14662,699;76
14663,699;79
14664,699;11215
14665,699;60
14666,699;77
14667,699;67
14668,699;65
14669,699;68
14670,699;11204
14671,699;59
14672,699;66
14673,699;67
14674,699;56
14675,699;63
14676,699;11210
14677,699;62
14678,699;64
14679,699;60
14680,699;64
14681,699;65
14682,699;11195
14683,699;58
14684,699;62
14685,699;61
14686,699;68
14687,699;63
14688,699;11216
14689,699;69
14690,699;66
14691,699;82
14692,699;59
14693,699;55
14694,699;11246
14695,699;71
14696,699;60
14697,699;60
14698,699;70
14699,699;76
14700,699;11247
14701,699;73
14702,699;74
14703,699;62
14704,699;66
14705,699;66
14706,699;11238
14707,699;64
14708,699;58
14709,699;79
14710,699;64
14711,699;76
14712,699;11220
14713,699;64
14714,699;69
14715,699;80
14716,699;72
14717,699;72
14718,699;11203
14719,699;64
14720,699;59
14721,699;64
14722,699;77
14723,699;76
14724,699;11233
14725,699;59
14726,699;59
14727,699;77
14728,699;70
14729,699;80
14730,699;11239
14731,699;65
14732,699;79
14733,699;72
14734,699;73
14735,699;66
14736,699;11241
14737,699;64
14738,699;73
14739,699;61
14740,699;65
14741,699;73
14742,699;11255
14743,699;63
14744,699;61
14745,699;64
14746,699;67
14747,699;79
14747,497;11211
14748,497;52
14749,497;83
14750,497;73
14751,497;69
14752,497;74
14753,497;11236
14754,497;66
14755,497;67
14756,497;76
14757,497;78
14758,497;71
14759,497;11209
14760,497;67
14761,497;64
14762,497;62
14763,497;68
14764,497;75
14765,497;11226
14766,497;61
14767,497;69
14768,497;72
14769,497;87
14770,497;65
14771,497;11233
14772,497;81
14773,497;59
14774,497;70
14775,497;58
14776,497;63
14777,497;11292
14778,497;73
14779,497;58
14780,497;61
14781,497;64
14782,497;74
14783,497;11203
14784,497;79
14785,497;72
14786,497;75
14787,497;70
14788,497;87
14789,497;11218
14790,497;61
14791,497;68
14792,497;66
14793,497;67
14794,497;77
14795,497;11239
14796,497;70
14797,497;57
14798,497;76
14799,497;71
14800,497;58
14801,497;11214
14802,497;53
14803,497;67
14804,497;84
14805,497;79
14806,497;63
14807,497;11233
14808,497;84
14809,497;68
14810,497;79
14811,497;67
14812,497;79
14813,497;11190
14814,497;71
14815,497;82
14816,497;66
14817,497;78
14818,497;100
14819,497;11218
14820,497;68
14821,497;73
14822,497;70
14823,497;73
14824,497;63
14825,497;11196
14826,497;62
14827,497;64
14828,497;63
14829,497;68
14830,497;72
14831,497;11184
14832,497;72
14833,497;63
14834,497;79
14835,497;77
14836,497;81
14837,497;11226
14838,497;68
14839,497;68
14840,497;68
14841,497;56
14842,497;61
14843,497;11220
14844,497;72
14845,497;69
14846,497;77
14847,497;70
14848,497;72
14849,497;11242
14850,497;77
14851,497;77
14852,497;70
14853,497;75
14854,497;71
14855,497;11254
14856,497;68
14857,497;70
14858,497;68
14859,497;77
14860,497;83
14861,497;11246
14862,497;69
14863,497;71
14864,497;82
14865,497;84
14866,497;75
14867,497;11239
14868,497;67
14869,497;66
14870,497;69
14871,497;64
14872,497;94
14873,497;11223
14874,497;88
14875,497;75
14876,497;77
14877,497;76
14878,497;72
14879,497;11233
14880,497;60
14881,497;71
14882,497;66
14883,497;72
14884,497;80
14885,497;11276
14886,497;75
14887,497;57
14888,497;78
14889,497;82
14890,497;84
14891,497;11264
14892,497;78
14893,497;69
14894,497;72
14895,497;87
14896,497;80
14897,497;11248
14898,497;72
14899,497;70
14900,497;77
14901,497;67
14902,497;72
14903,497;11243
14904,497;68
14905,497;66
14906,497;70
14907,497;71
14908,497;73
14909,497;11237
14910,497;63
14911,497;72
14912,497;70
14913,497;76
14914,497;72
14915,497;11252
14916,497;75
14917,497;67
14918,497;67
14919,497;57
14920,497;80
14921,497;11243
14922,497;77
14923,497;77
14924,497;66
14925,497;80
14926,497;99
14927,497;11227
14928,497;78
14929,497;75
14930,497;77
14931,497;69
14932,497;72
14933,497;11207
14934,497;70
14935,497;69
14936,497;78
14937,497;82
14938,497;83
14939,497;11220
14940,497;86
14941,497;55
14942,497;70
14943,497;90
14944,497;69
14945,497;11249
14946,497;96
14947,497;85
14948,497;73
14950,487;73
14951,487;86
14952,487;11234
14953,487;64
14954,487;86
14955,487;72
14956,487;74
14957,487;75
14958,487;11222
14959,487;60
14960,487;80
14961,487;84
14962,487;74
14963,487;84
14964,487;10905
14965,487;57
14966,487;70
14967,487;81
14968,487;81
14969,487;89
14970,487;11154
14971,487;62
14972,487;76
14973,487;72
14974,487;65
14975,487;68
14976,487;11212
14977,487;69
14978,487;69
14979,487;72
14980,487;68
14981,487;82
14982,487;11246
14983,487;78
14984,487;68
14985,487;67
14986,487;59
14987,487;76
14988,487;11248
14989,487;66
14990,487;57
14991,487;79
14992,487;70
14993,487;62
14994,487;11237
14995,487;76
14996,487;78
14997,487;72
14998,487;77
14999,487;73
15000,487;11238
15001,487;64
15002,487;69
15003,487;79
15004,487;85
15005,487;71
15006,487;11256
15007,487;62
15008,487;63
15009,487;85
15010,487;73
15011,487;80
15012,487;11235
15013,487;55
15014,487;66
15015,487;77
15016,487;68
15017,487;84
15018,487;11257
15019,487;60
15020,487;70
15021,487;65
15022,487;74
15023,487;79
15024,487;11216
15025,487;71
15026,487;79
15027,487;66
15028,487;69
15029,487;65
15030,487;11246
15031,487;79
15032,487;84
15033,487;63
15034,487;81
15035,487;86
15036,487;11237
15037,487;65
15038,487;77
15039,487;71
15040,487;56
15041,487;86
15042,487;11255
15043,487;67
15044,487;69
15045,487;72
15046,487;74
15047,487;68
15048,487;11260
15049,487;84
15050,487;83
15051,584;84
15052,584;65
15053,584;82
15054,584;11228
15055,584;67
15056,584;66
15057,584;70
15058,584;78
15059,584;87
15060,584;11204
15061,584;62
15062,584;65
15063,584;62
15064,584;66
15065,584;76
15066,584;11206
15067,584;65
15068,584;73
15069,584;62
15070,584;73
15071,584;70
15072,584;11223
15073,584;63
15074,584;62
15075,584;77
15076,584;75
15077,584;69
15078,584;11229
15079,584;67
15080,584;61
15081,584;64
15082,584;56
15083,584;70
15084,584;11233
15085,584;52
15086,584;63
15087,584;69
15088,584;71
15089,584;75
15090,584;11236
15091,584;89
15092,584;61
15093,584;65
15094,584;55
15095,584;81
15096,584;11223
15097,584;59
15098,584;93
15099,584;75
15100,584;80
15101,584;69
15102,584;11247
15103,584;71
15104,584;69
15105,584;83
15106,584;62
15107,584;78
15108,584;11214
15109,584;78
15110,584;67
15111,584;71
15112,584;69
15113,584;62
15114,584;11224
15115,584;71
15116,584;72
15117,584;71
15118,584;70
15119,584;72
15120,584;11220
15121,584;70
15122,584;68
15123,584;67
15124,584;66
15125,584;70
15126,584;11195
15127,584;84
15128,584;50
15129,584;69
15130,584;80
15131,584;86
15132,584;11191
15133,584;81
15134,584;64
15135,584;68
15136,584;70
15137,584;64
15138,584;11215
15139,584;79
15140,584;66
15141,584;73
15142,584;77
15143,584;57
15144,584;11249
15145,584;71
15146,584;64
15147,584;77
15148,584;62
15149,584;71
15150,584;11245
15151,584;64
15152,298;73
15153,298;63
15154,298;63
15155,298;73
15156,298;11246
15157,298;68
15158,298;66
15159,298;70
15160,298;65
15161,298;71
15162,298;11229
15163,298;75
15164,298;86
15165,298;69
15166,298;53
15167,298;62
15168,298;11219
15169,298;67
15170,298;63
15171,298;80
15172,298;75
15173,298;71
15174,298;11274
15175,298;49
15176,298;70
15177,298;79
15178,298;71
15179,298;67
15180,298;11254
15181,298;55
15182,298;73
15183,298;75
15184,298;54
15185,298;83
15186,298;11228
15187,298;77
15188,298;72
15189,298;56
15190,298;67
15191,298;80
15192,298;11261
15193,298;68
15194,298;62
15195,298;69
15196,298;73
15197,298;83
15198,298;11233
15199,298;52
15200,298;80
15201,298;64
15202,298;93
15203,298;73
15204,298;11223
15205,298;61
15206,298;69
15207,298;79
15208,298;69
15209,298;59
15210,298;11226
15211,298;60
15212,298;58
15213,298;80
15214,298;80
15215,298;81
15216,298;11230
15217,298;56
15218,298;76
15219,298;74
15220,298;71
15221,298;79
15222,298;11226
15223,298;61
15224,298;63
15225,298;84
15226,298;70
15227,298;58
15228,298;11214
15229,298;57
15230,298;76
15231,298;60
15232,298;76
15233,298;77
15234,298;11197
15235,298;52
15236,298;64
15237,298;74
15238,298;55
15239,298;61
15240,298;11231
15241,298;73
15242,298;84
15243,298;57
15244,298;57
15245,298;94
15246,298;11250
15247,298;71
15248,298;77
15249,298;55
15250,298;68
15251,298;76
15252,298;11243
15253,366;61
15254,366;59
15255,366;52
15256,366;75
15257,366;63
15258,366;11193
15259,366;59
15260,366;84
15261,366;60
15262,366;75
15263,366;64
15264,366;11219
15265,366;67
15266,366;71
15267,366;58
15268,366;81
15269,366;57
15270,366;11232
15271,366;76
15272,366;71
15273,366;59
15274,366;69
15275,366;71
15276,366;10909
15277,366;59
15278,366;70
15279,366;64
15280,366;60
15281,366;61
15282,366;11149
15283,366;71
15284,366;55
15285,366;83
15286,366;59
15287,366;73
15288,366;11187
15289,366;60
15290,366;74
15291,366;68
15292,366;74
15293,366;74
15294,366;11195
15295,366;55
15296,366;63
15297,366;65
15298,366;60
15299,366;86
15300,366;11256
15301,366;70
15302,366;70
15303,366;57
15304,366;68
15305,366;67
15306,366;11203
15307,366;72
15308,366;55
15309,366;62
15310,366;67
15311,366;60
15312,366;11217
15313,366;60
15314,366;66
15315,366;57
15316,366;71
15317,366;57
15318,366;11257
15319,366;56
15320,366;68
15321,366;65
15322,366;73
15323,366;62
15324,366;11256
15325,366;72
15326,366;71
15327,366;74
15328,366;67
15329,366;70
15330,366;11247
15331,366;62
15332,366;66
15333,366;75
15334,366;81
15335,366;81
15336,366;11218
15337,366;71
15338,366;68
15339,366;72
15340,366;66
15341,366;72
15342,366;11226
15343,366;58
15344,366;73
15345,366;51
15346,366;73
15347,366;67
15348,366;11231
15349,366;65
15350,366;72
15351,366;73
15352,366;57
15353,366;71
15353,95;11227
15354,95;58
15355,95;72
15356,95;57
15357,95;71
15358,95;86
15359,95;11246
15360,95;70
15361,95;79
15362,95;78
15363,95;64
15364,95;76
15365,95;11210
15366,95;68
15367,95;68
15368,95;69
15369,95;62
15370,95;77
15371,95;11225
15372,95;62
15373,95;71
15374,95;74
15375,95;67
15376,95;68
15377,95;11217
15378,95;74
15379,95;70
15380,95;67
15381,95;83
15382,95;82
15383,95;11230
15384,95;52
15385,95;75
15386,95;63
15387,95;75
15388,95;78
15389,95;11244
15390,95;76
15391,95;76
15392,95;65
15393,95;72
15394,95;77
15395,95;11187
15396,95;71
15397,95;60
15398,95;80
15399,95;76
15400,95;77
15401,95;11239
15402,95;73
15403,95;72
15404,95;70
15405,95;71
15406,95;78
15407,95;11238
15408,95;83
15409,95;72
15410,95;63
15411,95;69
15412,95;82
15413,95;11236
15414,95;63
15415,95;63
15416,95;68
15417,95;67
15418,95;64
15419,95;11200
15420,95;71
15421,95;57
15422,95;65
15423,95;61
15424,95;57
15425,95;11224
15426,95;74
15427,95;59
15428,95;83
15429,95;78
15430,95;75
15431,95;11198
15432,95;59
15433,95;70
15434,95;83
15435,95;73
15436,95;71
15437,95;11249
15438,95;70
15439,95;61
15440,95;67
15441,95;74
15442,95;82
15443,95;11268
15444,95;71
15445,95;65
15446,95;86
15447,95;74
15448,95;72
15449,95;11188
15450,95;67
15451,95;78
15452,95;71
15453,95;73
15454,95;73
15455,95;11235
15456,95;81
15457,95;79
15458,95;64
15459,95;68
15460,95;65
15461,95;11238
15462,95;83
15463,95;69
15464,95;66
15465,95;66
15466,95;66
15467,95;11209
15468,95;64
15469,95;57
15470,95;71
15471,95;70
15472,95;77
15473,95;11237
15474,95;86
15475,95;65
15476,95;78
15477,95;60
15478,95;66
15479,95;11206
15480,95;64
15481,95;54
15482,95;73
15483,95;77
15484,95;72
15485,95;11218
15486,95;49
15487,95;70
15488,95;94
15489,95;89
15490,95;68
15491,95;11217
15492,95;70
15493,95;81
15494,95;67
15495,95;82
15496,95;83
15497,95;11253
15498,95;90
15499,95;81
15500,95;76
15501,95;63
15502,95;79
15503,95;11215
15504,95;78
15505,95;72
15506,95;87
15507,95;58
15508,95;76
15509,95;11227
15510,95;67
15511,95;81
15512,95;92
15513,95;76
15514,95;85
15515,95;11240
15516,95;59
15517,95;76
15518,95;58
15519,95;66
15520,95;82
15521,95;11249
15522,95;79
15523,95;70
15524,95;68
15525,95;76
15526,95;86
15527,95;11208
15528,95;78
15529,95;83
15530,95;65
15531,95;76
15532,95;69
15533,95;11222
15534,95;62
15535,95;74
15536,95;86
15537,95;84
15538,95;58
15539,95;11231
15540,95;73
15541,95;64
15542,95;75
15543,95;79
15544,95;62
15545,95;11254
15546,95;66
15547,95;79
15548,95;76
15549,95;80
15550,95;84
15551,95;11227
15552,95;66
15553,95;61
15554,95;68
15556,655;86
15557,655;91
15558,655;11220
15559,655;73
15560,655;73
15561,655;76
15562,655;72
15563,655;68
15564,655;11229
15565,655;91
15566,655;71
15567,655;70
15568,655;69
15569,655;87
15570,655;11213
15571,655;88
15572,655;76
15573,655;57
15574,655;78
15575,655;76
15576,655;11252
15577,655;64
15578,655;73
15579,655;88
15580,655;82
15581,655;89
15582,655;11227
15583,655;78
15584,655;56
15585,655;67
15586,655;87
15587,655;60
15588,655;10920
15589,655;68
15590,655;59
15591,655;76
15592,655;81
15593,655;66
15594,655;11161
15595,655;76
15596,655;78
15597,655;67
15598,655;77
15599,655;84
15600,655;11242
15601,655;72
15602,655;88
15603,655;61
15604,655;80
15605,655;77
15606,655;11220
15607,655;84
15608,655;66
15609,655;64
15610,655;80
15611,655;83
15612,655;11247
15613,655;73
15614,655;76
15615,655;84
15616,655;72
15617,655;79
15618,655;11258
15619,655;67
15620,655;72
15621,655;96
15622,655;69
15623,655;81
15624,655;11264
15625,655;65
15626,655;83
15627,655;83
15628,655;78
15629,655;81
15630,655;11242
15631,655;87
15632,655;84
15633,655;72
15634,655;67
15635,655;69
15636,655;11250
15637,655;64
15638,655;57
15639,655;83
15640,655;86
15641,655;76
15642,655;11234
15643,655;56
15644,655;86
15645,655;82
15646,655;84
15647,655;79
15648,655;11231
15649,655;56
15650,655;75
15651,655;76
15652,655;58
15653,655;70
15654,655;11227
15655,655;75
15656,655;76
15658,058;57
15659,058;72
15660,058;84
15661,058;11257
15662,058;75
15663,058;73
15664,058;69
15665,058;75
15666,058;79
15667,058;11258
15668,058;85
15669,058;60
15670,058;74
15671,058;76
15672,058;78
15673,058;11203
15674,058;82
15675,058;65
15676,058;68
15677,058;78
15678,058;75
15679,058;11242
15680,058;73
15681,058;73
15682,058;68
15683,058;77
15684,058;75
15685,058;11222
15686,058;63
15687,058;68
15688,058;65
15689,058;61
15690,058;73
15691,058;11227
15692,058;64
15693,058;70
15694,058;63
15695,058;66
15696,058;75
15697,058;11255
15698,058;66
15699,058;55
15700,058;82
15701,058;81
15702,058;80
15703,058;11225
15704,058;70
15705,058;74
15706,058;69
15707,058;57
15708,058;72
15709,058;11237
15710,058;70
15711,058;69
15712,058;73
15713,058;67
15714,058;65
15715,058;11244
15716,058;78
15717,058;75
15718,058;68
15719,058;74
15720,058;92
15721,058;11250
15722,058;56
15723,058;79
15724,058;80
15725,058;63
15726,058;81
15727,058;11246
15728,058;62
15729,058;76
15730,058;58
15731,058;67
15732,058;79
15733,058;11201
15734,058;57
15735,058;62
15736,058;70
15737,058;81
15738,058;76
15739,058;11196
15740,058;59
15741,058;69
15742,058;76
15743,058;96
15744,058;73
15745,058;11240
15746,058;70
15747,058;68
15748,058;75
15749,058;85
15750,058;80
15751,058;11234
15752,058;65
15753,058;64
15754,058;60
15755,058;71
15756,058;87
15757,058;11235
15758,058;52
15758,609;56
15759,609;75
15760,609;91
15761,609;64
15762,609;11206
15763,609;77
15764,609;63
15765,609;64
15766,609;60
15767,609;89
15768,609;11196
15769,609;75
15770,609;66
15771,609;69
15772,609;82
15773,609;70
15774,609;11210
15775,609;67
15776,609;73
15777,609;69
15778,609;73
15779,609;88
15780,609;11233
15781,609;69
15782,609;64
15783,609;64
15784,609;76
15785,609;69
15786,609;11259
15787,609;61
15788,609;68
15789,609;67
15790,609;82
15791,609;73
15792,609;11234
15793,609;67
15794,609;67
15795,609;80
15796,609;79
15797,609;71
15798,609;11243
15799,609;70
15800,609;79
15801,609;81
15802,609;69
15803,609;73
15804,609;11232
15805,609;70
15806,609;54
15807,609;65
15808,609;79
15809,609;55
15810,609;11242
15811,609;49
15812,609;62
15813,609;71
15814,609;70
15815,609;67
15816,609;11256
15817,609;70
15818,609;73
15819,609;80
15820,609;56
15821,609;65
15822,609;11256
15823,609;63
15824,609;58
15825,609;62
15826,609;62
15827,609;76
15828,609;11224
15829,609;69
15830,609;66
15831,609;66
15832,609;75
15833,609;72
15834,609;11265
15835,609;63
15836,609;64
15837,609;56
15838,609;77
15839,609;71
15840,609;11226
15841,609;78
15842,609;58
15843,609;71
15844,609;90
15845,609;83
15846,609;11253
15847,609;70
15848,609;73
15849,609;74
15850,609;64
15851,609;79
15852,609;11219
15853,609;62
15854,609;70
15855,609;66
15856,609;67
15857,609;83
15858,609;11250
15859,482;66
15860,482;67
15861,482;72
15862,482;65
15863,482;69
15864,482;11213
15865,482;79
15866,482;65
15867,482;76
15868,482;55
15869,482;74
15870,482;11250
15871,482;71
15872,482;57
15873,482;77
15874,482;63
15875,482;70
15876,482;11234
15877,482;61
15878,482;66
15879,482;61
15880,482;59
15881,482;75
15882,482;11208
15883,482;45
15884,482;71
15885,482;78
15886,482;74
15887,482;61
15888,482;11214
15889,482;69
15890,482;64
15891,482;62
15892,482;79
15893,482;51
15894,482;11206
15895,482;45
15896,482;71
15897,482;54
15898,482;66
15899,482;72
15900,482;10881
15901,482;55
15902,482;53
15903,482;69
15904,482;51
15905,482;59
15906,482;11185
15907,482;72
15908,482;63
15909,482;49
15910,482;56
15911,482;71
15912,482;11240
15913,482;72
15914,482;60
15915,482;56
15916,482;70
15917,482;58
15918,482;11237
15919,482;69
15920,482;65
15921,482;78
15922,482;73
15923,482;67
15924,482;11216
15925,482;60
15926,482;81
15927,482;81
15928,482;74
15929,482;66
15930,482;11255
15931,482;70
15932,482;64
15933,482;78
15934,482;67
15935,482;54
15936,482;11220
15937,482;60
15938,482;52
15939,482;66
15940,482;64
15941,482;66
15942,482;11235
15943,482;72
15944,482;88
15945,482;66
15946,482;64
15947,482;72
15948,482;11230
15949,482;72
15950,482;74
15951,482;68
15952,482;83
15953,482;64
15954,482;11217
15955,482;61
15956,482;53
15957,482;77
15958,482;68
15959,482;70
15960,482;11247
15961,482;61
15962,482;54
15963,482;55
15964,482;61
15965,482;68
15966,482;11223
15967,482;85
15968,482;54
15969,482;85
15970,482;53
15971,482;70
15972,482;11208
15973,482;69
15974,482;70
15975,482;72
15976,482;63
15977,482;87
15978,482;11206
15979,482;52
15980,482;56
15981,482;64
15982,482;68
15983,482;76
15984,482;11243
15985,482;56
15986,482;79
15987,482;60
15988,482;65
15989,482;73
15990,482;11207
15991,482;66
15992,482;73
15993,482;66
15994,482;65
15995,482;76
15996,482;11190
15997,482;66
15998,482;67
15999,482;67
16000,482;74
16001,482;59
16002,482;11203
16003,482;76
16004,482;61
16005,482;67
16006,482;81
16007,482;60
16008,482;11222
16009,482;70
16010,482;66
16011,482;79
16012,482;68
16013,482;80
16014,482;11222
16015,482;70
16016,482;67
16017,482;88
16018,482;80
16019,482;67
16020,482;11236
16021,482;79
16022,482;64
16023,482;74
16024,482;65
16025,482;76
16026,482;11213
16027,482;76
16028,482;68
16029,482;52
16030,482;77
16031,482;67
16032,482;11233
16033,482;73
16034,482;71
16035,482;74
16036,482;76
16037,482;78
16038,482;11221
16039,482;61
16040,482;61
16041,482;59
16042,482;71
16043,482;75
16044,482;11232
16045,482;74
16046,482;82
16047,482;72
16048,482;60
16049,482;75
16050,482;11228
16051,482;70
16052,482;72
16053,482;70
16054,482;55
16055,482;67
16056,482;11248
16057,482;65
16058,482;70
16059,482;76
16060,482;72
16061,612;58
16062,612;11248
16063,612;65
16064,612;65
16065,612;53
16066,612;74
16067,612;75
16068,612;11233
16069,612;68
16070,612;78
16071,612;55
16072,612;72
16073,612;73
16074,612;11258
16075,612;76
16076,612;86
16077,612;86
16078,612;79
16079,612;64
16080,612;11242
16081,612;66
16082,612;93
16083,612;68
16084,612;63
16085,612;78
16086,612;11232
16087,612;81
16088,612;66
16089,612;67
16090,612;83
16091,612;67
16092,612;11238
16093,612;64
16094,612;74
16095,612;75
16096,612;66
16097,612;71
16098,612;11247
16099,612;72
16100,612;56
16101,612;68
16102,612;70
16103,612;82
16104,612;11225
16105,612;79
16106,612;80
16107,612;65
16108,612;92
16109,612;65
16110,612;11210
16111,612;81
16112,612;74
16113,612;69
16114,612;65
16115,612;73
16116,612;11238
16117,612;67
16118,612;68
16119,612;68
16120,612;90
16121,612;80
16122,612;11229
16123,612;73
16124,612;78
16125,612;72
16126,612;63
16127,612;74
16128,612;11225
16129,612;66
16130,612;71
16131,612;83
16132,612;77
16133,612;73
16134,612;11235
16135,612;69
16136,612;70
16137,612;86
16138,612;69
16139,612;46
16140,612;11257
16141,612;90
16142,612;52
16143,612;93
16144,612;71
16145,612;71
16146,612;11239
16147,612;65
16148,612;76
16149,612;63
16150,612;76
16151,612;89
16152,612;11242
16153,612;84
16154,612;74
16155,612;82
16156,612;87
16157,612;63
16158,612;11254
16159,612;71
16160,612;71
16161,612;87
16162,853;64
16163,853;60
16164,853;11244
16165,853;67
16166,853;71
16167,853;65
16168,853;79
16169,853;65
16170,853;11244
16171,853;86
16172,853;59
16173,853;62
16174,853;75
16175,853;72
16176,853;11224
16177,853;89
16178,853;76
16179,853;59
16180,853;90
16181,853;83
16182,853;11257
16183,853;67
16184,853;79
16185,853;68
16186,853;66
16187,853;72
16188,853;11250
16189,853;61
16190,853;74
16191,853;76
16192,853;77
16193,853;77
16194,853;11223
16195,853;81
16196,853;77
16197,853;72
16198,853;83
16199,853;77
16200,853;11225
16201,853;75
16202,853;62
16203,853;60
16204,853;69
16205,853;79
16206,853;11256
16207,853;95
16208,853;73
16209,853;86
16210,853;75
16211,853;74
16212,853;10893
16213,853;69
16214,853;76
16215,853;74
16216,853;83
16217,853;83
16218,853;11197
16219,853;79
16220,853;73
16221,853;65
16222,853;80
16223,853;84
16224,853;11251
16225,853;81
16226,853;71
16227,853;71
16228,853;78
16229,853;71
16230,853;11227
16231,853;61
16232,853;79
16233,853;86
16234,853;82
16235,853;86
16236,853;11221
16237,853;67
16238,853;75
16239,853;78
16240,853;61
16241,853;83
16242,853;11228
16243,853;71
16244,853;73
16245,853;54
16246,853;67
16247,853;85
16248,853;11251
16249,853;73
16250,853;77
16251,853;82
16252,853;66
16253,853;65
16254,853;11240
16255,853;78
16256,853;68
16257,853;74
16258,853;49
16259,853;77
16260,853;11263
16261,853;79
16262,853;65
16263,28;66
16264,28;60
16265,28;90
16266,28;11242
16267,28;74
16268,28;78
16269,28;69
16270,28;86
16271,28;80
16272,28;11252
16273,28;72
16274,28;60
16275,28;49
16276,28;82
16277,28;83
16278,28;11252
16279,28;50
16280,28;68
16281,28;68
16282,28;61
16283,28;99
16284,28;11266
16285,28;61
16286,28;69
16287,28;61
16288,28;74
16289,28;53
16290,28;11264
16291,28;58
16292,28;100
16293,28;82
16294,28;75
16295,28;76
16296,28;11236
16297,28;82
16298,28;72
16299,28;83
16300,28;87
16301,28;84
16302,28;11235
16303,28;76
16304,28;71
16305,28;76
16306,28;78
16307,28;91
16308,28;11245
16309,28;63
16310,28;67
16311,28;79
16312,28;63
16313,28;74
16314,28;11249
16315,28;66
16316,28;89
16317,28;50
16318,28;75
16319,28;80
16320,28;11214
16321,28;68
16322,28;64
16323,28;78
16324,28;79
16325,28;86
16326,28;11229
16327,28;75
16328,28;70
16329,28;78
16330,28;76
16331,28;86
16332,28;11211
16333,28;73
16334,28;68
16335,28;76
16336,28;66
16337,28;66
16338,28;11230
16339,28;72
16340,28;61
16341,28;77
16342,28;70
16343,28;65
16344,28;11208
16345,28;90
16346,28;66
16347,28;73
16348,28;66
16349,28;65
16350,28;11235
16351,28;54
16352,28;60
16353,28;64
16354,28;71
16355,28;90
16356,28;11268
16357,28;51
16358,28;62
16359,28;69
16360,28;76
16361,28;72
16362,28;11266
16363,28;69
16364,15;65
16365,15;69
16366,15;74
16367,15;62
16368,15;11258
16369,15;63
16370,15;76
16371,15;64
16372,15;64
16373,15;73
16374,15;11237
16375,15;73
16376,15;66
16377,15;73
16378,15;84
16379,15;65
16380,15;11230
16381,15;65
16382,15;70
16383,15;76
16384,15;68
16385,15;72
16386,15;11233
16387,15;81
16388,15;74
16389,15;69
16390,15;77
16391,15;66
16392,15;11211
16393,15;69
16394,15;68
16395,15;79
16396,15;76
16397,15;69
16398,15;11224
16399,15;58
16400,15;65
16401,15;58
16402,15;71
16403,15;74
16404,15;11240
16405,15;52
16406,15;47
16407,15;78
16408,15;72
16409,15;73
16410,15;11247
16411,15;77
16412,15;75
16413,15;72
16414,15;81
16415,15;66
16416,15;11242
16417,15;79
16418,15;63
16419,15;64
16420,15;69
16421,15;87
16422,15;11244
16423,15;79
16424,15;70
16425,15;71
16426,15;72
16427,15;58
16428,15;11222
16429,15;64
16430,15;84
16431,15;66
16432,15;69
16433,15;72
16434,15;11243
16435,15;75
16436,15;75
16437,15;65
16438,15;76
16439,15;70
16440,15;11232
16441,15;63
16442,15;69
16443,15;65
16444,15;66
16445,15;81
16446,15;11245
16447,15;68
16448,15;75
16449,15;66
16450,15;57
16451,15;68
16452,15;11229
16453,15;66
16454,15;76
16455,15;62
16456,15;80
16457,15;67
16458,15;11247
16459,15;70
16460,15;58
16461,15;62
16462,15;71
16463,15;64
16464,15;11272
16465,15;77
16466,15;65
16467,15;82
16468,15;79
16469,15;68
16470,15;11252
16471,15;65
16472,15;53
16473,15;67
16474,15;62
16475,15;76
16476,15;11250
16477,15;71
16478,15;54
16479,15;61
16480,15;71
16481,15;60
16482,15;11223
16483,15;68
16484,15;73
16485,15;65
16486,15;71
16487,15;71
16488,15;11248
16489,15;67
16490,15;53
16491,15;73
16492,15;57
16493,15;69
16494,15;11226
16495,15;85
16496,15;71
16497,15;63
16498,15;78
16499,15;69
16500,15;11242
16501,15;67
16502,15;68
16503,15;67
16504,15;61
16505,15;57
16506,15;11212
16507,15;58
16508,15;66
16509,15;60
16510,15;68
16511,15;60
16512,15;11217
16513,15;68
16514,15;68
16515,15;54
16516,15;67
16517,15;60
16518,15;11261
16519,15;59
16520,15;65
16521,15;54
16522,15;63
16523,15;49
16524,15;10900
16525,15;58
16526,15;58
16527,15;70
16528,15;64
16529,15;64
16530,15;11165
16531,15;58
16532,15;72
16533,15;66
16534,15;70
16535,15;60
16536,15;11254
16537,15;54
16538,15;61
16539,15;71
16540,15;57
16541,15;65
16542,15;11229
16543,15;66
16544,15;69
16545,15;66
16546,15;69
16547,15;63
16548,15;11215
16549,15;65
16550,15;75
16551,15;71
16552,15;61
16553,15;65
16554,15;11252
16555,15;57
16556,15;62
16557,15;60
16558,15;67
16559,15;75
16560,15;11242
16561,15;66
16562,15;60
16563,15;67
16564,15;61
16565,15;67
16565,868;11222
16566,868;57
16567,868;69
16568,868;73
16569,868;80
16570,868;62
16571,868;11223
16572,868;56
16573,868;59
16574,868;66
16575,868;54
16576,868;65
16577,868;11237
16578,868;66
16579,868;68
16580,868;71
16581,868;55
16582,868;75
16583,868;11199
16584,868;83
16585,868;73
16586,868;67
16587,868;74
16588,868;72
16589,868;11263
16590,868;50
16591,868;53
16592,868;66
16593,868;66
16594,868;55
16595,868;11277
16596,868;55
16597,868;61
16598,868;54
16599,868;76
16600,868;69
16601,868;11254
16602,868;70
16603,868;51
16604,868;79
16605,868;73
16606,868;72
16607,868;11259
16608,868;65
16609,868;65
16610,868;64
16611,868;68
16612,868;76
16613,868;11248
16614,868;65
16615,868;61
16616,868;70
16617,868;85
16618,868;65
16619,868;11266
16620,868;82
16621,868;65
16622,868;70
16623,868;81
16624,868;61
16625,868;11219
16626,868;74
16627,868;52
16628,868;75
16629,868;81
16630,868;74
16631,868;11252
16632,868;58
16633,868;68
16634,868;67
16635,868;63
16636,868;64
16637,868;11233
16638,868;75
16639,868;80
16640,868;85
16641,868;74
16642,868;77
16643,868;11265
16644,868;62
16645,868;67
16646,868;71
16647,868;59
16648,868;70
16649,868;11204
16650,868;64
16651,868;57
16652,868;86
16653,868;64
16654,868;80
16655,868;11237
16656,868;72
16657,868;67
16658,868;76
16659,868;70
16660,868;64
16661,868;11224
16662,868;64
16663,868;76
16664,868;70
16665,868;77
16667,469;80
16668,469;11249
16669,469;64
16670,469;86
16671,469;74
16672,469;71
16673,469;70
16674,469;11226
16675,469;75
16676,469;82
16677,469;75
16678,469;62
16679,469;61
16680,469;11238
16681,469;72
16682,469;79
16683,469;58
16684,469;68
16685,469;69
16686,469;11224
16687,469;54
16688,469;73
16689,469;72
16690,469;84
16691,469;69
16692,469;11248
16693,469;84
16694,469;62
16695,469;53
16696,469;70
16697,469;75
16698,469;11254
16699,469;60
16700,469;70
16701,469;63
16702,469;69
16703,469;75
16704,469;11263
16705,469;65
16706,469;61
16707,469;80
16708,469;62
16709,469;71
16710,469;11230
16711,469;71
16712,469;66
16713,469;68
16714,469;87
16715,469;71
16716,469;11224
16717,469;62
16718,469;77
16719,469;91
16720,469;63
16721,469;74
16722,469;11242
16723,469;68
16724,469;60
16725,469;76
16726,469;81
16727,469;78
16728,469;11226
16729,469;80
16730,469;51
16731,469;72
16732,469;68
16733,469;69
16734,469;11254
16735,469;74
16736,469;59
16737,469;68
16738,469;83
16739,469;79
16740,469;11240
16741,469;73
16742,469;63
16743,469;67
16744,469;64
16745,469;87
16746,469;11248
16747,469;97
16748,469;74
16749,469;64
16750,469;58
16751,469;79
16752,469;11216
16753,469;61
16754,469;59
16755,469;84
16756,469;80
16757,469;71
16758,469;11233
16759,469;61
16760,469;62
16761,469;70
16762,469;76
16763,469;67
16764,469;11219
16765,469;56
16766,469;72
16767,469;67
16768,313;75
16769,313;60
16770,313;11273
16771,313;62
16772,313;62
16773,313;74
16774,313;79
16775,313;75
16776,313;11234
16777,313;78
16778,313;66
16779,313;71
16780,313;66
16781,313;64
16782,313;11243
16783,313;67
16784,313;83
16785,313;76
16786,313;81
16787,313;69
16788,313;11227
16789,313;86
16790,313;67
16791,313;69
16792,313;80
16793,313;96
16794,313;11212
16795,313;73
16796,313;70
16797,313;63
16798,313;83
16799,313;74
16800,313;11251
16801,313;76
16802,313;65
16803,313;85
16804,313;83
16805,313;79
16806,313;11196
16807,313;72
16808,313;61
16809,313;78
16810,313;78
16811,313;58
16812,313;11244
16813,313;53
16814,313;66
16815,313;76
16816,313;67
16817,313;75
16818,313;11210
16819,313;86
16820,313;69
16821,313;75
16822,313;77
16823,313;74
16824,313;11272
16825,313;61
16826,313;87
16827,313;82
16828,313;82
16829,313;63
16830,313;11256
16831,313;74
16832,313;76
16833,313;73
16834,313;77
16835,313;85
16836,313;10915
16837,313;59
16838,313;80
16839,313;69
16840,313;70
16841,313;68
16842,313;11185
16843,313;61
16844,313;81
16845,313;75
16846,313;74
16847,313;79
16848,313;11247
16849,313;69
16850,313;73
16851,313;63
16852,313;63
16853,313;81
16854,313;11289
16855,313;90
16856,313;72
16857,313;77
16858,313;79
16859,313;77
16860,313;11264
16861,313;70
16862,313;86
16863,313;73
16864,313;90
16865,313;78
16866,313;11276
16867,313;74
16868,313;67
16869,042;75
16870,042;89
16871,042;65
16872,042;11278
16873,042;67
16874,042;73
16875,042;73
16876,042;84
16877,042;77
16878,042;11266
16879,042;80
16880,042;74
16881,042;76
16882,042;85
16883,042;92
16884,042;11253
16885,042;59
16886,042;86
16887,042;76
16888,042;79
16889,042;89
16890,042;11266
16891,042;57
16892,042;56
16893,042;74
16894,042;76
16895,042;88
16896,042;11263
16897,042;70
16898,042;58
16899,042;71
16900,042;75
16901,042;79
16902,042;11252
16903,042;76
16904,042;80
16905,042;74
16906,042;94
16907,042;73
16908,042;11255
16909,042;67
16910,042;75
16911,042;64
16912,042;82
16913,042;69
16914,042;11262
16915,042;84
16916,042;68
16917,042;73
16918,042;64
16919,042;82
16920,042;11276
16921,042;69
16922,042;69
16923,042;65
16924,042;75
16925,042;67
16926,042;11190
16927,042;88
16928,042;67
16929,042;56
16930,042;77
16931,042;73
16932,042;11281
16933,042;74
16934,042;65
16935,042;61
16936,042;65
16937,042;82
16938,042;11255
16939,042;57
16940,042;78
16941,042;84
16942,042;78
16943,042;74
16944,042;11258
16945,042;75
16946,042;58
16947,042;73
16948,042;69
16949,042;73
16950,042;11229
16951,042;68
16952,042;58
16953,042;83
16954,042;67
16955,042;62
16956,042;11249
16957,042;73
16958,042;59
16959,042;65
16960,042;67
16961,042;75
16962,042;11239
16963,042;77
16964,042;61
16965,042;96
16966,042;68
16967,042;73
16968,042;11257
16969,042;81
16970,042;68
16971,042;70
16972,042;80
16973,042;79
16974,042;11279
16975,042;68
16976,042;70
16977,042;85
16978,042;70
16979,042;63
16980,042;11242
16981,042;71
16982,042;66
16983,042;59
16984,042;75
16985,042;70
16986,042;11275
16987,042;67
16988,042;72
16989,042;75
16990,042;83
16991,042;71
16992,042;11232
16993,042;80
16994,042;58
16995,042;58
16996,042;62
16997,042;60
16998,042;11266
16999,042;61
17000,042;76
17001,042;67
17002,042;63
17003,042;83
17004,042;11256
17005,042;76
17006,042;64
17007,042;58
17008,042;81
17009,042;65
17010,042;11254
17011,042;67
17012,042;64
17013,042;77
17014,042;83
17015,042;75
17016,042;11256
17017,042;82
17018,042;57
17019,042;69
17020,042;70
17021,042;76
17022,042;11272
17023,042;46
17024,042;63
17025,042;72
17026,042;66
17027,042;63
17028,042;11221
17029,042;65
17030,042;51
17031,042;67
17032,042;74
17033,042;70
17034,042;11232
17035,042;60
17036,042;61
17037,042;71
17038,042;77
17039,042;73
17040,042;11227
17041,042;62
17042,042;62
17043,042;86
17044,042;65
17045,042;73
17046,042;11259
17047,042;71
17048,042;73
17049,042;66
17050,042;63
17051,042;71
17052,042;11247
17053,042;75
17054,042;67
17055,042;61
17056,042;66
17057,042;69
17058,042;11251
17059,042;71
17060,042;70
17061,042;79
17062,042;73
17063,042;69
17064,042;11230
17065,042;76
17066,042;67
17067,042;84
17068,042;82
17069,042;77
17070,042;11242
17071,309;63
17072,309;74
17073,309;75
17074,309;71
17075,309;80
17076,309;11255
17077,309;63
17078,309;61
17079,309;65
17080,309;79
17081,309;78
17082,309;11260
17083,309;68
17084,309;72
17085,309;77
17086,309;71
17087,309;80
17088,309;11249
17089,309;81
17090,309;77
17091,309;73
17092,309;74
17093,309;65
17094,309;11245
17095,309;60
17096,309;59
17097,309;59
17098,309;61
17099,309;60
17100,309;11225
17101,309;55
17102,309;58
17103,309;69
17104,309;62
17105,309;74
17106,309;11231
17107,309;67
17108,309;59
17109,309;80
17110,309;54
17111,309;65
17112,309;11219
17113,309;58
17114,309;67
17115,309;77
17116,309;57
17117,309;75
17118,309;11244
17119,309;62
17120,309;63
17121,309;72
17122,309;70
17123,309;56
17124,309;11253
17125,309;58
17126,309;53
17127,309;74
17128,309;56
17129,309;65
17130,309;11216
17131,309;66
17132,309;54
17133,309;57
17134,309;75
17135,309;56
17136,309;11222
17137,309;69
17138,309;59
17139,309;53
17140,309;70
17141,309;54
17142,309;11236
17143,309;69
17144,309;55
17145,309;71
17146,309;65
17147,309;56
17148,309;10916
17149,309;65
17150,309;52
17151,309;53
17152,309;59
17153,309;66
17154,309;11175
17155,309;70
17156,309;56
17157,309;59
17158,309;73
17159,309;49
17160,309;11229
17161,309;60
17162,309;60
17163,309;62
17164,309;63
17165,309;58
17166,309;11244
17167,309;72
17168,309;53
17169,309;53
17170,309;64
17171,309;78
17172,04;11270
17173,04;62
17174,04;60
17175,04;72
17176,04;72
17177,04;79
17178,04;11217
17179,04;67
17180,04;50
17181,04;58
17182,04;55
17183,04;67
17184,04;11213
17185,04;67
17186,04;67
17187,04;62
17188,04;65
17189,04;62
17190,04;11243
17191,04;66
17192,04;68
17193,04;66
17194,04;71
17195,04;73
17196,04;11230
17197,04;64
17198,04;64
17199,04;63
17200,04;70
17201,04;55
17202,04;11244
17203,04;71
17204,04;67
17205,04;70
17206,04;78
17207,04;67
17208,04;11250
17209,04;77
17210,04;72
17211,04;59
17212,04;60
17213,04;93
17214,04;11242
17215,04;54
17216,04;57
17217,04;56
17218,04;65
17219,04;59
17220,04;11236
17221,04;66
17222,04;59
17223,04;59
17224,04;73
17225,04;56
17226,04;11242
17227,04;63
17228,04;78
17229,04;71
17230,04;80
17231,04;65
17232,04;11248
17233,04;60
17234,04;72
17235,04;62
17236,04;66
17237,04;74
17238,04;11231
17239,04;69
17240,04;89
17241,04;68
17242,04;75
17243,04;75
17244,04;11218
17245,04;74
17246,04;77
17247,04;70
17248,04;58
17249,04;71
17250,04;11266
17251,04;62
17252,04;75
17253,04;63
17254,04;70
17255,04;103
17256,04;11258
17257,04;80
17258,04;62
17259,04;72
17260,04;69
17261,04;56
17262,04;11276
17263,04;73
17264,04;58
17265,04;80
17266,04;73
17267,04;68
17268,04;11236
17269,04;70
17270,04;57
17271,04;63
17272,04;68
17272,77;63
17273,77;11245
17274,77;75
17275,77;70
17276,77;59
17277,77;75
17278,77;72
17279,77;11248
17280,77;83
17281,77;72
17282,77;64
17283,77;67
17284,77;75
17285,77;11279
17286,77;59
17287,77;67
17288,77;85
17289,77;88
17290,77;70
17291,77;11255
17292,77;65
17293,77;68
17294,77;73
17295,77;73
17296,77;79
17297,77;11266
17298,77;72
17299,77;70
17300,77;84
17301,77;75
17302,77;72
17303,77;11243
17304,77;75
17305,77;60
17306,77;67
17307,77;55
17308,77;76
17309,77;11267
17310,77;74
17311,77;66
17312,77;77
17313,77;65
17314,77;64
17315,77;11237
17316,77;61
17317,77;82
17318,77;76
17319,77;63
17320,77;79
17321,77;11268
17322,77;78
17323,77;68
17324,77;72
17325,77;71
17326,77;67
17327,77;11247
17328,77;70
17329,77;82
17330,77;60
17331,77;94
17332,77;60
17333,77;11246
17334,77;75
17335,77;89
17336,77;67
17337,77;85
17338,77;71
17339,77;11234
17340,77;69
17341,77;76
17342,77;64
17343,77;82
17344,77;72
17345,77;11259
17346,77;66
17347,77;74
17348,77;74
17349,77;85
17350,77;67
17351,77;11265
17352,77;76
17353,77;61
17354,77;78
17355,77;77
17356,77;92
17357,77;11249
17358,77;78
17359,77;57
17360,77;68
17361,77;65
17362,77;83
17363,77;11282
17364,77;57
17365,77;76
17366,77;77
17367,77;79
17368,77;71
17369,77;11278
17370,77;62
17371,77;71
17372,77;56
17375,86;75
17376,86;83
17377,86;11215
17378,86;64
17379,86;55
17380,86;76
17381,86;64
17382,86;80
17383,86;11280
17384,86;59
17385,86;68
17386,86;83
17387,86;79
17388,86;52
17389,86;11252
17390,86;87
17391,86;57
17392,86;80
17393,86;84
17394,86;79
17395,86;11281
17396,86;75
17397,86;81
17398,86;73
17399,86;61
17400,86;82
17401,86;11264
17402,86;94
17403,86;75
17404,86;66
17405,86;72
17406,86;76
17407,86;11263
17408,86;70
17409,86;76
17410,86;69
17411,86;73
17412,86;82
17413,86;11246
17414,86;93
17415,86;69
17416,86;78
17417,86;91
17418,86;73
17419,86;11277
17420,86;63
17421,86;75
17422,86;89
17423,86;76
17424,86;69
17425,86;11275
17426,86;81
17427,86;50
17428,86;89
17429,86;71
17430,86;74
17431,86;11241
17432,86;77
17433,86;76
17434,86;87
17435,86;80
17436,86;66
17437,86;11256
17438,86;95
17439,86;71
17440,86;70
17441,86;69
17442,86;78
17443,86;11262
17444,86;65
17445,86;67
17446,86;69
17447,86;71
17448,86;72
17449,86;11253
17450,86;55
17451,86;74
17452,86;59
17453,86;84
17454,86;70
17455,86;11261
17456,86;58
17457,86;68
17458,86;65
17459,86;78
17460,86;80
17461,86;10911
17462,86;64
17463,86;56
17464,86;79
17465,86;85
17466,86;75
17467,86;11225
17468,86;76
17469,86;91
17470,86;65
17471,86;66
17472,86;76
17473,86;11263
17474,86;63
17475,86;86
17475,57;62
17476,57;87
17477,57;84
17478,57;11266
17479,57;77
17480,57;78
17481,57;75
17482,57;81
17483,57;68
17484,57;11267
17485,57;76
17486,57;86
17487,57;76
17488,57;87
17489,57;82
17490,57;11304
17491,57;71
17492,57;76
17493,57;68
17494,57;76
17495,57;84
17496,57;11290
17497,57;71
17498,57;64
17499,57;66
17500,57;73
17501,57;71
17502,57;11286
17503,57;66
17504,57;75
17505,57;74
17506,57;67
17507,57;77
17508,57;11286
17509,57;77
17510,57;78
17511,57;73
17512,57;75
17513,57;69
17514,57;11236
17515,57;75
17516,57;75
17517,57;77
17518,57;71
17519,57;71
17520,57;11243
17521,57;73
17522,57;58
17523,57;85
17524,57;65
17525,57;63
17526,57;11317
17527,57;66
17528,57;65
17529,57;70
17530,57;83
17531,57;74
17532,57;11254
17533,57;68
17534,57;87
17535,57;73
17536,57;63
17537,57;75
17538,57;11278
17539,57;80
17540,57;76
17541,57;65
17542,57;80
17543,57;62
17544,57;11267
17545,57;68
17546,57;71
17547,57;65
17548,57;69
17549,57;59
17550,57;11255
17551,57;61
17552,57;67
17553,57;70
17554,57;82
17555,57;67
17556,57;11257
17557,57;65
17558,57;77
17559,57;75
17560,57;60
17561,57;79
17562,57;11238
17563,57;59
17564,57;71
17565,57;70
17566,57;64
17567,57;62
17568,57;11246
17569,57;72
17570,57;80
17571,57;56
17572,57;70
17573,57;76
17574,57;11239
17575,57;62
17576,57;83
17577,57;76
17578,57;71
17579,57;74
17580,57;11272
17581,57;63
17582,57;77
17583,57;88
17584,57;70
17585,57;62
17586,57;11245
17587,57;69
17588,57;79
17589,57;63
17590,57;73
17591,57;65
17592,57;11265
17593,57;71
17594,57;65
17595,57;68
17596,57;65
17597,57;52
17598,57;11274
17599,57;66
17600,57;61
17601,57;77
17602,57;84
17603,57;60
17604,57;11234
17605,57;82
17606,57;55
17607,57;59
17608,57;67
17609,57;57
17610,57;11225
17611,57;77
17612,57;68
17613,57;69
17614,57;78
17615,57;71
17616,57;11234
17617,57;65
17618,57;72
17619,57;68
17620,57;90
17621,57;57
17622,57;11265
17623,57;73
17624,57;66
17625,57;65
17626,57;66
17627,57;65
17628,57;11236
17629,57;80
17630,57;59
17631,57;71
17632,57;60
17633,57;71
17634,57;11235
17635,57;58
17636,57;71
17637,57;71
17638,57;55
17639,57;81
17640,57;11242
17641,57;65
17642,57;81
17643,57;68
17644,57;82
17645,57;66
17646,57;11249
17647,57;75
17648,57;73
17649,57;69
17650,57;75
17651,57;62
17652,57;11235
17653,57;74
17654,57;60
17655,57;71
17656,57;83
17657,57;62
17658,57;11270
17659,57;69
17660,57;73
17661,57;88
17662,57;83
17663,57;60
17664,57;11243
17665,57;63
17666,57;66
17667,57;77
17668,57;68
17669,57;70
17670,57;11240
17671,57;82
17672,57;58
17673,57;74
17674,57;67
17675,57;71
17676,57;11233
17677,295;62
17678,295;76
17679,295;69
17680,295;55
17681,295;76
17682,295;11249
17683,295;69
17684,295;65
17685,295;72
17686,295;68
17687,295;88
17688,295;11274
17689,295;77
17690,295;75
17691,295;63
17692,295;69
17693,295;67
17694,295;11210
17695,295;70
17696,295;68
17697,295;74
17698,295;78
17699,295;79
17700,295;11238
17701,295;70
17702,295;60
17703,295;78
17704,295;74
17705,295;66
17706,295;11234
17707,295;60
17708,295;65
17709,295;62
17710,295;56
17711,295;57
17712,295;11238
17713,295;62
17714,295;64
17715,295;63
17716,295;74
17717,295;67
17718,295;11282
17719,295;74
17720,295;70
17721,295;73
17722,295;65
17723,295;75
17724,295;11248
17725,295;70
17726,295;55
17727,295;59
17728,295;64
17729,295;71
17730,295;11250
17731,295;75
17732,295;67
17733,295;50
17734,295;72
17735,295;67
17736,295;11240
17737,295;54
17738,295;58
17739,295;75
17740,295;57
17741,295;56
17742,295;11225
17743,295;54
17744,295;81
17745,295;56
17746,295;59
17747,295;78
17748,295;11250
17749,295;63
17750,295;71
17751,295;53
17752,295;74
17753,295;57
17754,295;11217
17755,295;62
17756,295;74
17757,295;76
17758,295;65
17759,295;69
17760,295;11247
17761,295;74
17762,295;69
17763,295;65
17764,295;79
17765,295;81
17766,295;11265
17767,295;74
17768,295;67
17769,295;62
17770,295;53
17771,295;63
17772,295;10927
17773,295;78
17774,295;66
17775,295;72
17776,295;70
17777,295;63
17778,025;11180
17779,025;68
17780,025;70
17781,025;77
17782,025;79
17783,025;68
17784,025;11267
17785,025;70
17786,025;59
17787,025;53
17788,025;53
17789,025;58
17790,025;11231
17791,025;67
17792,025;62
17793,025;71
17794,025;59
17795,025;57
17796,025;11276
17797,025;59
17798,025;55
17799,025;61
17800,025;63
17801,025;68
17802,025;11237
17803,025;79
17804,025;68
17805,025;66
17806,025;58
17807,025;78
17808,025;11273
17809,025;55
17810,025;80
17811,025;68
17812,025;73
17813,025;67
17814,025;11227
17815,025;46
17816,025;54
17817,025;76
17818,025;66
17819,025;70
17820,025;11224
17821,025;79
17822,025;70
17823,025;79
17824,025;74
17825,025;64
17826,025;11274
17827,025;70
17828,025;72
17829,025;54
17830,025;67
17831,025;66
17832,025;11257
17833,025;66
17834,025;75
17835,025;64
17836,025;70
17837,025;73
17838,025;11259
17839,025;83
17840,025;60
17841,025;73
17842,025;61
17843,025;65
17844,025;11239
17845,025;86
17846,025;61
17847,025;69
17848,025;82
17849,025;65
17850,025;11253
17851,025;62
17852,025;68
17853,025;59
17854,025;77
17855,025;71
17856,025;11226
17857,025;77
17858,025;69
17859,025;76
17860,025;78
17861,025;62
17862,025;11235
17863,025;67
17864,025;58
17865,025;53
17866,025;58
17867,025;59
17868,025;11240
17869,025;79
17870,025;69
17871,025;61
17872,025;69
17873,025;68
17874,025;11233
17875,025;72
17876,025;70
17877,025;62
17878,025;77
17878,576;68
17879,576;11260
17880,576;71
17881,576;72
17882,576;68
17883,576;85
17884,576;62
17885,576;11239
17886,576;64
17887,576;75
17888,576;75
17889,576;65
17890,576;76
17891,576;11234
17892,576;57
17893,576;68
17894,576;81
17895,576;56
17896,576;75
17897,576;11233
17898,576;65
17899,576;71
17900,576;83
17901,576;76
17902,576;58
17903,576;11284
17904,576;68
17905,576;67
17906,576;76
17907,576;67
17908,576;71
17909,576;11257
17910,576;61
17911,576;53
17912,576;79
17913,576;77
17914,576;76
17915,576;11240
17916,576;72
17917,576;74
17918,576;70
17919,576;74
17920,576;65
17921,576;11251
17922,576;67
17923,576;65
17924,576;63
17925,576;62
17926,576;63
17927,576;11232
17928,576;58
17929,576;67
17930,576;75
17931,576;64
17932,576;86
17933,576;11245
17934,576;77
17935,576;65
17936,576;63
17937,576;64
17938,576;73
17939,576;11244
17940,576;65
17941,576;71
17942,576;78
17943,576;75
17944,576;61
17945,576;11266
17946,576;55
17947,576;60
17948,576;74
17949,576;77
17950,576;81
17951,576;11254
17952,576;78
17953,576;70
17954,576;79
17955,576;71
17956,576;73
17957,576;11232
17958,576;68
17959,576;73
17960,576;78
17961,576;75
17962,576;58
17963,576;11267
17964,576;74
17965,576;67
17966,576;66
17967,576;73
17968,576;67
17969,576;11209
17970,576;76
17971,576;62
17972,576;77
17973,576;80
17974,576;66
17975,576;11265
17976,576;74
17977,576;70
17978,576;71
17979,464;58
17980,464;78
17981,464;11261
17982,464;75
17983,464;51
17984,464;75
17985,464;79
17986,464;77
17987,464;11266
17988,464;78
17989,464;58
17990,464;63
17991,464;77
17992,464;64
17993,464;11265
17994,464;80
17995,464;63
17996,464;50
17997,464;64
17998,464;70
17999,464;11251
18000,464;74
18001,464;78
18002,464;70
18003,464;69
18004,464;57
18005,464;11269
18006,464;75
18007,464;84
18008,464;66
18009,464;85
18010,464;82
18011,464;11300
18012,464;83
18013,464;77
18014,464;72
18015,464;70
18016,464;68
18017,464;11262
18018,464;76
18019,464;82
18020,464;72
18021,464;88
18022,464;74
18023,464;11273
18024,464;50
18025,464;68
18026,464;76
18027,464;77
18028,464;65
18029,464;11260
18030,464;59
18031,464;73
18032,464;73
18033,464;77
18034,464;69
18035,464;11232
18036,464;71
18037,464;73
18038,464;68
18039,464;80
18040,464;87
18041,464;11268
18042,464;59
18043,464;71
18044,464;77
18045,464;79
18046,464;69
18047,464;11302
18048,464;63
18049,464;68
18050,464;87
18051,464;71
18052,464;71
18053,464;11288
18054,464;64
18055,464;64
18056,464;73
18057,464;85
18058,464;66
18059,464;11253
18060,464;68
18061,464;69
18062,464;74
18063,464;76
18064,464;81
18065,464;11273
18066,464;63
18067,464;77
18068,464;92
18069,464;75
18070,464;65
18071,464;11249
18072,464;74
18073,464;67
18074,464;74
18075,464;66
18076,464;61
18077,464;11254
18078,464;61
18079,464;77
18081,464;82
18082,464;82
18083,464;79
18084,464;10932
18085,464;69
18086,464;74
18087,464;72
18088,464;79
18089,464;75
18090,464;11172
18091,464;77
18092,464;75
18093,464;76
18094,464;76
18095,464;60
18096,464;11221
18097,464;62
18098,464;97
18099,464;70
18100,464;75
18101,464;72
18102,464;11264
18103,464;66
18104,464;79
18105,464;72
18106,464;84
18107,464;77
18108,464;11261
18109,464;77
18110,464;76
18111,464;79
18112,464;77
18113,464;53
18114,464;11267
18115,464;68
18116,464;84
18117,464;74
18118,464;68
18119,464;78
18120,464;11261
18121,464;75
18122,464;75
18123,464;81
18124,464;77
18125,464;98
18126,464;11277
18127,464;87
18128,464;86
18129,464;67
18130,464;79
18131,464;71
18132,464;11269
18133,464;70
18134,464;74
18135,464;80
18136,464;64
18137,464;63
18138,464;11234
18139,464;74
18140,464;75
18141,464;61
18142,464;76
18143,464;61
18144,464;11263
18145,464;97
18146,464;74
18147,464;66
18148,464;65
18149,464;75
18150,464;11267
18151,464;76
18152,464;82
18153,464;64
18154,464;62
18155,464;60
18156,464;11255
18157,464;76
18158,464;67
18159,464;64
18160,464;72
18161,464;72
18162,464;11236
18163,464;69
18164,464;72
18165,464;63
18166,464;79
18167,464;75
18168,464;11238
18169,464;90
18170,464;59
18171,464;83
18172,464;81
18173,464;74
18174,464;11251
18175,464;82
18176,464;68
18177,464;92
18178,464;58
18179,464;78
18180,464;11250
18181,464;72
18182,117;79
18183,117;79
18184,117;66
18185,117;71
18186,117;11263
18187,117;66
18188,117;58
18189,117;64
18190,117;82
18191,117;75
18192,117;11220
18193,117;73
18194,117;65
18195,117;70
18196,117;61
18197,117;61
18198,117;11239
18199,117;81
18200,117;58
18201,117;68
18202,117;77
18203,117;72
18204,117;11224
18205,117;62
18206,117;70
18207,117;67
18208,117;62
18209,117;63
18210,117;11243
18211,117;78
18212,117;62
18213,117;56
18214,117;63
18215,117;81
18216,117;11233
18217,117;63
18218,117;74
18219,117;75
18220,117;66
18221,117;71
18222,117;11252
18223,117;83
18224,117;63
18225,117;79
18226,117;67
18227,117;67
18228,117;11237
18229,117;71
18230,117;72
18231,117;78
18232,117;63
18233,117;59
18234,117;11264
18235,117;87
18236,117;69
18237,117;72
18238,117;62
18239,117;71
18240,117;11222
18241,117;65
18242,117;52
18243,117;64
18244,117;83
18245,117;75
18246,117;11215
18247,117;80
18248,117;68
18249,117;64
18250,117;69
18251,117;71
18252,117;11282
18253,117;82
18254,117;62
18255,117;57
18256,117;74
18257,117;84
18258,117;11225
18259,117;64
18260,117;55
18261,117;63
18262,117;75
18263,117;67
18264,117;11249
18265,117;72
18266,117;74
18267,117;66
18268,117;64
18269,117;74
18270,117;11232
18271,117;63
18272,117;75
18273,117;76
18274,117;81
18275,117;76
18276,117;11247
18277,117;65
18278,117;64
18279,117;71
18280,117;73
18281,117;70
18282,117;11232
18283,191;70
18284,191;74
18285,191;59
18286,191;66
18287,191;65
18288,191;11223
18289,191;71
18290,191;54
18291,191;59
18292,191;82
18293,191;70
18294,191;11223
18295,191;62
18296,191;69
18297,191;58
18298,191;73
18299,191;71
18300,191;11236
18301,191;60
18302,191;68
18303,191;55
18304,191;73
18305,191;81
18306,191;11226
18307,191;73
18308,191;80
18309,191;60
18310,191;66
18311,191;71
18312,191;11225
18313,191;60
18314,191;55
18315,191;65
18316,191;54
18317,191;82
18318,191;11244
18319,191;72
18320,191;67
18321,191;71
18322,191;73
18323,191;76
18324,191;11210
18325,191;61
18326,191;59
18327,191;69
18328,191;70
18329,191;83
18330,191;11219
18331,191;77
18332,191;72
18333,191;64
18334,191;65
18335,191;78
18336,191;11253
18337,191;61
18338,191;64
18339,191;70
18340,191;58
18341,191;69
18342,191;11209
18343,191;69
18344,191;58
18345,191;68
18346,191;63
18347,191;66
18348,191;11240
18349,191;60
18350,191;58
18351,191;65
18352,191;64
18353,191;54
18354,191;11231
18355,191;59
18356,191;70
18357,191;59
18358,191;72
18359,191;56
18360,191;11221
18361,191;65
18362,191;64
18363,191;62
18364,191;64
18365,191;75
18366,191;11228
18367,191;75
18368,191;55
18369,191;57
18370,191;58
18371,191;62
18372,191;11235
18373,191;72
18374,191;67
18375,191;57
18376,191;70
18377,191;70
18378,191;11224
18379,191;82
18380,191;70
18381,191;61
18382,191;51
18383,191;56
18384,441;11212
18385,441;54
18386,441;57
18387,441;59
18388,441;67
18389,441;60
18390,441;11218
18391,441;51
18392,441;58
18393,441;57
18394,441;53
18395,441;62
18396,441;10935
18397,441;63
18398,441;64
18399,441;56
18400,441;69
18401,441;64
18402,441;11147
18403,441;60
18404,441;66
18405,441;61
18406,441;61
18407,441;61
18408,441;11227
18409,441;84
18410,441;61
18411,441;64
18412,441;77
18413,441;69
18414,441;11222
18415,441;64
18416,441;65
18417,441;72
18418,441;59
18419,441;59
18420,441;11221
18421,441;67
18422,441;63
18423,441;55
18424,441;74
18425,441;60
18426,441;11226
18427,441;69
18428,441;69
18429,441;51
18430,441;62
18431,441;67
18432,441;11181
18433,441;66
18434,441;74
18435,441;58
18436,441;80
18437,441;73
18438,441;11210
18439,441;63
18440,441;61
18441,441;54
18442,441;66
18443,441;72
18444,441;11235
18445,441;58
18446,441;73
18447,441;72
18448,441;57
18449,441;67
18450,441;11247
18451,441;59
18452,441;74
18453,441;71
18454,441;84
18455,441;72
18456,441;11228
18457,441;63
18458,441;61
18459,441;61
18460,441;81
18461,441;57
18462,441;11219
18463,441;78
18464,441;63
18465,441;70
18466,441;77
18467,441;82
18468,441;11229
18469,441;67
18470,441;62
18471,441;74
18472,441;75
18473,441;58
18474,441;11226
18475,441;73
18476,441;75
18477,441;68
18478,441;78
18479,441;66
18480,441;11234
18481,441;69
18482,441;68
18483,441;75
18484,441;66
18485,305;72
18486,305;11253
18487,305;53
18488,305;83
18489,305;64
18490,305;74
18491,305;69
18492,305;11248
18493,305;71
18494,305;77
18495,305;67
18496,305;83
18497,305;73
18498,305;11258
18499,305;70
18500,305;65
18501,305;67
18502,305;76
18503,305;80
18504,305;11244
18505,305;64
18506,305;59
18507,305;65
18508,305;64
18509,305;58
18510,305;11224
18511,305;60
18512,305;61
18513,305;70
18514,305;70
18515,305;63
18516,305;11225
18517,305;72
18518,305;54
18519,305;78
18520,305;75
18521,305;68
18522,305;11266
18523,305;63
18524,305;67
18525,305;66
18526,305;73
18527,305;67
18528,305;11252
18529,305;73
18530,305;70
18531,305;62
18532,305;57
18533,305;86
18534,305;11240
18535,305;81
18536,305;79
18537,305;82
18538,305;71
18539,305;77
18540,305;11233
18541,305;65
18542,305;81
18543,305;71
18544,305;72
18545,305;65
18546,305;11260
18547,305;77
18548,305;75
18549,305;60
18550,305;72
18551,305;76
18552,305;11217
18553,305;64
18554,305;77
18555,305;61
18556,305;69
18557,305;48
18558,305;11271
18559,305;57
18560,305;61
18561,305;69
18562,305;81
18563,305;73
18564,305;11271
18565,305;88
18566,305;77
18567,305;58
18568,305;70
18569,305;78
18570,305;11275
18571,305;64
18572,305;57
18573,305;79
18574,305;86
18575,305;68
18576,305;11246
18577,305;77
18578,305;71
18579,305;63
18580,305;60
18581,305;85
18582,305;11260
18583,305;84
18584,305;62
18585,305;83
18586,305;73
18587,305;68
18588,305;11244
18589,305;73
18590,305;72
18591,305;79
18592,305;74
18593,305;60
18594,305;11234
18595,305;67
18596,305;76
18597,305;73
18598,305;75
18599,305;69
18600,305;11216
18601,305;75
18602,305;76
18603,305;74
18604,305;67
18605,305;75
18606,305;11269
18607,305;76
18608,305;70
18609,305;67
18610,305;69
18611,305;78
18612,305;11253
18613,305;73
18614,305;78
18615,305;75
18616,305;75
18617,305;67
18618,305;11230
18619,305;61
18620,305;63
18621,305;72
18622,305;77
18623,305;73
18624,305;11233
18625,305;81
18626,305;56
18627,305;69
18628,305;97
18629,305;63
18630,305;11249
18631,305;62
18632,305;76
18633,305;81
18634,305;73
18635,305;90
18636,305;11293
18637,305;60
18638,305;63
18639,305;68
18640,305;90
18641,305;71
18642,305;11245
18643,305;80
18644,305;66
18645,305;67
18646,305;67
18647,305;81
18648,305;11265
18649,305;90
18650,305;83
18651,305;79
18652,305;73
18653,305;63
18654,305;11243
18655,305;76
18656,305;68
18657,305;63
18658,305;80
18659,305;90
18660,305;11257
18661,305;69
18662,305;76
18663,305;63
18664,305;69
18665,305;64
18666,305;11231
18667,305;78
18668,305;64
18669,305;63
18670,305;71
18671,305;96
18672,305;11228
18673,305;65
18674,305;66
18675,305;65
18676,305;72
18677,305;64
18678,305;11261
18679,305;63
18680,305;70
18681,305;63
18682,305;81
18683,305;79
18684,305;11243
18685,305;76
18686,305;57
18686,853;68
18687,853;77
18688,853;82
18689,853;11235
18690,853;85
18691,853;54
18692,853;80
18693,853;86
18694,853;88
18695,853;11258
18696,853;63
18697,853;71
18698,853;80
18699,853;78
18700,853;70
18701,853;11260
18702,853;68
18703,853;69
18704,853;67
18705,853;74
18706,853;87
18707,853;10896
18708,853;71
18709,853;57
18710,853;80
18711,853;71
18712,853;85
18713,853;11161
18714,853;75
18715,853;64
18716,853;81
18717,853;82
18718,853;83
18719,853;11247
18720,853;60
18721,853;66
18722,853;58
18723,853;72
18724,853;73
18725,853;11221
18726,853;73
18727,853;76
18728,853;63
18729,853;61
18730,853;87
18731,853;11254
18732,853;84
18733,853;55
18734,853;92
18735,853;102
18736,853;79
18737,853;11236
18738,853;67
18739,853;78
18740,853;80
18741,853;60
18742,853;69
18743,853;11268
18744,853;73
18745,853;77
18746,853;58
18747,853;79
18748,853;64
18749,853;11247
18750,853;66
18751,853;79
18752,853;65
18753,853;67
18754,853;64
18755,853;11231
18756,853;77
18757,853;58
18758,853;61
18759,853;70
18760,853;66
18761,853;11228
18762,853;62
18763,853;72
18764,853;71
18765,853;67
18766,853;67
18767,853;11255
18768,853;69
18769,853;74
18770,853;82
18771,853;70
18772,853;73
18773,853;11198
18774,853;68
18775,853;71
18776,853;74
18777,853;74
18778,853;79
18779,853;11210
18780,853;74
18781,853;56
18782,853;77
18783,853;82
18784,853;70
18785,853;11235
18786,853;82
18788,503;63
18789,503;76
18790,503;86
18791,503;66
18792,503;11209
18793,503;56
18794,503;69
18795,503;70
18796,503;75
18797,503;70
18798,503;11216
18799,503;77
18800,503;82
18801,503;70
18802,503;69
18803,503;85
18804,503;11232
18805,503;65
18806,503;65
18807,503;57
18808,503;85
18809,503;79
18810,503;11210
18811,503;73
18812,503;69
18813,503;71
18814,503;78
18815,503;71
18816,503;11216
18817,503;61
18818,503;68
18819,503;71
18820,503;65
18821,503;83
18822,503;11211
18823,503;75
18824,503;78
18825,503;80
18826,503;68
18827,503;85
18828,503;11249
18829,503;82
18830,503;63
18831,503;68
18832,503;66
18833,503;58
18834,503;11229
18835,503;76
18836,503;87
18837,503;78
18838,503;73
18839,503;74
18840,503;11200
18841,503;64
18842,503;57
18843,503;77
18844,503;64
18845,503;73
18846,503;11232
18847,503;75
18848,503;74
18849,503;66
18850,503;73
18851,503;71
18852,503;11226
18853,503;67
18854,503;78
18855,503;73
18856,503;55
18857,503;85
18858,503;11229
18859,503;66
18860,503;68
18861,503;71
18862,503;69
18863,503;74
18864,503;11229
18865,503;58
18866,503;74
18867,503;81
18868,503;73
18869,503;63
18870,503;11215
18871,503;58
18872,503;65
18873,503;53
18874,503;72
18875,503;68
18876,503;11182
18877,503;75
18878,503;77
18879,503;63
18880,503;70
18881,503;80
18882,503;11239
18883,503;63
18884,503;64
18885,503;65
18886,503;80
18887,503;73
18888,503;11200
18889,453;71
18890,453;56
18891,453;64
18892,453;74
18893,453;58
18894,453;11235
18895,453;66
18896,453;60
18897,453;68
18898,453;59
18899,453;71
18900,453;11213
18901,453;66
18902,453;69
18903,453;53
18904,453;80
18905,453;77
18906,453;11215
18907,453;75
18908,453;50
18909,453;53
18910,453;85
18911,453;60
18912,453;11196
18913,453;74
18914,453;71
18915,453;69
18916,453;70
18917,453;86
18918,453;11233
18919,453;70
18920,453;54
18921,453;65
18922,453;68
18923,453;73
18924,453;11229
18925,453;68
18926,453;61
18927,453;66
18928,453;68
18929,453;74
18930,453;11225
18931,453;74
18932,453;55
18933,453;76
18934,453;73
18935,453;66
18936,453;11211
18937,453;85
18938,453;65
18939,453;59
18940,453;66
18941,453;61
18942,453;11213
18943,453;69
18944,453;55
18945,453;71
18946,453;83
18947,453;67
18948,453;11243
18949,453;63
18950,453;68
18951,453;70
18952,453;78
18953,453;75
18954,453;11228
18955,453;98
18956,453;76
18957,453;63
18958,453;65
18959,453;62
18960,453;11245
18961,453;69
18962,453;73
18963,453;64
18964,453;61
18965,453;68
18966,453;11242
18967,453;69
18968,453;60
18969,453;66
18970,453;72
18971,453;68
18972,453;11243
18973,453;72
18974,453;57
18975,453;67
18976,453;68
18977,453;69
18978,453;11245
18979,453;64
18980,453;62
18981,453;83
18982,453;58
18983,453;73
18984,453;11224
18985,453;81
18986,453;60
18987,453;51
18988,453;46
18989,453;61
18990,425;11208
18991,425;68
18992,425;68
18993,425;61
18994,425;60
18995,425;60
18996,425;11195
18997,425;72
18998,425;52
18999,425;71
19000,425;55
19001,425;66
19002,425;11222
19003,425;60
19004,425;60
19005,425;56
19006,425;71
19007,425;71
19008,425;11206
19009,425;72
19010,425;69
19011,425;67
19012,425;74
19013,425;58
19014,425;11208
19015,425;59
