2614,222;103
2615,222;7900
2616,222;92
2617,222;80
2618,222;90
2619,222;89
2620,222;4075
2621,222;8424
2622,222;76
2623,222;81
2624,222;94
2625,222;105
2626,222;4974
2627,222;8415
2628,222;82
2628,33;95
2629,33;98
2630,33;98
2631,33;5148
2632,33;8392
2633,33;82
2634,33;95
2635,33;89
2636,33;100
2637,33;5221
2638,33;8362
2639,33;74
2640,33;89
2641,33;89
2642,33;94
2643,33;5239
2644,33;8303
2645,33;76
2646,33;95
2647,33;72
2648,33;104
2649,33;5171
2650,33;8343
2651,33;81
2652,33;79
2653,33;103
2654,33;84
2655,33;5190
2656,33;8312
2657,33;86
2658,33;76
2659,33;95
2660,33;89
2661,33;5150
2662,33;8332
2663,33;94
2664,33;93
2665,33;78
2666,33;99
2667,33;5235
2668,33;8245
2669,33;76
2670,33;96
2671,33;109
2672,33;86
2673,33;5155
2674,33;8307
2675,33;90
2676,33;88
2677,33;86
2678,33;95
2679,33;5178
2680,33;8311
2681,33;97
2682,33;86
2683,33;103
2684,33;92
2685,33;5181
2686,33;8323
2687,33;89
2688,33;95
2689,33;93
2690,33;104
2691,33;5161
2692,33;8331
2693,33;91
2694,33;88
2695,33;109
2696,33;84
2697,33;5172
2698,33;8322
2699,33;82
2700,33;96
2701,33;99
2702,33;99
2703,33;5153
2704,33;8315
2705,33;85
2706,33;86
2707,33;102
2708,33;102
2709,33;5166
2710,33;8292
2711,33;88
2712,33;93
2713,33;93
2714,33;102
2715,33;5161
2716,33;8281
2717,33;88
2718,33;101
2719,33;93
2720,33;102
2721,33;5155
2722,33;8315
2723,33;90
2724,33;110
2725,33;104
2726,33;95
2727,33;5071
2728,33;8297
2729,744;79
2730,744;88
2731,744;88
2732,744;89
2733,744;5140
2734,744;8294
2735,744;93
2736,744;100
2737,744;95
2738,744;103
2739,744;5150
2740,744;8326
2741,744;78
2742,744;91
2743,744;102
2744,744;109
2745,744;5144
2746,744;8270
2747,744;85
2748,744;97
2749,744;102
2750,744;94
2751,744;5114
2752,744;8324
2753,744;102
2754,744;108
2755,744;96
2756,744;102
2757,744;5122
2758,744;8276
2759,744;84
2760,744;86
2761,744;105
2762,744;104
2763,744;5131
2764,744;8264
2765,744;91
2766,744;77
2767,744;83
2768,744;101
2769,744;5122
2770,744;8293
2771,744;69
2772,744;93
2773,744;96
2774,744;94
2775,744;5138
2776,744;8270
2777,744;80
2778,744;91
2779,744;96
2780,744;108
2781,744;5143
2782,744;8282
2783,744;110
2784,744;85
2785,744;87
2786,744;95
2787,744;5122
2788,744;8317
2789,744;83
2790,744;87
2791,744;106
2792,744;113
2793,744;5137
2794,744;8248
2795,744;84
2796,744;89
2797,744;112
2798,744;95
2799,744;5104
2800,744;8282
2801,744;92
2802,744;99
2803,744;107
2804,744;101
2805,744;5166
2806,744;8213
2807,744;83
2808,744;99
2809,744;98
2810,744;92
2811,744;5082
2812,744;8271
2813,744;81
2814,744;88
2815,744;104
2816,744;94
2817,744;5106
2818,744;8291
2819,744;99
2820,744;104
2821,744;83
2822,744;83
2823,744;5099
2824,744;8280
2825,744;87
2826,744;108
2827,744;93
2828,744;92
2829,744;5113
2830,744;8244
2831,744;80
2832,744;91
2833,744;89
2834,744;84
2835,744;5102
2836,744;8249
2837,744;91
2838,744;103
2839,744;97
2840,744;82
2841,744;5116
2842,744;8278
2843,744;87
2844,744;66
2845,744;88
2846,744;89
2847,744;5064
2848,744;8254
2849,744;85
2850,744;86
2851,744;75
2852,744;89
2853,744;5105
2854,744;8251
2855,744;75
2856,744;88
2857,744;72
2858,744;81
2859,744;5111
2860,744;8248
2861,744;83
2862,744;91
2863,744;88
2864,744;82
2865,744;5107
2866,744;8289
2867,744;89
2868,744;76
2869,744;74
2870,744;72
2871,744;5049
2872,744;8269
2873,744;72
2874,744;87
2875,744;86
2876,744;85
2877,744;5084
2878,744;8279
2879,744;72
2880,744;92
2881,744;80
2882,744;90
2883,744;5088
2884,744;8259
2885,744;80
2886,744;83
2887,744;76
2888,744;84
2889,744;5076
2890,744;8256
2891,744;59
2892,744;80
2893,744;67
2894,744;90
2895,744;5076
2896,744;8232
2897,744;64
2898,744;75
2899,744;76
2900,744;86
2901,744;5094
2902,744;8262
2903,744;69
2904,744;87
2905,744;68
2906,744;86
2907,744;5086
2908,744;8260
2909,744;67
2910,744;56
2911,744;72
2912,744;67
2913,744;5065
2914,744;8276
2915,744;59
2916,744;77
2917,744;73
2918,744;57
2919,744;5085
2920,744;8262
2921,744;57
2922,744;50
2923,744;72
2924,744;75
2925,744;4711
2926,744;8256
2927,744;70
2928,744;61
2929,744;73
2930,744;66
2932,036;5017
2933,036;8266
2934,036;83
2935,036;57
2936,036;62
2937,036;73
2938,036;5053
2939,036;8270
2940,036;66
2941,036;83
2942,036;78
2943,036;70
2944,036;5048
2945,036;8304
2946,036;71
2947,036;62
2948,036;82
2949,036;73
2950,036;5069
2951,036;8262
2952,036;93
2953,036;87
2954,036;57
2955,036;76
2956,036;5094
2957,036;8265
2958,036;78
2959,036;59
2960,036;77
2961,036;76
2962,036;5096
2963,036;8270
2964,036;70
2965,036;73
2966,036;79
2967,036;68
2968,036;5049
2969,036;8264
2970,036;71
2971,036;79
2972,036;81
2973,036;83
2974,036;5070
2975,036;8280
2976,036;76
2977,036;87
2978,036;74
2979,036;93
2980,036;5082
2981,036;8266
2982,036;76
2983,036;74
2984,036;96
2985,036;83
2986,036;5065
2987,036;8284
2988,036;73
2989,036;69
2990,036;103
2991,036;88
2992,036;5075
2993,036;8279
2994,036;96
2995,036;69
2996,036;72
2997,036;91
2998,036;5100
2999,036;8266
3000,036;78
3001,036;90
3002,036;79
3003,036;95
3004,036;5068
3005,036;8280
3006,036;99
3007,036;83
3008,036;90
3009,036;83
3010,036;5063
3011,036;8290
3012,036;81
3013,036;91
3014,036;92
3015,036;100
3016,036;5056
3017,036;8263
3018,036;76
3019,036;58
3020,036;84
3021,036;98
3022,036;5065
3023,036;8255
3024,036;93
3025,036;98
3026,036;94
3027,036;103
3028,036;5073
3029,036;8287
3030,036;80
3031,036;82
3032,036;82
3033,222;107
3034,222;5065
3035,222;8253
3036,222;96
3037,222;95
3038,222;107
3039,222;80
3040,222;5071
3041,222;8255
3042,222;108
3043,222;88
3044,222;99
3045,222;102
3046,222;5090
3047,222;8277
3048,222;98
3049,222;98
3050,222;100
3051,222;100
3052,222;5041
3053,222;8320
3054,222;85
3055,222;110
3056,222;101
3057,222;81
3058,222;5061
3059,222;8296
3060,222;108
3061,222;100
3062,222;90
3063,222;113
3064,222;5044
3065,222;8310
3066,222;79
3067,222;76
3068,222;109
3069,222;87
3070,222;5039
3071,222;8291
3072,222;81
3073,222;95
3074,222;104
3075,222;111
3076,222;5026
3077,222;8290
3078,222;85
3079,222;92
3080,222;103
3081,222;95
3082,222;5063
3083,222;8282
3084,222;84
3085,222;87
3086,222;95
3087,222;94
3088,222;5077
3089,222;8280
3090,222;97
3091,222;112
3092,222;99
3093,222;85
3094,222;5045
3095,222;8271
3096,222;88
3097,222;98
3098,222;81
3099,222;86
3100,222;5050
3101,222;8277
3102,222;87
3103,222;90
3104,222;98
3105,222;88
3106,222;5045
3107,222;8276
3108,222;82
3109,222;94
3110,222;113
3111,222;86
3112,222;5005
3113,222;8259
3114,222;89
3115,222;109
3116,222;94
3117,222;93
3118,222;5046
3119,222;8285
3120,222;80
3121,222;92
3122,222;95
3123,222;100
3124,222;5036
3125,222;8302
3126,222;100
3127,222;89
3128,222;119
3129,222;96
3130,222;5046
3131,222;8292
3132,222;79
3133,222;96
3134,222;85
3135,222;93
3136,222;5049
3137,222;8305
3138,222;87
3139,222;86
3140,222;94
3141,222;75
3142,222;5028
3143,222;8283
3144,222;86
3145,222;95
3146,222;95
3147,222;80
3148,222;5065
3149,222;8299
3150,222;96
3151,222;103
3152,222;104
3153,222;107
3154,222;5055
3155,222;8275
3156,222;91
3157,222;85
3158,222;120
3159,222;74
3160,222;5045
3161,222;8289
3162,222;75
3163,222;89
3164,222;99
3165,222;92
3166,222;5016
3167,222;8303
3168,222;80
3169,222;94
3170,222;85
3171,222;85
3172,222;4993
3173,222;8276
3174,222;93
3175,222;77
3176,222;98
3177,222;104
3178,222;5032
3179,222;8297
3180,222;87
3181,222;95
3182,222;90
3183,222;86
3184,222;5016
3185,222;8294
3186,222;78
3187,222;95
3188,222;110
3189,222;105
3190,222;5008
3191,222;8292
3192,222;81
3193,222;104
3194,222;87
3195,222;81
3196,222;5047
3197,222;8328
3198,222;80
3199,222;97
3200,222;88
3201,222;92
3202,222;5051
3203,222;8295
3204,222;69
3205,222;102
3206,222;108
3207,222;96
3208,222;5025
3209,222;8308
3210,222;64
3211,222;79
3212,222;96
3213,222;92
3214,222;5029
3215,222;8272
3216,222;83
3217,222;80
3218,222;80
3219,222;94
3220,222;5015
3221,222;8312
3222,222;100
3223,222;84
3224,222;70
3225,222;78
3226,222;5007
3227,222;8297
3228,222;93
3229,222;69
3230,222;93
3231,222;87
3232,222;4994
3233,222;8314
3234,222;83
3234,789;72
3235,789;89
3236,789;74
3237,789;4659
3238,789;8323
3239,789;81
3240,789;72
3241,789;83
3242,789;88
3243,789;4926
3244,789;8286
3245,789;84
3246,789;82
3247,789;85
3248,789;80
3249,789;5002
3250,789;8282
3251,789;72
3252,789;82
3253,789;68
3254,789;85
3255,789;5016
3256,789;8326
3257,789;82
3258,789;95
3259,789;87
3260,789;79
3261,789;5010
3262,789;8332
3263,789;78
3264,789;100
3265,789;100
3266,789;76
3267,789;5020
3268,789;8303
3269,789;88
3270,789;109
3271,789;95
3272,789;78
3273,789;5015
3274,789;8273
3275,789;83
3276,789;77
3277,789;92
3278,789;91
3279,789;5034
3280,789;8321
3281,789;64
3282,789;82
3283,789;88
3284,789;90
3285,789;5005
3286,789;8286
3287,789;81
3288,789;87
3289,789;85
3290,789;94
3291,789;4998
3292,789;8320
3293,789;93
3294,789;83
3295,789;96
3296,789;110
3297,789;5005
3298,789;8336
3299,789;78
3300,789;84
3301,789;106
3302,789;97
3303,789;4990
3304,789;8322
3305,789;104
3306,789;92
3307,789;84
3308,789;93
3309,789;4997
3310,789;8303
3311,789;80
3312,789;93
3313,789;96
3314,789;88
3315,789;4987
3316,789;8311
3317,789;77
3318,789;86
3319,789;94
3320,789;93
3321,789;5029
3322,789;8312
3323,789;76
3324,789;85
3325,789;92
3326,789;100
3327,789;5038
3328,789;8274
3329,789;84
3330,789;102
3331,789;94
3332,789;106
3333,789;4995
3334,789;8327
3335,789;95
3336,789;91
3337,789;89
3338,789;110
3339,789;4999
3340,789;8289
3341,789;103
3342,789;86
3343,789;105
3344,789;103
3345,789;4983
3346,789;8287
3347,789;86
3348,789;105
3349,789;99
3350,789;118
3351,789;5001
3352,789;8314
3353,789;92
3354,789;68
3355,789;110
3356,789;85
3357,789;5023
3358,789;8316
3359,789;97
3360,789;99
3361,789;95
3362,789;91
3363,789;5008
3364,789;8330
3365,789;92
3366,789;83
3367,789;124
3368,789;86
3369,789;5011
3370,789;8359
3371,789;87
3372,789;93
3373,789;101
3374,789;88
3375,789;5002
3376,789;8357
3377,789;65
3378,789;89
3379,789;90
3380,789;111
3381,789;5011
3382,789;8339
3383,789;90
3384,789;90
3385,789;83
3386,789;98
3387,789;4982
3388,789;8332
3389,789;81
3390,789;99
3391,789;83
3392,789;92
3393,789;4964
3394,789;8319
3395,789;94
3396,789;94
3397,789;126
3398,789;96
3399,789;4987
3400,789;8315
3401,789;82
3402,789;121
3403,789;104
3404,789;100
3405,789;4958
3406,789;8291
3407,789;90
3408,789;113
3409,789;97
3410,789;87
3411,789;4966
3412,789;8357
3413,789;83
3414,789;102
3415,789;113
3416,789;104
3417,789;4991
3418,789;8348
3419,789;83
3420,789;97
3421,789;77
3422,789;106
3423,789;4977
3424,789;8306
3425,789;88
3426,789;90
3427,789;94
3428,789;105
3429,789;4989
3430,789;8347
3431,789;96
3432,789;95
3433,789;93
3434,789;92
3435,789;4987
3437,23;8337
3438,23;75
3439,23;93
3440,23;88
3441,23;102
3442,23;5000
3443,23;8331
3444,23;110
3445,23;90
3446,23;90
3447,23;106
3448,23;4944
3449,23;8356
3450,23;82
3451,23;86
3452,23;92
3453,23;86
3454,23;4960
3455,23;8327
3456,23;77
3457,23;78
3458,23;97
3459,23;99
3460,23;4971
3461,23;8339
3462,23;98
3463,23;100
3464,23;97
3465,23;94
3466,23;5083
3467,23;8294
3468,23;80
3469,23;89
3470,23;99
3471,23;83
3472,23;4998
3473,23;8329
3474,23;90
3475,23;90
3476,23;88
3477,23;88
3478,23;5105
3479,23;8223
3480,23;98
3481,23;84
3482,23;80
3483,23;95
3484,23;4981
3485,23;8305
3486,23;82
3487,23;71
3488,23;105
3489,23;89
3490,23;4998
3491,23;8327
3492,23;83
3493,23;78
3494,23;89
3495,23;84
3496,23;4999
3497,23;8315
3498,23;80
3499,23;67
3500,23;88
3501,23;89
3502,23;4973
3503,23;8344
3504,23;63
3505,23;108
3506,23;82
3507,23;78
3508,23;4941
3509,23;8342
3510,23;80
3511,23;82
3512,23;82
3513,23;78
3514,23;4969
3515,23;8317
3516,23;72
3517,23;68
3518,23;80
3519,23;80
3520,23;4997
3521,23;8324
3522,23;57
3523,23;71
3524,23;83
3525,23;99
3526,23;4934
3527,23;8353
3528,23;69
3529,23;62
3530,23;79
3531,23;79
3532,23;4949
3533,23;8336
3534,23;48
3535,23;54
3536,23;64
3537,23;64
3537,796;4971
3538,796;8317
3539,796;66
3540,796;69
3541,796;66
3542,796;84
3543,796;4935
3544,796;8333
3545,796;61
3546,796;71
3547,796;75
3548,796;73
3549,796;4593
3550,796;8353
3551,796;61
3552,796;59
3553,796;69
3554,796;72
3555,796;4923
3556,796;8326
3557,796;52
3558,796;69
3559,796;64
3560,796;61
3561,796;4955
3562,796;8341
3563,796;75
3564,796;80
3565,796;80
3566,796;77
3567,796;4965
3568,796;8334
3569,796;73
3570,796;81
3571,796;68
3572,796;102
3573,796;4962
3574,796;8360
3575,796;64
3576,796;69
3577,796;65
3578,796;88
3579,796;4996
3580,796;8297
3581,796;79
3582,796;83
3583,796;78
3584,796;94
3585,796;4986
3586,796;8325
3587,796;68
3588,796;75
3589,796;76
3590,796;92
3591,796;4928
3592,796;8354
3593,796;85
3594,796;76
3595,796;101
3596,796;84
3597,796;4962
3598,796;8343
3599,796;80
3600,796;80
3601,796;85
3602,796;75
3603,796;4938
3604,796;8358
3605,796;76
3606,796;89
3607,796;99
3608,796;82
3609,796;4947
3610,796;8355
3611,796;59
3612,796;104
3613,796;84
3614,796;87
3615,796;4976
3616,796;8341
3617,796;85
3618,796;83
3619,796;91
3620,796;76
3621,796;4957
3622,796;8327
3623,796;71
3624,796;86
3625,796;79
3626,796;101
3627,796;4934
3628,796;8349
3629,796;86
3630,796;73
3631,796;80
3632,796;96
3633,796;4966
3634,796;8337
3635,796;99
3636,796;76
3637,796;92
3638,366;79
3639,366;4937
3640,366;8364
3641,366;78
3642,366;97
3643,366;93
3644,366;90
3645,366;4941
3646,366;8356
3647,366;84
3648,366;89
3649,366;93
3650,366;114
3651,366;4936
3652,366;8345
3653,366;92
3654,366;98
3655,366;95
3656,366;84
3657,366;4965
3658,366;8343
3659,366;96
3660,366;103
3661,366;81
3662,366;94
3663,366;4916
3664,366;8385
3665,366;97
3666,366;91
3667,366;113
3668,366;99
3669,366;4934
3670,366;8346
3671,366;103
3672,366;91
3673,366;109
3674,366;107
3675,366;4953
3676,366;8364
3677,366;104
3678,366;95
3679,366;95
3680,366;110
3681,366;4942
3682,366;8373
3683,366;83
3684,366;84
3685,366;117
3686,366;97
3687,366;4975
3688,366;8343
3689,366;83
3690,366;104
3691,366;102
3692,366;98
3693,366;4940
3694,366;8369
3695,366;88
3696,366;107
3697,366;102
3698,366;79
3699,366;4955
3700,366;8345
3701,366;89
3702,366;84
3703,366;110
3704,366;72
3705,366;4927
3706,366;8387
3707,366;100
3708,366;101
3709,366;87
3710,366;83
3711,366;4910
3712,366;8352
3713,366;88
3714,366;88
3715,366;86
3716,366;95
3717,366;4959
3718,366;8359
3719,366;93
3720,366;86
3721,366;100
3722,366;89
3723,366;4931
3724,366;8360
3725,366;90
3726,366;102
3727,366;95
3728,366;86
3729,366;4922
3730,366;8347
3731,366;79
3732,366;89
3733,366;100
3734,366;88
3735,366;4961
3736,366;8364
3737,366;95
3738,366;95
3739,999;96
3740,999;103
3741,999;4948
3742,999;8368
3743,999;89
3744,999;103
3745,999;89
3746,999;100
3747,999;4916
3748,999;8373
3749,999;76
3750,999;87
3751,999;113
3752,999;100
3753,999;4930
3754,999;8356
3755,999;97
3756,999;97
3757,999;94
3758,999;96
3759,999;4928
3760,999;8398
3761,999;90
3762,999;84
3763,999;103
3764,999;109
3765,999;4895
3766,999;8378
3767,999;83
3768,999;93
3769,999;88
3770,999;103
3771,999;4906
3772,999;8359
3773,999;81
3774,999;87
3775,999;94
3776,999;111
3777,999;4961
3778,999;8344
3779,999;95
3780,999;94
3781,999;90
3782,999;98
3783,999;4916
3784,999;8391
3785,999;80
3786,999;87
3787,999;98
3788,999;119
3789,999;4913
3790,999;8403
3791,999;92
3792,999;82
3793,999;81
3794,999;109
3795,999;4895
3796,999;8402
3797,999;87
3798,999;90
3799,999;105
3800,999;99
3801,999;4917
3802,999;8379
3803,999;83
3804,999;93
3805,999;85
3806,999;105
3807,999;4922
3808,999;8361
3809,999;79
3810,999;89
3811,999;90
3812,999;83
3813,999;4925
3814,999;8366
3815,999;75
3816,999;86
3817,999;95
3818,999;117
3819,999;4906
3820,999;8349
3821,999;96
3822,999;93
3823,999;88
3824,999;86
3825,999;4912
3826,999;8350
3827,999;78
3828,999;70
3829,999;88
3830,999;83
3831,999;4898
3832,999;8382
3833,999;77
3834,999;77
3835,999;104
3836,999;95
3837,999;4893
3838,999;8396
3839,999;73
3840,999;89
3841,999;83
3842,999;99
3843,999;4897
3844,999;8379
3845,999;72
3846,999;87
3847,999;94
3848,999;84
3849,999;4921
3850,999;8322
3851,999;82
3852,999;82
3853,999;83
3854,999;81
3855,999;5017
3856,999;8300
3857,999;79
3858,999;74
3859,999;93
3860,999;107
3861,999;4534
3862,999;8418
3863,999;75
3864,999;79
3865,999;99
3866,999;105
3867,999;4801
3868,999;8402
3869,999;89
3870,999;98
3871,999;87
3872,999;80
3873,999;4883
3874,999;8374
3875,999;74
3876,999;88
3877,999;98
3878,999;101
3879,999;4904
3880,999;8361
3881,999;78
3882,999;78
3883,999;92
3884,999;97
3885,999;4867
3886,999;8397
3887,999;83
3888,999;79
3889,999;79
3890,999;81
3891,999;4885
3892,999;8403
3893,999;83
3894,999;94
3895,999;86
3896,999;91
3897,999;4890
3898,999;8367
3899,999;87
3900,999;96
3901,999;85
3902,999;77
3903,999;4882
3904,999;8391
3905,999;86
3906,999;94
3907,999;83
3908,999;107
3909,999;4874
3910,999;8392
3911,999;105
3912,999;100
3913,999;89
3914,999;91
3915,999;4902
3916,999;8400
3917,999;71
3918,999;87
3919,999;87
3920,999;97
3921,999;4904
3922,999;8411
3923,999;91
3924,999;79
3925,999;113
3926,999;88
3927,999;4893
3928,999;8376
3929,999;81
3930,999;89
3931,999;95
3932,999;91
3933,999;4916
3934,999;8419
3935,999;80
3936,999;96
3937,999;82
3938,999;96
3939,999;4899
3940,999;8401
3941,918;82
3942,918;86
3943,918;102
3944,918;86
3945,918;4884
3946,918;8406
3947,918;85
3948,918;75
3949,918;90
3950,918;83
3951,918;4873
3952,918;8410
3953,918;76
3954,918;102
3955,918;102
3956,918;104
3957,918;4911
3958,918;8392
3959,918;85
3960,918;80
3961,918;93
3962,918;100
3963,918;4875
3964,918;8407
3965,918;95
3966,918;100
3967,918;101
3968,918;91
3969,918;4880
3970,918;8396
3971,918;95
3972,918;88
3973,918;99
3974,918;82
3975,918;4903
3976,918;8399
3977,918;80
3978,918;103
3979,918;90
3980,918;84
3981,918;4898
3982,918;8407
3983,918;75
3984,918;102
3985,918;99
3986,918;114
3987,918;4889
3988,918;8380
3989,918;86
3990,918;101
3991,918;78
3992,918;114
3993,918;4881
3994,918;8402
3995,918;103
3996,918;74
3997,918;94
3998,918;88
3999,918;4881
4000,918;8414
4001,918;80
4002,918;113
4003,918;100
4004,918;85
4005,918;4869
4006,918;8413
4007,918;89
4008,918;100
4009,918;101
4010,918;104
4011,918;4882
4012,918;8396
4013,918;99
4014,918;106
4015,918;94
4016,918;105
4017,918;4868
4018,918;8413
4019,918;108
4020,918;80
4021,918;108
4022,918;105
4023,918;4873
4024,918;8422
4025,918;93
4026,918;91
4027,918;92
4028,918;103
4029,918;4872
4030,918;8400
4031,918;83
4032,918;86
4033,918;85
4034,918;93
4035,918;4866
4036,918;8401
4037,918;78
4038,918;96
4039,918;109
4040,918;90
4041,918;4882
4043,269;8386
4044,269;77
4045,269;76
4046,269;95
4047,269;94
4048,269;4859
4049,269;8422
4050,269;93
4051,269;103
4052,269;107
4053,269;110
4054,269;4865
4055,269;8381
4056,269;99
4057,269;86
4058,269;91
4059,269;103
4060,269;4873
4061,269;8424
4062,269;74
4063,269;107
4064,269;95
4065,269;106
4066,269;4859
4067,269;8405
4068,269;96
4069,269;109
4070,269;98
4071,269;100
4072,269;4886
4073,269;8436
4074,269;118
4075,269;99
4076,269;94
4077,269;97
4078,269;4877
4079,269;8433
4080,269;75
4081,269;113
4082,269;79
4083,269;90
4084,269;4849
4085,269;8455
4086,269;102
4087,269;78
4088,269;96
4089,269;88
4090,269;4882
4091,269;8415
4092,269;77
4093,269;85
4094,269;78
4095,269;93
4096,269;4880
4097,269;8416
4098,269;86
4099,269;91
4100,269;69
4101,269;96
4102,269;4852
4103,269;8421
4104,269;80
4105,269;76
4106,269;79
4107,269;85
4108,269;4894
4109,269;8387
4110,269;68
4111,269;81
4112,269;101
4113,269;85
4114,269;4841
4115,269;8372
4116,269;87
4117,269;73
4118,269;86
4119,269;61
4120,269;4889
4121,269;8421
4122,269;64
4123,269;72
4124,269;74
4125,269;78
4126,269;4857
4127,269;8412
4128,269;80
4129,269;72
4130,269;83
4131,269;78
4132,269;4829
4133,269;8431
4134,269;79
4135,269;87
4136,269;67
4137,269;77
4138,269;4884
4139,269;8419
4140,269;71
4141,269;78
4142,269;81
4143,269;93
4143,644;4855
4144,644;8408
4145,644;63
4146,644;82
4147,644;82
4148,644;64
4149,644;4860
4150,644;8431
4151,644;76
4152,644;83
4153,644;69
4154,644;78
4155,644;4861
4156,644;8426
4157,644;58
4158,644;81
4159,644;66
4160,644;61
4161,644;4849
4162,644;8404
4163,644;76
4164,644;86
4165,644;79
4166,644;84
4167,644;4829
4168,644;8395
4169,644;57
4170,644;83
4171,644;77
4172,644;73
4173,644;4482
4174,644;8445
4175,644;65
4176,644;72
4177,644;81
4178,644;62
4179,644;4774
4180,644;8424
4181,644;69
4182,644;70
4183,644;85
4184,644;65
4185,644;4822
4186,644;8435
4187,644;63
4188,644;63
4189,644;61
4190,644;68
4191,644;4834
4192,644;8415
4193,644;80
4194,644;66
4195,644;80
4196,644;88
4197,644;4821
4198,644;8408
4199,644;74
4200,644;81
4201,644;73
4202,644;73
4203,644;4866
4204,644;8420
4205,644;89
4206,644;78
4207,644;69
4208,644;73
4209,644;4854
4210,644;8390
4211,644;66
4212,644;53
4213,644;91
4214,644;85
4215,644;4862
4216,644;8437
4217,644;83
4218,644;73
4219,644;68
4220,644;73
4221,644;4856
4222,644;8454
4223,644;75
4224,644;75
4225,644;74
4226,644;74
4227,644;4826
4228,644;8464
4229,644;78
4230,644;107
4231,644;73
4232,644;101
4233,644;4859
4234,644;8434
4235,644;86
4236,644;69
4237,644;76
4238,644;96
4239,644;4869
4240,644;8474
4241,644;82
4242,644;84
4243,644;84
4244,639;101
4245,639;4852
4246,639;8434
4247,639;86
4248,639;95
4249,639;87
4250,639;93
4251,639;4845
4252,639;8437
4253,639;93
4254,639;77
4255,639;76
4256,639;117
4257,639;4850
4258,639;8455
4259,639;105
4260,639;95
4261,639;102
4262,639;92
4263,639;4804
4264,639;8441
4265,639;73
4266,639;100
4267,639;94
4268,639;117
4269,639;4828
4270,639;8475
4271,639;81
4272,639;87
4273,639;109
4274,639;108
4275,639;4838
4276,639;8445
4277,639;95
4278,639;104
4279,639;108
4280,639;101
4281,639;4833
4282,639;8457
4283,639;85
4284,639;93
4285,639;96
4286,639;95
4287,639;4822
4288,639;8447
4289,639;87
4290,639;93
4291,639;91
4292,639;106
4293,639;4838
4294,639;8447
4295,639;87
4296,639;83
4297,639;100
4298,639;108
4299,639;4840
4300,639;8439
4301,639;96
4302,639;97
4303,639;76
4304,639;118
4305,639;4818
4306,639;8426
4307,639;89
4308,639;78
4309,639;108
4310,639;92
4311,639;4796
4312,639;8445
4313,639;82
4314,639;105
4315,639;80
4316,639;89
4317,639;4817
4318,639;8448
4319,639;82
4320,639;102
4321,639;101
4322,639;124
4323,639;4795
4324,639;8405
4325,639;86
4326,639;101
4327,639;97
4328,639;96
4329,639;4823
4330,639;8480
4331,639;99
4332,639;81
4333,639;116
4334,639;88
4335,639;4831
4336,639;8454
4337,639;99
4338,639;104
4339,639;115
4340,639;105
4341,639;4835
4342,639;8454
4343,639;84
4344,639;130
4346,256;94
4347,256;116
4348,256;4838
4349,256;8456
4350,256;98
4351,256;78
4352,256;105
4353,256;95
4354,256;4812
4355,256;8457
4356,256;96
4357,256;91
4358,256;82
4359,256;109
4360,256;4816
4361,256;8456
4362,256;98
4363,256;79
4364,256;95
4365,256;103
4366,256;4813
4367,256;8485
4368,256;84
4369,256;99
4370,256;108
4371,256;94
4372,256;4774
4373,256;8474
4374,256;89
4375,256;90
4376,256;81
4377,256;109
4378,256;4818
4379,256;8448
4380,256;78
4381,256;88
4382,256;95
4383,256;101
4384,256;4894
4385,256;8351
4386,256;99
4387,256;88
4388,256;94
4389,256;87
4390,256;4817
4391,256;8468
4392,256;101
4393,256;112
4394,256;113
4395,256;105
4396,256;4822
4397,256;8433
4398,256;116
4399,256;96
4400,256;78
4401,256;82
4402,256;4812
4403,256;8461
4404,256;78
4405,256;93
4406,256;92
4407,256;91
4408,256;4789
4409,256;8463
4410,256;77
4411,256;101
4412,256;85
4413,256;97
4414,256;4823
4415,256;8457
4416,256;100
4417,256;82
4418,256;101
4419,256;90
4420,256;4805
4421,256;8464
4422,256;96
4423,256;88
4424,256;95
4425,256;106
4426,256;4812
4427,256;8457
4428,256;99
4429,256;86
4430,256;84
4431,256;85
4432,256;4775
4433,256;8454
4434,256;91
4435,256;95
4436,256;115
4437,256;76
4438,256;4774
4439,256;8464
4440,256;105
4441,256;87
4442,256;111
4443,256;110
4444,256;4808
4445,256;8447
4446,256;89
4447,256;85
4448,256;83
4449,256;91
4450,256;4790
4451,256;8486
4452,256;92
4453,256;76
4454,256;79
4455,256;93
4456,256;4793
4457,256;8466
4458,256;86
4459,256;96
4460,256;104
4461,256;76
4462,256;4766
4463,256;8465
4464,256;76
4465,256;95
4466,256;83
4467,256;86
4468,256;4837
4469,256;8380
4470,256;84
4471,256;71
4472,256;75
4473,256;76
4474,256;4761
4475,256;8488
4476,256;69
4477,256;78
4478,256;84
4479,256;104
4480,256;4786
4481,256;8435
4482,256;83
4483,256;74
4484,256;75
4485,256;85
4486,256;4432
4487,256;8507
4488,256;71
4489,256;77
4490,256;75
4491,256;81
4492,256;4697
4493,256;8476
4494,256;83
4495,256;78
4496,256;73
4497,256;99
4498,256;4767
4499,256;8477
4500,256;101
4501,256;91
4502,256;92
4503,256;87
4504,256;4747
4505,256;8438
4506,256;71
4507,256;97
4508,256;78
4509,256;86
4510,256;4769
4511,256;8468
4512,256;86
4513,256;77
4514,256;82
4515,256;84
4516,256;4783
4517,256;8484
4518,256;78
4519,256;99
4520,256;85
4521,256;92
4522,256;4779
4523,256;8482
4524,256;88
4525,256;111
4526,256;92
4527,256;97
4528,256;4776
4529,256;8481
4530,256;89
4531,256;95
4532,256;103
4533,256;94
4534,256;4790
4535,256;8460
4536,256;107
4537,256;82
4538,256;87
4539,256;100
4540,256;4762
4541,256;8486
4542,256;79
4543,256;87
4544,256;100
4545,256;91
4546,256;4747
4547,256;8476
4548,282;107
4549,282;73
4550,282;94
4551,282;86
4552,282;4754
4553,282;8505
4554,282;99
4555,282;89
4556,282;87
4557,282;86
4558,282;4769
4559,282;8487
4560,282;86
4561,282;95
4562,282;86
4563,282;109
4564,282;4743
4565,282;8484
4566,282;94
4567,282;96
4568,282;107
4569,282;106
4570,282;4766
4571,282;8444
4572,282;71
4573,282;90
4574,282;121
4575,282;85
4576,282;4813
4577,282;8473
4578,282;90
4579,282;83
4580,282;94
4581,282;97
4582,282;4768
4583,282;8510
4584,282;98
4585,282;104
4586,282;101
4587,282;105
4588,282;4779
4589,282;8488
4590,282;66
4591,282;91
4592,282;115
4593,282;84
4594,282;4777
4595,282;8501
4596,282;89
4597,282;78
4598,282;88
4599,282;98
4600,282;4783
4601,282;8525
4602,282;86
4603,282;95
4604,282;115
4605,282;96
4606,282;4744
4607,282;8496
4608,282;83
4609,282;95
4610,282;85
4611,282;95
4612,282;4767
4613,282;8475
4614,282;98
4615,282;98
4616,282;93
4617,282;101
4618,282;4801
4619,282;8487
4620,282;110
4621,282;105
4622,282;99
4623,282;98
4624,282;4775
4625,282;8499
4626,282;81
4627,282;107
4628,282;98
4629,282;90
4630,282;4778
4631,282;8501
4632,282;94
4633,282;92
4634,282;91
4635,282;94
4636,282;4779
4637,282;8493
4638,282;105
4639,282;109
4640,282;105
4641,282;104
4642,282;4770
4643,282;8518
4644,282;92
4645,282;106
4646,282;85
4647,282;110
4648,282;4753
4649,195;8501
4650,195;98
4651,195;100
4652,195;94
4653,195;98
4654,195;4744
4655,195;8500
4656,195;92
4657,195;103
4658,195;110
4659,195;106
4660,195;4774
4661,195;8505
4662,195;87
4663,195;92
4664,195;94
4665,195;94
4666,195;4740
4667,195;8492
4668,195;79
4669,195;85
4670,195;109
4671,195;81
4672,195;4737
4673,195;8499
4674,195;87
4675,195;101
4676,195;107
4677,195;80
4678,195;4758
4679,195;8514
4680,195;101
4681,195;107
4682,195;103
4683,195;110
4684,195;4765
4685,195;8500
4686,195;87
4687,195;94
4688,195;86
4689,195;67
4690,195;4773
4691,195;8519
4692,195;106
4693,195;100
4694,195;94
4695,195;83
4696,195;4753
4697,195;8502
4698,195;83
4699,195;83
4700,195;92
4701,195;91
4702,195;4780
4703,195;8497
4704,195;108
4705,195;100
4706,195;94
4707,195;87
4708,195;4780
4709,195;8509
4710,195;71
4711,195;94
4712,195;88
4713,195;87
4714,195;4744
4715,195;8483
4716,195;86
4717,195;77
4718,195;92
4719,195;98
4720,195;4782
4721,195;8492
4722,195;91
4723,195;96
4724,195;100
4725,195;95
4726,195;4770
4727,195;8498
4728,195;72
4729,195;107
4730,195;74
4731,195;80
4732,195;4731
4733,195;8527
4734,195;78
4735,195;80
4736,195;92
4737,195;87
4738,195;4753
4739,195;8512
4740,195;71
4741,195;100
4742,195;71
4743,195;97
4744,195;4760
4745,195;8512
4746,195;73
4747,195;80
4748,195;79
4749,195;80
4750,041;4755
4751,041;8499
4752,041;78
4753,041;66
4754,041;75
4755,041;79
4756,041;4770
4757,041;8504
4758,041;92
4759,041;78
4760,041;91
4761,041;94
4762,041;4760
4763,041;8490
4764,041;89
4765,041;83
4766,041;78
4767,041;72
4768,041;4743
4769,041;8516
4770,041;68
4771,041;62
4772,041;69
4773,041;80
4774,041;4743
4775,041;8497
4776,041;70
4777,041;68
4778,041;68
4779,041;76
4780,041;4752
4781,041;8509
4782,041;55
4783,041;63
4784,041;80
4785,041;84
4786,041;4719
4787,041;8514
4788,041;78
4789,041;72
4790,041;67
4791,041;95
4792,041;4717
4793,041;8519
4794,041;63
4795,041;81
4796,041;55
4797,041;63
4798,041;4372
4799,041;8527
4800,041;54
4801,041;74
4802,041;74
4803,041;84
4804,041;4661
4805,041;8542
4806,041;92
4807,041;62
4808,041;74
4809,041;75
4810,041;4825
4811,041;8398
4812,041;79
4813,041;88
4814,041;57
4815,041;82
4816,041;4793
4817,041;8451
4818,041;90
4819,041;72
4820,041;85
4821,041;66
4822,041;4728
4823,041;8522
4824,041;58
4825,041;84
4826,041;71
4827,041;69
4828,041;4733
4829,041;8529
4830,041;67
4831,041;106
4832,041;82
4833,041;90
4834,041;4745
4835,041;8504
4836,041;73
4837,041;80
4838,041;86
4839,041;89
4840,041;4746
4841,041;8517
4842,041;79
4843,041;83
4844,041;84
4845,041;91
4846,041;4725
4847,041;8504
4848,041;73
4849,041;74
4850,041;84
4850,298;86
4851,298;4703
4852,298;8508
4853,298;78
4854,298;85
4855,298;87
4856,298;87
4857,298;4756
4858,298;8518
4859,298;87
4860,298;98
4861,298;82
4862,298;84
4863,298;4696
4864,298;8510
4865,298;95
4866,298;89
4867,298;83
4868,298;89
4869,298;4723
4870,298;8517
4871,298;88
4872,298;85
4873,298;105
4874,298;82
4875,298;4745
4876,298;8542
4877,298;97
4878,298;102
4879,298;100
4880,298;102
4881,298;4733
4882,298;8536
4883,298;95
4884,298;86
4885,298;99
4886,298;111
4887,298;4722
4888,298;8518
4889,298;75
4890,298;107
4891,298;110
4892,298;112
4893,298;4717
4894,298;8523
4895,298;75
4896,298;98
4897,298;83
4898,298;101
4899,298;4696
4900,298;8523
4901,298;96
4902,298;89
4903,298;119
4904,298;93
4905,298;4699
4906,298;8538
4907,298;90
4908,298;93
4909,298;102
4910,298;99
4911,298;4706
4912,298;8565
4913,298;100
4914,298;109
4915,298;107
4916,298;102
4917,298;4717
4918,298;8585
4919,298;80
4920,298;93
4921,298;79
4922,298;106
4923,298;4686
4924,298;8528
4925,298;87
4926,298;115
4927,298;102
4928,298;90
4929,298;4680
4930,298;8561
4931,298;86
4932,298;88
4933,298;100
4934,298;127
4935,298;4713
4936,298;8522
4937,298;84
4938,298;99
4939,298;90
4940,298;86
4941,298;4724
4942,298;8527
4943,298;94
4944,298;79
4945,298;105
4946,298;98
4947,298;4698
4948,298;8526
4949,298;87
4950,298;101
4952,298;94
4953,298;112
4954,298;4699
4955,298;8530
4956,298;77
4957,298;91
4958,298;112
4959,298;101
4960,298;4718
4961,298;8550
4962,298;71
4963,298;105
4964,298;78
4965,298;97
4966,298;4701
4967,298;8536
4968,298;82
4969,298;82
4970,298;81
4971,298;96
4972,298;4712
4973,298;8542
4974,298;79
4975,298;107
4976,298;77
4977,298;116
4978,298;4728
4979,298;8507
4980,298;96
4981,298;100
4982,298;107
4983,298;103
4984,298;4671
4985,298;8526
4986,298;100
4987,298;85
4988,298;94
4989,298;111
4990,298;4719
4991,298;8534
4992,298;100
4993,298;99
4994,298;80
4995,298;84
4996,298;4702
4997,298;8546
4998,298;84
4999,298;71
5000,298;103
5001,298;104
5002,298;4703
5003,298;8565
5004,298;98
5005,298;96
5006,298;104
5007,298;100
5008,298;4701
5009,298;8557
5010,298;104
5011,298;103
5012,298;105
5013,298;97
5014,298;4688
5015,298;8552
5016,298;89
5017,298;70
5018,298;84
5019,298;106
5020,298;4727
5021,298;8535
5022,298;91
5023,298;108
5024,298;95
5025,298;106
5026,298;4682
5027,298;8569
5028,298;65
5029,298;97
5030,298;93
5031,298;95
5032,298;4662
5033,298;8566
5034,298;93
5035,298;100
5036,298;93
5037,298;93
5038,298;4712
5039,298;8536
5040,298;72
5041,298;81
5042,298;91
5043,298;79
5044,298;4679
5045,298;8595
5046,298;89
5047,298;92
5048,298;90
5049,298;95
5050,298;4739
5051,298;8487
5052,298;81
5053,222;104
5054,222;68
5055,222;102
5056,222;4683
5057,222;8557
5058,222;75
5059,222;76
5060,222;94
5061,222;98
5062,222;4676
5063,222;8555
5064,222;93
5065,222;94
5066,222;87
5067,222;97
5068,222;4732
5069,222;8488
5070,222;73
5071,222;106
5072,222;84
5073,222;95
5074,222;4676
5075,222;8561
5076,222;92
5077,222;92
5078,222;95
5079,222;115
5080,222;4715
5081,222;8546
5082,222;81
5083,222;83
5084,222;98
5085,222;76
5086,222;4669
5087,222;8555
5088,222;76
5089,222;98
5090,222;85
5091,222;95
5092,222;4641
5093,222;8572
5094,222;84
5095,222;96
5096,222;92
5097,222;90
5098,222;4674
5099,222;8557
5100,222;78
5101,222;82
5102,222;88
5103,222;76
5104,222;4656
5105,222;8569
5106,222;71
5107,222;65
5108,222;76
5109,222;86
5110,222;4324
5111,222;8597
5112,222;73
5113,222;83
5114,222;89
5115,222;95
5116,222;4606
5117,222;8586
5118,222;84
5119,222;80
5120,222;86
5121,222;83
5122,222;4653
5123,222;8571
5124,222;91
5125,222;91
5126,222;93
5127,222;92
5128,222;4647
5129,222;8590
5130,222;67
5131,222;80
5132,222;78
5133,222;88
5134,222;4646
5135,222;8570
5136,222;84
5137,222;105
5138,222;85
5139,222;120
5140,222;4665
5141,222;8591
5142,222;65
5143,222;102
5144,222;90
5145,222;79
5146,222;4653
5147,222;8588
5148,222;96
5149,222;93
5150,222;102
5151,222;94
5152,222;4643
5153,222;8602
5154,031;85
5155,031;89
5156,031;77
5157,031;94
5158,031;4669
5159,031;8577
5160,031;84
5161,031;69
5162,031;94
5163,031;85
5164,031;4642
5165,031;8583
5166,031;91
5167,031;87
5168,031;119
5169,031;102
5170,031;4677
5171,031;8583
5172,031;75
5173,031;85
5174,031;87
5175,031;78
5176,031;4690
5177,031;8571
5178,031;99
5179,031;95
5180,031;76
5181,031;102
5182,031;4716
5183,031;8538
5184,031;95
5185,031;93
5186,031;87
5187,031;99
5188,031;4676
5189,031;8568
5190,031;77
5191,031;103
5192,031;107
5193,031;96
5194,031;4662
5195,031;8592
5196,031;90
5197,031;86
5198,031;106
5199,031;85
5200,031;4707
5201,031;8561
5202,031;82
5203,031;81
5204,031;90
5205,031;110
5206,031;4664
5207,031;8570
5208,031;80
5209,031;83
5210,031;106
5211,031;86
5212,031;4662
5213,031;8603
5214,031;86
5215,031;86
5216,031;101
5217,031;98
5218,031;4666
5219,031;8597
5220,031;81
5221,031;101
5222,031;96
5223,031;95
5224,031;4625
5225,031;8594
5226,031;86
5227,031;83
5228,031;104
5229,031;95
5230,031;4672
5231,031;8583
5232,031;76
5233,031;84
5234,031;87
5235,031;121
5236,031;4665
5237,031;8587
5238,031;71
5239,031;87
5240,031;111
5241,031;122
5242,031;4659
5243,031;8576
5244,031;91
5245,031;79
5246,031;96
5247,031;96
5248,031;4647
5249,031;8587
5250,031;103
5251,031;90
5252,031;88
5253,031;92
5254,031;4668
5254,948;8591
5255,948;89
5256,948;95
5257,948;102
5258,948;93
5259,948;4695
5260,948;8604
5261,948;64
5262,948;93
5263,948;99
5264,948;102
5265,948;4668
5266,948;8597
5267,948;93
5268,948;99
5269,948;87
5270,948;96
5271,948;4626
5272,948;8616
5273,948;87
5274,948;95
5275,948;102
5276,948;103
5277,948;4649
5278,948;8579
5279,948;87
5280,948;91
5281,948;94
5282,948;85
5283,948;4639
5284,948;8594
5285,948;87
5286,948;66
5287,948;110
5288,948;105
5289,948;4623
5290,948;8589
5291,948;92
5292,948;91
5293,948;85
5294,948;106
5295,948;4772
5296,948;8495
5297,948;87
5298,948;77
5299,948;94
5300,948;124
5301,948;4646
5302,948;8600
5303,948;76
5304,948;92
5305,948;92
5306,948;85
5307,948;4637
5308,948;8615
5309,948;81
5310,948;76
5311,948;118
5312,948;111
5313,948;4637
5314,948;8608
5315,948;77
5316,948;85
5317,948;104
5318,948;105
5319,948;4659
5320,948;8630
5321,948;91
5322,948;95
5323,948;93
5324,948;97
5325,948;4637
5326,948;8577
5327,948;81
5328,948;90
5329,948;98
5330,948;96
5331,948;4669
5332,948;8606
5333,948;94
5334,948;87
5335,948;94
5336,948;89
5337,948;4694
5338,948;8610
5339,948;98
5340,948;96
5341,948;93
5342,948;98
5343,948;4657
5344,948;8621
5345,948;106
5346,948;93
5347,948;80
5348,948;87
5349,948;4648
5350,948;8608
5351,948;82
5352,948;108
5353,948;81
5354,948;87
5356,044;4646
5357,044;8645
5358,044;89
5359,044;83
5360,044;76
5361,044;75
5362,044;4644
5363,044;8601
5364,044;81
5365,044;90
5366,044;90
5367,044;100
5368,044;4650
5369,044;8592
5370,044;95
5371,044;77
5372,044;79
5373,044;98
5374,044;4655
5375,044;8615
5376,044;98
5377,044;101
5378,044;109
5379,044;83
5380,044;4714
5381,044;8560
5382,044;69
5383,044;93
5384,044;86
5385,044;86
5386,044;4613
5387,044;8610
5388,044;78
5389,044;83
5390,044;88
5391,044;71
5392,044;4626
5393,044;8595
5394,044;73
5395,044;76
5396,044;88
5397,044;77
5398,044;4647
5399,044;8619
5400,044;68
5401,044;85
5402,044;105
5403,044;90
5404,044;4616
5405,044;8625
5406,044;62
5407,044;67
5408,044;78
5409,044;87
5410,044;4587
5411,044;8607
5412,044;61
5413,044;58
5414,044;73
5415,044;77
5416,044;4604
5417,044;8599
5418,044;72
5419,044;80
5420,044;63
5421,044;75
5422,044;4273
5423,044;8645
5424,044;71
5425,044;70
5426,044;81
5427,044;86
5428,044;4589
5429,044;8605
5430,044;64
5431,044;72
5432,044;67
5433,044;80
5434,044;4609
5435,044;8595
5436,044;82
5437,044;69
5438,044;77
5439,044;68
5440,044;4636
5441,044;8637
5442,044;79
5443,044;89
5444,044;77
5445,044;69
5446,044;4622
5447,044;8639
5448,044;64
5449,044;68
5450,044;74
5451,044;93
5452,044;4613
5453,044;8619
5454,044;68
5455,044;84
5456,044;99
5457,044;85
5458,044;4649
5459,044;8606
5460,044;82
5461,044;75
5462,044;87
5463,044;94
5464,044;4608
5465,044;8608
5466,044;82
5467,044;74
5468,044;83
5469,044;76
5470,044;4631
5471,044;8613
5472,044;85
5473,044;73
5474,044;82
5475,044;94
5476,044;4630
5477,044;8617
5478,044;92
5479,044;91
5480,044;92
5481,044;82
5482,044;4619
5483,044;8646
5484,044;91
5485,044;112
5486,044;87
5487,044;82
5488,044;4647
5489,044;8623
5490,044;77
5491,044;89
5492,044;96
5493,044;107
5494,044;4624
5495,044;8645
5496,044;84
5497,044;89
5498,044;104
5499,044;115
5500,044;4619
5501,044;8634
5502,044;109
5503,044;101
5504,044;89
5505,044;106
5506,044;4598
5507,044;8649
5508,044;78
5509,044;89
5510,044;96
5511,044;88
5512,044;4602
5513,044;8645
5514,044;109
5515,044;96
5516,044;103
5517,044;91
5518,044;4602
5519,044;8656
5520,044;86
5521,044;82
5522,044;101
5523,044;115
5524,044;4625
5525,044;8646
5526,044;82
5527,044;101
5528,044;96
5529,044;92
5530,044;4620
5531,044;8628
5532,044;99
5533,044;100
5534,044;90
5535,044;99
5536,044;4603
5537,044;8639
5538,044;81
5539,044;90
5540,044;83
5541,044;94
5542,044;4612
5543,044;8621
5544,044;96
5545,044;102
5546,044;96
5547,044;104
5548,044;4591
5549,044;8621
5550,044;91
5551,044;114
5552,044;86
5553,044;102
5554,044;4613
5555,044;8638
5556,044;86
5557,044;96
5557,873;99
5558,873;94
5559,873;4631
5560,873;8646
5561,873;84
5562,873;114
5563,873;103
5564,873;95
5565,873;4659
5566,873;8591
5567,873;82
5568,873;100
5569,873;98
5570,873;99
5571,873;4611
5572,873;8636
5573,873;87
5574,873;101
5575,873;97
5576,873;97
5577,873;4622
5578,873;8656
5579,873;91
5580,873;99
5581,873;102
5582,873;94
5583,873;4595
5584,873;8646
5585,873;98
5586,873;88
5587,873;108
5588,873;96
5589,873;4572
5590,873;8639
5591,873;88
5592,873;81
5593,873;109
5594,873;78
5595,873;4597
5596,873;8649
5597,873;89
5598,873;115
5599,873;90
5600,873;87
5601,873;4606
5602,873;8658
5603,873;74
5604,873;97
5605,873;95
5606,873;98
5607,873;4602
5608,873;8611
5609,873;88
5610,873;85
5611,873;102
5612,873;94
5613,873;4616
5614,873;8654
5615,873;85
5616,873;99
5617,873;82
5618,873;101
5619,873;4600
5620,873;8661
5621,873;93
5622,873;106
5623,873;87
5624,873;91
5625,873;4591
5626,873;8645
5627,873;93
5628,873;81
5629,873;77
5630,873;102
5631,873;4596
5632,873;8646
5633,873;83
5634,873;87
5635,873;102
5636,873;98
5637,873;4587
5638,873;8654
5639,873;84
5640,873;103
5641,873;90
5642,873;94
5643,873;4556
5644,873;8633
5645,873;86
5646,873;116
5647,873;80
5648,873;81
5649,873;4589
5650,873;8648
5651,873;74
5652,873;95
5653,873;97
5654,873;116
5655,873;4591
5656,873;8671
5657,873;90
5658,558;78
5659,558;79
5660,558;108
5661,558;4569
5662,558;8650
5663,558;69
5664,558;85
5665,558;97
5666,558;82
5667,558;4559
5668,558;8630
5669,558;99
5670,558;99
5671,558;98
5672,558;119
5673,558;4568
5674,558;8626
5675,558;78
5676,558;88
5677,558;90
5678,558;91
5679,558;4602
5680,558;8659
5681,558;62
5682,558;97
5683,558;82
5684,558;86
5685,558;4578
5686,558;8687
5687,558;86
5688,558;81
5689,558;87
5690,558;92
5691,558;4555
5692,558;8673
5693,558;89
5694,558;91
5695,558;97
5696,558;86
5697,558;4595
5698,558;8686
5699,558;86
5700,558;82
5701,558;89
5702,558;107
5703,558;4572
5704,558;8670
5705,558;81
5706,558;77
5707,558;88
5708,558;81
5709,558;4547
5710,558;8646
5711,558;78
5712,558;103
5713,558;91
5714,558;94
5715,558;4591
5716,558;8671
5717,558;80
5718,558;81
5719,558;66
5720,558;86
5721,558;4560
5722,558;8683
5723,558;56
5724,558;68
5725,558;78
5726,558;98
5727,558;4549
5728,558;8664
5729,558;67
5730,558;74
5731,558;76
5732,558;88
5733,558;4211
5734,558;8677
5735,558;69
5736,558;82
5737,558;92
5738,558;74
5739,558;4497
5740,558;8678
5741,558;87
5742,558;74
5743,558;76
5744,558;102
5745,558;4550
5746,558;8646
5747,558;73
5748,558;85
5749,558;93
5750,558;86
5751,558;4533
5752,558;8668
5753,558;91
5754,558;88
5755,558;97
5756,558;92
5757,558;4553
5758,558;8688
5759,368;93
5760,368;85
5761,368;89
5762,368;82
5763,368;4543
5764,368;8686
5765,368;94
5766,368;73
5767,368;94
5768,368;80
5769,368;4524
5770,368;8678
5771,368;80
5772,368;98
5773,368;79
5774,368;87
5775,368;4571
5776,368;8705
5777,368;98
5778,368;88
5779,368;92
5780,368;101
5781,368;4570
5782,368;8661
5783,368;88
5784,368;79
5785,368;75
5786,368;85
5787,368;4548
5788,368;8672
5789,368;73
5790,368;77
5791,368;73
5792,368;83
5793,368;4569
5794,368;8655
5795,368;80
5796,368;91
5797,368;84
5798,368;100
5799,368;4546
5800,368;8688
5801,368;97
5802,368;107
5803,368;87
5804,368;109
5805,368;4560
5806,368;8676
5807,368;85
5808,368;89
5809,368;99
5810,368;85
5811,368;4541
5812,368;8682
5813,368;74
5814,368;99
5815,368;73
5816,368;97
5817,368;4547
5818,368;8677
5819,368;85
5820,368;90
5821,368;101
5822,368;86
5823,368;4547
5824,368;8698
5825,368;109
5826,368;106
5827,368;101
5828,368;82
5829,368;4570
5830,368;8683
5831,368;82
5832,368;98
5833,368;112
5834,368;94
5835,368;4571
5836,368;8694
5837,368;76
5838,368;83
5839,368;91
5840,368;109
5841,368;4546
5842,368;8702
5843,368;97
5844,368;99
5845,368;97
5846,368;97
5847,368;4537
5848,368;8674
5849,368;86
5850,368;93
5851,368;93
5852,368;97
5853,368;4530
5854,368;8704
5855,368;101
5856,368;90
5857,368;100
5858,368;96
5859,368;4575
5860,639;8672
5861,639;83
5862,639;91
5863,639;103
5864,639;91
5865,639;4537
5866,639;8697
5867,639;88
5868,639;78
5869,639;95
5870,639;109
5871,639;4528
5872,639;8703
5873,639;100
5874,639;85
5875,639;90
5876,639;89
5877,639;4545
5878,639;8700
5879,639;106
5880,639;85
5881,639;86
5882,639;82
5883,639;4536
5884,639;8697
5885,639;77
5886,639;85
5887,639;90
5888,639;90
5889,639;4534
5890,639;8681
5891,639;96
5892,639;77
5893,639;100
5894,639;93
5895,639;4553
5896,639;8688
5897,639;84
5898,639;111
5899,639;87
5900,639;93
5901,639;4534
5902,639;8648
5903,639;87
5904,639;86
5905,639;113
5906,639;97
5907,639;4548
5908,639;8690
5909,639;95
5910,639;84
5911,639;99
5912,639;94
5913,639;4528
5914,639;8702
5915,639;87
5916,639;88
5917,639;96
5918,639;76
5919,639;4538
5920,639;8706
5921,639;100
5922,639;81
5923,639;98
5924,639;79
5925,639;4523
5926,639;8731
5927,639;91
5928,639;98
5929,639;93
5930,639;88
5931,639;4509
5932,639;8702
5933,639;83
5934,639;91
5935,639;96
5936,639;112
5937,639;4533
5938,639;8713
5939,639;87
5940,639;90
5941,639;104
5942,639;112
5943,639;4519
5944,639;8698
5945,639;86
5946,639;91
5947,639;109
5948,639;93
5949,639;4541
5950,639;8699
5951,639;102
5952,639;108
5953,639;109
5954,639;114
5955,639;4577
5956,639;8722
5957,639;98
5958,639;102
5959,639;93
5960,639;106
5961,639;4596
5962,639;8670
5963,639;110
5964,639;94
5965,639;99
5966,639;109
5967,639;4538
5968,639;8726
5969,639;89
5970,639;103
5971,639;89
5972,639;92
5973,639;4564
5974,639;8704
5975,639;93
5976,639;79
5977,639;87
5978,639;90
5979,639;4557
5980,639;8696
5981,639;102
5982,639;92
5983,639;83
5984,639;88
5985,639;4531
5986,639;8716
5987,639;77
5988,639;84
5989,639;92
5990,639;111
5991,639;4513
5992,639;8701
5993,639;77
5994,639;71
5995,639;93
5996,639;101
5997,639;4569
5998,639;8719
5999,639;80
6000,639;94
6001,639;71
6002,639;95
6003,639;4523
6004,639;8714
6005,639;101
6006,639;73
6007,639;100
6008,639;96
6009,639;4522
6010,639;8692
6011,639;72
6012,639;91
6013,639;77
6014,639;76
6015,639;4540
6016,639;8681
6017,639;77
6018,639;99
6019,639;77
6020,639;98
6021,639;4511
6022,639;8710
6023,639;82
6024,639;80
6025,639;96
6026,639;74
6027,639;4510
6028,639;8704
6029,639;62
6030,639;91
6031,639;92
6032,639;71
6033,639;4556
6034,639;8726
6035,639;73
6036,639;82
6037,639;68
6038,639;66
6039,639;4535
6040,639;8707
6041,639;80
6042,639;82
6043,639;82
6044,639;69
6045,639;4208
6046,639;8671
6047,639;67
6048,639;74
6049,639;71
6050,639;85
6051,639;4441
6052,639;8717
6053,639;71
6054,639;72
6055,639;85
6056,639;75
6057,639;4510
6058,639;8714
6059,639;58
6060,639;85
6061,639;74
6062,513;69
6063,513;4512
6064,513;8726
6065,513;75
6066,513;61
6067,513;94
6068,513;88
6069,513;4482
6070,513;8719
6071,513;71
6072,513;75
6073,513;88
6074,513;100
6075,513;4534
6076,513;8735
6077,513;85
6078,513;84
6079,513;74
6080,513;102
6081,513;4493
6082,513;8717
6083,513;93
6084,513;103
6085,513;83
6086,513;111
6087,513;4510
6088,513;8726
6089,513;82
6090,513;82
6091,513;92
6092,513;100
6093,513;4534
6094,513;8717
6095,513;90
6096,513;97
6097,513;91
6098,513;92
6099,513;4512
6100,513;8751
6101,513;86
6102,513;86
6103,513;99
6104,513;83
6105,513;4480
6106,513;8738
6107,513;99
6108,513;101
6109,513;109
6110,513;98
6111,513;4495
6112,513;8741
6113,513;107
6114,513;76
6115,513;103
6116,513;84
6117,513;4490
6118,513;8711
6119,513;87
6120,513;97
6121,513;109
6122,513;94
6123,513;4514
6124,513;8723
6125,513;101
6126,513;99
6127,513;87
6128,513;114
6129,513;4519
6130,513;8738
6131,513;96
6132,513;104
6133,513;101
6134,513;104
6135,513;4502
6136,513;8743
6137,513;90
6138,513;83
6139,513;113
6140,513;100
6141,513;4492
6142,513;8723
6143,513;89
6144,513;111
6145,513;109
6146,513;111
6147,513;4485
6148,513;8743
6149,513;94
6150,513;81
6151,513;90
6152,513;114
6153,513;4519
6154,513;8709
6155,513;83
6156,513;89
6157,513;81
6158,513;99
6159,513;4511
6160,513;8748
6161,513;93
6162,513;85
6164,054;89
6165,054;117
6166,054;4515
6167,054;8756
6168,054;82
6169,054;89
6170,054;116
6171,054;104
6172,054;4501
6173,054;8722
6174,054;89
6175,054;100
6176,054;105
6177,054;97
6178,054;4506
6179,054;8760
6180,054;86
6181,054;106
6182,054;94
6183,054;86
6184,054;4506
6185,054;8731
6186,054;82
6187,054;98
6188,054;88
6189,054;98
6190,054;4462
6191,054;8737
6192,054;100
6193,054;85
6194,054;87
6195,054;99
6196,054;4466
6197,054;8727
6198,054;100
6199,054;91
6200,054;105
6201,054;100
6202,054;4500
6203,054;8724
6204,054;94
6205,054;86
6206,054;97
6207,054;107
6208,054;4473
6209,054;8749
6210,054;94
6211,054;92
6212,054;90
6213,054;111
6214,054;4492
6215,054;8739
6216,054;76
6217,054;86
6218,054;96
6219,054;91
6220,054;4473
6221,054;8731
6222,054;94
6223,054;94
6224,054;97
6225,054;100
6226,054;4484
6227,054;8745
6228,054;88
6229,054;101
6230,054;108
6231,054;101
6232,054;4480
6233,054;8738
6234,054;83
6235,054;96
6236,054;80
6237,054;79
6238,054;4532
6239,054;8721
6240,054;103
6241,054;86
6242,054;92
6243,054;91
6244,054;4493
6245,054;8730
6246,054;84
6247,054;97
6248,054;100
6249,054;86
6250,054;4492
6251,054;8759
6252,054;82
6253,054;96
6254,054;82
6255,054;94
6256,054;4476
6257,054;8731
6258,054;85
6259,054;95
6260,054;85
6261,054;118
6262,054;4470
6263,054;8748
6264,054;97
6264,859;79
6265,859;95
6266,859;101
6267,859;4464
6268,859;8750
6269,859;98
6270,859;86
6271,859;84
6272,859;101
6273,859;4463
6274,859;8761
6275,859;92
6276,859;76
6277,859;104
6278,859;96
6279,859;4497
6280,859;8741
6281,859;98
6282,859;93
6283,859;97
6284,859;98
6285,859;4466
6286,859;8757
6287,859;90
6288,859;96
6289,859;119
6290,859;96
6291,859;4475
6292,859;8729
6293,859;95
6294,859;112
6295,859;111
6296,859;109
6297,859;4445
6298,859;8733
6299,859;76
6300,859;84
6301,859;88
6302,859;104
6303,859;4469
6304,859;8737
6305,859;83
6306,859;86
6307,859;106
6308,859;106
6309,859;4429
6310,859;8768
6311,859;75
6312,859;85
6313,859;83
6314,859;95
6315,859;4445
6316,859;8753
6317,859;79
6318,859;102
6319,859;98
6320,859;99
6321,859;4466
6322,859;8743
6323,859;87
6324,859;97
6325,859;91
6326,859;100
6327,859;4448
6328,859;8771
6329,859;84
6330,859;78
6331,859;95
6332,859;82
6333,859;4448
6334,859;8735
6335,859;78
6336,859;85
6337,859;101
6338,859;91
6339,859;4447
6340,859;8761
6341,859;86
6342,859;84
6343,859;109
6344,859;90
6345,859;4440
6346,859;8750
6347,859;78
6348,859;78
6349,859;83
6350,859;90
6351,859;4451
6352,859;8755
6353,859;76
6354,859;77
6355,859;96
6356,859;85
6357,859;4099
6358,859;8790
6359,859;72
6360,859;69
6361,859;85
6362,859;78
6363,859;4356
6364,859;8760
6364,819;80
6365,819;88
6366,819;69
6367,819;84
6368,819;4450
6369,819;8744
6370,819;81
6371,819;98
6372,819;106
6373,819;87
6374,819;4440
6375,819;8736
6376,819;90
6377,819;65
6378,819;88
6379,819;98
6380,819;4452
6381,819;8769
6382,819;80
6383,819;88
6384,819;89
6385,819;94
6386,819;4436
6387,819;8781
6388,819;93
6389,819;97
6390,819;103
6391,819;107
6392,819;4455
6393,819;8767
6394,819;88
6395,819;86
6396,819;97
6397,819;86
6398,819;4481
6399,819;8788
6400,819;68
6401,819;83
6402,819;81
6403,819;77
6404,819;4448
6405,819;8779
6406,819;87
6407,819;96
6408,819;107
6409,819;100
6410,819;4446
6411,819;8762
6412,819;101
6413,819;92
6414,819;92
6415,819;96
6416,819;4477
6417,819;8763
6418,819;82
6419,819;75
6420,819;78
6421,819;78
6422,819;4443
6423,819;8768
6424,819;86
6425,819;78
6426,819;87
6427,819;85
6428,819;4448
6429,819;8744
6430,819;94
6431,819;88
6432,819;85
6433,819;85
6434,819;4472
6435,819;8768
6436,819;84
6437,819;94
6438,819;96
6439,819;95
6440,819;4447
6441,819;8773
6442,819;80
6443,819;91
6444,819;115
6445,819;96
6446,819;4454
6447,819;8782
6448,819;88
6449,819;89
6450,819;80
6451,819;97
6452,819;4447
6453,819;8751
6454,819;85
6455,819;86
6456,819;90
6457,819;82
6458,819;4434
6459,819;8756
6460,819;91
6461,819;84
6462,819;107
6463,819;102
6464,819;4416
6465,749;8780
6466,749;79
6467,749;78
6468,749;85
6469,749;89
6470,749;4438
6471,749;8766
6472,749;75
6473,749;105
6474,749;83
6475,749;82
6476,749;4455
6477,749;8771
6478,749;91
6479,749;84
6480,749;101
6481,749;82
6482,749;4457
6483,749;8786
6484,749;90
6485,749;74
6486,749;89
6487,749;89
6488,749;4434
6489,749;8792
6490,749;70
6491,749;85
6492,749;103
6493,749;97
6494,749;4455
6495,749;8796
6496,749;83
6497,749;103
6498,749;90
6499,749;87
6500,749;4482
6501,749;8779
6502,749;86
6503,749;90
6504,749;86
6505,749;105
6506,749;4439
6507,749;8815
6508,749;67
6509,749;99
6510,749;108
6511,749;103
6512,749;4456
6513,749;8751
6514,749;85
6515,749;86
6516,749;100
6517,749;92
6518,749;4438
6519,749;8801
6520,749;81
6521,749;91
6522,749;81
6523,749;100
6524,749;4418
6525,749;8810
6526,749;103
6527,749;89
6528,749;89
6529,749;86
6530,749;4428
6531,749;8803
6532,749;94
6533,749;110
6534,749;100
6535,749;109
6536,749;4458
6537,749;8804
6538,749;77
6539,749;95
6540,749;96
6541,749;99
6542,749;4431
6543,749;8805
6544,749;99
6545,749;110
6546,749;90
6547,749;104
6548,749;4571
6549,749;8698
6550,749;99
6551,749;113
6552,749;83
6553,749;96
6554,749;4447
6555,749;8790
6556,749;82
6557,749;79
6558,749;106
6559,749;110
6560,749;4438
6561,749;8787
6562,749;80
6563,749;98
6564,749;97
6565,749;99
6567,749;4428
6568,749;8797
6569,749;97
6570,749;76
6571,749;87
6572,749;94
6573,749;4459
6574,749;8794
6575,749;112
6576,749;100
6577,749;90
6578,749;110
6579,749;4429
6580,749;8791
6581,749;89
6582,749;95
6583,749;112
6584,749;96
6585,749;4429
6586,749;8812
6587,749;92
6588,749;90
6589,749;73
6590,749;108
6591,749;4430
6592,749;8803
6593,749;81
6594,749;105
6595,749;110
6596,749;92
6597,749;4428
6598,749;8785
6599,749;85
6600,749;113
6601,749;82
6602,749;117
6603,749;4426
6604,749;8792
6605,749;86
6606,749;111
6607,749;114
6608,749;105
6609,749;4425
6610,749;8789
6611,749;99
6612,749;88
6613,749;98
6614,749;114
6615,749;4432
6616,749;8772
6617,749;97
6618,749;83
6619,749;100
6620,749;90
6621,749;4417
6622,749;8782
6623,749;79
6624,749;83
6625,749;83
6626,749;104
6627,749;4415
6628,749;8809
6629,749;78
6630,749;83
6631,749;85
6632,749;93
6633,749;4442
6634,749;8794
6635,749;71
6636,749;91
6637,749;93
6638,749;85
6639,749;4458
6640,749;8791
6641,749;82
6642,749;89
6643,749;85
6644,749;101
6645,749;4417
6646,749;8816
6647,749;74
6648,749;89
6649,749;88
6650,749;89
6651,749;4392
6652,749;8767
6653,749;76
6654,749;67
6655,749;75
6656,749;74
6657,749;4453
6658,749;8791
6659,749;67
6660,749;75
6661,749;97
6662,749;89
6663,749;4407
6664,749;8794
6665,749;78
6666,749;84
6667,749;83
6669,225;94
6670,225;4045
6671,225;8831
6672,225;62
6673,225;87
6674,225;98
6675,225;95
6676,225;4352
6677,225;8801
6678,225;79
6679,225;91
6680,225;78
6681,225;77
6682,225;4387
6683,225;8817
6684,225;70
6685,225;92
6686,225;80
6687,225;74
6688,225;4400
6689,225;8812
6690,225;86
6691,225;84
6692,225;79
6693,225;78
6694,225;4428
6695,225;8789
6696,225;94
6697,225;95
6698,225;72
6699,225;106
6700,225;4430
6701,225;8812
6702,225;97
6703,225;98
6704,225;95
6705,225;88
6706,225;4443
6707,225;8838
6708,225;76
6709,225;88
6710,225;72
6711,225;102
6712,225;4403
6713,225;8828
6714,225;78
6715,225;88
6716,225;75
6717,225;90
6718,225;4428
6719,225;8827
6720,225;98
6721,225;85
6722,225;92
6723,225;88
6724,225;4379
6725,225;8791
6726,225;97
6727,225;86
6728,225;83
6729,225;79
6730,225;4393
6731,225;8821
6732,225;77
6733,225;87
6734,225;98
6735,225;91
6736,225;4413
6737,225;8819
6738,225;68
6739,225;86
6740,225;86
6741,225;109
6742,225;4396
6743,225;8847
6744,225;90
6745,225;93
6746,225;95
6747,225;112
6748,225;4404
6749,225;8820
6750,225;107
6751,225;114
6752,225;111
6753,225;114
6754,225;4392
6755,225;8846
6756,225;74
6757,225;95
6758,225;99
6759,225;100
6760,225;4422
6761,225;8844
6762,225;82
6763,225;103
6764,225;95
6765,225;87
6766,225;4400
6767,225;8829
6768,225;84
6769,225;87
6770,022;96
6771,022;96
6772,022;4396
6773,022;8831
6774,022;111
6775,022;92
6776,022;104
6777,022;104
6778,022;4412
6779,022;8850
6780,022;98
6781,022;99
6782,022;88
6783,022;114
6784,022;4428
6785,022;8783
6786,022;103
6787,022;98
6788,022;95
6789,022;85
6790,022;4396
6791,022;8838
6792,022;93
6793,022;96
6794,022;89
6795,022;93
6796,022;4405
6797,022;8852
6798,022;93
6799,022;89
6800,022;83
6801,022;111
6802,022;4412
6803,022;8832
6804,022;83
6805,022;117
6806,022;100
6807,022;98
6808,022;4396
6809,022;8819
6810,022;90
6811,022;103
6812,022;86
6813,022;111
6814,022;4402
6815,022;8815
6816,022;74
6817,022;102
6818,022;90
6819,022;106
6820,022;4460
6821,022;8758
6822,022;89
6823,022;91
6824,022;92
6825,022;100
6826,022;4355
6827,022;8835
6828,022;113
6829,022;97
6830,022;104
6831,022;107
6832,022;4388
6833,022;8833
6834,022;100
6835,022;101
6836,022;87
6837,022;100
6838,022;4415
6839,022;8807
6840,022;98
6841,022;77
6842,022;86
6843,022;87
6844,022;4374
6845,022;8843
6846,022;92
6847,022;85
6848,022;79
6849,022;87
6850,022;4358
6851,022;8852
6852,022;90
6853,022;83
6854,022;97
6855,022;84
6856,022;4375
6857,022;8850
6858,022;103
6859,022;91
6860,022;92
6861,022;103
6862,022;4372
6863,022;8817
6864,022;106
6865,022;77
6866,022;90
6867,022;87
6868,022;4378
6869,022;8840
6870,022;82
6871,103;108
6872,103;100
6873,103;102
6874,103;4368
6875,103;8835
6876,103;86
6877,103;98
6878,103;105
6879,103;87
6880,103;4385
6881,103;8855
6882,103;96
6883,103;101
6884,103;89
6885,103;107
6886,103;4366
6887,103;8820
6888,103;77
6889,103;80
6890,103;115
6891,103;94
6892,103;4391
6893,103;8843
6894,103;87
6895,103;99
6896,103;98
6897,103;94
6898,103;4386
6899,103;8862
6900,103;90
6901,103;78
6902,103;115
6903,103;98
6904,103;4395
6905,103;8858
6906,103;70
6907,103;91
6908,103;91
6909,103;101
6910,103;4337
6911,103;8860
6912,103;82
6913,103;84
6914,103;80
6915,103;93
6916,103;4365
6917,103;8855
6918,103;91
6919,103;86
6920,103;94
6921,103;71
6922,103;4335
6923,103;8860
6924,103;85
6925,103;109
6926,103;96
6927,103;94
6928,103;4365
6929,103;8849
6930,103;83
6931,103;93
6932,103;87
6933,103;105
6934,103;4391
6935,103;8853
6936,103;71
6937,103;91
6938,103;100
6939,103;93
6940,103;4380
6941,103;8876
6942,103;73
6943,103;93
6944,103;94
6945,103;96
6946,103;4358
6947,103;8837
6948,103;73
6949,103;96
6950,103;99
6951,103;85
6952,103;4358
6953,103;8831
6954,103;82
6955,103;86
6956,103;77
6957,103;97
6958,103;4332
6959,103;8866
6960,103;91
6961,103;72
6962,103;64
6963,103;111
6964,103;4345
6965,103;8861
6966,103;72
6967,103;83
6968,103;70
6969,103;97
6970,103;4322
6971,103;8836
6972,09;71
6973,09;78
6974,09;78
6975,09;87
6976,09;4361
6977,09;8832
6978,09;71
6979,09;83
6980,09;90
6981,09;81
6982,09;3977
6983,09;8864
6984,09;87
6985,09;79
6986,09;87
6987,09;81
6988,09;4389
6989,09;8728
6990,09;71
6991,09;87
6992,09;85
6993,09;82
6994,09;4344
6995,09;8861
6996,09;68
6997,09;82
6998,09;87
6999,09;85
7000,09;4323
7001,09;8892
7002,09;81
7003,09;85
7004,09;94
7005,09;97
7006,09;4328
7007,09;8868
7008,09;84
7009,09;85
7010,09;88
7011,09;81
7012,09;4333
7013,09;8886
7014,09;80
7015,09;80
7016,09;99
7017,09;114
7018,09;4366
7019,09;8869
7020,09;85
7021,09;78
7022,09;75
7023,09;105
7024,09;4316
7025,09;8858
7026,09;99
7027,09;87
7028,09;93
7029,09;87
7030,09;4317
7031,09;8846
7032,09;93
7033,09;91
7034,09;92
7035,09;96
7036,09;4353
7037,09;8881
7038,09;95
7039,09;92
7040,09;82
7041,09;82
7042,09;4318
7043,09;8874
7044,09;106
7045,09;94
7046,09;91
7047,09;119
7048,09;4348
7049,09;8874
7050,09;97
7051,09;75
7052,09;94
7053,09;102
7054,09;4344
7055,09;8854
7056,09;82
7057,09;74
7058,09;81
7059,09;91
7060,09;4342
7061,09;8879
7062,09;98
7063,09;97
7064,09;96
7065,09;71
7066,09;4431
7067,09;8809
7068,09;89
7069,09;94
7070,09;97
7071,09;101
7072,09;4342
7073,09;8879
7074,09;81
7075,09;89
7076,09;69
7077,09;86
7078,09;4347
7079,09;8899
7080,09;84
7081,09;111
7082,09;94
7083,09;85
7084,09;4343
7085,09;8859
7086,09;113
7087,09;95
7088,09;77
7089,09;114
7090,09;4338
7091,09;8911
7092,09;92
7093,09;99
7094,09;110
7095,09;101
7096,09;4360
7097,09;8873
7098,09;109
7099,09;94
7100,09;95
7101,09;112
7102,09;4334
7103,09;8872
7104,09;106
7105,09;104
7106,09;96
7107,09;93
7108,09;4332
7109,09;8877
7110,09;84
7111,09;89
7112,09;106
7113,09;96
7114,09;4356
7115,09;8870
7116,09;84
7117,09;93
7118,09;93
7119,09;85
7120,09;4354
7121,09;8882
7122,09;81
7123,09;92
7124,09;92
7125,09;97
7126,09;4327
7127,09;8896
7128,09;82
7129,09;106
7130,09;96
7131,09;105
7132,09;4312
7133,09;8864
7134,09;93
7135,09;102
7136,09;109
7137,09;102
7138,09;4334
7139,09;8871
7140,09;86
7141,09;99
7142,09;94
7143,09;79
7144,09;4324
7145,09;8882
7146,09;82
7147,09;70
7148,09;100
7149,09;89
7150,09;4324
7151,09;8915
7152,09;94
7153,09;104
7154,09;105
7155,09;103
7156,09;4349
7157,09;8888
7158,09;106
7159,09;95
7160,09;109
7161,09;105
7162,09;4330
7163,09;8931
7164,09;92
7165,09;113
7166,09;100
7167,09;97
7168,09;4332
7169,09;8901
7170,09;92
7171,09;97
7172,09;112
7173,09;110
7173,726;4348
7174,726;8879
7175,726;91
7176,726;107
7177,726;112
7178,726;118
7179,726;4339
7180,726;8897
7181,726;87
7182,726;86
7183,726;104
7184,726;77
7185,726;4356
7186,726;8866
7187,726;95
7188,726;87
7189,726;106
7190,726;78
7191,726;4359
7192,726;8912
7193,726;85
7194,726;101
7195,726;108
7196,726;102
7197,726;4329
7198,726;8919
7199,726;89
7200,726;97
7201,726;93
7202,726;109
7203,726;4348
7204,726;8937
7205,726;93
7206,726;91
7207,726;92
7208,726;88
7209,726;4341
7210,726;8916
7211,726;75
7212,726;98
7213,726;96
7214,726;95
7215,726;4361
7216,726;8930
7217,726;99
7218,726;81
7219,726;89
7220,726;103
7221,726;4337
7222,726;8888
7223,726;108
7224,726;91
7225,726;109
7226,726;93
7227,726;4336
7228,726;8908
7229,726;79
7230,726;88
7231,726;95
7232,726;91
7233,726;4338
7234,726;8927
7235,726;84
7236,726;97
7237,726;92
7238,726;107
7239,726;4347
7240,726;8895
7241,726;73
7242,726;91
7243,726;102
7244,726;84
7245,726;4336
7246,726;8894
7247,726;96
7248,726;106
7249,726;86
7250,726;86
7251,726;4335
7252,726;8915
7253,726;77
7254,726;78
7255,726;92
7256,726;87
7257,726;4327
7258,726;8923
7259,726;82
7260,726;91
7261,726;92
7262,726;92
7263,726;4325
7264,726;8889
7265,726;84
7266,726;85
7267,726;97
7268,726;95
7269,726;4327
7270,726;8895
7271,726;73
7272,726;91
7273,726;81
7275,223;100
7276,223;4339
7277,223;8893
7278,223;76
7279,223;97
7280,223;80
7281,223;80
7282,223;4298
7283,223;8902
7284,223;95
7285,223;72
7286,223;71
7287,223;76
7288,223;4293
7289,223;8882
7290,223;71
7291,223;78
7292,223;70
7293,223;93
7294,223;3953
7295,223;8918
7296,223;80
7297,223;82
7298,223;84
7299,223;78
7300,223;4276
7301,223;8899
7302,223;83
7303,223;69
7304,223;76
7305,223;75
7306,223;4280
7307,223;8910
7308,223;77
7309,223;89
7310,223;96
7311,223;77
7312,223;4307
7313,223;8905
7314,223;90
7315,223;93
7316,223;72
7317,223;97
7318,223;4422
7319,223;8821
7320,223;85
7321,223;87
7322,223;86
7323,223;99
7324,223;4318
7325,223;8928
7326,223;88
7327,223;112
7328,223;95
7329,223;108
7330,223;4296
7331,223;8926
7332,223;96
7333,223;108
7334,223;89
7335,223;106
7336,223;4338
7337,223;8924
7338,223;86
7339,223;96
7340,223;100
7341,223;97
7342,223;4293
7343,223;8916
7344,223;95
7345,223;95
7346,223;109
7347,223;90
7348,223;4313
7349,223;8938
7350,223;98
7351,223;93
7352,223;74
7353,223;108
7354,223;4335
7355,223;8907
7356,223;93
7357,223;75
7358,223;102
7359,223;97
7360,223;4316
7361,223;8917
7362,223;75
7363,223;116
7364,223;108
7365,223;101
7366,223;4309
7367,223;8952
7368,223;99
7369,223;87
7370,223;91
7371,223;100
7372,223;4429
7373,223;8818
7374,223;93
7375,223;97
7376,009;110
7377,009;114
7378,009;4339
7379,009;8925
7380,009;95
7381,009;90
7382,009;114
7383,009;95
7384,009;4303
7385,009;8905
7386,009;106
7387,009;72
7388,009;98
7389,009;86
7390,009;4292
7391,009;8894
7392,009;79
7393,009;74
7394,009;98
7395,009;114
7396,009;4434
7397,009;8796
7398,009;84
7399,009;96
7400,009;105
7401,009;91
7402,009;4295
7403,009;8909
7404,009;92
7405,009;110
7406,009;88
7407,009;96
7408,009;4304
7409,009;8933
7410,009;85
7411,009;96
7412,009;105
7413,009;97
7414,009;4297
7415,009;8929
7416,009;86
7417,009;83
7418,009;95
7419,009;92
7420,009;4283
7421,009;8914
7422,009;91
7423,009;112
7424,009;99
7425,009;96
7426,009;4289
7427,009;8928
7428,009;95
7429,009;74
7430,009;74
7431,009;110
7432,009;4279
7433,009;8920
7434,009;78
7435,009;76
7436,009;107
7437,009;106
7438,009;4409
7439,009;8779
7440,009;103
7441,009;90
7442,009;105
7443,009;114
7444,009;4290
7445,009;8946
7446,009;80
7447,009;119
7448,009;90
7449,009;96
7450,009;4259
7451,009;8939
7452,009;89
7453,009;105
7454,009;103
7455,009;92
7456,009;4273
7457,009;8956
7458,009;98
7459,009;76
7460,009;98
7461,009;93
7462,009;4280
7463,009;8943
7464,009;78
7465,009;116
7466,009;101
7467,009;114
7468,009;4268
7469,009;8938
7470,009;78
7471,009;86
7472,009;109
7473,009;107
7474,009;4293
7475,009;8921
7476,009;80
7477,299;105
7478,299;116
7479,299;97
7480,299;4283
7481,299;8944
7482,299;93
7483,299;119
7484,299;103
7485,299;91
7486,299;4283
7487,299;8933
7488,299;79
7489,299;80
7490,299;86
7491,299;89
7492,299;4232
7493,299;8955
7494,299;74
7495,299;101
7496,299;89
7497,299;90
7498,299;4295
7499,299;8931
7500,299;84
7501,299;96
7502,299;90
7503,299;97
7504,299;4273
7505,299;8952
7506,299;84
7507,299;83
7508,299;91
7509,299;115
7510,299;4244
7511,299;8926
7512,299;92
7513,299;85
7514,299;92
7515,299;105
7516,299;4275
7517,299;8961
7518,299;76
7519,299;65
7520,299;86
7521,299;94
7522,299;4297
7523,299;8948
7524,299;86
7525,299;91
7526,299;111
7527,299;84
7528,299;4265
7529,299;8924
7530,299;88
7531,299;79
7532,299;90
7533,299;98
7534,299;4268
7535,299;8939
7536,299;88
7537,299;84
7538,299;94
7539,299;88
7540,299;4279
7541,299;8934
7542,299;77
7543,299;101
7544,299;86
7545,299;89
7546,299;4240
7547,299;8926
7548,299;78
7549,299;83
7550,299;76
7551,299;102
7552,299;4252
7553,299;8957
7554,299;81
7555,299;81
7556,299;69
7557,299;83
7558,299;4257
7559,299;8971
7560,299;74
7561,299;89
7562,299;89
7563,299;86
7564,299;4246
7565,299;8946
7566,299;86
7567,299;102
7568,299;82
7569,299;87
7570,299;4204
7571,299;8983
7572,299;88
7573,299;90
7574,299;95
7575,299;101
7576,299;4259
7577,299;8955
7578,299;83
7579,299;95
7580,299;95
7581,299;82
7582,299;4228
7583,299;8943
7584,299;78
7585,299;79
7586,299;82
7587,299;87
7588,299;4258
7589,299;8942
7590,299;74
7591,299;84
7592,299;71
7593,299;80
7594,299;4267
7595,299;8961
7596,299;81
7597,299;102
7598,299;79
7599,299;104
7600,299;4273
7601,299;8934
7602,299;97
7603,299;88
7604,299;88
7605,299;73
7606,299;3899
7607,299;8973
7608,299;90
7609,299;79
7610,299;83
7611,299;88
7612,299;4174
7613,299;8956
7614,299;85
7615,299;76
7616,299;100
7617,299;75
7618,299;4220
7619,299;8959
7620,299;79
7621,299;76
7622,299;100
7623,299;77
7624,299;4220
7625,299;8925
7626,299;92
7627,299;86
7628,299;81
7629,299;92
7630,299;4242
7631,299;8952
7632,299;89
7633,299;77
7634,299;70
7635,299;89
7636,299;4256
7637,299;8947
7638,299;64
7639,299;81
7640,299;92
7641,299;95
7642,299;4237
7643,299;8972
7644,299;69
7645,299;87
7646,299;91
7647,299;102
7648,299;4253
7649,299;8966
7650,299;72
7651,299;88
7652,299;101
7653,299;84
7654,299;4230
7655,299;8955
7656,299;74
7657,299;70
7658,299;89
7659,299;94
7660,299;4255
7661,299;8967
7662,299;76
7663,299;86
7664,299;97
7665,299;79
7666,299;4233
7667,299;8983
7668,299;65
7669,299;85
7670,299;87
7671,299;101
7672,299;4207
7673,299;8970
7674,299;91
7675,299;106
7676,299;103
7677,299;80
7678,299;4240
7679,006;8975
7680,006;80
7681,006;98
7682,006;90
7683,006;89
7684,006;4221
7685,006;8986
7686,006;80
7687,006;103
7688,006;98
7689,006;95
7690,006;4198
7691,006;8954
7692,006;91
7693,006;96
7694,006;96
7695,006;95
7696,006;4236
7697,006;8983
7698,006;106
7699,006;104
7700,006;107
7701,006;87
7702,006;4208
7703,006;9007
7704,006;85
7705,006;113
7706,006;110
7707,006;104
7708,006;4268
7709,006;8944
7710,006;87
7711,006;89
7712,006;91
7713,006;90
7714,006;4244
7715,006;8980
7716,006;81
7717,006;102
7718,006;94
7719,006;100
7720,006;4227
7721,006;8982
7722,006;89
7723,006;117
7724,006;94
7725,006;97
7726,006;4224
7727,006;8998
7728,006;90
7729,006;95
7730,006;104
7731,006;107
7732,006;4234
7733,006;8978
7734,006;84
7735,006;93
7736,006;82
7737,006;92
7738,006;4258
7739,006;8998
7740,006;83
7741,006;88
7742,006;87
7743,006;79
7744,006;4237
7745,006;8981
7746,006;94
7747,006;101
7748,006;89
7749,006;99
7750,006;4217
7751,006;8988
7752,006;85
7753,006;110
7754,006;91
7755,006;106
7756,006;4240
7757,006;8987
7758,006;73
7759,006;104
7760,006;99
7761,006;100
7762,006;4228
7763,006;8974
7764,006;83
7765,006;101
7766,006;104
7767,006;105
7768,006;4232
7769,006;8982
7770,006;82
7771,006;105
7772,006;97
7773,006;114
7774,006;4223
7775,006;8961
7776,006;90
7777,006;107
7778,006;102
7779,006;104
7779,034;4220
7780,034;8978
7781,034;84
7782,034;113
7783,034;91
7784,034;102
7785,034;4252
7786,034;8973
7787,034;75
7788,034;94
7789,034;108
7790,034;103
7791,034;4223
7792,034;9003
7793,034;93
7794,034;89
7795,034;94
7796,034;95
7797,034;4263
7798,034;8972
7799,034;106
7800,034;90
7801,034;78
7802,034;105
7803,034;4239
7804,034;8985
7805,034;81
7806,034;103
7807,034;94
7808,034;90
7809,034;4209
7810,034;8974
7811,034;82
7812,034;100
7813,034;98
7814,034;100
7815,034;4230
7816,034;9020
7817,034;72
7818,034;106
7819,034;109
7820,034;97
7821,034;4204
7822,034;8983
7823,034;92
7824,034;92
7825,034;94
7826,034;107
7827,034;4232
7828,034;8990
7829,034;87
7830,034;81
7831,034;102
7832,034;104
7833,034;4248
7834,034;8981
7835,034;103
7836,034;111
7837,034;99
7838,034;95
7839,034;4250
7840,034;9003
7841,034;74
7842,034;98
7843,034;94
7844,034;94
7845,034;4255
7846,034;8986
7847,034;93
7848,034;88
7849,034;88
7850,034;103
7851,034;4246
7852,034;9004
7853,034;96
7854,034;100
7855,034;87
7856,034;102
7857,034;4235
7858,034;8988
7859,034;76
7860,034;93
7861,034;96
7862,034;112
7863,034;4219
7864,034;8966
7865,034;98
7866,034;94
7867,034;92
7868,034;106
7869,034;4198
7870,034;8999
7871,034;85
7872,034;92
7873,034;118
7874,034;89
7875,034;4248
7876,034;8989
7877,034;69
7878,034;86
7879,034;106
7880,882;116
7881,882;4209
7882,882;8994
7883,882;98
7884,882;76
7885,882;89
7886,882;115
7887,882;4229
7888,882;8987
7889,882;89
7890,882;94
7891,882;105
7892,882;94
7893,882;4225
7894,882;8992
7895,882;68
7896,882;72
7897,882;75
7898,882;111
7899,882;4231
7900,882;8971
7901,882;97
7902,882;87
7903,882;83
7904,882;83
7905,882;4196
7906,882;9012
7907,882;72
7908,882;84
7909,882;99
7910,882;91
7911,882;4202
7912,882;8989
7913,882;83
7914,882;93
7915,882;72
7916,882;89
7917,882;3870
7918,882;9032
7919,882;95
7920,882;99
7921,882;94
7922,882;87
7923,882;4142
7924,882;8984
7925,882;88
7926,882;99
7927,882;99
7928,882;84
7929,882;4192
7930,882;9004
7931,882;73
7932,882;97
7933,882;91
7934,882;87
7935,882;4203
7936,882;9004
7937,882;102
7938,882;96
7939,882;99
7940,882;112
7941,882;4232
7942,882;9015
7943,882;87
7944,882;90
7945,882;87
7946,882;101
7947,882;4226
7948,882;9006
7949,882;84
7950,882;112
7951,882;104
7952,882;103
7953,882;4223
7954,882;9012
7955,882;114
7956,882;88
7957,882;84
7958,882;110
7959,882;4223
7960,882;9000
7961,882;87
7962,882;89
7963,882;94
7964,882;90
7965,882;4188
7966,882;9014
7967,882;90
7968,882;89
7969,882;105
7970,882;80
7971,882;4199
7972,882;9022
7973,882;77
7974,882;97
7975,882;109
7976,882;105
7977,882;4214
7978,882;9014
7979,882;97
7980,882;98
7981,874;93
7982,874;77
7983,874;4227
7984,874;9028
7985,874;99
7986,874;96
7987,874;101
7988,874;111
7989,874;4215
7990,874;9021
7991,874;92
7992,874;89
7993,874;97
7994,874;102
7995,874;4215
7996,874;9015
7997,874;103
7998,874;89
7999,874;94
8000,874;81
8001,874;4185
8002,874;9012
8003,874;97
8004,874;94
8005,874;94
8006,874;99
8007,874;4198
8008,874;9037
8009,874;103
8010,874;114
8011,874;106
8012,874;115
8013,874;4268
8014,874;8960
8015,874;76
8016,874;79
8017,874;85
8018,874;119
8019,874;4187
8020,874;9016
8021,874;91
8022,874;108
8023,874;101
8024,874;92
8025,874;4182
8026,874;9047
8027,874;87
8028,874;112
8029,874;106
8030,874;101
8031,874;4179
8032,874;9025
8033,874;93
8034,874;102
8035,874;102
8036,874;121
8037,874;4221
8038,874;9049
8039,874;102
8040,874;93
8041,874;96
8042,874;109
8043,874;4189
8044,874;9005
8045,874;82
8046,874;91
8047,874;109
8048,874;113
8049,874;4159
8050,874;9024
8051,874;84
8052,874;95
8053,874;95
8054,874;118
8055,874;4221
8056,874;9019
8057,874;96
8058,874;94
8059,874;100
8060,874;92
8061,874;4161
8062,874;8989
8063,874;82
8064,874;116
8065,874;100
8066,874;94
8067,874;4186
8068,874;9030
8069,874;77
8070,874;93
8071,874;93
8072,874;99
8073,874;4191
8074,874;9003
8075,874;76
8076,874;122
8077,874;89
8078,874;108
8079,874;4207
8080,874;9036
8081,874;67
8082,874;116
8083,874;97
8084,874;94
8085,874;4160
8086,874;9004
8087,874;95
8088,874;82
8089,874;89
8090,874;102
8091,874;4148
8092,874;9049
8093,874;95
8094,874;82
8095,874;81
8096,874;95
8097,874;4175
8098,874;9034
8099,874;103
8100,874;91
8101,874;99
8102,874;95
8103,874;4132
8104,874;9046
8105,874;89
8106,874;92
8107,874;110
8108,874;79
8109,874;4152
8110,874;9022
8111,874;81
8112,874;104
8113,874;100
8114,874;96
8115,874;4201
8116,874;9025
8117,874;74
8118,874;99
8119,874;98
8120,874;115
8121,874;4153
8122,874;9069
8123,874;101
8124,874;87
8125,874;97
8126,874;98
8127,874;4147
8128,874;9027
8129,874;87
8130,874;81
8131,874;98
8132,874;83
8133,874;4183
8134,874;9042
8135,874;60
8136,874;97
8137,874;97
8138,874;109
8139,874;4159
8140,874;9029
8141,874;85
8142,874;88
8143,874;103
8144,874;94
8145,874;4183
8146,874;9057
8147,874;65
8148,874;77
8149,874;88
8150,874;92
8151,874;4149
8152,874;9040
8153,874;82
8154,874;88
8155,874;105
8156,874;89
8157,874;4173
8158,874;9017
8159,874;76
8160,874;116
8161,874;101
8162,874;84
8163,874;4148
8164,874;9048
8165,874;104
8166,874;82
8167,874;100
8168,874;116
8169,874;4119
8170,874;9053
8171,874;98
8172,874;100
8173,874;75
8174,874;96
8175,874;4136
8176,874;9048
8177,874;80
8178,874;89
8179,874;98
8180,874;86
8181,874;4140
8182,874;9038
8183,167;83
8184,167;88
8185,167;99
8186,167;78
8187,167;4173
8188,167;9041
8189,167;79
8190,167;102
8191,167;91
8192,167;86
8193,167;4168
8194,167;9029
8195,167;94
8196,167;109
8197,167;71
8198,167;84
8199,167;4177
8200,167;9052
8201,167;89
8202,167;97
8203,167;106
8204,167;85
8205,167;4151
8206,167;9047
8207,167;92
8208,167;73
8209,167;62
8210,167;94
8211,167;4154
8212,167;9027
8213,167;69
8214,167;96
8215,167;86
8216,167;92
8217,167;4177
8218,167;9024
8219,167;84
8220,167;85
8221,167;74
8222,167;90
8223,167;4154
8224,167;9070
8225,167;76
8226,167;82
8227,167;92
8228,167;81
8229,167;3757
8230,167;9073
8231,167;77
8232,167;77
8233,167;88
8234,167;84
8235,167;4092
8236,167;9048
8237,167;77
8238,167;86
8239,167;74
8240,167;76
8241,167;4117
8242,167;9065
8243,167;82
8244,167;76
8245,167;94
8246,167;76
8247,167;4139
8248,167;9052
8249,167;89
8250,167;86
8251,167;75
8252,167;82
8253,167;4157
8254,167;9063
8255,167;71
8256,167;110
8257,167;76
8258,167;89
8259,167;4147
8260,167;9057
8261,167;94
8262,167;69
8263,167;82
8264,167;107
8265,167;4150
8266,167;9069
8267,167;89
8268,167;82
8269,167;91
8270,167;99
8271,167;4132
8272,167;9083
8273,167;87
8274,167;92
8275,167;84
8276,167;78
8277,167;4140
8278,167;9073
8279,167;76
8280,167;95
8281,167;88
8282,167;98
8283,167;4139
8284,073;9049
8285,073;79
8286,073;97
8287,073;81
8288,073;102
8289,073;4112
8290,073;9077
8291,073;84
8292,073;97
8293,073;90
8294,073;100
8295,073;4133
8296,073;9056
8297,073;86
8298,073;86
8299,073;83
8300,073;96
8301,073;4129
8302,073;9053
8303,073;88
8304,073;87
8305,073;106
8306,073;96
8307,073;4262
8308,073;8934
8309,073;88
8310,073;95
8311,073;92
8312,073;95
8313,073;4140
8314,073;9078
8315,073;92
8316,073;106
8317,073;91
8318,073;123
8319,073;4155
8320,073;9062
8321,073;81
8322,073;73
8323,073;90
8324,073;88
8325,073;4156
8326,073;9063
8327,073;91
8328,073;94
8329,073;104
8330,073;92
8331,073;4128
8332,073;9074
8333,073;81
8334,073;84
8335,073;95
8336,073;95
8337,073;4143
8338,073;9068
8339,073;94
8340,073;87
8341,073;102
8342,073;92
8343,073;4131
8344,073;9104
8345,073;83
8346,073;70
8347,073;76
8348,073;88
8349,073;4111
8350,073;9061
8351,073;88
8352,073;86
8353,073;77
8354,073;102
8355,073;4103
8356,073;9081
8357,073;75
8358,073;82
8359,073;78
8360,073;100
8361,073;4124
8362,073;9097
8363,073;78
8364,073;95
8365,073;91
8366,073;98
8367,073;4129
8368,073;9072
8369,073;83
8370,073;98
8371,073;75
8372,073;107
8373,073;4134
8374,073;9076
8375,073;104
8376,073;100
8377,073;98
8378,073;103
8379,073;4142
8380,073;9059
8381,073;91
8382,073;91
8383,073;103
8384,073;90
8385,704;4203
8386,704;8957
8387,704;68
8388,704;93
8389,704;84
8390,704;115
8391,704;4120
8392,704;9073
8393,704;74
8394,704;72
8395,704;88
8396,704;99
8397,704;4126
8398,704;9070
8399,704;95
8400,704;97
8401,704;88
8402,704;100
8403,704;4101
8404,704;9106
8405,704;91
8406,704;91
8407,704;100
8408,704;99
8409,704;4126
8410,704;9071
8411,704;95
8412,704;109
8413,704;108
8414,704;115
8415,704;4124
8416,704;9097
8417,704;80
8418,704;105
8419,704;92
8420,704;103
8421,704;4080
8422,704;9102
8423,704;96
8424,704;101
8425,704;104
8426,704;108
8427,704;4135
8428,704;9091
8429,704;104
8430,704;107
8431,704;90
8432,704;96
8433,704;4135
8434,704;9096
8435,704;101
8436,704;91
8437,704;89
8438,704;100
8439,704;4143
8440,704;9109
8441,704;86
8442,704;91
8443,704;106
8444,704;94
8445,704;4118
8446,704;9103
8447,704;79
8448,704;112
8449,704;102
8450,704;104
8451,704;4118
8452,704;9085
8453,704;87
8454,704;87
8455,704;119
8456,704;97
8457,704;4116
8458,704;9082
8459,704;87
8460,704;92
8461,704;94
8462,704;104
8463,704;4112
8464,704;9080
8465,704;93
8466,704;104
8467,704;103
8468,704;102
8469,704;4114
8470,704;9089
8471,704;88
8472,704;88
8473,704;114
8474,704;110
8475,704;4135
8476,704;9097
8477,704;87
8478,704;98
8479,704;84
8480,704;103
8481,704;4130
8482,704;9101
8483,704;84
8484,704;83
8485,704;88
8486,059;96
8487,059;4166
8488,059;9063
8489,059;83
8490,059;97
8491,059;101
8492,059;100
8493,059;4142
8494,059;9120
8495,059;95
8496,059;112
8497,059;98
8498,059;87
8499,059;4117
8500,059;9095
8501,059;82
8502,059;81
8503,059;79
8504,059;93
8505,059;4138
8506,059;9118
8507,059;90
8508,059;99
8509,059;121
8510,059;89
8511,059;4129
8512,059;9102
8513,059;87
8514,059;95
8515,059;96
8516,059;106
8517,059;4128
8518,059;9126
8519,059;96
8520,059;73
8521,059;88
8522,059;94
8523,059;4107
8524,059;9083
8525,059;65
8526,059;80
8527,059;94
8528,059;97
8529,059;4087
8530,059;9142
8531,059;86
8532,059;90
8533,059;99
8534,059;118
8535,059;4102
8536,059;9105
8537,059;76
8538,059;83
8539,059;74
8540,059;82
8541,059;3776
8542,059;9149
8543,059;93
8544,059;72
8545,059;88
8546,059;107
8547,059;4053
8548,059;9085
8549,059;79
8550,059;105
8551,059;96
8552,059;85
8553,059;4098
8554,059;9124
8555,059;85
8556,059;84
8557,059;82
8558,059;83
8559,059;4111
8560,059;9129
8561,059;107
8562,059;99
8563,059;89
8564,059;86
8565,059;4099
8566,059;9098
8567,059;80
8568,059;100
8569,059;96
8570,059;106
8571,059;4096
8572,059;9097
8573,059;93
8574,059;98
8575,059;94
8576,059;94
8577,059;4114
8578,059;9109
8579,059;90
8580,059;91
8581,059;100
8582,059;116
8583,059;4111
8584,059;9098
8585,059;93
8586,059;96
8587,346;93
8588,346;99
8589,346;4105
8590,346;9141
8591,346;84
8592,346;99
8593,346;109
8594,346;90
8595,346;4105
8596,346;9116
8597,346;91
8598,346;99
8599,346;97
8600,346;95
8601,346;4115
8602,346;9113
8603,346;97
8604,346;96
8605,346;79
8606,346;101
8607,346;4095
8608,346;9124
8609,346;105
8610,346;107
8611,346;99
8612,346;89
8613,346;4116
8614,346;9118
8615,346;87
8616,346;93
8617,346;85
8618,346;99
8619,346;4100
8620,346;9088
8621,346;93
8622,346;80
8623,346;87
8624,346;101
8625,346;4084
8626,346;9080
8627,346;93
8628,346;102
8629,346;76
8630,346;89
8631,346;4105
8632,346;9108
8633,346;91
8634,346;108
8635,346;109
8636,346;106
8637,346;4095
8638,346;9100
8639,346;102
8640,346;95
8641,346;109
8642,346;102
8643,346;4075
8644,346;9113
8645,346;98
8646,346;94
8647,346;94
8648,346;94
8649,346;4082
8650,346;9120
8651,346;90
8652,346;100
8653,346;111
8654,346;94
8655,346;4104
8656,346;9151
8657,346;102
8658,346;93
8659,346;80
8660,346;86
8661,346;4052
8662,346;9107
8663,346;96
8664,346;94
8665,346;87
8666,346;104
8667,346;4090
8668,346;9118
8669,346;75
8670,346;104
8671,346;84
8672,346;103
8673,346;4099
8674,346;9124
8675,346;89
8676,346;103
8677,346;89
8678,346;97
8679,346;4085
8680,346;9125
8681,346;96
8682,346;102
8683,346;99
8684,346;94
8685,346;4050
8686,346;9092
8687,346;91
8688,346;85
8689,346;78
8690,346;115
8691,346;4095
8692,346;9130
8693,346;87
8694,346;115
8695,346;84
8696,346;100
8697,346;4066
8698,346;9123
8699,346;99
8700,346;94
8701,346;79
8702,346;84
8703,346;4087
8704,346;9129
8705,346;102
8706,346;82
8707,346;88
8708,346;85
8709,346;4089
8710,346;9149
8711,346;76
8712,346;89
8713,346;83
8714,346;103
8715,346;4094
8716,346;9162
8717,346;79
8718,346;116
8719,346;107
8720,346;104
8721,346;4070
8722,346;9132
8723,346;100
8724,346;111
8725,346;102
8726,346;104
8727,346;4091
8728,346;9133
8729,346;86
8730,346;98
8731,346;96
8732,346;79
8733,346;4110
8734,346;9150
8735,346;96
8736,346;101
8737,346;85
8738,346;107
8739,346;4072
8740,346;9133
8741,346;100
8742,346;97
8743,346;89
8744,346;94
8745,346;4147
8746,346;9084
8747,346;75
8748,346;95
8749,346;101
8750,346;96
8751,346;4069
8752,346;9129
8753,346;85
8754,346;91
8755,346;109
8756,346;88
8757,346;4061
8758,346;9143
8759,346;96
8760,346;92
8761,346;93
8762,346;106
8763,346;4044
8764,346;9145
8765,346;98
8766,346;92
8767,346;94
8768,346;99
8769,346;4053
8770,346;9148
8771,346;78
8772,346;99
8773,346;74
8774,346;110
8775,346;4034
8776,346;9162
8777,346;85
8778,346;90
8779,346;99
8780,346;83
8781,346;4067
8782,346;9131
8783,346;90
8784,346;107
8785,346;112
8786,346;101
8787,346;4050
8788,346;9127
8789,591;79
8790,591;99
8791,591;84
8792,591;111
8793,591;4047
8794,591;9142
8795,591;88
8796,591;82
8797,591;90
8798,591;86
8799,591;4056
8800,591;9125
8801,591;71
8802,591;84
8803,591;88
8804,591;105
8805,591;4037
8806,591;9114
8807,591;77
8808,591;73
8809,591;74
8810,591;80
8811,591;4032
8812,591;9143
8813,591;85
8814,591;99
8815,591;88
8816,591;98
8817,591;4038
8818,591;9170
8819,591;85
8820,591;86
8821,591;88
8822,591;92
8823,591;4047
8824,591;9141
8825,591;81
8826,591;66
8827,591;82
8828,591;95
8829,591;4025
8830,591;9147
8831,591;99
8832,591;88
8833,591;90
8834,591;88
8835,591;4052
8836,591;9124
8837,591;78
8838,591;62
8839,591;75
8840,591;90
8841,591;4011
8842,591;9153
8843,591;83
8844,591;90
8845,591;93
8846,591;84
8847,591;4019
8848,591;9169
8849,591;78
8850,591;84
8851,591;78
8852,591;77
8853,591;3696
8854,591;9188
8855,591;77
8856,591;76
8857,591;80
8858,591;97
8859,591;3980
8860,591;9162
8861,591;69
8862,591;89
8863,591;86
8864,591;82
8865,591;4015
8866,591;9171
8867,591;75
8868,591;96
8869,591;86
8870,591;97
8871,591;4023
8872,591;9159
8873,591;72
8874,591;63
8875,591;89
8876,591;78
8877,591;4030
8878,591;9141
8879,591;86
8880,591;76
8881,591;89
8882,591;104
8883,591;4036
8884,591;9152
8885,591;95
8886,591;91
8887,591;94
8888,591;85
8889,591;4003
8890,839;9160
8891,839;81
8892,839;82
8893,839;81
8894,839;78
8895,839;4023
8896,839;9169
8897,839;75
8898,839;90
8899,839;106
8900,839;77
8901,839;4013
8902,839;9185
8903,839;72
8904,839;76
8905,839;99
8906,839;97
8907,839;4038
8908,839;9165
8909,839;92
8910,839;93
8911,839;104
8912,839;106
8913,839;4111
8914,839;9080
8915,839;89
8916,839;75
8917,839;101
8918,839;83
8919,839;4013
8920,839;9182
8921,839;97
8922,839;104
8923,839;99
8924,839;74
8925,839;4032
8926,839;9163
8927,839;104
8928,839;76
8929,839;99
8930,839;99
8931,839;4069
8932,839;9114
8933,839;82
8934,839;83
8935,839;84
8936,839;85
8937,839;4050
8938,839;9163
8939,839;81
8940,839;87
8941,839;97
8942,839;115
8943,839;4018
8944,839;9176
8945,839;77
8946,839;105
8947,839;91
8948,839;88
8949,839;4033
8950,839;9183
8951,839;89
8952,839;98
8953,839;75
8954,839;98
8955,839;4032
8956,839;9154
8957,839;75
8958,839;95
8959,839;82
8960,839;88
8961,839;4019
8962,839;9165
8963,839;78
8964,839;111
8965,839;98
8966,839;94
8967,839;4037
8968,839;9152
8969,839;72
8970,839;77
8971,839;108
8972,839;104
8973,839;4020
8974,839;9160
8975,839;97
8976,839;94
8977,839;98
8978,839;102
8979,839;4045
8980,839;9182
8981,839;92
8982,839;105
8983,839;102
8984,839;112
8985,839;4001
8986,839;9185
8987,839;85
8988,839;88
8989,839;90
8990,839;91
8991,069;3997
8992,069;9214
8993,069;93
8994,069;97
8995,069;76
8996,069;102
8997,069;4042
8998,069;9159
8999,069;116
9000,069;92
9001,069;120
9002,069;118
9003,069;4028
9004,069;9184
9005,069;92
9006,069;119
9007,069;110
9008,069;88
9009,069;4003
9010,069;9200
9011,069;84
9012,069;89
9013,069;104
9014,069;91
9015,069;4017
9016,069;9191
9017,069;78
9018,069;93
9019,069;93
9020,069;90
9021,069;4035
9022,069;9181
9023,069;109
9024,069;91
9025,069;110
9026,069;96
9027,069;3995
9028,069;9181
9029,069;82
9030,069;104
9031,069;99
9032,069;101
9033,069;4059
9034,069;9157
9035,069;92
9036,069;99
9037,069;90
9038,069;111
9039,069;4047
9040,069;9184
9041,069;79
9042,069;92
9043,069;107
9044,069;100
9045,069;4023
9046,069;9181
9047,069;102
9048,069;101
9049,069;104
9050,069;90
9051,069;4020
9052,069;9163
9053,069;82
9054,069;93
9055,069;94
9056,069;100
9057,069;4014
9058,069;9207
9059,069;93
9060,069;92
9061,069;110
9062,069;121
9063,069;4024
9064,069;9193
9065,069;66
9066,069;104
9067,069;90
9068,069;102
9069,069;4022
9070,069;9194
9071,069;84
9072,069;98
9073,069;112
9074,069;110
9075,069;4037
9076,069;9189
9077,069;84
9078,069;105
9079,069;100
9080,069;115
9081,069;4024
9082,069;9194
9083,069;87
9084,069;92
9085,069;74
9086,069;99
9087,069;4017
9088,069;9231
9089,069;83
9090,069;91
9091,069;93
9093,068;97
9094,068;4010
9095,068;9187
9096,068;92
9097,068;96
9098,068;100
9099,068;114
9100,068;4032
9101,068;9179
9102,068;67
9103,068;96
9104,068;104
9105,068;93
9106,068;4032
9107,068;9224
9108,068;90
9109,068;110
9110,068;98
9111,068;112
9112,068;4007
9113,068;9161
9114,068;74
9115,068;114
9116,068;101
9117,068;110
9118,068;4048
9119,068;9188
9120,068;74
9121,068;88
9122,068;82
9123,068;116
9124,068;4007
9125,068;9217
9126,068;89
9127,068;94
9128,068;100
9129,068;79
9130,068;4022
9131,068;9180
9132,068;91
9133,068;87
9134,068;106
9135,068;96
9136,068;4038
9137,068;9177
9138,068;95
9139,068;91
9140,068;79
9141,068;86
9142,068;4019
9143,068;9197
9144,068;93
9145,068;98
9146,068;93
9147,068;82
9148,068;4017
9149,068;9192
9150,068;85
9151,068;95
9152,068;94
9153,068;91
9154,068;4013
9155,068;9201
9156,068;70
9157,068;87
9158,068;114
9159,068;92
9160,068;4002
9161,068;9220
9162,068;74
9163,068;108
9164,068;91
9165,068;89
9166,068;3668
9167,068;9214
9168,068;94
9169,068;99
9170,068;105
9171,068;86
9172,068;3931
9173,068;9195
9174,068;79
9175,068;88
9176,068;85
9177,068;95
9178,068;4004
9179,068;9201
9180,068;91
9181,068;82
9182,068;94
9183,068;99
9184,068;3977
9185,068;9199
9186,068;81
9187,068;84
9188,068;90
9189,068;88
9190,068;4006
9191,068;9219
9192,068;90
9193,068;79
9194,068;109
9195,068;93
9196,068;4029
9197,068;9224
9198,068;83
9199,068;101
9200,068;102
9201,068;106
9202,068;4006
9203,068;9206
9204,068;92
9205,068;91
9206,068;87
9207,068;83
9208,068;4010
9209,068;9224
9210,068;98
9211,068;123
9212,068;96
9213,068;97
9214,068;4005
9215,068;9192
9216,068;80
9217,068;103
9218,068;107
9219,068;97
9220,068;4003
9221,068;9208
9222,068;91
9223,068;71
9224,068;93
9225,068;107
9226,068;4031
9227,068;9217
9228,068;89
9229,068;99
9230,068;86
9231,068;89
9232,068;3997
9233,068;9226
9234,068;82
9235,068;104
9236,068;99
9237,068;119
9238,068;4016
9239,068;9207
9240,068;86
9241,068;84
9242,068;80
9243,068;97
9244,068;3996
9245,068;9215
9246,068;93
9247,068;90
9248,068;91
9249,068;94
9250,068;3966
9251,068;9224
9252,068;91
9253,068;101
9254,068;98
9255,068;87
9256,068;4003
9257,068;9186
9258,068;101
9259,068;98
9260,068;106
9261,068;89
9262,068;3989
9263,068;9202
9264,068;91
9265,068;92
9266,068;104
9267,068;96
9268,068;3982
9269,068;9242
9270,068;73
9271,068;95
9272,068;94
9273,068;81
9274,068;3995
9275,068;9202
9276,068;81
9277,068;79
9278,068;89
9279,068;98
9280,068;3987
9281,068;9236
9282,068;90
9283,068;97
9284,068;98
9285,068;107
9286,068;3983
9287,068;9231
9288,068;83
9289,068;91
9290,068;101
9291,068;98
9292,068;3976
9293,068;9239
9294,068;91
9295,198;83
9296,198;105
9297,198;90
9298,198;3968
9299,198;9230
9300,198;93
9301,198;99
9302,198;106
9303,198;98
9304,198;3995
9305,198;9209
9306,198;89
9307,198;97
9308,198;86
9309,198;93
9310,198;3969
9311,198;9218
9312,198;88
9313,198;100
9314,198;95
9315,198;86
9316,198;3996
9317,198;9227
9318,198;72
9319,198;81
9320,198;79
9321,198;110
9322,198;3947
9323,198;9233
9324,198;88
9325,198;79
9326,198;91
9327,198;92
9328,198;3961
9329,198;9234
9330,198;92
9331,198;85
9332,198;105
9333,198;113
9334,198;3980
9335,198;9236
9336,198;68
9337,198;91
9338,198;94
9339,198;100
9340,198;4005
9341,198;9216
9342,198;73
9343,198;105
9344,198;106
9345,198;95
9346,198;3979
9347,198;9240
9348,198;77
9349,198;90
9350,198;102
9351,198;101
9352,198;3974
9353,198;9236
9354,198;109
9355,198;89
9356,198;99
9357,198;98
9358,198;3978
9359,198;9227
9360,198;74
9361,198;103
9362,198;98
9363,198;96
9364,198;3961
9365,198;9206
9366,198;90
9367,198;106
9368,198;104
9369,198;96
9370,198;3947
9371,198;9245
9372,198;94
9373,198;90
9374,198;96
9375,198;102
9376,198;4014
9377,198;9192
9378,198;86
9379,198;93
9380,198;101
9381,198;110
9382,198;3945
9383,198;9223
9384,198;87
9385,198;84
9386,198;107
9387,198;102
9388,198;3939
9389,198;9216
9390,198;81
9391,198;113
9392,198;96
9393,198;72
9394,198;3999
9395,198;9244
9395,898;75
9396,898;80
9397,898;90
9398,898;90
9399,898;3982
9400,898;9250
9401,898;90
9402,898;84
9403,898;84
9404,898;112
9405,898;4036
9406,898;9157
9407,898;86
9408,898;93
9409,898;91
9410,898;96
9411,898;3977
9412,898;9238
9413,898;81
9414,898;104
9415,898;98
9416,898;99
9417,898;3950
9418,898;9269
9419,898;96
9420,898;85
9421,898;82
9422,898;88
9423,898;3956
9424,898;9239
9425,898;97
9426,898;92
9427,898;86
9428,898;90
9429,898;3933
9430,898;9242
9431,898;81
9432,898;80
9433,898;86
9434,898;89
9435,898;3961
9436,898;9252
9437,898;91
9438,898;104
9439,898;87
9440,898;88
9441,898;3934
9442,898;9234
9443,898;79
9444,898;76
9445,898;87
9446,898;110
9447,898;3956
9448,898;9240
9449,898;89
9450,898;76
9451,898;81
9452,898;90
9453,898;3956
9454,898;9282
9455,898;67
9456,898;92
9457,898;83
9458,898;88
9459,898;3961
9460,898;9251
9461,898;68
9462,898;79
9463,898;94
9464,898;100
9465,898;3953
9466,898;9249
9467,898;86
9468,898;82
9469,898;74
9470,898;97
9471,898;3926
9472,898;9235
9473,898;101
9474,898;69
9475,898;71
9476,898;96
9477,898;3602
9478,898;9297
9479,898;83
9480,898;80
9481,898;79
9482,898;94
9483,898;3870
9484,898;9211
9485,898;87
9486,898;84
9487,898;80
9488,898;88
9489,898;3899
9490,898;9245
9491,898;80
9492,898;81
9493,898;74
9494,898;70
9495,898;3949
9496,933;9268
9497,933;87
9498,933;72
9499,933;84
9500,933;88
9501,933;3910
9502,933;9237
9503,933;86
9504,933;100
9505,933;97
9506,933;114
9507,933;3926
9508,933;9243
9509,933;79
9510,933;84
9511,933;82
9512,933;80
9513,933;3955
9514,933;9247
9515,933;96
9516,933;92
9517,933;96
9518,933;80
9519,933;3901
9520,933;9237
9521,933;70
9522,933;62
9523,933;88
9524,933;100
9525,933;3923
9526,933;9243
9527,933;84
9528,933;70
9529,933;77
9530,933;104
9531,933;3927
9532,933;9275
9533,933;84
9534,933;94
9535,933;96
9536,933;104
9537,933;3919
9538,933;9280
9539,933;88
9540,933;84
9541,933;96
9542,933;91
9543,933;3927
9544,933;9275
9545,933;89
9546,933;69
9547,933;80
9548,933;92
9549,933;3915
9550,933;9245
9551,933;81
9552,933;96
9553,933;86
9554,933;93
9555,933;3915
9556,933;9279
9557,933;72
9558,933;90
9559,933;72
9560,933;85
9561,933;3986
9562,933;9236
9563,933;76
9564,933;99
9565,933;83
9566,933;103
9567,933;3917
9568,933;9276
9569,933;79
9570,933;81
9571,933;106
9572,933;94
9573,933;3946
9574,933;9265
9575,933;76
9576,933;83
9577,933;90
9578,933;95
9579,933;3965
9580,933;9234
9581,933;97
9582,933;87
9583,933;88
9584,933;92
9585,933;3930
9586,933;9259
9587,933;88
9588,933;81
9589,933;90
9590,933;108
9591,933;3943
9592,933;9284
9593,933;89
9594,933;96
9595,933;104
9596,933;96
9596,834;3938
9597,834;9253
9598,834;96
9599,834;103
9600,834;101
9601,834;96
9602,834;3900
9603,834;9324
9604,834;80
9605,834;104
9606,834;93
9607,834;110
9608,834;3922
9609,834;9279
9610,834;107
9611,834;95
9612,834;89
9613,834;103
9614,834;3931
9615,834;9270
9616,834;85
9617,834;110
9618,834;97
9619,834;95
9620,834;3911
9621,834;9284
9622,834;107
9623,834;106
9624,834;89
9625,834;89
9626,834;3935
9627,834;9244
9628,834;95
9629,834;100
9630,834;110
9631,834;91
9632,834;3940
9633,834;9284
9634,834;91
9635,834;108
9636,834;107
9637,834;98
9638,834;3921
9639,834;9267
9640,834;96
9641,834;93
9642,834;94
9643,834;96
9644,834;3929
9645,834;9258
9646,834;95
9647,834;90
9648,834;91
9649,834;94
9650,834;3919
9651,834;9293
9652,834;103
9653,834;104
9654,834;99
9655,834;100
9656,834;3956
9657,834;9282
9658,834;85
9659,834;109
9660,834;101
9661,834;97
9662,834;3933
9663,834;9298
9664,834;93
9665,834;93
9666,834;88
9667,834;107
9668,834;3894
9669,834;9276
9670,834;109
9671,834;79
9672,834;103
9673,834;95
9674,834;3920
9675,834;9294
9676,834;87
9677,834;88
9678,834;78
9679,834;94
9680,834;3930
9681,834;9316
9682,834;83
9683,834;85
9684,834;94
9685,834;88
9686,834;3904
9687,834;9292
9688,834;85
9689,834;92
9690,834;96
9691,834;91
9692,834;4032
9693,834;9192
9694,834;86
9695,834;104
9696,834;88
9698,834;96
9699,834;3941
9700,834;9302
9701,834;90
9702,834;108
9703,834;84
9704,834;73
9705,834;3912
9706,834;9286
9707,834;83
9708,834;87
9709,834;113
9710,834;114
9711,834;3905
9712,834;9309
9713,834;87
9714,834;108
9715,834;101
9716,834;104
9717,834;3929
9718,834;9311
9719,834;92
9720,834;109
9721,834;101
9722,834;105
9723,834;3921
9724,834;9292
9725,834;79
9726,834;97
9727,834;78
9728,834;111
9729,834;3919
9730,834;9303
9731,834;83
9732,834;94
9733,834;68
9734,834;123
9735,834;3929
9736,834;9276
9737,834;88
9738,834;97
9739,834;92
9740,834;95
9741,834;3980
9742,834;9225
9743,834;80
9744,834;80
9745,834;102
9746,834;97
9747,834;3889
9748,834;9287
9749,834;85
9750,834;84
9751,834;97
9752,834;73
9753,834;3936
9754,834;9310
9755,834;90
9756,834;103
9757,834;90
9758,834;92
9759,834;3908
9760,834;9289
9761,834;101
9762,834;91
9763,834;88
9764,834;103
9765,834;3929
9766,834;9304
9767,834;90
9768,834;87
9769,834;87
9770,834;107
9771,834;3902
9772,834;9328
9773,834;80
9774,834;76
9775,834;95
9776,834;111
9777,834;3925
9778,834;9301
9779,834;93
9780,834;98
9781,834;92
9782,834;96
9783,834;3868
9784,834;9295
9785,834;95
9786,834;101
9787,834;99
9788,834;117
9789,834;3511
9790,834;9344
9791,834;75
9792,834;82
9793,834;92
9794,834;88
9795,834;3843
9796,834;9286
9797,834;93
9798,834;77
9799,805;109
9800,805;109
9801,805;3895
9802,805;9261
9803,805;102
9804,805;78
9805,805;101
9806,805;103
9807,805;3939
9808,805;9273
9809,805;94
9810,805;106
9811,805;98
9812,805;108
9813,805;3944
9814,805;9315
9815,805;95
9816,805;95
9817,805;111
9818,805;108
9819,805;3895
9820,805;9321
9821,805;116
9822,805;98
9823,805;99
9824,805;102
9825,805;3910
9826,805;9301
9827,805;92
9828,805;110
9829,805;118
9830,805;109
9831,805;3927
9832,805;9334
9833,805;88
9834,805;89
9835,805;110
9836,805;128
9837,805;3904
9838,805;9309
9839,805;95
9840,805;111
9841,805;92
9842,805;123
9843,805;3904
9844,805;9336
9845,805;90
9846,805;83
9847,805;97
9848,805;99
9849,805;3882
9850,805;9319
9851,805;82
9852,805;92
9853,805;100
9854,805;100
9855,805;3891
9856,805;9322
9857,805;95
9858,805;111
9859,805;77
9860,805;107
9861,805;3884
9862,805;9334
9863,805;91
9864,805;83
9865,805;82
9866,805;93
9867,805;3895
9868,805;9317
9869,805;86
9870,805;96
9871,805;102
9872,805;86
9873,805;3919
9874,805;9314
9875,805;95
9876,805;97
9877,805;86
9878,805;93
9879,805;3889
9880,805;9284
9881,805;81
9882,805;100
9883,805;103
9884,805;99
9885,805;3881
9886,805;9293
9887,805;96
9888,805;98
9889,805;89
9890,805;110
9891,805;3868
9892,805;9340
9893,805;95
9894,805;83
9895,805;108
9896,805;118
9897,805;3893
9898,805;9327
9899,805;93
9901,059;90
9902,059;88
9903,059;99
9904,059;3899
9905,059;9307
9906,059;79
9907,059;84
9908,059;113
9909,059;83
9910,059;3863
9911,059;9309
9912,059;80
9913,059;95
9914,059;90
9915,059;102
9916,059;3871
9917,059;9329
9918,059;94
9919,059;105
9920,059;87
9921,059;112
9922,059;3872
9923,059;9301
9924,059;102
9925,059;89
9926,059;89
9927,059;108
9928,059;3881
9929,059;9324
9930,059;75
9931,059;81
9932,059;90
9933,059;91
9934,059;3869
9935,059;9317
9936,059;79
9937,059;97
9938,059;103
9939,059;87
9940,059;3874
9941,059;9354
9942,059;108
9943,059;116
9944,059;83
9945,059;98
9946,059;3855
9947,059;9314
9948,059;86
9949,059;112
9950,059;106
9951,059;104
9952,059;3866
9953,059;9338
9954,059;91
9955,059;77
9956,059;72
9957,059;97
9958,059;3948
9959,059;9270
9960,059;100
9961,059;93
9962,059;88
9963,059;106
9964,059;3866
9965,059;9344
9966,059;96
9967,059;84
9968,059;102
9969,059;87
9970,059;3858
9971,059;9335
9972,059;93
9973,059;101
9974,059;86
9975,059;107
9976,059;3899
9977,059;9317
9978,059;82
9979,059;78
9980,059;84
9981,059;87
9982,059;3860
9983,059;9349
9984,059;85
9985,059;90
9986,059;94
9987,059;88
9988,059;3868
9989,059;9324
9990,059;99
9991,059;106
9992,059;75
9993,059;89
9994,059;3867
9995,059;9352
9996,059;79
9997,059;91
9998,059;101
9999,059;77
10000,059;3883
10001,059;9348
10001,596;83
10002,596;91
10003,596;92
10004,596;119
10005,596;3864
10006,596;9326
10007,596;92
10008,596;96
10009,596;86
10010,596;92
10011,596;3833
10012,596;9351
10013,596;97
10014,596;93
10015,596;102
10016,596;94
10017,596;3862
10018,596;9357
10019,596;91
10020,596;68
10021,596;93
10022,596;91
10023,596;3867
10024,596;9332
10025,596;77
10026,596;94
10027,596;92
10028,596;95
10029,596;3836
10030,596;9350
10031,596;76
10032,596;74
10033,596;90
10034,596;96
10035,596;3857
10036,596;9316
10037,596;92
10038,596;109
10039,596;92
10040,596;91
10041,596;3853
10042,596;9371
10043,596;76
10044,596;89
10045,596;82
10046,596;80
10047,596;3943
10048,596;9260
10049,596;89
10050,596;77
10051,596;86
10052,596;99
10053,596;3851
10054,596;9348
10055,596;91
10056,596;78
10057,596;79
10058,596;73
10059,596;3829
10060,596;9346
10061,596;85
10062,596;90
10063,596;89
10064,596;93
10065,596;3843
10066,596;9351
10067,596;87
10068,596;96
10069,596;80
10070,596;95
10071,596;3848
10072,596;9342
10073,596;92
10074,596;85
10075,596;88
10076,596;92
10077,596;3842
10078,596;9339
10079,596;79
10080,596;89
10081,596;79
10082,596;79
10083,596;3861
10084,596;9346
10085,596;90
10086,596;83
10087,596;82
10088,596;98
10089,596;3875
10090,596;9284
10091,596;77
10092,596;100
10093,596;87
10094,596;81
10095,596;3841
10096,596;9343
10097,596;98
10098,596;79
10099,596;78
10100,596;103
10101,596;3486
10103,198;9366
10104,198;68
10105,198;77
10106,198;73
10107,198;75
10108,198;3772
10109,198;9309
10110,198;78
10111,198;82
10112,198;74
10113,198;73
10114,198;3845
10115,198;9342
10116,198;85
10117,198;86
10118,198;94
10119,198;86
10120,198;3855
10121,198;9335
10122,198;94
10123,198;111
10124,198;80
10125,198;82
10126,198;3826
10127,198;9354
10128,198;89
10129,198;75
10130,198;69
10131,198;87
10132,198;3829
10133,198;9362
10134,198;83
10135,198;92
10136,198;94
10137,198;86
10138,198;3832
10139,198;9345
10140,198;69
10141,198;94
10142,198;89
10143,198;95
10144,198;3852
10145,198;9305
10146,198;82
10147,198;103
10148,198;102
10149,198;88
10150,198;3812
10151,198;9373
10152,198;100
10153,198;101
10154,198;89
10155,198;89
10156,198;3823
10157,198;9336
10158,198;93
10159,198;91
10160,198;99
10161,198;107
10162,198;3806
10163,198;9328
10164,198;78
10165,198;92
10166,198;86
10167,198;111
10168,198;3804
10169,198;9372
10170,198;79
10171,198;91
10172,198;90
10173,198;104
10174,198;3857
10175,198;9367
10176,198;94
10177,198;89
10178,198;91
10179,198;88
10180,198;3838
10181,198;9369
10182,198;78
10183,198;98
10184,198;90
10185,198;90
10186,198;3835
10187,198;9349
10188,198;84
10189,198;83
10190,198;92
10191,198;81
10192,198;3848
10193,198;9309
10194,198;95
10195,198;93
10196,198;74
10197,198;88
10198,198;3827
10199,198;9354
10200,198;77
10201,198;90
10202,198;96
10203,198;100
10204,198;3810
10205,198;9415
10206,198;84
10207,198;101
10208,198;91
10209,198;103
10210,198;3824
10211,198;9370
10212,198;98
10213,198;108
10214,198;85
10215,198;95
10216,198;3802
10217,198;9362
10218,198;88
10219,198;100
10220,198;102
10221,198;99
10222,198;3829
10223,198;9357
10224,198;102
10225,198;86
10226,198;114
10227,198;98
10228,198;3825
10229,198;9371
10230,198;91
10231,198;89
10232,198;98
10233,198;96
10234,198;3852
10235,198;9357
10236,198;88
10237,198;108
10238,198;86
10239,198;82
10240,198;3814
10241,198;9386
10242,198;93
10243,198;107
10244,198;91
10245,198;102
10246,198;3834
10247,198;9366
10248,198;99
10249,198;90
10250,198;80
10251,198;108
10252,198;3846
10253,198;9364
10254,198;81
10255,198;99
10256,198;88
10257,198;99
10258,198;3840
10259,198;9360
10260,198;81
10261,198;101
10262,198;106
10263,198;67
10264,198;3803
10265,198;9352
10266,198;87
10267,198;81
10268,198;87
10269,198;109
10270,198;3788
10271,198;9392
10272,198;75
10273,198;102
10274,198;104
10275,198;111
10276,198;3837
10277,198;9414
10278,198;87
10279,198;96
10280,198;86
10281,198;85
10282,198;3824
10283,198;9392
10284,198;87
10285,198;91
10286,198;106
10287,198;91
10288,198;3789
10289,198;9354
10290,198;79
10291,198;103
10292,198;92
10293,198;104
10294,198;3826
10295,198;9376
10296,198;77
10297,198;95
10298,198;110
10299,198;79
10300,198;3841
10301,198;9370
10302,198;91
10303,198;93
10304,198;85
10305,296;95
10306,296;3813
10307,296;9385
10308,296;90
10309,296;98
10310,296;97
10311,296;96
10312,296;3900
10313,296;9265
10314,296;96
10315,296;101
10316,296;102
10317,296;102
10318,296;3858
10319,296;9366
10320,296;90
10321,296;97
10322,296;107
10323,296;92
10324,296;3824
10325,296;9373
10326,296;80
10327,296;87
10328,296;97
10329,296;80
10330,296;3804
10331,296;9378
10332,296;102
10333,296;94
10334,296;97
10335,296;92
10336,296;3832
10337,296;9398
10338,296;82
10339,296;98
10340,296;101
10341,296;96
10342,296;3821
10343,296;9382
10344,296;92
10345,296;95
10346,296;113
10347,296;93
10348,296;3829
10349,296;9409
10350,296;69
10351,296;105
10352,296;101
10353,296;102
10354,296;3833
10355,296;9373
10356,296;92
10357,296;120
10358,296;84
10359,296;115
10360,296;3822
10361,296;9393
10362,296;98
10363,296;90
10364,296;98
10365,296;85
10366,296;3810
10367,296;9422
10368,296;95
10369,296;97
10370,296;91
10371,296;106
10372,296;3820
10373,296;9413
10374,296;81
10375,296;100
10376,296;127
10377,296;86
10378,296;3814
10379,296;9396
10380,296;76
10381,296;76
10382,296;100
10383,296;107
10384,296;3805
10385,296;9393
10386,296;78
10387,296;82
10388,296;89
10389,296;99
10390,296;3810
10391,296;9388
10392,296;89
10393,296;92
10394,296;102
10395,296;89
10396,296;3812
10397,296;9418
10398,296;87
10399,296;92
10400,296;95
10401,296;94
10402,296;3801
10403,296;9389
10404,296;76
10405,296;84
10405,657;104
10406,657;87
10407,657;3788
10408,657;9417
10409,657;99
10410,657;84
10411,657;82
10412,657;100
10413,657;3511
10414,657;9346
10415,657;86
10416,657;89
10417,657;100
10418,657;93
10419,657;3755
10420,657;9400
10421,657;85
10422,657;87
10423,657;87
10424,657;85
10425,657;3811
10426,657;9415
10427,657;83
10428,657;89
10429,657;98
10430,657;107
10431,657;3820
10432,657;9393
10433,657;97
10434,657;88
10435,657;113
10436,657;104
10437,657;3829
10438,657;9411
10439,657;87
10440,657;105
10441,657;106
10442,657;102
10443,657;3832
10444,657;9404
10445,657;74
10446,657;80
10447,657;96
10448,657;98
10449,657;3802
10450,657;9383
10451,657;91
10452,657;100
10453,657;85
10454,657;94
10455,657;3837
10456,657;9353
10457,657;112
10458,657;121
10459,657;105
10460,657;102
10461,657;3807
10462,657;9392
10463,657;91
10464,657;95
10465,657;88
10466,657;93
10467,657;3803
10468,657;9449
10469,657;97
10470,657;108
10471,657;98
10472,657;104
10473,657;3920
10474,657;9291
10475,657;98
10476,657;85
10477,657;105
10478,657;115
10479,657;3806
10480,657;9431
10481,657;101
10482,657;105
10483,657;99
10484,657;93
10485,657;3807
10486,657;9415
10487,657;100
10488,657;96
10489,657;86
10490,657;94
10491,657;3818
10492,657;9424
10493,657;84
10494,657;94
10495,657;89
10496,657;96
10497,657;3806
10498,657;9403
10499,657;86
10500,657;91
10501,657;106
10502,657;104
10503,657;3799
10504,657;9417
10505,657;97
10506,606;97
10507,606;94
10508,606;97
10509,606;3777
10510,606;9410
10511,606;81
10512,606;100
10513,606;81
10514,606;101
10515,606;3781
10516,606;9413
10517,606;90
10518,606;102
10519,606;96
10520,606;103
10521,606;3768
10522,606;9414
10523,606;92
10524,606;99
10525,606;108
10526,606;95
10527,606;3775
10528,606;9430
10529,606;91
10530,606;96
10531,606;112
10532,606;109
10533,606;3821
10534,606;9381
10535,606;83
10536,606;91
10537,606;99
10538,606;99
10539,606;3793
10540,606;9449
10541,606;84
10542,606;101
10543,606;92
10544,606;97
10545,606;3812
10546,606;9428
10547,606;75
10548,606;120
10549,606;101
10550,606;102
10551,606;3785
10552,606;9383
10553,606;96
10554,606;99
10555,606;109
10556,606;88
10557,606;3777
10558,606;9404
10559,606;92
10560,606;114
10561,606;96
10562,606;72
10563,606;3763
10564,606;9448
10565,606;75
10566,606;97
10567,606;104
10568,606;93
10569,606;3760
10570,606;9428
10571,606;81
10572,606;104
10573,606;93
10574,606;104
10575,606;3868
10576,606;9344
10577,606;74
10578,606;87
10579,606;112
10580,606;114
10581,606;3748
10582,606;9432
10583,606;98
10584,606;87
10585,606;87
10586,606;108
10587,606;3776
10588,606;9423
10589,606;85
10590,606;82
10591,606;85
10592,606;103
10593,606;3744
10594,606;9465
10595,606;94
10596,606;92
10597,606;93
10598,606;120
10599,606;3791
10600,606;9447
10601,606;99
10602,606;100
10603,606;104
10604,606;95
10605,606;3773
10606,606;9412
10607,596;101
10608,596;89
10609,596;88
10610,596;99
10611,596;3765
10612,596;9453
10613,596;99
10614,596;95
10615,596;109
10616,596;89
10617,596;3779
10618,596;9391
10619,596;93
10620,596;100
10621,596;97
10622,596;87
10623,596;3749
10624,596;9444
10625,596;73
10626,596;84
10627,596;90
10628,596;118
10629,596;3757
10630,596;9432
10631,596;114
10632,596;88
10633,596;80
10634,596;86
10635,596;3734
10636,596;9425
10637,596;87
10638,596;106
10639,596;83
10640,596;79
10641,596;3745
10642,596;9428
10643,596;85
10644,596;89
10645,596;102
10646,596;87
10647,596;3762
10648,596;9453
10649,596;73
10650,596;92
10651,596;83
10652,596;95
10653,596;3740
10654,596;9441
10655,596;83
10656,596;87
10657,596;103
10658,596;82
10659,596;3752
10660,596;9431
10661,596;64
10662,596;75
10663,596;93
10664,596;92
10665,596;3717
10666,596;9429
10667,596;66
10668,596;96
10669,596;94
10670,596;73
10671,596;3749
10672,596;9426
10673,596;87
10674,596;74
10675,596;116
10676,596;91
10677,596;3747
10678,596;9435
10679,596;101
10680,596;75
10681,596;80
10682,596;82
10683,596;3713
10684,596;9444
10685,596;84
10686,596;94
10687,596;102
10688,596;86
10689,596;3724
10690,596;9429
10691,596;78
10692,596;80
10693,596;102
10694,596;100
10695,596;3727
10696,596;9423
10697,596;93
10698,596;83
10699,596;77
10700,596;94
10701,596;3739
10702,596;9459
10703,596;73
10704,596;92
10705,596;96
10706,596;83
10707,596;3736
10708,596;9450
10709,596;71
10710,596;83
10711,596;101
10712,596;81
10713,596;3745
10714,596;9466
10715,596;75
10716,596;84
10717,596;83
10718,596;78
10719,596;3750
10720,596;9437
10721,596;106
10722,596;81
10723,596;77
10724,596;91
10725,596;3379
10726,596;9506
10727,596;77
10728,596;73
10729,596;85
10730,596;92
10731,596;3668
10732,596;9472
10733,596;77
10734,596;78
10735,596;78
10736,596;87
10737,596;3713
10738,596;9461
10739,596;86
10740,596;85
10741,596;94
10742,596;97
10743,596;3701
10744,596;9446
10745,596;80
10746,596;70
10747,596;85
10748,596;81
10749,596;3716
10750,596;9426
10751,596;75
10752,596;74
10753,596;93
10754,596;89
10755,596;3758
10756,596;9438
10757,596;73
10758,596;82
10759,596;89
10760,596;87
10761,596;3703
10762,596;9447
10763,596;79
10764,596;77
10765,596;91
10766,596;96
10767,596;3727
10768,596;9469
10769,596;77
10770,596;87
10771,596;79
10772,596;89
10773,596;3764
10774,596;9453
10775,596;100
10776,596;76
10777,596;100
10778,596;88
10779,596;3711
10780,596;9465
10781,596;75
10782,596;78
10783,596;93
10784,596;93
10785,596;3723
10786,596;9467
10787,596;68
10788,596;103
10789,596;102
10790,596;111
10791,596;3727
10792,596;9482
10793,596;84
10794,596;95
10795,596;85
10796,596;74
10797,596;3747
10798,596;9473
10799,596;81
10800,596;94
10801,596;94
10802,596;80
10803,596;3734
10804,596;9463
10805,596;87
10806,596;115
10807,596;97
10808,596;92
10810,082;3704
10811,082;9476
10812,082;91
10813,082;89
10814,082;97
10815,082;107
10816,082;3741
10817,082;9465
10818,082;78
10819,082;89
10820,082;90
10821,082;83
10822,082;3722
10823,082;9454
10824,082;80
10825,082;78
10826,082;94
10827,082;99
10828,082;3706
10829,082;9472
10830,082;81
10831,082;92
10832,082;79
10833,082;107
10834,082;3723
10835,082;9406
10836,082;75
10837,082;101
10838,082;101
10839,082;95
10840,082;3721
10841,082;9475
10842,082;88
10843,082;79
10844,082;85
10845,082;103
10846,082;3706
10847,082;9466
10848,082;91
10849,082;90
10850,082;96
10851,082;87
10852,082;3718
10853,082;9496
10854,082;71
10855,082;112
10856,082;109
10857,082;88
10858,082;3849
10859,082;9354
10860,082;105
10861,082;89
10862,082;106
10863,082;96
10864,082;3724
10865,082;9496
10866,082;103
10867,082;91
10868,082;105
10869,082;102
10870,082;3729
10871,082;9507
10872,082;94
10873,082;103
10874,082;97
10875,082;77
10876,082;3731
10877,082;9470
10878,082;81
10879,082;94
10880,082;87
10881,082;92
10882,082;3716
10883,082;9476
10884,082;100
10885,082;89
10886,082;104
10887,082;98
10888,082;3689
10889,082;9503
10890,082;94
10891,082;89
10892,082;103
10893,082;93
10894,082;3739
10895,082;9462
10896,082;85
10897,082;99
10898,082;102
10899,082;107
10900,082;3718
10901,082;9497
10902,082;82
10903,082;78
10904,082;91
10905,082;84
10906,082;3702
10907,082;9504
10908,082;81
10909,082;112
10910,082;97
10911,077;104
10912,077;3719
10913,077;9480
10914,077;100
10915,077;85
10916,077;106
10917,077;96
10918,077;3708
10919,077;9468
10920,077;110
10921,077;103
10922,077;100
10923,077;75
10924,077;3720
10925,077;9476
10926,077;98
10927,077;101
10928,077;108
10929,077;96
10930,077;3705
10931,077;9458
10932,077;107
10933,077;102
10934,077;81
10935,077;106
10936,077;3729
10937,077;9472
10938,077;93
10939,077;112
10940,077;97
10941,077;104
10942,077;3734
10943,077;9509
10944,077;100
10945,077;95
10946,077;97
10947,077;100
10948,077;3704
10949,077;9497
10950,077;88
10951,077;114
10952,077;81
10953,077;87
10954,077;3723
10955,077;9478
10956,077;115
10957,077;92
10958,077;84
10959,077;84
10960,077;3731
10961,077;9469
10962,077;84
10963,077;122
10964,077;80
10965,077;96
10966,077;3717
10967,077;9483
10968,077;94
10969,077;82
10970,077;98
10971,077;101
10972,077;3704
10973,077;9478
10974,077;83
10975,077;90
10976,077;92
10977,077;98
10978,077;3740
10979,077;9476
10980,077;94
10981,077;109
10982,077;87
10983,077;110
10984,077;3715
10985,077;9480
10986,077;83
10987,077;110
10988,077;103
10989,077;98
10990,077;3699
10991,077;9481
10992,077;77
10993,077;87
10994,077;80
10995,077;96
10996,077;3729
10997,077;9476
10998,077;90
10999,077;102
11000,077;93
11001,077;102
11002,077;3712
11003,077;9484
11004,077;89
11005,077;93
11006,077;102
11007,077;116
11008,077;3711
11009,077;9494
11010,077;82
11011,077;95
11011,861;88
11012,861;103
11013,861;3725
11014,861;9513
11015,861;99
11016,861;91
11017,861;101
11018,861;106
11019,861;3682
11020,861;9498
11021,861;81
11022,861;89
11023,861;113
11024,861;107
11025,861;3743
11026,861;9477
11027,861;94
11028,861;97
11029,861;110
11030,861;82
11031,861;3692
11032,861;9492
11033,861;84
11034,861;95
11035,861;94
11036,861;108
11037,861;3348
11038,861;9533
11039,861;101
11040,861;103
11041,861;97
11042,861;93
11043,861;3658
11044,861;9506
11045,861;92
11046,861;119
11047,861;96
11048,861;117
11049,861;3687
11050,861;9544
11051,861;95
11052,861;83
11053,861;97
11054,861;106
11055,861;3701
11056,861;9514
11057,861;92
11058,861;91
11059,861;104
11060,861;102
11061,861;3715
11062,861;9494
11063,861;84
11064,861;118
11065,861;105
11066,861;94
11067,861;3708
11068,861;9529
11069,861;87
11070,861;86
11071,861;100
11072,861;103
11073,861;3709
11074,861;9527
11075,861;92
11076,861;109
11077,861;101
11078,861;100
11079,861;3722
11080,861;9495
11081,861;94
11082,861;92
11083,861;91
11084,861;107
11085,861;3706
11086,861;9498
11087,861;72
11088,861;115
11089,861;116
11090,861;106
11091,861;3712
11092,861;9529
11093,861;71
11094,861;103
11095,861;120
11096,861;108
11097,861;3698
11098,861;9492
11099,861;89
11100,861;101
11101,861;94
11102,861;89
11103,861;3674
11104,861;9533
11105,861;107
11106,861;111
11107,861;87
11108,861;93
11109,861;3683
11110,861;9517
11111,861;92
11112,371;85
11113,371;105
11114,371;101
11115,371;3700
11116,371;9512
11117,371;88
11118,371;96
11119,371;101
11120,371;90
11121,371;3664
11122,371;9514
11123,371;92
11124,371;95
11125,371;96
11126,371;78
11127,371;3688
11128,371;9508
11129,371;75
11130,371;93
11131,371;91
11132,371;108
11133,371;3674
11134,371;9515
11135,371;89
11136,371;96
11137,371;97
11138,371;93
11139,371;3690
11140,371;9527
11141,371;94
11142,371;103
11143,371;75
11144,371;101
11145,371;3679
11146,371;9506
11147,371;110
11148,371;105
11149,371;113
11150,371;96
11151,371;3695
11152,371;9510
11153,371;93
11154,371;91
11155,371;93
11156,371;120
11157,371;3687
11158,371;9522
11159,371;68
11160,371;89
11161,371;78
11162,371;117
11163,371;3663
11164,371;9537
11165,371;91
11166,371;90
11167,371;102
11168,371;113
11169,371;3658
11170,371;9512
11171,371;98
11172,371;92
11173,371;100
11174,371;94
11175,371;3640
11176,371;9504
11177,371;95
11178,371;100
11179,371;93
11180,371;98
11181,371;3648
11182,371;9525
11183,371;83
11184,371;79
11185,371;86
11186,371;111
11187,371;3645
11188,371;9518
11189,371;90
11190,371;92
11191,371;84
11192,371;79
11193,371;3677
11194,371;9548
11195,371;88
11196,371;104
11197,371;96
11198,371;88
11199,371;3680
11200,371;9525
11201,371;97
11202,371;95
11203,371;84
11204,371;99
11205,371;3669
11206,371;9509
11207,371;84
11208,371;89
11209,371;102
11210,371;108
11211,371;3641
11212,371;9503
11213,604;106
11214,604;96
11215,604;87
11216,604;95
11217,604;3701
11218,604;9518
11219,604;113
11220,604;93
11221,604;106
11222,604;94
11223,604;3665
11224,604;9514
11225,604;90
11226,604;85
11227,604;91
11228,604;96
11229,604;3638
11230,604;9512
11231,604;90
11232,604;98
11233,604;115
11234,604;94
11235,604;3657
11236,604;9554
11237,604;88
11238,604;88
11239,604;106
11240,604;104
11241,604;3637
11242,604;9561
11243,604;73
11244,604;87
11245,604;105
11246,604;104
11247,604;3670
11248,604;9557
11249,604;99
11250,604;89
11251,604;77
11252,604;95
11253,604;3669
11254,604;9513
11255,604;90
11256,604;95
11257,604;90
11258,604;94
11259,604;3656
11260,604;9535
11261,604;69
11262,604;109
11263,604;91
11264,604;92
11265,604;3679
11266,604;9525
11267,604;87
11268,604;91
11269,604;98
11270,604;100
11271,604;3640
11272,604;9565
11273,604;67
11274,604;95
11275,604;95
11276,604;101
11277,604;3642
11278,604;9532
11279,604;67
11280,604;78
11281,604;99
11282,604;91
11283,604;3635
11284,604;9527
11285,604;86
11286,604;98
11287,604;90
11288,604;86
11289,604;3637
11290,604;9535
11291,604;105
11292,604;92
11293,604;85
11294,604;103
11295,604;3647
11296,604;9530
11297,604;98
11298,604;86
11299,604;78
11300,604;91
11301,604;3618
11302,604;9541
11303,604;71
11304,604;86
11305,604;88
11306,604;94
11307,604;3649
11308,604;9541
11309,604;80
11310,604;82
11311,604;85
11312,604;87
11313,604;3714
11314,604;9484
11315,604;84
11316,604;82
11317,604;94
11318,604;88
11319,604;3636
11320,604;9517
11321,604;82
11322,604;75
11323,604;85
11324,604;83
11325,604;3626
11326,604;9556
11327,604;74
11328,604;76
11329,604;91
11330,604;94
11331,604;3623
11332,604;9558
11333,604;73
11334,604;86
11335,604;90
11336,604;96
11337,604;3640
11338,604;9563
11339,604;81
11340,604;80
11341,604;67
11342,604;95
11343,604;3625
11344,604;9549
11345,604;84
11346,604;101
11347,604;82
11348,604;87
11349,604;3228
11350,604;9567
11351,604;76
11352,604;78
11353,604;87
11354,604;88
11355,604;3583
11356,604;9527
11357,604;78
11358,604;80
11359,604;81
11360,604;94
11361,604;3610
11362,604;9541
11363,604;80
11364,604;91
11365,604;87
11366,604;76
11367,604;3609
11368,604;9554
11369,604;88
11370,604;86
11371,604;88
11372,604;92
11373,604;3627
11374,604;9576
11375,604;73
11376,604;85
11377,604;75
11378,604;97
11379,604;3650
11380,604;9563
11381,604;68
11382,604;63
11383,604;95
11384,604;86
11385,604;3626
11386,604;9582
11387,604;66
11388,604;94
11389,604;77
11390,604;81
11391,604;3623
11392,604;9546
11393,604;88
11394,604;91
11395,604;84
11396,604;87
11397,604;3626
11398,604;9580
11399,604;89
11400,604;74
11401,604;73
11402,604;89
11403,604;3604
11404,604;9554
11405,604;88
11406,604;75
11407,604;85
11408,604;104
11409,604;3597
11410,604;9561
11411,604;94
11412,604;97
11413,604;93
11414,604;109
11416,053;3737
11417,053;9448
11418,053;117
11419,053;96
11420,053;99
11421,053;94
11422,053;3603
11423,053;9580
11424,053;99
11425,053;81
11426,053;86
11427,053;108
11428,053;3629
11429,053;9558
11430,053;69
11431,053;98
11432,053;93
11433,053;88
11434,053;3638
11435,053;9582
11436,053;78
11437,053;90
11438,053;88
11439,053;93
11440,053;3634
11441,053;9569
11442,053;78
11443,053;86
11444,053;81
11445,053;98
11446,053;3645
11447,053;9567
11448,053;75
11449,053;93
11450,053;100
11451,053;99
11452,053;3622
11453,053;9582
11454,053;90
11455,053;88
11456,053;104
11457,053;85
11458,053;3621
11459,053;9585
11460,053;78
11461,053;101
11462,053;85
11463,053;84
11464,053;3618
11465,053;9593
11466,053;70
11467,053;81
11468,053;83
11469,053;96
11470,053;3595
11471,053;9564
11472,053;92
11473,053;91
11474,053;99
11475,053;94
11476,053;3643
11477,053;9554
11478,053;109
11479,053;101
11480,053;115
11481,053;74
11482,053;3610
11483,053;9572
11484,053;83
11485,053;95
11486,053;82
11487,053;117
11488,053;3605
11489,053;9584
11490,053;94
11491,053;89
11492,053;105
11493,053;108
11494,053;3625
11495,053;9620
11496,053;96
11497,053;102
11498,053;105
11499,053;96
11500,053;3609
11501,053;9587
11502,053;90
11503,053;91
11504,053;85
11505,053;90
11506,053;3637
11507,053;9551
11508,053;77
11509,053;90
11510,053;100
11511,053;92
11512,053;3624
11513,053;9557
11514,053;104
11515,053;76
11516,053;96
11516,631;93
11517,631;3629
11518,631;9583
11519,631;89
11520,631;96
11521,631;84
11522,631;89
11523,631;3614
11524,631;9592
11525,631;98
11526,631;94
11527,631;88
11528,631;103
11529,631;3563
11530,631;9592
11531,631;104
11532,631;86
11533,631;84
11534,631;101
11535,631;3608
11536,631;9585
11537,631;76
11538,631;82
11539,631;95
11540,631;88
11541,631;3604
11542,631;9529
11543,631;103
11544,631;97
11545,631;104
11546,631;93
11547,631;3603
11548,631;9578
11549,631;105
11550,631;107
11551,631;94
11552,631;92
11553,631;3611
11554,631;9590
11555,631;99
11556,631;97
11557,631;92
11558,631;111
11559,631;3603
11560,631;9602
11561,631;81
11562,631;94
11563,631;101
11564,631;85
11565,631;3607
11566,631;9570
11567,631;104
11568,631;77
11569,631;88
11570,631;97
11571,631;3620
11572,631;9583
11573,631;101
11574,631;98
11575,631;122
11576,631;111
11577,631;3634
11578,631;9567
11579,631;90
11580,631;93
11581,631;86
11582,631;94
11583,631;3611
11584,631;9589
11585,631;100
11586,631;93
11587,631;99
11588,631;98
11589,631;3592
11590,631;9572
11591,631;88
11592,631;102
11593,631;90
11594,631;99
11595,631;3599
11596,631;9573
11597,631;100
11598,631;99
11599,631;89
11600,631;95
11601,631;3625
11602,631;9595
11603,631;84
11604,631;102
11605,631;100
11606,631;84
11607,631;3638
11608,631;9571
11609,631;80
11610,631;107
11611,631;86
11612,631;110
11613,631;3632
11614,631;9587
11615,631;84
11616,631;93
11617,57;94
11618,57;81
11619,57;3613
11620,57;9637
11621,57;88
11622,57;86
11623,57;103
11624,57;101
11625,57;3609
11626,57;9586
11627,57;96
11628,57;73
11629,57;96
11630,57;97
11631,57;3598
11632,57;9594
11633,57;91
11634,57;89
11635,57;95
11636,57;94
11637,57;3628
11638,57;9582
11639,57;93
11640,57;95
11641,57;88
11642,57;92
11643,57;3608
11644,57;9606
11645,57;85
11646,57;107
11647,57;86
11648,57;95
11649,57;3593
11650,57;9587
11651,57;77
11652,57;89
11653,57;87
11654,57;98
11655,57;3600
11656,57;9580
11657,57;101
11658,57;88
11659,57;93
11660,57;90
11661,57;3206
11662,57;9648
11663,57;97
11664,57;79
11665,57;82
11666,57;87
11667,57;3600
11668,57;9525
11669,57;87
11670,57;102
11671,57;104
11672,57;94
11673,57;3609
11674,57;9609
11675,57;75
11676,57;86
11677,57;92
11678,57;87
11679,57;3613
11680,57;9610
11681,57;85
11682,57;118
11683,57;101
11684,57;110
11685,57;3603
11686,57;9605
11687,57;93
11688,57;98
11689,57;112
11690,57;103
11691,57;3610
11692,57;9616
11693,57;92
11694,57;99
11695,57;115
11696,57;95
11697,57;3607
11698,57;9575
11699,57;86
11700,57;104
11701,57;96
11702,57;126
11703,57;3630
11704,57;9590
11705,57;103
11706,57;86
11707,57;95
11708,57;93
11709,57;3575
11710,57;9609
11711,57;84
11712,57;101
11713,57;104
11714,57;93
11715,57;3575
11716,57;9602
11717,57;92
11719,128;106
11720,128;99
11721,128;105
11722,128;3591
11723,128;9607
11724,128;101
11725,128;100
11726,128;93
11727,128;103
11728,128;3590
11729,128;9591
11730,128;79
11731,128;101
11732,128;107
11733,128;88
11734,128;3583
11735,128;9600
11736,128;107
11737,128;90
11738,128;104
11739,128;78
11740,128;3584
11741,128;9631
11742,128;89
11743,128;102
11744,128;89
11745,128;99
11746,128;3571
11747,128;9618
11748,128;96
11749,128;96
11750,128;99
11751,128;89
11752,128;3563
11753,128;9655
11754,128;97
11755,128;85
11756,128;106
11757,128;102
11758,128;3563
11759,128;9635
11760,128;92
11761,128;94
11762,128;87
11763,128;93
11764,128;3591
11765,128;9598
11766,128;96
11767,128;92
11768,128;82
11769,128;96
11770,128;3571
11771,128;9607
11772,128;83
11773,128;80
11774,128;110
11775,128;93
11776,128;3579
11777,128;9636
11778,128;84
11779,128;76
11780,128;98
11781,128;83
11782,128;3564
11783,128;9628
11784,128;74
11785,128;91
11786,128;92
11787,128;101
11788,128;3563
11789,128;9633
11790,128;99
11791,128;85
11792,128;82
11793,128;99
11794,128;3585
11795,128;9590
11796,128;87
11797,128;86
11798,128;74
11799,128;106
11800,128;3623
11801,128;9572
11802,128;98
11803,128;99
11804,128;92
11805,128;94
11806,128;3568
11807,128;9648
11808,128;82
11809,128;91
11810,128;97
11811,128;108
11812,128;3570
11813,128;9610
11814,128;84
11815,128;90
11816,128;88
11817,128;112
11818,128;3580
11819,128;9590
11820,128;88
11821,128;100
11822,128;102
11823,128;113
11824,128;3566
11825,128;9605
11826,128;79
11827,128;95
11828,128;104
11829,128;98
11830,128;3547
11831,128;9607
11832,128;79
11833,128;88
11834,128;107
11835,128;132
11836,128;3558
11837,128;9578
11838,128;82
11839,128;73
11840,128;87
11841,128;95
11842,128;3573
11843,128;9605
11844,128;73
11845,128;95
11846,128;86
11847,128;98
11848,128;3546
11849,128;9601
11850,128;85
11851,128;91
11852,128;81
11853,128;89
11854,128;3567
11855,128;9629
11856,128;73
11857,128;92
11858,128;95
11859,128;96
11860,128;3564
11861,128;9640
11862,128;93
11863,128;90
11864,128;89
11865,128;102
11866,128;3553
11867,128;9644
11868,128;84
11869,128;92
11870,128;91
11871,128;102
11872,128;3558
11873,128;9628
11874,128;98
11875,128;119
11876,128;105
11877,128;79
11878,128;3540
11879,128;9628
11880,128;91
11881,128;90
11882,128;89
11883,128;108
11884,128;3531
11885,128;9651
11886,128;69
11887,128;89
11888,128;90
11889,128;97
11890,128;3534
11891,128;9671
11892,128;72
11893,128;93
11894,128;109
11895,128;94
11896,128;3574
11897,128;9636
11898,128;87
11899,128;81
11900,128;95
11901,128;79
11902,128;3552
11903,128;9634
11904,128;84
11905,128;89
11906,128;84
11907,128;82
11908,128;3531
11909,128;9645
11910,128;82
11911,128;81
11912,128;91
11913,128;90
11914,128;3539
11915,128;9657
11916,128;87
11917,128;88
11918,128;86
11919,128;80
11920,128;3546
11921,217;9660
11922,217;82
11923,217;80
11924,217;92
11925,217;83
11926,217;3527
11927,217;9632
11928,217;103
11929,217;86
11930,217;86
11931,217;91
11932,217;3543
11933,217;9645
11934,217;81
11935,217;80
11936,217;93
11937,217;97
11938,217;3533
11939,217;9660
11940,217;89
11941,217;74
11942,217;86
11943,217;93
11944,217;3549
11945,217;9658
11946,217;79
11947,217;69
11948,217;85
11949,217;94
11950,217;3522
11951,217;9628
11952,217;94
11953,217;72
11954,217;76
11955,217;86
11956,217;3533
11957,217;9644
11958,217;67
11959,217;81
11960,217;87
11961,217;83
11962,217;3490
11963,217;9656
11964,217;74
11965,217;82
11966,217;83
11967,217;78
11968,217;3504
11969,217;9668
11970,217;78
11971,217;59
11972,217;67
11973,217;78
11974,217;3165
11975,217;9654
11976,217;82
11977,217;76
11978,217;85
11979,217;97
11980,217;3461
11981,217;9644
11982,217;70
11983,217;75
11984,217;85
11985,217;71
11986,217;3500
11987,217;9638
11988,217;75
11989,217;100
11990,217;78
11991,217;80
11992,217;3532
11993,217;9642
11994,217;81
11995,217;94
11996,217;71
11997,217;101
11998,217;3531
11999,217;9638
12000,217;79
12001,217;82
12002,217;82
12003,217;85
12004,217;3499
12005,217;9657
12006,217;80
12007,217;82
12008,217;86
12009,217;82
12010,217;3514
12011,217;9661
12012,217;83
12013,217;85
12014,217;90
12015,217;93
12016,217;3516
12017,217;9661
12018,217;96
12019,217;90
12020,217;79
12021,217;111
12021,986;3513
12022,986;9688
12023,986;89
12024,986;81
12025,986;94
12026,986;73
12027,986;3524
12028,986;9650
12029,986;72
12030,986;85
12031,986;83
12032,986;95
12033,986;3539
12034,986;9646
12035,986;68
12036,986;72
12037,986;86
12038,986;107
12039,986;3520
12040,986;9626
12041,986;87
12042,986;85
12043,986;88
12044,986;97
12045,986;3654
12046,986;9542
12047,986;73
12048,986;79
12049,986;89
12050,986;92
12051,986;3520
12052,986;9638
12053,986;92
12054,986;84
12055,986;92
12056,986;86
12057,986;3540
12058,986;9643
12059,986;83
12060,986;92
12061,986;90
12062,986;94
12063,986;3512
12064,986;9670
12065,986;84
12066,986;89
12067,986;117
12068,986;102
12069,986;3515
12070,986;9646
12071,986;81
12072,986;102
12073,986;103
12074,986;91
12075,986;3550
12076,986;9661
12077,986;78
12078,986;87
12079,986;95
12080,986;78
12081,986;3515
12082,986;9657
12083,986;95
12084,986;111
12085,986;93
12086,986;85
12087,986;3507
12088,986;9653
12089,986;70
12090,986;90
12091,986;94
12092,986;87
12093,986;3522
12094,986;9629
12095,986;95
12096,986;89
12097,986;88
12098,986;93
12099,986;3538
12100,986;9691
12101,986;79
12102,986;89
12103,986;91
12104,986;108
12105,986;3522
12106,986;9659
12107,986;91
12108,986;94
12109,986;83
12110,986;101
12111,986;3505
12112,986;9673
12113,986;82
12114,986;108
12115,986;97
12116,986;101
12117,986;3519
12118,986;9672
12119,986;87
12120,986;100
12121,986;93
12122,515;88
12123,515;3506
12124,515;9654
12125,515;75
12126,515;95
12127,515;77
12128,515;113
12129,515;3488
12130,515;9651
12131,515;88
12132,515;89
12133,515;100
12134,515;101
12135,515;3510
12136,515;9682
12137,515;89
12138,515;109
12139,515;107
12140,515;106
12141,515;3511
12142,515;9688
12143,515;90
12144,515;106
12145,515;100
12146,515;84
12147,515;3502
12148,515;9714
12149,515;101
12150,515;100
12151,515;95
12152,515;91
12153,515;3502
12154,515;9681
12155,515;97
12156,515;85
12157,515;93
12158,515;90
12159,515;3503
12160,515;9673
12161,515;93
12162,515;92
12163,515;95
12164,515;109
12165,515;3500
12166,515;9689
12167,515;87
12168,515;111
12169,515;110
12170,515;99
12171,515;3514
12172,515;9691
12173,515;100
12174,515;112
12175,515;101
12176,515;89
12177,515;3514
12178,515;9696
12179,515;96
12180,515;109
12181,515;99
12182,515;105
12183,515;3486
12184,515;9690
12185,515;93
12186,515;104
12187,515;101
12188,515;100
12189,515;3489
12190,515;9702
12191,515;89
12192,515;98
12193,515;91
12194,515;95
12195,515;3503
12196,515;9677
12197,515;114
12198,515;97
12199,515;112
12200,515;91
12201,515;3495
12202,515;9679
12203,515;91
12204,515;104
12205,515;107
12206,515;91
12207,515;3509
12208,515;9686
12209,515;96
12210,515;86
12211,515;89
12212,515;109
12213,515;3511
12214,515;9671
12215,515;85
12216,515;108
12217,515;83
12218,515;93
12219,515;3503
12220,515;9670
12221,515;96
12222,515;96
12223,522;95
12224,522;75
12225,522;3499
12226,522;9697
12227,522;97
12228,522;108
12229,522;91
12230,522;104
12231,522;3573
12232,522;9625
12233,522;81
12234,522;92
12235,522;101
12236,522;106
12237,522;3528
12238,522;9677
12239,522;88
12240,522;82
12241,522;106
12242,522;109
12243,522;3520
12244,522;9683
12245,522;108
12246,522;91
12247,522;109
12248,522;99
12249,522;3473
12250,522;9708
12251,522;87
12252,522;92
12253,522;93
12254,522;124
12255,522;3508
12256,522;9708
12257,522;91
12258,522;101
12259,522;75
12260,522;117
12261,522;3497
12262,522;9710
12263,522;105
12264,522;97
12265,522;103
12266,522;104
12267,522;3483
12268,522;9697
12269,522;83
12270,522;88
12271,522;107
12272,522;98
12273,522;3524
12274,522;9715
12275,522;86
12276,522;99
12277,522;93
12278,522;108
12279,522;3481
12280,522;9688
12281,522;97
12282,522;84
12283,522;97
12284,522;84
12285,522;3143
12286,522;9753
12287,522;81
12288,522;104
12289,522;92
12290,522;91
12291,522;3430
12292,522;9714
12293,522;91
12294,522;121
12295,522;90
12296,522;102
12297,522;3486
12298,522;9694
12299,522;102
12300,522;103
12301,522;103
12302,522;84
12303,522;3469
12304,522;9698
12305,522;94
12306,522;93
12307,522;89
12308,522;92
12309,522;3500
12310,522;9698
12311,522;81
12312,522;106
12313,522;103
12314,522;109
12315,522;3523
12316,522;9717
12317,522;100
12318,522;92
12319,522;88
12320,522;106
12321,522;3470
12322,522;9698
12323,522;111
12324,522;88
12325,522;101
12326,522;97
12327,522;3469
12328,522;9704
12329,522;79
12330,522;92
12331,522;96
12332,522;80
12333,522;3523
12334,522;9679
12335,522;85
12336,522;108
12337,522;100
12338,522;100
12339,522;3504
12340,522;9726
12341,522;83
12342,522;79
12343,522;111
12344,522;99
12345,522;3475
12346,522;9714
12347,522;70
12348,522;92
12349,522;97
12350,522;80
12351,522;3522
12352,522;9719
12353,522;97
12354,522;98
12355,522;109
12356,522;104
12357,522;3514
12358,522;9727
12359,522;89
12360,522;87
12361,522;105
12362,522;105
12363,522;3477
12364,522;9700
12365,522;84
12366,522;90
12367,522;99
12368,522;77
12369,522;3453
12370,522;9708
12371,522;88
12372,522;94
12373,522;98
12374,522;98
12375,522;3486
12376,522;9719
12377,522;98
12378,522;102
12379,522;107
12380,522;107
12381,522;3486
12382,522;9710
12383,522;91
12384,522;97
12385,522;85
12386,522;85
12387,522;3482
12388,522;9703
12389,522;83
12390,522;101
12391,522;114
12392,522;116
12393,522;3457
12394,522;9709
12395,522;84
12396,522;88
12397,522;89
12398,522;90
12399,522;3534
12400,522;9659
12401,522;89
12402,522;106
12403,522;110
12404,522;112
12405,522;3471
12406,522;9732
12407,522;93
12408,522;75
12409,522;94
12410,522;105
12411,522;3467
12412,522;9715
12413,522;92
12414,522;101
12415,522;74
12416,522;104
12417,522;3472
12418,522;9724
12419,522;105
12420,522;83
12421,522;108
12422,522;83
12423,522;3468
12424,522;9683
12425,749;88
12426,749;82
12427,749;90
12428,749;99
12429,749;3450
12430,749;9752
12431,749;80
12432,749;105
12433,749;93
12434,749;106
12435,749;3465
12436,749;9699
12437,749;95
12438,749;82
12439,749;117
12440,749;97
12441,749;3455
12442,749;9760
12443,749;79
12444,749;103
12445,749;94
12446,749;91
12447,749;3467
12448,749;9748
12449,749;65
12450,749;98
12451,749;103
12452,749;104
12453,749;3465
12454,749;9734
12455,749;88
12456,749;75
12457,749;90
12458,749;118
12459,749;3457
12460,749;9737
12461,749;92
12462,749;101
12463,749;101
12464,749;108
12465,749;3542
12466,749;9642
12467,749;76
12468,749;90
12469,749;98
12470,749;96
12471,749;3419
12472,749;9739
12473,749;82
12474,749;90
12475,749;105
12476,749;100
12477,749;3428
12478,749;9741
12479,749;90
12480,749;100
12481,749;108
12482,749;94
12483,749;3438
12484,749;9751
12485,749;85
12486,749;96
12487,749;96
12488,749;99
12489,749;3458
12490,749;9745
12491,749;81
12492,749;92
12493,749;94
12494,749;73
12495,749;3511
12496,749;9700
12497,749;95
12498,749;75
12499,749;75
12500,749;97
12501,749;3543
12502,749;9625
12503,749;97
12504,749;80
12505,749;93
12506,749;94
12507,749;3449
12508,749;9739
12509,749;84
12510,749;94
12511,749;85
12512,749;111
12513,749;3463
12514,749;9708
12515,749;69
12516,749;81
12517,749;106
12518,749;91
12519,749;3449
12520,749;9751
12521,749;84
12522,749;73
12523,749;85
12524,749;110
12525,749;3453
12527,075;9745
12528,075;88
12529,075;79
12530,075;81
12531,075;86
12532,075;3452
12533,075;9756
12534,075;104
12535,075;91
12536,075;93
12537,075;79
12538,075;3456
12539,075;9770
12540,075;84
12541,075;88
12542,075;101
12543,075;91
12544,075;3444
12545,075;9741
12546,075;83
12547,075;82
12548,075;83
12549,075;91
12550,075;3414
12551,075;9730
12552,075;76
12553,075;92
12554,075;79
12555,075;101
12556,075;3549
12557,075;9603
12558,075;85
12559,075;84
12560,075;93
12561,075;89
12562,075;3521
12563,075;9612
12564,075;59
12565,075;83
12566,075;99
12567,075;90
12568,075;3388
12569,075;9728
12570,075;65
12571,075;80
12572,075;83
12573,075;89
12574,075;3424
12575,075;9747
12576,075;62
12577,075;73
12578,075;96
12579,075;86
12580,075;3425
12581,075;9770
12582,075;76
12583,075;100
12584,075;82
12585,075;94
12586,075;3434
12587,075;9756
12588,075;71
12589,075;93
12590,075;101
12591,075;87
12592,075;3419
12593,075;9750
12594,075;75
12595,075;77
12596,075;78
12597,075;77
12598,075;3057
12599,075;9771
12600,075;74
12601,075;91
12602,075;86
12603,075;88
12604,075;3350
12605,075;9755
12606,075;77
12607,075;75
12608,075;89
12609,075;101
12610,075;3412
12611,075;9750
12612,075;66
12613,075;75
12614,075;73
12615,075;78
12616,075;3435
12617,075;9735
12618,075;84
12619,075;84
12620,075;81
12621,075;75
12622,075;3480
12623,075;9680
12624,075;95
12625,075;77
12626,075;83
12627,075;81
12627,295;3413
12628,295;9748
12629,295;80
12630,295;92
12631,295;111
12632,295;86
12633,295;3437
12634,295;9737
12635,295;69
12636,295;96
12637,295;97
12638,295;97
12639,295;3431
12640,295;9750
12641,295;76
12642,295;91
12643,295;100
12644,295;74
12645,295;3424
12646,295;9752
12647,295;91
12648,295;104
12649,295;102
12650,295;92
12651,295;3413
12652,295;9763
12653,295;80
12654,295;85
12655,295;83
12656,295;86
12657,295;3432
12658,295;9742
12659,295;78
12660,295;98
12661,295;96
12662,295;96
12663,295;3407
12664,295;9742
12665,295;79
12666,295;99
12667,295;98
12668,295;87
12669,295;3430
12670,295;9770
12671,295;97
12672,295;110
12673,295;96
12674,295;88
12675,295;3446
12676,295;9732
12677,295;105
12678,295;92
12679,295;108
12680,295;102
12681,295;3412
12682,295;9747
12683,295;85
12684,295;90
12685,295;89
12686,295;103
12687,295;3420
12688,295;9744
12689,295;88
12690,295;88
12691,295;105
12692,295;93
12693,295;3422
12694,295;9756
12695,295;71
12696,295;92
12697,295;94
12698,295;99
12699,295;3450
12700,295;9775
12701,295;89
12702,295;106
12703,295;115
12704,295;94
12705,295;3423
12706,295;9773
12707,295;94
12708,295;94
12709,295;96
12710,295;117
12711,295;3390
12712,295;9779
12713,295;112
12714,295;90
12715,295;81
12716,295;100
12717,295;3401
12718,295;9729
12719,295;68
12720,295;90
12721,295;113
12722,295;112
12723,295;3417
12724,295;9767
12725,295;77
12726,295;98
12727,295;89
12728,548;85
12729,548;3409
12730,548;9757
12731,548;94
12732,548;102
12733,548;98
12734,548;106
12735,548;3424
12736,548;9743
12737,548;96
12738,548;78
12739,548;70
12740,548;101
12741,548;3424
12742,548;9765
12743,548;92
12744,548;90
12745,548;85
12746,548;98
12747,548;3404
12748,548;9767
12749,548;93
12750,548;102
12751,548;98
12752,548;107
12753,548;3406
12754,548;9758
12755,548;100
12756,548;80
12757,548;105
12758,548;92
12759,548;3424
12760,548;9772
12761,548;83
12762,548;100
12763,548;90
12764,548;88
12765,548;3388
12766,548;9773
12767,548;114
12768,548;93
12769,548;102
12770,548;85
12771,548;3399
12772,548;9799
12773,548;99
12774,548;83
12775,548;102
12776,548;100
12777,548;3410
12778,548;9763
12779,548;91
12780,548;85
12781,548;107
12782,548;95
12783,548;3418
12784,548;9784
12785,548;90
12786,548;96
12787,548;97
12788,548;101
12789,548;3433
12790,548;9782
12791,548;95
12792,548;90
12793,548;111
12794,548;102
12795,548;3384
12796,548;9783
12797,548;89
12798,548;95
12799,548;100
12800,548;94
12801,548;3390
12802,548;9765
12803,548;87
12804,548;97
12805,548;104
12806,548;105
12807,548;3386
12808,548;9787
12809,548;89
12810,548;100
12811,548;95
12812,548;104
12813,548;3417
12814,548;9777
12815,548;89
12816,548;82
12817,548;87
12818,548;117
12819,548;3408
12820,548;9817
12821,548;100
12822,548;95
12823,548;105
12824,548;110
12825,548;3401
12826,548;9774
12827,548;100
12828,548;94
12829,548;95
12830,548;112
12831,548;3432
12832,548;9796
12833,548;75
12834,548;85
12835,548;99
12836,548;81
12837,548;3416
12838,548;9775
12839,548;82
12840,548;98
12841,548;87
12842,548;106
12843,548;3408
12844,548;9773
12845,548;85
12846,548;109
12847,548;113
12848,548;97
12849,548;3373
12850,548;9786
12851,548;87
12852,548;97
12853,548;108
12854,548;121
12855,548;3422
12856,548;9788
12857,548;87
12858,548;82
12859,548;98
12860,548;114
12861,548;3412
12862,548;9752
12863,548;95
12864,548;97
12865,548;99
12866,548;108
12867,548;3380
12868,548;9771
12869,548;91
12870,548;89
12871,548;119
12872,548;85
12873,548;3413
12874,548;9772
12875,548;81
12876,548;82
12877,548;100
12878,548;87
12879,548;3411
12880,548;9786
12881,548;104
12882,548;83
12883,548;84
12884,548;101
12885,548;3388
12886,548;9805
12887,548;102
12888,548;94
12889,548;101
12890,548;79
12891,548;3415
12892,548;9797
12893,548;84
12894,548;105
12895,548;100
12896,548;111
12897,548;3408
12898,548;9785
12899,548;104
12900,548;102
12901,548;106
12902,548;99
12903,548;3364
12904,548;9784
12905,548;102
12906,548;86
12907,548;95
12908,548;99
12909,548;3031
12910,548;9820
12911,548;108
12912,548;89
12913,548;118
12914,548;100
12915,548;3364
12916,548;9794
12917,548;81
12918,548;101
12919,548;93
12920,548;120
12921,548;3371
12922,548;9823
12923,548;102
12924,548;89
12925,548;91
12926,548;106
12927,548;3369
12928,548;9805
12929,548;104
12930,27;96
12931,27;110
12932,27;109
12933,27;3391
12934,27;9817
12935,27;85
12936,27;94
12937,27;92
12938,27;98
12939,27;3407
12940,27;9794
12941,27;88
12942,27;90
12943,27;84
12944,27;106
12945,27;3375
12946,27;9782
12947,27;82
12948,27;110
12949,27;90
12950,27;87
12951,27;3394
12952,27;9807
12953,27;103
12954,27;80
12955,27;98
12956,27;99
12957,27;3393
12958,27;9788
12959,27;96
12960,27;94
12961,27;110
12962,27;101
12963,27;3395
12964,27;9802
12965,27;90
12966,27;97
12967,27;113
12968,27;95
12969,27;3383
12970,27;9809
12971,27;83
12972,27;92
12973,27;93
12974,27;87
12975,27;3396
12976,27;9813
12977,27;77
12978,27;92
12979,27;103
12980,27;104
12981,27;3364
12982,27;9794
12983,27;100
12984,27;91
12985,27;94
12986,27;104
12987,27;3373
12988,27;9780
12989,27;103
12990,27;108
12991,27;109
12992,27;84
12993,27;3385
12994,27;9840
12995,27;91
12996,27;106
12997,27;93
12998,27;98
12999,27;3364
13000,27;9823
13001,27;88
13002,27;101
13003,27;97
13004,27;101
13005,27;3475
13006,27;9712
13007,27;67
13008,27;93
13009,27;94
13010,27;110
13011,27;3330
13012,27;9812
13013,27;90
13014,27;86
13015,27;108
13016,27;100
13017,27;3366
13018,27;9787
13019,27;87
13020,27;119
13021,27;87
13022,27;84
13023,27;3376
13024,27;9840
13025,27;106
13026,27;94
13027,27;99
13028,27;96
13029,27;3317
13030,27;9807
13031,152;98
13032,152;92
13033,152;101
13034,152;96
13035,152;3392
13036,152;9818
13037,152;84
13038,152;97
13039,152;87
13040,152;89
13041,152;3340
13042,152;9817
13043,152;78
13044,152;92
13045,152;99
13046,152;99
13047,152;3357
13048,152;9797
13049,152;81
13050,152;97
13051,152;83
13052,152;92
13053,152;3370
13054,152;9797
13055,152;106
13056,152;99
13057,152;70
13058,152;114
13059,152;3347
13060,152;9820
13061,152;76
13062,152;84
13063,152;100
13064,152;101
13065,152;3384
13066,152;9800
13067,152;86
13068,152;83
13069,152;106
13070,152;115
13071,152;3364
13072,152;9857
13073,152;81
13074,152;102
13075,152;100
13076,152;100
13077,152;3378
13078,152;9820
13079,152;92
13080,152;102
13081,152;89
13082,152;99
13083,152;3341
13084,152;9835
13085,152;98
13086,152;104
13087,152;105
13088,152;87
13089,152;3336
13090,152;9803
13091,152;84
13092,152;92
13093,152;97
13094,152;84
13095,152;3344
13096,152;9837
13097,152;80
13098,152;100
13099,152;96
13100,152;101
13101,152;3325
13102,152;9854
13103,152;97
13104,152;95
13105,152;92
13106,152;94
13107,152;3410
13108,152;9778
13109,152;83
13110,152;95
13111,152;104
13112,152;86
13113,152;3353
13114,152;9822
13115,152;85
13116,152;82
13117,152;103
13118,152;101
13119,152;3359
13120,152;9846
13121,152;89
13122,152;87
13123,152;84
13124,152;96
13125,152;3363
13126,152;9825
13127,152;71
13128,152;79
13129,152;101
13130,152;77
13131,152;3318
13132,201;9829
13133,201;76
13134,201;87
13135,201;102
13136,201;106
13137,201;3354
13138,201;9813
13139,201;76
13140,201;88
13141,201;118
13142,201;90
13143,201;3348
13144,201;9847
13145,201;84
13146,201;76
13147,201;117
13148,201;83
13149,201;3317
13150,201;9835
13151,201;71
13152,201;80
13153,201;91
13154,201;79
13155,201;3364
13156,201;9838
13157,201;77
13158,201;91
13159,201;87
13160,201;106
13161,201;3316
13162,201;9844
13163,201;82
13164,201;85
13165,201;88
13166,201;110
13167,201;3345
13168,201;9817
13169,201;95
13170,201;83
13171,201;88
13172,201;85
13173,201;3354
13174,201;9817
13175,201;66
13176,201;81
13177,201;92
13178,201;103
13179,201;3320
13180,201;9846
13181,201;92
13182,201;92
13183,201;100
13184,201;82
13185,201;3331
13186,201;9827
13187,201;88
13188,201;97
13189,201;94
13190,201;91
13191,201;3329
13192,201;9866
13193,201;77
13194,201;90
13195,201;92
13196,201;83
13197,201;3346
13198,201;9845
13199,201;59
13200,201;88
13201,201;73
13202,201;102
13203,201;3306
13204,201;9832
13205,201;63
13206,201;76
13207,201;87
13208,201;80
13209,201;3296
13210,201;9864
13211,201;84
13212,201;77
13213,201;94
13214,201;88
13215,201;3329
13216,201;9859
13217,201;78
13218,201;88
13219,201;68
13220,201;93
13221,201;2945
13222,201;9895
13223,201;91
13224,201;86
13225,201;83
13226,201;78
13227,201;3247
13228,201;9858
13229,201;84
13230,201;90
13231,201;77
13232,201;87
13233,219;3321
13234,219;9879
13235,219;60
13236,219;75
13237,219;97
13238,219;95
13239,219;3310
13240,219;9866
13241,219;89
13242,219;70
13243,219;83
13244,219;82
13245,219;3310
13246,219;9860
13247,219;67
13248,219;97
13249,219;95
13250,219;88
13251,219;3304
13252,219;9857
13253,219;76
13254,219;84
13255,219;81
13256,219;95
13257,219;3331
13258,219;9861
13259,219;70
13260,219;88
13261,219;82
13262,219;99
13263,219;3307
13264,219;9835
13265,219;96
13266,219;85
13267,219;90
13268,219;84
13269,219;3325
13270,219;9852
13271,219;80
13272,219;74
13273,219;102
13274,219;91
13275,219;3336
13276,219;9867
13277,219;88
13278,219;91
13279,219;82
13280,219;101
13281,219;3338
13282,219;9866
13283,219;95
13284,219;91
13285,219;112
13286,219;89
13287,219;3314
13288,219;9867
13289,219;92
13290,219;89
13291,219;84
13292,219;100
13293,219;3351
13294,219;9856
13295,219;82
13296,219;97
13297,219;86
13298,219;95
13299,219;3330
13300,219;9870
13301,219;102
13302,219;91
13303,219;94
13304,219;99
13305,219;3305
13306,219;9865
13307,219;97
13308,219;106
13309,219;85
13310,219;99
13311,219;3319
13312,219;9863
13313,219;78
13314,219;78
13315,219;96
13316,219;95
13317,219;3340
13318,219;9826
13319,219;88
13320,219;80
13321,219;106
13322,219;85
13323,219;3303
13324,219;9876
13325,219;81
13326,219;98
13327,219;81
13328,219;106
13329,219;3316
13330,219;9876
13331,219;93
13332,219;87
13333,219;107
13334,219;109
13335,219;3315
13336,219;9893
13337,219;86
13338,219;92
13339,219;102
13340,219;112
13341,219;3304
13342,219;9869
13343,219;102
13344,219;76
13345,219;84
13346,219;93
13347,219;3312
13348,219;9875
13349,219;84
13350,219;83
13351,219;96
13352,219;95
13353,219;3338
13354,219;9845
13355,219;103
13356,219;84
13357,219;90
13358,219;89
13359,219;3313
13360,219;9877
13361,219;101
13362,219;99
13363,219;96
13364,219;82
13365,219;3275
13366,219;9895
13367,219;90
13368,219;117
13369,219;101
13370,219;93
13371,219;3296
13372,219;9896
13373,219;87
13374,219;96
13375,219;106
13376,219;86
13377,219;3303
13378,219;9879
13379,219;100
13380,219;83
13381,219;83
13382,219;89
13383,219;3287
13384,219;9878
13385,219;85
13386,219;85
13387,219;91
13388,219;81
13389,219;3285
13390,219;9891
13391,219;99
13392,219;89
13393,219;99
13394,219;100
13395,219;3300
13396,219;9888
13397,219;93
13398,219;94
13399,219;95
13400,219;78
13401,219;3298
13402,219;9883
13403,219;100
13404,219;93
13405,219;90
13406,219;98
13407,219;3276
13408,219;9860
13409,219;107
13410,219;87
13411,219;76
13412,219;106
13413,219;3309
13414,219;9895
13415,219;82
13416,219;84
13417,219;100
13418,219;112
13419,219;3303
13420,219;9870
13421,219;83
13422,219;84
13423,219;99
13424,219;97
13425,219;3282
13426,219;9891
13427,219;101
13428,219;101
13429,219;86
13430,219;100
13431,219;3303
13432,219;9901
13433,219;98
13434,219;83
13435,962;120
13436,962;86
13437,962;3282
13438,962;9881
13439,962;97
13440,962;97
13441,962;97
13442,962;101
13443,962;3297
13444,962;9896
13445,962;78
13446,962;99
13447,962;98
13448,962;101
13449,962;3279
13450,962;9871
13451,962;99
13452,962;86
13453,962;91
13454,962;111
13455,962;3313
13456,962;9899
13457,962;106
13458,962;98
13459,962;91
13460,962;87
13461,962;3288
13462,962;9875
13463,962;100
13464,962;118
13465,962;102
13466,962;99
13467,962;3289
13468,962;9877
13469,962;83
13470,962;95
13471,962;105
13472,962;106
13473,962;3329
13474,962;9902
13475,962;89
13476,962;83
13477,962;106
13478,962;98
13479,962;3304
13480,962;9900
13481,962;98
13482,962;100
13483,962;85
13484,962;96
13485,962;3301
13486,962;9883
13487,962;95
13488,962;104
13489,962;99
13490,962;93
13491,962;3279
13492,962;9892
13493,962;78
13494,962;112
13495,962;106
13496,962;95
13497,962;3305
13498,962;9902
13499,962;98
13500,962;102
13501,962;103
13502,962;102
13503,962;3282
13504,962;9909
13505,962;115
13506,962;92
13507,962;104
13508,962;91
13509,962;3273
13510,962;9902
13511,962;97
13512,962;116
13513,962;93
13514,962;111
13515,962;3306
13516,962;9882
13517,962;85
13518,962;110
13519,962;95
13520,962;89
13521,962;3281
13522,962;9903
13523,962;83
13524,962;120
13525,962;118
13526,962;101
13527,962;3287
13528,962;9904
13529,962;99
13530,962;103
13531,962;87
13532,962;100
13533,962;2943
13534,962;9937
13535,962;84
13536,114;92
13537,114;112
13538,114;97
13539,114;3224
13540,114;9892
13541,114;95
13542,114;96
13543,114;93
13544,114;113
13545,114;3273
13546,114;9883
13547,114;110
13548,114;77
13549,114;104
13550,114;97
13551,114;3284
13552,114;9899
13553,114;93
13554,114;108
13555,114;95
13556,114;108
13557,114;3308
13558,114;9916
13559,114;99
13560,114;111
13561,114;95
13562,114;105
13563,114;3280
13564,114;9918
13565,114;92
13566,114;94
13567,114;102
13568,114;117
13569,114;3272
13570,114;9892
13571,114;80
13572,114;91
13573,114;119
13574,114;92
13575,114;3303
13576,114;9896
13577,114;97
13578,114;113
13579,114;125
13580,114;103
13581,114;3278
13582,114;9881
13583,114;100
13584,114;100
13585,114;81
13586,114;96
13587,114;3294
13588,114;9884
13589,114;98
13590,114;116
13591,114;95
13592,114;108
13593,114;3256
13594,114;9896
13595,114;104
13596,114;95
13597,114;100
13598,114;97
13599,114;3301
13600,114;9922
13601,114;84
13602,114;91
13603,114;111
13604,114;106
13605,114;3254
13606,114;9918
13607,114;90
13608,114;75
13609,114;76
13610,114;101
13611,114;3272
13612,114;9921
13613,114;93
13614,114;86
13615,114;99
13616,114;114
13617,114;3292
13618,114;9903
13619,114;96
13620,114;105
13621,114;115
13622,114;109
13623,114;3260
13624,114;9941
13625,114;64
13626,114;85
13627,114;87
13628,114;106
13629,114;3241
13630,114;9930
13631,114;82
13632,114;85
13633,114;96
13634,114;97
13635,114;3284
13636,114;9901
13637,95;89
13638,95;81
13639,95;82
13640,95;110
13641,95;3265
13642,95;9908
13643,95;103
13644,95;104
13645,95;103
13646,95;96
13647,95;3256
13648,95;9927
13649,95;95
13650,95;90
13651,95;84
13652,95;103
13653,95;3252
13654,95;9916
13655,95;81
13656,95;85
13657,95;80
13658,95;81
13659,95;3253
13660,95;9924
13661,95;96
13662,95;99
13663,95;87
13664,95;111
13665,95;3254
13666,95;9932
13667,95;77
13668,95;97
13669,95;98
13670,95;100
13671,95;3273
13672,95;9914
13673,95;66
13674,95;84
13675,95;107
13676,95;106
13677,95;3252
13678,95;9941
13679,95;85
13680,95;87
13681,95;101
13682,95;91
13683,95;3297
13684,95;9855
13685,95;76
13686,95;87
13687,95;116
13688,95;93
13689,95;3223
13690,95;9904
13691,95;91
13692,95;81
13693,95;95
13694,95;108
13695,95;3246
13696,95;9884
13697,95;78
13698,95;93
13699,95;90
13700,95;78
13701,95;3263
13702,95;9949
13703,95;78
13704,95;94
13705,95;107
13706,95;96
13707,95;3226
13708,95;9930
13709,95;93
13710,95;83
13711,95;101
13712,95;119
13713,95;3258
13714,95;9897
13715,95;83
13716,95;89
13717,95;102
13718,95;93
13719,95;3269
13720,95;9940
13721,95;90
13722,95;104
13723,95;91
13724,95;117
13725,95;3246
13726,95;9928
13727,95;79
13728,95;102
13729,95;79
13730,95;97
13731,95;3231
13732,95;9943
13733,95;95
13734,95;86
13735,95;74
13736,95;92
13737,95;3257
13739,077;9932
13740,077;64
13741,077;67
13742,077;103
13743,077;104
13744,077;3246
13745,077;9940
13746,077;89
13747,077;69
13748,077;106
13749,077;96
13750,077;3244
13751,077;9938
13752,077;75
13753,077;102
13754,077;100
13755,077;108
13756,077;3249
13757,077;9937
13758,077;93
13759,077;91
13760,077;93
13761,077;92
13762,077;3231
13763,077;9925
13764,077;84
13765,077;82
13766,077;98
13767,077;102
13768,077;3211
13769,077;9951
13770,077;84
13771,077;88
13772,077;87
13773,077;75
13774,077;3238
13775,077;9954
13776,077;79
13777,077;97
13778,077;98
13779,077;102
13780,077;3235
13781,077;9959
13782,077;84
13783,077;83
13784,077;69
13785,077;95
13786,077;3234
13787,077;9905
13788,077;83
13789,077;102
13790,077;80
13791,077;100
13792,077;3259
13793,077;9926
13794,077;86
13795,077;91
13796,077;96
13797,077;107
13798,077;3327
13799,077;9841
13800,077;74
13801,077;108
13802,077;94
13803,077;100
13804,077;3224
13805,077;9933
13806,077;66
13807,077;78
13808,077;90
13809,077;108
13810,077;3232
13811,077;9958
13812,077;72
13813,077;84
13814,077;77
13815,077;85
13816,077;3254
13817,077;9944
13818,077;79
13819,077;71
13820,077;88
13821,077;87
13822,077;3240
13823,077;9947
13824,077;73
13825,077;80
13826,077;87
13827,077;92
13828,077;3198
13829,077;9935
13830,077;72
13831,077;75
13832,077;90
13833,077;91
13834,077;3227
13835,077;9927
13836,077;71
13837,077;88
13838,077;73
13839,077;103
13840,077;3214
13841,077;9962
13842,077;77
13843,077;80
13844,077;90
13845,077;75
13846,077;2830
13847,077;9974
13848,077;72
13849,077;90
13850,077;89
13851,077;87
13852,077;3162
13853,077;9943
13854,077;78
13855,077;90
13856,077;83
13857,077;87
13858,077;3248
13859,077;9948
13860,077;68
13861,077;81
13862,077;87
13863,077;104
13864,077;3199
13865,077;9940
13866,077;93
13867,077;83
13868,077;87
13869,077;93
13870,077;3197
13871,077;9936
13872,077;83
13873,077;89
13874,077;90
13875,077;74
13876,077;3233
13877,077;9965
13878,077;68
13879,077;93
13880,077;84
13881,077;104
13882,077;3212
13883,077;9970
13884,077;69
13885,077;93
13886,077;86
13887,077;89
13888,077;3208
13889,077;9929
13890,077;69
13891,077;82
13892,077;93
13893,077;83
13894,077;3233
13895,077;9965
13896,077;83
13897,077;92
13898,077;106
13899,077;101
13900,077;3307
13901,077;9940
13902,077;82
13903,077;93
13904,077;90
13905,077;84
13906,077;3242
13907,077;9976
13908,077;91
13909,077;90
13910,077;103
13911,077;86
13912,077;3218
13913,077;9956
13914,077;75
13915,077;81
13916,077;97
13917,077;99
13918,077;3237
13919,077;9955
13920,077;78
13921,077;101
13922,077;99
13923,077;98
13924,077;3210
13925,077;9910
13926,077;93
13927,077;87
13928,077;104
13929,077;78
13930,077;3182
13931,077;9958
13932,077;77
13933,077;79
13934,077;92
13935,077;88
13936,077;3221
13937,077;9996
13938,077;74
13939,077;97
13940,077;101
13940,291;89
13941,291;3199
13942,291;9963
13943,291;89
13944,291;114
13945,291;107
13946,291;98
13947,291;3160
13948,291;9975
13949,291;87
13950,291;101
13951,291;82
13952,291;88
13953,291;3210
13954,291;9968
13955,291;87
13956,291;101
13957,291;98
13958,291;85
13959,291;3174
13960,291;9958
13961,291;86
13962,291;98
13963,291;97
13964,291;97
13965,291;3211
13966,291;9974
13967,291;80
13968,291;102
13969,291;88
13970,291;88
13971,291;3207
13972,291;9970
13973,291;98
13974,291;98
13975,291;88
13976,291;86
13977,291;3202
13978,291;9989
13979,291;93
13980,291;80
13981,291;105
13982,291;85
13983,291;3194
13984,291;9986
13985,291;76
13986,291;97
13987,291;78
13988,291;97
13989,291;3176
13990,291;9951
13991,291;78
13992,291;93
13993,291;87
13994,291;87
13995,291;3192
13996,291;9984
13997,291;80
13998,291;93
13999,291;77
14000,291;97
14001,291;3221
14002,291;9933
14003,291;85
14004,291;108
14005,291;99
14006,291;107
14007,291;3165
14008,291;9966
14009,291;81
14010,291;86
14011,291;96
14012,291;95
14013,291;3195
14014,291;9968
14015,291;80
14016,291;92
14017,291;79
14018,291;113
14019,291;3182
14020,291;9958
14021,291;82
14022,291;88
14023,291;93
14024,291;106
14025,291;3197
14026,291;9977
14027,291;80
14028,291;105
14029,291;95
14030,291;99
14031,291;3185
14032,291;9961
14033,291;94
14034,291;94
14035,291;86
14036,291;93
14037,291;3234
14038,291;9935
14039,291;101
14040,291;87
14041,787;98
14042,787;97
14043,787;3185
14044,787;9961
14045,787;83
14046,787;96
14047,787;105
14048,787;102
14049,787;3192
14050,787;9980
14051,787;77
14052,787;89
14053,787;112
14054,787;97
14055,787;3194
14056,787;10003
14057,787;105
14058,787;106
14059,787;98
14060,787;102
14061,787;3190
14062,787;9962
14063,787;86
14064,787;112
14065,787;90
14066,787;101
14067,787;3175
14068,787;9999
14069,787;100
14070,787;116
14071,787;99
14072,787;106
14073,787;3219
14074,787;9973
14075,787;86
14076,787;105
14077,787;92
14078,787;96
14079,787;3215
14080,787;9994
14081,787;79
14082,787;112
14083,787;84
14084,787;106
14085,787;3209
14086,787;10005
14087,787;89
14088,787;91
14089,787;80
14090,787;115
14091,787;3215
14092,787;9985
14093,787;73
14094,787;91
14095,787;90
14096,787;86
14097,787;3238
14098,787;10003
14099,787;79
14100,787;108
14101,787;99
14102,787;88
14103,787;3169
14104,787;9997
14105,787;93
14106,787;116
14107,787;112
14108,787;114
14109,787;3180
14110,787;10003
14111,787;90
14112,787;105
14113,787;109
14114,787;127
14115,787;3210
14116,787;9975
14117,787;113
14118,787;101
14119,787;94
14120,787;106
14121,787;3176
14122,787;9999
14123,787;95
14124,787;96
14125,787;104
14126,787;110
14127,787;3166
14128,787;9981
14129,787;81
14130,787;94
14131,787;93
14132,787;107
14133,787;3209
14134,787;9975
14135,787;78
14136,787;100
14137,787;91
14138,787;75
14139,787;3173
14140,787;9954
14141,787;79
14142,109;88
14143,109;101
14144,109;108
14145,109;3203
14146,109;9983
14147,109;74
14148,109;116
14149,109;97
14150,109;98
14151,109;3190
14152,109;9998
14153,109;88
14154,109;91
14155,109;123
14156,109;93
14157,109;2904
14158,109;10010
14159,109;102
14160,109;115
14161,109;92
14162,109;123
14163,109;3148
14164,109;9984
14165,109;87
14166,109;97
14167,109;107
14168,109;108
14169,109;3158
14170,109;10022
14171,109;83
14172,109;110
14173,109;99
14174,109;97
14175,109;3281
14176,109;9959
14177,109;107
14178,109;89
14179,109;100
14180,109;105
14181,109;3162
14182,109;10009
14183,109;84
14184,109;95
14185,109;100
14186,109;96
14187,109;3192
14188,109;9992
14189,109;84
14190,109;88
14191,109;100
14192,109;110
14193,109;3173
14194,109;9991
14195,109;71
14196,109;107
14197,109;100
14198,109;114
14199,109;3200
14200,109;9987
14201,109;88
14202,109;111
14203,109;108
14204,109;107
14205,109;3200
14206,109;9983
14207,109;81
14208,109;91
14209,109;101
14210,109;109
14211,109;3221
14212,109;9987
14213,109;86
14214,109;98
14215,109;95
14216,109;104
14217,109;3212
14218,109;10011
14219,109;104
14220,109;105
14221,109;101
14222,109;128
14223,109;3204
14224,109;10036
14225,109;72
14226,109;106
14227,109;121
14228,109;98
14229,109;3171
14230,109;9988
14231,109;94
14232,109;100
14233,109;98
14234,109;100
14235,109;3194
14236,109;10009
14237,109;81
14238,109;94
14239,109;90
14240,109;103
14241,109;3185
14242,109;10005
14244,286;107
14245,286;99
14246,286;111
14247,286;86
14248,286;3162
14249,286;10002
14250,286;86
14251,286;97
14252,286;106
14253,286;111
14254,286;3219
14255,286;10006
14256,286;90
14257,286;77
14258,286;112
14259,286;90
14260,286;3182
14261,286;10029
14262,286;86
14263,286;112
14264,286;83
14265,286;97
14266,286;3183
14267,286;9996
14268,286;82
14269,286;104
14270,286;97
14271,286;98
14272,286;3188
14273,286;10020
14274,286;79
14275,286;96
14276,286;116
14277,286;88
14278,286;3190
14279,286;10020
14280,286;90
14281,286;106
14282,286;109
14283,286;93
14284,286;3178
14285,286;10002
14286,286;86
14287,286;89
14288,286;97
14289,286;100
14290,286;3157
14291,286;10006
14292,286;77
14293,286;95
14294,286;85
14295,286;101
14296,286;3188
14297,286;10036
14298,286;82
14299,286;89
14300,286;100
14301,286;103
14302,286;3172
14303,286;10016
14304,286;79
14305,286;121
14306,286;90
14307,286;103
14308,286;3166
14309,286;10036
14310,286;75
14311,286;90
14312,286;99
14313,286;91
14314,286;3159
14315,286;10047
14316,286;86
14317,286;81
14318,286;94
14319,286;106
14320,286;3177
14321,286;9999
14322,286;98
14323,286;80
14324,286;88
14325,286;98
14326,286;3180
14327,286;10027
14328,286;102
14329,286;101
14330,286;74
14331,286;86
14332,286;3144
14333,286;10040
14334,286;67
14335,286;101
14336,286;91
14337,286;104
14338,286;3160
14339,286;10024
14340,286;91
14341,286;90
14342,286;90
14343,286;98
14344,286;3175
14344,962;10047
14345,962;71
14346,962;98
14347,962;78
14348,962;100
14349,962;3159
14350,962;10025
14351,962;90
14352,962;80
14353,962;98
14354,962;96
14355,962;3219
14356,962;9951
14357,962;84
14358,962;83
14359,962;101
14360,962;99
14361,962;3149
14362,962;10013
14363,962;88
14364,962;108
14365,962;84
14366,962;83
14367,962;3144
14368,962;10047
14369,962;100
14370,962;92
14371,962;94
14372,962;116
14373,962;3167
14374,962;10023
14375,962;83
14376,962;72
14377,962;107
14378,962;94
14379,962;3157
14380,962;10027
14381,962;89
14382,962;90
14383,962;106
14384,962;86
14385,962;3160
14386,962;10040
14387,962;84
14388,962;101
14389,962;99
14390,962;83
14391,962;3146
14392,962;10040
14393,962;79
14394,962;95
14395,962;85
14396,962;95
14397,962;3137
14398,962;10025
14399,962;94
14400,962;78
14401,962;102
14402,962;91
14403,962;3166
14404,962;10045
14405,962;80
14406,962;80
14407,962;91
14408,962;100
14409,962;3144
14410,962;10037
14411,962;81
14412,962;89
14413,962;106
14414,962;74
14415,962;3164
14416,962;10026
14417,962;100
14418,962;82
14419,962;83
14420,962;85
14421,962;3141
14422,962;10024
14423,962;80
14424,962;81
14425,962;110
14426,962;91
14427,962;3137
14428,962;10045
14429,962;78
14430,962;85
14431,962;88
14432,962;88
14433,962;3136
14434,962;10049
14435,962;80
14436,962;70
14437,962;89
14438,962;91
14439,962;3145
14440,962;10045
14441,962;77
14442,962;97
14443,962;92
14444,962;86
14445,962;3108
14446,962;10062
14447,962;72
14448,962;86
14449,962;72
14450,962;89
14451,962;3159
14452,962;10024
14453,962;66
14454,962;83
14455,962;73
14456,962;80
14457,962;3152
14458,962;10059
14459,962;80
14460,962;79
14461,962;91
14462,962;84
14463,962;3087
14464,962;10051
14465,962;89
14466,962;80
14467,962;86
14468,962;100
14469,962;2763
14470,962;10095
14471,962;79
14472,962;82
14473,962;88
14474,962;65
14475,962;3088
14476,962;10059
14477,962;61
14478,962;82
14479,962;91
14480,962;96
14481,962;3114
14482,962;10082
14483,962;84
14484,962;94
14485,962;86
14486,962;87
14487,962;3109
14488,962;10022
14489,962;69
14490,962;89
14491,962;83
14492,962;89
14493,962;3153
14494,962;10048
14495,962;78
14496,962;83
14497,962;102
14498,962;109
14499,962;3119
14500,962;10055
14501,962;86
14502,962;96
14503,962;102
14504,962;114
14505,962;3109
14506,962;10071
14507,962;82
14508,962;79
14509,962;86
14510,962;89
14511,962;3143
14512,962;10058
14513,962;88
14514,962;102
14515,962;77
14516,962;89
14517,962;3148
14518,962;10063
14519,962;77
14520,962;110
14521,962;98
14522,962;86
14523,962;3148
14524,962;10051
14525,962;81
14526,962;88
14527,962;73
14528,962;93
14529,962;3129
14530,962;10079
14531,962;80
14532,962;97
14533,962;97
14534,962;99
14535,962;3153
14536,962;10048
14537,962;77
14538,962;103
14539,962;84
14540,962;91
14541,962;3134
14542,962;10099
14543,962;69
14544,962;80
14545,962;100
14546,642;107
14547,642;3217
14548,642;9938
14549,642;102
14550,642;98
14551,642;91
14552,642;98
14553,642;3129
14554,642;10070
14555,642;98
14556,642;84
14557,642;87
14558,642;101
14559,642;3117
14560,642;10072
14561,642;71
14562,642;96
14563,642;95
14564,642;95
14565,642;3110
14566,642;10074
14567,642;93
14568,642;102
14569,642;98
14570,642;96
14571,642;3115
14572,642;10075
14573,642;81
14574,642;75
14575,642;90
14576,642;96
14577,642;3163
14578,642;10060
14579,642;78
14580,642;89
14581,642;99
14582,642;108
14583,642;3085
14584,642;10073
14585,642;67
14586,642;99
14587,642;81
14588,642;102
14589,642;3122
14590,642;10067
14591,642;81
14592,642;80
14593,642;90
14594,642;100
14595,642;3134
14596,642;10081
14597,642;87
14598,642;92
14599,642;90
14600,642;98
14601,642;3144
14602,642;10049
14603,642;76
14604,642;97
14605,642;94
14606,642;109
14607,642;3089
14608,642;10045
14609,642;78
14610,642;105
14611,642;109
14612,642;97
14613,642;3126
14614,642;10045
14615,642;99
14616,642;87
14617,642;97
14618,642;107
14619,642;3163
14620,642;10047
14621,642;99
14622,642;87
14623,642;88
14624,642;96
14625,642;3145
14626,642;10049
14627,642;83
14628,642;87
14629,642;103
14630,642;105
14631,642;3134
14632,642;10078
14633,642;70
14634,642;97
14635,642;105
14636,642;96
14637,642;3139
14638,642;10060
14639,642;80
14640,642;93
14641,642;95
14642,642;111
14643,642;3094
14644,642;10082
14645,642;90
14646,642;95
14646,809;95
14647,809;85
14648,809;3104
14649,809;10110
14650,809;93
14651,809;85
14652,809;99
14653,809;114
14654,809;3131
14655,809;10052
14656,809;96
14657,809;100
14658,809;96
14659,809;103
14660,809;3105
14661,809;10082
14662,809;77
14663,809;98
14664,809;99
14665,809;107
14666,809;3084
14667,809;10075
14668,809;102
14669,809;92
14670,809;85
14671,809;91
14672,809;3123
14673,809;10096
14674,809;92
14675,809;91
14676,809;87
14677,809;83
14678,809;3098
14679,809;10070
14680,809;87
14681,809;94
14682,809;85
14683,809;100
14684,809;3110
14685,809;10065
14686,809;90
14687,809;97
14688,809;87
14689,809;94
14690,809;3141
14691,809;10076
14692,809;85
14693,809;91
14694,809;101
14695,809;100
14696,809;3125
14697,809;10050
14698,809;102
14699,809;112
14700,809;93
14701,809;106
14702,809;3100
14703,809;10095
14704,809;94
14705,809;103
14706,809;93
14707,809;85
14708,809;3120
14709,809;10092
14710,809;81
14711,809;98
14712,809;86
14713,809;94
14714,809;3139
14715,809;10101
14716,809;101
14717,809;106
14718,809;108
14719,809;103
14720,809;3155
14721,809;10039
14722,809;91
14723,809;87
14724,809;98
14725,809;103
14726,809;3091
14727,809;10092
14728,809;89
14729,809;109
14730,809;103
14731,809;86
14732,809;3124
14733,809;10072
14734,809;86
14735,809;88
14736,809;110
14737,809;108
14738,809;3120
14739,809;10070
14740,809;92
14741,809;86
14742,809;99
14743,809;85
14744,809;3103
14745,809;10080
14746,809;91
14749,02;93
14750,02;91
14751,02;106
14752,02;3103
14753,02;10082
14754,02;92
14755,02;112
14756,02;102
14757,02;114
14758,02;3133
14759,02;10105
14760,02;82
14761,02;108
14762,02;90
14763,02;100
14764,02;3120
14765,02;10086
14766,02;91
14767,02;91
14768,02;111
14769,02;94
14770,02;3112
14771,02;10069
14772,02;81
14773,02;96
14774,02;111
14775,02;103
14776,02;3123
14777,02;10104
14778,02;92
14779,02;112
14780,02;102
14781,02;93
14782,02;2718
14783,02;10133
14784,02;85
14785,02;109
14786,02;97
14787,02;109
14788,02;3000
14789,02;10098
14790,02;82
14791,02;83
14792,02;94
14793,02;109
14794,02;3138
14795,02;10099
14796,02;70
14797,02;114
14798,02;104
14799,02;101
14800,02;3122
14801,02;10081
14802,02;113
14803,02;105
14804,02;94
14805,02;100
14806,02;3101
14807,02;10096
14808,02;111
14809,02;89
14810,02;104
14811,02;83
14812,02;3117
14813,02;10102
14814,02;86
14815,02;106
14816,02;111
14817,02;114
14818,02;3121
14819,02;10108
14820,02;102
14821,02;83
14822,02;81
14823,02;102
14824,02;3145
14825,02;10053
14826,02;91
14827,02;110
14828,02;112
14829,02;96
14830,02;3106
14831,02;10099
14832,02;110
14833,02;101
14834,02;125
14835,02;111
14836,02;3100
14837,02;10070
14838,02;94
14839,02;92
14840,02;97
14841,02;105
14842,02;3095
14843,02;10096
14844,02;91
14845,02;92
14846,02;95
14847,02;105
14848,02;3065
14849,02;10093
14849,921;100
14850,921;89
14851,921;96
14852,921;89
14853,921;3124
14854,921;10086
14855,921;59
14856,921;105
14857,921;95
14858,921;99
14859,921;3090
14860,921;10106
14861,921;96
14862,921;101
14863,921;86
14864,921;95
14865,921;3095
14866,921;10099
14867,921;86
14868,921;88
14869,921;88
14870,921;94
14871,921;3085
14872,921;10103
14873,921;67
14874,921;97
14875,921;99
14876,921;116
14877,921;3060
14878,921;10106
14879,921;91
14880,921;96
14881,921;102
14882,921;97
14883,921;3073
14884,921;10086
14885,921;81
14886,921;100
14887,921;89
14888,921;106
14889,921;3057
14890,921;10121
14891,921;103
14892,921;88
14893,921;92
14894,921;91
14895,921;3105
14896,921;10111
14897,921;74
14898,921;110
14899,921;105
14900,921;95
14901,921;3085
14902,921;10100
14903,921;86
14904,921;90
14905,921;103
14906,921;103
14907,921;3071
14908,921;10127
14909,921;75
14910,921;108
14911,921;102
14912,921;83
14913,921;3062
14914,921;10102
14915,921;82
14916,921;87
14917,921;94
14918,921;104
14919,921;3049
14920,921;10133
14921,921;110
14922,921;81
14923,921;80
14924,921;110
14925,921;3081
14926,921;10091
14927,921;95
14928,921;99
14929,921;88
14930,921;89
14931,921;3086
14932,921;10136
14933,921;94
14934,921;86
14935,921;97
14936,921;83
14937,921;3068
14938,921;10118
14939,921;77
14940,921;90
14941,921;84
14942,921;105
14943,921;3078
14944,921;10116
14945,921;87
14946,921;88
14947,921;89
14948,921;103
14949,921;3050
14950,921;10108
14951,921;89
14952,921;99
14953,921;90
14954,921;95
14955,921;3096
14956,921;10110
14957,921;77
14958,921;87
14959,921;77
14960,921;120
14961,921;3070
14962,921;10124
14963,921;90
14964,921;83
14965,921;112
14966,921;87
14967,921;3027
14968,921;10126
14969,921;75
14970,921;87
14971,921;92
14972,921;103
14973,921;3090
14974,921;10119
14975,921;93
14976,921;94
14977,921;88
14978,921;88
14979,921;3068
14980,921;10123
14981,921;84
14982,921;96
14983,921;109
14984,921;97
14985,921;3140
14986,921;10043
14987,921;87
14988,921;92
14989,921;95
14990,921;92
14991,921;3062
14992,921;10139
14993,921;85
14994,921;94
14995,921;105
14996,921;99
14997,921;3074
14998,921;10141
14999,921;81
15000,921;72
15001,921;96
15002,921;94
15003,921;3062
15004,921;10121
15005,921;81
15006,921;95
15007,921;104
15008,921;85
15009,921;3034
15010,921;10099
15011,921;81
15012,921;91
15013,921;84
15014,921;94
15015,921;3061
15016,921;10127
15017,921;81
15018,921;83
15019,921;98
15020,921;96
15021,921;3063
15022,921;10141
15023,921;82
15024,921;101
15025,921;102
15026,921;95
15027,921;3035
15028,921;10145
15029,921;84
15030,921;91
15031,921;86
15032,921;86
15033,921;3064
15034,921;10108
15035,921;76
15036,921;76
15037,921;85
15038,921;93
15039,921;3026
15040,921;10115
15041,921;93
15042,921;99
15043,921;91
15044,921;102
15045,921;3040
15046,921;10137
15047,921;71
15048,921;89
15049,921;98
15050,921;92
15051,008;3061
15052,008;10129
15053,008;76
15054,008;89
15055,008;80
15056,008;83
15057,008;3067
15058,008;10134
15059,008;65
15060,008;95
15061,008;93
15062,008;99
15063,008;3010
15064,008;10138
15065,008;97
15066,008;85
15067,008;80
15068,008;92
15069,008;3048
15070,008;10133
15071,008;72
15072,008;86
15073,008;91
15074,008;85
15075,008;3042
15076,008;10127
15077,008;74
15078,008;83
15079,008;97
15080,008;67
15081,008;3019
15082,008;10116
15083,008;75
15084,008;80
15085,008;66
15086,008;89
15087,008;3007
15088,008;10121
15089,008;89
15090,008;77
15091,008;79
15092,008;83
15093,008;2709
15094,008;10177
15095,008;69
15096,008;69
15097,008;89
15098,008;82
15099,008;2971
15100,008;10126
15101,008;90
15102,008;72
15103,008;83
15104,008;100
15105,008;3005
15106,008;10110
15107,008;85
15108,008;95
15109,008;77
15110,008;78
15111,008;3047
15112,008;10140
15113,008;74
15114,008;65
15115,008;92
15116,008;77
15117,008;3035
15118,008;10132
15119,008;85
15120,008;83
15121,008;76
15122,008;91
15123,008;3025
15124,008;10142
15125,008;93
15126,008;94
15127,008;87
15128,008;83
15129,008;3044
15130,008;10152
15131,008;83
15132,008;59
15133,008;87
15134,008;92
15135,008;3152
15136,008;10051
15137,008;99
15138,008;98
15139,008;91
15140,008;92
15141,008;3064
15142,008;10151
15143,008;81
15144,008;85
15145,008;69
15146,008;103
15147,008;3046
15148,008;10140
15149,008;80
15150,008;79
15151,008;93
15153,055;95
15154,055;3040
15155,055;10145
15156,055;87
15157,055;79
15158,055;84
15159,055;90
15160,055;3027
15161,055;10138
15162,055;76
15163,055;90
15164,055;94
15165,055;107
15166,055;3018
15167,055;10167
15168,055;89
15169,055;92
15170,055;93
15171,055;105
15172,055;3042
15173,055;10120
15174,055;82
15175,055;74
15176,055;105
15177,055;84
15178,055;3008
15179,055;10133
15180,055;70
15181,055;81
15182,055;96
15183,055;96
15184,055;3104
15185,055;10073
15186,055;75
15187,055;67
15188,055;97
15189,055;94
15190,055;3066
15191,055;10174
15192,055;83
15193,055;79
15194,055;86
15195,055;104
15196,055;3051
15197,055;10192
15198,055;88
15199,055;110
15200,055;78
15201,055;85
15202,055;3145
15203,055;10018
15204,055;98
15205,055;96
15206,055;85
15207,055;106
15208,055;2995
15209,055;10153
15210,055;85
15211,055;70
15212,055;94
15213,055;89
15214,055;3055
15215,055;10159
15216,055;76
15217,055;91
15218,055;95
15219,055;114
15220,055;3029
15221,055;10160
15222,055;88
15223,055;87
15224,055;109
15225,055;93
15226,055;3040
15227,055;10130
15228,055;94
15229,055;87
15230,055;96
15231,055;96
15232,055;3036
15233,055;10180
15234,055;97
15235,055;86
15236,055;112
15237,055;83
15238,055;3031
15239,055;10155
15240,055;80
15241,055;91
15242,055;97
15243,055;112
15244,055;3019
15245,055;10168
15246,055;81
15247,055;94
15248,055;107
15249,055;88
15250,055;3020
15251,055;10169
15252,055;92
15253,055;92
15253,231;81
15254,231;107
15255,231;3126
15256,231;10110
15257,231;79
15258,231;92
15259,231;95
15260,231;101
15261,231;3005
15262,231;10166
15263,231;89
15264,231;88
15265,231;95
15266,231;105
15267,231;2990
15268,231;10178
15269,231;79
15270,231;106
15271,231;91
15272,231;99
15273,231;3015
15274,231;10184
15275,231;98
15276,231;83
15277,231;101
15278,231;110
15279,231;3017
15280,231;10191
15281,231;94
15282,231;84
15283,231;84
15284,231;92
15285,231;3041
15286,231;10171
15287,231;100
15288,231;99
15289,231;94
15290,231;92
15291,231;3025
15292,231;10186
15293,231;98
15294,231;96
15295,231;98
15296,231;105
15297,231;3004
15298,231;10181
15299,231;79
15300,231;111
15301,231;75
15302,231;104
15303,231;3005
15304,231;10208
15305,231;96
15306,231;98
15307,231;98
15308,231;106
15309,231;3024
15310,231;10177
15311,231;90
15312,231;104
15313,231;126
15314,231;90
15315,231;3024
15316,231;10175
15317,231;81
15318,231;92
15319,231;112
15320,231;114
15321,231;3026
15322,231;10184
15323,231;98
15324,231;85
15325,231;102
15326,231;80
15327,231;3006
15328,231;10151
15329,231;81
15330,231;111
15331,231;91
15332,231;84
15333,231;3050
15334,231;10197
15335,231;78
15336,231;86
15337,231;127
15338,231;83
15339,231;3030
15340,231;10180
15341,231;86
15342,231;104
15343,231;101
15344,231;96
15345,231;3008
15346,231;10197
15347,231;91
15348,231;94
15349,231;90
15350,231;96
15351,231;3040
15352,231;10178
15353,231;82
15354,709;106
15355,709;104
15356,709;113
15357,709;3031
15358,709;10143
15359,709;102
15360,709;112
15361,709;103
15362,709;97
15363,709;3034
15364,709;10162
15365,709;102
15366,709;98
15367,709;106
15368,709;99
15369,709;3022
15370,709;10196
15371,709;99
15372,709;95
15373,709;90
15374,709;98
15375,709;3028
15376,709;10183
15377,709;80
15378,709;106
15379,709;115
15380,709;118
15381,709;3035
15382,709;10189
15383,709;68
15384,709;101
15385,709;90
15386,709;100
15387,709;2963
15388,709;10184
15389,709;99
15390,709;109
15391,709;88
15392,709;109
15393,709;3012
15394,709;10183
15395,709;93
15396,709;86
15397,709;98
15398,709;91
15399,709;2998
15400,709;10188
15401,709;86
15402,709;100
15403,709;87
15404,709;106
15405,709;2644
15406,709;10229
15407,709;115
15408,709;104
15409,709;89
15410,709;92
15411,709;2971
15412,709;10220
15413,709;99
15414,709;117
15415,709;87
15416,709;122
15417,709;3002
15418,709;10201
15419,709;94
15420,709;106
15421,709;101
15422,709;103
15423,709;3021
15424,709;10177
15425,709;107
15426,709;100
15427,709;95
15428,709;117
15429,709;3048
15430,709;10135
15431,709;76
15432,709;101
15433,709;95
15434,709;109
15435,709;3015
15436,709;10203
15437,709;81
15438,709;98
15439,709;101
15440,709;95
15441,709;3007
15442,709;10187
15443,709;97
15444,709;101
15445,709;102
15446,709;89
15447,709;3022
15448,709;10216
15449,709;99
15450,709;89
15451,709;129
15452,709;109
15453,709;3026
15454,709;10187
15455,709;77
15456,709;110
15457,709;106
15458,709;110
15459,709;2977
15460,709;10232
15461,709;78
15462,709;101
15463,709;110
15464,709;102
15465,709;2997
15466,709;10172
15467,709;84
15468,709;89
15469,709;99
15470,709;103
15471,709;3033
15472,709;10191
15473,709;64
15474,709;96
15475,709;119
15476,709;108
15477,709;3020
15478,709;10182
15479,709;87
15480,709;79
15481,709;98
15482,709;96
15483,709;3017
15484,709;10216
15485,709;89
15486,709;94
15487,709;92
15488,709;97
15489,709;2980
15490,709;10228
15491,709;97
15492,709;70
15493,709;79
15494,709;92
15495,709;3009
15496,709;10209
15497,709;83
15498,709;98
15499,709;96
15500,709;105
15501,709;2999
15502,709;10208
15503,709;90
15504,709;98
15505,709;80
15506,709;102
15507,709;2969
15508,709;10180
15509,709;76
15510,709;108
15511,709;90
15512,709;95
15513,709;2997
15514,709;10192
15515,709;100
15516,709;90
15517,709;112
15518,709;103
15519,709;2960
15520,709;10212
15521,709;82
15522,709;93
15523,709;88
15524,709;101
15525,709;3037
15526,709;10143
15527,709;86
15528,709;87
15529,709;84
15530,709;103
15531,709;2974
15532,709;10232
15533,709;100
15534,709;95
15535,709;116
15536,709;79
15537,709;3003
15538,709;10246
15539,709;94
15540,709;99
15541,709;115
15542,709;97
15543,709;2976
15544,709;10235
15545,709;100
15546,709;94
15547,709;79
15548,709;93
15549,709;2963
15550,709;10216
15551,709;93
15552,709;87
15553,709;104
15554,709;104
15555,709;2987
15557,066;10202
15558,066;80
15559,066;78
15560,066;93
15561,066;81
15562,066;2979
15563,066;10219
15564,066;68
15565,066;78
15566,066;93
15567,066;114
15568,066;2968
15569,066;10236
15570,066;87
15571,066;99
15572,066;64
15573,066;99
15574,066;3012
15575,066;10187
15576,066;89
15577,066;90
15578,066;82
15579,066;117
15580,066;2980
15581,066;10224
15582,066;93
15583,066;81
15584,066;93
15585,066;93
15586,066;2996
15587,066;10234
15588,066;92
15589,066;93
15590,066;98
15591,066;92
15592,066;2982
15593,066;10226
15594,066;98
15595,066;72
15596,066;90
15597,066;94
15598,066;2984
15599,066;10216
15600,066;81
15601,066;93
15602,066;93
15603,066;97
15604,066;2963
15605,066;10213
15606,066;97
15607,066;102
15608,066;101
15609,066;83
15610,066;2957
15611,066;10248
15612,066;85
15613,066;98
15614,066;79
15615,066;89
15616,066;3000
15617,066;10262
15618,066;80
15619,066;92
15620,066;82
15621,066;101
15622,066;2976
15623,066;10203
15624,066;82
15625,066;94
15626,066;77
15627,066;93
15628,066;2932
15629,066;10210
15630,066;99
15631,066;73
15632,066;83
15633,066;80
15634,066;2961
15635,066;10236
15636,066;91
15637,066;91
15638,066;88
15639,066;101
15640,066;2971
15641,066;10243
15642,066;76
15643,066;72
15644,066;99
15645,066;106
15646,066;2977
15647,066;10233
15648,066;82
15649,066;94
15650,066;86
15651,066;93
15652,066;2971
15653,066;10255
15654,066;88
15655,066;91
15656,066;92
15657,066;79
15657,572;2983
15658,572;10223
15659,572;65
15660,572;80
15661,572;98
15662,572;77
15663,572;2952
15664,572;10212
15665,572;74
15666,572;86
15667,572;87
15668,572;98
15669,572;2954
15670,572;10208
15671,572;99
15672,572;70
15673,572;84
15674,572;72
15675,572;2992
15676,572;10246
15677,572;86
15678,572;97
15679,572;87
15680,572;86
15681,572;2954
15682,572;10255
15683,572;70
15684,572;86
15685,572;92
15686,572;93
15687,572;2925
15688,572;10226
15689,572;92
15690,572;81
15691,572;68
15692,572;81
15693,572;2965
15694,572;10302
15695,572;70
15696,572;85
15697,572;84
15698,572;104
15699,572;3072
15700,572;10119
15701,572;94
15702,572;81
15703,572;92
15704,572;90
15705,572;2950
15706,572;10253
15707,572;80
15708,572;78
15709,572;90
15710,572;81
15711,572;2932
15712,572;10271
15713,572;65
15714,572;75
15715,572;81
15716,572;60
15717,572;2591
15718,572;10261
15719,572;66
15720,572;66
15721,572;87
15722,572;71
15723,572;2866
15724,572;10268
15725,572;66
15726,572;61
15727,572;83
15728,572;84
15729,572;2963
15730,572;10170
15731,572;77
15732,572;99
15733,572;84
15734,572;74
15735,572;2945
15736,572;10255
15737,572;86
15738,572;76
15739,572;72
15740,572;84
15741,572;2938
15742,572;10255
15743,572;73
15744,572;86
15745,572;81
15746,572;98
15747,572;2923
15748,572;10231
15749,572;84
15750,572;69
15751,572;108
15752,572;93
15753,572;2943
15754,572;10252
15755,572;92
15756,572;68
15757,572;104
15758,808;85
15759,808;2912
15760,808;10255
15761,808;78
15762,808;91
15763,808;91
15764,808;105
15765,808;2936
15766,808;10273
15767,808;82
15768,808;98
15769,808;86
15770,808;100
15771,808;2963
15772,808;10269
15773,808;82
15774,808;109
15775,808;92
15776,808;95
15777,808;2960
15778,808;10255
15779,808;92
15780,808;81
15781,808;90
15782,808;87
15783,808;2901
15784,808;10290
15785,808;76
15786,808;92
15787,808;92
15788,808;76
15789,808;2915
15790,808;10262
15791,808;71
15792,808;100
15793,808;80
15794,808;86
15795,808;2936
15796,808;10265
15797,808;98
15798,808;86
15799,808;105
15800,808;103
15801,808;2939
15802,808;10255
15803,808;104
15804,808;102
15805,808;87
15806,808;112
15807,808;2920
15808,808;10267
15809,808;90
15810,808;106
15811,808;94
15812,808;101
15813,808;2939
15814,808;10283
15815,808;91
15816,808;95
15817,808;93
15818,808;99
15819,808;2936
15820,808;10259
15821,808;92
15822,808;107
15823,808;97
15824,808;105
15825,808;2938
15826,808;10287
15827,808;78
15828,808;83
15829,808;101
15830,808;85
15831,808;2948
15832,808;10262
15833,808;89
15834,808;85
15835,808;98
15836,808;97
15837,808;2949
15838,808;10271
15839,808;83
15840,808;84
15841,808;100
15842,808;107
15843,808;2896
15844,808;10285
15845,808;82
15846,808;116
15847,808;104
15848,808;105
15849,808;2931
15850,808;10272
15851,808;89
15852,808;99
15853,808;93
15854,808;82
15855,808;2939
15856,808;10246
15857,808;91
15858,808;85
15859,294;100
15860,294;114
15861,294;2927
15862,294;10301
15863,294;101
15864,294;105
15865,294;96
15866,294;95
15867,294;2932
15868,294;10236
15869,294;81
15870,294;83
15871,294;89
15872,294;98
15873,294;2929
15874,294;10257
15875,294;84
15876,294;89
15877,294;97
15878,294;99
15879,294;2919
15880,294;10262
15881,294;90
15882,294;91
15883,294;100
15884,294;96
15885,294;2944
15886,294;10270
15887,294;78
15888,294;90
15889,294;85
15890,294;103
15891,294;2923
15892,294;10273
15893,294;79
15894,294;115
15895,294;110
15896,294;93
15897,294;2936
15898,294;10275
15899,294;83
15900,294;92
15901,294;96
15902,294;94
15903,294;2901
15904,294;10296
15905,294;85
15906,294;100
15907,294;90
15908,294;96
15909,294;2945
15910,294;10279
15911,294;81
15912,294;102
15913,294;86
15914,294;95
15915,294;2933
15916,294;10289
15917,294;89
15918,294;109
15919,294;98
15920,294;95
15921,294;2936
15922,294;10283
15923,294;80
15924,294;88
15925,294;120
15926,294;95
15927,294;2907
15928,294;10289
15929,294;86
15930,294;102
15931,294;91
15932,294;87
15933,294;2926
15934,294;10287
15935,294;84
15936,294;92
15937,294;84
15938,294;107
15939,294;2936
15940,294;10274
15941,294;113
15942,294;89
15943,294;95
15944,294;91
15945,294;2925
15946,294;10261
15947,294;84
15948,294;88
15949,294;102
15950,294;90
15951,294;2928
15952,294;10314
15953,294;78
15954,294;107
15955,294;89
15956,294;109
15957,294;2977
15958,294;10264
15959,294;87
15960,294;105
15961,294;102
15962,294;88
15963,294;2919
15964,294;10306
15965,294;93
15966,294;94
15967,294;98
15968,294;98
15969,294;2950
15970,294;10295
15971,294;98
15972,294;94
15973,294;100
15974,294;129
15975,294;2918
15976,294;10283
15977,294;82
15978,294;85
15979,294;94
15980,294;99
15981,294;2937
15982,294;10310
15983,294;86
15984,294;80
15985,294;106
15986,294;86
15987,294;2902
15988,294;10289
15989,294;91
15990,294;85
15991,294;121
15992,294;97
15993,294;2941
15994,294;10300
15995,294;85
15996,294;97
15997,294;77
15998,294;88
15999,294;2921
16000,294;10306
16001,294;73
16002,294;97
16003,294;96
16004,294;100
16005,294;2943
16006,294;10335
16007,294;100
16008,294;103
16009,294;86
16010,294;94
16011,294;2951
16012,294;10310
16013,294;92
16014,294;104
16015,294;80
16016,294;101
16017,294;2934
16018,294;10299
16019,294;100
16020,294;87
16021,294;107
16022,294;101
16023,294;2920
16024,294;10308
16025,294;101
16026,294;98
16027,294;93
16028,294;107
16029,294;2549
16030,294;10324
16031,294;101
16032,294;88
16033,294;93
16034,294;118
16035,294;2858
16036,294;10329
16037,294;86
16038,294;90
16039,294;101
16040,294;87
16041,294;2889
16042,294;10323
16043,294;93
16044,294;84
16045,294;87
16046,294;111
16047,294;2906
16048,294;10306
16049,294;91
16050,294;100
16051,294;105
16052,294;95
16053,294;2932
16054,294;10280
16055,294;92
16056,294;87
16057,294;101
16058,294;117
16059,294;2969
16060,294;10219
16061,13;76
16062,13;92
16063,13;96
16064,13;101
16065,13;2928
16066,13;10312
16067,13;89
16068,13;111
16069,13;111
16070,13;100
16071,13;2916
16072,13;10305
16073,13;83
16074,13;82
16075,13;84
16076,13;84
16077,13;3002
16078,13;10191
16079,13;96
16080,13;82
16081,13;103
16082,13;93
16083,13;2905
16084,13;10323
16085,13;86
16086,13;106
16087,13;104
16088,13;92
16089,13;2886
16090,13;10276
16091,13;93
16092,13;102
16093,13;105
16094,13;94
16095,13;2939
16096,13;10305
16097,13;88
16098,13;114
16099,13;92
16100,13;95
16101,13;2930
16102,13;10309
16103,13;82
16104,13;101
16105,13;88
16106,13;86
16107,13;2898
16108,13;10307
16109,13;94
16110,13;97
16111,13;107
16112,13;96
16113,13;2916
16114,13;10316
16115,13;95
16116,13;100
16117,13;108
16118,13;102
16119,13;2916
16120,13;10317
16121,13;79
16122,13;76
16123,13;84
16124,13;108
16125,13;2915
16126,13;10287
16127,13;88
16128,13;104
16129,13;91
16130,13;94
16131,13;2889
16132,13;10312
16133,13;86
16134,13;88
16135,13;106
16136,13;99
16137,13;2918
16138,13;10322
16139,13;97
16140,13;102
16141,13;94
16142,13;75
16143,13;2876
16144,13;10323
16145,13;105
16146,13;99
16147,13;84
16148,13;97
16149,13;2897
16150,13;10322
16151,13;90
16152,13;112
16153,13;95
16154,13;110
16155,13;2910
16156,13;10310
16157,13;96
16158,13;101
16159,13;87
16160,13;102
16161,13;2884
16162,609;10321
16163,609;84
16164,609;93
16165,609;93
16166,609;113
16167,609;2879
16168,609;10355
16169,609;102
16170,609;93
16171,609;78
16172,609;86
16173,609;2871
16174,609;10321
16175,609;83
16176,609;93
16177,609;101
16178,609;93
16179,609;2870
16180,609;10327
16181,609;63
16182,609;88
16183,609;90
16184,609;82
16185,609;2876
16186,609;10333
16187,609;85
16188,609;96
16189,609;74
16190,609;104
16191,609;2898
16192,609;10317
16193,609;73
16194,609;111
16195,609;89
16196,609;108
16197,609;2913
16198,609;10306
16199,609;90
16200,609;82
16201,609;93
16202,609;99
16203,609;2885
16204,609;10304
16205,609;72
16206,609;85
16207,609;87
16208,609;85
16209,609;2865
16210,609;10300
16211,609;96
16212,609;86
16213,609;96
16214,609;96
16215,609;2884
16216,609;10330
16217,609;81
16218,609;82
16219,609;76
16220,609;100
16221,609;2867
16222,609;10334
16223,609;87
16224,609;101
16225,609;119
16226,609;115
16227,609;2852
16228,609;10307
16229,609;85
16230,609;82
16231,609;92
16232,609;107
16233,609;2871
16234,609;10329
16235,609;99
16236,609;87
16237,609;102
16238,609;93
16239,609;2888
16240,609;10305
16241,609;81
16242,609;90
16243,609;96
16244,609;114
16245,609;2870
16246,609;10321
16247,609;82
16248,609;89
16249,609;83
16250,609;88
16251,609;2873
16252,609;10318
16253,609;81
16254,609;93
16255,609;90
16256,609;91
16257,609;2898
16258,609;10348
16259,609;84
16260,609;95
16261,609;90
16262,609;94
16262,881;2971
16263,881;10261
16264,881;88
16265,881;86
16266,881;96
16267,881;112
16268,881;2876
16269,881;10319
16270,881;82
16271,881;69
16272,881;99
16273,881;85
16274,881;2893
16275,881;10309
16276,881;82
16277,881;68
16278,881;111
16279,881;84
16280,881;2860
16281,881;10333
16282,881;76
16283,881;98
16284,881;63
16285,881;109
16286,881;2857
16287,881;10320
16288,881;72
16289,881;65
16290,881;95
16291,881;79
16292,881;2875
16293,881;10367
16294,881;83
16295,881;85
16296,881;81
16297,881;93
16298,881;2859
16299,881;10301
16300,881;97
16301,881;87
16302,881;101
16303,881;71
16304,881;2845
16305,881;10346
16306,881;95
16307,881;76
16308,881;96
16309,881;106
16310,881;2850
16311,881;10331
16312,881;86
16313,881;66
16314,881;89
16315,881;90
16316,881;2840
16317,881;10365
16318,881;86
16319,881;86
16320,881;80
16321,881;84
16322,881;2857
16323,881;10334
16324,881;82
16325,881;80
16326,881;74
16327,881;76
16328,881;2846
16329,881;10362
16330,881;73
16331,881;93
16332,881;87
16333,881;77
16334,881;2844
16335,881;10330
16336,881;68
16337,881;95
16338,881;80
16339,881;83
16340,881;2469
16341,881;10356
16342,881;74
16343,881;71
16344,881;77
16345,881;102
16346,881;2772
16347,881;10359
16348,881;75
16349,881;91
16350,881;97
16351,881;84
16352,881;2844
16353,881;10329
16354,881;67
16355,881;97
16356,881;88
16357,881;77
16358,881;2836
16359,881;10354
16360,881;82
16361,881;85
16362,881;89
16363,947;84
16364,947;2836
16365,947;10333
16366,947;75
16367,947;78
16368,947;81
16369,947;71
16370,947;2858
16371,947;10356
16372,947;90
16373,947;77
16374,947;107
16375,947;94
16376,947;2855
16377,947;10354
16378,947;90
16379,947;86
16380,947;101
16381,947;76
16382,947;2871
16383,947;10335
16384,947;59
16385,947;81
16386,947;82
16387,947;89
16388,947;2822
16389,947;10355
16390,947;83
16391,947;86
16392,947;74
16393,947;99
16394,947;2844
16395,947;10350
16396,947;72
16397,947;84
16398,947;91
16399,947;82
16400,947;2842
16401,947;10352
16402,947;84
16403,947;73
16404,947;104
16405,947;89
16406,947;2845
16407,947;10372
16408,947;86
16409,947;73
16410,947;94
16411,947;99
16412,947;2854
16413,947;10380
16414,947;82
16415,947;108
16416,947;109
16417,947;101
16418,947;2851
16419,947;10323
16420,947;88
16421,947;84
16422,947;89
16423,947;98
16424,947;2823
16425,947;10382
16426,947;83
16427,947;84
16428,947;95
16429,947;95
16430,947;2867
16431,947;10347
16432,947;83
16433,947;98
16434,947;93
16435,947;103
16436,947;2841
16437,947;10410
16438,947;83
16439,947;81
16440,947;93
16441,947;106
16442,947;2839
16443,947;10346
16444,947;95
16445,947;78
16446,947;97
16447,947;100
16448,947;2882
16449,947;10317
16450,947;81
16451,947;85
16452,947;107
16453,947;97
16454,947;2845
16455,947;10362
16456,947;71
16457,947;86
16458,947;89
16459,947;93
16460,947;2831
16461,947;10354
16462,947;79
16463,947;97
16464,947;79
16465,947;103
16466,947;2811
16467,947;10372
16468,947;85
16469,947;83
16470,947;103
16471,947;114
16472,947;2868
16473,947;10363
16474,947;85
16475,947;95
16476,947;93
16477,947;70
16478,947;2851
16479,947;10368
16480,947;80
16481,947;85
16482,947;93
16483,947;98
16484,947;2826
16485,947;10365
16486,947;89
16487,947;87
16488,947;98
16489,947;89
16490,947;2830
16491,947;10344
16492,947;96
16493,947;65
16494,947;82
16495,947;88
16496,947;2842
16497,947;10314
16498,947;85
16499,947;121
16500,947;114
16501,947;90
16502,947;2976
16503,947;10261
16504,947;90
16505,947;91
16506,947;83
16507,947;108
16508,947;2844
16509,947;10374
16510,947;77
16511,947;102
16512,947;90
16513,947;98
16514,947;2859
16515,947;10346
16516,947;84
16517,947;89
16518,947;91
16519,947;109
16520,947;2819
16521,947;10397
16522,947;78
16523,947;70
16524,947;82
16525,947;94
16526,947;2821
16527,947;10356
16528,947;91
16529,947;93
16530,947;102
16531,947;106
16532,947;2831
16533,947;10372
16534,947;83
16535,947;95
16536,947;89
16537,947;103
16538,947;2823
16539,947;10380
16540,947;86
16541,947;95
16542,947;113
16543,947;122
16544,947;2832
16545,947;10376
16546,947;102
16547,947;88
16548,947;112
16549,947;85
16550,947;2838
16551,947;10377
16552,947;97
16553,947;101
16554,947;89
16555,947;85
16556,947;2844
16557,947;10391
16558,947;84
16559,947;88
16560,947;114
16561,947;97
16562,947;2845
16563,947;10374
16564,947;87
16566,045;98
16567,045;96
16568,045;102
16569,045;2833
16570,045;10385
16571,045;91
16572,045;101
16573,045;92
16574,045;109
16575,045;2849
16576,045;10387
16577,045;96
16578,045;91
16579,045;103
16580,045;110
16581,045;2876
16582,045;10408
16583,045;92
16584,045;101
16585,045;87
16586,045;98
16587,045;2827
16588,045;10381
16589,045;82
16590,045;102
16591,045;93
16592,045;113
16593,045;2864
16594,045;10394
16595,045;105
16596,045;87
16597,045;91
16598,045;111
16599,045;2822
16600,045;10397
16601,045;76
16602,045;92
16603,045;97
16604,045;89
16605,045;2895
16606,045;10321
16607,045;100
16608,045;85
16609,045;114
16610,045;103
16611,045;2840
16612,045;10382
16613,045;86
16614,045;96
16615,045;103
16616,045;121
16617,045;2863
16618,045;10415
16619,045;93
16620,045;76
16621,045;99
16622,045;93
16623,045;2806
16624,045;10354
16625,045;91
16626,045;89
16627,045;93
16628,045;87
16629,045;2819
16630,045;10376
16631,045;100
16632,045;91
16633,045;90
16634,045;88
16635,045;2843
16636,045;10379
16637,045;101
16638,045;108
16639,045;117
16640,045;104
16641,045;2811
16642,045;10414
16643,045;89
16644,045;97
16645,045;94
16646,045;102
16647,045;2826
16648,045;10410
16649,045;97
16650,045;75
16651,045;98
16652,045;105
16653,045;2473
16654,045;10435
16655,045;100
16656,045;81
16657,045;109
16658,045;91
16659,045;2756
16660,045;10386
16661,045;95
16662,045;98
16663,045;97
16664,045;98
16665,045;2888
16666,045;10327
16667,799;97
16668,799;96
16669,799;107
16670,799;99
16671,799;2826
16672,799;10397
16673,799;94
16674,799;84
16675,799;100
16676,799;85
16677,799;2903
16678,799;10355
16679,799;84
16680,799;94
16681,799;106
16682,799;106
16683,799;2820
16684,799;10396
16685,799;91
16686,799;96
16687,799;100
16688,799;107
16689,799;2820
16690,799;10412
16691,799;118
16692,799;87
16693,799;94
16694,799;85
16695,799;2844
16696,799;10412
16697,799;97
16698,799;84
16699,799;96
16700,799;92
16701,799;2818
16702,799;10391
16703,799;92
16704,799;92
16705,799;100
16706,799;114
16707,799;2818
16708,799;10415
16709,799;92
16710,799;94
16711,799;107
16712,799;95
16713,799;2835
16714,799;10432
16715,799;108
16716,799;82
16717,799;82
16718,799;104
16719,799;2796
16720,799;10430
16721,799;104
16722,799;96
16723,799;88
16724,799;108
16725,799;2800
16726,799;10420
16727,799;85
16728,799;105
16729,799;75
16730,799;105
16731,799;2841
16732,799;10431
16733,799;83
16734,799;97
16735,799;93
16736,799;100
16737,799;2872
16738,799;10347
16739,799;88
16740,799;90
16741,799;114
16742,799;104
16743,799;2790
16744,799;10418
16745,799;85
16746,799;90
16747,799;93
16748,799;106
16749,799;2805
16750,799;10398
16751,799;85
16752,799;84
16753,799;90
16754,799;102
16755,799;2809
16756,799;10387
16757,799;93
16758,799;98
16759,799;94
16760,799;80
16761,799;2800
16762,799;10408
16763,799;92
16764,799;99
16765,799;100
16766,799;96
16767,799;2796
16768,164;10403
16769,164;87
16770,164;106
16771,164;103
16772,164;94
16773,164;2788
16774,164;10428
16775,164;107
16776,164;97
16777,164;117
16778,164;104
16779,164;2773
16780,164;10431
16781,164;83
16782,164;104
16783,164;104
16784,164;96
16785,164;2795
16786,164;10417
16787,164;78
16788,164;100
16789,164;77
16790,164;99
16791,164;2803
16792,164;10401
16793,164;69
16794,164;79
16795,164;86
16796,164;97
16797,164;2778
16798,164;10430
16799,164;78
16800,164;82
16801,164;100
16802,164;106
16803,164;2792
16804,164;10398
16805,164;80
16806,164;111
16807,164;98
16808,164;93
16809,164;2767
16810,164;10397
16811,164;90
16812,164;103
16813,164;90
16814,164;114
16815,164;2791
16816,164;10442
16817,164;90
16818,164;78
16819,164;96
16820,164;93
16821,164;2792
16822,164;10424
16823,164;85
16824,164;88
16825,164;96
16826,164;76
16827,164;2790
16828,164;10418
16829,164;91
16830,164;76
16831,164;95
16832,164;117
16833,164;2771
16834,164;10421
16835,164;99
16836,164;98
16837,164;89
16838,164;110
16839,164;2778
16840,164;10416
16841,164;84
16842,164;101
16843,164;101
16844,164;114
16845,164;2794
16846,164;10406
16847,164;94
16848,164;79
16849,164;97
16850,164;93
16851,164;2779
16852,164;10435
16853,164;83
16854,164;64
16855,164;81
16856,164;93
16857,164;2802
16858,164;10412
16859,164;69
16860,164;110
16861,164;100
16862,164;98
16863,164;2778
16864,164;10432
16865,164;94
16866,164;84
16867,164;109
16868,164;95
16869,437;2821
16870,437;10357
16871,437;77
16872,437;92
16873,437;85
16874,437;81
16875,437;2775
16876,437;10463
16877,437;85
16878,437;89
16879,437;84
16880,437;84
16881,437;2759
16882,437;10405
16883,437;83
16884,437;94
16885,437;88
16886,437;84
16887,437;2750
16888,437;10436
16889,437;79
16890,437;92
16891,437;73
16892,437;80
16893,437;2789
16894,437;10404
16895,437;97
16896,437;88
16897,437;114
16898,437;92
16899,437;2735
16900,437;10416
16901,437;93
16902,437;93
16903,437;95
16904,437;83
16905,437;2764
16906,437;10433
16907,437;94
16908,437;67
16909,437;81
16910,437;79
16911,437;2764
16912,437;10453
16913,437;73
16914,437;91
16915,437;81
16916,437;88
16917,437;2788
16918,437;10432
16919,437;72
16920,437;85
16921,437;75
16922,437;107
16923,437;2829
16924,437;10398
16925,437;78
16926,437;88
16927,437;72
16928,437;87
16929,437;2749
16930,437;10434
16931,437;73
16932,437;98
16933,437;89
16934,437;92
16935,437;2763
16936,437;10425
16937,437;95
16938,437;94
16939,437;77
16940,437;78
16941,437;2741
16942,437;10435
16943,437;79
16944,437;73
16945,437;88
16946,437;67
16947,437;2739
16948,437;10445
16949,437;72
16950,437;84
16951,437;80
16952,437;92
16953,437;2779
16954,437;10462
16955,437;69
16956,437;89
16957,437;78
16958,437;88
16959,437;2749
16960,437;10432
16961,437;79
16962,437;85
16963,437;71
16964,437;94
16965,437;2378
16966,437;10472
16967,437;80
16968,437;101
16969,437;75
16970,38;78
16971,38;2699
16972,38;10449
16973,38;82
16974,38;81
16975,38;68
16976,38;79
16977,38;2747
16978,38;10429
16979,38;68
16980,38;79
16981,38;86
16982,38;80
16983,38;2768
16984,38;10403
16985,38;76
16986,38;77
16987,38;61
16988,38;98
16989,38;2747
16990,38;10469
16991,38;92
16992,38;78
16993,38;73
16994,38;83
16995,38;2750
16996,38;10472
16997,38;80
16998,38;97
16999,38;87
17000,38;95
17001,38;2739
17002,38;10428
17003,38;86
17004,38;73
17005,38;80
17006,38;85
17007,38;2714
17008,38;10444
17009,38;75
17010,38;93
17011,38;93
17012,38;81
17013,38;2746
17014,38;10442
17015,38;85
17016,38;74
17017,38;102
17018,38;79
17019,38;2742
17020,38;10429
17021,38;69
17022,38;72
17023,38;82
17024,38;80
17025,38;2724
17026,38;10451
17027,38;72
17028,38;94
17029,38;88
17030,38;96
17031,38;2742
17032,38;10457
17033,38;92
17034,38;88
17035,38;82
17036,38;80
17037,38;2814
17038,38;10398
17039,38;92
17040,38;94
17041,38;101
17042,38;91
17043,38;2739
17044,38;10441
17045,38;84
17046,38;100
17047,38;97
17048,38;92
17049,38;2736
17050,38;10467
17051,38;67
17052,38;97
17053,38;101
17054,38;99
17055,38;2761
17056,38;10462
17057,38;91
17058,38;93
17059,38;92
17060,38;102
17061,38;2741
17062,38;10451
17063,38;80
17064,38;84
17065,38;84
17066,38;106
17067,38;2712
17068,38;10447
17069,38;89
17070,38;94
17071,38;86
17072,38;97
17073,38;2737
17074,38;10468
17075,38;91
17076,38;89
17077,38;92
17078,38;111
17079,38;2726
17080,38;10484
17081,38;85
17082,38;92
17083,38;105
17084,38;102
17085,38;2860
17086,38;10314
17087,38;79
17088,38;81
17089,38;87
17090,38;82
17091,38;2738
17092,38;10456
17093,38;92
17094,38;83
17095,38;79
17096,38;114
17097,38;2746
17098,38;10486
17099,38;83
17100,38;80
17101,38;96
17102,38;112
17103,38;2744
17104,38;10479
17105,38;72
17106,38;99
17107,38;110
17108,38;98
17109,38;2723
17110,38;10456
17111,38;77
17112,38;98
17113,38;97
17114,38;93
17115,38;2749
17116,38;10454
17117,38;81
17118,38;88
17119,38;86
17120,38;96
17121,38;2747
17122,38;10450
17123,38;99
17124,38;107
17125,38;94
17126,38;89
17127,38;2731
17128,38;10485
17129,38;107
17130,38;103
17131,38;94
17132,38;123
17133,38;2732
17134,38;10474
17135,38;78
17136,38;89
17137,38;97
17138,38;98
17139,38;2715
17140,38;10483
17141,38;93
17142,38;89
17143,38;75
17144,38;89
17145,38;2739
17146,38;10472
17147,38;101
17148,38;95
17149,38;112
17150,38;77
17151,38;2715
17152,38;10478
17153,38;79
17154,38;94
17155,38;85
17156,38;79
17157,38;2742
17158,38;10452
17159,38;84
17160,38;85
17161,38;97
17162,38;100
17163,38;2709
17164,38;10496
17165,38;93
17166,38;93
17167,38;106
17168,38;100
17169,38;2735
17170,38;10463
17171,38;90
17171,92;96
17172,92;88
17173,92;95
17174,92;2732
17175,92;10476
17176,92;78
17177,92;95
17178,92;99
17179,92;105
17180,92;2696
17181,92;10468
17182,92;108
17183,92;89
17184,92;100
17185,92;94
17186,92;2730
17187,92;10470
17188,92;87
17189,92;94
17190,92;101
17191,92;94
17192,92;2757
17193,92;10466
17194,92;82
17195,92;85
17196,92;97
17197,92;85
17198,92;2741
17199,92;10498
17200,92;102
17201,92;108
17202,92;76
17203,92;100
17204,92;2736
17205,92;10496
17206,92;79
17207,92;77
17208,92;81
17209,92;115
17210,92;2744
17211,92;10489
17212,92;81
17213,92;93
17214,92;89
17215,92;82
17216,92;2748
17217,92;10497
17218,92;99
17219,92;107
17220,92;93
17221,92;94
17222,92;2755
17223,92;10472
17224,92;92
17225,92;109
17226,92;82
17227,92;113
17228,92;2729
17229,92;10494
17230,92;79
17231,92;103
17232,92;113
17233,92;84
17234,92;2761
17235,92;10493
17236,92;106
17237,92;87
17238,92;91
17239,92;101
17240,92;2708
17241,92;10509
17242,92;83
17243,92;92
17244,92;103
17245,92;98
17246,92;2722
17247,92;10487
17248,92;95
17249,92;104
17250,92;92
17251,92;102
17252,92;2711
17253,92;10503
17254,92;106
17255,92;100
17256,92;88
17257,92;96
17258,92;2733
17259,92;10490
17260,92;91
17261,92;106
17262,92;93
17263,92;113
17264,92;2733
17265,92;10529
17266,92;73
17267,92;97
17268,92;92
17269,92;95
17270,92;2743
17271,92;10514
17273,21;92
17274,21;83
17275,21;86
17276,21;104
17277,21;2377
17278,21;10526
17279,21;77
17280,21;96
17281,21;98
17282,21;99
17283,21;2719
17284,21;10460
17285,21;108
17286,21;84
17287,21;105
17288,21;98
17289,21;2713
17290,21;10510
17291,21;93
17292,21;98
17293,21;89
17294,21;112
17295,21;2720
17296,21;10467
17297,21;100
17298,21;91
17299,21;96
17300,21;121
17301,21;2750
17302,21;10500
17303,21;96
17304,21;89
17305,21;102
17306,21;121
17307,21;2723
17308,21;10494
17309,21;104
17310,21;97
17311,21;102
17312,21;105
17313,21;2705
17314,21;10526
17315,21;92
17316,21;103
17317,21;85
17318,21;108
17319,21;2742
17320,21;10472
17321,21;82
17322,21;93
17323,21;107
17324,21;105
17325,21;2736
17326,21;10479
17327,21;95
17328,21;71
17329,21;102
17330,21;106
17331,21;2729
17332,21;10494
17333,21;93
17334,21;110
17335,21;89
17336,21;98
17337,21;2728
17338,21;10511
17339,21;96
17340,21;101
17341,21;107
17342,21;101
17343,21;2721
17344,21;10516
17345,21;88
17346,21;94
17347,21;105
17348,21;76
17349,21;2698
17350,21;10489
17351,21;84
17352,21;105
17353,21;106
17354,21;97
17355,21;2725
17356,21;10514
17357,21;84
17358,21;106
17359,21;86
17360,21;94
17361,21;2711
17362,21;10536
17363,21;87
17364,21;79
17365,21;98
17366,21;121
17367,21;2691
17368,21;10496
17369,21;86
17370,21;90
17371,21;107
17372,21;99
17373,21;2689
17373,942;10508
17374,942;70
17375,942;82
17376,942;91
17377,942;85
17378,942;2699
17379,942;10514
17380,942;78
17381,942;98
17382,942;88
17383,942;88
17384,942;2684
17385,942;10512
17386,942;97
17387,942;92
17388,942;105
17389,942;103
17390,942;2695
17391,942;10516
17392,942;85
17393,942;98
17394,942;108
17395,942;86
17396,942;2710
17397,942;10525
17398,942;91
17399,942;101
17400,942;96
17401,942;114
17402,942;2688
17403,942;10497
17404,942;94
17405,942;76
17406,942;93
17407,942;84
17408,942;2694
17409,942;10522
17410,942;86
17411,942;89
17412,942;101
17413,942;96
17414,942;2696
17415,942;10533
17416,942;77
17417,942;83
17418,942;98
17419,942;84
17420,942;2685
17421,942;10518
17422,942;97
17423,942;85
17424,942;98
17425,942;103
17426,942;2670
17427,942;10522
17428,942;70
17429,942;81
17430,942;90
17431,942;88
17432,942;2709
17433,942;10550
17434,942;91
17435,942;72
17436,942;74
17437,942;91
17438,942;2703
17439,942;10514
17440,942;82
17441,942;88
17442,942;87
17443,942;99
17444,942;2668
17445,942;10536
17446,942;92
17447,942;90
17448,942;84
17449,942;87
17450,942;2732
17451,942;10473
17452,942;104
17453,942;83
17454,942;92
17455,942;103
17456,942;2684
17457,942;10529
17458,942;85
17459,942;92
17460,942;94
17461,942;92
17462,942;2673
17463,942;10512
17464,942;83
17465,942;74
17466,942;89
17467,942;112
17468,942;2659
17469,942;10505
17470,942;69
17471,942;98
17472,942;88
17473,942;94
17475,47;2664
17476,47;10515
17477,47;110
17478,47;81
17479,47;102
17480,47;93
17481,47;2690
17482,47;10527
17483,47;82
17484,47;105
17485,47;91
17486,47;93
17487,47;2661
17488,47;10535
17489,47;85
17490,47;85
17491,47;87
17492,47;84
17493,47;2701
17494,47;10496
17495,47;96
17496,47;83
17497,47;98
17498,47;101
17499,47;2695
17500,47;10508
17501,47;83
17502,47;97
17503,47;101
17504,47;90
17505,47;2661
17506,47;10534
17507,47;81
17508,47;78
17509,47;90
17510,47;95
17511,47;2688
17512,47;10486
17513,47;79
17514,47;86
17515,47;100
17516,47;108
17517,47;2667
17518,47;10500
17519,47;76
17520,47;81
17521,47;99
17522,47;84
17523,47;2650
17524,47;10545
17525,47;80
17526,47;89
17527,47;98
17528,47;70
17529,47;2661
17530,47;10538
17531,47;66
17532,47;88
17533,47;86
17534,47;100
17535,47;2685
17536,47;10525
17537,47;70
17538,47;100
17539,47;87
17540,47;66
17541,47;2778
17542,47;10476
17543,47;84
17544,47;85
17545,47;101
17546,47;99
17547,47;2647
17548,47;10540
17549,47;86
17550,47;74
17551,47;94
17552,47;80
17553,47;2664
17554,47;10521
17555,47;80
17556,47;92
17557,47;89
17558,47;94
17559,47;2638
17560,47;10549
17561,47;61
17562,47;97
17563,47;88
17564,47;98
17565,47;2684
17566,47;10548
17567,47;93
17568,47;95
17569,47;79
17570,47;88
17571,47;2649
17572,47;10523
17573,47;70
17574,47;62
17575,47;72
17576,47;86
17577,47;2649
17578,47;10506
17579,47;81
17580,47;72
17581,47;80
17582,47;77
17583,47;2625
17584,47;10511
17585,47;74
17586,47;87
17587,47;87
17588,47;92
17589,47;2256
17590,47;10586
17591,47;74
17592,47;80
17593,47;71
17594,47;65
17595,47;2593
17596,47;10544
17597,47;64
17598,47;77
17599,47;82
17600,47;74
17601,47;2602
17602,47;10526
17603,47;62
17604,47;76
17605,47;98
17606,47;75
17607,47;2637
17608,47;10557
17609,47;65
17610,47;85
17611,47;87
17612,47;94
17613,47;2646
17614,47;10574
17615,47;71
17616,47;87
17617,47;67
17618,47;73
17619,47;2643
17620,47;10539
17621,47;63
17622,47;79
17623,47;103
17624,47;79
17625,47;2643
17626,47;10560
17627,47;56
17628,47;92
17629,47;75
17630,47;90
17631,47;2633
17632,47;10551
17633,47;79
17634,47;62
17635,47;79
17636,47;88
17637,47;2663
17638,47;10549
17639,47;83
17640,47;90
17641,47;92
17642,47;88
17643,47;2633
17644,47;10554
17645,47;82
17646,47;80
17647,47;90
17648,47;80
17649,47;2649
17650,47;10545
17651,47;86
17652,47;75
17653,47;102
17654,47;94
17655,47;2637
17656,47;10579
17657,47;74
17658,47;84
17659,47;92
17660,47;92
17661,47;2645
17662,47;10586
17663,47;93
17664,47;92
17665,47;82
17666,47;78
17667,47;2615
17668,47;10576
17669,47;90
17670,47;70
17671,47;94
17672,47;107
17673,47;2668
17674,47;10537
17675,47;93
17676,47;72
17678,293;86
17679,293;95
17680,293;2664
17681,293;10541
17682,293;100
17683,293;80
17684,293;92
17685,293;104
17686,293;2655
17687,293;10569
17688,293;90
17689,293;95
17690,293;97
17691,293;73
17692,293;2641
17693,293;10555
17694,293;88
17695,293;92
17696,293;83
17697,293;91
17698,293;2638
17699,293;10535
17700,293;77
17701,293;90
17702,293;97
17703,293;100
17704,293;2763
17705,293;10438
17706,293;97
17707,293;99
17708,293;96
17709,293;112
17710,293;2639
17711,293;10553
17712,293;82
17713,293;81
17714,293;97
17715,293;87
17716,293;2660
17717,293;10569
17718,293;61
17719,293;80
17720,293;103
17721,293;98
17722,293;2666
17723,293;10547
17724,293;76
17725,293;88
17726,293;85
17727,293;86
17728,293;2627
17729,293;10571
17730,293;80
17731,293;107
17732,293;84
17733,293;99
17734,293;2646
17735,293;10598
17736,293;89
17737,293;100
17738,293;99
17739,293;100
17740,293;2639
17741,293;10571
17742,293;102
17743,293;96
17744,293;83
17745,293;78
17746,293;2635
17747,293;10623
17748,293;88
17749,293;91
17750,293;80
17751,293;95
17752,293;2653
17753,293;10581
17754,293;88
17755,293;77
17756,293;97
17757,293;93
17758,293;2670
17759,293;10562
17760,293;91
17761,293;98
17762,293;103
17763,293;89
17764,293;2709
17765,293;10531
17766,293;119
17767,293;84
17768,293;101
17769,293;85
17770,293;2631
17771,293;10580
17772,293;70
17773,293;85
17774,293;97
17775,293;90
17776,293;2635
17777,293;10579
17778,293;85
17778,273;75
17779,273;99
17780,273;88
17781,273;2621
17782,273;10567
17783,273;81
17784,273;95
17785,273;90
17786,273;98
17787,273;2641
17788,273;10621
17789,273;82
17790,273;101
17791,273;101
17792,273;92
17793,273;2645
17794,273;10554
17795,273;91
17796,273;92
17797,273;68
17798,273;92
17799,273;2633
17800,273;10607
17801,273;84
17802,273;94
17803,273;89
17804,273;93
17805,273;2629
17806,273;10553
17807,273;70
17808,273;95
17809,273;87
17810,273;107
17811,273;2640
17812,273;10590
17813,273;86
17814,273;92
17815,273;98
17816,273;100
17817,273;2658
17818,273;10599
17819,273;73
17820,273;110
17821,273;93
17822,273;108
17823,273;2635
17824,273;10562
17825,273;88
17826,273;92
17827,273;94
17828,273;85
17829,273;2653
17830,273;10593
17831,273;88
17832,273;84
17833,273;87
17834,273;101
17835,273;2655
17836,273;10579
17837,273;109
17838,273;85
17839,273;104
17840,273;91
17841,273;2740
17842,273;10484
17843,273;100
17844,273;92
17845,273;94
17846,273;94
17847,273;2621
17848,273;10576
17849,273;84
17850,273;110
17851,273;79
17852,273;92
17853,273;2673
17854,273;10574
17855,273;105
17856,273;98
17857,273;92
17858,273;112
17859,273;2620
17860,273;10584
17861,273;95
17862,273;101
17863,273;98
17864,273;111
17865,273;2622
17866,273;10581
17867,273;92
17868,273;92
17869,273;100
17870,273;101
17871,273;2649
17872,273;10600
17873,273;99
17874,273;82
17875,273;88
17876,273;108
17877,273;2627
17878,273;10610
17879,914;84
17880,914;116
17881,914;109
17882,914;84
17883,914;2635
17884,914;10579
17885,914;97
17886,914;118
17887,914;93
17888,914;87
17889,914;2688
17890,914;10528
17891,914;99
17892,914;98
17893,914;99
17894,914;117
17895,914;2614
17896,914;10603
17897,914;70
17898,914;84
17899,914;102
17900,914;101
17901,914;2258
17902,914;10644
17903,914;100
17904,914;79
17905,914;102
17906,914;102
17907,914;2555
17908,914;10617
17909,914;80
17910,914;83
17911,914;113
17912,914;92
17913,914;2617
17914,914;10608
17915,914;80
17916,914;97
17917,914;94
17918,914;93
17919,914;2598
17920,914;10613
17921,914;82
17922,914;62
17923,914;103
17924,914;83
17925,914;2631
17926,914;10564
17927,914;79
17928,914;93
17929,914;97
17930,914;94
17931,914;2601
17932,914;10599
17933,914;75
17934,914;89
17935,914;93
17936,914;103
17937,914;2623
17938,914;10606
17939,914;86
17940,914;81
17941,914;94
17942,914;85
17943,914;2625
17944,914;10624
17945,914;100
17946,914;97
17947,914;87
17948,914;101
17949,914;2609
17950,914;10585
17951,914;81
17952,914;86
17953,914;113
17954,914;91
17955,914;2613
17956,914;10603
17957,914;99
17958,914;105
17959,914;106
17960,914;110
17961,914;2595
17962,914;10615
17963,914;93
17964,914;108
17965,914;82
17966,914;105
17967,914;2619
17968,914;10607
17969,914;76
17970,914;93
17971,914;101
17972,914;91
17973,914;2635
17974,914;10611
17975,914;79
17976,914;85
17977,914;103
17978,914;95
17979,914;2611
17981,288;10597
17982,288;107
17983,288;94
17984,288;102
17985,288;104
17986,288;2587
17987,288;10593
17988,288;91
17989,288;95
17990,288;88
17991,288;104
17992,288;2582
17993,288;10598
17994,288;102
17995,288;93
17996,288;93
17997,288;97
17998,288;2625
17999,288;10573
18000,288;82
18001,288;91
18002,288;105
18003,288;109
18004,288;2572
18005,288;10606
18006,288;82
18007,288;81
18008,288;89
18009,288;87
18010,288;2579
18011,288;10605
18012,288;77
18013,288;86
18014,288;98
18015,288;111
18016,288;2594
18017,288;10609
18018,288;96
18019,288;78
18020,288;91
18021,288;92
18022,288;2664
18023,288;10553
18024,288;81
18025,288;77
18026,288;95
18027,288;103
18028,288;2562
18029,288;10634
18030,288;73
18031,288;88
18032,288;109
18033,288;96
18034,288;2618
18035,288;10607
18036,288;103
18037,288;95
18038,288;107
18039,288;82
18040,288;2598
18041,288;10606
18042,288;102
18043,288;92
18044,288;101
18045,288;99
18046,288;2585
18047,288;10601
18048,288;90
18049,288;90
18050,288;103
18051,288;98
18052,288;2605
18053,288;10593
18054,288;107
18055,288;89
18056,288;94
18057,288;110
18058,288;2582
18059,288;10597
18060,288;87
18061,288;92
18062,288;117
18063,288;87
18064,288;2594
18065,288;10649
18066,288;78
18067,288;93
18068,288;71
18069,288;92
18070,288;2573
18071,288;10624
18072,288;97
18073,288;93
18074,288;99
18075,288;88
18076,288;2591
18077,288;10641
18078,288;90
18079,288;97
18080,288;99
18081,288;108
18082,288;2584
18083,288;10645
18084,288;79
18085,288;112
18086,288;85
18087,288;84
18088,288;2567
18089,288;10638
18090,288;87
18091,288;85
18092,288;103
18093,288;87
18094,288;2683
18095,288;10558
18096,288;95
18097,288;97
18098,288;101
18099,288;89
18100,288;2566
18101,288;10629
18102,288;79
18103,288;85
18104,288;89
18105,288;85
18106,288;2566
18107,288;10626
18108,288;82
18109,288;84
18110,288;87
18111,288;95
18112,288;2588
18113,288;10629
18114,288;79
18115,288;101
18116,288;84
18117,288;84
18118,288;2593
18119,288;10621
18120,288;91
18121,288;97
18122,288;86
18123,288;88
18124,288;2561
18125,288;10617
18126,288;90
18127,288;88
18128,288;78
18129,288;93
18130,288;2573
18131,288;10624
18132,288;78
18133,288;107
18134,288;92
18135,288;108
18136,288;2689
18137,288;10484
18138,288;87
18139,288;85
18140,288;77
18141,288;84
18142,288;2568
18143,288;10632
18144,288;70
18145,288;70
18146,288;101
18147,288;98
18148,288;2554
18149,288;10657
18150,288;91
18151,288;71
18152,288;78
18153,288;83
18154,288;2578
18155,288;10651
18156,288;86
18157,288;93
18158,288;76
18159,288;80
18160,288;2573
18161,288;10655
18162,288;85
18163,288;73
18164,288;81
18165,288;75
18166,288;2547
18167,288;10630
18168,288;81
18169,288;88
18170,288;109
18171,288;112
18172,288;2536
18173,288;10670
18174,288;75
18175,288;62
18176,288;86
18177,288;91
18178,288;2550
18179,288;10630
18180,288;76
18181,288;80
18182,288;97
18181,956;77
18182,956;2554
18183,956;10610
18184,956;79
18185,956;82
18186,956;90
18187,956;79
18188,956;2525
18189,956;10640
18190,956;79
18191,956;73
18192,956;80
18193,956;87
18194,956;2540
18195,956;10648
18196,956;77
18197,956;90
18198,956;79
18199,956;75
18200,956;2554
18201,956;10632
18202,956;72
18203,956;80
18204,956;84
18205,956;66
18206,956;2539
18207,956;10638
18208,956;79
18209,956;78
18210,956;83
18211,956;102
18212,956;2182
18213,956;10665
18214,956;77
18215,956;76
18216,956;77
18217,956;86
18218,956;2465
18219,956;10651
18220,956;56
18221,956;72
18222,956;103
18223,956;89
18224,956;2502
18225,956;10662
18226,956;81
18227,956;82
18228,956;86
18229,956;87
18230,956;2535
18231,956;10641
18232,956;72
18233,956;85
18234,956;81
18235,956;85
18236,956;2557
18237,956;10626
18238,956;75
18239,956;87
18240,956;104
18241,956;93
18242,956;2535
18243,956;10643
18244,956;76
18245,956;82
18246,956;92
18247,956;104
18248,956;2551
18249,956;10660
18250,956;93
18251,956;97
18252,956;80
18253,956;88
18254,956;2555
18255,956;10650
18256,956;85
18257,956;104
18258,956;91
18259,956;89
18260,956;2542
18261,956;10665
18262,956;102
18263,956;88
18264,956;86
18265,956;85
18266,956;2521
18267,956;10635
18268,956;71
18269,956;85
18270,956;72
18271,956;94
18272,956;2555
18273,956;10642
18274,956;86
18275,956;96
18276,956;106
18277,956;93
18278,956;2540
18279,956;10650
18280,956;73
18281,956;69
18283,635;83
18284,635;91
18285,635;2520
18286,635;10629
18287,635;76
18288,635;80
18289,635;72
18290,635;106
18291,635;2541
18292,635;10647
18293,635;82
18294,635;93
18295,635;99
18296,635;98
18297,635;2525
18298,635;10655
18299,635;79
18300,635;92
18301,635;86
18302,635;91
18303,635;2519
18304,635;10667
18305,635;86
18306,635;105
18307,635;79
18308,635;85
18309,635;2614
18310,635;10616
18311,635;96
18312,635;96
18313,635;104
18314,635;95
18315,635;2537
18316,635;10680
18317,635;82
18318,635;72
18319,635;118
18320,635;89
18321,635;2537
18322,635;10670
18323,635;74
18324,635;83
18325,635;99
18326,635;85
18327,635;2517
18328,635;10658
18329,635;106
18330,635;83
18331,635;77
18332,635;90
18333,635;2540
18334,635;10666
18335,635;80
18336,635;77
18337,635;78
18338,635;88
18339,635;2519
18340,635;10650
18341,635;87
18342,635;91
18343,635;97
18344,635;97
18345,635;2538
18346,635;10648
18347,635;78
18348,635;99
18349,635;99
18350,635;104
18351,635;2514
18352,635;10654
18353,635;96
18354,635;83
18355,635;88
18356,635;94
18357,635;2517
18358,635;10638
18359,635;83
18360,635;111
18361,635;105
18362,635;97
18363,635;2534
18364,635;10665
18365,635;81
18366,635;107
18367,635;84
18368,635;84
18369,635;2538
18370,635;10685
18371,635;91
18372,635;89
18373,635;118
18374,635;107
18375,635;2524
18376,635;10645
18377,635;76
18378,635;92
18379,635;98
18380,635;94
18381,635;2538
18382,635;10676
18383,635;96
18385,033;90
18386,033;93
18387,033;80
18388,033;2501
18389,033;10676
18390,033;62
18391,033;93
18392,033;79
18393,033;85
18394,033;2506
18395,033;10712
18396,033;82
18397,033;111
18398,033;97
18399,033;113
18400,033;2531
18401,033;10689
18402,033;97
18403,033;82
18404,033;86
18405,033;98
18406,033;2524
18407,033;10664
18408,033;85
18409,033;104
18410,033;86
18411,033;75
18412,033;2518
18413,033;10704
18414,033;83
18415,033;92
18416,033;104
18417,033;98
18418,033;2533
18419,033;10645
18420,033;77
18421,033;81
18422,033;93
18423,033;114
18424,033;2510
18425,033;10706
18426,033;90
18427,033;96
18428,033;102
18429,033;96
18430,033;2512
18431,033;10652
18432,033;75
18433,033;98
18434,033;91
18435,033;96
18436,033;2556
18437,033;10693
18438,033;88
18439,033;94
18440,033;110
18441,033;97
18442,033;2515
18443,033;10714
18444,033;86
18445,033;92
18446,033;96
18447,033;104
18448,033;2498
18449,033;10697
18450,033;89
18451,033;76
18452,033;99
18453,033;103
18454,033;2534
18455,033;10664
18456,033;91
18457,033;103
18458,033;122
18459,033;81
18460,033;2502
18461,033;10675
18462,033;90
18463,033;106
18464,033;100
18465,033;74
18466,033;2510
18467,033;10707
18468,033;88
18469,033;82
18470,033;108
18471,033;91
18472,033;2542
18473,033;10708
18474,033;114
18475,033;90
18476,033;110
18477,033;88
18478,033;2536
18479,033;10699
18480,033;100
18481,033;72
18482,033;97
18483,033;92
18484,033;2513
18485,033;10701
18485,179;82
18486,179;85
18487,179;95
18488,179;99
18489,179;2543
18490,179;10695
18491,179;105
18492,179;98
18493,179;107
18494,179;106
18495,179;2542
18496,179;10680
18497,179;82
18498,179;111
18499,179;98
18500,179;90
18501,179;2507
18502,179;10695
18503,179;92
18504,179;90
18505,179;102
18506,179;91
18507,179;2509
18508,179;10709
18509,179;77
18510,179;107
18511,179;99
18512,179;103
18513,179;2512
18514,179;10726
18515,179;92
18516,179;99
18517,179;104
18518,179;95
18519,179;2515
18520,179;10736
18521,179;107
18522,179;96
18523,179;97
18524,179;116
18525,179;2146
18526,179;10756
18527,179;109
18528,179;92
18529,179;81
18530,179;103
18531,179;2464
18532,179;10697
18533,179;86
18534,179;95
18535,179;98
18536,179;105
18537,179;2500
18538,179;10713
18539,179;90
18540,179;106
18541,179;107
18542,179;94
18543,179;2508
18544,179;10653
18545,179;101
18546,179;103
18547,179;91
18548,179;93
18549,179;2486
18550,179;10704
18551,179;92
18552,179;107
18553,179;90
18554,179;102
18555,179;2514
18556,179;10682
18557,179;94
18558,179;93
18559,179;95
18560,179;109
18561,179;2516
18562,179;10683
18563,179;90
18564,179;92
18565,179;103
18566,179;80
18567,179;2484
18568,179;10740
18569,179;92
18570,179;98
18571,179;100
18572,179;108
18573,179;2485
18574,179;10723
18575,179;85
18576,179;86
18577,179;103
18578,179;107
18579,179;2487
18580,179;10698
18581,179;89
18582,179;86
18583,179;106
18584,179;88
18585,179;2492
18586,179;10714
18587,179;85
18588,179;100
18589,179;95
18590,179;100
18591,179;2507
18592,179;10724
18593,179;89
18594,179;98
18595,179;100
18596,179;88
18597,179;2517
18598,179;10705
18599,179;97
18600,179;89
18601,179;91
18602,179;101
18603,179;2480
18604,179;10752
18605,179;85
18606,179;83
18607,179;103
18608,179;89
18609,179;2483
18610,179;10732
18611,179;87
18612,179;98
18613,179;116
18614,179;98
18615,179;2506
18616,179;10728
18617,179;86
18618,179;102
18619,179;81
18620,179;85
18621,179;2456
18622,179;10697
18623,179;71
18624,179;75
18625,179;103
18626,179;96
18627,179;2473
18628,179;10724
18629,179;83
18630,179;84
18631,179;89
18632,179;92
18633,179;2477
18634,179;10714
18635,179;78
18636,179;108
18637,179;92
18638,179;95
18639,179;2449
18640,179;10742
18641,179;76
18642,179;91
18643,179;99
18644,179;74
18645,179;2601
18646,179;10604
18647,179;91
18648,179;75
18649,179;88
18650,179;119
18651,179;2480
18652,179;10730
18653,179;90
18654,179;90
18655,179;101
18656,179;100
18657,179;2457
18658,179;10758
18659,179;71
18660,179;84
18661,179;105
18662,179;102
18663,179;2463
18664,179;10727
18665,179;93
18666,179;98
18667,179;96
18668,179;92
18669,179;2458
18670,179;10708
18671,179;66
18672,179;99
18673,179;109
18674,179;88
18675,179;2496
18676,179;10733
18677,179;76
18678,179;86
18679,179;85
18680,179;98
18681,179;2473
18682,179;10724
18683,179;76
18684,179;98
18685,179;91
18686,179;101
18687,729;2531
18688,729;10650
18689,729;92
18690,729;81
18691,729;83
18692,729;114
18693,729;2452
18694,729;10732
18695,729;90
18696,729;109
18697,729;95
18698,729;89
18699,729;2452
18700,729;10743
18701,729;69
18702,729;93
18703,729;88
18704,729;68
18705,729;2456
18706,729;10702
18707,729;94
18708,729;85
18709,729;90
18710,729;88
18711,729;2497
18712,729;10720
18713,729;88
18714,729;103
18715,729;80
18716,729;80
18717,729;2498
18718,729;10712
18719,729;85
18720,729;100
18721,729;96
18722,729;106
18723,729;2437
18724,729;10741
18725,729;82
18726,729;103
18727,729;94
18728,729;100
18729,729;2457
18730,729;10746
18731,729;81
18732,729;97
18733,729;98
18734,729;107
18735,729;2456
18736,729;10720
18737,729;73
18738,729;87
18739,729;97
18740,729;72
18741,729;2453
18742,729;10732
18743,729;87
18744,729;96
18745,729;94
18746,729;72
18747,729;2459
18748,729;10729
18749,729;79
18750,729;77
18751,729;113
18752,729;95
18753,729;2455
18754,729;10765
18755,729;100
18756,729;69
18757,729;91
18758,729;99
18759,729;2467
18760,729;10718
18761,729;79
18762,729;98
18763,729;95
18764,729;105
18765,729;2437
18766,729;10723
18767,729;67
18768,729;78
18769,729;89
18770,729;81
18771,729;2466
18772,729;10756
18773,729;70
18774,729;75
18775,729;80
18776,729;99
18777,729;2455
18778,729;10720
18779,729;82
18780,729;84
18781,729;78
18782,729;97
18783,729;2465
18784,729;10752
18785,729;89
18786,729;79
18787,729;97
18788,605;95
18789,605;2456
18790,605;10752
18791,605;91
18792,605;98
18793,605;82
18794,605;74
18795,605;2449
18796,605;10751
18797,605;77
18798,605;96
18799,605;85
18800,605;82
18801,605;2469
18802,605;10721
18803,605;74
18804,605;97
18805,605;73
18806,605;92
18807,605;2431
18808,605;10713
18809,605;79
18810,605;73
18811,605;107
18812,605;76
18813,605;2472
18814,605;10724
18815,605;82
18816,605;95
18817,605;82
18818,605;86
18819,605;2429
18820,605;10730
18821,605;76
18822,605;79
18823,605;83
18824,605;86
18825,605;2436
18826,605;10744
18827,605;77
18828,605;65
18829,605;66
18830,605;78
18831,605;2440
18832,605;10775
