2743,475;565
2744,475;5330
2745,475;67
2746,475;67
2747,475;79
2748,475;58
2749,475;5435
2750,475;5074
2751,475;66
2752,475;79
2753,475;64
2754,475;67
2755,475;6360
2756,475;5056
2757,475;75
2758,475;68
2759,475;60
2760,475;68
2761,475;6542
2762,475;5072
2763,475;63
2764,475;71
2765,475;67
2766,475;64
2767,475;6578
2768,475;5076
2769,475;64
2770,475;71
2771,475;75
2772,475;81
2773,475;6602
2774,475;5040
2775,475;59
2776,475;82
2777,475;64
2778,475;68
2779,475;6582
2780,475;5037
2781,475;68
2782,475;85
2783,475;74
2784,475;74
2785,475;6571
2786,475;5038
2787,475;70
2788,475;61
2789,475;63
2790,475;87
2791,475;6603
2792,475;5035
2793,475;69
2794,475;63
2795,475;72
2796,475;87
2797,475;6580
2798,475;5040
2799,475;57
2800,475;66
2801,475;61
2802,475;68
2803,475;6556
2804,475;5064
2805,475;73
2806,475;74
2807,475;74
2808,475;82
2809,475;6568
2810,475;5040
2811,475;68
2812,475;73
2813,475;66
2814,475;61
2815,475;6538
2816,475;5030
2817,475;76
2818,475;62
2819,475;77
2820,475;77
2821,475;6540
2822,475;5031
2823,475;68
2824,475;67
2825,475;79
2826,475;70
2827,475;6562
2828,475;5050
2829,475;74
2829,685;69
2830,685;74
2831,685;72
2832,685;6568
2833,685;5019
2834,685;73
2835,685;71
2836,685;78
2837,685;86
2838,685;6548
2839,685;4981
2840,685;66
2841,685;74
2842,685;78
2843,685;53
2844,685;6545
2845,685;5045
2846,685;65
2847,685;78
2848,685;64
2849,685;76
2850,685;6558
2851,685;5022
2852,685;63
2853,685;66
2854,685;77
2855,685;77
2856,685;6553
2857,685;5026
2858,685;76
2859,685;78
2860,685;65
2861,685;72
2862,685;6524
2863,685;5046
2864,685;61
2865,685;60
2866,685;67
2867,685;63
2868,685;6555
2869,685;5028
2870,685;50
2871,685;69
2872,685;88
2873,685;71
2874,685;6547
2875,685;5002
2876,685;78
2877,685;68
2878,685;86
2879,685;73
2880,685;6537
2881,685;5021
2882,685;63
2883,685;76
2884,685;73
2885,685;82
2886,685;6527
2887,685;5022
2888,685;65
2889,685;64
2890,685;76
2891,685;72
2892,685;6647
2893,685;4920
2894,685;59
2895,685;79
2896,685;78
2897,685;77
2898,685;6511
2899,685;5030
2900,685;65
2901,685;85
2902,685;80
2903,685;71
2904,685;6517
2905,685;5030
2906,685;74
2907,685;81
2908,685;74
2909,685;66
2910,685;6542
2911,685;5029
2912,685;72
2913,685;72
2914,685;72
2915,685;63
2916,685;6553
2917,685;5025
2918,685;58
2919,685;65
2920,685;65
2921,685;74
2922,685;6541
2923,685;5036
2924,685;72
2925,685;72
2926,685;59
2927,685;78
2928,685;6514
2929,685;5037
2930,721;70
2931,721;84
2932,721;67
2933,721;72
2934,721;6549
2935,721;5021
2936,721;61
2937,721;86
2938,721;77
2939,721;68
2940,721;6472
2941,721;5014
2942,721;72
2943,721;68
2944,721;66
2945,721;71
2946,721;6522
2947,721;5016
2948,721;70
2949,721;72
2950,721;52
2951,721;70
2952,721;6541
2953,721;4994
2954,721;70
2955,721;59
2956,721;73
2957,721;59
2958,721;6500
2959,721;5037
2960,721;65
2961,721;66
2962,721;68
2963,721;47
2964,721;6498
2965,721;5017
2966,721;58
2967,721;86
2968,721;74
2969,721;85
2970,721;6541
2971,721;5015
2972,721;47
2973,721;81
2974,721;70
2975,721;55
2976,721;6513
2977,721;5000
2978,721;58
2979,721;59
2980,721;63
2981,721;51
2982,721;6492
2983,721;5007
2984,721;52
2985,721;62
2986,721;68
2987,721;52
2988,721;6510
2989,721;5026
2990,721;51
2991,721;56
2992,721;59
2993,721;55
2994,721;6509
2995,721;5038
2996,721;50
2997,721;60
2998,721;58
2999,721;62
3000,721;6485
3001,721;5040
3002,721;57
3003,721;50
3004,721;64
3005,721;70
3006,721;6521
3007,721;4998
3008,721;55
3009,721;50
3010,721;60
3011,721;69
3012,721;6522
3013,721;5032
3014,721;56
3015,721;47
3016,721;64
3017,721;59
3018,721;6488
3019,721;5024
3020,721;54
3021,721;57
3022,721;56
3023,721;68
3024,721;6486
3025,721;4992
3026,721;58
3027,721;48
3028,721;49
3029,721;52
3030,721;6494
3032,721;5028
3033,721;48
3034,721;52
3035,721;50
3036,721;50
3037,721;6455
3038,721;5010
3039,721;47
3040,721;48
3041,721;50
3042,721;60
3043,721;6485
3044,721;5019
3045,721;50
3046,721;52
3047,721;69
3048,721;57
3049,721;6456
3050,721;4988
3051,721;58
3052,721;42
3053,721;53
3054,721;39
3055,721;6233
3056,721;4929
3057,721;47
3058,721;47
3059,721;49
3060,721;67
3061,721;6423
3062,721;5005
3063,721;48
3064,721;36
3065,721;54
3066,721;46
3067,721;6466
3068,721;5024
3069,721;57
3070,721;49
3071,721;52
3072,721;53
3073,721;6476
3074,721;5007
3075,721;44
3076,721;58
3077,721;56
3078,721;46
3079,721;6476
3080,721;5024
3081,721;52
3082,721;57
3083,721;62
3084,721;54
3085,721;6459
3086,721;5022
3087,721;55
3088,721;61
3089,721;59
3090,721;51
3091,721;6493
3092,721;5028
3093,721;57
3094,721;60
3095,721;67
3096,721;60
3097,721;6477
3098,721;5021
3099,721;54
3100,721;51
3101,721;62
3102,721;55
3103,721;6498
3104,721;5026
3105,721;63
3106,721;69
3107,721;60
3108,721;63
3109,721;6497
3110,721;5001
3111,721;55
3112,721;71
3113,721;69
3114,721;57
3115,721;6470
3116,721;5013
3117,721;58
3118,721;71
3119,721;65
3120,721;56
3121,721;6471
3122,721;5041
3123,721;60
3124,721;68
3125,721;67
3126,721;65
3127,721;6478
3128,721;5031
3129,721;52
3130,721;82
3131,721;55
3132,721;67
3133,621;6449
3134,621;5041
3135,621;62
3136,621;66
3137,621;74
3138,621;64
3139,621;6462
3140,621;5012
3141,621;60
3142,621;68
3143,621;71
3144,621;55
3145,621;6475
3146,621;5017
3147,621;65
3148,621;61
3149,621;81
3150,621;59
3151,621;6464
3152,621;5051
3153,621;68
3154,621;80
3155,621;69
3156,621;67
3157,621;6455
3158,621;5058
3159,621;69
3160,621;71
3161,621;65
3162,621;73
3163,621;6456
3164,621;5050
3165,621;73
3166,621;68
3167,621;60
3168,621;67
3169,621;6502
3170,621;5062
3171,621;66
3172,621;61
3173,621;64
3174,621;74
3175,621;6446
3176,621;5042
3177,621;57
3178,621;67
3179,621;88
3180,621;57
3181,621;6435
3182,621;5046
3183,621;65
3184,621;53
3185,621;79
3186,621;89
3187,621;6441
3188,621;5051
3189,621;71
3190,621;79
3191,621;93
3192,621;68
3193,621;6449
3194,621;5051
3195,621;58
3196,621;89
3197,621;67
3198,621;73
3199,621;6449
3200,621;5023
3201,621;59
3202,621;67
3203,621;62
3204,621;69
3205,621;6443
3206,621;5046
3207,621;70
3208,621;66
3209,621;80
3210,621;71
3211,621;6490
3212,621;5019
3213,621;75
3214,621;78
3215,621;68
3216,621;78
3217,621;6463
3218,621;5031
3219,621;72
3220,621;61
3221,621;54
3222,621;83
3223,621;6460
3224,621;5026
3225,621;66
3226,621;83
3227,621;67
3228,621;82
3229,621;6441
3230,621;5029
3231,621;53
3232,621;79
3233,621;71
3235,467;69
3236,467;6459
3237,467;5050
3238,467;64
3239,467;59
3240,467;72
3241,467;64
3242,467;6455
3243,467;5023
3244,467;64
3245,467;61
3246,467;60
3247,467;90
3248,467;6443
3249,467;5027
3250,467;69
3251,467;60
3252,467;64
3253,467;66
3254,467;6452
3255,467;5053
3256,467;69
3257,467;65
3258,467;72
3259,467;63
3260,467;6434
3261,467;5065
3262,467;58
3263,467;64
3264,467;52
3265,467;70
3266,467;6446
3267,467;5068
3268,467;71
3269,467;74
3270,467;70
3271,467;77
3272,467;6467
3273,467;5035
3274,467;82
3275,467;68
3276,467;59
3277,467;93
3278,467;6424
3279,467;5085
3280,467;73
3281,467;57
3282,467;69
3283,467;61
3284,467;6427
3285,467;5049
3286,467;57
3287,467;61
3288,467;74
3289,467;87
3290,467;6451
3291,467;5054
3292,467;58
3293,467;59
3294,467;81
3295,467;76
3296,467;6448
3297,467;5060
3298,467;58
3299,467;83
3300,467;56
3301,467;56
3302,467;6441
3303,467;5044
3304,467;63
3305,467;66
3306,467;81
3307,467;60
3308,467;6407
3309,467;5040
3310,467;61
3311,467;74
3312,467;79
3313,467;63
3314,467;6447
3315,467;5048
3316,467;64
3317,467;71
3318,467;61
3319,467;83
3320,467;6422
3321,467;5043
3322,467;66
3323,467;68
3324,467;71
3325,467;78
3326,467;6430
3327,467;5054
3328,467;67
3329,467;57
3330,467;67
3331,467;60
3332,467;6410
3333,467;5058
3334,467;62
3335,467;83
3335,784;84
3336,784;69
3337,784;6427
3338,784;5063
3339,784;77
3340,784;77
3341,784;55
3342,784;75
3343,784;6430
3344,784;5044
3345,784;70
3346,784;59
3347,784;86
3348,784;71
3349,784;6404
3350,784;5066
3351,784;56
3352,784;60
3353,784;69
3354,784;68
3355,784;6376
3356,784;5054
3357,784;55
3358,784;55
3359,784;68
3360,784;72
3361,784;6411
3362,784;5069
3363,784;50
3364,784;58
3365,784;68
3366,784;73
3367,784;6074
3368,784;5080
3369,784;57
3370,784;82
3371,784;57
3372,784;56
3373,784;6380
3374,784;5061
3375,784;64
3376,784;70
3377,784;50
3378,784;51
3379,784;6420
3380,784;5043
3381,784;63
3382,784;60
3383,784;57
3384,784;67
3385,784;6449
3386,784;5064
3387,784;66
3388,784;56
3389,784;56
3390,784;70
3391,784;6407
3392,784;5076
3393,784;52
3394,784;70
3395,784;58
3396,784;67
3397,784;6418
3398,784;5064
3399,784;57
3400,784;74
3401,784;72
3402,784;86
3403,784;6399
3404,784;5060
3405,784;59
3406,784;82
3407,784;55
3408,784;86
3409,784;6434
3410,784;5073
3411,784;71
3412,784;69
3413,784;73
3414,784;68
3415,784;6416
3416,784;5085
3417,784;69
3418,784;54
3419,784;83
3420,784;67
3421,784;6434
3422,784;5043
3423,784;57
3424,784;61
3425,784;61
3426,784;82
3427,784;6420
3428,784;5052
3429,784;66
3430,784;64
3431,784;76
3432,784;75
3433,784;6374
3434,784;5075
3435,784;71
3435,726;83
3436,726;65
3437,726;70
3438,726;6389
3439,726;5079
3440,726;47
3441,726;73
3442,726;66
3443,726;63
3444,726;6419
3445,726;5081
3446,726;71
3447,726;68
3448,726;81
3449,726;72
3450,726;6438
3451,726;5090
3452,726;60
3453,726;79
3454,726;85
3455,726;68
3456,726;6416
3457,726;5093
3458,726;59
3459,726;79
3460,726;64
3461,726;70
3462,726;6413
3463,726;5067
3464,726;73
3465,726;74
3466,726;63
3467,726;65
3468,726;6398
3469,726;5109
3470,726;62
3471,726;78
3472,726;66
3473,726;53
3474,726;6427
3475,726;5077
3476,726;76
3477,726;60
3478,726;87
3479,726;83
3480,726;6408
3481,726;5086
3482,726;60
3483,726;77
3484,726;75
3485,726;82
3486,726;6415
3487,726;5106
3488,726;71
3489,726;62
3490,726;58
3491,726;67
3492,726;6418
3493,726;5075
3494,726;73
3495,726;68
3496,726;86
3497,726;77
3498,726;6412
3499,726;5090
3500,726;68
3501,726;75
3502,726;66
3503,726;77
3504,726;6412
3505,726;5095
3506,726;67
3507,726;83
3508,726;73
3509,726;62
3510,726;6395
3511,726;5088
3512,726;63
3513,726;65
3514,726;69
3515,726;75
3516,726;6402
3517,726;5087
3518,726;86
3519,726;63
3520,726;61
3521,726;74
3522,726;6386
3523,726;5087
3524,726;82
3525,726;69
3526,726;58
3527,726;77
3528,726;6394
3529,726;5078
3530,726;72
3531,726;78
3532,726;69
3533,726;61
3534,726;6414
3535,726;5077
3536,732;68
3537,732;87
3538,732;83
3539,732;70
3540,732;6369
3541,732;5094
3542,732;86
3543,732;70
3544,732;76
3545,732;80
3546,732;6401
3547,732;5084
3548,732;79
3549,732;67
3550,732;80
3551,732;61
3552,732;6395
3553,732;5102
3554,732;71
3555,732;74
3556,732;75
3557,732;61
3558,732;6389
3559,732;5128
3560,732;70
3561,732;70
3562,732;71
3563,732;70
3564,732;6385
3565,732;5098
3566,732;62
3567,732;71
3568,732;85
3569,732;73
3570,732;6397
3571,732;5084
3572,732;71
3573,732;71
3574,732;76
3575,732;68
3576,732;6393
3577,732;5083
3578,732;57
3579,732;68
3580,732;64
3581,732;66
3582,732;6429
3583,732;5113
3584,732;77
3585,732;79
3586,732;69
3587,732;56
3588,732;6413
3589,732;5091
3590,732;64
3591,732;53
3592,732;60
3593,732;67
3594,732;6413
3595,732;5091
3596,732;65
3597,732;67
3598,732;61
3599,732;58
3600,732;6404
3601,732;5090
3602,732;58
3603,732;64
3604,732;62
3605,732;60
3606,732;6405
3607,732;5093
3608,732;86
3609,732;58
3610,732;69
3611,732;58
3612,732;6396
3613,732;5095
3614,732;60
3615,732;67
3616,732;55
3617,732;49
3618,732;6384
3619,732;5085
3620,732;61
3621,732;63
3622,732;57
3623,732;55
3624,732;6397
3625,732;5116
3626,732;69
3627,732;64
3628,732;69
3629,732;57
3630,732;6400
3631,732;5091
3632,732;73
3633,732;58
3634,732;56
3635,732;58
3636,732;6370
3637,732;5086
3638,732;37
3639,732;50
3640,732;65
3641,732;61
3642,732;6404
3643,732;5104
3644,732;50
3645,732;61
3646,732;57
3647,732;59
3648,732;6401
3649,732;5095
3650,732;54
3651,732;60
3652,732;51
3653,732;55
3654,732;6373
3655,732;5098
3656,732;49
3657,732;49
3658,732;43
3659,732;54
3660,732;6376
3661,732;5083
3662,732;58
3663,732;42
3664,732;49
3665,732;47
3666,732;6380
3667,732;5087
3668,732;47
3669,732;54
3670,732;44
3671,732;39
3672,732;6384
3673,732;5097
3674,732;53
3675,732;43
3676,732;58
3677,732;46
3678,732;6004
3679,732;5099
3680,732;54
3681,732;53
3682,732;50
3683,732;40
3684,732;6317
3685,732;5075
3686,732;60
3687,732;52
3688,732;64
3689,732;33
3690,732;6372
3691,732;5104
3692,732;64
3693,732;53
3694,732;55
3695,732;44
3696,732;6389
3697,732;5095
3698,732;55
3699,732;46
3700,732;51
3701,732;56
3702,732;6370
3703,732;5121
3704,732;58
3705,732;35
3706,732;43
3707,732;60
3708,732;6397
3709,732;5111
3710,732;44
3711,732;60
3712,732;48
3713,732;48
3714,732;6366
3715,732;5106
3716,732;62
3717,732;56
3718,732;59
3719,732;56
3720,732;6389
3721,732;5114
3722,732;58
3723,732;66
3724,732;43
3725,732;63
3726,732;6378
3727,732;5107
3728,732;63
3729,732;70
3730,732;58
3731,732;50
3732,732;6390
3733,732;5112
3734,732;56
3735,732;57
3736,732;68
3737,732;56
3739,168;6376
3740,168;5107
3741,168;56
3742,168;68
3743,168;57
3744,168;68
3745,168;6372
3746,168;5111
3747,168;71
3748,168;68
3749,168;63
3750,168;58
3751,168;6362
3752,168;5111
3753,168;57
3754,168;67
3755,168;70
3756,168;76
3757,168;6364
3758,168;5123
3759,168;69
3760,168;83
3761,168;72
3762,168;54
3763,168;6377
3764,168;5097
3765,168;75
3766,168;63
3767,168;53
3768,168;73
3769,168;6373
3770,168;5124
3771,168;60
3772,168;67
3773,168;76
3774,168;63
3775,168;6349
3776,168;5100
3777,168;62
3778,168;51
3779,168;61
3780,168;78
3781,168;6391
3782,168;5119
3783,168;71
3784,168;75
3785,168;71
3786,168;72
3787,168;6360
3788,168;5156
3789,168;63
3790,168;75
3791,168;83
3792,168;78
3793,168;6409
3794,168;5106
3795,168;69
3796,168;75
3797,168;80
3798,168;70
3799,168;6351
3800,168;5129
3801,168;54
3802,168;68
3803,168;80
3804,168;75
3805,168;6343
3806,168;5117
3807,168;70
3808,168;73
3809,168;86
3810,168;76
3811,168;6356
3812,168;5119
3813,168;85
3814,168;81
3815,168;72
3816,168;84
3817,168;6380
3818,168;5095
3819,168;76
3820,168;59
3821,168;79
3822,168;73
3823,168;6318
3824,168;5129
3825,168;66
3826,168;61
3827,168;63
3828,168;69
3829,168;6380
3830,168;5118
3831,168;67
3832,168;67
3833,168;65
3834,168;81
3835,168;6347
3836,168;5105
3837,168;72
3838,168;59
3839,168;58
3840,474;69
3841,474;6442
3842,474;5076
3843,474;77
3844,474;81
3845,474;59
3846,474;79
3847,474;6360
3848,474;5136
3849,474;65
3850,474;71
3851,474;62
3852,474;66
3853,474;6379
3854,474;5099
3855,474;68
3856,474;72
3857,474;52
3858,474;80
3859,474;6363
3860,474;5126
3861,474;67
3862,474;77
3863,474;73
3864,474;81
3865,474;6413
3866,474;5078
3867,474;68
3868,474;80
3869,474;85
3870,474;68
3871,474;6374
3872,474;5134
3873,474;69
3874,474;72
3875,474;80
3876,474;67
3877,474;6331
3878,474;5133
3879,474;53
3880,474;80
3881,474;66
3882,474;83
3883,474;6330
3884,474;5154
3885,474;78
3886,474;69
3887,474;68
3888,474;89
3889,474;6358
3890,474;5117
3891,474;66
3892,474;66
3893,474;67
3894,474;64
3895,474;6335
3896,474;5137
3897,474;74
3898,474;72
3899,474;66
3900,474;85
3901,474;6348
3902,474;5124
3903,474;78
3904,474;85
3905,474;74
3906,474;68
3907,474;6354
3908,474;5144
3909,474;77
3910,474;54
3911,474;62
3912,474;72
3913,474;6353
3914,474;5120
3915,474;67
3916,474;69
3917,474;77
3918,474;79
3919,474;6319
3920,474;5129
3921,474;57
3922,474;61
3923,474;80
3924,474;80
3925,474;6328
3926,474;5137
3927,474;63
3928,474;58
3929,474;76
3930,474;81
3931,474;6349
3932,474;5160
3933,474;68
3934,474;74
3935,474;82
3936,474;72
3937,474;6326
3938,474;5125
3939,474;59
3940,474;70
3941,586;57
3942,586;65
3943,586;6344
3944,586;5148
3945,586;72
3946,586;72
3947,586;80
3948,586;65
3949,586;6353
3950,586;5147
3951,586;61
3952,586;67
3953,586;60
3954,586;64
3955,586;6345
3956,586;5147
3957,586;67
3958,586;62
3959,586;65
3960,586;77
3961,586;6342
3962,586;5140
3963,586;51
3964,586;76
3965,586;65
3966,586;77
3967,586;6330
3968,586;5133
3969,586;58
3970,586;59
3971,586;66
3972,586;77
3973,586;6316
3974,586;5153
3975,586;63
3976,586;65
3977,586;63
3978,586;58
3979,586;6342
3980,586;5145
3981,586;49
3982,586;72
3983,586;68
3984,586;47
3985,586;6323
3986,586;5125
3987,586;69
3988,586;67
3989,586;67
3990,586;77
3991,586;5988
3992,586;5169
3993,586;64
3994,586;66
3995,586;68
3996,586;59
3997,586;6229
3998,586;5133
3999,586;50
4000,586;54
4001,586;70
4002,586;73
4003,586;6299
4004,586;5125
4005,586;65
4006,586;66
4007,586;61
4008,586;77
4009,586;6325
4010,586;5128
4011,586;51
4012,586;55
4013,586;64
4014,586;66
4015,586;6347
4016,586;5131
4017,586;69
4018,586;67
4019,586;64
4020,586;61
4021,586;6299
4022,586;5130
4023,586;66
4024,586;56
4025,586;62
4026,586;60
4027,586;6311
4028,586;5163
4029,586;62
4030,586;76
4031,586;61
4032,586;68
4033,586;6331
4034,586;5145
4035,586;73
4036,586;54
4037,586;81
4038,586;79
4039,586;6328
4040,586;5146
4041,586;72
4041,546;58
4042,546;68
4043,546;59
4044,546;6348
4045,546;5155
4046,546;72
4047,546;68
4048,546;77
4049,546;64
4050,546;6323
4051,546;5170
4052,546;75
4053,546;72
4054,546;64
4055,546;68
4056,546;6345
4057,546;5140
4058,546;63
4059,546;67
4060,546;64
4061,546;76
4062,546;6315
4063,546;5168
4064,546;57
4065,546;81
4066,546;52
4067,546;65
4068,546;6313
4069,546;5128
4070,546;76
4071,546;74
4072,546;74
4073,546;62
4074,546;6301
4075,546;5174
4076,546;65
4077,546;60
4078,546;75
4079,546;60
4080,546;6299
4081,546;5171
4082,546;56
4083,546;75
4084,546;72
4085,546;73
4086,546;6309
4087,546;5196
4088,546;64
4089,546;76
4090,546;63
4091,546;65
4092,546;6345
4093,546;5148
4094,546;66
4095,546;69
4096,546;78
4097,546;88
4098,546;6314
4099,546;5189
4100,546;53
4101,546;63
4102,546;80
4103,546;66
4104,546;6320
4105,546;5150
4106,546;52
4107,546;64
4108,546;73
4109,546;74
4110,546;6323
4111,546;5164
4112,546;70
4113,546;74
4114,546;70
4115,546;71
4116,546;6319
4117,546;5170
4118,546;56
4119,546;60
4120,546;64
4121,546;62
4122,546;6305
4123,546;5159
4124,546;68
4125,546;79
4126,546;88
4127,546;77
4128,546;6305
4129,546;5194
4130,546;69
4131,546;57
4132,546;72
4133,546;56
4134,546;6291
4135,546;5172
4136,546;72
4137,546;80
4138,546;82
4139,546;73
4140,546;6278
4141,546;5179
4142,546;68
4143,546;78
4144,546;59
4145,546;69
4146,546;6323
4147,546;5163
4148,546;63
4149,546;76
4150,546;72
4151,546;65
4152,546;6317
4153,546;5167
4154,546;69
4155,546;80
4156,546;64
4157,546;79
4158,546;6314
4159,546;5185
4160,546;82
4161,546;70
4162,546;56
4163,546;84
4164,546;6294
4165,546;5185
4166,546;68
4167,546;84
4168,546;76
4169,546;82
4170,546;6298
4171,546;5194
4172,546;66
4173,546;68
4174,546;86
4175,546;72
4176,546;6320
4177,546;5170
4178,546;85
4179,546;68
4180,546;75
4181,546;91
4182,546;6289
4183,546;5183
4184,546;67
4185,546;71
4186,546;74
4187,546;86
4188,546;6291
4189,546;5180
4190,546;71
4191,546;65
4192,546;93
4193,546;70
4194,546;6326
4195,546;5186
4196,546;69
4197,546;66
4198,546;73
4199,546;68
4200,546;6292
4201,546;5174
4202,546;53
4203,546;69
4204,546;59
4205,546;62
4206,546;6299
4207,546;5152
4208,546;67
4209,546;64
4210,546;68
4211,546;66
4212,546;6320
4213,546;5193
4214,546;65
4215,546;73
4216,546;87
4217,546;70
4218,546;6302
4219,546;5164
4220,546;62
4221,546;66
4222,546;70
4223,546;74
4224,546;6387
4225,546;5110
4226,546;70
4227,546;69
4228,546;75
4229,546;71
4230,546;6316
4231,546;5166
4232,546;68
4233,546;75
4234,546;59
4235,546;68
4236,546;6327
4237,546;5207
4238,546;60
4239,546;77
4240,546;53
4241,546;69
4242,546;6318
4244,618;5184
4245,618;68
4246,618;57
4247,618;75
4248,618;81
4249,618;6307
4250,618;5173
4251,618;61
4252,618;48
4253,618;61
4254,618;61
4255,618;6285
4256,618;5147
4257,618;58
4258,618;62
4259,618;59
4260,618;71
4261,618;6299
4262,618;5165
4263,618;51
4264,618;65
4265,618;68
4266,618;63
4267,618;6305
4268,618;5169
4269,618;52
4270,618;59
4271,618;64
4272,618;62
4273,618;6287
4274,618;5189
4275,618;49
4276,618;45
4277,618;60
4278,618;58
4279,618;6289
4280,618;5189
4281,618;49
4282,618;47
4283,618;57
4284,618;57
4285,618;6253
4286,618;5161
4287,618;59
4288,618;64
4289,618;63
4290,618;63
4291,618;6399
4292,618;5081
4293,618;44
4294,618;53
4295,618;45
4296,618;50
4297,618;6350
4298,618;5101
4299,618;54
4300,618;54
4301,618;58
4302,618;51
4303,618;5929
4304,618;5184
4305,618;59
4306,618;58
4307,618;40
4308,618;61
4309,618;6244
4310,618;5186
4311,618;63
4312,618;65
4313,618;59
4314,618;63
4315,618;6271
4316,618;5180
4317,618;63
4318,618;42
4319,618;60
4320,618;54
4321,618;6265
4322,618;5176
4323,618;54
4324,618;59
4325,618;50
4326,618;70
4327,618;6273
4328,618;5179
4329,618;57
4330,618;62
4331,618;46
4332,618;48
4333,618;6303
4334,618;5176
4335,618;57
4336,618;61
4337,618;67
4338,618;62
4339,618;6278
4340,618;5185
4341,618;52
4342,618;60
4343,618;52
4344,618;55
4345,818;6268
4346,818;5197
4347,818;49
4348,818;58
4349,818;54
4350,818;59
4351,818;6317
4352,818;5193
4353,818;54
4354,818;61
4355,818;63
4356,818;82
4357,818;6285
4358,818;5188
4359,818;80
4360,818;58
4361,818;68
4362,818;68
4363,818;6277
4364,818;5204
4365,818;55
4366,818;74
4367,818;71
4368,818;84
4369,818;6294
4370,818;5212
4371,818;56
4372,818;67
4373,818;69
4374,818;76
4375,818;6303
4376,818;5194
4377,818;67
4378,818;72
4379,818;76
4380,818;80
4381,818;6303
4382,818;5188
4383,818;76
4384,818;73
4385,818;62
4386,818;56
4387,818;6287
4388,818;5201
4389,818;66
4390,818;59
4391,818;64
4392,818;77
4393,818;6265
4394,818;5193
4395,818;69
4396,818;53
4397,818;70
4398,818;64
4399,818;6282
4400,818;5202
4401,818;62
4402,818;65
4403,818;63
4404,818;70
4405,818;6262
4406,818;5208
4407,818;63
4408,818;64
4409,818;60
4410,818;65
4411,818;6286
4412,818;5185
4413,818;72
4414,818;72
4415,818;79
4416,818;72
4417,818;6252
4418,818;5196
4419,818;58
4420,818;70
4421,818;87
4422,818;70
4423,818;6253
4424,818;5209
4425,818;62
4426,818;70
4427,818;68
4428,818;72
4429,818;6273
4430,818;5207
4431,818;69
4432,818;73
4433,818;83
4434,818;78
4435,818;6263
4436,818;5202
4437,818;80
4438,818;80
4439,818;62
4440,818;66
4441,818;6292
4442,818;5191
4443,818;69
4444,818;62
4445,818;75
4446,741;71
4447,741;6264
4448,741;5207
4449,741;74
4450,741;60
4451,741;81
4452,741;89
4453,741;6248
4454,741;5181
4455,741;58
4456,741;74
4457,741;82
4458,741;61
4459,741;6256
4460,741;5221
4461,741;80
4462,741;74
4463,741;71
4464,741;66
4465,741;6278
4466,741;5191
4467,741;75
4468,741;69
4469,741;89
4470,741;73
4471,741;6274
4472,741;5196
4473,741;64
4474,741;59
4475,741;82
4476,741;67
4477,741;6242
4478,741;5215
4479,741;81
4480,741;51
4481,741;63
4482,741;70
4483,741;6265
4484,741;5217
4485,741;59
4486,741;72
4487,741;74
4488,741;86
4489,741;6255
4490,741;5214
4491,741;70
4492,741;69
4493,741;63
4494,741;62
4495,741;6256
4496,741;5214
4497,741;64
4498,741;67
4499,741;75
4500,741;84
4501,741;6252
4502,741;5189
4503,741;67
4504,741;69
4505,741;72
4506,741;61
4507,741;6243
4508,741;5227
4509,741;57
4510,741;78
4511,741;79
4512,741;67
4513,741;6268
4514,741;5210
4515,741;52
4516,741;70
4517,741;94
4518,741;76
4519,741;6240
4520,741;5221
4521,741;69
4522,741;73
4523,741;79
4524,741;61
4525,741;6270
4526,741;5204
4527,741;65
4528,741;74
4529,741;73
4530,741;63
4531,741;6235
4532,741;5218
4533,741;65
4534,741;76
4535,741;75
4536,741;71
4537,741;6247
4538,741;5217
4539,741;67
4540,741;65
4541,741;54
4542,741;73
4543,741;6235
4544,741;5217
4545,741;63
4546,741;60
4547,428;72
4548,428;58
4549,428;6261
4550,428;5216
4551,428;69
4552,428;72
4553,428;69
4554,428;66
4555,428;6245
4556,428;5234
4557,428;72
4558,428;63
4559,428;60
4560,428;66
4561,428;6234
4562,428;5226
4563,428;54
4564,428;77
4565,428;63
4566,428;76
4567,428;6211
4568,428;5216
4569,428;75
4570,428;67
4571,428;62
4572,428;68
4573,428;6244
4574,428;5239
4575,428;70
4576,428;65
4577,428;63
4578,428;78
4579,428;6246
4580,428;5226
4581,428;66
4582,428;61
4583,428;72
4584,428;62
4585,428;6257
4586,428;5266
4587,428;49
4588,428;78
4589,428;72
4590,428;94
4591,428;6245
4592,428;5233
4593,428;53
4594,428;77
4595,428;54
4596,428;69
4597,428;6253
4598,428;5253
4599,428;67
4600,428;71
4601,428;65
4602,428;72
4603,428;6238
4604,428;5228
4605,428;82
4606,428;77
4607,428;64
4608,428;55
4609,428;6231
4610,428;5228
4611,428;67
4612,428;82
4613,428;58
4614,428;53
4615,428;5892
4616,428;5251
4617,428;65
4618,428;76
4619,428;77
4620,428;58
4621,428;6191
4622,428;5241
4623,428;51
4624,428;78
4625,428;83
4626,428;56
4627,428;6215
4628,428;5217
4629,428;54
4630,428;55
4631,428;57
4632,428;70
4633,428;6226
4634,428;5251
4635,428;62
4636,428;62
4637,428;62
4638,428;82
4639,428;6220
4640,428;5207
4641,428;66
4642,428;55
4643,428;62
4644,428;58
4645,428;6242
4646,428;5237
4647,428;62
4649,428;78
4650,428;75
4651,428;77
4652,428;6240
4653,428;5254
4654,428;63
4655,428;69
4656,428;75
4657,428;66
4658,428;6236
4659,428;5233
4660,428;61
4661,428;71
4662,428;54
4663,428;71
4664,428;6232
4665,428;5242
4666,428;74
4667,428;73
4668,428;66
4669,428;82
4670,428;6252
4671,428;5219
4672,428;66
4673,428;68
4674,428;72
4675,428;53
4676,428;6320
4677,428;5139
4678,428;63
4679,428;74
4680,428;59
4681,428;76
4682,428;6213
4683,428;5268
4684,428;76
4685,428;61
4686,428;60
4687,428;62
4688,428;6215
4689,428;5253
4690,428;70
4691,428;74
4692,428;72
4693,428;70
4694,428;6245
4695,428;5236
4696,428;77
4697,428;72
4698,428;76
4699,428;68
4700,428;6236
4701,428;5255
4702,428;65
4703,428;64
4704,428;72
4705,428;65
4706,428;6213
4707,428;5248
4708,428;68
4709,428;62
4710,428;68
4711,428;71
4712,428;6235
4713,428;5271
4714,428;75
4715,428;50
4716,428;62
4717,428;72
4718,428;6223
4719,428;5238
4720,428;63
4721,428;66
4722,428;69
4723,428;72
4724,428;6232
4725,428;5267
4726,428;71
4727,428;63
4728,428;63
4729,428;86
4730,428;6213
4731,428;5271
4732,428;57
4733,428;69
4734,428;70
4735,428;67
4736,428;6212
4737,428;5281
4738,428;56
4739,428;71
4740,428;69
4741,428;78
4742,428;6236
4743,428;5252
4744,428;62
4745,428;64
4746,428;84
4747,428;64
4748,428;6218
4749,428;5254
4749,834;60
4750,834;56
4751,834;66
4752,834;69
4753,834;6202
4754,834;5265
4755,834;78
4756,834;68
4757,834;68
4758,834;90
4759,834;6208
4760,834;5253
4761,834;76
4762,834;64
4763,834;65
4764,834;64
4765,834;6229
4766,834;5248
4767,834;64
4768,834;67
4769,834;80
4770,834;64
4771,834;6213
4772,834;5248
4773,834;66
4774,834;70
4775,834;78
4776,834;63
4777,834;6192
4778,834;5253
4779,834;62
4780,834;73
4781,834;65
4782,834;76
4783,834;6219
4784,834;5229
4785,834;65
4786,834;55
4787,834;56
4788,834;69
4789,834;6215
4790,834;5276
4791,834;65
4792,834;74
4793,834;77
4794,834;76
4795,834;6223
4796,834;5251
4797,834;73
4798,834;74
4799,834;87
4800,834;74
4801,834;6217
4802,834;5257
4803,834;77
4804,834;67
4805,834;69
4806,834;79
4807,834;6234
4808,834;5252
4809,834;66
4810,834;70
4811,834;84
4812,834;69
4813,834;6195
4814,834;5240
4815,834;69
4816,834;52
4817,834;71
4818,834;66
4819,834;6224
4820,834;5248
4821,834;63
4822,834;65
4823,834;59
4824,834;80
4825,834;6191
4826,834;5255
4827,834;78
4828,834;61
4829,834;54
4830,834;69
4831,834;6222
4832,834;5229
4833,834;69
4834,834;78
4835,834;67
4836,834;71
4837,834;6205
4838,834;5263
4839,834;68
4840,834;63
4841,834;75
4842,834;76
4843,834;6236
4844,834;5269
4845,834;81
4846,834;65
4847,834;82
4848,834;63
4849,834;6236
4850,8;5260
4851,8;71
4852,8;53
4853,8;65
4854,8;68
4855,8;6228
4856,8;5278
4857,8;81
4858,8;68
4859,8;66
4860,8;69
4861,8;6231
4862,8;5268
4863,8;66
4864,8;67
4865,8;69
4866,8;67
4867,8;6213
4868,8;5274
4869,8;64
4870,8;70
4871,8;65
4872,8;62
4873,8;6316
4874,8;5203
4875,8;68
4876,8;71
4877,8;67
4878,8;55
4879,8;6219
4880,8;5271
4881,8;54
4882,8;61
4883,8;63
4884,8;64
4885,8;6202
4886,8;5262
4887,8;64
4888,8;74
4889,8;67
4890,8;62
4891,8;6200
4892,8;5264
4893,8;48
4894,8;58
4895,8;71
4896,8;51
4897,8;6173
4898,8;5265
4899,8;45
4900,8;70
4901,8;67
4902,8;61
4903,8;6224
4904,8;5301
4905,8;58
4906,8;59
4907,8;51
4908,8;53
4909,8;6182
4910,8;5249
4911,8;42
4912,8;51
4913,8;57
4914,8;63
4915,8;6212
4916,8;5256
4917,8;57
4918,8;58
4919,8;60
4920,8;55
4921,8;6198
4922,8;5272
4923,8;44
4924,8;46
4925,8;56
4926,8;69
4927,8;5891
4928,8;5220
4929,8;47
4930,8;52
4931,8;49
4932,8;63
4933,8;6146
4934,8;5266
4935,8;62
4936,8;59
4937,8;55
4938,8;56
4939,8;6193
4940,8;5248
4941,8;51
4942,8;61
4943,8;54
4944,8;65
4945,8;6245
4946,8;5209
4947,8;47
4948,8;46
4949,8;56
4950,8;53
4950,829;6180
4951,829;5281
4952,829;54
4953,829;43
4954,829;56
4955,829;61
4956,829;6183
4957,829;5275
4958,829;50
4959,829;61
4960,829;47
4961,829;71
4962,829;6169
4963,829;5277
4964,829;55
4965,829;66
4966,829;67
4967,829;67
4968,829;6237
4969,829;5217
4970,829;52
4971,829;57
4972,829;73
4973,829;57
4974,829;6207
4975,829;5301
4976,829;70
4977,829;58
4978,829;60
4979,829;65
4980,829;6245
4981,829;5229
4982,829;58
4983,829;63
4984,829;53
4985,829;82
4986,829;6232
4987,829;5249
4988,829;68
4989,829;64
4990,829;69
4991,829;67
4992,829;6164
4993,829;5284
4994,829;82
4995,829;66
4996,829;72
4997,829;90
4998,829;6193
4999,829;5284
5000,829;68
5001,829;62
5002,829;72
5003,829;55
5004,829;6306
5005,829;5196
5006,829;72
5007,829;81
5008,829;70
5009,829;71
5010,829;6163
5011,829;5306
5012,829;56
5013,829;65
5014,829;75
5015,829;74
5016,829;6229
5017,829;5258
5018,829;71
5019,829;74
5020,829;73
5021,829;66
5022,829;6232
5023,829;5263
5024,829;74
5025,829;72
5026,829;77
5027,829;71
5028,829;6178
5029,829;5298
5030,829;79
5031,829;81
5032,829;62
5033,829;68
5034,829;6205
5035,829;5286
5036,829;65
5037,829;56
5038,829;69
5039,829;73
5040,829;6180
5041,829;5295
5042,829;70
5043,829;71
5044,829;72
5045,829;66
5046,829;6165
5047,829;5313
5048,829;75
5049,829;74
5050,829;79
5052,189;82
5053,189;6170
5054,189;5303
5055,189;79
5056,189;80
5057,189;68
5058,189;85
5059,189;6173
5060,189;5289
5061,189;67
5062,189;82
5063,189;84
5064,189;86
5065,189;6182
5066,189;5312
5067,189;58
5068,189;73
5069,189;61
5070,189;86
5071,189;6189
5072,189;5307
5073,189;68
5074,189;79
5075,189;70
5076,189;62
5077,189;6169
5078,189;5316
5079,189;79
5080,189;73
5081,189;70
5082,189;59
5083,189;6190
5084,189;5296
5085,189;69
5086,189;82
5087,189;52
5088,189;53
5089,189;6294
5090,189;5214
5091,189;76
5092,189;62
5093,189;83
5094,189;56
5095,189;6200
5096,189;5291
5097,189;83
5098,189;72
5099,189;80
5100,189;63
5101,189;6185
5102,189;5295
5103,189;74
5104,189;56
5105,189;78
5106,189;86
5107,189;6131
5108,189;5295
5109,189;57
5110,189;79
5111,189;65
5112,189;90
5113,189;6167
5114,189;5303
5115,189;74
5116,189;59
5117,189;76
5118,189;77
5119,189;6162
5120,189;5296
5121,189;62
5122,189;64
5123,189;63
5124,189;64
5125,189;6152
5126,189;5308
5127,189;73
5128,189;65
5129,189;65
5130,189;86
5131,189;6166
5132,189;5331
5133,189;67
5134,189;69
5135,189;56
5136,189;69
5137,189;6277
5138,189;5197
5139,189;71
5140,189;57
5141,189;76
5142,189;74
5143,189;6200
5144,189;5319
5145,189;67
5146,189;73
5147,189;53
5148,189;78
5149,189;6143
5150,189;5314
5151,189;68
5152,189;63
5153,189;81
5154,189;69
5155,189;6148
5156,189;5300
5157,189;67
5158,189;60
5159,189;76
5160,189;78
5161,189;6231
5162,189;5230
5163,189;67
5164,189;66
5165,189;73
5166,189;84
5167,189;6165
5168,189;5313
5169,189;61
5170,189;63
5171,189;62
5172,189;63
5173,189;6165
5174,189;5313
5175,189;73
5176,189;65
5177,189;67
5178,189;69
5179,189;6149
5180,189;5310
5181,189;65
5182,189;72
5183,189;62
5184,189;72
5185,189;6154
5186,189;5302
5187,189;72
5188,189;63
5189,189;74
5190,189;80
5191,189;6148
5192,189;5306
5193,189;70
5194,189;68
5195,189;68
5196,189;81
5197,189;6165
5198,189;5303
5199,189;55
5200,189;64
5201,189;69
5202,189;67
5203,189;6221
5204,189;5240
5205,189;49
5206,189;61
5207,189;71
5208,189;74
5209,189;6208
5210,189;5266
5211,189;54
5212,189;60
5213,189;62
5214,189;68
5215,189;6157
5216,189;5316
5217,189;68
5218,189;59
5219,189;68
5220,189;72
5221,189;6158
5222,189;5311
5223,189;59
5224,189;46
5225,189;77
5226,189;64
5227,189;6129
5228,189;5307
5229,189;63
5230,189;65
5231,189;58
5232,189;65
5233,189;6187
5234,189;5300
5235,189;55
5236,189;76
5237,189;68
5238,189;55
5239,189;5790
5240,189;5352
5241,189;66
5242,189;65
5243,189;54
5244,189;63
5245,189;6092
5246,189;5335
5247,189;62
5248,189;66
5249,189;53
5250,189;70
5251,189;6139
5252,189;5293
5253,189;71
5254,834;59
5255,834;69
5256,834;77
5257,834;6132
5258,834;5322
5259,834;65
5260,834;76
5261,834;63
5262,834;76
5263,834;6141
5264,834;5327
5265,834;66
5266,834;60
5267,834;51
5268,834;74
5269,834;6144
5270,834;5341
5271,834;53
5272,834;71
5273,834;66
5274,834;77
5275,834;6138
5276,834;5342
5277,834;60
5278,834;62
5279,834;78
5280,834;63
5281,834;6151
5282,834;5325
5283,834;64
5284,834;75
5285,834;74
5286,834;60
5287,834;6134
5288,834;5338
5289,834;66
5290,834;70
5291,834;67
5292,834;79
5293,834;6156
5294,834;5327
5295,834;74
5296,834;55
5297,834;62
5298,834;71
5299,834;6130
5300,834;5331
5301,834;70
5302,834;58
5303,834;75
5304,834;59
5305,834;6140
5306,834;5337
5307,834;69
5308,834;54
5309,834;59
5310,834;83
5311,834;6147
5312,834;5309
5313,834;71
5314,834;76
5315,834;85
5316,834;62
5317,834;6131
5318,834;5335
5319,834;61
5320,834;57
5321,834;76
5322,834;76
5323,834;6133
5324,834;5323
5325,834;82
5326,834;55
5327,834;74
5328,834;78
5329,834;6126
5330,834;5321
5331,834;74
5332,834;61
5333,834;89
5334,834;62
5335,834;6148
5336,834;5305
5337,834;72
5338,834;51
5339,834;67
5340,834;62
5341,834;6136
5342,834;5339
5343,834;58
5344,834;61
5345,834;72
5346,834;63
5347,834;6124
5348,834;5350
5349,834;74
5350,834;59
5351,834;80
5352,834;59
5353,834;6152
5354,834;5335
5355,885;59
5356,885;73
5357,885;69
5358,885;63
5359,885;6137
5360,885;5326
5361,885;86
5362,885;74
5363,885;81
5364,885;72
5365,885;6146
5366,885;5383
5367,885;61
5368,885;70
5369,885;66
5370,885;85
5371,885;6160
5372,885;5311
5373,885;59
5374,885;65
5375,885;63
5376,885;69
5377,885;6124
5378,885;5327
5379,885;53
5380,885;67
5381,885;70
5382,885;73
5383,885;6142
5384,885;5335
5385,885;69
5386,885;76
5387,885;69
5388,885;75
5389,885;6130
5390,885;5350
5391,885;63
5392,885;77
5393,885;77
5394,885;81
5395,885;6125
5396,885;5336
5397,885;71
5398,885;76
5399,885;68
5400,885;72
5401,885;6104
5402,885;5321
5403,885;63
5404,885;77
5405,885;74
5406,885;65
5407,885;6130
5408,885;5323
5409,885;76
5410,885;74
5411,885;78
5412,885;73
5413,885;6132
5414,885;5328
5415,885;63
5416,885;75
5417,885;73
5418,885;79
5419,885;6132
5420,885;5351
5421,885;58
5422,885;76
5423,885;66
5424,885;53
5425,885;6145
5426,885;5355
5427,885;55
5428,885;74
5429,885;72
5430,885;74
5431,885;6146
5432,885;5377
5433,885;79
5434,885;48
5435,885;83
5436,885;69
5437,885;6125
5438,885;5353
5439,885;77
5440,885;47
5441,885;78
5442,885;74
5443,885;6142
5444,885;5366
5445,885;60
5446,885;77
5447,885;56
5448,885;84
5449,885;6126
5450,885;5365
5451,885;64
5452,885;59
5453,885;71
5454,885;87
5455,885;6128
5456,084;5366
5457,084;63
5458,084;70
5459,084;74
5460,084;71
5461,084;6165
5462,084;5369
5463,084;73
5464,084;69
5465,084;78
5466,084;61
5467,084;6157
5468,084;5364
5469,084;79
5470,084;79
5471,084;75
5472,084;68
5473,084;6127
5474,084;5358
5475,084;75
5476,084;71
5477,084;77
5478,084;74
5479,084;6132
5480,084;5369
5481,084;57
5482,084;72
5483,084;77
5484,084;84
5485,084;6109
5486,084;5336
5487,084;51
5488,084;68
5489,084;72
5490,084;51
5491,084;6138
5492,084;5356
5493,084;69
5494,084;53
5495,084;69
5496,084;57
5497,084;6143
5498,084;5375
5499,084;59
5500,084;66
5501,084;56
5502,084;53
5503,084;6133
5504,084;5368
5505,084;59
5506,084;47
5507,084;63
5508,084;56
5509,084;6251
5510,084;5240
5511,084;63
5512,084;69
5513,084;64
5514,084;60
5515,084;6106
5516,084;5343
5517,084;59
5518,084;65
5519,084;58
5520,084;58
5521,084;6119
5522,084;5383
5523,084;65
5524,084;46
5525,084;62
5526,084;45
5527,084;6118
5528,084;5355
5529,084;56
5530,084;48
5531,084;60
5532,084;46
5533,084;6158
5534,084;5320
5535,084;52
5536,084;69
5537,084;53
5538,084;64
5539,084;6154
5540,084;5291
5541,084;57
5542,084;44
5543,084;45
5544,084;68
5545,084;6083
5546,084;5353
5547,084;56
5548,084;48
5549,084;64
5550,084;48
5551,084;5777
5552,084;5313
5553,084;45
5554,084;41
5555,084;42
5556,084;64
5556,76;6042
5557,76;5377
5558,76;56
5559,76;59
5560,76;57
5561,76;56
5562,76;6097
5563,76;5383
5564,76;65
5565,76;50
5566,76;50
5567,76;62
5568,76;6126
5569,76;5353
5570,76;64
5571,76;66
5572,76;70
5573,76;49
5574,76;6098
5575,76;5381
5576,76;69
5577,76;67
5578,76;50
5579,76;63
5580,76;6111
5581,76;5357
5582,76;44
5583,76;81
5584,76;70
5585,76;69
5586,76;6127
5587,76;5390
5588,76;68
5589,76;70
5590,76;82
5591,76;73
5592,76;6170
5593,76;5331
5594,76;56
5595,76;67
5596,76;65
5597,76;76
5598,76;6091
5599,76;5379
5600,76;83
5601,76;64
5602,76;72
5603,76;59
5604,76;6177
5605,76;5292
5606,76;77
5607,76;70
5608,76;71
5609,76;71
5610,76;6139
5611,76;5352
5612,76;71
5613,76;56
5614,76;68
5615,76;75
5616,76;6154
5617,76;5332
5618,76;70
5619,76;80
5620,76;64
5621,76;65
5622,76;6222
5623,76;5310
5624,76;57
5625,76;70
5626,76;57
5627,76;69
5628,76;6115
5629,76;5395
5630,76;75
5631,76;69
5632,76;58
5633,76;75
5634,76;6111
5635,76;5358
5636,76;55
5637,76;69
5638,76;84
5639,76;81
5640,76;6102
5641,76;5397
5642,76;76
5643,76;66
5644,76;59
5645,76;63
5646,76;6101
5647,76;5366
5648,76;58
5649,76;71
5650,76;74
5651,76;78
5652,76;6106
5653,76;5397
5654,76;64
5655,76;73
5656,76;60
5658,551;74
5659,551;6098
5660,551;5379
5661,551;61
5662,551;70
5663,551;61
5664,551;68
5665,551;6064
5666,551;5376
5667,551;74
5668,551;88
5669,551;86
5670,551;70
5671,551;6078
5672,551;5397
5673,551;67
5674,551;85
5675,551;74
5676,551;64
5677,551;6102
5678,551;5385
5679,551;71
5680,551;79
5681,551;77
5682,551;83
5683,551;6179
5684,551;5311
5685,551;55
5686,551;64
5687,551;86
5688,551;75
5689,551;6066
5690,551;5381
5691,551;68
5692,551;75
5693,551;73
5694,551;55
5695,551;6097
5696,551;5383
5697,551;70
5698,551;83
5699,551;79
5700,551;70
5701,551;6097
5702,551;5395
5703,551;60
5704,551;62
5705,551;72
5706,551;79
5707,551;6081
5708,551;5378
5709,551;83
5710,551;72
5711,551;71
5712,551;72
5713,551;6058
5714,551;5390
5715,551;60
5716,551;69
5717,551;79
5718,551;76
5719,551;6050
5720,551;5410
5721,551;47
5722,551;78
5723,551;79
5724,551;74
5725,551;6096
5726,551;5395
5727,551;73
5728,551;63
5729,551;69
5730,551;71
5731,551;6090
5732,551;5395
5733,551;73
5734,551;69
5735,551;74
5736,551;79
5737,551;6067
5738,551;5397
5739,551;68
5740,551;78
5741,551;69
5742,551;85
5743,551;6067
5744,551;5417
5745,551;66
5746,551;77
5747,551;58
5748,551;68
5749,551;6104
5750,551;5400
5751,551;57
5752,551;75
5753,551;82
5754,551;81
5755,551;6081
5756,551;5413
5757,551;73
5758,551;67
5759,551;69
5760,551;73
5761,551;6068
5762,551;5409
5763,551;50
5764,551;75
5765,551;76
5766,551;93
5767,551;6081
5768,551;5405
5769,551;71
5770,551;65
5771,551;62
5772,551;60
5773,551;6081
5774,551;5402
5775,551;73
5776,551;52
5777,551;80
5778,551;63
5779,551;6073
5780,551;5410
5781,551;74
5782,551;67
5783,551;67
5784,551;70
5785,551;6175
5786,551;5262
5787,551;74
5788,551;64
5789,551;68
5790,551;68
5791,551;6149
5792,551;5319
5793,551;57
5794,551;67
5795,551;70
5796,551;71
5797,551;6047
5798,551;5403
5799,551;57
5800,551;64
5801,551;65
5802,551;86
5803,551;6062
5804,551;5402
5805,551;75
5806,551;75
5807,551;57
5808,551;74
5809,551;6074
5810,551;5417
5811,551;65
5812,551;59
5813,551;75
5814,551;69
5815,551;6038
5816,551;5405
5817,551;72
5818,551;73
5819,551;69
5820,551;80
5821,551;6060
5822,551;5387
5823,551;57
5824,551;67
5825,551;71
5826,551;64
5827,551;6052
5828,551;5417
5829,551;73
5830,551;86
5831,551;77
5832,551;70
5833,551;6061
5834,551;5388
5835,551;60
5836,551;78
5837,551;77
5838,551;69
5839,551;6038
5840,551;5424
5841,551;68
5842,551;59
5843,551;75
5844,551;78
5845,551;6042
5846,551;5414
5847,551;59
5848,551;64
5849,551;49
5850,551;68
5851,551;6025
5852,551;5392
5853,551;64
5854,551;53
5855,551;62
5856,551;66
5857,551;6028
5858,551;5397
5859,551;63
5860,951;66
5861,951;61
5862,951;60
5863,951;5703
5864,951;5420
5865,951;81
5866,951;60
5867,951;65
5868,951;62
5869,951;5996
5870,951;5411
5871,951;66
5872,951;72
5873,951;59
5874,951;71
5875,951;6059
5876,951;5402
5877,951;57
5878,951;72
5879,951;65
5880,951;75
5881,951;6034
5882,951;5398
5883,951;54
5884,951;61
5885,951;56
5886,951;66
5887,951;6024
5888,951;5429
5889,951;74
5890,951;58
5891,951;67
5892,951;68
5893,951;6058
5894,951;5406
5895,951;56
5896,951;67
5897,951;65
5898,951;80
5899,951;6118
5900,951;5336
5901,951;74
5902,951;67
5903,951;83
5904,951;74
5905,951;6034
5906,951;5419
5907,951;57
5908,951;59
5909,951;72
5910,951;66
5911,951;6052
5912,951;5433
5913,951;57
5914,951;68
5915,951;75
5916,951;71
5917,951;6029
5918,951;5427
5919,951;62
5920,951;58
5921,951;64
5922,951;83
5923,951;6074
5924,951;5412
5925,951;64
5926,951;54
5927,951;62
5928,951;61
5929,951;6061
5930,951;5421
5931,951;71
5932,951;68
5933,951;73
5934,951;73
5935,951;6062
5936,951;5430
5937,951;60
5938,951;58
5939,951;72
5940,951;75
5941,951;6058
5942,951;5432
5943,951;74
5944,951;63
5945,951;67
5946,951;66
5947,951;6044
5948,951;5441
5949,951;83
5950,951;69
5951,951;71
5952,951;59
5953,951;6043
5954,951;5429
5955,951;68
5956,951;66
5957,951;70
5958,951;76
5959,951;6057
5960,951;5397
5961,299;71
5962,299;68
5963,299;68
5964,299;72
5965,299;6045
5966,299;5423
5967,299;65
5968,299;75
5969,299;84
5970,299;85
5971,299;6054
5972,299;5411
5973,299;71
5974,299;73
5975,299;71
5976,299;65
5977,299;6050
5978,299;5430
5979,299;72
5980,299;54
5981,299;65
5982,299;76
5983,299;6031
5984,299;5461
5985,299;65
5986,299;78
5987,299;66
5988,299;77
5989,299;6043
5990,299;5434
5991,299;72
5992,299;70
5993,299;57
5994,299;90
5995,299;6063
5996,299;5470
5997,299;71
5998,299;61
5999,299;70
6000,299;74
6001,299;6039
6002,299;5463
6003,299;75
6004,299;87
6005,299;80
6006,299;70
6007,299;6071
6008,299;5426
6009,299;66
6010,299;73
6011,299;84
6012,299;69
6013,299;6052
6014,299;5422
6015,299;72
6016,299;82
6017,299;67
6018,299;79
6019,299;6046
6020,299;5436
6021,299;68
6022,299;71
6023,299;81
6024,299;74
6025,299;6015
6026,299;5457
6027,299;74
6028,299;83
6029,299;76
6030,299;77
6031,299;6027
6032,299;5453
6033,299;63
6034,299;73
6035,299;69
6036,299;88
6037,299;6038
6038,299;5431
6039,299;84
6040,299;80
6041,299;51
6042,299;75
6043,299;6036
6044,299;5449
6045,299;65
6046,299;66
6047,299;55
6048,299;67
6049,299;6051
6050,299;5442
6051,299;69
6052,299;72
6053,299;66
6054,299;58
6055,299;6044
6056,299;5423
6057,299;75
6058,299;59
6059,299;77
6060,299;69
6061,299;6033
6062,819;5447
6063,819;70
6064,819;74
6065,819;58
6066,819;86
6067,819;6017
6068,819;5457
6069,819;58
6070,819;76
6071,819;66
6072,819;81
6073,819;6069
6074,819;5416
6075,819;55
6076,819;91
6077,819;92
6078,819;91
6079,819;6015
6080,819;5447
6081,819;71
6082,819;60
6083,819;98
6084,819;95
6085,819;6043
6086,819;5432
6087,819;71
6088,819;75
6089,819;74
6090,819;78
6091,819;6040
6092,819;5458
6093,819;74
6094,819;76
6095,819;66
6096,819;62
6097,819;6058
6098,819;5450
6099,819;55
6100,819;74
6101,819;72
6102,819;74
6103,819;6025
6104,819;5434
6105,819;61
6106,819;72
6107,819;78
6108,819;74
6109,819;6051
6110,819;5468
6111,819;94
6112,819;69
6113,819;70
6114,819;52
6115,819;6052
6116,819;5423
6117,819;73
6118,819;63
6119,819;58
6120,819;62
6121,819;6044
6122,819;5451
6123,819;55
6124,819;47
6125,819;64
6126,819;70
6127,819;6016
6128,819;5449
6129,819;64
6130,819;71
6131,819;62
6132,819;70
6133,819;6031
6134,819;5443
6135,819;52
6136,819;74
6137,819;63
6138,819;69
6139,819;6033
6140,819;5458
6141,819;62
6142,819;64
6143,819;63
6144,819;54
6145,819;6025
6146,819;5475
6147,819;49
6148,819;49
6149,819;60
6150,819;71
6151,819;6030
6152,819;5450
6153,819;67
6154,819;53
6155,819;59
6156,819;60
6157,819;6022
6158,819;5463
6159,819;40
6160,819;51
6161,819;69
6162,819;64
6163,053;6013
6164,053;5438
6165,053;45
6166,053;54
6167,053;50
6168,053;56
6169,053;6021
6170,053;5453
6171,053;72
6172,053;47
6173,053;66
6174,053;54
6175,053;5668
6176,053;5469
6177,053;51
6178,053;59
6179,053;49
6180,053;65
6181,053;5961
6182,053;5476
6183,053;53
6184,053;59
6185,053;77
6186,053;55
6187,053;6002
6188,053;5457
6189,053;59
6190,053;57
6191,053;68
6192,053;65
6193,053;6025
6194,053;5453
6195,053;56
6196,053;46
6197,053;55
6198,053;59
6199,053;6023
6200,053;5462
6201,053;50
6202,053;65
6203,053;63
6204,053;46
6205,053;5987
6206,053;5468
6207,053;61
6208,053;63
6209,053;70
6210,053;68
6211,053;6019
6212,053;5486
6213,053;72
6214,053;55
6215,053;60
6216,053;59
6217,053;6010
6218,053;5469
6219,053;66
6220,053;83
6221,053;62
6222,053;72
6223,053;6011
6224,053;5473
6225,053;72
6226,053;61
6227,053;63
6228,053;72
6229,053;6055
6230,053;5428
6231,053;59
6232,053;73
6233,053;72
6234,053;67
6235,053;5991
6236,053;5428
6237,053;68
6238,053;82
6239,053;66
6240,053;80
6241,053;5994
6242,053;5462
6243,053;83
6244,053;83
6245,053;80
6246,053;60
6247,053;6020
6248,053;5469
6249,053;63
6250,053;69
6251,053;74
6252,053;65
6253,053;6023
6254,053;5481
6255,053;59
6256,053;78
6257,053;85
6258,053;69
6259,053;6003
6260,053;5474
6261,053;66
6262,053;77
6263,053;64
6264,053;78
6265,053;6003
6266,053;5468
6267,053;56
6268,053;72
6269,053;66
6270,053;70
6271,053;6013
6272,053;5462
6273,053;71
6274,053;77
6275,053;75
6276,053;77
6277,053;6026
6278,053;5481
6279,053;69
6280,053;58
6281,053;64
6282,053;74
6283,053;5971
6284,053;5474
6285,053;60
6286,053;63
6287,053;80
6288,053;79
6289,053;5981
6290,053;5460
6291,053;69
6292,053;83
6293,053;71
6294,053;82
6295,053;5995
6296,053;5476
6297,053;75
6298,053;67
6299,053;70
6300,053;73
6301,053;6017
6302,053;5461
6303,053;74
6304,053;73
6305,053;81
6306,053;83
6307,053;6000
6308,053;5469
6309,053;65
6310,053;73
6311,053;82
6312,053;66
6313,053;6003
6314,053;5502
6315,053;54
6316,053;68
6317,053;60
6318,053;73
6319,053;5979
6320,053;5491
6321,053;61
6322,053;82
6323,053;71
6324,053;70
6325,053;6042
6326,053;5448
6327,053;68
6328,053;63
6329,053;52
6330,053;75
6331,053;5964
6332,053;5482
6333,053;63
6334,053;78
6335,053;87
6336,053;81
6337,053;6013
6338,053;5475
6339,053;65
6340,053;66
6341,053;57
6342,053;58
6343,053;5992
6344,053;5502
6345,053;77
6346,053;71
6347,053;64
6348,053;65
6349,053;5988
6350,053;5467
6351,053;64
6352,053;68
6353,053;78
6354,053;78
6355,053;5997
6356,053;5470
6357,053;70
6358,053;76
6359,053;71
6360,053;88
6361,053;5981
6362,053;5459
6363,053;59
6364,053;68
6365,514;75
6366,514;82
6367,514;5953
6368,514;5472
6369,514;70
6370,514;59
6371,514;80
6372,514;75
6373,514;5998
6374,514;5491
6375,514;55
6376,514;73
6377,514;77
6378,514;71
6379,514;5976
6380,514;5497
6381,514;63
6382,514;77
6383,514;80
6384,514;76
6385,514;5964
6386,514;5512
6387,514;68
6388,514;61
6389,514;82
6390,514;76
6391,514;5985
6392,514;5478
6393,514;55
6394,514;70
6395,514;67
6396,514;86
6397,514;5976
6398,514;5494
6399,514;63
6400,514;78
6401,514;73
6402,514;65
6403,514;6000
6404,514;5486
6405,514;58
6406,514;70
6407,514;93
6408,514;74
6409,514;5988
6410,514;5508
6411,514;65
6412,514;55
6413,514;74
6414,514;65
6415,514;6022
6416,514;5472
6417,514;75
6418,514;66
6419,514;60
6420,514;64
6421,514;5989
6422,514;5494
6423,514;57
6424,514;74
6425,514;74
6426,514;58
6427,514;5955
6428,514;5500
6429,514;73
6430,514;71
6431,514;78
6432,514;71
6433,514;5979
6434,514;5487
6435,514;76
6436,514;84
6437,514;76
6438,514;77
6439,514;5971
6440,514;5519
6441,514;73
6442,514;73
6443,514;73
6444,514;87
6445,514;5948
6446,514;5506
6447,514;65
6448,514;65
6449,514;71
6450,514;75
6451,514;5958
6452,514;5512
6453,514;57
6454,514;72
6455,514;73
6456,514;77
6457,514;5977
6458,514;5478
6459,514;57
6460,514;60
6461,514;63
6462,514;65
6463,514;5985
6464,514;5474
6465,514;70
6466,864;59
6467,864;62
6468,864;66
6469,864;5949
6470,864;5488
6471,864;58
6472,864;73
6473,864;55
6474,864;65
6475,864;5965
6476,864;5496
6477,864;71
6478,864;68
6479,864;84
6480,864;62
6481,864;5973
6482,864;5511
6483,864;57
6484,864;62
6485,864;58
6486,864;70
6487,864;5611
6488,864;5526
6489,864;56
6490,864;73
6491,864;59
6492,864;54
6493,864;5906
6494,864;5490
6495,864;53
6496,864;52
6497,864;68
6498,864;52
6499,864;5940
6500,864;5505
6501,864;60
6502,864;58
6503,864;46
6504,864;56
6505,864;5948
6506,864;5512
6507,864;63
6508,864;78
6509,864;63
6510,864;80
6511,864;5949
6512,864;5509
6513,864;65
6514,864;60
6515,864;63
6516,864;74
6517,864;5969
6518,864;5516
6519,864;60
6520,864;68
6521,864;73
6522,864;81
6523,864;5954
6524,864;5505
6525,864;71
6526,864;67
6527,864;69
6528,864;50
6529,864;5967
6530,864;5498
6531,864;59
6532,864;65
6533,864;63
6534,864;71
6535,864;5978
6536,864;5517
6537,864;56
6538,864;61
6539,864;72
6540,864;67
6541,864;5941
6542,864;5514
6543,864;57
6544,864;85
6545,864;71
6546,864;73
6547,864;5902
6548,864;5505
6549,864;70
6550,864;75
6551,864;67
6552,864;81
6553,864;5964
6554,864;5510
6555,864;82
6556,864;68
6557,864;76
6558,864;57
6559,864;5976
6560,864;5472
6561,864;70
6562,864;89
6563,864;84
6564,864;57
6565,864;5980
6566,864;5487
6566,808;76
6567,808;69
6568,808;60
6569,808;60
6570,808;5956
6571,808;5507
6572,808;59
6573,808;62
6574,808;81
6575,808;86
6576,808;5945
6577,808;5516
6578,808;77
6579,808;62
6580,808;75
6581,808;83
6582,808;5936
6583,808;5511
6584,808;89
6585,808;61
6586,808;67
6587,808;77
6588,808;5949
6589,808;5531
6590,808;77
6591,808;74
6592,808;75
6593,808;58
6594,808;5938
6595,808;5536
6596,808;71
6597,808;75
6598,808;78
6599,808;68
6600,808;5949
6601,808;5531
6602,808;76
6603,808;75
6604,808;87
6605,808;81
6606,808;5939
6607,808;5504
6608,808;59
6609,808;75
6610,808;78
6611,808;69
6612,808;5956
6613,808;5536
6614,808;69
6615,808;70
6616,808;76
6617,808;86
6618,808;5948
6619,808;5507
6620,808;48
6621,808;77
6622,808;74
6623,808;69
6624,808;5946
6625,808;5525
6626,808;62
6627,808;69
6628,808;71
6629,808;64
6630,808;5945
6631,808;5529
6632,808;74
6633,808;81
6634,808;82
6635,808;73
6636,808;5938
6637,808;5518
6638,808;58
6639,808;61
6640,808;77
6641,808;60
6642,808;6018
6643,808;5449
6644,808;63
6645,808;65
6646,808;71
6647,808;74
6648,808;5943
6649,808;5508
6650,808;79
6651,808;66
6652,808;90
6653,808;72
6654,808;5971
6655,808;5500
6656,808;60
6657,808;69
6658,808;81
6659,808;62
6660,808;5925
6661,808;5547
6662,808;79
6663,808;68
6664,808;61
6665,808;67
6666,808;5947
6667,712;5518
6668,712;57
6669,712;84
6670,712;93
6671,712;83
6672,712;5935
6673,712;5540
6674,712;67
6675,712;63
6676,712;80
6677,712;81
6678,712;5931
6679,712;5527
6680,712;71
6681,712;69
6682,712;70
6683,712;80
6684,712;5921
6685,712;5521
6686,712;63
6687,712;71
6688,712;69
6689,712;66
6690,712;5942
6691,712;5542
6692,712;47
6693,712;60
6694,712;76
6695,712;61
6696,712;5946
6697,712;5517
6698,712;74
6699,712;54
6700,712;88
6701,712;79
6702,712;5956
6703,712;5545
6704,712;79
6705,712;74
6706,712;74
6707,712;65
6708,712;5976
6709,712;5547
6710,712;70
6711,712;82
6712,712;79
6713,712;70
6714,712;5940
6715,712;5526
6716,712;65
6717,712;74
6718,712;84
6719,712;79
6720,712;5942
6721,712;5547
6722,712;62
6723,712;71
6724,712;65
6725,712;74
6726,712;5950
6727,712;5552
6728,712;78
6729,712;68
6730,712;70
6731,712;77
6732,712;5942
6733,712;5543
6734,712;60
6735,712;70
6736,712;76
6737,712;72
6738,712;5911
6739,712;5520
6740,712;68
6741,712;58
6742,712;51
6743,712;59
6744,712;5939
6745,712;5553
6746,712;60
6747,712;60
6748,712;78
6749,712;67
6750,712;5929
6751,712;5535
6752,712;61
6753,712;66
6754,712;65
6755,712;75
6756,712;5960
6757,712;5539
6758,712;60
6759,712;80
6760,712;70
6761,712;65
6762,712;5941
6763,712;5550
6764,712;65
6765,712;75
6766,712;71
6767,712;74
6768,712;5945
6769,712;5537
6770,712;73
6771,712;52
6772,712;71
6773,712;67
6774,712;5941
6775,712;5556
6776,712;57
6777,712;62
6778,712;66
6779,712;56
6780,712;5951
6781,712;5537
6782,712;62
6783,712;56
6784,712;68
6785,712;62
6786,712;5927
6787,712;5538
6788,712;59
6789,712;66
6790,712;48
6791,712;61
6792,712;5927
6793,712;5562
6794,712;62
6795,712;59
6796,712;78
6797,712;55
6798,712;5615
6799,712;5566
6800,712;54
6801,712;62
6802,712;55
6803,712;67
6804,712;5858
6805,712;5549
6806,712;66
6807,712;56
6808,712;51
6809,712;61
6810,712;5897
6811,712;5525
6812,712;51
6813,712;81
6814,712;65
6815,712;53
6816,712;5924
6817,712;5540
6818,712;62
6819,712;55
6820,712;71
6821,712;64
6822,712;5939
6823,712;5556
6824,712;67
6825,712;62
6826,712;72
6827,712;80
6828,712;5931
6829,712;5548
6830,712;62
6831,712;60
6832,712;52
6833,712;56
6834,712;5927
6835,712;5560
6836,712;73
6837,712;70
6838,712;78
6839,712;72
6840,712;5917
6841,712;5558
6842,712;79
6843,712;63
6844,712;80
6845,712;77
6846,712;5908
6847,712;5547
6848,712;55
6849,712;72
6850,712;55
6851,712;56
6852,712;5914
6853,712;5544
6854,712;89
6855,712;68
6856,712;73
6857,712;69
6858,712;5996
6859,712;5508
6860,712;66
6861,712;76
6862,712;70
6863,712;65
6864,712;5908
6865,712;5551
6866,712;62
6867,712;58
6868,712;75
6870,076;69
6871,076;5949
6872,076;5581
6873,076;64
6874,076;65
6875,076;77
6876,076;84
6877,076;5944
6878,076;5560
6879,076;64
6880,076;84
6881,076;67
6882,076;67
6883,076;5918
6884,076;5562
6885,076;60
6886,076;65
6887,076;63
6888,076;80
6889,076;5915
6890,076;5565
6891,076;67
6892,076;67
6893,076;68
6894,076;79
6895,076;5917
6896,076;5584
6897,076;81
6898,076;73
6899,076;76
6900,076;70
6901,076;5907
6902,076;5602
6903,076;76
6904,076;75
6905,076;69
6906,076;84
6907,076;5912
6908,076;5598
6909,076;70
6910,076;76
6911,076;77
6912,076;68
6913,076;5909
6914,076;5551
6915,076;68
6916,076;74
6917,076;66
6918,076;76
6919,076;5923
6920,076;5570
6921,076;51
6922,076;65
6923,076;53
6924,076;64
6925,076;5897
6926,076;5565
6927,076;59
6928,076;62
6929,076;83
6930,076;89
6931,076;5945
6932,076;5581
6933,076;65
6934,076;65
6935,076;63
6936,076;67
6937,076;5908
6938,076;5556
6939,076;70
6940,076;71
6941,076;63
6942,076;70
6943,076;5909
6944,076;5582
6945,076;69
6946,076;62
6947,076;77
6948,076;74
6949,076;5910
6950,076;5579
6951,076;54
6952,076;75
6953,076;74
6954,076;80
6955,076;5911
6956,076;5577
6957,076;56
6958,076;70
6959,076;73
6960,076;88
6961,076;5887
6962,076;5569
6963,076;72
6964,076;63
6965,076;74
6966,076;76
6967,076;5913
6968,076;5562
6969,076;63
6970,076;57
6971,528;71
6972,528;75
6973,528;5916
6974,528;5571
6975,528;87
6976,528;69
6977,528;65
6978,528;70
6979,528;5882
6980,528;5564
6981,528;70
6982,528;70
6983,528;79
6984,528;72
6985,528;5871
6986,528;5589
6987,528;68
6988,528;76
6989,528;72
6990,528;83
6991,528;5882
6992,528;5579
6993,528;72
6994,528;76
6995,528;62
6996,528;79
6997,528;5908
6998,528;5588
6999,528;73
7000,528;60
7001,528;74
7002,528;74
7003,528;5900
7004,528;5572
7005,528;64
7006,528;64
7007,528;76
7008,528;76
7009,528;5867
7010,528;5617
7011,528;72
7012,528;81
7013,528;76
7014,528;71
7015,528;5901
7016,528;5574
7017,528;59
7018,528;73
7019,528;61
7020,528;61
7021,528;6004
7022,528;5444
7023,528;76
7024,528;62
7025,528;56
7026,528;75
7027,528;5876
7028,528;5566
7029,528;58
7030,528;84
7031,528;62
7032,528;57
7033,528;5894
7034,528;5582
7035,528;52
7036,528;83
7037,528;55
7038,528;70
7039,528;5873
7040,528;5578
7041,528;66
7042,528;80
7043,528;68
7044,528;73
7045,528;5888
7046,528;5591
7047,528;60
7048,528;57
7049,528;70
7050,528;61
7051,528;5913
7052,528;5568
7053,528;64
7054,528;56
7055,528;90
7056,528;81
7057,528;5882
7058,528;5582
7059,528;62
7060,528;69
7061,528;66
7062,528;72
7063,528;6023
7064,528;5467
7065,528;63
7066,528;59
7067,528;55
7068,528;68
7069,528;5876
7070,528;5591
7071,528;59
7072,147;68
7073,147;60
7074,147;71
7075,147;5891
7076,147;5586
7077,147;50
7078,147;66
7079,147;64
7080,147;71
7081,147;5859
7082,147;5576
7083,147;69
7084,147;60
7085,147;52
7086,147;69
7087,147;5865
7088,147;5575
7089,147;75
7090,147;63
7091,147;75
7092,147;84
7093,147;5879
7094,147;5632
7095,147;93
7096,147;73
7097,147;73
7098,147;87
7099,147;5858
7100,147;5579
7101,147;79
7102,147;70
7103,147;68
7104,147;68
7105,147;5866
7106,147;5590
7107,147;45
7108,147;55
7109,147;72
7110,147;66
7111,147;5504
7112,147;5595
7113,147;58
7114,147;78
7115,147;68
7116,147;60
7117,147;5848
7118,147;5613
7119,147;60
7120,147;58
7121,147;64
7122,147;53
7123,147;5843
7124,147;5615
7125,147;64
7126,147;59
7127,147;67
7128,147;76
7129,147;5856
7130,147;5584
7131,147;76
7132,147;59
7133,147;70
7134,147;52
7135,147;5877
7136,147;5621
7137,147;71
7138,147;80
7139,147;52
7140,147;68
7141,147;5863
7142,147;5600
7143,147;68
7144,147;49
7145,147;74
7146,147;72
7147,147;5823
7148,147;5610
7149,147;59
7150,147;73
7151,147;76
7152,147;77
7153,147;5885
7154,147;5606
7155,147;57
7156,147;60
7157,147;62
7158,147;81
7159,147;5875
7160,147;5590
7161,147;65
7162,147;58
7163,147;71
7164,147;66
7165,147;5880
7166,147;5600
7167,147;69
7168,147;74
7169,147;66
7170,147;77
7171,147;5883
7172,147;5624
7172,892;61
7173,892;74
7174,892;67
7175,892;71
7176,892;5847
7177,892;5616
7178,892;77
7179,892;64
7180,892;73
7181,892;83
7182,892;5859
7183,892;5606
7184,892;71
7185,892;73
7186,892;73
7187,892;60
7188,892;5851
7189,892;5603
7190,892;64
7191,892;66
7192,892;71
7193,892;77
7194,892;5863
7195,892;5582
7196,892;63
7197,892;76
7198,892;69
7199,892;67
7200,892;5869
7201,892;5609
7202,892;56
7203,892;70
7204,892;65
7205,892;68
7206,892;5878
7207,892;5614
7208,892;79
7209,892;59
7210,892;65
7211,892;69
7212,892;5961
7213,892;5510
7214,892;71
7215,892;70
7216,892;72
7217,892;68
7218,892;5867
7219,892;5601
7220,892;76
7221,892;76
7222,892;58
7223,892;68
7224,892;5862
7225,892;5613
7226,892;53
7227,892;79
7228,892;72
7229,892;70
7230,892;5866
7231,892;5633
7232,892;66
7233,892;69
7234,892;70
7235,892;71
7236,892;5875
7237,892;5620
7238,892;57
7239,892;70
7240,892;75
7241,892;64
7242,892;5841
7243,892;5619
7244,892;54
7245,892;74
7246,892;97
7247,892;77
7248,892;5860
7249,892;5616
7250,892;55
7251,892;62
7252,892;73
7253,892;54
7254,892;5968
7255,892;5532
7256,892;59
7257,892;56
7258,892;85
7259,892;77
7260,892;5871
7261,892;5590
7262,892;61
7263,892;72
7264,892;88
7265,892;64
7266,892;5846
7267,892;5621
7268,892;69
7269,892;80
7270,892;81
7271,892;75
7272,892;5870
7273,892;5589
7274,892;68
7275,892;74
7276,892;78
7277,892;72
7278,892;5852
7279,892;5616
7280,892;81
7281,892;75
7282,892;72
7283,892;65
7284,892;5913
7285,892;5558
7286,892;60
7287,892;63
7288,892;57
7289,892;78
7290,892;5853
7291,892;5617
7292,892;79
7293,892;67
7294,892;64
7295,892;88
7296,892;5864
7297,892;5613
7298,892;67
7299,892;75
7300,892;72
7301,892;70
7302,892;5868
7303,892;5610
7304,892;68
7305,892;78
7306,892;94
7307,892;91
7308,892;5849
7309,892;5600
7310,892;61
7311,892;63
7312,892;73
7313,892;84
7314,892;5828
7315,892;5603
7316,892;73
7317,892;63
7318,892;76
7319,892;70
7320,892;5849
7321,892;5623
7322,892;98
7323,892;73
7324,892;71
7325,892;72
7326,892;5839
7327,892;5618
7328,892;73
7329,892;75
7330,892;84
7331,892;58
7332,892;5870
7333,892;5663
7334,892;70
7335,892;65
7336,892;73
7337,892;76
7338,892;5845
7339,892;5615
7340,892;63
7341,892;75
7342,892;72
7343,892;73
7344,892;5849
7345,892;5617
7346,892;80
7347,892;66
7348,892;62
7349,892;77
7350,892;5835
7351,892;5638
7352,892;66
7353,892;80
7354,892;61
7355,892;85
7356,892;5887
7357,892;5617
7358,892;66
7359,892;69
7360,892;69
7361,892;70
7362,892;5854
7363,892;5621
7364,892;51
7365,892;74
7366,892;60
7367,892;63
7368,892;5857
7369,892;5600
7370,892;85
7371,892;67
7372,892;82
7373,892;76
7374,508;5876
7375,508;5641
7376,508;66
7377,508;67
7378,508;73
7379,508;81
7380,508;5846
7381,508;5626
7382,508;79
7383,508;79
7384,508;69
7385,508;73
7386,508;5847
7387,508;5641
7388,508;48
7389,508;75
7390,508;80
7391,508;59
7392,508;5861
7393,508;5617
7394,508;62
7395,508;66
7396,508;65
7397,508;75
7398,508;5844
7399,508;5644
7400,508;62
7401,508;74
7402,508;53
7403,508;58
7404,508;5843
7405,508;5606
7406,508;54
7407,508;57
7408,508;61
7409,508;61
7410,508;5818
7411,508;5636
7412,508;70
7413,508;71
7414,508;57
7415,508;54
7416,508;5838
7417,508;5633
7418,508;63
7419,508;59
7420,508;52
7421,508;71
7422,508;5459
7423,508;5646
7424,508;50
7425,508;45
7426,508;63
7427,508;82
7428,508;5758
7429,508;5633
7430,508;61
7431,508;54
7432,508;61
7433,508;84
7434,508;5845
7435,508;5632
7436,508;60
7437,508;69
7438,508;73
7439,508;59
7440,508;5837
7441,508;5629
7442,508;60
7443,508;55
7444,508;57
7445,508;72
7446,508;5865
7447,508;5632
7448,508;65
7449,508;74
7450,508;68
7451,508;71
7452,508;5825
7453,508;5637
7454,508;66
7455,508;62
7456,508;60
7457,508;84
7458,508;5829
7459,508;5628
7460,508;53
7461,508;68
7462,508;83
7463,508;71
7464,508;5865
7465,508;5658
7466,508;63
7467,508;77
7468,508;62
7469,508;63
7470,508;5832
7471,508;5666
7472,508;64
7473,508;66
7474,508;70
7476,782;74
7477,782;5821
7478,782;5642
7479,782;82
7480,782;73
7481,782;71
7482,782;74
7483,782;5850
7484,782;5651
7485,782;66
7486,782;65
7487,782;71
7488,782;72
7489,782;5854
7490,782;5645
7491,782;52
7492,782;76
7493,782;59
7494,782;78
7495,782;5839
7496,782;5668
7497,782;58
7498,782;59
7499,782;92
7500,782;89
7501,782;5865
7502,782;5642
7503,782;58
7504,782;58
7505,782;85
7506,782;74
7507,782;5835
7508,782;5670
7509,782;56
7510,782;83
7511,782;86
7512,782;65
7513,782;5845
7514,782;5665
7515,782;75
7516,782;79
7517,782;66
7518,782;74
7519,782;5815
7520,782;5652
7521,782;65
7522,782;83
7523,782;78
7524,782;74
7525,782;5830
7526,782;5663
7527,782;78
7528,782;79
7529,782;70
7530,782;76
7531,782;5838
7532,782;5643
7533,782;61
7534,782;50
7535,782;80
7536,782;59
7537,782;5836
7538,782;5644
7539,782;55
7540,782;76
7541,782;74
7542,782;77
7543,782;5847
7544,782;5643
7545,782;67
7546,782;96
7547,782;79
7548,782;78
7549,782;5792
7550,782;5638
7551,782;71
7552,782;73
7553,782;72
7554,782;69
7555,782;5825
7556,782;5680
7557,782;61
7558,782;57
7559,782;62
7560,782;88
7561,782;5786
7562,782;5670
7563,782;68
7564,782;65
7565,782;69
7566,782;75
7567,782;5814
7568,782;5657
7569,782;71
7570,782;75
7571,782;77
7572,782;75
7573,782;5826
7574,782;5669
7575,782;62
7576,782;76
7577,674;74
7578,674;86
7579,674;5827
7580,674;5673
7581,674;79
7582,674;72
7583,674;81
7584,674;64
7585,674;5821
7586,674;5676
7587,674;62
7588,674;87
7589,674;69
7590,674;67
7591,674;5838
7592,674;5651
7593,674;82
7594,674;70
7595,674;69
7596,674;74
7597,674;5805
7598,674;5651
7599,674;64
7600,674;78
7601,674;69
7602,674;65
7603,674;5810
7604,674;5662
7605,674;74
7606,674;64
7607,674;76
7608,674;67
7609,674;5829
7610,674;5664
7611,674;61
7612,674;77
7613,674;81
7614,674;61
7615,674;5812
7616,674;5659
7617,674;62
7618,674;66
7619,674;77
7620,674;69
7621,674;5794
7622,674;5656
7623,674;63
7624,674;60
7625,674;68
7626,674;71
7627,674;5826
7628,674;5654
7629,674;60
7630,674;62
7631,674;59
7632,674;86
7633,674;5789
7634,674;5652
7635,674;61
7636,674;58
7637,674;71
7638,674;61
7639,674;5775
7640,674;5673
7641,674;57
7642,674;65
7643,674;75
7644,674;61
7645,674;5794
7646,674;5678
7647,674;64
7648,674;57
7649,674;64
7650,674;81
7651,674;5781
7652,674;5680
7653,674;66
7654,674;56
7655,674;74
7656,674;66
7657,674;5813
7658,674;5688
7659,674;55
7660,674;78
7661,674;75
7662,674;65
7663,674;5813
7664,674;5670
7665,674;62
7666,674;55
7667,674;65
7668,674;64
7669,674;5862
7670,674;5611
7671,674;55
7672,674;76
7673,674;79
7674,674;80
7675,674;5803
7676,674;5668
7677,674;60
7677,849;63
7678,849;71
7679,849;71
7680,849;5794
7681,849;5687
7682,849;67
7683,849;74
7684,849;69
7685,849;65
7686,849;5790
7687,849;5704
7688,849;60
7689,849;71
7690,849;76
7691,849;79
7692,849;5778
7693,849;5671
7694,849;81
7695,849;64
7696,849;69
7697,849;90
7698,849;5799
7699,849;5678
7700,849;67
7701,849;66
7702,849;63
7703,849;72
7704,849;5813
7705,849;5684
7706,849;59
7707,849;71
7708,849;76
7709,849;71
7710,849;5765
7711,849;5692
7712,849;61
7713,849;62
7714,849;58
7715,849;78
7716,849;5796
7717,849;5672
7718,849;66
7719,849;60
7720,849;79
7721,849;53
7722,849;5795
7723,849;5697
7724,849;73
7725,849;67
7726,849;48
7727,849;61
7728,849;5761
7729,849;5677
7730,849;54
7731,849;66
7732,849;58
7733,849;60
7734,849;5411
7735,849;5700
7736,849;57
7737,849;48
7738,849;67
7739,849;84
7740,849;5714
7741,849;5674
7742,849;51
7743,849;48
7744,849;66
7745,849;64
7746,849;5774
7747,849;5709
7748,849;64
7749,849;68
7750,849;47
7751,849;66
7752,849;5783
7753,849;5686
7754,849;57
7755,849;76
7756,849;58
7757,849;71
7758,849;5780
7759,849;5694
7760,849;62
7761,849;60
7762,849;59
7763,849;59
7764,849;5803
7765,849;5684
7766,849;57
7767,849;64
7768,849;53
7769,849;64
7770,849;5767
7771,849;5704
7772,849;71
7773,849;69
7774,849;66
7775,849;64
7776,849;5788
7777,849;5688
7779,683;62
7780,683;62
7781,683;72
7782,683;62
7783,683;5783
7784,683;5686
7785,683;64
7786,683;63
7787,683;69
7788,683;75
7789,683;5747
7790,683;5683
7791,683;57
7792,683;61
7793,683;67
7794,683;70
7795,683;5773
7796,683;5685
7797,683;76
7798,683;68
7799,683;52
7800,683;71
7801,683;5765
7802,683;5681
7803,683;73
7804,683;67
7805,683;61
7806,683;66
7807,683;5783
7808,683;5684
7809,683;60
7810,683;73
7811,683;61
7812,683;78
7813,683;5767
7814,683;5693
7815,683;69
7816,683;64
7817,683;68
7818,683;61
7819,683;5786
7820,683;5688
7821,683;58
7822,683;68
7823,683;67
7824,683;71
7825,683;5755
7826,683;5701
7827,683;59
7828,683;77
7829,683;66
7830,683;66
7831,683;5789
7832,683;5713
7833,683;62
7834,683;62
7835,683;64
7836,683;55
7837,683;5781
7838,683;5719
7839,683;78
7840,683;64
7841,683;67
7842,683;75
7843,683;5770
7844,683;5694
7845,683;67
7846,683;78
7847,683;62
7848,683;75
7849,683;5757
7850,683;5698
7851,683;62
7852,683;65
7853,683;68
7854,683;90
7855,683;5778
7856,683;5723
7857,683;56
7858,683;60
7859,683;73
7860,683;77
7861,683;5750
7862,683;5716
7863,683;71
7864,683;73
7865,683;69
7866,683;67
7867,683;5754
7868,683;5724
7869,683;69
7870,683;72
7871,683;68
7872,683;81
7873,683;5795
7874,683;5712
7875,683;69
7876,683;82
7877,683;68
7878,683;76
7879,683;5813
7880,683;5709
7881,683;64
7882,683;71
7883,683;70
7884,683;77
7885,683;5793
7886,683;5708
7887,683;67
7888,683;70
7889,683;69
7890,683;80
7891,683;5746
7892,683;5703
7893,683;73
7894,683;75
7895,683;76
7896,683;96
7897,683;5766
7898,683;5723
7899,683;62
7900,683;83
7901,683;53
7902,683;66
7903,683;5778
7904,683;5702
7905,683;70
7906,683;66
7907,683;85
7908,683;72
7909,683;5745
7910,683;5717
7911,683;68
7912,683;78
7913,683;75
7914,683;77
7915,683;5753
7916,683;5724
7917,683;55
7918,683;65
7919,683;68
7920,683;66
7921,683;5780
7922,683;5694
7923,683;60
7924,683;66
7925,683;79
7926,683;75
7927,683;5760
7928,683;5704
7929,683;83
7930,683;64
7931,683;82
7932,683;86
7933,683;5766
7934,683;5713
7935,683;65
7936,683;67
7937,683;85
7938,683;80
7939,683;5764
7940,683;5682
7941,683;62
7942,683;71
7943,683;72
7944,683;74
7945,683;5776
7946,683;5723
7947,683;51
7948,683;65
7949,683;74
7950,683;92
7951,683;5783
7952,683;5731
7953,683;74
7954,683;66
7955,683;69
7956,683;71
7957,683;5803
7958,683;5702
7959,683;80
7960,683;81
7961,683;73
7962,683;69
7963,683;5765
7964,683;5718
7965,683;65
7966,683;62
7967,683;94
7968,683;58
7969,683;5760
7970,683;5721
7971,683;59
7972,683;81
7973,683;73
7974,683;67
7975,683;5796
7976,683;5734
7977,683;78
7978,683;82
7979,683;91
7980,683;81
7981,177;5778
7982,177;5716
7983,177;62
7984,177;61
7985,177;81
7986,177;70
7987,177;5779
7988,177;5724
7989,177;70
7990,177;71
7991,177;71
7992,177;64
7993,177;5781
7994,177;5729
7995,177;75
7996,177;65
7997,177;67
7998,177;86
7999,177;5809
8000,177;5724
8001,177;55
8002,177;58
8003,177;64
8004,177;74
8005,177;5756
8006,177;5730
8007,177;72
8008,177;81
8009,177;84
8010,177;64
8011,177;5762
8012,177;5746
8013,177;65
8014,177;83
8015,177;68
8016,177;80
8017,177;5800
8018,177;5702
8019,177;61
8020,177;70
8021,177;76
8022,177;72
8023,177;5760
8024,177;5709
8025,177;70
8026,177;64
8027,177;73
8028,177;79
8029,177;5758
8030,177;5742
8031,177;65
8032,177;84
8033,177;71
8034,177;63
8035,177;5753
8036,177;5720
8037,177;69
8038,177;64
8039,177;75
8040,177;64
8041,177;5725
8042,177;5732
8043,177;63
8044,177;60
8045,177;43
8046,177;63
8047,177;5397
8048,177;5763
8049,177;57
8050,177;69
8051,177;70
8052,177;51
8053,177;5676
8054,177;5751
8055,177;72
8056,177;55
8057,177;72
8058,177;51
8059,177;5743
8060,177;5714
8061,177;73
8062,177;77
8063,177;53
8064,177;63
8065,177;5749
8066,177;5730
8067,177;74
8068,177;62
8069,177;67
8070,177;52
8071,177;5768
8072,177;5730
8073,177;57
8074,177;84
8075,177;58
8076,177;63
8077,177;5738
8078,177;5725
8079,177;66
8080,177;82
8081,177;68
8082,807;80
8083,807;5749
8084,807;5752
8085,807;64
8086,807;65
8087,807;75
8088,807;59
8089,807;5750
8090,807;5734
8091,807;62
8092,807;78
8093,807;65
8094,807;63
8095,807;5763
8096,807;5740
8097,807;68
8098,807;68
8099,807;76
8100,807;75
8101,807;5728
8102,807;5746
8103,807;64
8104,807;78
8105,807;87
8106,807;70
8107,807;5726
8108,807;5758
8109,807;66
8110,807;69
8111,807;73
8112,807;66
8113,807;5755
8114,807;5763
8115,807;76
8116,807;73
8117,807;80
8118,807;72
8119,807;5736
8120,807;5741
8121,807;74
8122,807;71
8123,807;69
8124,807;73
8125,807;5731
8126,807;5766
8127,807;68
8128,807;77
8129,807;69
8130,807;76
8131,807;5750
8132,807;5768
8133,807;62
8134,807;77
8135,807;76
8136,807;71
8137,807;5731
8138,807;5747
8139,807;70
8140,807;69
8141,807;68
8142,807;75
8143,807;5735
8144,807;5734
8145,807;56
8146,807;67
8147,807;81
8148,807;76
8149,807;5749
8150,807;5748
8151,807;76
8152,807;74
8153,807;83
8154,807;81
8155,807;5739
8156,807;5752
8157,807;77
8158,807;85
8159,807;73
8160,807;75
8161,807;5757
8162,807;5719
8163,807;69
8164,807;71
8165,807;81
8166,807;74
8167,807;5723
8168,807;5736
8169,807;73
8170,807;73
8171,807;68
8172,807;84
8173,807;5741
8174,807;5770
8175,807;61
8176,807;69
8177,807;76
8178,807;69
8179,807;5724
8180,807;5742
8181,807;69
8182,807;77
8182,617;74
8183,617;72
8184,617;5724
8185,617;5778
8186,617;74
8187,617;73
8188,617;76
8189,617;76
8190,617;5746
8191,617;5746
8192,617;71
8193,617;75
8194,617;72
8195,617;60
8196,617;5773
8197,617;5705
8198,617;59
8199,617;70
8200,617;79
8201,617;79
8202,617;5710
8203,617;5755
8204,617;73
8205,617;87
8206,617;63
8207,617;77
8208,617;5718
8209,617;5728
8210,617;56
8211,617;76
8212,617;74
8213,617;73
8214,617;5717
8215,617;5771
8216,617;82
8217,617;72
8218,617;59
8219,617;76
8220,617;5736
8221,617;5742
8222,617;69
8223,617;59
8224,617;52
8225,617;79
8226,617;5720
8227,617;5753
8228,617;79
8229,617;78
8230,617;64
8231,617;72
8232,617;5759
8233,617;5760
8234,617;55
8235,617;80
8236,617;54
8237,617;79
8238,617;5716
8239,617;5767
8240,617;60
8241,617;63
8242,617;83
8243,617;61
8244,617;5717
8245,617;5760
8246,617;66
8247,617;73
8248,617;69
8249,617;69
8250,617;5711
8251,617;5761
8252,617;65
8253,617;75
8254,617;69
8255,617;69
8256,617;5714
8257,617;5742
8258,617;70
8259,617;78
8260,617;53
8261,617;58
8262,617;5781
8263,617;5716
8264,617;67
8265,617;67
8266,617;82
8267,617;75
8268,617;5693
8269,617;5763
8270,617;62
8271,617;67
8272,617;75
8273,617;78
8274,617;5737
8275,617;5723
8276,617;67
8277,617;69
8278,617;59
8279,617;61
8280,617;5718
8281,617;5785
8282,617;58
8283,905;66
8284,905;72
8285,905;88
8286,905;5700
8287,905;5764
8288,905;75
8289,905;64
8290,905;65
8291,905;80
8292,905;5694
8293,905;5756
8294,905;76
8295,905;72
8296,905;69
8297,905;69
8298,905;5733
8299,905;5770
8300,905;67
8301,905;66
8302,905;63
8303,905;67
8304,905;5696
8305,905;5778
8306,905;64
8307,905;65
8308,905;79
8309,905;68
8310,905;5717
8311,905;5748
8312,905;62
8313,905;63
8314,905;61
8315,905;66
8316,905;5733
8317,905;5772
8318,905;62
8319,905;61
8320,905;68
8321,905;75
8322,905;5707
8323,905;5757
8324,905;51
8325,905;69
8326,905;84
8327,905;70
8328,905;5673
8329,905;5757
8330,905;66
8331,905;70
8332,905;88
8333,905;60
8334,905;5700
8335,905;5784
8336,905;56
8337,905;83
8338,905;70
8339,905;62
8340,905;5686
8341,905;5764
8342,905;67
8343,905;63
8344,905;63
8345,905;52
8346,905;5680
8347,905;5766
8348,905;58
8349,905;65
8350,905;74
8351,905;72
8352,905;5708
8353,905;5773
8354,905;66
8355,905;70
8356,905;56
8357,905;52
8358,905;5355
8359,905;5779
8360,905;68
8361,905;65
8362,905;53
8363,905;57
8364,905;5612
8365,905;5759
8366,905;56
8367,905;47
8368,905;76
8369,905;83
8370,905;5688
8371,905;5768
8372,905;66
8373,905;51
8374,905;58
8375,905;64
8376,905;5703
8377,905;5787
8378,905;63
8379,905;71
8380,905;62
8381,905;70
8382,905;5682
8383,905;5782
8385,905;57
8386,905;50
8387,905;66
8388,905;56
8389,905;5685
8390,905;5783
8391,905;65
8392,905;63
8393,905;66
8394,905;62
8395,905;5689
8396,905;5779
8397,905;77
8398,905;69
8399,905;53
8400,905;78
8401,905;5685
8402,905;5766
8403,905;65
8404,905;76
8405,905;50
8406,905;70
8407,905;5713
8408,905;5793
8409,905;71
8410,905;72
8411,905;63
8412,905;71
8413,905;5686
8414,905;5780
8415,905;70
8416,905;68
8417,905;75
8418,905;73
8419,905;5703
8420,905;5762
8421,905;77
8422,905;72
8423,905;67
8424,905;76
8425,905;5695
8426,905;5791
8427,905;60
8428,905;80
8429,905;76
8430,905;67
8431,905;5710
8432,905;5789
8433,905;65
8434,905;69
8435,905;74
8436,905;76
8437,905;5669
8438,905;5766
8439,905;66
8440,905;68
8441,905;82
8442,905;80
8443,905;5716
8444,905;5814
8445,905;52
8446,905;85
8447,905;57
8448,905;69
8449,905;5681
8450,905;5798
8451,905;78
8452,905;70
8453,905;70
8454,905;82
8455,905;5693
8456,905;5774
8457,905;71
8458,905;64
8459,905;70
8460,905;72
8461,905;5659
8462,905;5777
8463,905;70
8464,905;67
8465,905;69
8466,905;53
8467,905;5716
8468,905;5787
8469,905;71
8470,905;61
8471,905;73
8472,905;72
8473,905;5711
8474,905;5781
8475,905;62
8476,905;70
8477,905;64
8478,905;85
8479,905;5693
8480,905;5799
8481,905;74
8482,905;67
8483,905;60
8484,905;70
8485,905;5698
8486,589;5774
8487,589;66
8488,589;78
8489,589;68
8490,589;76
8491,589;5667
8492,589;5806
8493,589;78
8494,589;75
8495,589;73
8496,589;82
8497,589;5687
8498,589;5789
8499,589;83
8500,589;68
8501,589;80
8502,589;76
8503,589;5769
8504,589;5752
8505,589;75
8506,589;67
8507,589;73
8508,589;64
8509,589;5680
8510,589;5792
8511,589;74
8512,589;64
8513,589;69
8514,589;69
8515,589;5692
8516,589;5799
8517,589;93
8518,589;57
8519,589;82
8520,589;68
8521,589;5662
8522,589;5798
8523,589;68
8524,589;76
8525,589;64
8526,589;75
8527,589;5686
8528,589;5816
8529,589;86
8530,589;63
8531,589;64
8532,589;75
8533,589;5682
8534,589;5808
8535,589;83
8536,589;53
8537,589;69
8538,589;104
8539,589;5679
8540,589;5800
8541,589;92
8542,589;68
8543,589;83
8544,589;64
8545,589;5683
8546,589;5788
8547,589;66
8548,589;49
8549,589;93
8550,589;68
8551,589;5689
8552,589;5811
8553,589;74
8554,589;50
8555,589;72
8556,589;76
8557,589;5691
8558,589;5811
8559,589;65
8560,589;72
8561,589;65
8562,589;84
8563,589;5681
8564,589;5800
8565,589;81
8566,589;68
8567,589;82
8568,589;87
8569,589;5684
8570,589;5812
8571,589;88
8572,589;58
8573,589;61
8574,589;99
8575,589;5687
8576,589;5827
8577,589;55
8578,589;61
8579,589;64
8580,589;84
8581,589;5677
8582,589;5823
8583,589;71
8584,589;75
8585,589;82
8586,589;76
8587,362;5677
8588,362;5823
8589,362;69
8590,362;73
8591,362;90
8592,362;76
8593,362;5695
8594,362;5811
8595,362;78
8596,362;69
8597,362;71
8598,362;81
8599,362;5659
8600,362;5822
8601,362;70
8602,362;65
8603,362;70
8604,362;75
8605,362;5643
8606,362;5811
8607,362;75
8608,362;76
8609,362;58
8610,362;54
8611,362;5679
8612,362;5802
8613,362;68
8614,362;68
8615,362;60
8616,362;74
8617,362;5678
8618,362;5840
8619,362;61
8620,362;74
8621,362;69
8622,362;97
8623,362;5696
8624,362;5813
8625,362;77
8626,362;75
8627,362;64
8628,362;73
8629,362;5671
8630,362;5815
8631,362;67
8632,362;73
8633,362;66
8634,362;91
8635,362;5685
8636,362;5828
8637,362;51
8638,362;80
8639,362;66
8640,362;75
8641,362;5677
8642,362;5817
8643,362;63
8644,362;69
8645,362;57
8646,362;87
8647,362;5750
8648,362;5754
8649,362;68
8650,362;67
8651,362;76
8652,362;69
8653,362;5689
8654,362;5812
8655,362;56
8656,362;72
8657,362;54
8658,362;68
8659,362;5677
8660,362;5810
8661,362;79
8662,362;64
8663,362;71
8664,362;69
8665,362;5641
8666,362;5826
8667,362;50
8668,362;65
8669,362;78
8670,362;53
8671,362;5282
8672,362;5840
8673,362;58
8674,362;53
8675,362;66
8676,362;61
8677,362;5582
8678,362;5798
8679,362;53
8680,362;69
8681,362;63
8682,362;65
8683,362;5639
8684,362;5835
8685,362;67
8686,362;73
8687,362;59
8688,375;64
8689,375;5656
8690,375;5853
8691,375;70
8692,375;77
8693,375;50
8694,375;64
8695,375;5673
8696,375;5799
8697,375;58
8698,375;68
8699,375;93
8700,375;69
8701,375;5652
8702,375;5808
8703,375;75
8704,375;56
8705,375;59
8706,375;76
8707,375;5654
8708,375;5825
8709,375;74
8710,375;74
8711,375;82
8712,375;70
8713,375;5667
8714,375;5835
8715,375;77
8716,375;67
8717,375;71
8718,375;68
8719,375;5638
8720,375;5827
8721,375;59
8722,375;73
8723,375;56
8724,375;75
8725,375;5677
8726,375;5828
8727,375;67
8728,375;79
8729,375;73
8730,375;80
8731,375;5668
8732,375;5841
8733,375;76
8734,375;55
8735,375;76
8736,375;80
8737,375;5652
8738,375;5853
8739,375;75
8740,375;58
8741,375;83
8742,375;76
8743,375;5664
8744,375;5825
8745,375;57
8746,375;70
8747,375;84
8748,375;73
8749,375;5666
8750,375;5847
8751,375;81
8752,375;72
8753,375;68
8754,375;71
8755,375;5641
8756,375;5849
8757,375;76
8758,375;62
8759,375;72
8760,375;82
8761,375;5636
8762,375;5856
8763,375;74
8764,375;66
8765,375;70
8766,375;77
8767,375;5644
8768,375;5819
8769,375;65
8770,375;65
8771,375;69
8772,375;68
8773,375;5658
8774,375;5863
8775,375;64
8776,375;70
8777,375;75
8778,375;60
8779,375;5765
8780,375;5747
8781,375;68
8782,375;70
8783,375;85
8784,375;81
8785,375;5654
8786,375;5854
8787,375;57
8788,375;85
8789,807;95
8790,807;74
8791,807;5644
8792,807;5867
8793,807;61
8794,807;81
8795,807;79
8796,807;64
8797,807;5635
8798,807;5851
8799,807;66
8800,807;67
8801,807;76
8802,807;67
8803,807;5647
8804,807;5848
8805,807;71
8806,807;77
8807,807;80
8808,807;80
8809,807;5624
8810,807;5828
8811,807;80
8812,807;70
8813,807;63
8814,807;75
8815,807;5633
8816,807;5848
8817,807;73
8818,807;76
8819,807;72
8820,807;72
8821,807;5636
8822,807;5843
8823,807;53
8824,807;74
8825,807;66
8826,807;74
8827,807;5653
8828,807;5844
8829,807;57
8830,807;75
8831,807;65
8832,807;65
8833,807;5642
8834,807;5851
8835,807;70
8836,807;66
8837,807;63
8838,807;65
8839,807;5617
8840,807;5859
8841,807;69
8842,807;73
8843,807;87
8844,807;67
8845,807;5644
8846,807;5847
8847,807;75
8848,807;71
8849,807;66
8850,807;79
8851,807;5619
8852,807;5835
8853,807;71
8854,807;68
8855,807;81
8856,807;75
8857,807;5652
8858,807;5834
8859,807;73
8860,807;60
8861,807;61
8862,807;85
8863,807;5615
8864,807;5866
8865,807;54
8866,807;62
8867,807;82
8868,807;67
8869,807;5624
8870,807;5841
8871,807;66
8872,807;83
8873,807;66
8874,807;57
8875,807;5660
8876,807;5868
8877,807;65
8878,807;80
8879,807;67
8880,807;78
8881,807;5610
8882,807;5852
8883,807;62
8884,807;75
8885,807;73
8886,807;63
8887,807;5629
8888,807;5857
8889,807;64
8890,807;79
8891,807;68
8892,807;91
8893,807;5593
8894,807;5879
8895,807;78
8896,807;70
8897,807;55
8898,807;74
8899,807;5631
8900,807;5859
8901,807;60
8902,807;70
8903,807;64
8904,807;65
8905,807;5643
8906,807;5810
8907,807;45
8908,807;67
8909,807;59
8910,807;68
8911,807;5617
8912,807;5883
8913,807;79
8914,807;61
8915,807;81
8916,807;73
8917,807;5680
8918,807;5818
8919,807;58
8920,807;76
8921,807;78
8922,807;67
8923,807;5603
8924,807;5866
8925,807;65
8926,807;67
8927,807;65
8928,807;84
8929,807;5618
8930,807;5854
8931,807;56
8932,807;61
8933,807;73
8934,807;60
8935,807;5621
8936,807;5842
8937,807;68
8938,807;63
8939,807;67
8940,807;58
8941,807;5605
8942,807;5879
8943,807;56
8944,807;61
8945,807;75
8946,807;74
8947,807;5667
8948,807;5819
8949,807;66
8950,807;61
8951,807;56
8952,807;68
8953,807;5606
8954,807;5875
8955,807;62
8956,807;65
8957,807;69
8958,807;74
8959,807;5587
8960,807;5889
8961,807;55
8962,807;64
8963,807;67
8964,807;65
8965,807;5575
8966,807;5882
8967,807;64
8968,807;64
8969,807;59
8970,807;63
8971,807;5602
8972,807;5862
8973,807;58
8974,807;64
8975,807;82
8976,807;65
8977,807;5595
8978,807;5856
8979,807;58
8980,807;75
8981,807;72
8982,807;60
8983,807;5231
8984,807;5869
8985,807;52
8986,807;52
8987,807;68
8988,807;59
8989,807;5537
8990,807;5879
8991,853;62
8992,853;49
8993,853;76
8994,853;71
8995,853;5590
8996,853;5870
8997,853;58
8998,853;58
8999,853;76
9000,853;70
9001,853;5614
9002,853;5861
9003,853;65
9004,853;59
9005,853;75
9006,853;68
9007,853;5645
9008,853;5800
9009,853;58
9010,853;73
9011,853;61
9012,853;68
9013,853;5604
9014,853;5866
9015,853;71
9016,853;55
9017,853;64
9018,853;74
9019,853;5682
9020,853;5770
9021,853;52
9022,853;83
9023,853;57
9024,853;63
9025,853;5629
9026,853;5853
9027,853;61
9028,853;67
9029,853;72
9030,853;67
9031,853;5595
9032,853;5888
9033,853;65
9034,853;73
9035,853;74
9036,853;63
9037,853;5606
9038,853;5885
9039,853;60
9040,853;73
9041,853;74
9042,853;66
9043,853;5601
9044,853;5891
9045,853;64
9046,853;73
9047,853;64
9048,853;63
9049,853;5583
9050,853;5880
9051,853;63
9052,853;68
9053,853;70
9054,853;71
9055,853;5575
9056,853;5888
9057,853;60
9058,853;88
9059,853;58
9060,853;69
9061,853;5593
9062,853;5860
9063,853;61
9064,853;65
9065,853;80
9066,853;64
9067,853;5593
9068,853;5867
9069,853;63
9070,853;67
9071,853;72
9072,853;65
9073,853;5599
9074,853;5910
9075,853;67
9076,853;73
9077,853;67
9078,853;74
9079,853;5594
9080,853;5883
9081,853;56
9082,853;60
9083,853;75
9084,853;71
9085,853;5591
9086,853;5878
9087,853;64
9088,853;70
9089,853;76
9090,853;84
9091,853;5604
9092,089;5860
9093,089;64
9094,089;60
9095,089;69
9096,089;91
9097,089;5574
9098,089;5907
9099,089;74
9100,089;70
9101,089;69
9102,089;62
9103,089;5595
9104,089;5890
9105,089;75
9106,089;87
9107,089;75
9108,089;60
9109,089;5568
9110,089;5869
9111,089;68
9112,089;69
9113,089;74
9114,089;75
9115,089;5594
9116,089;5913
9117,089;68
9118,089;78
9119,089;93
9120,089;67
9121,089;5580
9122,089;5886
9123,089;71
9124,089;66
9125,089;72
9126,089;65
9127,089;5646
9128,089;5840
9129,089;75
9130,089;70
9131,089;78
9132,089;88
9133,089;5599
9134,089;5881
9135,089;65
9136,089;81
9137,089;76
9138,089;52
9139,089;5579
9140,089;5908
9141,089;81
9142,089;43
9143,089;64
9144,089;65
9145,089;5570
9146,089;5898
9147,089;86
9148,089;70
9149,089;77
9150,089;75
9151,089;5684
9152,089;5765
9153,089;61
9154,089;63
9155,089;67
9156,089;77
9157,089;5676
9158,089;5817
9159,089;54
9160,089;74
9161,089;84
9162,089;77
9163,089;5626
9164,089;5881
9165,089;61
9166,089;63
9167,089;80
9168,089;76
9169,089;5568
9170,089;5918
9171,089;62
9172,089;67
9173,089;73
9174,089;90
9175,089;5604
9176,089;5892
9177,089;71
9178,089;62
9179,089;66
9180,089;78
9181,089;5600
9182,089;5895
9183,089;60
9184,089;82
9185,089;63
9186,089;78
9187,089;5593
9188,089;5883
9189,089;78
9190,089;67
9191,089;67
9192,089;75
9193,423;5561
9194,423;5911
9195,423;64
9196,423;64
9197,423;77
9198,423;78
9199,423;5673
9200,423;5802
9201,423;82
9202,423;67
9203,423;79
9204,423;79
9205,423;5565
9206,423;5907
9207,423;52
9208,423;58
9209,423;68
9210,423;83
9211,423;5581
9212,423;5916
9213,423;68
9214,423;62
9215,423;84
9216,423;82
9217,423;5608
9218,423;5909
9219,423;62
9220,423;92
9221,423;80
9222,423;91
9223,423;5593
9224,423;5927
9225,423;65
9226,423;71
9227,423;70
9228,423;57
9229,423;5580
9230,423;5905
9231,423;62
9232,423;83
9233,423;83
9234,423;67
9235,423;5596
9236,423;5897
9237,423;72
9238,423;100
9239,423;74
9240,423;78
9241,423;5585
9242,423;5895
9243,423;65
9244,423;63
9245,423;84
9246,423;74
9247,423;5594
9248,423;5894
9249,423;82
9250,423;80
9251,423;75
9252,423;70
9253,423;5572
9254,423;5912
9255,423;67
9256,423;64
9257,423;69
9258,423;95
9259,423;5592
9260,423;5899
9261,423;73
9262,423;79
9263,423;74
9264,423;67
9265,423;5535
9266,423;5909
9267,423;87
9268,423;66
9269,423;63
9270,423;87
9271,423;5562
9272,423;5916
9273,423;73
9274,423;85
9275,423;75
9276,423;62
9277,423;5577
9278,423;5912
9279,423;72
9280,423;81
9281,423;87
9282,423;61
9283,423;5570
9284,423;5891
9285,423;70
9286,423;72
9287,423;67
9288,423;64
9289,423;5564
9290,423;5925
9291,423;66
9292,423;59
9293,423;67
9294,374;61
9295,374;5240
9296,374;5946
9297,374;49
9298,374;65
9299,374;58
9300,374;69
9301,374;5497
9302,374;5903
9303,374;78
9304,374;70
9305,374;67
9306,374;66
9307,374;5558
9308,374;5902
9309,374;64
9310,374;64
9311,374;76
9312,374;68
9313,374;5547
9314,374;5912
9315,374;66
9316,374;70
9317,374;68
9318,374;85
9319,374;5570
9320,374;5936
9321,374;53
9322,374;74
9323,374;68
9324,374;76
9325,374;5562
9326,374;5918
9327,374;56
9328,374;78
9329,374;77
9330,374;73
9331,374;5613
9332,374;5950
9333,374;77
9334,374;63
9335,374;73
9336,374;80
9337,374;5560
9338,374;5935
9339,374;70
9340,374;83
9341,374;95
9342,374;71
9343,374;5571
9344,374;5928
9345,374;66
9346,374;80
9347,374;75
9348,374;70
9349,374;5565
9350,374;5914
9351,374;68
9352,374;70
9353,374;72
9354,374;71
9355,374;5554
9356,374;5940
9357,374;54
9358,374;75
9359,374;79
9360,374;80
9361,374;5577
9362,374;5935
9363,374;63
9364,374;81
9365,374;78
9366,374;93
9367,374;5551
9368,374;5913
9369,374;64
9370,374;75
9371,374;76
9372,374;86
9373,374;5574
9374,374;5928
9375,374;70
9376,374;68
9377,374;78
9378,374;78
9379,374;5550
9380,374;5908
9381,374;82
9382,374;71
9383,374;55
9384,374;74
9385,374;5546
9386,374;5925
9387,374;72
9388,374;64
9389,374;68
9390,374;68
9391,374;5565
9392,374;5914
9393,374;77
9394,374;79
9395,374;60
9396,374;75
9397,374;5562
9398,374;5958
9399,374;78
9400,374;87
9401,374;72
9402,374;66
9403,374;5569
9404,374;5935
9405,374;74
9406,374;68
9407,374;84
9408,374;70
9409,374;5573
9410,374;5917
9411,374;83
9412,374;84
9413,374;66
9414,374;84
9415,374;5661
9416,374;5813
9417,374;67
9418,374;68
9419,374;59
9420,374;86
9421,374;5540
9422,374;5934
9423,374;62
9424,374;70
9425,374;63
9426,374;67
9427,374;5548
9428,374;5928
9429,374;65
9430,374;71
9431,374;65
9432,374;73
9433,374;5521
9434,374;5933
9435,374;72
9436,374;68
9437,374;59
9438,374;63
9439,374;5541
9440,374;5975
9441,374;72
9442,374;55
9443,374;95
9444,374;60
9445,374;5540
9446,374;5947
9447,374;67
9448,374;63
9449,374;60
9450,374;73
9451,374;5545
9452,374;5974
9453,374;69
9454,374;80
9455,374;70
9456,374;67
9457,374;5538
9458,374;5963
9459,374;68
9460,374;55
9461,374;81
9462,374;72
9463,374;5546
9464,374;5952
9465,374;62
9466,374;69
9467,374;91
9468,374;65
9469,374;5555
9470,374;5958
9471,374;68
9472,374;92
9473,374;63
9474,374;44
9475,374;5527
9476,374;5942
9477,374;60
9478,374;68
9479,374;66
9480,374;76
9481,374;5538
9482,374;5917
9483,374;70
9484,374;69
9485,374;73
9486,374;93
9487,374;5523
9488,374;5938
9489,374;65
9490,374;90
9491,374;67
9492,374;70
9493,374;5531
9494,374;5957
9495,374;67
9496,352;58
9497,352;84
9498,352;60
9499,352;5549
9500,352;5940
9501,352;65
9502,352;66
9503,352;75
9504,352;70
9505,352;5530
9506,352;5960
9507,352;70
9508,352;68
9509,352;67
9510,352;59
9511,352;5524
9512,352;5928
9513,352;68
9514,352;64
9515,352;78
9516,352;62
9517,352;5523
9518,352;5960
9519,352;64
9520,352;78
9521,352;64
9522,352;59
9523,352;5543
9524,352;5929
9525,352;67
9526,352;71
9527,352;79
9528,352;75
9529,352;5535
9530,352;5926
9531,352;66
9532,352;77
9533,352;60
9534,352;59
9535,352;5568
9536,352;5878
9537,352;49
9538,352;80
9539,352;67
9540,352;66
9541,352;5490
9542,352;5960
9543,352;77
9544,352;87
9545,352;70
9546,352;68
9547,352;5533
9548,352;5961
9549,352;78
9550,352;71
9551,352;74
9552,352;81
9553,352;5524
9554,352;5942
9555,352;63
9556,352;57
9557,352;70
9558,352;70
9559,352;5522
9560,352;5970
9561,352;65
9562,352;75
9563,352;64
9564,352;65
9565,352;5524
9566,352;5937
9567,352;65
9568,352;61
9569,352;65
9570,352;72
9571,352;5513
9572,352;5936
9573,352;58
9574,352;69
9575,352;65
9576,352;65
9577,352;5488
9578,352;5961
9579,352;62
9580,352;62
9581,352;75
9582,352;67
9583,352;5474
9584,352;5944
9585,352;63
9586,352;51
9587,352;59
9588,352;65
9589,352;5525
9590,352;5952
9591,352;53
9592,352;61
9593,352;70
9594,352;64
9595,352;5488
9596,352;5964
9597,342;57
9598,342;72
9599,342;59
9600,342;65
9601,342;5511
9602,342;5963
9603,342;57
9604,342;68
9605,342;78
9606,342;67
9607,342;5151
9608,342;5968
9609,342;53
9610,342;75
9611,342;77
9612,342;63
9613,342;5427
9614,342;5961
9615,342;66
9616,342;49
9617,342;64
9618,342;75
9619,342;5497
9620,342;5948
9621,342;57
9622,342;69
9623,342;60
9624,342;56
9625,342;5500
9626,342;5938
9627,342;56
9628,342;66
9629,342;65
9630,342;74
9631,342;5546
9632,342;5908
9633,342;72
9634,342;65
9635,342;75
9636,342;56
9637,342;5500
9638,342;5950
9639,342;54
9640,342;52
9641,342;61
9642,342;55
9643,342;5554
9644,342;5914
9645,342;69
9646,342;58
9647,342;60
9648,342;95
9649,342;5483
9650,342;5958
9651,342;73
9652,342;74
9653,342;69
9654,342;63
9655,342;5508
9656,342;5984
9657,342;57
9658,342;71
9659,342;81
9660,342;74
9661,342;5509
9662,342;5974
9663,342;72
9664,342;76
9665,342;66
9666,342;67
9667,342;5488
9668,342;5967
9669,342;65
9670,342;56
9671,342;66
9672,342;61
9673,342;5505
9674,342;5978
9675,342;67
9676,342;63
9677,342;74
9678,342;67
9679,342;5501
9680,342;5974
9681,342;64
9682,342;60
9683,342;63
9684,342;75
9685,342;5494
9686,342;5961
9687,342;68
9688,342;70
9689,342;53
9690,342;63
9691,342;5495
9692,342;5987
9693,342;73
9694,342;72
9695,342;75
9696,342;61
9697,342;5463
9698,289;5951
9699,289;76
9700,289;71
9701,289;70
9702,289;67
9703,289;5500
9704,289;5967
9705,289;63
9706,289;78
9707,289;80
9708,289;70
9709,289;5508
9710,289;5990
9711,289;41
9712,289;56
9713,289;65
9714,289;65
9715,289;5520
9716,289;5967
9717,289;77
9718,289;65
9719,289;84
9720,289;64
9721,289;5506
9722,289;5964
9723,289;56
9724,289;60
9725,289;65
9726,289;78
9727,289;5501
9728,289;5983
9729,289;72
9730,289;73
9731,289;66
9732,289;75
9733,289;5506
9734,289;5955
9735,289;72
9736,289;63
9737,289;71
9738,289;60
9739,289;5497
9740,289;5976
9741,289;71
9742,289;71
9743,289;72
9744,289;82
9745,289;5465
9746,289;5984
9747,289;66
9748,289;76
9749,289;78
9750,289;68
9751,289;5485
9752,289;5978
9753,289;63
9754,289;69
9755,289;66
9756,289;71
9757,289;5504
9758,289;5996
9759,289;58
9760,289;69
9761,289;77
9762,289;92
9763,289;5484
9764,289;6004
9765,289;66
9766,289;71
9767,289;78
9768,289;88
9769,289;5470
9770,289;6017
9771,289;63
9772,289;80
9773,289;59
9774,289;75
9775,289;5564
9776,289;5948
9777,289;61
9778,289;65
9779,289;65
9780,289;72
9781,289;5486
9782,289;5990
9783,289;62
9784,289;71
9785,289;73
9786,289;82
9787,289;5610
9788,289;5843
9789,289;59
9790,289;60
9791,289;82
9792,289;78
9793,289;5502
9794,289;5992
9795,289;63
9796,289;91
9797,289;69
9798,289;75
9799,867;5510
9800,867;5993
9801,867;59
9802,867;78
9803,867;61
9804,867;58
9805,867;5497
9806,867;6011
9807,867;64
9808,867;62
9809,867;70
9810,867;78
9811,867;5488
9812,867;5991
9813,867;68
9814,867;68
9815,867;66
9816,867;80
9817,867;5492
9818,867;5984
9819,867;73
9820,867;70
9821,867;71
9822,867;98
9823,867;5488
9824,867;6000
9825,867;73
9826,867;69
9827,867;67
9828,867;78
9829,867;5501
9830,867;5983
9831,867;85
9832,867;77
9833,867;66
9834,867;72
9835,867;5510
9836,867;5967
9837,867;79
9838,867;66
9839,867;77
9840,867;69
9841,867;5489
9842,867;5998
9843,867;70
9844,867;55
9845,867;86
9846,867;82
9847,867;5509
9848,867;5997
9849,867;71
9850,867;74
9851,867;80
9852,867;68
9853,867;5466
9854,867;6021
9855,867;71
9856,867;74
9857,867;84
9858,867;74
9859,867;5511
9860,867;6020
9861,867;86
9862,867;88
9863,867;82
9864,867;84
9865,867;5476
9866,867;5985
9867,867;67
9868,867;94
9869,867;68
9870,867;71
9871,867;5495
9872,867;5999
9873,867;78
9874,867;83
9875,867;82
9876,867;78
9877,867;5479
9878,867;6008
9879,867;75
9880,867;86
9881,867;74
9882,867;71
9883,867;5493
9884,867;6016
9885,867;75
9886,867;57
9887,867;60
9888,867;80
9889,867;5488
9890,867;6033
9891,867;80
9892,867;65
9893,867;70
9894,867;80
9895,867;5496
9896,867;5985
9897,867;80
9898,867;60
9899,867;84
9900,045;77
9901,045;5512
9902,045;5998
9903,045;60
9904,045;66
9905,045;64
9906,045;68
9907,045;5479
9908,045;5994
9909,045;68
9910,045;64
9911,045;58
9912,045;86
9913,045;5474
9914,045;5994
9915,045;63
9916,045;64
9917,045;67
9918,045;67
9919,045;5130
9920,045;6040
9921,045;73
9922,045;71
9923,045;73
9924,045;62
9925,045;5403
9926,045;5990
9927,045;74
9928,045;64
9929,045;78
9930,045;64
9931,045;5492
9932,045;6030
9933,045;75
9934,045;70
9935,045;60
9936,045;70
9937,045;5469
9938,045;6017
9939,045;64
9940,045;78
9941,045;83
9942,045;73
9943,045;5454
9944,045;6008
9945,045;92
9946,045;66
9947,045;70
9948,045;74
9949,045;5485
9950,045;5994
9951,045;48
9952,045;66
9953,045;71
9954,045;71
9955,045;5513
9956,045;6005
9957,045;65
9958,045;82
9959,045;74
9960,045;86
9961,045;5491
9962,045;6018
9963,045;58
9964,045;68
9965,045;81
9966,045;82
9967,045;5491
9968,045;6003
9969,045;63
9970,045;82
9971,045;64
9972,045;71
9973,045;5482
9974,045;6013
9975,045;89
9976,045;70
9977,045;63
9978,045;69
9979,045;5471
9980,045;6019
9981,045;63
9982,045;77
9983,045;73
9984,045;71
9985,045;5490
9986,045;6006
9987,045;76
9988,045;69
9989,045;83
9990,045;63
9991,045;5478
9992,045;6029
9993,045;74
9994,045;66
9995,045;82
9996,045;65
9997,045;5483
9998,045;5998
9999,045;62
10000,045;75
10001,045;69
10002,045;93
10003,045;5475
10004,045;6032
10005,045;85
10006,045;56
10007,045;73
10008,045;82
10009,045;5471
10010,045;6037
10011,045;77
10012,045;76
10013,045;81
10014,045;82
10015,045;5465
10016,045;6034
10017,045;63
10018,045;75
10019,045;93
10020,045;97
10021,045;5470
10022,045;6009
10023,045;68
10024,045;75
10025,045;77
10026,045;69
10027,045;5465
10028,045;6009
10029,045;73
10030,045;74
10031,045;56
10032,045;71
10033,045;5459
10034,045;6047
10035,045;70
10036,045;70
10037,045;78
10038,045;81
10039,045;5478
10040,045;6034
10041,045;73
10042,045;86
10043,045;86
10044,045;73
10045,045;5437
10046,045;6034
10047,045;75
10048,045;73
10049,045;80
10050,045;81
10051,045;5446
10052,045;6016
10053,045;60
10054,045;69
10055,045;65
10056,045;72
10057,045;5447
10058,045;6031
10059,045;72
10060,045;70
10061,045;63
10062,045;74
10063,045;5470
10064,045;5990
10065,045;70
10066,045;66
10067,045;71
10068,045;65
10069,045;5480
10070,045;5979
10071,045;67
10072,045;59
10073,045;86
10074,045;80
10075,045;5557
10076,045;5927
10077,045;78
10078,045;67
10079,045;65
10080,045;68
10081,045;5442
10082,045;6025
10083,045;53
10084,045;67
10085,045;64
10086,045;60
10087,045;5538
10088,045;5948
10089,045;55
10090,045;63
10091,045;81
10092,045;66
10093,045;5434
10094,045;6026
10095,045;67
10096,045;62
10097,045;77
10098,045;79
10099,045;5418
10100,045;6022
10101,045;59
10102,87;68
10103,87;65
10104,87;74
10105,87;5432
10106,87;6032
10107,87;64
10108,87;79
10109,87;65
10110,87;72
10111,87;5472
10112,87;6009
10113,87;59
10114,87;74
10115,87;75
10116,87;74
10117,87;5425
10118,87;6028
10119,87;73
10120,87;63
10121,87;73
10122,87;67
10123,87;5463
10124,87;6031
10125,87;70
10126,87;73
10127,87;86
10128,87;65
10129,87;5445
10130,87;6033
10131,87;60
10132,87;56
10133,87;73
10134,87;60
10135,87;5466
10136,87;6039
10137,87;59
10138,87;72
10139,87;69
10140,87;82
10141,87;5433
10142,87;6063
10143,87;59
10144,87;75
10145,87;72
10146,87;63
10147,87;5433
10148,87;6048
10149,87;72
10150,87;87
10151,87;61
10152,87;84
10153,87;5412
10154,87;6021
10155,87;62
10156,87;59
10157,87;82
10158,87;77
10159,87;5423
10160,87;6022
10161,87;68
10162,87;60
10163,87;73
10164,87;76
10165,87;5410
10166,87;6047
10167,87;66
10168,87;70
10169,87;75
10170,87;68
10171,87;5437
10172,87;6050
10173,87;59
10174,87;62
10175,87;67
10176,87;70
10177,87;5420
10178,87;6020
10179,87;65
10180,87;73
10181,87;65
10182,87;86
10183,87;5421
10184,87;6023
10185,87;75
10186,87;70
10187,87;57
10188,87;80
10189,87;5406
10190,87;6033
10191,87;65
10192,87;64
10193,87;61
10194,87;68
10195,87;5400
10196,87;6055
10197,87;59
10198,87;65
10199,87;67
10200,87;67
10201,87;5427
10202,87;6053
10202,767;61
10203,767;46
10204,767;73
10205,767;63
10206,767;5408
10207,767;6033
10208,767;56
10209,767;81
10210,767;72
10211,767;72
10212,767;5417
10213,767;6021
10214,767;71
10215,767;67
10216,767;60
10217,767;76
10218,767;5420
10219,767;6062
10220,767;57
10221,767;63
10222,767;64
10223,767;67
10224,767;5408
10225,767;6061
10226,767;67
10227,767;67
10228,767;64
10229,767;58
10230,767;5078
10231,767;6082
10232,767;62
10233,767;58
10234,767;64
10235,767;73
10236,767;5355
10237,767;6054
10238,767;76
10239,767;64
10240,767;64
10241,767;53
10242,767;5420
10243,767;6037
10244,767;73
10245,767;78
10246,767;68
10247,767;59
10248,767;5431
10249,767;6058
10250,767;65
10251,767;69
10252,767;54
10253,767;61
10254,767;5429
10255,767;6047
10256,767;65
10257,767;73
10258,767;62
10259,767;67
10260,767;5430
10261,767;6051
10262,767;69
10263,767;64
10264,767;67
10265,767;67
10266,767;5397
10267,767;6061
10268,767;54
10269,767;67
10270,767;66
10271,767;86
10272,767;5404
10273,767;6031
10274,767;68
10275,767;62
10276,767;75
10277,767;60
10278,767;5423
10279,767;6036
10280,767;51
10281,767;70
10282,767;64
10283,767;78
10284,767;5392
10285,767;6073
10286,767;69
10287,767;60
10288,767;54
10289,767;81
10290,767;5405
10291,767;6096
10292,767;66
10293,767;66
10294,767;80
10295,767;74
10296,767;5409
10297,767;6061
10298,767;74
10299,767;69
10300,767;59
10301,767;65
10302,767;5404
10304,585;6079
10305,585;77
10306,585;72
10307,585;72
10308,585;83
10309,585;5406
10310,585;6052
10311,585;69
10312,585;58
10313,585;66
10314,585;66
10315,585;5404
10316,585;6081
10317,585;65
10318,585;66
10319,585;79
10320,585;75
10321,585;5424
10322,585;6062
10323,585;64
10324,585;73
10325,585;84
10326,585;74
10327,585;5402
10328,585;6055
10329,585;78
10330,585;61
10331,585;75
10332,585;64
10333,585;5397
10334,585;6080
10335,585;72
10336,585;64
10337,585;82
10338,585;76
10339,585;5455
10340,585;6026
10341,585;67
10342,585;71
10343,585;64
10344,585;87
10345,585;5381
10346,585;6092
10347,585;67
10348,585;81
10349,585;70
10350,585;70
10351,585;5390
10352,585;6052
10353,585;81
10354,585;76
10355,585;62
10356,585;74
10357,585;5399
10358,585;6049
10359,585;61
10360,585;50
10361,585;75
10362,585;73
10363,585;5398
10364,585;6073
10365,585;70
10366,585;66
10367,585;71
10368,585;73
10369,585;5383
10370,585;6064
10371,585;65
10372,585;64
10373,585;78
10374,585;88
10375,585;5400
10376,585;6060
10377,585;59
10378,585;69
10379,585;69
10380,585;65
10381,585;5425
10382,585;6098
10383,585;60
10384,585;88
10385,585;56
10386,585;75
10387,585;5407
10388,585;6089
10389,585;55
10390,585;66
10391,585;86
10392,585;78
10393,585;5401
10394,585;6051
10395,585;63
10396,585;70
10397,585;72
10398,585;75
10399,585;5392
10400,585;6054
10401,585;79
10402,585;77
10403,585;82
10404,585;88
10405,582;5390
10406,582;6078
10407,582;63
10408,582;73
10409,582;66
10410,582;76
10411,582;5396
10412,582;6081
10413,582;63
10414,582;71
10415,582;74
10416,582;65
10417,582;5408
10418,582;6099
10419,582;63
10420,582;69
10421,582;59
10422,582;69
10423,582;5388
10424,582;6076
10425,582;53
10426,582;69
10427,582;78
10428,582;61
10429,582;5375
10430,582;6083
10431,582;70
10432,582;63
10433,582;63
10434,582;93
10435,582;5420
10436,582;6090
10437,582;78
10438,582;76
10439,582;59
10440,582;84
10441,582;5429
10442,582;6097
10443,582;71
10444,582;72
10445,582;60
10446,582;58
10447,582;5383
10448,582;6083
10449,582;59
10450,582;82
10451,582;65
10452,582;67
10453,582;5414
10454,582;6079
10455,582;89
10456,582;72
10457,582;71
10458,582;68
10459,582;5407
10460,582;6064
10461,582;73
10462,582;65
10463,582;84
10464,582;68
10465,582;5401
10466,582;6086
10467,582;74
10468,582;67
10469,582;68
10470,582;74
10471,582;5407
10472,582;6102
10473,582;78
10474,582;68
10475,582;79
10476,582;67
10477,582;5397
10478,582;6086
10479,582;85
10480,582;64
10481,582;74
10482,582;82
10483,582;5408
10484,582;6081
10485,582;65
10486,582;86
10487,582;73
10488,582;84
10489,582;5392
10490,582;6089
10491,582;82
10492,582;77
10493,582;76
10494,582;81
10495,582;5421
10496,582;6079
10497,582;60
10498,582;66
10499,582;76
10500,582;73
10501,582;5395
10502,582;6112
10503,582;68
10504,582;82
10505,582;74
10506,582;88
10507,582;5395
10508,582;6097
10509,582;67
10510,582;63
10511,582;58
10512,582;86
10513,582;5400
10514,582;6087
10515,582;66
10516,582;89
10517,582;76
10518,582;68
10519,582;5400
10520,582;6076
10521,582;64
10522,582;69
10523,582;58
10524,582;61
10525,582;5403
10526,582;6083
10527,582;69
10528,582;62
10529,582;66
10530,582;81
10531,582;5474
10532,582;6022
10533,582;61
10534,582;68
10535,582;78
10536,582;64
10537,582;5413
10538,582;6090
10539,582;61
10540,582;74
10541,582;79
10542,582;76
10543,582;5029
10544,582;6107
10545,582;62
10546,582;68
10547,582;74
10548,582;84
10549,582;5324
10550,582;6085
10551,582;69
10552,582;72
10553,582;66
10554,582;68
10555,582;5399
10556,582;6084
10557,582;67
10558,582;86
10559,582;81
10560,582;73
10561,582;5389
10562,582;6114
10563,582;62
10564,582;69
10565,582;69
10566,582;76
10567,582;5406
10568,582;6092
10569,582;87
10570,582;67
10571,582;67
10572,582;59
10573,582;5387
10574,582;6095
10575,582;71
10576,582;61
10577,582;82
10578,582;75
10579,582;5398
10580,582;6082
10581,582;61
10582,582;60
10583,582;63
10584,582;74
10585,582;5395
10586,582;6102
10587,582;67
10588,582;60
10589,582;79
10590,582;67
10591,582;5401
10592,582;6093
10593,582;76
10594,582;67
10595,582;78
10596,582;86
10597,582;5391
10598,582;6109
10599,582;65
10600,582;74
10601,582;87
10602,582;80
10603,582;5399
10604,582;6099
10605,582;68
10606,582;80
10607,864;77
10608,864;79
10609,864;5493
10610,864;5991
10611,864;75
10612,864;67
10613,864;73
10614,864;81
10615,864;5382
10616,864;6113
10617,864;76
10618,864;61
10619,864;66
10620,864;86
10621,864;5377
10622,864;6113
10623,864;73
10624,864;66
10625,864;61
10626,864;62
10627,864;5394
10628,864;6100
10629,864;83
10630,864;69
10631,864;66
10632,864;83
10633,864;5350
10634,864;6121
10635,864;60
10636,864;62
10637,864;74
10638,864;92
10639,864;5361
10640,864;6126
10641,864;63
10642,864;73
10643,864;69
10644,864;79
10645,864;5379
10646,864;6127
10647,864;75
10648,864;58
10649,864;68
10650,864;73
10651,864;5370
10652,864;6119
10653,864;74
10654,864;75
10655,864;59
10656,864;80
10657,864;5351
10658,864;6102
10659,864;62
10660,864;60
10661,864;67
10662,864;63
10663,864;5387
10664,864;6111
10665,864;66
10666,864;76
10667,864;78
10668,864;64
10669,864;5370
10670,864;6138
10671,864;75
10672,864;89
10673,864;76
10674,864;81
10675,864;5366
10676,864;6092
10677,864;86
10678,864;73
10679,864;70
10680,864;81
10681,864;5353
10682,864;6119
10683,864;70
10684,864;63
10685,864;81
10686,864;68
10687,864;5394
10688,864;6110
10689,864;58
10690,864;69
10691,864;81
10692,864;67
10693,864;5358
10694,864;6131
10695,864;83
10696,864;69
10697,864;71
10698,864;76
10699,864;5379
10700,864;6122
10701,864;69
10702,864;83
10703,864;69
10704,864;69
10705,864;5334
10706,864;6139
10707,864;68
10708,609;72
10709,609;77
10710,609;76
10711,609;5341
10712,609;6133
10713,609;63
10714,609;82
10715,609;60
10716,609;64
10717,609;5340
10718,609;6112
10719,609;66
10720,609;67
10721,609;67
10722,609;65
10723,609;5346
10724,609;6138
10725,609;89
10726,609;65
10727,609;77
10728,609;84
10729,609;5350
10730,609;6113
10731,609;65
10732,609;78
10733,609;88
10734,609;59
10735,609;5379
10736,609;6114
10737,609;73
10738,609;58
10739,609;77
10740,609;77
10741,609;5350
10742,609;6117
10743,609;84
10744,609;61
10745,609;76
10746,609;66
10747,609;5343
10748,609;6130
10749,609;64
10750,609;67
10751,609;79
10752,609;80
10753,609;5374
10754,609;6130
10755,609;60
10756,609;69
10757,609;75
10758,609;73
10759,609;5333
10760,609;6157
10761,609;74
10762,609;80
10763,609;67
10764,609;76
10765,609;5314
10766,609;6133
10767,609;67
10768,609;59
10769,609;74
10770,609;94
10771,609;5312
10772,609;6133
10773,609;60
10774,609;74
10775,609;53
10776,609;85
10777,609;5359
10778,609;6134
10779,609;73
10780,609;60
10781,609;62
10782,609;59
10783,609;5341
10784,609;6123
10785,609;72
10786,609;59
10787,609;75
10788,609;57
10789,609;5335
10790,609;6125
10791,609;56
10792,609;56
10793,609;85
10794,609;71
10795,609;5323
10796,609;6116
10797,609;73
10798,609;70
10799,609;67
10800,609;76
10801,609;5323
10802,609;6125
10803,609;70
10804,609;72
10805,609;80
10806,609;74
10807,609;5313
10808,609;6148
10809,887;62
10810,887;74
10811,887;52
10812,887;66
10813,887;5339
10814,887;6138
10815,887;57
10816,887;63
10817,887;52
10818,887;82
10819,887;5334
10820,887;6139
10821,887;62
10822,887;65
10823,887;61
10824,887;68
10825,887;5350
10826,887;6134
10827,887;55
10828,887;88
10829,887;55
10830,887;55
10831,887;5320
10832,887;6130
10833,887;65
10834,887;77
10835,887;71
10836,887;63
10837,887;5334
10838,887;6122
10839,887;58
10840,887;76
10841,887;62
10842,887;51
10843,887;5331
10844,887;6146
10845,887;60
10846,887;75
10847,887;54
10848,887;77
10849,887;5336
10850,887;6134
10851,887;59
10852,887;71
10853,887;71
10854,887;60
10855,887;4969
10856,887;6154
10857,887;49
10858,887;73
10859,887;67
10860,887;59
10861,887;5265
10862,887;6155
10863,887;72
10864,887;55
10865,887;69
10866,887;53
10867,887;5285
10868,887;6136
10869,887;49
10870,887;50
10871,887;69
10872,887;80
10873,887;5326
10874,887;6148
10875,887;57
10876,887;53
10877,887;70
10878,887;68
10879,887;5316
10880,887;6148
10881,887;70
10882,887;65
10883,887;62
10884,887;53
10885,887;5333
10886,887;6137
10887,887;67
10888,887;69
10889,887;58
10890,887;67
10891,887;5309
10892,887;6124
10893,887;63
10894,887;68
10895,887;53
10896,887;62
10897,887;5322
10898,887;6183
10899,887;65
10900,887;74
10901,887;70
10902,887;62
10903,887;5321
10904,887;6138
10905,887;61
10906,887;70
10907,887;59
10908,887;61
10909,887;5307
10909,698;6137
10910,698;80
10911,698;59
10912,698;62
10913,698;73
10914,698;5326
10915,698;6136
10916,698;49
10917,698;60
10918,698;74
10919,698;72
10920,698;5329
10921,698;6137
10922,698;72
10923,698;59
10924,698;59
10925,698;71
10926,698;5293
10927,698;6143
10928,698;72
10929,698;70
10930,698;66
10931,698;69
10932,698;5318
10933,698;6151
10934,698;63
10935,698;66
10936,698;87
10937,698;75
10938,698;5308
10939,698;6164
10940,698;67
10941,698;68
10942,698;61
10943,698;64
10944,698;5330
10945,698;6134
10946,698;74
10947,698;70
10948,698;60
10949,698;75
10950,698;5345
10951,698;6166
10952,698;65
10953,698;73
10954,698;73
10955,698;60
10956,698;5343
10957,698;6157
10958,698;63
10959,698;64
10960,698;72
10961,698;81
10962,698;5316
10963,698;6161
10964,698;74
10965,698;56
10966,698;58
10967,698;64
10968,698;5321
10969,698;6125
10970,698;68
10971,698;74
10972,698;68
10973,698;79
10974,698;5308
10975,698;6168
10976,698;65
10977,698;73
10978,698;71
10979,698;82
10980,698;5311
10981,698;6164
10982,698;60
10983,698;80
10984,698;73
10985,698;66
10986,698;5287
10987,698;6167
10988,698;69
10989,698;71
10990,698;69
10991,698;52
10992,698;5284
10993,698;6166
10994,698;66
10995,698;62
10996,698;59
10997,698;76
10998,698;5290
10999,698;6145
11000,698;66
11001,698;82
11002,698;81
11003,698;64
11004,698;5301
11005,698;6167
11006,698;65
11007,698;76
11008,698;88
11009,698;72
11010,698;5316
11011,698;6189
11012,698;89
11013,698;68
11014,698;66
11015,698;92
11016,698;5316
11017,698;6168
11018,698;66
11019,698;71
11020,698;58
11021,698;80
11022,698;5285
11023,698;6192
11024,698;62
11025,698;81
11026,698;70
11027,698;74
11028,698;5303
11029,698;6181
11030,698;70
11031,698;70
11032,698;86
11033,698;80
11034,698;5285
11035,698;6181
11036,698;41
11037,698;69
11038,698;71
11039,698;81
11040,698;5298
11041,698;6169
11042,698;64
11043,698;63
11044,698;63
11045,698;81
11046,698;5306
11047,698;6169
11048,698;72
11049,698;81
11050,698;72
11051,698;68
11052,698;5308
11053,698;6175
11054,698;72
11055,698;66
11056,698;80
11057,698;81
11058,698;5311
11059,698;6161
11060,698;74
11061,698;73
11062,698;71
11063,698;68
11064,698;5305
11065,698;6198
11066,698;55
11067,698;64
11068,698;80
11069,698;73
11070,698;5313
11071,698;6194
11072,698;60
11073,698;61
11074,698;77
11075,698;74
11076,698;5333
11077,698;6162
11078,698;78
11079,698;68
11080,698;87
11081,698;66
11082,698;5330
11083,698;6183
11084,698;71
11085,698;66
11086,698;85
11087,698;80
11088,698;5309
11089,698;6214
11090,698;74
11091,698;72
11092,698;81
11093,698;66
11094,698;5294
11095,698;6212
11096,698;63
11097,698;77
11098,698;84
11099,698;70
11100,698;5337
11101,698;6196
11102,698;79
11103,698;62
11104,698;66
11105,698;76
11106,698;5319
11107,698;6193
11108,698;73
11109,698;74
11110,698;71
11112,621;60
11113,621;5331
11114,621;6120
11115,621;62
11116,621;59
11117,621;74
11118,621;89
11119,621;5320
11120,621;6163
11121,621;61
11122,621;61
11123,621;60
11124,621;82
11125,621;5293
11126,621;6198
11127,621;68
11128,621;78
11129,621;53
11130,621;65
11131,621;5312
11132,621;6196
11133,621;65
11134,621;74
11135,621;60
11136,621;74
11137,621;5303
11138,621;6198
11139,621;73
11140,621;67
11141,621;62
11142,621;78
11143,621;5284
11144,621;6203
11145,621;68
11146,621;70
11147,621;71
11148,621;73
11149,621;5338
11150,621;6181
11151,621;55
11152,621;70
11153,621;73
11154,621;69
11155,621;5295
11156,621;6215
11157,621;82
11158,621;68
11159,621;68
11160,621;84
11161,621;5299
11162,621;6186
11163,621;91
11164,621;91
11165,621;70
11166,621;84
11167,621;4957
11168,621;6214
11169,621;69
11170,621;66
11171,621;70
11172,621;76
11173,621;5212
11174,621;6203
11175,621;80
11176,621;73
11177,621;75
11178,621;70
11179,621;5275
11180,621;6204
11181,621;74
11182,621;80
11183,621;57
11184,621;80
11185,621;5292
11186,621;6194
11187,621;45
11188,621;81
11189,621;65
11190,621;82
11191,621;5307
11192,621;6185
11193,621;74
11194,621;86
11195,621;69
11196,621;64
11197,621;5301
11198,621;6192
11199,621;76
11200,621;76
11201,621;79
11202,621;57
11203,621;5311
11204,621;6210
11205,621;92
11206,621;69
11207,621;67
11208,621;80
11209,621;5294
11210,621;6187
11211,621;60
11212,621;73
11213,079;54
11214,079;84
11215,079;5290
11216,079;6215
11217,079;77
11218,079;71
11219,079;79
11220,079;64
11221,079;5269
11222,079;6192
11223,079;60
11224,079;69
11225,079;80
11226,079;87
11227,079;5280
11228,079;6219
11229,079;73
11230,079;80
11231,079;56
11232,079;75
11233,079;5263
11234,079;6197
11235,079;70
11236,079;68
11237,079;75
11238,079;78
11239,079;5309
11240,079;6198
11241,079;68
11242,079;62
11243,079;64
11244,079;88
11245,079;5287
11246,079;6221
11247,079;70
11248,079;76
11249,079;75
11250,079;76
11251,079;5264
11252,079;6212
11253,079;62
11254,079;77
11255,079;70
11256,079;81
11257,079;5272
11258,079;6195
11259,079;73
11260,079;89
11261,079;83
11262,079;75
11263,079;5286
11264,079;6200
11265,079;66
11266,079;76
11267,079;81
11268,079;74
11269,079;5271
11270,079;6194
11271,079;82
11272,079;63
11273,079;76
11274,079;81
11275,079;5268
11276,079;6191
11277,079;77
11278,079;73
11279,079;66
11280,079;70
11281,079;5275
11282,079;6217
11283,079;64
11284,079;78
11285,079;79
11286,079;71
11287,079;5315
11288,079;6211
11289,079;62
11290,079;65
11291,079;76
11292,079;65
11293,079;5252
11294,079;6198
11295,079;64
11296,079;68
11297,079;83
11298,079;76
11299,079;5267
11300,079;6232
11301,079;78
11302,079;50
11303,079;86
11304,079;77
11305,079;5271
11306,079;6204
11307,079;64
11308,079;82
11309,079;70
11310,079;73
11311,079;5262
11312,079;6194
11313,079;63
11314,434;65
11315,434;80
11316,434;89
11317,434;5257
11318,434;6176
11319,434;69
11320,434;74
11321,434;66
11322,434;82
11323,434;5231
11324,434;6209
11325,434;71
11326,434;70
11327,434;66
11328,434;71
11329,434;5249
11330,434;6189
11331,434;62
11332,434;79
11333,434;66
11334,434;89
11335,434;5251
11336,434;6200
11337,434;59
11338,434;75
11339,434;72
11340,434;62
11341,434;5263
11342,434;6191
11343,434;75
11344,434;57
11345,434;75
11346,434;75
11347,434;5255
11348,434;6214
11349,434;77
11350,434;56
11351,434;64
11352,434;87
11353,434;5263
11354,434;6206
11355,434;66
11356,434;76
11357,434;57
11358,434;60
11359,434;5253
11360,434;6220
11361,434;73
11362,434;55
11363,434;80
11364,434;67
11365,434;5253
11366,434;6204
11367,434;60
11368,434;62
11369,434;70
11370,434;61
11371,434;5239
11372,434;6230
11373,434;73
11374,434;82
11375,434;65
11376,434;65
11377,434;5245
11378,434;6203
11379,434;63
11380,434;73
11381,434;61
11382,434;77
11383,434;5242
11384,434;6232
11385,434;82
11386,434;63
11387,434;75
11388,434;71
11389,434;5256
11390,434;6237
11391,434;53
11392,434;64
11393,434;84
11394,434;62
11395,434;5313
11396,434;6160
11397,434;76
11398,434;77
11399,434;80
11400,434;76
11401,434;5300
11402,434;6167
11403,434;69
11404,434;61
11405,434;64
11406,434;84
11407,434;5347
11408,434;6107
11409,434;72
11410,434;70
11411,434;65
11412,434;75
11413,434;5337
11414,434;6130
11414,984;59
11415,984;67
11416,984;58
11417,984;61
11418,984;5237
11419,984;6231
11420,984;73
11421,984;71
11422,984;79
11423,984;60
11424,984;5245
11425,984;6246
11426,984;90
11427,984;63
11428,984;49
11429,984;83
11430,984;5237
11431,984;6208
11432,984;59
11433,984;69
11434,984;74
11435,984;57
11436,984;5238
11437,984;6207
11438,984;73
11439,984;61
11440,984;66
11441,984;69
11442,984;5299
11443,984;6167
11444,984;49
11445,984;76
11446,984;64
11447,984;70
11448,984;5228
11449,984;6208
11450,984;72
11451,984;55
11452,984;76
11453,984;73
11454,984;5238
11455,984;6218
11456,984;61
11457,984;63
11458,984;73
11459,984;75
11460,984;5237
11461,984;6223
11462,984;61
11463,984;56
11464,984;72
11465,984;80
11466,984;5214
11467,984;6228
11468,984;61
11469,984;65
11470,984;69
11471,984;58
11472,984;5267
11473,984;6159
11474,984;51
11475,984;70
11476,984;70
11477,984;64
11478,984;4863
11479,984;6261
11480,984;56
11481,984;67
11482,984;70
11483,984;66
11484,984;5164
11485,984;6243
11486,984;68
11487,984;63
11488,984;64
11489,984;74
11490,984;5220
11491,984;6232
11492,984;75
11493,984;51
11494,984;56
11495,984;61
11496,984;5211
11497,984;6214
11498,984;55
11499,984;72
11500,984;68
11501,984;70
11502,984;5244
11503,984;6199
11504,984;59
11505,984;66
11506,984;73
11507,984;68
11508,984;5201
11509,984;6240
11510,984;71
11511,984;77
11512,984;66
11513,984;86
11514,984;5209
11516,819;6235
11517,819;68
11518,819;58
11519,819;65
11520,819;80
11521,819;5210
11522,819;6215
11523,819;72
11524,819;65
11525,819;71
11526,819;60
11527,819;5220
11528,819;6272
11529,819;59
11530,819;62
11531,819;61
11532,819;80
11533,819;5214
11534,819;6233
11535,819;76
11536,819;62
11537,819;63
11538,819;69
11539,819;5194
11540,819;6239
11541,819;50
11542,819;58
11543,819;76
11544,819;65
11545,819;5233
11546,819;6241
11547,819;68
11548,819;70
11549,819;70
11550,819;70
11551,819;5239
11552,819;6258
11553,819;71
11554,819;61
11555,819;70
11556,819;74
11557,819;5206
11558,819;6256
11559,819;68
11560,819;61
11561,819;81
11562,819;91
11563,819;5263
11564,819;6256
11565,819;51
11566,819;68
11567,819;76
11568,819;77
11569,819;5306
11570,819;6122
11571,819;62
11572,819;77
11573,819;74
11574,819;66
11575,819;5210
11576,819;6250
11577,819;74
11578,819;83
11579,819;78
11580,819;77
11581,819;5208
11582,819;6241
11583,819;69
11584,819;62
11585,819;62
11586,819;67
11587,819;5223
11588,819;6256
11589,819;73
11590,819;84
11591,819;81
11592,819;89
11593,819;5223
11594,819;6280
11595,819;66
11596,819;81
11597,819;79
11598,819;77
11599,819;5236
11600,819;6238
11601,819;57
11602,819;72
11603,819;81
11604,819;64
11605,819;5210
11606,819;6257
11607,819;62
11608,819;83
11609,819;78
11610,819;88
11611,819;5204
11612,819;6236
11613,819;85
11614,819;65
11615,819;72
11616,819;71
11617,819;5220
11618,819;6247
11619,819;68
11620,819;71
11621,819;55
11622,819;84
11623,819;5223
11624,819;6279
11625,819;63
11626,819;70
11627,819;69
11628,819;78
11629,819;5325
11630,819;6146
11631,819;75
11632,819;69
11633,819;64
11634,819;75
11635,819;5252
11636,819;6213
11637,819;60
11638,819;86
11639,819;70
11640,819;76
11641,819;5213
11642,819;6272
11643,819;78
11644,819;62
11645,819;64
11646,819;73
11647,819;5229
11648,819;6280
11649,819;63
11650,819;72
11651,819;61
11652,819;69
11653,819;5205
11654,819;6255
11655,819;76
11656,819;64
11657,819;65
11658,819;79
11659,819;5207
11660,819;6270
11661,819;73
11662,819;78
11663,819;72
11664,819;78
11665,819;5222
11666,819;6223
11667,819;69
11668,819;66
11669,819;88
11670,819;63
11671,819;5198
11672,819;6281
11673,819;66
11674,819;73
11675,819;72
11676,819;68
11677,819;5229
11678,819;6281
11679,819;72
11680,819;71
11681,819;67
11682,819;55
11683,819;5202
11684,819;6272
11685,819;60
11686,819;69
11687,819;65
11688,819;87
11689,819;5210
11690,819;6246
11691,819;74
11692,819;79
11693,819;77
11694,819;77
11695,819;5211
11696,819;6248
11697,819;65
11698,819;73
11699,819;60
11700,819;59
11701,819;5217
11702,819;6273
11703,819;73
11704,819;58
11705,819;68
11706,819;65
11707,819;5206
11708,819;6272
11709,819;74
11710,819;77
11711,819;80
11712,819;78
11713,819;5192
11714,819;6260
11715,819;76
11716,819;63
11717,819;67
11718,761;69
11719,761;5224
11720,761;6268
11721,761;63
11722,761;73
11723,761;85
11724,761;62
11725,761;5224
11726,761;6272
11727,761;84
11728,761;79
11729,761;80
11730,761;75
11731,761;5186
11732,761;6288
11733,761;64
11734,761;80
11735,761;76
11736,761;56
11737,761;5213
11738,761;6284
11739,761;47
11740,761;68
11741,761;94
11742,761;79
11743,761;5224
11744,761;6254
11745,761;82
11746,761;71
11747,761;83
11748,761;88
11749,761;5225
11750,761;6250
11751,761;71
11752,761;74
11753,761;45
11754,761;65
11755,761;5206
11756,761;6257
11757,761;77
11758,761;72
11759,761;71
11760,761;81
11761,761;5213
11762,761;6282
11763,761;79
11764,761;75
11765,761;85
11766,761;79
11767,761;5217
11768,761;6289
11769,761;75
11770,761;79
11771,761;72
11772,761;76
11773,761;5213
11774,761;6258
11775,761;80
11776,761;101
11777,761;86
11778,761;81
11779,761;5233
11780,761;6283
11781,761;57
11782,761;54
11783,761;69
11784,761;77
11785,761;5196
11786,761;6250
11787,761;63
11788,761;62
11789,761;65
11790,761;74
11791,761;4820
11792,761;6301
11793,761;72
11794,761;71
11795,761;79
11796,761;65
11797,761;5151
11798,761;6313
11799,761;63
11800,761;75
11801,761;91
11802,761;82
11803,761;5208
11804,761;6299
11805,761;81
11806,761;58
11807,761;75
11808,761;74
11809,761;5206
11810,761;6283
11811,761;76
11812,761;75
11813,761;76
11814,761;63
11815,761;5220
11816,761;6283
11817,761;66
11818,761;65
11819,643;72
11820,643;85
11821,643;5199
11822,643;6289
11823,643;64
11824,643;76
11825,643;66
11826,643;64
11827,643;5191
11828,643;6305
11829,643;77
11830,643;64
11831,643;76
11832,643;76
11833,643;5183
11834,643;6303
11835,643;62
11836,643;76
11837,643;76
11838,643;56
11839,643;5181
11840,643;6303
11841,643;88
11842,643;79
11843,643;80
11844,643;82
11845,643;5207
11846,643;6293
11847,643;56
11848,643;62
11849,643;70
11850,643;71
11851,643;5155
11852,643;6279
11853,643;81
11854,643;63
11855,643;60
11856,643;60
11857,643;5216
11858,643;6290
11859,643;79
11860,643;70
11861,643;84
11862,643;81
11863,643;5201
11864,643;6269
11865,643;60
11866,643;93
11867,643;73
11868,643;73
11869,643;5157
11870,643;6305
11871,643;76
11872,643;76
11873,643;73
11874,643;81
11875,643;5175
11876,643;6282
11877,643;60
11878,643;81
11879,643;89
11880,643;62
11881,643;5186
11882,643;6317
11883,643;74
11884,643;68
11885,643;84
11886,643;67
11887,643;5182
11888,643;6288
11889,643;61
11890,643;79
11891,643;71
11892,643;66
11893,643;5169
11894,643;6270
11895,643;71
11896,643;73
11897,643;80
11898,643;75
11899,643;5195
11900,643;6262
11901,643;65
11902,643;57
11903,643;73
11904,643;74
11905,643;5175
11906,643;6310
11907,643;87
11908,643;54
11909,643;76
11910,643;83
11911,643;5165
11912,643;6287
11913,643;76
11914,643;65
11915,643;67
11916,643;91
11917,643;5170
11918,643;6297
11919,643;55
11920,35;64
11921,35;84
11922,35;48
11923,35;5153
11924,35;6295
11925,35;67
11926,35;68
11927,35;74
11928,35;60
11929,35;5186
11930,35;6300
11931,35;57
11932,35;78
11933,35;81
11934,35;76
11935,35;5176
11936,35;6318
11937,35;61
11938,35;63
11939,35;69
11940,35;81
11941,35;5168
11942,35;6305
11943,35;77
11944,35;72
11945,35;77
11946,35;75
11947,35;5173
11948,35;6306
11949,35;67
11950,35;81
11951,35;69
11952,35;67
11953,35;5183
11954,35;6313
11955,35;77
11956,35;62
11957,35;66
11958,35;68
11959,35;5163
11960,35;6301
11961,35;69
11962,35;65
11963,35;58
11964,35;62
11965,35;5162
11966,35;6325
11967,35;75
11968,35;79
11969,35;94
11970,35;85
11971,35;5142
11972,35;6293
11973,35;61
11974,35;60
11975,35;72
11976,35;77
11977,35;5179
11978,35;6283
11979,35;88
11980,35;77
11981,35;64
11982,35;72
11983,35;5136
11984,35;6303
11985,35;72
11986,35;68
11987,35;74
11988,35;71
11989,35;5144
11990,35;6296
11991,35;59
11992,35;87
11993,35;62
11994,35;78
11995,35;5161
11996,35;6281
11997,35;71
11998,35;66
11999,35;75
12000,35;84
12001,35;5197
12002,35;6260
12003,35;64
12004,35;82
12005,35;73
12006,35;81
12007,35;5142
12008,35;6300
12009,35;67
12010,35;54
12011,35;65
12012,35;67
12013,35;5125
12014,35;6331
12015,35;60
12016,35;78
12017,35;67
12018,35;63
12019,35;5147
12020,35;6308
12021,408;72
12022,408;58
12023,408;67
12024,408;62
12025,408;5166
12026,408;6326
12027,408;56
12028,408;76
12029,408;77
12030,408;58
12031,408;5134
12032,408;6319
12033,408;66
12034,408;66
12035,408;77
12036,408;67
12037,408;5151
12038,408;6326
12039,408;67
12040,408;72
12041,408;66
12042,408;67
12043,408;5153
12044,408;6324
12045,408;72
12046,408;69
12047,408;71
12048,408;69
12049,408;5130
12050,408;6347
12051,408;55
12052,408;68
12053,408;69
12054,408;78
12055,408;5162
12056,408;6293
12057,408;70
12058,408;70
12059,408;68
12060,408;82
12061,408;5148
12062,408;6310
12063,408;68
12064,408;68
12065,408;73
12066,408;68
12067,408;5136
12068,408;6309
12069,408;61
12070,408;53
12071,408;66
12072,408;65
12073,408;5126
12074,408;6298
12075,408;67
12076,408;59
12077,408;82
12078,408;74
12079,408;5138
12080,408;6312
12081,408;59
12082,408;58
12083,408;58
12084,408;72
12085,408;5211
12086,408;6273
12087,408;64
12088,408;51
12089,408;71
12090,408;65
12091,408;5130
12092,408;6324
12093,408;56
12094,408;54
12095,408;73
12096,408;65
12097,408;5130
12098,408;6305
12099,408;71
12100,408;63
12101,408;61
12102,408;85
12103,408;4741
12104,408;6335
12105,408;44
12106,408;64
12107,408;71
12108,408;53
12109,408;5055
12110,408;6345
12111,408;62
12112,408;66
12113,408;62
12114,408;60
12115,408;5123
12116,408;6301
12117,408;63
12118,408;54
12119,408;62
12120,408;79
12121,408;5101
12122,408;6333
12123,408;64
12124,408;68
12125,408;68
12126,408;57
12127,408;5113
12128,408;6317
12129,408;51
12130,408;50
12131,408;66
12132,408;68
12133,408;5153
12134,408;6322
12135,408;65
12136,408;60
12137,408;85
12138,408;63
12139,408;5146
12140,408;6342
12141,408;62
12142,408;57
12143,408;79
12144,408;67
12145,408;5149
12146,408;6333
12147,408;48
12148,408;68
12149,408;68
12150,408;74
12151,408;5121
12152,408;6337
12153,408;68
12154,408;65
12155,408;67
12156,408;80
12157,408;5134
12158,408;6343
12159,408;66
12160,408;82
12161,408;85
12162,408;72
12163,408;5136
12164,408;6321
12165,408;75
12166,408;60
12167,408;67
12168,408;54
12169,408;5119
12170,408;6326
12171,408;54
12172,408;70
12173,408;56
12174,408;59
12175,408;5128
12176,408;6349
12177,408;81
12178,408;66
12179,408;46
12180,408;75
12181,408;5186
12182,408;6251
12183,408;63
12184,408;71
12185,408;77
12186,408;85
12187,408;5115
12188,408;6323
12189,408;68
12190,408;69
12191,408;74
12192,408;72
12193,408;5161
12194,408;6349
12195,408;62
12196,408;55
12197,408;76
12198,408;66
12199,408;5163
12200,408;6307
12201,408;77
12202,408;67
12203,408;74
12204,408;88
12205,408;5120
12206,408;6349
12207,408;71
12208,408;72
12209,408;71
12210,408;72
12211,408;5145
12212,408;6327
12213,408;71
12214,408;66
12215,408;70
12216,408;81
12217,408;5136
12218,408;6342
12219,408;75
12220,408;65
12221,408;73
12222,408;68
12223,848;5126
12224,848;6346
12225,848;55
12226,848;72
12227,848;62
12228,848;73
12229,848;5123
12230,848;6368
12231,848;74
12232,848;80
12233,848;57
12234,848;63
12235,848;5128
12236,848;6355
12237,848;73
12238,848;76
12239,848;71
12240,848;62
12241,848;5090
12242,848;6351
12243,848;58
12244,848;75
12245,848;70
12246,848;89
12247,848;5121
12248,848;6349
12249,848;65
12250,848;65
12251,848;70
12252,848;62
12253,848;5137
12254,848;6326
12255,848;78
12256,848;72
12257,848;76
12258,848;76
12259,848;5114
12260,848;6314
12261,848;76
12262,848;82
12263,848;81
12264,848;76
12265,848;5137
12266,848;6332
12267,848;70
12268,848;76
12269,848;84
12270,848;68
12271,848;5163
12272,848;6348
12273,848;71
12274,848;67
12275,848;66
12276,848;69
12277,848;5211
12278,848;6255
12279,848;76
12280,848;72
12281,848;77
12282,848;57
12283,848;5112
12284,848;6351
12285,848;62
12286,848;64
12287,848;79
12288,848;71
12289,848;5117
12290,848;6365
12291,848;67
12292,848;76
12293,848;81
12294,848;73
12295,848;5105
12296,848;6364
12297,848;61
12298,848;79
12299,848;79
12300,848;69
12301,848;5133
12302,848;6335
12303,848;77
12304,848;70
12305,848;76
12306,848;78
12307,848;5136
12308,848;6351
12309,848;77
12310,848;70
12311,848;86
12312,848;72
12313,848;5160
12314,848;6304
12315,848;62
12316,848;61
12317,848;75
12318,848;86
12319,848;5189
12320,848;6252
12321,848;59
12322,848;60
12323,848;82
12324,678;78
12325,678;5130
12326,678;6367
12327,678;77
12328,678;62
12329,678;94
12330,678;72
12331,678;5118
12332,678;6355
12333,678;80
12334,678;66
12335,678;76
12336,678;56
12337,678;5109
12338,678;6343
12339,678;66
12340,678;71
12341,678;73
12342,678;84
12343,678;5103
12344,678;6372
12345,678;81
12346,678;71
12347,678;79
12348,678;58
12349,678;5130
12350,678;6378
12351,678;81
12352,678;65
12353,678;74
12354,678;69
12355,678;5127
12356,678;6358
12357,678;82
12358,678;68
12359,678;78
12360,678;74
12361,678;5114
12362,678;6354
12363,678;66
12364,678;70
12365,678;63
12366,678;83
12367,678;5117
12368,678;6364
12369,678;73
12370,678;66
12371,678;54
12372,678;67
12373,678;5245
12374,678;6279
12375,678;62
12376,678;83
12377,678;68
12378,678;69
12379,678;5144
12380,678;6367
12381,678;72
12382,678;85
12383,678;49
12384,678;76
12385,678;5135
12386,678;6365
12387,678;64
12388,678;63
12389,678;80
12390,678;82
12391,678;5119
12392,678;6364
12393,678;75
12394,678;69
12395,678;79
12396,678;80
12397,678;5116
12398,678;6355
12399,678;68
12400,678;67
12401,678;76
12402,678;78
12403,678;5105
12404,678;6388
12405,678;62
12406,678;75
12407,678;79
12408,678;67
12409,678;5122
12410,678;6350
12411,678;85
12412,678;64
12413,678;74
12414,678;74
12415,678;4717
12416,678;6400
12417,678;76
12418,678;88
12419,678;69
12420,678;68
12421,678;5046
12422,678;6368
12423,678;61
12424,678;72
12425,47;71
12426,47;77
12427,47;5112
12428,47;6395
12429,47;65
12430,47;80
12431,47;80
12432,47;74
12433,47;5109
12434,47;6370
12435,47;67
12436,47;80
12437,47;85
12438,47;72
12439,47;5117
12440,47;6395
12441,47;69
12442,47;65
12443,47;73
12444,47;71
12445,47;5102
12446,47;6363
12447,47;60
12448,47;62
12449,47;94
12450,47;74
12451,47;5118
12452,47;6374
12453,47;68
12454,47;69
12455,47;79
12456,47;65
12457,47;5230
12458,47;6273
12459,47;64
12460,47;64
12461,47;81
12462,47;74
12463,47;5100
12464,47;6374
12465,47;72
12466,47;65
12467,47;62
12468,47;79
12469,47;5084
12470,47;6378
12471,47;60
12472,47;83
12473,47;77
12474,47;80
12475,47;5104
12476,47;6379
12477,47;74
12478,47;60
12479,47;75
12480,47;81
12481,47;5097
12482,47;6372
12483,47;78
12484,47;81
12485,47;68
12486,47;94
12487,47;5104
12488,47;6382
12489,47;76
12490,47;70
12491,47;84
12492,47;66
12493,47;5085
12494,47;6366
12495,47;69
12496,47;79
12497,47;75
12498,47;57
12499,47;5083
12500,47;6379
12501,47;92
12502,47;76
12503,47;67
12504,47;75
12505,47;5079
12506,47;6379
12507,47;77
12508,47;90
12509,47;80
12510,47;56
12511,47;5086
12512,47;6418
12513,47;68
12514,47;85
12515,47;82
12516,47;74
12517,47;5076
12518,47;6419
12519,47;68
12520,47;77
12521,47;84
12522,47;71
12523,47;5068
12524,47;6384
12525,47;62
12525,972;73
12526,972;81
12527,972;82
12528,972;5077
12529,972;6382
12530,972;55
12531,972;80
12532,972;82
12533,972;70
12534,972;5078
12535,972;6404
12536,972;81
12537,972;78
12538,972;74
12539,972;74
12540,972;5077
12541,972;6414
12542,972;54
12543,972;65
12544,972;73
12545,972;77
12546,972;5087
12547,972;6396
12548,972;66
12549,972;75
12550,972;61
12551,972;90
12552,972;5093
12553,972;6394
12554,972;63
12555,972;78
12556,972;85
12557,972;75
12558,972;5057
12559,972;6385
12560,972;61
12561,972;76
12562,972;84
12563,972;84
12564,972;5085
12565,972;6395
12566,972;64
12567,972;77
12568,972;74
12569,972;80
12570,972;5063
12571,972;6392
12572,972;56
12573,972;74
12574,972;56
12575,972;67
12576,972;5067
12577,972;6411
12578,972;73
12579,972;76
12580,972;60
12581,972;75
12582,972;5061
12583,972;6400
12584,972;56
12585,972;67
12586,972;68
12587,972;63
12588,972;5081
12589,972;6395
12590,972;72
12591,972;73
12592,972;78
12593,972;74
12594,972;5069
12595,972;6404
12596,972;67
12597,972;83
12598,972;71
12599,972;75
12600,972;5196
12601,972;6291
12602,972;83
12603,972;71
12604,972;63
12605,972;58
12606,972;5075
12607,972;6380
12608,972;77
12609,972;101
12610,972;72
12611,972;90
12612,972;5063
12613,972;6382
12614,972;59
12615,972;67
12616,972;80
12617,972;73
12618,972;5070
12619,972;6426
12620,972;70
12621,972;59
12622,972;83
12623,972;65
12624,972;5068
12625,972;6402
12626,972;73
12627,972;78
12628,972;68
12629,972;64
12630,972;5076
12631,972;6384
12632,972;71
12633,972;65
12634,972;69
12635,972;70
12636,972;5139
12637,972;6336
12638,972;57
12639,972;67
12640,972;62
12641,972;76
12642,972;5028
12643,972;6384
12644,972;68
12645,972;78
12646,972;71
12647,972;72
12648,972;5035
12649,972;6404
12650,972;63
12651,972;63
12652,972;60
12653,972;63
12654,972;5027
12655,972;6412
12656,972;56
12657,972;82
12658,972;62
12659,972;68
12660,972;5073
12661,972;6387
12662,972;53
12663,972;63
12664,972;66
12665,972;89
12666,972;5049
12667,972;6422
12668,972;67
12669,972;54
12670,972;68
12671,972;97
12672,972;5041
12673,972;6388
12674,972;60
12675,972;54
12676,972;64
12677,972;73
12678,972;5065
12679,972;6424
12680,972;68
12681,972;63
12682,972;67
12683,972;70
12684,972;5048
12685,972;6414
12686,972;66
12687,972;56
12688,972;71
12689,972;62
12690,972;5057
12691,972;6415
12692,972;63
12693,972;64
12694,972;58
12695,972;68
12696,972;5069
12697,972;6400
12698,972;67
12699,972;62
12700,972;62
12701,972;53
12702,972;5065
12703,972;6420
12704,972;61
12705,972;61
12706,972;58
12707,972;64
12708,972;5056
12709,972;6427
12710,972;76
12711,972;55
12712,972;85
12713,972;70
12714,972;5033
12715,972;6413
12716,972;62
12717,972;64
12718,972;77
12719,972;59
12720,972;5048
12721,972;6412
12722,972;56
12723,972;55
12724,972;61
12725,972;65
12726,972;4671
12728,266;6456
12729,266;70
12730,266;63
12731,266;58
12732,266;81
12733,266;4989
12734,266;6378
12735,266;61
12736,266;52
12737,266;67
12738,266;72
12739,266;5024
12740,266;6402
12741,266;66
12742,266;65
12743,266;60
12744,266;72
12745,266;5032
12746,266;6409
12747,266;51
12748,266;54
12749,266;51
12750,266;57
12751,266;5049
12752,266;6418
12753,266;69
12754,266;73
12755,266;65
12756,266;75
12757,266;5050
12758,266;6433
12759,266;71
12760,266;70
12761,266;61
12762,266;57
12763,266;5101
12764,266;6367
12765,266;70
12766,266;62
12767,266;68
12768,266;63
12769,266;5132
12770,266;6358
12771,266;55
12772,266;72
12773,266;64
12774,266;62
12775,266;5062
12776,266;6447
12777,266;66
12778,266;81
12779,266;81
12780,266;71
12781,266;5040
12782,266;6405
12783,266;53
12784,266;73
12785,266;69
12786,266;66
12787,266;5043
12788,266;6423
12789,266;59
12790,266;64
12791,266;53
12792,266;62
12793,266;5021
12794,266;6430
12795,266;76
12796,266;81
12797,266;66
12798,266;79
12799,266;5051
12800,266;6426
12801,266;77
12802,266;69
12803,266;78
12804,266;68
12805,266;5050
12806,266;6419
12807,266;67
12808,266;64
12809,266;71
12810,266;71
12811,266;5109
12812,266;6339
12813,266;56
12814,266;77
12815,266;73
12816,266;77
12817,266;5079
12818,266;6358
12819,266;62
12820,266;64
12821,266;85
12822,266;75
12823,266;5043
12824,266;6426
12825,266;70
12826,266;64
12827,266;88
12828,266;70
12828,461;5040
12829,461;6452
12830,461;77
12831,461;62
12832,461;64
12833,461;66
12834,461;5039
12835,461;6428
12836,461;76
12837,461;65
12838,461;74
12839,461;70
12840,461;5028
12841,461;6423
12842,461;62
12843,461;72
12844,461;70
12845,461;77
12846,461;5051
12847,461;6431
12848,461;66
12849,461;77
12850,461;70
12851,461;82
12852,461;5026
12853,461;6453
12854,461;73
12855,461;68
12856,461;82
12857,461;72
12858,461;5029
12859,461;6423
12860,461;63
12861,461;69
12862,461;71
12863,461;65
12864,461;5035
12865,461;6410
12866,461;73
12867,461;74
12868,461;62
12869,461;80
12870,461;5008
12871,461;6444
12872,461;69
12873,461;61
12874,461;86
12875,461;69
12876,461;5023
12877,461;6443
12878,461;61
12879,461;71
12880,461;77
12881,461;81
12882,461;5030
12883,461;6440
12884,461;65
12885,461;67
12886,461;61
12887,461;49
12888,461;4988
12889,461;6447
12890,461;69
12891,461;72
12892,461;75
12893,461;67
12894,461;5028
12895,461;6439
12896,461;69
12897,461;74
12898,461;65
12899,461;74
12900,461;5035
12901,461;6448
12902,461;57
12903,461;61
12904,461;59
12905,461;61
12906,461;5012
12907,461;6453
12908,461;61
12909,461;67
12910,461;81
12911,461;72
12912,461;5030
12913,461;6448
12914,461;71
12915,461;69
12916,461;79
12917,461;76
12918,461;5029
12919,461;6448
12920,461;75
12921,461;60
12922,461;57
12923,461;76
12924,461;5026
12925,461;6454
12926,461;51
12927,461;65
12928,461;79
12930,224;79
12931,224;5021
12932,224;6454
12933,224;75
12934,224;71
12935,224;67
12936,224;74
12937,224;5034
12938,224;6478
12939,224;84
12940,224;64
12941,224;82
12942,224;76
12943,224;5032
12944,224;6457
12945,224;59
12946,224;74
12947,224;80
12948,224;74
12949,224;5029
12950,224;6457
12951,224;81
12952,224;65
12953,224;72
12954,224;82
12955,224;5033
12956,224;6431
12957,224;67
12958,224;88
12959,224;76
12960,224;81
12961,224;5117
12962,224;6351
12963,224;75
12964,224;78
12965,224;72
12966,224;69
12967,224;5036
12968,224;6451
12969,224;81
12970,224;55
12971,224;68
12972,224;58
12973,224;5048
12974,224;6462
12975,224;58
12976,224;71
12977,224;60
12978,224;86
12979,224;5051
12980,224;6418
12981,224;69
12982,224;59
12983,224;66
12984,224;90
12985,224;5039
12986,224;6462
12987,224;58
12988,224;78
12989,224;80
12990,224;66
12991,224;5032
12992,224;6479
12993,224;67
12994,224;64
12995,224;70
12996,224;67
12997,224;5037
12998,224;6469
12999,224;73
13000,224;70
13001,224;77
13002,224;72
13003,224;5007
13004,224;6486
13005,224;83
13006,224;65
13007,224;85
13008,224;69
13009,224;5038
13010,224;6401
13011,224;75
13012,224;59
13013,224;73
13014,224;72
13015,224;4998
13016,224;6467
13017,224;59
13018,224;76
13019,224;79
13020,224;88
13021,224;5029
13022,224;6452
13023,224;64
13024,224;82
13025,224;63
13026,224;70
13027,224;5027
13028,224;6448
13029,224;78
13030,224;84
13031,855;75
13032,855;72
13033,855;5085
13034,855;6428
13035,855;70
13036,855;68
13037,855;87
13038,855;80
13039,855;4772
13040,855;6362
13041,855;71
13042,855;64
13043,855;63
13044,855;66
13045,855;5068
13046,855;6380
13047,855;60
13048,855;66
13049,855;66
13050,855;69
13051,855;5010
13052,855;6447
13053,855;67
13054,855;84
13055,855;58
13056,855;79
13057,855;5018
13058,855;6472
13059,855;68
13060,855;81
13061,855;80
13062,855;100
13063,855;5033
13064,855;6467
13065,855;82
13066,855;86
13067,855;72
13068,855;63
13069,855;5005
13070,855;6468
13071,855;71
13072,855;70
13073,855;77
13074,855;71
13075,855;5007
13076,855;6482
13077,855;75
13078,855;81
13079,855;65
13080,855;81
13081,855;5016
13082,855;6477
13083,855;76
13084,855;79
13085,855;84
13086,855;59
13087,855;5018
13088,855;6478
13089,855;86
13090,855;75
13091,855;65
13092,855;78
13093,855;5036
13094,855;6454
13095,855;61
13096,855;61
13097,855;82
13098,855;69
13099,855;4997
13100,855;6481
13101,855;60
13102,855;67
13103,855;76
13104,855;72
13105,855;5008
13106,855;6477
13107,855;59
13108,855;82
13109,855;80
13110,855;78
13111,855;4995
13112,855;6473
13113,855;75
13114,855;69
13115,855;71
13116,855;76
13117,855;4999
13118,855;6459
13119,855;58
13120,855;65
13121,855;74
13122,855;78
13123,855;5016
13124,855;6490
13125,855;55
13126,855;69
13127,855;76
13128,855;92
13129,855;5003
13130,855;6495
13131,855;69
13132,855;81
13133,855;70
13134,855;74
13135,855;4980
13136,855;6499
13137,855;79
13138,855;74
13139,855;64
13140,855;85
13141,855;4989
13142,855;6474
13143,855;64
13144,855;82
13145,855;64
13146,855;87
13147,855;5008
13148,855;6482
13149,855;63
13150,855;83
13151,855;76
13152,855;77
13153,855;4985
13154,855;6494
13155,855;67
13156,855;70
13157,855;66
13158,855;65
13159,855;4979
13160,855;6454
13161,855;65
13162,855;67
13163,855;81
13164,855;78
13165,855;4963
13166,855;6490
13167,855;51
13168,855;71
13169,855;77
13170,855;74
13171,855;4999
13172,855;6487
13173,855;75
13174,855;77
13175,855;64
13176,855;81
13177,855;4984
13178,855;6488
13179,855;55
13180,855;70
13181,855;71
13182,855;67
13183,855;4986
13184,855;6522
13185,855;52
13186,855;62
13187,855;88
13188,855;68
13189,855;4998
13190,855;6477
13191,855;70
13192,855;65
13193,855;72
13194,855;74
13195,855;4958
13196,855;6493
13197,855;77
13198,855;72
13199,855;64
13200,855;72
13201,855;4980
13202,855;6495
13203,855;70
13204,855;76
13205,855;83
13206,855;96
13207,855;4985
13208,855;6512
13209,855;61
13210,855;74
13211,855;67
13212,855;62
13213,855;4965
13214,855;6502
13215,855;72
13216,855;78
13217,855;62
13218,855;60
13219,855;4987
13220,855;6520
13221,855;72
13222,855;69
13223,855;58
13224,855;69
13225,855;4968
13226,855;6476
13227,855;57
13228,855;84
13229,855;79
13230,855;70
13231,855;4966
13232,855;6486
13233,825;71
13234,825;65
13235,825;63
13236,825;71
13237,825;4994
13238,825;6516
13239,825;81
13240,825;65
13241,825;70
13242,825;93
13243,825;4964
13244,825;6511
13245,825;64
13246,825;63
13247,825;80
13248,825;76
13249,825;4978
13250,825;6497
13251,825;61
13252,825;70
13253,825;62
13254,825;72
13255,825;5069
13256,825;6422
13257,825;69
13258,825;50
13259,825;75
13260,825;72
13261,825;4986
13262,825;6498
13263,825;77
13264,825;65
13265,825;67
13266,825;80
13267,825;4959
13268,825;6511
13269,825;72
13270,825;64
13271,825;61
13272,825;64
13273,825;4972
13274,825;6482
13275,825;63
13276,825;70
13277,825;74
13278,825;70
13279,825;4965
13280,825;6503
13281,825;60
13282,825;66
13283,825;67
13284,825;74
13285,825;4978
13286,825;6513
13287,825;72
13288,825;69
13289,825;74
13290,825;60
13291,825;4971
13292,825;6525
13293,825;66
13294,825;63
13295,825;66
13296,825;87
13297,825;4990
13298,825;6502
13299,825;68
13300,825;79
13301,825;70
13302,825;62
13303,825;4951
13304,825;6519
13305,825;55
13306,825;56
13307,825;78
13308,825;75
13309,825;4976
13310,825;6498
13311,825;61
13312,825;67
13313,825;59
13314,825;77
13315,825;4951
13316,825;6509
13317,825;56
13318,825;63
13319,825;81
13320,825;60
13321,825;4954
13322,825;6507
13323,825;60
13324,825;70
13325,825;77
13326,825;46
13327,825;4959
13328,825;6535
13329,825;65
13330,825;63
13331,825;53
13332,825;69
13333,825;4943
13334,326;6495
13335,326;74
13336,326;87
13337,326;56
13338,326;61
13339,326;4945
13340,326;6520
13341,326;77
13342,326;57
13343,326;65
13344,326;75
13345,326;4974
13346,326;6491
13347,326;77
13348,326;56
13349,326;68
13350,326;68
13351,326;4606
13352,326;6525
13353,326;71
13354,326;67
13355,326;75
13356,326;74
13357,326;4877
13358,326;6487
13359,326;57
13360,326;65
13361,326;62
13362,326;70
13363,326;4937
13364,326;6513
13365,326;66
13366,326;67
13367,326;75
13368,326;63
13369,326;4921
13370,326;6509
13371,326;61
13372,326;55
13373,326;43
13374,326;77
13375,326;4920
13376,326;6484
13377,326;58
13378,326;80
13379,326;67
13380,326;60
13381,326;4922
13382,326;6513
13383,326;49
13384,326;60
13385,326;67
13386,326;70
13387,326;4948
13388,326;6483
13389,326;75
13390,326;84
13391,326;61
13392,326;62
13393,326;4949
13394,326;6529
13395,326;68
13396,326;74
13397,326;71
13398,326;70
13399,326;4934
13400,326;6484
13401,326;73
13402,326;63
13403,326;70
13404,326;72
13405,326;4958
13406,326;6531
13407,326;66
13408,326;59
13409,326;66
13410,326;102
13411,326;4951
13412,326;6537
13413,326;74
13414,326;70
13415,326;74
13416,326;71
13417,326;4933
13418,326;6535
13419,326;60
13420,326;66
13421,326;74
13422,326;70
13423,326;4936
13424,326;6524
13425,326;72
13426,326;69
13427,326;68
13428,326;67
13429,326;4936
13430,326;6531
13431,326;63
13432,326;68
13433,326;70
13434,326;68
13435,114;5020
13436,114;6434
13437,114;58
13438,114;61
13439,114;64
13440,114;64
13441,114;4960
13442,114;6561
13443,114;70
13444,114;65
13445,114;61
13446,114;83
13447,114;4962
13448,114;6568
13449,114;64
13450,114;66
13451,114;69
13452,114;51
13453,114;4929
13454,114;6550
13455,114;62
13456,114;63
13457,114;68
13458,114;95
13459,114;4936
13460,114;6520
13461,114;63
13462,114;74
13463,114;72
13464,114;65
13465,114;4954
13466,114;6500
13467,114;67
13468,114;65
13469,114;74
13470,114;78
13471,114;4917
13472,114;6533
13473,114;70
13474,114;69
13475,114;72
13476,114;69
13477,114;4946
13478,114;6507
13479,114;78
13480,114;58
13481,114;67
13482,114;61
13483,114;5055
13484,114;6389
13485,114;68
13486,114;57
13487,114;72
13488,114;87
13489,114;5013
13490,114;6416
13491,114;55
13492,114;70
13493,114;63
13494,114;62
13495,114;4916
13496,114;6523
13497,114;58
13498,114;61
13499,114;70
13500,114;69
13501,114;4886
13502,114;6529
13503,114;61
13504,114;58
13505,114;67
13506,114;75
13507,114;4939
13508,114;6542
13509,114;67
13510,114;67
13511,114;79
13512,114;74
13513,114;4966
13514,114;6522
13515,114;55
13516,114;70
13517,114;76
13518,114;59
13519,114;4954
13520,114;6523
13521,114;59
13522,114;61
13523,114;68
13524,114;55
13525,114;4929
13526,114;6519
13527,114;51
13528,114;58
13529,114;78
13530,114;92
13531,114;4897
13532,114;6569
13533,114;72
13534,114;75
13535,114;80
13536,919;85
13537,919;4984
13538,919;6484
13539,919;78
13540,919;72
13541,919;61
13542,919;57
13543,919;4925
13544,919;6578
13545,919;72
13546,919;59
13547,919;91
13548,919;76
13549,919;4934
13550,919;6558
13551,919;75
13552,919;66
13553,919;65
13554,919;76
13555,919;4950
13556,919;6535
13557,919;66
13558,919;68
13559,919;66
13560,919;84
13561,919;4927
13562,919;6523
13563,919;77
13564,919;65
13565,919;69
13566,919;64
13567,919;4949
13568,919;6523
13569,919;67
13570,919;72
13571,919;69
13572,919;61
13573,919;4932
13574,919;6519
13575,919;78
13576,919;75
13577,919;61
13578,919;72
13579,919;4927
13580,919;6549
13581,919;75
13582,919;60
13583,919;73
13584,919;79
13585,919;4945
13586,919;6538
13587,919;66
13588,919;73
13589,919;72
13590,919;63
13591,919;4934
13592,919;6536
13593,919;71
13594,919;75
13595,919;75
13596,919;72
13597,919;4915
13598,919;6560
13599,919;68
13600,919;68
13601,919;73
13602,919;67
13603,919;4918
13604,919;6551
13605,919;81
13606,919;59
13607,919;64
13608,919;75
13609,919;4937
13610,919;6542
13611,919;77
13612,919;71
13613,919;66
13614,919;64
13615,919;4919
13616,919;6550
13617,919;87
13618,919;69
13619,919;74
13620,919;71
13621,919;4932
13622,919;6537
13623,919;78
13624,919;79
13625,919;59
13626,919;85
13627,919;4927
13628,919;6528
13629,919;82
13630,919;60
13631,919;82
13632,919;77
13633,919;4913
13634,919;6573
13635,919;59
13636,919;69
13637,919;60
13638,919;82
13639,919;4940
13640,919;6555
13641,919;73
13642,919;67
13643,919;65
13644,919;63
13645,919;4910
13646,919;6558
13647,919;83
13648,919;74
13649,919;82
13650,919;85
13651,919;4943
13652,919;6545
13653,919;84
13654,919;60
13655,919;84
13656,919;66
13657,919;4914
13658,919;6576
13659,919;67
13660,919;78
13661,919;83
13662,919;84
13663,919;4562
13664,919;6580
13665,919;73
13666,919;79
13667,919;73
13668,919;61
13669,919;4846
13670,919;6587
13671,919;64
13672,919;84
13673,919;70
13674,919;69
13675,919;4909
13676,919;6559
13677,919;69
13678,919;68
13679,919;75
13680,919;64
13681,919;4932
13682,919;6551
13683,919;75
13684,919;80
13685,919;61
13686,919;91
13687,919;4911
13688,919;6547
13689,919;58
13690,919;66
13691,919;81
13692,919;69
13693,919;4898
13694,919;6549
13695,919;54
13696,919;89
13697,919;74
13698,919;74
13699,919;4923
13700,919;6558
13701,919;63
13702,919;75
13703,919;72
13704,919;78
13705,919;4922
13706,919;6568
13707,919;72
13708,919;88
13709,919;66
13710,919;79
13711,919;4899
13712,919;6555
13713,919;62
13714,919;76
13715,919;73
13716,919;80
13717,919;4900
13718,919;6580
13719,919;80
13720,919;74
13721,919;72
13722,919;54
13723,919;4940
13724,919;6515
13725,919;70
13726,919;74
13727,919;81
13728,919;81
13729,919;4900
13730,919;6568
13731,919;68
13732,919;71
13733,919;68
13734,919;80
13735,919;4909
13736,919;6587
13737,919;68
13739,064;71
13740,064;80
13741,064;63
13742,064;4908
13743,064;6571
13744,064;64
13745,064;76
13746,064;86
13747,064;82
13748,064;4888
13749,064;6616
13750,064;53
13751,064;90
13752,064;94
13753,064;85
13754,064;4941
13755,064;6520
13756,064;74
13757,064;77
13758,064;82
13759,064;85
13760,064;4883
13761,064;6565
13762,064;75
13763,064;71
13764,064;63
13765,064;82
13766,064;4898
13767,064;6573
13768,064;62
13769,064;75
13770,064;71
13771,064;64
13772,064;4891
13773,064;6567
13774,064;76
13775,064;73
13776,064;59
13777,064;75
13778,064;4889
13779,064;6565
13780,064;71
13781,064;66
13782,064;71
13783,064;60
13784,064;4880
13785,064;6590
13786,064;64
13787,064;70
13788,064;71
13789,064;77
13790,064;4882
13791,064;6585
13792,064;56
13793,064;75
13794,064;78
13795,064;73
13796,064;4891
13797,064;6586
13798,064;69
13799,064;68
13800,064;77
13801,064;75
13802,064;4896
13803,064;6576
13804,064;57
13805,064;65
13806,064;69
13807,064;69
13808,064;4905
13809,064;6573
13810,064;77
13811,064;73
13812,064;67
13813,064;62
13814,064;4892
13815,064;6565
13816,064;61
13817,064;92
13818,064;70
13819,064;72
13820,064;4886
13821,064;6582
13822,064;70
13823,064;59
13824,064;76
13825,064;73
13826,064;4886
13827,064;6596
13828,064;72
13829,064;84
13830,064;71
13831,064;73
13832,064;4866
13833,064;6586
13834,064;66
13835,064;61
13836,064;72
13837,064;77
13838,064;4870
13839,064;6568
13839,163;50
13840,163;81
13841,163;64
13842,163;81
13843,163;4874
13844,163;6594
13845,163;57
13846,163;86
13847,163;64
13848,163;64
13849,163;4881
13850,163;6572
13851,163;66
13852,163;58
13853,163;68
13854,163;70
13855,163;4908
13856,163;6599
13857,163;61
13858,163;78
13859,163;61
13860,163;65
13861,163;4889
13862,163;6588
13863,163;77
13864,163;73
13865,163;71
13866,163;88
13867,163;4874
13868,163;6585
13869,163;79
13870,163;68
13871,163;78
13872,163;57
13873,163;4859
13874,163;6581
13875,163;57
13876,163;64
13877,163;70
13878,163;81
13879,163;4874
13880,163;6608
13881,163;68
13882,163;61
13883,163;76
13884,163;61
13885,163;4866
13886,163;6565
13887,163;68
13888,163;53
13889,163;74
13890,163;76
13891,163;4888
13892,163;6606
13893,163;62
13894,163;68
13895,163;66
13896,163;81
13897,163;4884
13898,163;6589
13899,163;67
13900,163;52
13901,163;92
13902,163;64
13903,163;4885
13904,163;6574
13905,163;64
13906,163;84
13907,163;76
13908,163;77
13909,163;4981
13910,163;6493
13911,163;67
13912,163;78
13913,163;47
13914,163;61
13915,163;4861
13916,163;6600
13917,163;79
13918,163;71
13919,163;70
13920,163;60
13921,163;4872
13922,163;6601
13923,163;67
13924,163;69
13925,163;58
13926,163;73
13927,163;4879
13928,163;6609
13929,163;60
13930,163;52
13931,163;65
13932,163;86
13933,163;4862
13934,163;6603
13935,163;65
13936,163;58
13937,163;66
13938,163;62
13939,163;4844
13940,344;6604
13941,344;69
13942,344;77
13943,344;73
13944,344;70
13945,344;4856
13946,344;6601
13947,344;61
13948,344;74
13949,344;75
13950,344;57
13951,344;4831
13952,344;6631
13953,344;71
13954,344;64
13955,344;79
13956,344;68
13957,344;4848
13958,344;6576
13959,344;64
13960,344;67
13961,344;65
13962,344;84
13963,344;4961
13964,344;6476
13965,344;62
13966,344;57
13967,344;62
13968,344;68
13969,344;4862
13970,344;6600
13971,344;61
13972,344;75
13973,344;66
13974,344;65
13975,344;4493
13976,344;6633
13977,344;49
13978,344;70
13979,344;66
13980,344;71
13981,344;4772
13982,344;6604
13983,344;60
13984,344;70
13985,344;72
13986,344;73
13987,344;4838
13988,344;6588
13989,344;70
13990,344;59
13991,344;61
13992,344;60
13993,344;4860
13994,344;6599
13995,344;62
13996,344;72
13997,344;53
13998,344;69
13999,344;4843
14000,344;6622
14001,344;75
14002,344;59
14003,344;73
14004,344;66
14005,344;4841
14006,344;6611
14007,344;78
14008,344;59
14009,344;78
14010,344;84
14011,344;4857
14012,344;6624
14013,344;59
14014,344;76
14015,344;52
14016,344;70
14017,344;4838
14018,344;6600
14019,344;63
14020,344;63
14021,344;70
14022,344;63
14023,344;4856
14024,344;6603
14025,344;72
14026,344;64
14027,344;55
14028,344;63
14029,344;4842
14030,344;6621
14031,344;75
14032,344;63
14033,344;73
14034,344;61
14035,344;4820
14036,344;6631
14037,344;84
14038,344;59
14039,344;64
14040,344;80
14045,502;4866
14046,502;6615
14047,502;75
14048,502;78
14049,502;70
14050,502;77
14051,502;4829
14052,502;6612
14053,502;66
14054,502;56
14055,502;80
14056,502;62
14057,502;4839
14058,502;6621
14059,502;69
14060,502;71
14061,502;63
14062,502;79
14063,502;4864
14064,502;6592
14065,502;68
14066,502;60
14067,502;68
14068,502;68
14069,502;4878
14070,502;6591
14071,502;67
14072,502;68
14073,502;68
14074,502;67
14075,502;4848
14076,502;6614
14077,502;53
14078,502;75
14079,502;75
14080,502;59
14081,502;4837
14082,502;6633
14083,502;69
14084,502;58
14085,502;75
14086,502;77
14087,502;4865
14088,502;6626
14089,502;64
14090,502;71
14091,502;62
14092,502;73
14093,502;4845
14094,502;6608
14095,502;78
14096,502;66
14097,502;57
14098,502;87
14099,502;4851
14100,502;6609
14101,502;58
14102,502;71
14103,502;60
14104,502;76
14105,502;4844
14106,502;6615
14107,502;74
14108,502;65
14109,502;71
14110,502;67
14111,502;4825
14112,502;6630
14113,502;74
14114,502;62
14115,502;62
14116,502;80
14117,502;4838
14118,502;6653
14119,502;68
14120,502;73
14121,502;79
14122,502;83
14123,502;4852
14124,502;6619
14125,502;67
14126,502;60
14127,502;67
14128,502;62
14129,502;4817
14130,502;6620
14131,502;53
14132,502;69
14133,502;73
14134,502;71
14135,502;4810
14136,502;6606
14137,502;55
14138,502;78
14139,502;65
14140,502;75
14141,502;4846
14142,502;6605
14143,502;57
14144,502;77
14145,502;57
14142,259;73
14143,259;4824
14144,259;6635
14145,259;63
14146,259;74
14147,259;48
14148,259;67
14149,259;4836
14150,259;6654
14151,259;74
14152,259;78
14153,259;82
14154,259;83
14155,259;4948
14156,259;6511
14157,259;66
14158,259;75
14159,259;67
14160,259;86
14161,259;4830
14162,259;6619
14163,259;68
14164,259;75
14165,259;70
14166,259;78
14167,259;4819
14168,259;6650
14169,259;75
14170,259;60
14171,259;76
14172,259;85
14173,259;4831
14174,259;6643
14175,259;77
14176,259;62
14177,259;78
14178,259;64
14179,259;4823
14180,259;6640
14181,259;67
14182,259;66
14183,259;78
14184,259;83
14185,259;4818
14186,259;6625
14187,259;69
14188,259;63
14189,259;73
14190,259;79
14191,259;4825
14192,259;6654
14193,259;81
14194,259;66
14195,259;97
14196,259;68
14197,259;4816
14198,259;6640
14199,259;70
14200,259;70
14201,259;58
14202,259;77
14203,259;4840
14204,259;6617
14205,259;54
14206,259;75
14207,259;74
14208,259;74
14209,259;4854
14210,259;6611
14211,259;62
14212,259;72
14213,259;85
14214,259;84
14215,259;4845
14216,259;6641
14217,259;61
14218,259;63
14219,259;72
14220,259;70
14221,259;4857
14222,259;6630
14223,259;77
14224,259;86
14225,259;67
14226,259;77
14227,259;4859
14228,259;6628
14229,259;72
14230,259;75
14231,259;75
14232,259;85
14233,259;4847
14234,259;6619
14235,259;81
14236,259;64
14237,259;72
14238,259;86
14239,259;4837
14240,259;6644
14241,259;83
14242,259;81
14243,259;73
14244,259;68
14245,259;4853
14246,259;6639
14247,259;58
14248,259;90
14249,259;69
14250,259;56
14251,259;4851
14252,259;6637
14253,259;83
14254,259;73
14255,259;80
14256,259;64
14257,259;4829
14258,259;6654
14259,259;65
14260,259;81
14261,259;66
14262,259;73
14263,259;4830
14264,259;6664
14265,259;60
14266,259;59
14267,259;89
14268,259;80
14269,259;4822
14270,259;6627
14271,259;74
14272,259;64
14273,259;89
14274,259;60
14275,259;4828
14276,259;6641
14277,259;75
14278,259;69
14279,259;73
14280,259;100
14281,259;4833
14282,259;6649
14283,259;81
14284,259;74
14285,259;68
14286,259;83
14287,259;4467
14288,259;6671
14289,259;58
14290,259;70
14291,259;81
14292,259;75
14293,259;4766
14294,259;6655
14295,259;67
14296,259;90
14297,259;83
14298,259;73
14299,259;4827
14300,259;6631
14301,259;63
14302,259;74
14303,259;74
14304,259;73
14305,259;4847
14306,259;6642
14307,259;66
14308,259;69
14309,259;67
14310,259;84
14311,259;4850
14312,259;6642
14313,259;72
14314,259;65
14315,259;85
14316,259;75
14317,259;4805
14318,259;6635
14319,259;59
14320,259;79
14321,259;83
14322,259;69
14323,259;4842
14324,259;6636
14325,259;85
14326,259;71
14327,259;72
14328,259;83
14329,259;4821
14330,259;6667
14331,259;73
14332,259;61
14333,259;77
14334,259;75
14335,259;4810
14336,259;6660
14337,259;59
14338,259;75
14339,259;66
14340,259;54
14341,259;4818
14342,259;6666
14343,259;50
14344,585;69
14345,585;75
14346,585;67
14347,585;4848
14348,585;6640
14349,585;74
14350,585;69
14351,585;74
14352,585;67
14353,585;4826
14354,585;6682
14355,585;72
14356,585;76
14357,585;84
14358,585;68
14359,585;4806
14360,585;6673
14361,585;71
14362,585;63
14363,585;88
14364,585;74
14365,585;4817
14366,585;6666
14367,585;83
14368,585;84
14369,585;61
14370,585;77
14371,585;4812
14372,585;6666
14373,585;88
14374,585;71
14375,585;78
14376,585;59
14377,585;4789
14378,585;6671
14379,585;65
14380,585;79
14381,585;76
14382,585;69
14383,585;4812
14384,585;6655
14385,585;76
14386,585;65
14387,585;72
14388,585;78
14389,585;4796
14390,585;6642
14391,585;64
14392,585;81
14393,585;59
14394,585;74
14395,585;4793
14396,585;6658
14397,585;61
14398,585;70
14399,585;63
14400,585;74
14401,585;4824
14402,585;6644
14403,585;51
14404,585;70
14405,585;64
14406,585;79
14407,585;4807
14408,585;6641
14409,585;69
14410,585;68
14411,585;70
14412,585;79
14413,585;4798
14414,585;6654
14415,585;64
14416,585;71
14417,585;64
14418,585;74
14419,585;4786
14420,585;6666
14421,585;81
14422,585;81
14423,585;72
14424,585;80
14425,585;4809
14426,585;6640
14427,585;76
14428,585;67
14429,585;68
14430,585;87
14431,585;4803
14432,585;6679
14433,585;73
14434,585;67
14435,585;74
14436,585;69
14437,585;4782
14438,585;6677
14439,585;52
14440,585;71
14441,585;64
14442,585;68
14443,585;4815
14444,585;6650
14445,143;54
14446,143;61
14447,143;85
14448,143;79
14449,143;4759
14450,143;6679
14451,143;73
14452,143;74
14453,143;90
14454,143;66
14455,143;4766
14456,143;6697
14457,143;66
14458,143;73
14459,143;96
14460,143;70
14461,143;4792
14462,143;6664
14463,143;66
14464,143;85
14465,143;72
14466,143;86
14467,143;4791
14468,143;6668
14469,143;69
14470,143;62
14471,143;82
14472,143;73
14473,143;4772
14474,143;6682
14475,143;62
14476,143;71
14477,143;68
14478,143;62
14479,143;4811
14480,143;6703
14481,143;62
14482,143;58
14483,143;78
14484,143;75
14485,143;4821
14486,143;6657
14487,143;67
14488,143;71
14489,143;65
14490,143;67
14491,143;4795
14492,143;6684
14493,143;63
14494,143;69
14495,143;65
14496,143;75
14497,143;4820
14498,143;6694
14499,143;49
14500,143;81
14501,143;83
14502,143;77
14503,143;4813
14504,143;6682
14505,143;55
14506,143;64
14507,143;75
14508,143;75
14509,143;4773
14510,143;6688
14511,143;63
14512,143;51
14513,143;74
14514,143;63
14515,143;4767
14516,143;6666
14517,143;76
14518,143;59
14519,143;75
14520,143;69
14521,143;4771
14522,143;6688
14523,143;68
14524,143;71
14525,143;68
14526,143;58
14527,143;4794
14528,143;6681
14529,143;63
14530,143;89
14531,143;69
14532,143;69
14533,143;4788
14534,143;6699
14535,143;61
14536,143;68
14537,143;62
14538,143;61
14539,143;4764
14540,143;6694
14541,143;53
14542,143;73
14543,143;72
14544,143;71
14545,143;4758
14546,081;6693
14547,081;67
14548,081;60
14549,081;64
14550,081;60
14551,081;4763
14552,081;6667
14553,081;68
14554,081;77
14555,081;73
14556,081;83
14557,081;4780
14558,081;6680
14559,081;60
14560,081;66
14561,081;85
14562,081;73
14563,081;4768
14564,081;6725
14565,081;68
14566,081;63
14567,081;71
14568,081;83
14569,081;4747
14570,081;6701
14571,081;62
14572,081;58
14573,081;67
14574,081;65
14575,081;4775
14576,081;6699
14577,081;71
14578,081;69
14579,081;67
14580,081;62
14581,081;4764
14582,081;6693
14583,081;62
14584,081;60
14585,081;70
14586,081;67
14587,081;4774
14588,081;6680
14589,081;63
14590,081;52
14591,081;76
14592,081;71
14593,081;4768
14594,081;6681
14595,081;69
14596,081;53
14597,081;69
14598,081;39
14599,081;4405
14600,081;6713
14601,081;53
14602,081;49
14603,081;69
14604,081;70
14605,081;4700
14606,081;6673
14607,081;63
14608,081;60
14609,081;67
14610,081;56
14611,081;4760
14612,081;6710
14613,081;67
14614,081;58
14615,081;70
14616,081;61
14617,081;4734
14618,081;6679
14619,081;63
14620,081;56
14621,081;81
14622,081;71
14623,081;4760
14624,081;6695
14625,081;63
14626,081;68
14627,081;75
14628,081;51
14629,081;4740
14630,081;6674
14631,081;63
14632,081;72
14633,081;74
14634,081;76
14635,081;4736
14636,081;6688
14637,081;65
14638,081;62
14639,081;50
14640,081;82
14641,081;4769
14642,081;6683
14643,081;69
14644,081;85
14645,081;70
14646,081;58
14646,953;4769
14647,953;6706
14648,953;65
14649,953;54
14650,953;76
14651,953;74
14652,953;4839
14653,953;6618
14654,953;51
14655,953;54
14656,953;74
14657,953;75
14658,953;4769
14659,953;6694
14660,953;64
14661,953;69
14662,953;80
14663,953;69
14664,953;4776
14665,953;6700
14666,953;65
14667,953;55
14668,953;66
14669,953;71
14670,953;4775
14671,953;6714
14672,953;76
14673,953;70
14674,953;61
14675,953;74
14676,953;4748
14677,953;6718
14678,953;51
14679,953;64
14680,953;56
14681,953;68
14682,953;4763
14683,953;6715
14684,953;70
14685,953;75
14686,953;69
14687,953;71
14688,953;4761
14689,953;6699
14690,953;71
14691,953;69
14692,953;85
14693,953;63
14694,953;4781
14695,953;6683
14696,953;56
14697,953;79
14698,953;59
14699,953;66
14700,953;4782
14701,953;6701
14702,953;61
14703,953;72
14704,953;62
14705,953;81
14706,953;4767
14707,953;6698
14708,953;74
14709,953;66
14710,953;68
14711,953;88
14712,953;4759
14713,953;6736
14714,953;65
14715,953;67
14716,953;62
14717,953;59
14718,953;4753
14719,953;6698
14720,953;69
14721,953;60
14722,953;65
14723,953;65
14724,953;4759
14725,953;6694
14726,953;68
14727,953;76
14728,953;73
14729,953;59
14730,953;4751
14731,953;6721
14732,953;63
14733,953;68
14734,953;70
14735,953;73
14736,953;4752
14737,953;6721
14738,953;56
14739,953;67
14740,953;62
14741,953;66
14742,953;4737
14743,953;6710
14744,953;65
14745,953;60
14746,953;86
14747,953;94
14748,953;4743
14749,953;6715
14750,953;72
14751,953;84
14752,953;74
14753,953;64
14754,953;4742
14755,953;6738
14756,953;74
14757,953;80
14758,953;73
14759,953;69
14760,953;4759
14761,953;6697
14762,953;68
14763,953;72
14764,953;64
14765,953;76
14766,953;4725
14767,953;6727
14768,953;46
14769,953;58
14770,953;68
14771,953;68
14772,953;4745
14773,953;6711
14774,953;80
14775,953;89
14776,953;72
14777,953;67
14778,953;4770
14779,953;6729
14780,953;67
14781,953;83
14782,953;78
14783,953;58
14784,953;4728
14785,953;6732
14786,953;60
14787,953;80
14788,953;68
14789,953;56
14790,953;4735
14791,953;6706
14792,953;74
14793,953;72
14794,953;63
14795,953;57
14796,953;4731
14797,953;6719
14798,953;83
14799,953;79
14800,953;72
14801,953;71
14802,953;4752
14803,953;6744
14804,953;65
14805,953;62
14806,953;76
14807,953;75
14808,953;4687
14809,953;6751
14810,953;59
14811,953;66
14812,953;81
14813,953;81
14814,953;4762
14815,953;6717
14816,953;70
14817,953;79
14818,953;79
14819,953;68
14820,953;4778
14821,953;6734
14822,953;57
14823,953;95
14824,953;74
14825,953;70
14826,953;4746
14827,953;6732
14828,953;67
14829,953;59
14830,953;71
14831,953;69
14832,953;4749
14833,953;6721
14834,953;71
14835,953;71
14836,953;56
14837,953;76
14838,953;4738
14839,953;6740
14840,953;52
14841,953;63
14842,953;80
14843,953;67
14844,953;4745
14845,953;6714
14846,953;61
14847,953;72
14849,895;64
14850,895;62
14851,895;4735
14852,895;6735
14853,895;75
14854,895;60
14855,895;84
14856,895;77
14857,895;4741
14858,895;6744
14859,895;61
14860,895;63
14861,895;70
14862,895;83
14863,895;4756
14864,895;6744
14865,895;73
14866,895;77
14867,895;66
14868,895;75
14869,895;4742
14870,895;6723
14871,895;69
14872,895;76
14873,895;80
14874,895;58
14875,895;4729
14876,895;6745
14877,895;71
14878,895;73
14879,895;67
14880,895;76
14881,895;4744
14882,895;6761
14883,895;62
14884,895;75
14885,895;87
14886,895;77
14887,895;4746
14888,895;6756
14889,895;74
14890,895;84
14891,895;61
14892,895;62
14893,895;4714
14894,895;6735
14895,895;69
14896,895;66
14897,895;69
14898,895;79
14899,895;4719
14900,895;6766
14901,895;76
14902,895;63
14903,895;65
14904,895;87
14905,895;4744
14906,895;6742
14907,895;61
14908,895;72
14909,895;74
14910,895;72
14911,895;4363
14912,895;6765
14913,895;68
14914,895;73
14915,895;65
14916,895;62
14917,895;4649
14918,895;6740
14919,895;59
14920,895;67
14921,895;75
14922,895;72
14923,895;4702
14924,895;6785
14925,895;63
14926,895;74
14927,895;80
14928,895;72
14929,895;4733
14930,895;6751
14931,895;67
14932,895;81
14933,895;69
14934,895;67
14935,895;4706
14936,895;6754
14937,895;72
14938,895;63
14939,895;75
14940,895;69
14941,895;4712
14942,895;6762
14943,895;70
14944,895;66
14945,895;91
14946,895;68
14947,895;4736
14948,895;6758
14949,895;67
14949,699;66
14950,699;81
14951,699;64
14952,699;4727
14953,699;6707
14954,699;68
14955,699;65
14956,699;59
14957,699;70
14958,699;4719
14959,699;6751
14960,699;66
14961,699;53
14962,699;72
14963,699;69
14964,699;4740
14965,699;6756
14966,699;76
14967,699;61
14968,699;77
14969,699;71
14970,699;4744
14971,699;6754
14972,699;69
14973,699;82
14974,699;66
14975,699;74
14976,699;4749
14977,699;6769
14978,699;71
14979,699;73
14980,699;65
14981,699;79
14982,699;4730
14983,699;6778
14984,699;78
14985,699;79
14986,699;79
14987,699;87
14988,699;4718
14989,699;6740
14990,699;56
14991,699;65
14992,699;68
14993,699;79
14994,699;4729
14995,699;6743
14996,699;76
14997,699;72
14998,699;76
14999,699;57
15000,699;4700
15001,699;6744
15002,699;82
15003,699;75
15004,699;68
15005,699;73
15006,699;4715
15007,699;6766
15008,699;78
15009,699;67
15010,699;64
15011,699;66
15012,699;4706
15013,699;6781
15014,699;66
15015,699;54
15016,699;67
15017,699;81
15018,699;4700
15019,699;6736
15020,699;62
15021,699;62
15022,699;60
15023,699;69
15024,699;4701
15025,699;6761
15026,699;62
15027,699;67
15028,699;69
15029,699;78
15030,699;4704
15031,699;6778
15032,699;65
15033,699;78
15034,699;93
15035,699;53
15036,699;4691
15037,699;6782
15038,699;57
15039,699;60
15040,699;66
15041,699;90
15042,699;4695
15043,699;6758
15044,699;70
15045,699;62
15046,699;58
15047,699;66
15048,699;4691
15049,699;6770
15050,434;57
15051,434;74
15052,434;75
15053,434;81
15054,434;4687
15055,434;6753
15056,434;78
15057,434;74
15058,434;76
15059,434;81
15060,434;4688
15061,434;6758
15062,434;71
15063,434;65
15064,434;56
15065,434;80
15066,434;4705
15067,434;6775
15068,434;70
15069,434;71
15070,434;72
15071,434;76
15072,434;4700
15073,434;6741
15074,434;74
15075,434;71
15076,434;73
15077,434;77
15078,434;4697
15079,434;6773
15080,434;54
15081,434;68
15082,434;72
15083,434;89
15084,434;4758
15085,434;6729
15086,434;74
15087,434;70
15088,434;77
15089,434;76
15090,434;4697
15091,434;6762
15092,434;68
15093,434;76
15094,434;63
15095,434;80
15096,434;4703
15097,434;6774
15098,434;66
15099,434;88
15100,434;69
15101,434;77
15102,434;4702
15103,434;6778
15104,434;59
15105,434;69
15106,434;62
15107,434;68
15108,434;4710
15109,434;6762
15110,434;58
15111,434;67
15112,434;68
15113,434;78
15114,434;4688
15115,434;6775
15116,434;89
15117,434;56
15118,434;69
15119,434;75
15120,434;4682
15121,434;6774
15122,434;61
15123,434;75
15124,434;75
15125,434;77
15126,434;4713
15127,434;6745
15128,434;56
15129,434;63
15130,434;64
15131,434;76
15132,434;4700
15133,434;6778
15134,434;73
15135,434;65
15136,434;66
15137,434;68
15138,434;4692
15139,434;6779
15140,434;71
15141,434;71
15142,434;76
15143,434;63
15144,434;4675
15145,434;6759
15146,434;59
15147,434;52
15148,434;76
15149,434;68
15150,434;4676
15151,943;6770
15152,943;67
15153,943;48
15154,943;79
15155,943;65
15156,943;4684
15157,943;6751
15158,943;76
15159,943;71
15160,943;91
15161,943;59
15162,943;4691
15163,943;6784
15164,943;66
15165,943;61
15166,943;79
15167,943;74
15168,943;4694
15169,943;6778
15170,943;53
15171,943;65
15172,943;80
15173,943;87
15174,943;4689
15175,943;6773
15176,943;65
15177,943;73
15178,943;75
15179,943;67
15180,943;4672
15181,943;6775
15182,943;55
15183,943;64
15184,943;82
15185,943;58
15186,943;4689
15187,943;6783
15188,943;67
15189,943;59
15190,943;81
15191,943;76
15192,943;4692
15193,943;6798
15194,943;61
15195,943;75
15196,943;76
15197,943;62
15198,943;4671
15199,943;6764
15200,943;64
15201,943;52
15202,943;66
15203,943;70
15204,943;4670
15205,943;6767
15206,943;79
15207,943;71
15208,943;70
15209,943;62
15210,943;4689
15211,943;6803
15212,943;50
15213,943;59
15214,943;75
15215,943;83
15216,943;4685
15217,943;6769
15218,943;55
15219,943;59
15220,943;74
15221,943;72
15222,943;4300
15223,943;6805
15224,943;49
15225,943;63
15226,943;61
15227,943;60
15228,943;4593
15229,943;6809
15230,943;70
15231,943;57
15232,943;62
15233,943;60
15234,943;4645
15235,943;6805
15236,943;57
15237,943;71
15238,943;67
15239,943;71
15240,943;4685
15241,943;6780
15242,943;65
15243,943;71
15244,943;61
15245,943;67
15246,943;4673
15247,943;6803
15248,943;57
15249,943;65
15250,943;55
15251,943;81
15252,943;4661
15253,943;6807
15254,943;58
15255,943;59
15256,943;60
15257,943;52
15258,943;4667
15259,943;6760
15260,943;64
15261,943;55
15262,943;70
15263,943;58
15264,943;4737
15265,943;6737
15266,943;69
15267,943;54
15268,943;75
15269,943;66
15270,943;4692
15271,943;6799
15272,943;57
15273,943;54
15274,943;73
15275,943;59
15276,943;4676
15277,943;6805
15278,943;57
15279,943;46
15280,943;66
15281,943;80
15282,943;4674
15283,943;6806
15284,943;63
15285,943;73
15286,943;64
15287,943;76
15288,943;4668
15289,943;6793
15290,943;56
15291,943;69
15292,943;76
15293,943;78
15294,943;4698
15295,943;6768
15296,943;76
15297,943;69
15298,943;67
15299,943;71
15300,943;4664
15301,943;6798
15302,943;46
15303,943;62
15304,943;79
15305,943;62
15306,943;4687
15307,943;6815
15308,943;60
15309,943;53
15310,943;59
15311,943;58
15312,943;4660
15313,943;6795
15314,943;72
15315,943;65
15316,943;65
15317,943;72
15318,943;4700
15319,943;6738
15320,943;62
15321,943;75
15322,943;81
15323,943;76
15324,943;4720
15325,943;6735
15326,943;63
15327,943;84
15328,943;62
15329,943;78
15330,943;4716
15331,943;6732
15332,943;64
15333,943;73
15334,943;76
15335,943;83
15336,943;4671
15337,943;6787
15338,943;77
15339,943;56
15340,943;73
15341,943;71
15342,943;4667
15343,943;6821
15344,943;71
15345,943;65
15346,943;81
15347,943;69
15348,943;4669
15349,943;6799
15350,943;70
15351,943;73
15352,943;67
15353,766;66
15354,766;4649
15355,766;6810
15356,766;74
15357,766;67
15358,766;66
15359,766;75
15360,766;4677
15361,766;6783
15362,766;74
15363,766;58
15364,766;86
15365,766;73
15366,766;4659
15367,766;6795
15368,766;69
15369,766;65
15370,766;82
15371,766;77
15372,766;4664
15373,766;6805
15374,766;57
15375,766;63
15376,766;72
15377,766;70
15378,766;4662
15379,766;6807
15380,766;59
15381,766;70
15382,766;72
15383,766;77
15384,766;4652
15385,766;6814
15386,766;56
15387,766;64
15388,766;80
15389,766;77
15390,766;4617
15391,766;6810
15392,766;54
15393,766;80
15394,766;70
15395,766;75
15396,766;4634
15397,766;6806
15398,766;60
15399,766;73
15400,766;69
15401,766;65
15402,766;4659
15403,766;6806
15404,766;68
15405,766;81
15406,766;72
15407,766;73
15408,766;4642
15409,766;6807
15410,766;81
15411,766;80
15412,766;78
15413,766;63
15414,766;4661
15415,766;6817
15416,766;55
15417,766;73
15418,766;78
15419,766;75
15420,766;4671
15421,766;6816
15422,766;78
15423,766;79
15424,766;63
15425,766;81
15426,766;4638
15427,766;6819
15428,766;68
15429,766;82
15430,766;52
15431,766;68
15432,766;4661
15433,766;6810
15434,766;83
15435,766;58
15436,766;78
15437,766;81
15438,766;4628
15439,766;6788
15440,766;64
15441,766;66
15442,766;68
15443,766;74
15444,766;4658
15445,766;6811
15446,766;69
15447,766;67
15448,766;63
15449,766;89
15450,766;4664
15451,766;6837
15452,766;59
15453,766;67
15455,706;66
15456,706;86
15457,706;4655
15458,706;6821
15459,706;73
15460,706;67
15461,706;78
15462,706;90
15463,706;4698
15464,706;6817
15465,706;61
15466,706;72
15467,706;80
15468,706;72
15469,706;4654
15470,706;6828
15471,706;69
15472,706;77
15473,706;70
15474,706;75
15475,706;4655
15476,706;6821
15477,706;71
15478,706;76
15479,706;64
15480,706;72
15481,706;4631
15482,706;6821
15483,706;81
15484,706;81
15485,706;73
15486,706;77
15487,706;4660
15488,706;6844
15489,706;71
15490,706;81
15491,706;69
15492,706;64
15493,706;4665
15494,706;6832
15495,706;66
15496,706;72
15497,706;81
15498,706;85
15499,706;4650
15500,706;6835
15501,706;67
15502,706;75
15503,706;81
15504,706;70
15505,706;4657
15506,706;6831
15507,706;75
15508,706;67
15509,706;80
15510,706;70
15511,706;4649
15512,706;6821
15513,706;78
15514,706;73
15515,706;87
15516,706;75
15517,706;4656
15518,706;6852
15519,706;67
15520,706;73
15521,706;72
15522,706;81
15523,706;4666
15524,706;6812
15525,706;78
15526,706;76
15527,706;81
15528,706;82
15529,706;4653
15530,706;6834
15531,706;68
15532,706;73
15533,706;78
15534,706;80
15535,706;4273
15536,706;6862
15537,706;86
15538,706;82
15539,706;83
15540,706;67
15541,706;4591
15542,706;6827
15543,706;66
15544,706;75
15545,706;64
15546,706;73
15547,706;4642
15548,706;6824
15549,706;71
15550,706;75
15551,706;76
15552,706;73
15553,706;4661
15554,706;6846
15555,706;68
15556,568;67
15557,568;90
15558,568;70
15559,568;4641
15560,568;6817
15561,568;81
15562,568;60
15563,568;72
15564,568;87
15565,568;4642
15566,568;6838
15567,568;72
15568,568;80
15569,568;72
15570,568;80
15571,568;4615
15572,568;6841
15573,568;68
15574,568;64
15575,568;64
15576,568;81
15577,568;4649
15578,568;6837
15579,568;67
15580,568;68
15581,568;86
15582,568;74
15583,568;4629
15584,568;6826
15585,568;75
15586,568;73
15587,568;77
15588,568;84
15589,568;4649
15590,568;6813
15591,568;76
15592,568;64
15593,568;61
15594,568;67
15595,568;4632
15596,568;6842
15597,568;67
15598,568;61
15599,568;75
15600,568;85
15601,568;4623
15602,568;6832
15603,568;69
15604,568;83
15605,568;72
15606,568;70
15607,568;4627
15608,568;6844
15609,568;85
15610,568;65
15611,568;65
15612,568;82
15613,568;4628
15614,568;6845
15615,568;73
15616,568;68
15617,568;65
15618,568;75
15619,568;4667
15620,568;6795
15621,568;62
15622,568;82
15623,568;85
15624,568;65
15625,568;4606
15626,568;6856
15627,568;73
15628,568;84
15629,568;81
15630,568;98
15631,568;4614
15632,568;6853
15633,568;72
15634,568;59
15635,568;76
15636,568;60
15637,568;4633
15638,568;6849
15639,568;64
15640,568;66
15641,568;81
15642,568;68
15643,568;4611
15644,568;6856
15645,568;69
15646,568;72
15647,568;88
15648,568;53
15649,568;4693
15650,568;6794
15651,568;60
15652,568;82
15653,568;71
15654,568;78
15655,568;4609
15656,568;6838
15657,378;61
15658,378;70
15659,378;85
15660,378;71
15661,378;4584
15662,378;6860
15663,378;56
15664,378;75
15665,378;73
15666,378;86
15667,378;4610
15668,378;6879
15669,378;58
15670,378;72
15671,378;61
15672,378;76
15673,378;4629
15674,378;6863
15675,378;96
15676,378;68
15677,378;62
15678,378;66
15679,378;4613
15680,378;6826
15681,378;66
15682,378;69
15683,378;62
15684,378;73
15685,378;4608
15686,378;6867
15687,378;70
15688,378;65
15689,378;71
15690,378;61
15691,378;4597
15692,378;6828
15693,378;80
15694,378;73
15695,378;82
15696,378;67
15697,378;4594
15698,378;6867
15699,378;76
15700,378;54
15701,378;72
15702,378;70
15703,378;4589
15704,378;6888
15705,378;47
15706,378;74
15707,378;95
15708,378;66
15709,378;4606
15710,378;6873
15711,378;63
15712,378;69
15713,378;71
15714,378;76
15715,378;4600
15716,378;6861
15717,378;65
15718,378;84
15719,378;74
15720,378;64
15721,378;4630
15722,378;6821
15723,378;70
15724,378;67
15725,378;62
15726,378;70
15727,378;4625
15728,378;6852
15729,378;60
15730,378;63
15731,378;67
15732,378;83
15733,378;4598
15734,378;6873
15735,378;61
15736,378;65
15737,378;76
15738,378;66
15739,378;4595
15740,378;6875
15741,378;72
15742,378;71
15743,378;71
15744,378;77
15745,378;4599
15746,378;6869
15747,378;79
15748,378;64
15749,378;66
15750,378;92
15751,378;4606
15752,378;6850
15753,378;78
15754,378;65
15755,378;51
15756,378;68
15757,378;4624
15758,378;6879
15759,378;64
15760,378;67
15761,378;76
15762,378;68
15763,378;4614
15764,378;6855
15765,378;72
15766,378;72
15767,378;54
15768,378;81
15769,378;4615
15770,378;6853
15771,378;73
15772,378;69
15773,378;76
15774,378;62
15775,378;4573
15776,378;6868
15777,378;72
15778,378;86
15779,378;68
15780,378;78
15781,378;4588
15782,378;6885
15783,378;52
15784,378;74
15785,378;76
15786,378;61
15787,378;4611
15788,378;6887
15789,378;54
15790,378;54
15791,378;63
15792,378;80
15793,378;4574
15794,378;6880
15795,378;59
15796,378;63
15797,378;63
15798,378;63
15799,378;4607
15800,378;6881
15801,378;62
15802,378;72
15803,378;74
15804,378;54
15805,378;4613
15806,378;6889
15807,378;61
15808,378;57
15809,378;68
15810,378;61
15811,378;4600
15812,378;6885
15813,378;56
15814,378;53
15815,378;70
15816,378;65
15817,378;4597
15818,378;6873
15819,378;61
15820,378;48
15821,378;59
15822,378;77
15823,378;4594
15824,378;6854
15825,378;52
15826,378;64
15827,378;67
15828,378;61
15829,378;4600
15830,378;6880
15831,378;59
15832,378;60
15833,378;73
15834,378;76
15835,378;4625
15836,378;6834
15837,378;71
15838,378;65
15839,378;77
15840,378;74
15841,378;4566
15842,378;6882
15843,378;64
15844,378;62
15845,378;67
15846,378;73
15847,378;4331
15848,378;6777
15849,378;51
15850,378;58
15851,378;68
15852,378;73
15853,378;4504
15854,378;6856
15855,378;62
15856,378;63
15857,378;71
15858,378;68
15858,72;4569
15859,72;6903
15860,72;69
15861,72;58
15862,72;74
15863,72;75
15864,72;4581
15865,72;6874
15866,72;72
15867,72;67
15868,72;68
15869,72;70
15870,72;4576
15871,72;6897
15872,72;60
15873,72;50
15874,72;58
15875,72;72
15876,72;4578
15877,72;6872
15878,72;62
15879,72;65
15880,72;49
15881,72;73
15882,72;4619
15883,72;6888
15884,72;53
15885,72;61
15886,72;72
15887,72;65
15888,72;4572
15889,72;6884
15890,72;71
15891,72;45
15892,72;64
15893,72;68
15894,72;4590
15895,72;6898
15896,72;77
15897,72;72
15898,72;58
15899,72;65
15900,72;4632
15901,72;6891
15902,72;63
15903,72;64
15904,72;56
15905,72;65
15906,72;4618
15907,72;6853
15908,72;70
15909,72;91
15910,72;68
15911,72;70
15912,72;4564
15913,72;6904
15914,72;71
15915,72;58
15916,72;62
15917,72;71
15918,72;4561
15919,72;6902
15920,72;72
15921,72;72
15922,72;71
15923,72;80
15924,72;4589
15925,72;6909
15926,72;60
15927,72;67
15928,72;69
15929,72;59
15930,72;4604
15931,72;6887
15932,72;72
15933,72;62
15934,72;83
15935,72;69
15936,72;4586
15937,72;6869
15938,72;58
15939,72;70
15940,72;83
15941,72;72
15942,72;4594
15943,72;6919
15944,72;64
15945,72;63
15946,72;66
15947,72;66
15948,72;4582
15949,72;6910
15950,72;65
15951,72;61
15952,72;63
15953,72;85
15954,72;4581
15955,72;6896
15956,72;68
15957,72;68
15958,72;54
15960,701;72
15961,701;4570
15962,701;6892
15963,701;80
15964,701;65
15965,701;88
15966,701;74
15967,701;4587
15968,701;6895
15969,701;59
15970,701;65
15971,701;82
15972,701;86
15973,701;4576
15974,701;6904
15975,701;67
15976,701;66
15977,701;71
15978,701;82
15979,701;4566
15980,701;6913
15981,701;65
15982,701;69
15983,701;71
15984,701;72
15985,701;4566
15986,701;6884
15987,701;63
15988,701;55
15989,701;69
15990,701;65
15991,701;4558
15992,701;6883
15993,701;71
15994,701;78
15995,701;61
15996,701;62
15997,701;4580
15998,701;6904
15999,701;80
16000,701;78
16001,701;64
16002,701;64
16003,701;4579
16004,701;6902
16005,701;60
16006,701;97
16007,701;78
16008,701;80
16009,701;4574
16010,701;6886
16011,701;71
16012,701;86
16013,701;75
16014,701;69
16015,701;4549
16016,701;6906
16017,701;71
16018,701;79
16019,701;74
16020,701;56
16021,701;4547
16022,701;6909
16023,701;65
16024,701;78
16025,701;58
16026,701;55
16027,701;4545
16028,701;6922
16029,701;65
16030,701;76
16031,701;87
16032,701;59
16033,701;4553
16034,701;6934
16035,701;64
16036,701;68
16037,701;74
16038,701;73
16039,701;4556
16040,701;6919
16041,701;64
16042,701;71
16043,701;70
16044,701;79
16045,701;4573
16046,701;6887
16047,701;77
16048,701;59
16049,701;76
16050,701;67
16051,701;4576
16052,701;6890
16053,701;67
16054,701;69
16055,701;77
16056,701;90
16057,701;4596
16058,701;6913
16059,701;57
16060,701;66
16061,387;73
16062,387;76
16063,387;4544
16064,387;6923
16065,387;62
16066,387;79
16067,387;77
16068,387;81
16069,387;4576
16070,387;6914
16071,387;79
16072,387;58
16073,387;77
16074,387;79
16075,387;4579
16076,387;6897
16077,387;62
16078,387;70
16079,387;74
16080,387;72
16081,387;4569
16082,387;6909
16083,387;68
16084,387;72
16085,387;75
16086,387;79
16087,387;4569
16088,387;6922
16089,387;73
16090,387;84
16091,387;63
16092,387;67
16093,387;4564
16094,387;6903
16095,387;81
16096,387;69
16097,387;77
16098,387;74
16099,387;4569
16100,387;6937
16101,387;60
16102,387;77
16103,387;80
16104,387;72
16105,387;4569
16106,387;6918
16107,387;61
16108,387;78
16109,387;70
16110,387;50
16111,387;4570
16112,387;6928
16113,387;78
16114,387;62
16115,387;63
16116,387;98
16117,387;4554
16118,387;6920
16119,387;73
16120,387;72
16121,387;59
16122,387;79
16123,387;4586
16124,387;6933
16125,387;67
16126,387;64
16127,387;81
16128,387;77
16129,387;4566
16130,387;6910
16131,387;79
16132,387;78
16133,387;74
16134,387;61
16135,387;4565
16136,387;6966
16137,387;56
16138,387;77
16139,387;87
16140,387;72
16141,387;4566
16142,387;6925
16143,387;55
16144,387;63
16145,387;78
16146,387;60
16147,387;4547
16148,387;6918
16149,387;80
16150,387;67
16151,387;74
16152,387;81
16153,387;4527
16154,387;6910
16155,387;87
16156,387;84
16157,387;73
16158,387;81
16159,387;4215
16160,387;6932
16161,387;80
16162,585;68
16163,585;77
16164,585;81
16165,585;4518
16166,585;6897
16167,585;65
16168,585;65
16169,585;78
16170,585;91
16171,585;4600
16172,585;6867
16173,585;83
16174,585;84
16175,585;67
16176,585;75
16177,585;4556
16178,585;6931
16179,585;66
16180,585;85
16181,585;54
16182,585;71
16183,585;4563
16184,585;6940
16185,585;84
16186,585;76
16187,585;90
16188,585;71
16189,585;4575
16190,585;6917
16191,585;77
16192,585;73
16193,585;77
16194,585;60
16195,585;4557
16196,585;6938
16197,585;83
16198,585;80
16199,585;76
16200,585;72
16201,585;4549
16202,585;6938
16203,585;77
16204,585;70
16205,585;65
16206,585;71
16207,585;4551
16208,585;6949
16209,585;73
16210,585;86
16211,585;97
16212,585;72
16213,585;4559
16214,585;6923
16215,585;83
16216,585;62
16217,585;84
16218,585;87
16219,585;4564
16220,585;6919
16221,585;65
16222,585;65
16223,585;63
16224,585;79
16225,585;4571
16226,585;6928
16227,585;78
16228,585;81
16229,585;70
16230,585;78
16231,585;4557
16232,585;6940
16233,585;66
16234,585;89
16235,585;58
16236,585;79
16237,585;4525
16238,585;6932
16239,585;83
16240,585;80
16241,585;84
16242,585;69
16243,585;4580
16244,585;6946
16245,585;76
16246,585;72
16247,585;72
16248,585;75
16249,585;4566
16250,585;6952
16251,585;69
16252,585;68
16253,585;86
16254,585;64
16255,585;4533
16256,585;6946
16257,585;61
16258,585;67
16259,585;70
16260,585;89
16261,585;4528
16262,585;6940
16263,514;66
16264,514;61
16265,514;67
16266,514;74
16267,514;4534
16268,514;6958
16269,514;77
16270,514;66
16271,514;74
16272,514;83
16273,514;4544
16274,514;6953
16275,514;73
16276,514;63
16277,514;69
16278,514;80
16279,514;4519
16280,514;6933
16281,514;70
16282,514;65
16283,514;83
16284,514;91
16285,514;4635
16286,514;6834
16287,514;74
16288,514;63
16289,514;65
16290,514;62
16291,514;4511
16292,514;6933
16293,514;76
16294,514;65
16295,514;75
16296,514;71
16297,514;4519
16298,514;6933
16299,514;56
16300,514;67
16301,514;74
16302,514;69
16303,514;4515
16304,514;6945
16305,514;54
16306,514;78
16307,514;73
16308,514;85
16309,514;4534
16310,514;6957
16311,514;54
16312,514;68
16313,514;81
16314,514;72
16315,514;4515
16316,514;6955
16317,514;49
16318,514;80
16319,514;69
16320,514;63
16321,514;4521
16322,514;6953
16323,514;73
16324,514;66
16325,514;73
16326,514;59
16327,514;4525
16328,514;6950
16329,514;71
16330,514;84
16331,514;60
16332,514;69
16333,514;4513
16334,514;6938
16335,514;65
16336,514;64
16337,514;77
16338,514;73
16339,514;4505
16340,514;6943
16341,514;59
16342,514;71
16343,514;63
16344,514;73
16345,514;4528
16346,514;6964
16347,514;59
16348,514;80
16349,514;90
16350,514;79
16351,514;4516
16352,514;6952
16353,514;68
16354,514;68
16355,514;58
16356,514;62
16357,514;4524
16358,514;6949
16359,514;51
16360,514;72
16361,514;64
16362,514;59
16363,514;4498
16364,514;6979
16365,514;69
16366,514;62
16367,514;69
16368,514;75
16369,514;4604
16370,514;6888
16371,514;76
16372,514;69
16373,514;79
16374,514;62
16375,514;4552
16376,514;6977
16377,514;67
16378,514;80
16379,514;81
16380,514;68
16381,514;4523
16382,514;6958
16383,514;65
16384,514;60
16385,514;59
16386,514;82
16387,514;4523
16388,514;6987
16389,514;66
16390,514;55
16391,514;68
16392,514;73
16393,514;4532
16394,514;6959
16395,514;49
16396,514;55
16397,514;88
16398,514;68
16399,514;4518
16400,514;6967
16401,514;66
16402,514;75
16403,514;71
16404,514;62
16405,514;4587
16406,514;6913
16407,514;73
16408,514;67
16409,514;75
16410,514;77
16411,514;4540
16412,514;6956
16413,514;53
16414,514;76
16415,514;59
16416,514;79
16417,514;4550
16418,514;6972
16419,514;66
16420,514;73
16421,514;60
16422,514;52
16423,514;4502
16424,514;6958
16425,514;74
16426,514;64
16427,514;57
16428,514;61
16429,514;4550
16430,514;6932
16431,514;66
16432,514;68
16433,514;63
16434,514;68
16435,514;4503
16436,514;6959
16437,514;64
16438,514;80
16439,514;53
16440,514;70
16441,514;4528
16442,514;6969
16443,514;67
16444,514;65
16445,514;68
16446,514;75
16447,514;4490
16448,514;6980
16449,514;70
16450,514;68
16451,514;68
16452,514;73
16453,514;4497
16454,514;6985
16455,514;60
16456,514;48
16457,514;70
16458,514;52
16459,514;4507
16460,514;6967
16461,514;61
16462,514;77
16463,514;59
16464,514;63
16465,085;4500
16466,085;6985
16467,085;50
16468,085;61
16469,085;67
16470,085;57
16471,085;4155
16472,085;6984
16473,085;65
16474,085;80
16475,085;64
16476,085;70
16477,085;4435
16478,085;6947
16479,085;49
16480,085;68
16481,085;73
16482,085;66
16483,085;4627
16484,085;6832
16485,085;55
16486,085;65
16487,085;60
16488,085;61
16489,085;4526
16490,085;6970
16491,085;57
16492,085;59
16493,085;55
16494,085;79
16495,085;4529
16496,085;6952
16497,085;54
16498,085;53
16499,085;65
16500,085;62
16501,085;4524
16502,085;6988
16503,085;57
16504,085;68
16505,085;58
16506,085;56
16507,085;4534
16508,085;6925
16509,085;62
16510,085;60
16511,085;61
16512,085;56
16513,085;4510
16514,085;6976
16515,085;46
16516,085;56
16517,085;68
16518,085;70
16519,085;4492
16520,085;6968
16521,085;56
16522,085;66
16523,085;67
16524,085;78
16525,085;4508
16526,085;6980
16527,085;59
16528,085;57
16529,085;72
16530,085;62
16531,085;4503
16532,085;6974
16533,085;56
16534,085;79
16535,085;65
16536,085;58
16537,085;4513
16538,085;6955
16539,085;75
16540,085;50
16541,085;69
16542,085;72
16543,085;4524
16544,085;6977
16545,085;55
16546,085;84
16547,085;65
16548,085;79
16549,085;4503
16550,085;7000
16551,085;79
16552,085;71
16553,085;69
16554,085;62
16555,085;4515
16556,085;6985
16557,085;57
16558,085;78
16559,085;71
16560,085;73
16561,085;4492
16562,085;6973
16563,085;51
16564,085;60
16565,085;73
16565,961;50
16566,961;4479
16567,961;6991
16568,961;61
16569,961;48
16570,961;70
16571,961;70
16572,961;4504
16573,961;6993
16574,961;66
16575,961;62
16576,961;72
16577,961;77
16578,961;4508
16579,961;6961
16580,961;74
16581,961;83
16582,961;72
16583,961;73
16584,961;4481
16585,961;6985
16586,961;65
16587,961;74
16588,961;61
16589,961;69
16590,961;4504
16591,961;6977
16592,961;70
16593,961;76
16594,961;80
16595,961;69
16596,961;4484
16597,961;6979
16598,961;60
16599,961;73
16600,961;62
16601,961;70
16602,961;4494
16603,961;6985
16604,961;56
16605,961;72
16606,961;71
16607,961;61
16608,961;4489
16609,961;7011
16610,961;63
16611,961;73
16612,961;76
16613,961;86
16614,961;4461
16615,961;6993
16616,961;72
16617,961;70
16618,961;75
16619,961;68
16620,961;4481
16621,961;6968
16622,961;67
16623,961;80
16624,961;72
16625,961;56
16626,961;4487
16627,961;6982
16628,961;72
16629,961;74
16630,961;64
16631,961;75
16632,961;4474
16633,961;7024
16634,961;60
16635,961;59
16636,961;78
16637,961;74
16638,961;4497
16639,961;7012
16640,961;68
16641,961;64
16642,961;60
16643,961;88
16644,961;4454
16645,961;6991
16646,961;69
16647,961;75
16648,961;70
16649,961;58
16650,961;4467
16651,961;7020
16652,961;55
16653,961;65
16654,961;73
16655,961;74
16656,961;4447
16657,961;7001
16658,961;58
16659,961;55
16660,961;77
16661,961;75
16662,961;4474
16663,961;7012
16664,961;65
16665,961;65
16667,26;71
16668,26;79
16669,26;4467
16670,26;7023
16671,26;71
16672,26;73
16673,26;68
16674,26;63
16675,26;4482
16676,26;6987
16677,26;73
16678,26;73
16679,26;76
16680,26;62
16681,26;4469
16682,26;6982
16683,26;67
16684,26;79
16685,26;71
16686,26;75
16687,26;4490
16688,26;7035
16689,26;73
16690,26;61
16691,26;69
16692,26;75
16693,26;4486
16694,26;6983
16695,26;69
16696,26;79
16697,26;68
16698,26;68
16699,26;4463
16700,26;6998
16701,26;66
16702,26;91
16703,26;68
16704,26;73
16705,26;4508
16706,26;7006
16707,26;70
16708,26;72
16709,26;71
16710,26;64
16711,26;4465
16712,26;6999
16713,26;67
16714,26;78
16715,26;78
16716,26;88
16717,26;4465
16718,26;6998
16719,26;73
16720,26;64
16721,26;69
16722,26;60
16723,26;4485
16724,26;7002
16725,26;75
16726,26;69
16727,26;69
16728,26;93
16729,26;4493
16730,26;7043
16731,26;82
16732,26;74
16733,26;72
16734,26;78
16735,26;4489
16736,26;7055
16737,26;62
16738,26;85
16739,26;69
16740,26;61
16741,26;4483
16742,26;7005
16743,26;45
16744,26;61
16745,26;84
16746,26;84
16747,26;4494
16748,26;7023
16749,26;63
16750,26;76
16751,26;59
16752,26;79
16753,26;4470
16754,26;7017
16755,26;75
16756,26;76
16757,26;78
16758,26;77
16759,26;4468
16760,26;7024
16761,26;78
16762,26;74
16763,26;79
16764,26;74
16765,26;4465
16766,26;7009
16767,26;67
16768,198;60
16769,198;59
16770,198;89
16771,198;4543
16772,198;6990
16773,198;75
16774,198;80
16775,198;63
16776,198;67
16777,198;4540
16778,198;6978
16779,198;74
16780,198;74
16781,198;80
16782,198;64
16783,198;4148
16784,198;7046
16785,198;69
16786,198;73
16787,198;66
16788,198;73
16789,198;4420
16790,198;7002
16791,198;60
16792,198;87
16793,198;70
16794,198;86
16795,198;4579
16796,198;6933
16797,198;67
16798,198;80
16799,198;70
16800,198;84
16801,198;4467
16802,198;7033
16803,198;74
16804,198;77
16805,198;81
16806,198;88
16807,198;4494
16808,198;7014
16809,198;78
16810,198;63
16811,198;61
16812,198;58
16813,198;4482
16814,198;7011
16815,198;63
16816,198;69
16817,198;93
16818,198;65
16819,198;4469
16820,198;7023
16821,198;86
16822,198;79
16823,198;67
16824,198;98
16825,198;4564
16826,198;6915
16827,198;89
16828,198;68
16829,198;85
16830,198;66
16831,198;4501
16832,198;7024
16833,198;43
16834,198;64
16835,198;78
16836,198;87
16837,198;4484
16838,198;7032
16839,198;71
16840,198;67
16841,198;73
16842,198;74
16843,198;4462
16844,198;7018
16845,198;80
16846,198;71
16847,198;66
16848,198;78
16849,198;4568
16850,198;6907
16851,198;59
16852,198;66
16853,198;67
16854,198;87
16855,198;4469
16856,198;7028
16857,198;83
16858,198;61
16859,198;74
16860,198;68
16861,198;4470
16862,198;7041
16863,198;57
16864,198;79
16865,198;74
16866,198;70
16867,198;4443
16868,198;7020
16869,198;68
16870,198;60
16871,198;71
16872,198;75
16873,198;4439
16874,198;7017
16875,198;70
16876,198;57
16877,198;69
16878,198;84
16879,198;4444
16880,198;7011
16881,198;71
16882,198;59
16883,198;72
16884,198;93
16885,198;4458
16886,198;7038
16887,198;63
16888,198;91
16889,198;74
16890,198;86
16891,198;4461
16892,198;7022
16893,198;61
16894,198;80
16895,198;78
16896,198;64
16897,198;4437
16898,198;7045
16899,198;60
16900,198;73
16901,198;69
16902,198;72
16903,198;4449
16904,198;7036
16905,198;63
16906,198;68
16907,198;60
16908,198;74
16909,198;4436
16910,198;7040
16911,198;69
16912,198;72
16913,198;73
16914,198;79
16915,198;4454
16916,198;7027
16917,198;72
16918,198;66
16919,198;77
16920,198;59
16921,198;4456
16922,198;7066
16923,198;64
16924,198;80
16925,198;81
16926,198;58
16927,198;4454
16928,198;7037
16929,198;62
16930,198;64
16931,198;74
16932,198;66
16933,198;4430
16934,198;7033
16935,198;69
16936,198;76
16937,198;79
16938,198;74
16939,198;4455
16940,198;7052
16941,198;67
16942,198;74
16943,198;59
16944,198;78
16945,198;4450
16946,198;7028
16947,198;69
16948,198;76
16949,198;72
16950,198;67
16951,198;4440
16952,198;7036
16953,198;54
16954,198;68
16955,198;68
16956,198;61
16957,198;4445
16958,198;7036
16959,198;78
16960,198;70
16961,198;75
16962,198;69
16963,198;4442
16964,198;7037
16965,198;58
16966,198;61
16967,198;66
16968,198;67
16969,198;4467
16970,22;7034
16971,22;57
16972,22;61
16973,22;82
16974,22;76
16975,22;4442
16976,22;7044
16977,22;63
16978,22;63
16979,22;87
16980,22;72
16981,22;4448
16982,22;7035
16983,22;57
16984,22;68
16985,22;80
16986,22;71
16987,22;4443
16988,22;7061
16989,22;55
16990,22;72
16991,22;65
16992,22;66
16993,22;4434
16994,22;7055
16995,22;60
16996,22;69
16997,22;57
16998,22;74
16999,22;4415
17000,22;7039
17001,22;71
17002,22;58
17003,22;65
17004,22;55
17005,22;4433
17006,22;7061
17007,22;81
17008,22;81
17009,22;77
17010,22;58
17011,22;4417
17012,22;7066
17013,22;69
17014,22;66
17015,22;72
17016,22;77
17017,22;4428
17018,22;7037
17019,22;65
17020,22;58
17021,22;81
17022,22;69
17023,22;4422
17024,22;7051
17025,22;67
17026,22;75
17027,22;64
17028,22;71
17029,22;4441
17030,22;7049
17031,22;53
17032,22;51
17033,22;65
17034,22;61
17035,22;4411
17036,22;7065
17037,22;61
17038,22;67
17039,22;75
17040,22;73
17041,22;4415
17042,22;7054
17043,22;72
17044,22;61
17045,22;72
17046,22;74
17047,22;4448
17048,22;7069
17049,22;51
17050,22;80
17051,22;67
17052,22;87
17053,22;4434
17054,22;7077
17055,22;54
17056,22;71
17057,22;78
17058,22;79
17059,22;4447
17060,22;7071
17061,22;65
17062,22;68
17063,22;77
17064,22;65
17065,22;4434
17066,22;7082
17067,22;68
17068,22;57
17069,22;67
17070,22;61
17070,669;4419
17071,669;7046
17072,669;66
17073,669;79
17074,669;63
17075,669;67
17076,669;4417
17077,669;7040
17078,669;67
17079,669;69
17080,669;73
17081,669;63
17082,669;4423
17083,669;7057
17084,669;38
17085,669;60
17086,669;87
17087,669;72
17088,669;4505
17089,669;6945
17090,669;57
17091,669;47
17092,669;65
17093,669;72
17094,669;4052
17095,669;7069
17096,669;63
17097,669;70
17098,669;59
17099,669;69
17100,669;4340
17101,669;7062
17102,669;47
17103,669;63
17104,669;57
17105,669;59
17106,669;4400
17107,669;7051
17108,669;74
17109,669;67
17110,669;68
17111,669;62
17112,669;4421
17113,669;7087
17114,669;67
17115,669;64
17116,669;67
17117,669;66
17118,669;4409
17119,669;7073
17120,669;73
17121,669;76
17122,669;63
17123,669;59
17124,669;4424
17125,669;7077
17126,669;62
17127,669;58
17128,669;66
17129,669;56
17130,669;4420
17131,669;7067
17132,669;48
17133,669;61
17134,669;69
17135,669;61
17136,669;4434
17137,669;7075
17138,669;62
17139,669;63
17140,669;73
17141,669;51
17142,669;4404
17143,669;7067
17144,669;59
17145,669;67
17146,669;47
17147,669;62
17148,669;4468
17149,669;7025
17150,669;82
17151,669;69
17152,669;75
17153,669;64
17154,669;4429
17155,669;7078
17156,669;78
17157,669;74
17158,669;69
17159,669;76
17160,669;4410
17161,669;7073
17162,669;63
17163,669;75
17164,669;70
17165,669;59
17166,669;4421
17167,669;7075
17168,669;71
17169,669;57
17170,669;74
17171,983;74
17172,983;4401
17173,983;7067
17174,983;63
17175,983;72
17176,983;77
17177,983;72
17178,983;4404
17179,983;7098
17180,983;61
17181,983;66
17182,983;54
17183,983;64
17184,983;4414
17185,983;7087
17186,983;73
17187,983;74
17188,983;66
17189,983;58
17190,983;4419
17191,983;7075
17192,983;60
17193,983;65
17194,983;76
17195,983;73
17196,983;4398
17197,983;7088
17198,983;70
17199,983;80
17200,983;76
17201,983;56
17202,983;4452
17203,983;7036
17204,983;60
17205,983;70
17206,983;59
17207,983;82
17208,983;4424
17209,983;7087
17210,983;64
17211,983;67
17212,983;75
17213,983;64
17214,983;4390
17215,983;7076
17216,983;78
17217,983;76
17218,983;69
17219,983;57
17220,983;4403
17221,983;7080
17222,983;55
17223,983;63
17224,983;67
17225,983;48
17226,983;4408
17227,983;7073
17228,983;79
17229,983;77
17230,983;75
17231,983;77
17232,983;4387
17233,983;7049
17234,983;85
17235,983;59
17236,983;70
17237,983;52
17238,983;4405
17239,983;7080
17240,983;67
17241,983;60
17242,983;87
17243,983;81
17244,983;4390
17245,983;7093
17246,983;54
17247,983;57
17248,983;69
17249,983;72
17250,983;4389
17251,983;7082
17252,983;66
17253,983;59
17254,983;55
17255,983;68
17256,983;4411
17257,983;7082
17258,983;66
17259,983;73
17260,983;66
17261,983;72
17262,983;4396
17263,983;7072
17264,983;65
17265,983;58
17266,983;80
17267,983;84
17268,983;4401
17269,983;7061
17270,983;74
17271,983;70
17273,447;75
17274,447;74
17275,447;4385
17276,447;7065
17277,447;69
17278,447;71
17279,447;78
17280,447;75
17281,447;4394
17282,447;7108
17283,447;66
17284,447;77
17285,447;73
17286,447;68
17287,447;4395
17288,447;7077
17289,447;66
17290,447;68
17291,447;63
17292,447;74
17293,447;4407
17294,447;7096
17295,447;75
17296,447;55
17297,447;72
17298,447;71
17299,447;4406
17300,447;7093
17301,447;68
17302,447;75
17303,447;79
17304,447;67
17305,447;4398
17306,447;7071
17307,447;60
17308,447;74
17309,447;88
17310,447;69
17311,447;4381
17312,447;7096
17313,447;71
17314,447;86
17315,447;86
17316,447;85
17317,447;4416
17318,447;7105
17319,447;63
17320,447;95
17321,447;76
17322,447;84
17323,447;4385
17324,447;7095
17325,447;51
17326,447;80
17327,447;74
17328,447;74
17329,447;4406
17330,447;7073
17331,447;82
17332,447;65
17333,447;76
17334,447;63
17335,447;4405
17336,447;7105
17337,447;86
17338,447;76
17339,447;67
17340,447;78
17341,447;4418
17342,447;7102
17343,447;66
17344,447;76
17345,447;79
17346,447;61
17347,447;4396
17348,447;7112
17349,447;74
17350,447;66
17351,447;78
17352,447;74
17353,447;4411
17354,447;7105
17355,447;65
17356,447;76
17357,447;74
17358,447;78
17359,447;4397
17360,447;7092
17361,447;76
17362,447;87
17363,447;70
17364,447;102
17365,447;4428
17366,447;7103
17367,447;79
17368,447;83
17369,447;74
17370,447;65
17371,447;4434
17372,447;7108
17373,447;84
17374,447;71
17375,447;58
17376,447;70
17377,447;4396
17378,447;7087
17379,447;68
17380,447;67
17381,447;77
17382,447;69
17383,447;4399
17384,447;7105
17385,447;90
17386,447;67
17387,447;84
17388,447;67
17389,447;4401
17390,447;7100
17391,447;54
17392,447;74
17393,447;58
17394,447;65
17395,447;4391
17396,447;7117
17397,447;65
17398,447;81
17399,447;75
17400,447;72
17401,447;4370
17402,447;7087
17403,447;72
17404,447;69
17405,447;72
17406,447;70
17407,447;4022
17408,447;7126
17409,447;54
17410,447;79
17411,447;69
17412,447;78
17413,447;4317
17414,447;7124
17415,447;67
17416,447;80
17417,447;55
17418,447;66
17419,447;4386
17420,447;7095
17421,447;61
17422,447;71
17423,447;66
17424,447;82
17425,447;4393
17426,447;7098
17427,447;81
17428,447;59
17429,447;77
17430,447;76
17431,447;4393
17432,447;7109
17433,447;73
17434,447;76
17435,447;78
17436,447;66
17437,447;4377
17438,447;7122
17439,447;65
17440,447;71
17441,447;80
17442,447;71
17443,447;4411
17444,447;7077
17445,447;69
17446,447;74
17447,447;77
17448,447;68
17449,447;4392
17450,447;7066
17451,447;57
17452,447;63
17453,447;62
17454,447;75
17455,447;4384
17456,447;7086
17457,447;72
17458,447;77
17459,447;73
17460,447;63
17461,447;4364
17462,447;7104
17463,447;75
17464,447;73
17465,447;67
17466,447;76
17467,447;4414
17468,447;7126
17469,447;68
17470,447;76
17471,447;78
17472,447;80
17473,447;4396
17474,447;7107
17475,894;68
17476,894;76
17477,894;64
17478,894;85
17479,894;4368
17480,894;7096
17481,894;68
17482,894;61
17483,894;71
17484,894;78
17485,894;4401
17486,894;7118
17487,894;76
17488,894;63
17489,894;68
17490,894;71
17491,894;4379
17492,894;7136
17493,894;88
17494,894;75
17495,894;83
17496,894;67
17497,894;4352
17498,894;7124
17499,894;65
17500,894;78
17501,894;71
17502,894;68
17503,894;4354
17504,894;7145
17505,894;94
17506,894;78
17507,894;67
17508,894;57
17509,894;4383
17510,894;7118
17511,894;74
17512,894;76
17513,894;64
17514,894;75
17515,894;4378
17516,894;7124
17517,894;64
17518,894;74
17519,894;69
17520,894;66
17521,894;4349
17522,894;7095
17523,894;57
17524,894;54
17525,894;78
17526,894;68
17527,894;4357
17528,894;7124
17529,894;73
17530,894;80
17531,894;68
17532,894;69
17533,894;4333
17534,894;7132
17535,894;61
17536,894;65
17537,894;83
17538,894;56
17539,894;4371
17540,894;7135
17541,894;58
17542,894;78
17543,894;69
17544,894;83
17545,894;4389
17546,894;7044
17547,894;55
17548,894;77
17549,894;71
17550,894;81
17551,894;4342
17552,894;7118
17553,894;60
17554,894;62
17555,894;69
17556,894;57
17557,894;4341
17558,894;7119
17559,894;66
17560,894;64
17561,894;71
17562,894;64
17563,894;4344
17564,894;7120
17565,894;63
17566,894;68
17567,894;81
17568,894;75
17569,894;4334
17570,894;7130
17571,894;61
17572,894;61
17573,894;63
17574,894;70
17575,894;4339
17576,706;7138
17577,706;70
17578,706;72
17579,706;67
17580,706;89
17581,706;4332
17582,706;7151
17583,706;79
17584,706;78
17585,706;76
17586,706;70
17587,706;4333
17588,706;7132
17589,706;68
17590,706;80
17591,706;71
17592,706;76
17593,706;4339
17594,706;7120
17595,706;64
17596,706;92
17597,706;73
17598,706;74
17599,706;4348
17600,706;7131
17601,706;53
17602,706;72
17603,706;74
17604,706;74
17605,706;4338
17606,706;7144
17607,706;79
17608,706;82
17609,706;67
17610,706;70
17611,706;4343
17612,706;7138
17613,706;63
17614,706;74
17615,706;66
17616,706;59
17617,706;4350
17618,706;7146
17619,706;62
17620,706;60
17621,706;75
17622,706;79
17623,706;4326
17624,706;7146
17625,706;87
17626,706;80
17627,706;74
17628,706;67
17629,706;4352
17630,706;7152
17631,706;60
17632,706;72
17633,706;73
17634,706;61
17635,706;4329
17636,706;7150
17637,706;81
17638,706;71
17639,706;66
17640,706;71
17641,706;4328
17642,706;7151
17643,706;73
17644,706;84
17645,706;59
17646,706;67
17647,706;4369
17648,706;7115
17649,706;74
17650,706;74
17651,706;80
17652,706;61
17653,706;4369
17654,706;7121
17655,706;58
17656,706;79
17657,706;65
17658,706;74
17659,706;4308
17660,706;7142
17661,706;55
17662,706;70
17663,706;56
17664,706;69
17665,706;4325
17666,706;7164
17667,706;53
17668,706;71
17669,706;63
17670,706;65
17671,706;4333
17672,706;7141
17673,706;53
17674,706;57
17675,706;69
17676,706;66
17677,249;4348
17678,249;7131
17679,249;61
17680,249;65
17681,249;71
17682,249;67
17683,249;4323
17684,249;7156
17685,249;57
17686,249;57
17687,249;66
17688,249;76
17689,249;4354
17690,249;7136
17691,249;63
17692,249;57
17693,249;67
17694,249;53
17695,249;4337
17696,249;7152
17697,249;51
17698,249;79
17699,249;72
17700,249;76
17701,249;4300
17702,249;7155
17703,249;67
17704,249;57
17705,249;62
17706,249;60
17707,249;4308
17708,249;7143
17709,249;49
17710,249;58
17711,249;67
17712,249;65
17713,249;4309
17714,249;7147
17715,249;59
17716,249;60
17717,249;51
17718,249;53
17719,249;3969
17720,249;7167
17721,249;42
17722,249;49
17723,249;60
17724,249;66
17725,249;4260
17726,249;7140
17727,249;53
17728,249;64
17729,249;66
17730,249;63
17731,249;4315
17732,249;7141
17733,249;65
17734,249;57
17735,249;86
17736,249;62
17737,249;4318
17738,249;7145
17739,249;52
17740,249;56
17741,249;77
17742,249;68
17743,249;4322
17744,249;7148
17745,249;60
17746,249;72
17747,249;73
17748,249;55
17749,249;4315
17750,249;7142
17751,249;31
17752,249;72
17753,249;69
17754,249;68
17755,249;4318
17756,249;7156
17757,249;50
17758,249;63
17759,249;60
17760,249;73
17761,249;4306
17762,249;7166
17763,249;51
17764,249;67
17765,249;59
17766,249;78
17767,249;4338
17768,249;7144
17769,249;49
17770,249;64
17771,249;59
17772,249;48
17773,249;4323
17774,249;7147
17775,249;52
17776,249;58
17777,249;75
17777,768;72
17778,768;4310
17779,768;7168
17780,768;70
17781,768;60
17782,768;58
17783,768;67
17784,768;4325
17785,768;7166
17786,768;62
17787,768;76
17788,768;72
17789,768;69
17790,768;4309
17791,768;7175
17792,768;52
17793,768;67
17794,768;67
17795,768;57
17796,768;4309
17797,768;7178
17798,768;60
17799,768;68
17800,768;66
17801,768;70
17802,768;4308
17803,768;7142
17804,768;53
17805,768;61
17806,768;71
17807,768;69
17808,768;4307
17809,768;7186
17810,768;73
17811,768;58
17812,768;81
17813,768;70
17814,768;4333
17815,768;7180
17816,768;67
17817,768;63
17818,768;56
17819,768;74
17820,768;4318
17821,768;7182
17822,768;67
17823,768;69
17824,768;65
17825,768;61
17826,768;4352
17827,768;7188
17828,768;63
17829,768;75
17830,768;55
17831,768;65
17832,768;4307
17833,768;7172
17834,768;70
17835,768;64
17836,768;70
17837,768;60
17838,768;4314
17839,768;7175
17840,768;63
17841,768;76
17842,768;64
17843,768;77
17844,768;4304
17845,768;7176
17846,768;66
17847,768;71
17848,768;64
17849,768;64
17850,768;4323
17851,768;7167
17852,768;58
17853,768;89
17854,768;91
17855,768;81
17856,768;4305
17857,768;7179
17858,768;76
17859,768;63
17860,768;88
17861,768;56
17862,768;4317
17863,768;7172
17864,768;61
17865,768;74
17866,768;70
17867,768;60
17868,768;4313
17869,768;7160
17870,768;64
17871,768;59
17872,768;76
17873,768;75
17874,768;4304
17875,768;7183
17876,768;61
17877,768;63
17883,045;48
17884,045;83
17885,045;4296
17886,045;7176
17887,045;66
17888,045;63
17889,045;68
17890,045;85
17891,045;4326
17892,045;7168
17893,045;58
17894,045;54
17895,045;66
17896,045;75
17897,045;4292
17898,045;7168
17899,045;62
17900,045;80
17901,045;68
17902,045;78
17903,045;4275
17904,045;7215
17905,045;54
17906,045;67
17907,045;81
17908,045;68
17909,045;4293
17910,045;7169
17911,045;64
17912,045;51
17913,045;79
17914,045;68
17915,045;4328
17916,045;7165
17917,045;62
17918,045;64
17919,045;61
17920,045;64
17921,045;4306
17922,045;7176
17923,045;63
17924,045;69
17925,045;82
17926,045;86
17927,045;4317
17928,045;7190
17929,045;70
17930,045;62
17931,045;78
17932,045;69
17933,045;4314
17934,045;7176
17935,045;60
17936,045;72
17937,045;62
17938,045;78
17939,045;4316
17940,045;7204
17941,045;86
17942,045;86
17943,045;66
17944,045;66
17945,045;4295
17946,045;7179
17947,045;64
17948,045;87
17949,045;90
17950,045;64
17951,045;4280
17952,045;7198
17953,045;79
17954,045;85
17955,045;72
17956,045;67
17957,045;4332
17958,045;7208
17959,045;90
17960,045;70
17961,045;81
17962,045;71
17963,045;4284
17964,045;7197
17965,045;65
17966,045;79
17967,045;74
17968,045;71
17969,045;4318
17970,045;7212
17971,045;66
17972,045;84
17973,045;52
17974,045;73
17975,045;4320
17976,045;7171
17977,045;69
17978,045;76
17979,045;60
17980,045;84
17981,045;4308
17982,045;7176
17983,045;70
17980,045;78
17981,045;66
17982,045;77
17983,045;4287
17984,045;7181
17985,045;62
17986,045;68
17987,045;77
17988,045;66
17989,045;4275
17990,045;7200
17991,045;78
17992,045;72
17993,045;82
17994,045;69
17995,045;4307
17996,045;7212
17997,045;72
17998,045;89
17999,045;79
18000,045;74
18001,045;4294
18002,045;7216
18003,045;62
18004,045;61
18005,045;73
18006,045;72
18007,045;4329
18008,045;7215
18009,045;75
18010,045;62
18011,045;72
18012,045;85
18013,045;4299
18014,045;7210
18015,045;78
18016,045;75
18017,045;71
18018,045;84
18019,045;4266
18020,045;7216
18021,045;53
18022,045;63
18023,045;73
18024,045;81
18025,045;4266
18026,045;7196
18027,045;69
18028,045;63
18029,045;75
18030,045;69
18031,045;3991
18032,045;7152
18033,045;70
18034,045;74
18035,045;64
18036,045;77
18037,045;4217
18038,045;7209
18039,045;68
18040,045;72
18041,045;94
18042,045;81
18043,045;4272
18044,045;7219
18045,045;73
18046,045;71
18047,045;82
18048,045;80
18049,045;4303
18050,045;7206
18051,045;77
18052,045;93
18053,045;64
18054,045;61
18055,045;4304
18056,045;7217
18057,045;78
18058,045;66
18059,045;63
18060,045;72
18061,045;4286
18062,045;7207
18063,045;78
18064,045;77
18065,045;75
18066,045;77
18067,045;4290
18068,045;7196
18069,045;72
18070,045;73
18071,045;77
18072,045;66
18073,045;4293
18074,045;7209
18075,045;67
18076,045;81
18077,045;77
18078,045;79
18079,045;4294
18080,045;7215
18081,016;70
18082,016;68
18083,016;69
18084,016;71
18085,016;4313
18086,016;7200
18087,016;61
18088,016;63
18089,016;69
18090,016;93
18091,016;4277
18092,016;7196
18093,016;85
18094,016;65
18095,016;66
18096,016;54
18097,016;4290
18098,016;7209
18099,016;66
18100,016;69
18101,016;69
18102,016;74
18103,016;4285
18104,016;7203
18105,016;67
18106,016;78
18107,016;83
18108,016;60
18109,016;4268
18110,016;7218
18111,016;63
18112,016;73
18113,016;68
18114,016;66
18115,016;4303
18116,016;7212
18117,016;64
18118,016;72
18119,016;77
18120,016;87
18121,016;4251
18122,016;7224
18123,016;74
18124,016;77
18125,016;74
18126,016;65
18127,016;4257
18128,016;7237
18129,016;60
18130,016;66
18131,016;67
18132,016;71
18133,016;4269
18134,016;7226
18135,016;54
18136,016;72
18137,016;65
18138,016;71
18139,016;4270
18140,016;7217
18141,016;66
18142,016;72
18143,016;68
18144,016;73
18145,016;4251
18146,016;7212
18147,016;68
18148,016;78
18149,016;72
18150,016;70
18151,016;4246
18152,016;7232
18153,016;68
18154,016;87
18155,016;84
18156,016;60
18157,016;4262
18158,016;7221
18159,016;63
18160,016;59
18161,016;78
18162,016;81
18163,016;4259
18164,016;7244
18165,016;61
18166,016;69
18167,016;65
18168,016;71
18169,016;4258
18170,016;7238
18171,016;70
18172,016;97
18173,016;67
18174,016;59
18175,016;4243
18176,016;7216
18177,016;71
18178,016;70
18179,016;84
18180,016;62
18181,016;4258
18182,236;7235
18183,236;69
18184,236;81
18185,236;75
18186,236;80
18187,236;4277
18188,236;7207
18189,236;64
18190,236;71
18191,236;64
18192,236;79
18193,236;4269
18194,236;7223
18195,236;65
18196,236;67
18197,236;71
18198,236;65
18199,236;4261
18200,236;7233
18201,236;66
18202,236;77
18203,236;81
18204,236;64
18205,236;4263
18206,236;7220
18207,236;56
18208,236;61
18209,236;72
18210,236;66
18211,236;4253
18212,236;7230
18213,236;59
18214,236;54
18215,236;64
18216,236;76
18217,236;4239
18218,236;7223
18219,236;62
18220,236;87
18221,236;64
18222,236;65
18223,236;4216
18224,236;7241
18225,236;59
18226,236;52
18227,236;78
18228,236;80
18229,236;4255
18230,236;7219
18231,236;66
18232,236;61
18233,236;59
18234,236;60
18235,236;4233
18236,236;7218
18237,236;48
18238,236;68
18239,236;62
18240,236;75
18241,236;4234
18242,236;7228
18243,236;72
18244,236;73
18245,236;74
18246,236;63
18247,236;4224
18248,236;7225
18249,236;50
18250,236;67
18251,236;79
18252,236;72
18253,236;4227
18254,236;7236
18255,236;72
18256,236;68
18257,236;72
18258,236;72
18259,236;4234
18260,236;7220
18261,236;67
18262,236;61
18263,236;81
18264,236;58
18265,236;4235
18266,236;7250
18267,236;68
18268,236;72
18269,236;64
18270,236;71
18271,236;4257
18272,236;7240
18273,236;76
18274,236;70
18275,236;60
18276,236;66
18277,236;4252
18278,236;7243
18279,236;49
18280,236;63
18281,236;74
18282,236;74
18283,651;4244
18284,651;7223
18285,651;74
18286,651;72
18287,651;87
18288,651;68
18289,651;4242
18290,651;7231
18291,651;73
18292,651;59
18293,651;64
18294,651;73
18295,651;4247
18296,651;7224
18297,651;66
18298,651;64
18299,651;76
18300,651;78
18301,651;4219
18302,651;7243
18303,651;62
18304,651;67
18305,651;70
18306,651;66
18307,651;4238
18308,651;7258
18309,651;59
18310,651;47
18311,651;74
18312,651;84
18313,651;4227
18314,651;7238
18315,651;62
18316,651;69
18317,651;68
18318,651;61
18319,651;4202
18320,651;7256
18321,651;62
18322,651;65
18323,651;61
18324,651;62
18325,651;4225
18326,651;7261
18327,651;69
18328,651;54
18329,651;71
18330,651;64
18331,651;4230
18332,651;7256
18333,651;53
18334,651;73
18335,651;59
18336,651;54
18337,651;4297
18338,651;7164
18339,651;69
18340,651;52
18341,651;64
18342,651;54
18343,651;3856
18344,651;7259
18345,651;46
18346,651;59
18347,651;69
18348,651;66
18349,651;4125
18350,651;7257
18351,651;48
18352,651;52
18353,651;62
18354,651;66
18355,651;4194
18356,651;7219
18357,651;64
18358,651;63
18359,651;69
18360,651;54
18361,651;4224
18362,651;7231
18363,651;58
18364,651;65
18365,651;60
18366,651;63
18367,651;4223
18368,651;7243
18369,651;80
18370,651;44
18371,651;58
18372,651;55
18373,651;4232
18374,651;7266
18375,651;56
18376,651;68
18377,651;81
18378,651;69
18379,651;4202
18380,651;7259
18381,651;58
18382,651;81
18383,651;68
18384,014;68
18385,014;4194
18386,014;7242
18387,014;69
18388,014;67
18389,014;48
18390,014;57
18391,014;4192
18392,014;7262
18393,014;67
18394,014;71
18395,014;59
18396,014;73
18397,014;4216
18398,014;7233
18399,014;50
18400,014;80
18401,014;67
18402,014;58
18403,014;4217
18404,014;7261
18405,014;44
18406,014;74
18407,014;70
18408,014;75
18409,014;4215
18410,014;7256
18411,014;54
18412,014;75
18413,014;63
18414,014;71
18415,014;4217
18416,014;7248
18417,014;58
18418,014;66
18419,014;66
18420,014;79
18421,014;4211
18422,014;7251
18423,014;72
18424,014;67
18425,014;71
18426,014;70
18427,014;4187
18428,014;7275
18429,014;64
18430,014;78
18431,014;70
18432,014;66
18433,014;4192
18434,014;7253
18435,014;67
18436,014;66
18437,014;58
18438,014;72
18439,014;4204
18440,014;7250
18441,014;70
18442,014;63
18443,014;72
18444,014;69
18445,014;4211
18446,014;7271
18447,014;65
18448,014;77
18449,014;61
18450,014;58
18451,014;4199
18452,014;7297
18453,014;67
18454,014;60
18455,014;76
18456,014;78
18457,014;4206
18458,014;7266
18459,014;56
18460,014;67
18461,014;63
18462,014;63
18463,014;4173
18464,014;7271
18465,014;77
18466,014;54
18467,014;72
18468,014;71
18469,014;4222
18470,014;7233
18471,014;65
18472,014;67
18473,014;81
18474,014;65
18475,014;4184
18476,014;7274
18477,014;70
18478,014;60
18479,014;65
18480,014;66
18481,014;4288
18482,014;7175
18483,014;72
18484,014;68
18485,014;65
18486,014;65
18487,014;4210
18488,014;7282
18489,014;63
18490,014;67
18491,014;86
18492,014;64
18493,014;4309
18494,014;7146
18495,014;56
18496,014;67
18497,014;78
18498,014;79
18499,014;4161
18500,014;7306
18501,014;56
18502,014;90
18503,014;68
18504,014;67
18505,014;4184
18506,014;7283
18507,014;76
18508,014;64
18509,014;59
18510,014;58
18511,014;4170
18512,014;7265
18513,014;58
18514,014;70
18515,014;74
18516,014;73
18517,014;4245
18518,014;7224
18519,014;65
18520,014;64
18521,014;76
18522,014;81
18523,014;4189
18524,014;7282
18525,014;70
18526,014;80
18527,014;69
18528,014;75
18529,014;4186
18530,014;7285
18531,014;65
18532,014;65
18533,014;63
18534,014;70
18535,014;4211
18536,014;7275
18537,014;59
18538,014;79
18539,014;73
18540,014;67
18541,014;4193
18542,014;7269
18543,014;59
18544,014;68
18545,014;81
18546,014;83
18547,014;4201
18548,014;7278
18549,014;51
18550,014;70
18551,014;59
18552,014;84
18553,014;4197
18554,014;7270
18555,014;64
18556,014;66
18557,014;73
18558,014;68
18559,014;4173
18560,014;7282
18561,014;94
18562,014;71
18563,014;65
18564,014;66
18565,014;4200
18566,014;7288
18567,014;60
18568,014;74
18569,014;70
18570,014;83
18571,014;4171
18572,014;7327
18573,014;59
18574,014;77
18575,014;68
18576,014;58
18577,014;4230
18578,014;7281
18579,014;92
18580,014;71
18581,014;77
18582,014;63
18583,014;4187
18584,014;7292
18585,014;67
18586,446;67
18587,446;83
18588,446;80
18589,446;4187
18590,446;7307
18591,446;87
18592,446;71
18593,446;71
18594,446;72
18595,446;4207
18596,446;7285
18597,446;55
18598,446;72
18599,446;75
18600,446;85
18601,446;4180
18602,446;7292
18603,446;83
18604,446;67
18605,446;71
18606,446;71
18607,446;4211
18608,446;7299
18609,446;66
18610,446;78
18611,446;71
18612,446;84
18613,446;4196
18614,446;7287
18615,446;62
18616,446;69
18617,446;83
18618,446;67
18619,446;4182
18620,446;7287
18621,446;63
18622,446;61
18623,446;77
18624,446;71
18625,446;4203
18626,446;7281
18627,446;72
18628,446;69
18629,446;78
18630,446;59
18631,446;4197
18632,446;7305
18633,446;60
18634,446;72
18635,446;66
18636,446;82
18637,446;4171
18638,446;7302
18639,446;69
18640,446;73
18641,446;71
18642,446;85
18643,446;4185
18644,446;7283
18645,446;61
18646,446;56
18647,446;69
18648,446;76
18649,446;4174
18650,446;7288
18651,446;71
18652,446;74
18653,446;80
18654,446;74
18655,446;3832
18656,446;7337
18657,446;71
18658,446;79
18659,446;78
18660,446;81
18661,446;4106
18662,446;7286
18663,446;72
18664,446;60
18665,446;81
18666,446;69
18667,446;4174
18668,446;7310
18669,446;65
18670,446;61
18671,446;67
18672,446;82
18673,446;4160
18674,446;7301
18675,446;71
18676,446;71
18677,446;71
18678,446;85
18679,446;4184
18680,446;7323
18681,446;63
18682,446;75
18683,446;78
18684,446;90
18685,446;4173
18686,446;7310
18686,859;68
18687,859;73
18688,859;80
18689,859;80
18690,859;4177
18691,859;7287
18692,859;59
18693,859;74
18694,859;60
18695,859;72
18696,859;4161
18697,859;7315
18698,859;59
18699,859;73
18700,859;61
18701,859;80
18702,859;4157
18703,859;7323
18704,859;56
18705,859;67
18706,859;59
18707,859;76
18708,859;4165
18709,859;7284
18710,859;80
18711,859;59
18712,859;75
18713,859;72
18714,859;4167
18715,859;7307
18716,859;62
18717,859;73
18718,859;67
18719,859;77
18720,859;4161
18721,859;7286
18722,859;62
18723,859;79
18724,859;60
18725,859;92
18726,859;4171
18727,859;7330
18728,859;76
18729,859;86
18730,859;72
18731,859;72
18732,859;4161
18733,859;7266
18734,859;61
18735,859;66
18736,859;57
18737,859;85
18738,859;4142
18739,859;7339
18740,859;68
18741,859;70
18742,859;81
18743,859;67
18744,859;4179
18745,859;7334
18746,859;62
18747,859;69
18748,859;74
18749,859;73
18750,859;4178
18751,859;7287
18752,859;72
18753,859;61
18754,859;68
18755,859;68
18756,859;4160
18757,859;7273
18758,859;90
18759,859;75
18760,859;69
18761,859;79
18762,859;4158
18763,859;7315
18764,859;66
18765,859;70
18766,859;72
18767,859;68
18768,859;4283
18769,859;7194
18770,859;55
18771,859;75
18772,859;74
18773,859;81
18774,859;4136
18775,859;7311
18776,859;68
18777,859;72
18778,859;77
18779,859;67
18780,859;4148
18781,859;7315
18782,859;64
18783,859;80
18784,859;75
18785,859;67
18786,859;4141
18788,507;7320
18789,507;59
18790,507;71
18791,507;68
18792,507;83
18793,507;4111
18794,507;7314
18795,507;69
18796,507;85
18797,507;64
18798,507;77
18799,507;4152
18800,507;7318
18801,507;85
18802,507;60
18803,507;70
18804,507;75
18805,507;4147
18806,507;7317
18807,507;72
18808,507;76
18809,507;67
18810,507;65
18811,507;4142
18812,507;7322
18813,507;69
18814,507;82
18815,507;64
18816,507;81
18817,507;4146
18818,507;7315
18819,507;82
18820,507;67
18821,507;65
18822,507;70
18823,507;4126
18824,507;7327
18825,507;62
18826,507;74
18827,507;62
18828,507;75
18829,507;4133
18830,507;7343
18831,507;60
18832,507;62
18833,507;70
18834,507;87
18835,507;4136
18836,507;7331
18837,507;64
18838,507;69
18839,507;69
18840,507;75
18841,507;4131
18842,507;7341
18843,507;62
18844,507;59
18845,507;83
18846,507;66
18847,507;4112
18848,507;7333
18849,507;66
18850,507;75
18851,507;69
18852,507;68
18853,507;4117
18854,507;7305
18855,507;62
18856,507;63
18857,507;69
18858,507;65
18859,507;4135
18860,507;7324
18861,507;72
18862,507;68
18863,507;75
18864,507;52
18865,507;4122
18866,507;7336
18867,507;64
18868,507;73
18869,507;72
18870,507;66
18871,507;4131
18872,507;7335
18873,507;51
18874,507;72
18875,507;69
18876,507;63
18877,507;4149
18878,507;7332
18879,507;70
18880,507;73
18881,507;75
18882,507;64
18883,507;4104
18884,507;7328
18885,507;52
18886,507;58
18887,507;68
18888,507;66
18889,112;4164
18890,112;7311
18891,112;66
18892,112;71
18893,112;67
18894,112;62
18895,112;4102
18896,112;7334
18897,112;72
18898,112;75
18899,112;80
18900,112;86
18901,112;4117
18902,112;7321
18903,112;69
18904,112;66
18905,112;59
18906,112;65
18907,112;4145
18908,112;7319
18909,112;84
18910,112;61
18911,112;70
18912,112;57
18913,112;4141
18914,112;7332
18915,112;61
18916,112;66
18917,112;66
18918,112;68
18919,112;4146
18920,112;7341
18921,112;45
18922,112;61
18923,112;66
18924,112;62
18925,112;4111
18926,112;7327
18927,112;68
18928,112;60
18929,112;66
18930,112;72
18931,112;4122
18932,112;7352
18933,112;61
18934,112;80
18935,112;68
18936,112;64
18937,112;4125
18938,112;7280
18939,112;60
18940,112;46
18941,112;62
18942,112;64
18943,112;4117
18944,112;7355
18945,112;62
18946,112;72
18947,112;62
18948,112;76
18949,112;4137
18950,112;7352
18951,112;62
18952,112;63
18953,112;45
18954,112;63
18955,112;4190
18956,112;7291
18957,112;66
18958,112;62
18959,112;55
18960,112;62
18961,112;4104
18962,112;7318
