2723,899;69
2724,899;7959
2725,899;85
2726,899;78
2727,899;81
2728,899;79
2729,899;1517
2730,899;10997
2731,899;78
2732,899;105
2733,899;89
2734,899;92
2735,899;2473
2736,899;10897
2737,899;77
2738,899;89
2739,899;93
2740,899;79
2741,899;2631
2742,899;10879
2743,899;76
2744,899;86
2745,899;82
2746,899;82
2747,899;2631
2748,899;10887
2749,899;75
2750,899;71
2751,899;86
2752,899;96
2753,899;2677
2754,899;10851
2755,899;80
2756,899;106
2757,899;100
2758,899;93
2759,899;2660
2760,899;10872
2761,899;88
2762,899;86
2763,899;107
2764,899;86
2765,899;2633
2766,899;10862
2767,899;85
2768,899;83
2769,899;99
2770,899;77
2771,899;2666
2772,899;10841
2773,899;85
2774,899;90
2775,899;84
2776,899;97
2777,899;2683
2778,899;10853
2779,899;94
2780,899;92
2781,899;94
2782,899;94
2783,899;2656
2784,899;10850
2785,899;89
2786,899;94
2787,899;87
2788,899;88
2789,899;2632
2790,899;10841
2791,899;81
2792,899;94
2793,899;94
2794,899;84
2795,899;2679
2796,899;10809
2797,899;85
2798,899;94
2799,899;107
2800,899;83
2801,899;2712
2802,899;10755
2803,899;107
2804,899;77
2805,899;106
2806,899;92
2807,899;2647
2808,899;10823
2809,899;75
2810,899;78
2811,899;97
2812,899;97
2813,899;2654
2814,899;10828
2815,899;94
2816,899;101
2817,899;97
2818,899;109
2819,899;2650
2820,899;10809
2821,899;82
2822,899;93
2823,899;98
2824,899;103
2825,899;2768
2826,899;10700
2827,899;93
2828,899;100
2829,899;85
2831,001;89
2832,001;2643
2833,001;10796
2834,001;77
2835,001;81
2836,001;92
2837,001;96
2838,001;2647
2839,001;10775
2840,001;81
2841,001;95
2842,001;90
2843,001;85
2844,001;2635
2845,001;10773
2846,001;91
2847,001;97
2848,001;111
2849,001;86
2850,001;2630
2851,001;10777
2852,001;96
2853,001;102
2854,001;113
2855,001;99
2856,001;2637
2857,001;10777
2858,001;92
2859,001;93
2860,001;92
2861,001;101
2862,001;2633
2863,001;10757
2864,001;83
2865,001;82
2866,001;98
2867,001;111
2868,001;2648
2869,001;10792
2870,001;93
2871,001;88
2872,001;89
2873,001;118
2874,001;2646
2875,001;10782
2876,001;101
2877,001;109
2878,001;103
2879,001;117
2880,001;2641
2881,001;10768
2882,001;83
2883,001;105
2884,001;106
2885,001;100
2886,001;2629
2887,001;10769
2888,001;80
2889,001;106
2890,001;102
2891,001;103
2892,001;2619
2893,001;10774
2894,001;85
2895,001;76
2896,001;101
2897,001;104
2898,001;2641
2899,001;10781
2900,001;65
2901,001;70
2902,001;74
2903,001;108
2904,001;2637
2905,001;10807
2906,001;84
2907,001;105
2908,001;101
2909,001;112
2910,001;2622
2911,001;10768
2912,001;90
2913,001;84
2914,001;89
2915,001;105
2916,001;2641
2917,001;10752
2918,001;90
2919,001;95
2920,001;86
2921,001;89
2922,001;2636
2923,001;10769
2924,001;93
2925,001;82
2926,001;82
2927,001;92
2928,001;2618
2929,001;10760
2930,001;92
2931,001;85
2932,207;122
2933,207;92
2934,207;2616
2935,207;10760
2936,207;87
2937,207;75
2938,207;72
2939,207;95
2940,207;2645
2941,207;10761
2942,207;83
2943,207;84
2944,207;106
2945,207;105
2946,207;2630
2947,207;10743
2948,207;67
2949,207;73
2950,207;88
2951,207;95
2952,207;2608
2953,207;10765
2954,207;58
2955,207;81
2956,207;92
2957,207;79
2958,207;2617
2959,207;10738
2960,207;88
2961,207;109
2962,207;115
2963,207;84
2964,207;2625
2965,207;10752
2966,207;81
2967,207;62
2968,207;86
2969,207;86
2970,207;2586
2971,207;10737
2972,207;68
2973,207;68
2974,207;80
2975,207;75
2976,207;2602
2977,207;10751
2978,207;62
2979,207;84
2980,207;90
2981,207;85
2982,207;2625
2983,207;10732
2984,207;80
2985,207;70
2986,207;73
2987,207;75
2988,207;2604
2989,207;10767
2990,207;75
2991,207;68
2992,207;76
2993,207;93
2994,207;2609
2995,207;10742
2996,207;64
2997,207;77
2998,207;72
2999,207;85
3000,207;2624
3001,207;10742
3002,207;66
3003,207;63
3004,207;80
3005,207;88
3006,207;2591
3007,207;10713
3008,207;61
3009,207;69
3010,207;75
3011,207;62
3012,207;2577
3013,207;10708
3014,207;62
3015,207;79
3016,207;81
3017,207;87
3018,207;2662
3019,207;10665
3020,207;76
3021,207;68
3022,207;63
3023,207;80
3024,207;2598
3025,207;10726
3026,207;75
3027,207;55
3028,207;62
3029,207;69
3030,207;2571
3031,207;10718
3032,207;62
3032,636;79
3033,636;52
3034,636;62
3035,636;2224
3036,636;10766
3037,636;64
3038,636;73
3039,636;75
3040,636;78
3041,636;2522
3042,636;10719
3043,636;58
3044,636;74
3045,636;73
3046,636;76
3047,636;2640
3048,636;10644
3049,636;61
3050,636;77
3051,636;69
3052,636;63
3053,636;2615
3054,636;10737
3055,636;72
3056,636;72
3057,636;81
3058,636;59
3059,636;2616
3060,636;10756
3061,636;83
3062,636;68
3063,636;68
3064,636;83
3065,636;2591
3066,636;10778
3067,636;66
3068,636;63
3069,636;67
3070,636;64
3071,636;2592
3072,636;10759
3073,636;62
3074,636;75
3075,636;74
3076,636;81
3077,636;2599
3078,636;10753
3079,636;78
3080,636;77
3081,636;73
3082,636;88
3083,636;2594
3084,636;10732
3085,636;82
3086,636;78
3087,636;94
3088,636;85
3089,636;2557
3090,636;10746
3091,636;86
3092,636;66
3093,636;78
3094,636;85
3095,636;2594
3096,636;10758
3097,636;83
3098,636;70
3099,636;81
3100,636;98
3101,636;2580
3102,636;10768
3103,636;81
3104,636;84
3105,636;86
3106,636;90
3107,636;2594
3108,636;10756
3109,636;77
3110,636;71
3111,636;88
3112,636;81
3113,636;2578
3114,636;10765
3115,636;85
3116,636;95
3117,636;95
3118,636;79
3119,636;2572
3120,636;10763
3121,636;80
3122,636;75
3123,636;76
3124,636;95
3125,636;2593
3126,636;10765
3127,636;80
3128,636;93
3129,636;77
3130,636;78
3131,636;2582
3132,636;10758
3133,599;88
3134,599;103
3135,599;87
3136,599;106
3137,599;2591
3138,599;10768
3139,599;73
3140,599;96
3141,599;82
3142,599;83
3143,599;2572
3144,599;10779
3145,599;83
3146,599;80
3147,599;97
3148,599;99
3149,599;2564
3150,599;10788
3151,599;80
3152,599;77
3153,599;83
3154,599;97
3155,599;2575
3156,599;10760
3157,599;82
3158,599;90
3159,599;81
3160,599;101
3161,599;2576
3162,599;10785
3163,599;85
3164,599;105
3165,599;95
3166,599;101
3167,599;2681
3168,599;10660
3169,599;76
3170,599;93
3171,599;97
3172,599;95
3173,599;2579
3174,599;10756
3175,599;74
3176,599;88
3177,599;98
3178,599;97
3179,599;2560
3180,599;10788
3181,599;89
3182,599;92
3183,599;89
3184,599;112
3185,599;2574
3186,599;10747
3187,599;87
3188,599;86
3189,599;105
3190,599;97
3191,599;2591
3192,599;10732
3193,599;95
3194,599;91
3195,599;107
3196,599;94
3197,599;2526
3198,599;10780
3199,599;93
3200,599;95
3201,599;96
3202,599;87
3203,599;2558
3204,599;10769
3205,599;95
3206,599;95
3207,599;72
3208,599;100
3209,599;2539
3210,599;10740
3211,599;84
3212,599;92
3213,599;90
3214,599;105
3215,599;2573
3216,599;10762
3217,599;77
3218,599;93
3219,599;134
3220,599;100
3221,599;2551
3222,599;10780
3223,599;94
3224,599;83
3225,599;85
3226,599;105
3227,599;2678
3228,599;10683
3229,599;79
3230,599;105
3231,599;83
3232,599;107
3233,599;2579
3234,599;10757
3235,599;75
3236,599;99
3237,599;89
3238,599;95
3239,599;2587
3240,599;10770
3241,599;75
3242,599;101
3243,599;99
3244,599;93
3245,599;2554
3246,599;10783
3247,599;81
3248,599;96
3249,599;99
3250,599;99
3251,599;2546
3252,599;10764
3253,599;97
3254,599;100
3255,599;82
3256,599;99
3257,599;2564
3258,599;10782
3259,599;99
3260,599;89
3261,599;108
3262,599;78
3263,599;2521
3264,599;10774
3265,599;90
3266,599;82
3267,599;78
3268,599;94
3269,599;2524
3270,599;10758
3271,599;88
3272,599;105
3273,599;86
3274,599;99
3275,599;2594
3276,599;10782
3277,599;71
3278,599;90
3279,599;95
3280,599;88
3281,599;2543
3282,599;10778
3283,599;94
3284,599;93
3285,599;91
3286,599;91
3287,599;2529
3288,599;10754
3289,599;89
3290,599;83
3291,599;79
3292,599;105
3293,599;2584
3294,599;10769
3295,599;68
3296,599;94
3297,599;89
3298,599;104
3299,599;2562
3300,599;10774
3301,599;82
3302,599;92
3303,599;101
3304,599;83
3305,599;2542
3306,599;10772
3307,599;94
3308,599;81
3309,599;84
3310,599;96
3311,599;2549
3312,599;10775
3313,599;76
3314,599;83
3315,599;90
3316,599;102
3317,599;2572
3318,599;10762
3319,599;81
3320,599;104
3321,599;102
3322,599;88
3323,599;2536
3324,599;10793
3325,599;76
3326,599;95
3327,599;87
3328,599;92
3329,599;2517
3330,599;10764
3331,599;71
3332,599;78
3333,599;77
3334,599;83
3335,853;2543
3336,853;10773
3337,853;86
3338,853;97
3339,853;97
3340,853;84
3341,853;2510
3342,853;10767
3343,853;70
3344,853;72
3345,853;79
3346,853;81
3347,853;2166
3348,853;10783
3349,853;51
3350,853;90
3351,853;79
3352,853;77
3353,853;2494
3354,853;10770
3355,853;72
3356,853;67
3357,853;103
3358,853;83
3359,853;2554
3360,853;10765
3361,853;89
3362,853;68
3363,853;88
3364,853;90
3365,853;2510
3366,853;10783
3367,853;87
3368,853;77
3369,853;93
3370,853;96
3371,853;2606
3372,853;10722
3373,853;82
3374,853;82
3375,853;95
3376,853;86
3377,853;2536
3378,853;10799
3379,853;84
3380,853;74
3381,853;86
3382,853;77
3383,853;2539
3384,853;10811
3385,853;82
3386,853;89
3387,853;83
3388,853;101
3389,853;2557
3390,853;10735
3391,853;91
3392,853;91
3393,853;92
3394,853;79
3395,853;2554
3396,853;10775
3397,853;94
3398,853;91
3399,853;99
3400,853;93
3401,853;2532
3402,853;10771
3403,853;77
3404,853;73
3405,853;88
3406,853;75
3407,853;2544
3408,853;10772
3409,853;73
3410,853;120
3411,853;89
3412,853;100
3413,853;2516
3414,853;10766
3415,853;69
3416,853;81
3417,853;103
3418,853;89
3419,853;2524
3420,853;10792
3421,853;75
3422,853;84
3423,853;87
3424,853;88
3425,853;2517
3426,853;10775
3427,853;99
3428,853;92
3429,853;104
3430,853;87
3431,853;2529
3432,853;10799
3433,853;83
3434,853;89
3435,853;93
3437,191;86
3438,191;2527
3439,191;10792
3440,191;85
3441,191;92
3442,191;106
3443,191;86
3444,191;2526
3445,191;10769
3446,191;82
3447,191;110
3448,191;103
3449,191;123
3450,191;2501
3451,191;10796
3452,191;101
3453,191;97
3454,191;87
3455,191;92
3456,191;2500
3457,191;10783
3458,191;91
3459,191;104
3460,191;97
3461,191;94
3462,191;2508
3463,191;10803
3464,191;89
3465,191;95
3466,191;83
3467,191;99
3468,191;2516
3469,191;10769
3470,191;106
3471,191;94
3472,191;87
3473,191;84
3474,191;2545
3475,191;10789
3476,191;84
3477,191;83
3478,191;101
3479,191;77
3480,191;2517
3481,191;10789
3482,191;79
3483,191;117
3484,191;109
3485,191;94
3486,191;2511
3487,191;10756
3488,191;69
3489,191;77
3490,191;99
3491,191;106
3492,191;2540
3493,191;10801
3494,191;98
3495,191;101
3496,191;83
3497,191;86
3498,191;2522
3499,191;10813
3500,191;78
3501,191;89
3502,191;103
3503,191;80
3504,191;2556
3505,191;10808
3506,191;88
3507,191;99
3508,191;95
3509,191;95
3510,191;2531
3511,191;10833
3512,191;93
3513,191;98
3514,191;99
3515,191;115
3516,191;2536
3517,191;10816
3518,191;112
3519,191;90
3520,191;97
3521,191;87
3522,191;2515
3523,191;10813
3524,191;97
3525,191;101
3526,191;89
3527,191;89
3528,191;2502
3529,191;10796
3530,191;88
3531,191;99
3532,191;103
3533,191;101
3534,191;2535
3535,191;10798
3536,191;87
3537,191;110
3538,303;91
3539,303;94
3540,303;2529
3541,303;10788
3542,303;66
3543,303;97
3544,303;90
3545,303;99
3546,303;2499
3547,303;10800
3548,303;95
3549,303;95
3550,303;113
3551,303;113
3552,303;2500
3553,303;10801
3554,303;82
3555,303;100
3556,303;88
3557,303;80
3558,303;2634
3559,303;10698
3560,303;88
3561,303;93
3562,303;94
3563,303;104
3564,303;2528
3565,303;10790
3566,303;93
3567,303;83
3568,303;86
3569,303;86
3570,303;2532
3571,303;10797
3572,303;87
3573,303;91
3574,303;97
3575,303;81
3576,303;2661
3577,303;10713
3578,303;92
3579,303;75
3580,303;73
3581,303;85
3582,303;2513
3583,303;10814
3584,303;80
3585,303;86
3586,303;84
3587,303;89
3588,303;2549
3589,303;10794
3590,303;71
3591,303;79
3592,303;81
3593,303;94
3594,303;2506
3595,303;10797
3596,303;78
3597,303;80
3598,303;92
3599,303;91
3600,303;2497
3601,303;10799
3602,303;64
3603,303;78
3604,303;78
3605,303;89
3606,303;2486
3607,303;10813
3608,303;70
3609,303;69
3610,303;83
3611,303;80
3612,303;2502
3613,303;10825
3614,303;81
3615,303;86
3616,303;76
3617,303;71
3618,303;2495
3619,303;10795
3620,303;78
3621,303;84
3622,303;72
3623,303;79
3624,303;2498
3625,303;10765
3626,303;84
3627,303;67
3628,303;76
3629,303;79
3630,303;2459
3631,303;10798
3632,303;67
3633,303;64
3634,303;67
3635,303;85
3636,303;2491
3637,303;10800
3638,303;59
3638,826;65
3639,826;78
3640,826;61
3641,826;2478
3642,826;10787
3643,826;63
3644,826;71
3645,826;72
3646,826;61
3647,826;2491
3648,826;10810
3649,826;62
3650,826;63
3651,826;64
3652,826;84
3653,826;2468
3654,826;10799
3655,826;52
3656,826;79
3657,826;69
3658,826;64
3659,826;2116
3660,826;10847
3661,826;64
3662,826;50
3663,826;71
3664,826;69
3665,826;2425
3666,826;10841
3667,826;54
3668,826;60
3669,826;78
3670,826;66
3671,826;2464
3672,826;10786
3673,826;70
3674,826;65
3675,826;79
3676,826;83
3677,826;2502
3678,826;10840
3679,826;56
3680,826;71
3681,826;78
3682,826;59
3683,826;2467
3684,826;10811
3685,826;72
3686,826;78
3687,826;72
3688,826;73
3689,826;2484
3690,826;10816
3691,826;65
3692,826;80
3693,826;89
3694,826;79
3695,826;2488
3696,826;10772
3697,826;73
3698,826;71
3699,826;77
3700,826;88
3701,826;2492
3702,826;10802
3703,826;84
3704,826;72
3705,826;79
3706,826;84
3707,826;2491
3708,826;10796
3709,826;75
3710,826;74
3711,826;73
3712,826;71
3713,826;2496
3714,826;10815
3715,826;70
3716,826;76
3717,826;87
3718,826;81
3719,826;2584
3720,826;10719
3721,826;74
3722,826;92
3723,826;109
3724,826;96
3725,826;2465
3726,826;10807
3727,826;61
3728,826;81
3729,826;93
3730,826;77
3731,826;2532
3732,826;10778
3733,826;62
3734,826;86
3735,826;97
3736,826;91
3737,826;2489
3738,826;10825
3739,23;78
3740,23;93
3741,23;86
3742,23;78
3743,23;2486
3744,23;10835
3745,23;73
3746,23;87
3747,23;83
3748,23;85
3749,23;2457
3750,23;10825
3751,23;98
3752,23;109
3753,23;78
3754,23;94
3755,23;2484
3756,23;10836
3757,23;90
3758,23;76
3759,23;106
3760,23;95
3761,23;2471
3762,23;10808
3763,23;106
3764,23;103
3765,23;104
3766,23;92
3767,23;2487
3768,23;10869
3769,23;85
3770,23;88
3771,23;98
3772,23;93
3773,23;2487
3774,23;10875
3775,23;98
3776,23;96
3777,23;79
3778,23;106
3779,23;2470
3780,23;10829
3781,23;73
3782,23;83
3783,23;89
3784,23;96
3785,23;2478
3786,23;10809
3787,23;90
3788,23;103
3789,23;101
3790,23;104
3791,23;2471
3792,23;10853
3793,23;91
3794,23;93
3795,23;89
3796,23;99
3797,23;2473
3798,23;10816
3799,23;88
3800,23;79
3801,23;92
3802,23;120
3803,23;2467
3804,23;10833
3805,23;81
3806,23;92
3807,23;104
3808,23;85
3809,23;2462
3810,23;10847
3811,23;71
3812,23;91
3813,23;95
3814,23;78
3815,23;2473
3816,23;10829
3817,23;87
3818,23;93
3819,23;84
3820,23;89
3821,23;2456
3822,23;10832
3823,23;83
3824,23;113
3825,23;107
3826,23;89
3827,23;2457
3828,23;10820
3829,23;90
3830,23;104
3831,23;108
3832,23;101
3833,23;2483
3834,23;10803
3835,23;101
3836,23;86
3837,23;87
3838,23;109
3839,23;2463
3840,23;10847
3841,23;95
3842,23;93
3843,23;88
3844,23;92
3845,23;2443
3846,23;10839
3847,23;79
3848,23;85
3849,23;80
3850,23;85
3851,23;2466
3852,23;10814
3853,23;86
3854,23;107
3855,23;84
3856,23;98
3857,23;2472
3858,23;10835
3859,23;86
3860,23;109
3861,23;89
3862,23;102
3863,23;2461
3864,23;10842
3865,23;90
3866,23;94
3867,23;84
3868,23;101
3869,23;2446
3870,23;10821
3871,23;79
3872,23;76
3873,23;98
3874,23;73
3875,23;2456
3876,23;10865
3877,23;90
3878,23;70
3879,23;92
3880,23;96
3881,23;2453
3882,23;10853
3883,23;96
3884,23;84
3885,23;73
3886,23;94
3887,23;2475
3888,23;10817
3889,23;81
3890,23;92
3891,23;90
3892,23;92
3893,23;2462
3894,23;10872
3895,23;75
3896,23;93
3897,23;93
3898,23;93
3899,23;2450
3900,23;10824
3901,23;93
3902,23;92
3903,23;95
3904,23;88
3905,23;2438
3906,23;10874
3907,23;77
3908,23;98
3909,23;107
3910,23;99
3911,23;2435
3912,23;10820
3913,23;84
3914,23;89
3915,23;98
3916,23;113
3917,23;2436
3918,23;10872
3919,23;80
3920,23;94
3921,23;92
3922,23;78
3923,23;2437
3924,23;10846
3925,23;95
3926,23;94
3927,23;91
3928,23;98
3929,23;2404
3930,23;10845
3931,23;78
3932,23;80
3933,23;100
3934,23;93
3935,23;2454
3936,23;10846
3937,23;83
3938,23;65
3939,23;95
3940,23;83
3942,161;2488
3943,161;10785
3944,161;97
3945,161;91
3946,161;69
3947,161;75
3948,161;2407
3949,161;10914
3950,161;79
3951,161;82
3952,161;90
3953,161;79
3954,161;2435
3955,161;10850
3956,161;82
3957,161;70
3958,161;80
3959,161;85
3960,161;2418
3961,161;10890
3962,161;66
3963,161;78
3964,161;75
3965,161;64
3966,161;2408
3967,161;10855
3968,161;78
3969,161;80
3970,161;75
3971,161;77
3972,161;2066
3973,161;10877
3974,161;75
3975,161;75
3976,161;90
3977,161;78
3978,161;2371
3979,161;10865
3980,161;72
3981,161;79
3982,161;92
3983,161;89
3984,161;2394
3985,161;10877
3986,161;93
3987,161;92
3988,161;90
3989,161;88
3990,161;2399
3991,161;10836
3992,161;78
3993,161;83
3994,161;85
3995,161;68
3996,161;2421
3997,161;10864
3998,161;78
3999,161;89
4000,161;86
4001,161;105
4002,161;2420
4003,161;10840
4004,161;93
4005,161;91
4006,161;107
4007,161;81
4008,161;2405
4009,161;10849
4010,161;70
4011,161;94
4012,161;104
4013,161;108
4014,161;2442
4015,161;10851
4016,161;75
4017,161;87
4018,161;85
4019,161;89
4020,161;2438
4021,161;10882
4022,161;93
4023,161;97
4024,161;66
4025,161;93
4026,161;2520
4027,161;10765
4028,161;83
4029,161;74
4030,161;82
4031,161;103
4032,161;2422
4033,161;10863
4034,161;70
4035,161;103
4036,161;90
4037,161;111
4038,161;2436
4039,161;10853
4040,161;83
4041,161;87
4042,161;85
4042,874;97
4043,874;2430
4044,874;10863
4045,874;70
4046,874;82
4047,874;71
4048,874;92
4049,874;2417
4050,874;10866
4051,874;91
4052,874;111
4053,874;92
4054,874;92
4055,874;2406
4056,874;10886
4057,874;89
4058,874;97
4059,874;89
4060,874;75
4061,874;2424
4062,874;10871
4063,874;82
4064,874;86
4065,874;82
4066,874;87
4067,874;2422
4068,874;10898
4069,874;94
4070,874;102
4071,874;101
4072,874;115
4073,874;2438
4074,874;10835
4075,874;83
4076,874;103
4077,874;107
4078,874;97
4079,874;2402
4080,874;10878
4081,874;74
4082,874;104
4083,874;82
4084,874;90
4085,874;2419
4086,874;10854
4087,874;79
4088,874;103
4089,874;105
4090,874;84
4091,874;2412
4092,874;10846
4093,874;105
4094,874;78
4095,874;89
4096,874;101
4097,874;2423
4098,874;10872
4099,874;81
4100,874;78
4101,874;98
4102,874;88
4103,874;2404
4104,874;10860
4105,874;103
4106,874;85
4107,874;92
4108,874;89
4109,874;2371
4110,874;10899
4111,874;81
4112,874;81
4113,874;99
4114,874;71
4115,874;2421
4116,874;10900
4117,874;77
4118,874;97
4119,874;108
4120,874;91
4121,874;2422
4122,874;10867
4123,874;90
4124,874;104
4125,874;89
4126,874;96
4127,874;2408
4128,874;10878
4129,874;96
4130,874;103
4131,874;108
4132,874;90
4133,874;2399
4134,874;10884
4135,874;103
4136,874;106
4137,874;93
4138,874;101
4139,874;2421
4140,874;10886
4141,874;88
4142,874;88
4143,609;95
4144,609;99
4145,609;2410
4146,609;10894
4147,609;77
4148,609;93
4149,609;109
4150,609;85
4151,609;2416
4152,609;10885
4153,609;63
4154,609;86
4155,609;105
4156,609;90
4157,609;2443
4158,609;10878
4159,609;113
4160,609;84
4161,609;100
4162,609;95
4163,609;2417
4164,609;10864
4165,609;90
4166,609;98
4167,609;85
4168,609;99
4169,609;2406
4170,609;10897
4171,609;99
4172,609;108
4173,609;106
4174,609;88
4175,609;2416
4176,609;10897
4177,609;91
4178,609;85
4179,609;89
4180,609;85
4181,609;2397
4182,609;10902
4183,609;76
4184,609;91
4185,609;82
4186,609;92
4187,609;2403
4188,609;10894
4189,609;83
4190,609;90
4191,609;97
4192,609;89
4193,609;2491
4194,609;10811
4195,609;75
4196,609;88
4197,609;100
4198,609;107
4199,609;2449
4200,609;10894
4201,609;70
4202,609;89
4203,609;88
4204,609;96
4205,609;2418
4206,609;10911
4207,609;100
4208,609;89
4209,609;97
4210,609;82
4211,609;2388
4212,609;10862
4213,609;73
4214,609;74
4215,609;91
4216,609;78
4217,609;2401
4218,609;10900
4219,609;84
4220,609;78
4221,609;93
4222,609;90
4223,609;2388
4224,609;10898
4225,609;67
4226,609;72
4227,609;83
4228,609;92
4229,609;2389
4230,609;10906
4231,609;89
4232,609;67
4233,609;73
4234,609;81
4235,609;2411
4236,609;10896
4237,609;70
4238,609;88
4239,609;92
4240,609;85
4241,609;2399
4242,609;10890
4243,609;61
4244,337;77
4245,337;80
4246,337;85
4247,337;2400
4248,337;10880
4249,337;78
4250,337;68
4251,337;62
4252,337;87
4253,337;2381
4254,337;10901
4255,337;50
4256,337;75
4257,337;88
4258,337;81
4259,337;2386
4260,337;10912
4261,337;67
4262,337;70
4263,337;74
4264,337;77
4265,337;2378
4266,337;10890
4267,337;84
4268,337;53
4269,337;78
4270,337;88
4271,337;2410
4272,337;10831
4273,337;58
4274,337;74
4275,337;70
4276,337;62
4277,337;2379
4278,337;10910
4279,337;57
4280,337;81
4281,337;59
4282,337;77
4283,337;2006
4284,337;10954
4285,337;55
4286,337;74
4287,337;71
4288,337;67
4289,337;2290
4290,337;10908
4291,337;72
4292,337;69
4293,337;78
4294,337;76
4295,337;2365
4296,337;10896
4297,337;57
4298,337;71
4299,337;64
4300,337;72
4301,337;2375
4302,337;10901
4303,337;76
4304,337;73
4305,337;60
4306,337;83
4307,337;2377
4308,337;10888
4309,337;80
4310,337;78
4311,337;67
4312,337;64
4313,337;2385
4314,337;10888
4315,337;65
4316,337;68
4317,337;79
4318,337;83
4319,337;2398
4320,337;10884
4321,337;64
4322,337;87
4323,337;83
4324,337;69
4325,337;2370
4326,337;10910
4327,337;71
4328,337;91
4329,337;84
4330,337;85
4331,337;2368
4332,337;10907
4333,337;82
4334,337;78
4335,337;84
4336,337;84
4337,337;2403
4338,337;10893
4339,337;80
4340,337;92
4341,337;104
4342,337;81
4343,337;2399
4344,337;10909
4345,337;90
4346,337;70
4347,337;92
4348,337;92
4349,337;2375
4350,337;10928
4351,337;82
4352,337;75
4353,337;89
4354,337;91
4355,337;2384
4356,337;10888
4357,337;78
4358,337;90
4359,337;102
4360,337;83
4361,337;2384
4362,337;10916
4363,337;88
4364,337;82
4365,337;78
4366,337;88
4367,337;2397
4368,337;10905
4369,337;84
4370,337;88
4371,337;77
4372,337;81
4373,337;2370
4374,337;10932
4375,337;97
4376,337;86
4377,337;100
4378,337;103
4379,337;2377
4380,337;10915
4381,337;72
4382,337;83
4383,337;93
4384,337;107
4385,337;2375
4386,337;10916
4387,337;86
4388,337;96
4389,337;85
4390,337;102
4391,337;2382
4392,337;10916
4393,337;107
4394,337;101
4395,337;108
4396,337;123
4397,337;2391
4398,337;10926
4399,337;84
4400,337;83
4401,337;113
4402,337;117
4403,337;2365
4404,337;10899
4405,337;110
4406,337;92
4407,337;110
4408,337;86
4409,337;2368
4410,337;10906
4411,337;90
4412,337;73
4413,337;104
4414,337;96
4415,337;2363
4416,337;10928
4417,337;91
4418,337;99
4419,337;92
4420,337;89
4421,337;2360
4422,337;10926
4423,337;90
4424,337;90
4425,337;95
4426,337;94
4427,337;2354
4428,337;10938
4429,337;89
4430,337;88
4431,337;94
4432,337;109
4433,337;2361
4434,337;10919
4435,337;84
4436,337;83
4437,337;88
4438,337;116
4439,337;2402
4440,337;10937
4441,337;103
4442,337;100
4443,337;98
4444,337;97
4445,337;2355
4446,887;10939
4447,887;75
4448,887;102
4449,887;99
4450,887;102
4451,887;2348
4452,887;10928
4453,887;90
4454,887;90
4455,887;98
4456,887;108
4457,887;2352
4458,887;10903
4459,887;87
4460,887;85
4461,887;119
4462,887;103
4463,887;2352
4464,887;10933
4465,887;81
4466,887;96
4467,887;88
4468,887;122
4469,887;2336
4470,887;10918
4471,887;80
4472,887;88
4473,887;86
4474,887;98
4475,887;2360
4476,887;10927
4477,887;100
4478,887;102
4479,887;110
4480,887;99
4481,887;2373
4482,887;10898
4483,887;82
4484,887;80
4485,887;93
4486,887;105
4487,887;2345
4488,887;10932
4489,887;81
4490,887;94
4491,887;111
4492,887;67
4493,887;2365
4494,887;10946
4495,887;85
4496,887;98
4497,887;99
4498,887;89
4499,887;2370
4500,887;10933
4501,887;93
4502,887;72
4503,887;96
4504,887;91
4505,887;2349
4506,887;10906
4507,887;85
4508,887;103
4509,887;80
4510,887;100
4511,887;2341
4512,887;10945
4513,887;98
4514,887;87
4515,887;96
4516,887;101
4517,887;2358
4518,887;10934
4519,887;80
4520,887;73
4521,887;90
4522,887;91
4523,887;2349
4524,887;10927
4525,887;82
4526,887;84
4527,887;71
4528,887;108
4529,887;2305
4530,887;10932
4531,887;87
4532,887;102
4533,887;106
4534,887;97
4535,887;2349
4536,887;10920
4537,887;86
4538,887;97
4539,887;88
4540,887;108
4541,887;2330
4542,887;10911
4543,887;85
4544,887;91
4545,887;84
4546,887;107
4547,069;2348
4548,069;10950
4549,069;84
4550,069;70
4551,069;87
4552,069;91
4553,069;2434
4554,069;10837
4555,069;66
4556,069;82
4557,069;87
4558,069;87
4559,069;2325
4560,069;10961
4561,069;88
4562,069;95
4563,069;88
4564,069;86
4565,069;2326
4566,069;10924
4567,069;75
4568,069;87
4569,069;73
4570,069;95
4571,069;2322
4572,069;10966
4573,069;87
4574,069;96
4575,069;84
4576,069;88
4577,069;2309
4578,069;10960
4579,069;70
4580,069;67
4581,069;85
4582,069;80
4583,069;2316
4584,069;10932
4585,069;75
4586,069;83
4587,069;65
4588,069;94
4589,069;2319
4590,069;10963
4591,069;81
4592,069;74
4593,069;81
4594,069;75
4595,069;1956
4596,069;10975
4597,069;75
4598,069;86
4599,069;110
4600,069;77
4601,069;2250
4602,069;10910
4603,069;79
4604,069;79
4605,069;80
4606,069;94
4607,069;2297
4608,069;10954
4609,069;74
4610,069;93
4611,069;84
4612,069;96
4613,069;2317
4614,069;10921
4615,069;64
4616,069;87
4617,069;75
4618,069;86
4619,069;2327
4620,069;10951
4621,069;75
4622,069;72
4623,069;79
4624,069;88
4625,069;2320
4626,069;10941
4627,069;76
4628,069;76
4629,069;90
4630,069;91
4631,069;2321
4632,069;10944
4633,069;80
4634,069;84
4635,069;81
4636,069;104
4637,069;2315
4638,069;10931
4639,069;75
4640,069;91
4641,069;82
4642,069;87
4643,069;2331
4644,069;10938
4645,069;97
4646,069;96
4647,069;95
4648,762;95
4649,762;2296
4650,762;10984
4651,762;89
4652,762;88
4653,762;73
4654,762;93
4655,762;2310
4656,762;10958
4657,762;76
4658,762;105
4659,762;102
4660,762;76
4661,762;2334
4662,762;10952
4663,762;86
4664,762;77
4665,762;108
4666,762;94
4667,762;2324
4668,762;10981
4669,762;82
4670,762;77
4671,762;88
4672,762;77
4673,762;2327
4674,762;10969
4675,762;75
4676,762;75
4677,762;87
4678,762;92
4679,762;2337
4680,762;10947
4681,762;72
4682,762;92
4683,762;75
4684,762;92
4685,762;2325
4686,762;10949
4687,762;73
4688,762;87
4689,762;100
4690,762;84
4691,762;2292
4692,762;10965
4693,762;82
4694,762;73
4695,762;87
4696,762;95
4697,762;2322
4698,762;10968
4699,762;70
4700,762;88
4701,762;80
4702,762;94
4703,762;2294
4704,762;10975
4705,762;77
4706,762;87
4707,762;93
4708,762;98
4709,762;2288
4710,762;10961
4711,762;98
4712,762;99
4713,762;117
4714,762;98
4715,762;2315
4716,762;10975
4717,762;87
4718,762;74
4719,762;97
4720,762;102
4721,762;2315
4722,762;10963
4723,762;93
4724,762;96
4725,762;106
4726,762;98
4727,762;2315
4728,762;10964
4729,762;70
4730,762;79
4731,762;105
4732,762;98
4733,762;2318
4734,762;10966
4735,762;75
4736,762;87
4737,762;110
4738,762;105
4739,762;2320
4740,762;10955
4741,762;92
4742,762;108
4743,762;97
4744,762;87
4745,762;2302
4746,762;10983
4747,762;81
4748,762;92
4749,14;103
4750,14;100
4751,14;2298
4752,14;10959
4753,14;81
4754,14;91
4755,14;101
4756,14;103
4757,14;2322
4758,14;10995
4759,14;98
4760,14;93
4761,14;91
4762,14;93
4763,14;2313
4764,14;10955
4765,14;77
4766,14;98
4767,14;93
4768,14;108
4769,14;2292
4770,14;11000
4771,14;98
4772,14;122
4773,14;93
4774,14;99
4775,14;2317
4776,14;10987
4777,14;96
4778,14;86
4779,14;113
4780,14;97
4781,14;2296
4782,14;10968
4783,14;83
4784,14;79
4785,14;87
4786,14;98
4787,14;2321
4788,14;10980
4789,14;87
4790,14;80
4791,14;116
4792,14;103
4793,14;2287
4794,14;10958
4795,14;83
4796,14;105
4797,14;92
4798,14;92
4799,14;2319
4800,14;10986
4801,14;92
4802,14;96
4803,14;86
4804,14;103
4805,14;2294
4806,14;10961
4807,14;77
4808,14;70
4809,14;78
4810,14;84
4811,14;2298
4812,14;10963
4813,14;101
4814,14;89
4815,14;97
4816,14;109
4817,14;2337
4818,14;10975
4819,14;66
4820,14;84
4821,14;76
4822,14;71
4823,14;2302
4824,14;10960
4825,14;85
4826,14;113
4827,14;98
4828,14;89
4829,14;2288
4830,14;10999
4831,14;80
4832,14;89
4833,14;83
4834,14;71
4835,14;2341
4836,14;10968
4837,14;91
4838,14;85
4839,14;99
4840,14;102
4841,14;2298
4842,14;10989
4843,14;97
4844,14;69
4845,14;99
4846,14;98
4847,14;2305
4848,14;10996
4849,14;90
4850,14;97
4851,14;88
4852,14;90
4853,14;2316
4854,14;10987
4855,14;67
4856,14;88
4857,14;88
4858,14;94
4859,14;2296
4860,14;10949
4861,14;71
4862,14;77
4863,14;99
4864,14;75
4865,14;2305
4866,14;11001
4867,14;69
4868,14;89
4869,14;80
4870,14;79
4871,14;2300
4872,14;10983
4873,14;73
4874,14;74
4875,14;84
4876,14;60
4877,14;2299
4878,14;10956
4879,14;71
4880,14;78
4881,14;82
4882,14;75
4883,14;2322
4884,14;10951
4885,14;73
4886,14;54
4887,14;78
4888,14;66
4889,14;2272
4890,14;10978
4891,14;68
4892,14;62
4893,14;73
4894,14;78
4895,14;2277
4896,14;10991
4897,14;81
4898,14;80
4899,14;75
4900,14;66
4901,14;2281
4902,14;10986
4903,14;68
4904,14;79
4905,14;76
4906,14;78
4907,14;1872
4908,14;11044
4909,14;72
4910,14;72
4911,14;72
4912,14;63
4913,14;2234
4914,14;10992
4915,14;84
4916,14;87
4917,14;74
4918,14;78
4919,14;2383
4920,14;10879
4921,14;73
4922,14;75
4923,14;86
4924,14;69
4925,14;2275
4926,14;11007
4927,14;57
4928,14;74
4929,14;66
4930,14;78
4931,14;2264
4932,14;10989
4933,14;63
4934,14;74
4935,14;79
4936,14;74
4937,14;2277
4938,14;10996
4939,14;81
4940,14;84
4941,14;88
4942,14;89
4943,14;2276
4944,14;10990
4945,14;76
4946,14;87
4947,14;71
4948,14;86
4949,14;2286
4950,14;11001
4952,062;87
4953,062;72
4954,062;87
4955,062;82
4956,062;2265
4957,062;10973
4958,062;79
4959,062;94
4960,062;90
4961,062;111
4962,062;2258
4963,062;11015
4964,062;82
4965,062;73
4966,062;86
4967,062;105
4968,062;2282
4969,062;10987
4970,062;84
4971,062;87
4972,062;114
4973,062;75
4974,062;2291
4975,062;10976
4976,062;65
4977,062;86
4978,062;105
4979,062;101
4980,062;2273
4981,062;10997
4982,062;89
4983,062;75
4984,062;102
4985,062;94
4986,062;2262
4987,062;11008
4988,062;92
4989,062;78
4990,062;95
4991,062;95
4992,062;2290
4993,062;10995
4994,062;91
4995,062;101
4996,062;94
4997,062;96
4998,062;2297
4999,062;10973
5000,062;101
5001,062;93
5002,062;99
5003,062;87
5004,062;2283
5005,062;11045
5006,062;93
5007,062;99
5008,062;98
5009,062;80
5010,062;2272
5011,062;11036
5012,062;87
5013,062;92
5014,062;91
5015,062;92
5016,062;2251
5017,062;10989
5018,062;100
5019,062;93
5020,062;93
5021,062;88
5022,062;2276
5023,062;11032
5024,062;89
5025,062;119
5026,062;111
5027,062;108
5028,062;2256
5029,062;10987
5030,062;80
5031,062;70
5032,062;92
5033,062;104
5034,062;2275
5035,062;11024
5036,062;90
5037,062;101
5038,062;92
5039,062;93
5040,062;2271
5041,062;11010
5042,062;92
5043,062;97
5044,062;89
5045,062;114
5046,062;2263
5047,062;11005
5048,062;93
5049,062;95
5050,062;91
5051,062;94
5052,062;2240
5052,563;11010
5053,563;73
5054,563;89
5055,563;107
5056,563;92
5057,563;2275
5058,563;11003
5059,563;86
5060,563;99
5061,563;89
5062,563;86
5063,563;2260
5064,563;11018
5065,563;98
5066,563;88
5067,563;95
5068,563;98
5069,563;2254
5070,563;11023
5071,563;89
5072,563;90
5073,563;94
5074,563;93
5075,563;2262
5076,563;11042
5077,563;80
5078,563;94
5079,563;106
5080,563;92
5081,563;2242
5082,563;11012
5083,563;92
5084,563;105
5085,563;102
5086,563;95
5087,563;2242
5088,563;11036
5089,563;95
5090,563;85
5091,563;90
5092,563;122
5093,563;2282
5094,563;11056
5095,563;81
5096,563;88
5097,563;99
5098,563;91
5099,563;2242
5100,563;11046
5101,563;96
5102,563;86
5103,563;99
5104,563;100
5105,563;2266
5106,563;11021
5107,563;86
5108,563;100
5109,563;86
5110,563;97
5111,563;2237
5112,563;11025
5113,563;89
5114,563;90
5115,563;92
5116,563;94
5117,563;2259
5118,563;11045
5119,563;83
5120,563;83
5121,563;89
5122,563;101
5123,563;2257
5124,563;11044
5125,563;87
5126,563;84
5127,563;81
5128,563;88
5129,563;2255
5130,563;11069
5131,563;82
5132,563;77
5133,563;108
5134,563;86
5135,563;2242
5136,563;11040
5137,563;82
5138,563;81
5139,563;104
5140,563;98
5141,563;2241
5142,563;11040
5143,563;73
5144,563;89
5145,563;95
5146,563;72
5147,563;2233
5148,563;11052
5149,563;79
5150,563;85
5151,563;111
5152,563;88
5154,155;2243
5155,155;11056
5156,155;89
5157,155;79
5158,155;80
5159,155;104
5160,155;2226
5161,155;11031
5162,155;106
5163,155;74
5164,155;101
5165,155;83
5166,155;2241
5167,155;11051
5168,155;80
5169,155;86
5170,155;87
5171,155;96
5172,155;2314
5173,155;10913
5174,155;83
5175,155;85
5176,155;118
5177,155;99
5178,155;2268
5179,155;10992
5180,155;80
5181,155;93
5182,155;96
5183,155;96
5184,155;2230
5185,155;11034
5186,155;71
5187,155;84
5188,155;84
5189,155;77
5190,155;2219
5191,155;11066
5192,155;80
5193,155;84
5194,155;86
5195,155;88
5196,155;2210
5197,155;11029
5198,155;84
5199,155;70
5200,155;83
5201,155;87
5202,155;2186
5203,155;11038
5204,155;70
5205,155;82
5206,155;95
5207,155;96
5208,155;2225
5209,155;11016
5210,155;72
5211,155;88
5212,155;92
5213,155;85
5214,155;2213
5215,155;11062
5216,155;73
5217,155;93
5218,155;83
5219,155;72
5220,155;1844
5221,155;11115
5222,155;77
5223,155;86
5224,155;79
5225,155;89
5226,155;2135
5227,155;11021
5228,155;70
5229,155;93
5230,155;79
5231,155;79
5232,155;2196
5233,155;11045
5234,155;82
5235,155;83
5236,155;72
5237,155;94
5238,155;2233
5239,155;11049
5240,155;68
5241,155;69
5242,155;90
5243,155;86
5244,155;2210
5245,155;11085
5246,155;101
5247,155;83
5248,155;112
5249,155;86
5250,155;2350
5251,155;10909
5252,155;84
5253,155;89
5254,155;93
5253,768;80
5254,768;2224
5255,768;11058
5256,768;87
5257,768;93
5258,768;75
5259,768;83
5260,768;2217
5261,768;11076
5262,768;82
5263,768;103
5264,768;84
5265,768;75
5266,768;2187
5267,768;11075
5268,768;70
5269,768;99
5270,768;90
5271,768;87
5272,768;2212
5273,768;11061
5274,768;80
5275,768;80
5276,768;101
5277,768;76
5278,768;2203
5279,768;11073
5280,768;79
5281,768;68
5282,768;82
5283,768;95
5284,768;2204
5285,768;11053
5286,768;101
5287,768;84
5288,768;80
5289,768;88
5290,768;2225
5291,768;11056
5292,768;92
5293,768;89
5294,768;69
5295,768;81
5296,768;2227
5297,768;11051
5298,768;72
5299,768;86
5300,768;96
5301,768;86
5302,768;2220
5303,768;11096
5304,768;63
5305,768;85
5306,768;96
5307,768;80
5308,768;2206
5309,768;11063
5310,768;78
5311,768;92
5312,768;112
5313,768;81
5314,768;2223
5315,768;11061
5316,768;97
5317,768;83
5318,768;86
5319,768;96
5320,768;2227
5321,768;11077
5322,768;86
5323,768;76
5324,768;82
5325,768;93
5326,768;2212
5327,768;11070
5328,768;88
5329,768;97
5330,768;102
5331,768;100
5332,768;2224
5333,768;11064
5334,768;81
5335,768;84
5336,768;97
5337,768;81
5338,768;2214
5339,768;11072
5340,768;90
5341,768;93
5342,768;92
5343,768;91
5344,768;2208
5345,768;11095
5346,768;80
5347,768;97
5348,768;88
5349,768;82
5350,768;2208
5351,768;11065
5352,768;92
5353,768;99
5354,768;98
5355,768;96
5356,768;2236
5357,768;11058
5358,768;88
5359,768;104
5360,768;104
5361,768;104
5362,768;2214
5363,768;11067
5364,768;87
5365,768;107
5366,768;88
5367,768;88
5368,768;2188
5369,768;11068
5370,768;77
5371,768;79
5372,768;84
5373,768;111
5374,768;2235
5375,768;11066
5376,768;91
5377,768;102
5378,768;111
5379,768;97
5380,768;2190
5381,768;11060
5382,768;89
5383,768;95
5384,768;103
5385,768;108
5386,768;2201
5387,768;11069
5388,768;76
5389,768;97
5390,768;109
5391,768;102
5392,768;2193
5393,768;11048
5394,768;82
5395,768;89
5396,768;91
5397,768;97
5398,768;2215
5399,768;11071
5400,768;96
5401,768;103
5402,768;89
5403,768;114
5404,768;2231
5405,768;11048
5406,768;78
5407,768;98
5408,768;92
5409,768;98
5410,768;2178
5411,768;11073
5412,768;78
5413,768;103
5414,768;95
5415,768;102
5416,768;2218
5417,768;11071
5418,768;80
5419,768;91
5420,768;117
5421,768;106
5422,768;2210
5423,768;11057
5424,768;71
5425,768;72
5426,768;102
5427,768;72
5428,768;2202
5429,768;11099
5430,768;101
5431,768;82
5432,768;100
5433,768;104
5434,768;2195
5435,768;11088
5436,768;78
5437,768;95
5438,768;82
5439,768;96
5440,768;2183
5441,768;11084
5442,768;61
5443,768;95
5444,768;75
5445,768;91
5446,768;2193
5447,768;11123
5448,768;76
5449,768;86
5450,768;93
5451,768;84
5452,768;2219
5453,768;11104
5454,768;80
5456,033;79
5457,033;105
5458,033;89
5459,033;2206
5460,033;11081
5461,033;82
5462,033;91
5463,033;94
5464,033;87
5465,033;2207
5466,033;11074
5467,033;82
5468,033;81
5469,033;108
5470,033;88
5471,033;2196
5472,033;11075
5473,033;101
5474,033;103
5475,033;103
5476,033;84
5477,033;2176
5478,033;11105
5479,033;82
5480,033;88
5481,033;84
5482,033;84
5483,033;2197
5484,033;11102
5485,033;73
5486,033;72
5487,033;72
5488,033;100
5489,033;2198
5490,033;11106
5491,033;73
5492,033;77
5493,033;91
5494,033;73
5495,033;2213
5496,033;11064
5497,033;61
5498,033;83
5499,033;79
5500,033;81
5501,033;2185
5502,033;11102
5503,033;75
5504,033;79
5505,033;81
5506,033;72
5507,033;2158
5508,033;11058
5509,033;98
5510,033;72
5511,033;77
5512,033;68
5513,033;2166
5514,033;11089
5515,033;56
5516,033;78
5517,033;71
5518,033;87
5519,033;2184
5520,033;11100
5521,033;71
5522,033;72
5523,033;76
5524,033;63
5525,033;2158
5526,033;11088
5527,033;74
5528,033;68
5529,033;84
5530,033;72
5531,033;1794
5532,033;11118
5533,033;80
5534,033;70
5535,033;76
5536,033;67
5537,033;2120
5538,033;11060
5539,033;70
5540,033;78
5541,033;77
5542,033;65
5543,033;2161
5544,033;11052
5545,033;83
5546,033;61
5547,033;74
5548,033;77
5549,033;2123
5550,033;11107
5551,033;92
5552,033;79
5553,033;63
5554,033;82
5555,033;2184
5556,033;11114
5557,372;82
5558,372;74
5559,372;82
5560,372;86
5561,372;2141
5562,372;11132
5563,372;81
5564,372;88
5565,372;79
5566,372;89
5567,372;2180
5568,372;11091
5569,372;76
5570,372;76
5571,372;93
5572,372;81
5573,372;2177
5574,372;11119
5575,372;87
5576,372;84
5577,372;94
5578,372;78
5579,372;2182
5580,372;11131
5581,372;77
5582,372;84
5583,372;104
5584,372;85
5585,372;2158
5586,372;11128
5587,372;88
5588,372;92
5589,372;91
5590,372;88
5591,372;2168
5592,372;11116
5593,372;108
5594,372;74
5595,372;82
5596,372;100
5597,372;2174
5598,372;11099
5599,372;81
5600,372;93
5601,372;73
5602,372;100
5603,372;2162
5604,372;11094
5605,372;77
5606,372;81
5607,372;81
5608,372;88
5609,372;2179
5610,372;11097
5611,372;71
5612,372;97
5613,372;95
5614,372;81
5615,372;2192
5616,372;11141
5617,372;93
5618,372;117
5619,372;91
5620,372;105
5621,372;2155
5622,372;11100
5623,372;76
5624,372;103
5625,372;104
5626,372;95
5627,372;2169
5628,372;11088
5629,372;96
5630,372;92
5631,372;82
5632,372;85
5633,372;2293
5634,372;10986
5635,372;95
5636,372;93
5637,372;101
5638,372;110
5639,372;2157
5640,372;11118
5641,372;84
5642,372;98
5643,372;100
5644,372;105
5645,372;2174
5646,372;11083
5647,372;91
5648,372;110
5649,372;93
5650,372;105
5651,372;2163
5652,372;11109
5653,372;94
5654,372;95
5655,372;110
5656,372;96
5657,372;2157
5658,807;11099
5659,807;97
5660,807;98
5661,807;80
5662,807;97
5663,807;2135
5664,807;11107
5665,807;79
5666,807;99
5667,807;81
5668,807;104
5669,807;2152
5670,807;11088
5671,807;88
5672,807;85
5673,807;97
5674,807;86
5675,807;2164
5676,807;11129
5677,807;93
5678,807;110
5679,807;96
5680,807;104
5681,807;2138
5682,807;11127
5683,807;86
5684,807;84
5685,807;95
5686,807;100
5687,807;2168
5688,807;11113
5689,807;94
5690,807;83
5691,807;77
5692,807;93
5693,807;2156
5694,807;11118
5695,807;74
5696,807;100
5697,807;93
5698,807;99
5699,807;2172
5700,807;11097
5701,807;105
5702,807;97
5703,807;118
5704,807;81
5705,807;2144
5706,807;11095
5707,807;83
5708,807;80
5709,807;110
5710,807;101
5711,807;2121
5712,807;11131
5713,807;94
5714,807;92
5715,807;100
5716,807;101
5717,807;2177
5718,807;11118
5719,807;89
5720,807;88
5721,807;87
5722,807;81
5723,807;2141
5724,807;11154
5725,807;88
5726,807;93
5727,807;84
5728,807;111
5729,807;2147
5730,807;11128
5731,807;79
5732,807;107
5733,807;89
5734,807;95
5735,807;2176
5736,807;11120
5737,807;77
5738,807;77
5739,807;87
5740,807;84
5741,807;2105
5742,807;11127
5743,807;66
5744,807;85
5745,807;103
5746,807;89
5747,807;2134
5748,807;11134
5749,807;63
5750,807;84
5751,807;90
5752,807;85
5753,807;2146
5754,807;11142
5755,807;86
5756,807;84
5757,807;101
5758,807;84
5762,135;2122
5763,135;11137
5764,135;99
5765,135;77
5766,135;69
5767,135;83
5768,135;2142
5769,135;11141
5770,135;84
5771,135;88
5772,135;82
5773,135;91
5774,135;2138
5775,135;11107
5776,135;85
5777,135;80
5778,135;87
5779,135;76
5780,135;2138
5781,135;11139
5782,135;76
5783,135;85
5784,135;91
5785,135;82
5786,135;2130
5787,135;11120
5788,135;79
5789,135;73
5790,135;75
5791,135;113
5792,135;2134
5793,135;11147
5794,135;70
5795,135;85
5796,135;89
5797,135;78
5798,135;2137
5799,135;11118
5800,135;74
5801,135;96
5802,135;80
5803,135;104
5804,135;2128
5805,135;11122
5806,135;92
5807,135;82
5808,135;85
5809,135;92
5810,135;2126
5811,135;11142
5812,135;84
5813,135;74
5814,135;93
5815,135;91
5816,135;2139
5817,135;11110
5818,135;80
5819,135;77
5820,135;112
5821,135;90
5822,135;2122
5823,135;11144
5824,135;75
5825,135;80
5826,135;84
5827,135;75
5828,135;2108
5829,135;11153
5830,135;76
5831,135;74
5832,135;73
5833,135;88
5834,135;2080
5835,135;11146
5836,135;74
5837,135;92
5838,135;87
5839,135;68
5840,135;2115
5841,135;11146
5842,135;74
5843,135;95
5844,135;78
5845,135;63
5846,135;1740
5847,135;11211
5848,135;80
5849,135;85
5850,135;82
5851,135;91
5852,135;2027
5853,135;11137
5854,135;66
5855,135;86
5856,135;88
5857,135;89
5858,135;2107
5859,135;11171
5860,135;75
5861,135;73
5862,135;89
5860,2;65
5861,2;2114
5862,2;11132
5863,2;78
5864,2;80
5865,2;79
5866,2;78
5867,2;2111
5868,2;11158
5869,2;79
5870,2;85
5871,2;87
5872,2;98
5873,2;2130
5874,2;11148
5875,2;84
5876,2;103
5877,2;82
5878,2;103
5879,2;2115
5880,2;11150
5881,2;82
5882,2;101
5883,2;80
5884,2;79
5885,2;2106
5886,2;11147
5887,2;64
5888,2;97
5889,2;76
5890,2;89
5891,2;2122
5892,2;11150
5893,2;86
5894,2;73
5895,2;94
5896,2;111
5897,2;2123
5898,2;11158
5899,2;75
5900,2;94
5901,2;97
5902,2;83
5903,2;2098
5904,2;11158
5905,2;70
5906,2;87
5907,2;103
5908,2;99
5909,2;2084
5910,2;11133
5911,2;86
5912,2;87
5913,2;85
5914,2;81
5915,2;2117
5916,2;11142
5917,2;69
5918,2;86
5919,2;103
5920,2;94
5921,2;2099
5922,2;11129
5923,2;92
5924,2;90
5925,2;83
5926,2;91
5927,2;2114
5928,2;11170
5929,2;102
5930,2;83
5931,2;88
5932,2;79
5933,2;2087
5934,2;11152
5935,2;73
5936,2;93
5937,2;88
5938,2;93
5939,2;2104
5940,2;11167
5941,2;104
5942,2;71
5943,2;93
5944,2;99
5945,2;2124
5946,2;11169
5947,2;88
5948,2;87
5949,2;90
5950,2;95
5951,2;2101
5952,2;11158
5953,2;91
5954,2;101
5955,2;102
5956,2;90
5957,2;2096
5958,2;11178
5959,2;85
5960,2;77
5961,2;97
5962,2;89
5963,2;2127
5964,2;11157
5965,2;90
5966,2;94
5967,2;93
5968,2;92
5969,2;2075
5970,2;11157
5971,2;71
5972,2;92
5973,2;99
5974,2;100
5975,2;2117
5976,2;11186
5977,2;85
5978,2;116
5979,2;97
5980,2;81
5981,2;2105
5982,2;11170
5983,2;84
5984,2;106
5985,2;119
5986,2;94
5987,2;2105
5988,2;11172
5989,2;88
5990,2;101
5991,2;81
5992,2;87
5993,2;2122
5994,2;11161
5995,2;77
5996,2;103
5997,2;90
5998,2;86
5999,2;2109
6000,2;11171
6001,2;88
6002,2;89
6003,2;107
6004,2;91
6005,2;2098
6006,2;11186
6007,2;78
6008,2;85
6009,2;110
6010,2;90
6011,2;2087
6012,2;11144
6013,2;91
6014,2;89
6015,2;86
6016,2;87
6017,2;2130
6018,2;11195
6019,2;92
6020,2;96
6021,2;103
6022,2;97
6023,2;2079
6024,2;11160
6025,2;87
6026,2;107
6027,2;92
6028,2;94
6029,2;2093
6030,2;11198
6031,2;89
6032,2;85
6033,2;104
6034,2;89
6035,2;2096
6036,2;11144
6037,2;82
6038,2;112
6039,2;85
6040,2;77
6041,2;2106
6042,2;11198
6043,2;95
6044,2;100
6045,2;94
6046,2;85
6047,2;2099
6048,2;11179
6049,2;80
6050,2;83
6051,2;97
6052,2;113
6053,2;2101
6054,2;11153
6055,2;81
6056,2;98
6057,2;111
6058,2;95
6059,2;2105
6060,2;11163
6061,2;91
6061,922;97
6062,922;93
6063,922;104
6064,922;2088
6065,922;11181
6066,922;83
6067,922;116
6068,922;102
6069,922;111
6070,922;2101
6071,922;11195
6072,922;93
6073,922;113
6074,922;90
6075,922;98
6076,922;2090
6077,922;11173
6078,922;79
6079,922;101
6080,922;106
6081,922;94
6082,922;2100
6083,922;11176
6084,922;92
6085,922;100
6086,922;73
6087,922;69
6088,922;2095
6089,922;11179
6090,922;96
6091,922;100
6092,922;95
6093,922;92
6094,922;2088
6095,922;11174
6096,922;89
6097,922;89
6098,922;96
6099,922;68
6100,922;2088
6101,922;11178
6102,922;74
6103,922;91
6104,922;90
6105,922;101
6106,922;2095
6107,922;11189
6108,922;87
6109,922;96
6110,922;97
6111,922;113
6112,922;2177
6113,922;11105
6114,922;93
6115,922;93
6116,922;100
6117,922;86
6118,922;2130
6119,922;11151
6120,922;78
6121,922;72
6122,922;80
6123,922;85
6124,922;2092
6125,922;11174
6126,922;70
6127,922;79
6128,922;81
6129,922;89
6130,922;2070
6131,922;11181
6132,922;75
6133,922;67
6134,922;80
6135,922;80
6136,922;2080
6137,922;11195
6138,922;76
6139,922;66
6140,922;78
6141,922;86
6142,922;2080
6143,922;11182
6144,922;70
6145,922;71
6146,922;74
6147,922;86
6148,922;2057
6149,922;11188
6150,922;63
6151,922;82
6152,922;73
6153,922;66
6154,922;1687
6155,922;11220
6156,922;67
6157,922;87
6158,922;68
6159,922;69
6160,922;2025
6161,922;11159
6163,957;69
6164,957;69
6165,957;65
6166,957;64
6167,957;2076
6168,957;11202
6169,957;73
6170,957;71
6171,957;82
6172,957;72
6173,957;2094
6174,957;11218
6175,957;71
6176,957;71
6177,957;71
6178,957;86
6179,957;2072
6180,957;11159
6181,957;91
6182,957;95
6183,957;83
6184,957;76
6185,957;2073
6186,957;11197
6187,957;87
6188,957;85
6189,957;71
6190,957;93
6191,957;2062
6192,957;11163
6193,957;89
6194,957;77
6195,957;88
6196,957;87
6197,957;2061
6198,957;11215
6199,957;89
6200,957;71
6201,957;87
6202,957;92
6203,957;2091
6204,957;11225
6205,957;98
6206,957;86
6207,957;84
6208,957;95
6209,957;2068
6210,957;11212
6211,957;84
6212,957;93
6213,957;85
6214,957;108
6215,957;2077
6216,957;11200
6217,957;84
6218,957;111
6219,957;79
6220,957;74
6221,957;2086
6222,957;11208
6223,957;82
6224,957;91
6225,957;73
6226,957;99
6227,957;2073
6228,957;11194
6229,957;82
6230,957;90
6231,957;88
6232,957;106
6233,957;2122
6234,957;11126
6235,957;78
6236,957;79
6237,957;96
6238,957;103
6239,957;2090
6240,957;11238
6241,957;79
6242,957;94
6243,957;89
6244,957;86
6245,957;2075
6246,957;11209
6247,957;82
6248,957;85
6249,957;93
6250,957;119
6251,957;2080
6252,957;11187
6253,957;77
6254,957;80
6255,957;83
6256,957;104
6257,957;2071
6258,957;11208
6259,957;80
6260,957;84
6261,957;100
6262,957;105
6263,957;2068
6264,783;11190
6265,783;67
6266,783;90
6267,783;84
6268,783;114
6269,783;2041
6270,783;11230
6271,783;86
6272,783;100
6273,783;100
6274,783;101
6275,783;2081
6276,783;11216
6277,783;73
6278,783;77
6279,783;94
6280,783;98
6281,783;2068
6282,783;11207
6283,783;92
6284,783;102
6285,783;93
6286,783;102
6287,783;2067
6288,783;11212
6289,783;70
6290,783;92
6291,783;94
6292,783;86
6293,783;2150
6294,783;11156
6295,783;87
6296,783;90
6297,783;92
6298,783;90
6299,783;2046
6300,783;11249
6301,783;95
6302,783;101
6303,783;108
6304,783;98
6305,783;2057
6306,783;11231
6307,783;91
6308,783;96
6309,783;92
6310,783;105
6311,783;2034
6312,783;11220
6313,783;94
6314,783;93
6315,783;92
6316,783;79
6317,783;2078
6318,783;11210
6319,783;95
6320,783;79
6321,783;95
6322,783;87
6323,783;2055
6324,783;11213
6325,783;78
6326,783;100
6327,783;91
6328,783;87
6329,783;2042
6330,783;11233
6331,783;102
6332,783;99
6333,783;100
6334,783;84
6335,783;2043
6336,783;11200
6337,783;84
6338,783;91
6339,783;96
6340,783;96
6341,783;2013
6342,783;11237
6343,783;88
6344,783;80
6345,783;94
6346,783;96
6347,783;2046
6348,783;11240
6349,783;87
6350,783;97
6351,783;71
6352,783;76
6353,783;2155
6354,783;11090
6355,783;88
6356,783;87
6357,783;73
6358,783;95
6359,783;2059
6360,783;11207
6361,783;95
6362,783;101
6363,783;98
6364,783;90
6366,431;2048
6367,431;11204
6368,431;85
6369,431;76
6370,431;83
6371,431;93
6372,431;2050
6373,431;11245
6374,431;103
6375,431;98
6376,431;92
6377,431;120
6378,431;2037
6379,431;11235
6380,431;72
6381,431;89
6382,431;95
6383,431;98
6384,431;2046
6385,431;11254
6386,431;105
6387,431;66
6388,431;97
6389,431;114
6390,431;1986
6391,431;11226
6392,431;76
6393,431;112
6394,431;91
6395,431;108
6396,431;2031
6397,431;11239
6398,431;90
6399,431;75
6400,431;100
6401,431;100
6402,431;2025
6403,431;11195
6404,431;80
6405,431;63
6406,431;84
6407,431;110
6408,431;2009
6409,431;11253
6410,431;84
6411,431;87
6412,431;110
6413,431;83
6414,431;2052
6415,431;11211
6416,431;87
6417,431;90
6418,431;96
6419,431;85
6420,431;2031
6421,431;11231
6422,431;80
6423,431;92
6424,431;87
6425,431;95
6426,431;2017
6427,431;11222
6428,431;85
6429,431;73
6430,431;77
6431,431;83
6432,431;2012
6433,431;11238
6434,431;92
6435,431;94
6436,431;100
6437,431;94
6438,431;2043
6439,431;11253
6440,431;67
6441,431;80
6442,431;95
6443,431;85
6444,431;2023
6445,431;11232
6446,431;91
6447,431;94
6448,431;83
6449,431;71
6450,431;1984
6451,431;11221
6452,431;70
6453,431;77
6454,431;73
6455,431;81
6456,431;2041
6457,431;11216
6458,431;76
6459,431;88
6460,431;102
6461,431;89
6462,431;2001
6463,431;11192
6464,431;69
6465,431;81
6466,431;81
6467,431;92
6468,431;1662
6469,431;11278
6470,431;74
6471,431;75
6472,431;86
6473,431;86
6474,431;1969
6475,431;11215
6476,431;74
6477,431;83
6478,431;79
6479,431;95
6480,431;2004
6481,431;11278
6482,431;79
6483,431;74
6484,431;103
6485,431;92
6486,431;2001
6487,431;11210
6488,431;60
6489,431;75
6490,431;86
6491,431;77
6492,431;2010
6493,431;11242
6494,431;77
6495,431;72
6496,431;87
6497,431;109
6498,431;2010
6499,431;11244
6500,431;71
6501,431;83
6502,431;83
6503,431;97
6504,431;2016
6505,431;11241
6506,431;77
6507,431;94
6508,431;100
6509,431;101
6510,431;1973
6511,431;11278
6512,431;79
6513,431;76
6514,431;76
6515,431;87
6516,431;2015
6517,431;11233
6518,431;98
6519,431;88
6520,431;87
6521,431;98
6522,431;1991
6523,431;11233
6524,431;75
6525,431;74
6526,431;88
6527,431;91
6528,431;2050
6529,431;11202
6530,431;91
6531,431;80
6532,431;81
6533,431;101
6534,431;2011
6535,431;11268
6536,431;87
6537,431;76
6538,431;89
6539,431;88
6540,431;2018
6541,431;11255
6542,431;96
6543,431;77
6544,431;86
6545,431;102
6546,431;1998
6547,431;11248
6548,431;89
6549,431;87
6550,431;86
6551,431;70
6552,431;2015
6553,431;11271
6554,431;76
6555,431;89
6556,431;83
6557,431;92
6558,431;2033
6559,431;11234
6560,431;81
6561,431;88
6562,431;75
6563,431;87
6564,431;2031
6565,431;11274
6566,431;74
6567,431;88
6567,186;81
6568,186;88
6569,186;2003
6570,186;11277
6571,186;83
6572,186;81
6573,186;103
6574,186;116
6575,186;1994
6576,186;11242
6577,186;79
6578,186;84
6579,186;85
6580,186;100
6581,186;2010
6582,186;11255
6583,186;84
6584,186;86
6585,186;83
6586,186;93
6587,186;2032
6588,186;11246
6589,186;96
6590,186;90
6591,186;101
6592,186;73
6593,186;2023
6594,186;11229
6595,186;96
6596,186;74
6597,186;98
6598,186;72
6599,186;2029
6600,186;11274
6601,186;77
6602,186;103
6603,186;80
6604,186;102
6605,186;1998
6606,186;11248
6607,186;80
6608,186;74
6609,186;95
6610,186;96
6611,186;2005
6612,186;11289
6613,186;86
6614,186;93
6615,186;102
6616,186;93
6617,186;2015
6618,186;11265
6619,186;93
6620,186;99
6621,186;109
6622,186;92
6623,186;1988
6624,186;11247
6625,186;80
6626,186;102
6627,186;101
6628,186;109
6629,186;1995
6630,186;11278
6631,186;79
6632,186;83
6633,186;93
6634,186;101
6635,186;2008
6636,186;11272
6637,186;87
6638,186;86
6639,186;102
6640,186;93
6641,186;2004
6642,186;11261
6643,186;90
6644,186;99
6645,186;103
6646,186;102
6647,186;2007
6648,186;11281
6649,186;90
6650,186;88
6651,186;101
6652,186;113
6653,186;1996
6654,186;11278
6655,186;90
6656,186;90
6657,186;108
6658,186;113
6659,186;1995
6660,186;11272
6661,186;78
6662,186;104
6663,186;96
6664,186;82
6665,186;2010
6666,186;11254
6667,186;84
6669,091;94
6670,091;96
6671,091;99
6672,091;1996
6673,091;11288
6674,091;93
6675,091;94
6676,091;90
6677,091;103
6678,091;2008
6679,091;11278
6680,091;102
6681,091;83
6682,091;92
6683,091;92
6684,091;2113
6685,091;11187
6686,091;86
6687,091;97
6688,091;90
6689,091;95
6690,091;2005
6691,091;11252
6692,091;82
6693,091;95
6694,091;100
6695,091;94
6696,091;2051
6697,091;11265
6698,091;94
6699,091;103
6700,091;103
6701,091;92
6702,091;1985
6703,091;11272
6704,091;75
6705,091;98
6706,091;106
6707,091;92
6708,091;1983
6709,091;11281
6710,091;84
6711,091;91
6712,091;93
6713,091;93
6714,091;2025
6715,091;11292
6716,091;77
6717,091;101
6718,091;88
6719,091;77
6720,091;2021
6721,091;11313
6722,091;98
6723,091;85
6724,091;98
6725,091;110
6726,091;1977
6727,091;11293
6728,091;76
6729,091;81
6730,091;83
6731,091;82
6732,091;1979
6733,091;11302
6734,091;94
6735,091;100
6736,091;87
6737,091;91
6738,091;2075
6739,091;11197
6740,091;72
6741,091;91
6742,091;85
6743,091;85
6744,091;1985
6745,091;11298
6746,091;78
6747,091;90
6748,091;86
6749,091;90
6750,091;1970
6751,091;11294
6752,091;89
6753,091;81
6754,091;99
6755,091;79
6756,091;2014
6757,091;11277
6758,091;86
6759,091;87
6760,091;93
6761,091;94
6762,091;1983
6763,091;11250
6764,091;80
6765,091;97
6766,091;76
6767,091;80
6768,091;1981
6769,091;11288
6769,058;90
6770,058;80
6771,058;82
6772,058;92
6773,058;1957
6774,058;11261
6775,058;63
6776,058;62
6777,058;66
6778,058;81
6779,058;1596
6780,058;11353
6781,058;71
6782,058;65
6783,058;72
6784,058;66
6785,058;1923
6786,058;11268
6787,058;84
6788,058;72
6789,058;59
6790,058;75
6791,058;1961
6792,058;11287
6793,058;82
6794,058;85
6795,058;76
6796,058;83
6797,058;1996
6798,058;11269
6799,058;82
6800,058;72
6801,058;97
6802,058;80
6803,058;1978
6804,058;11305
6805,058;68
6806,058;70
6807,058;86
6808,058;83
6809,058;1973
6810,058;11280
6811,058;96
6812,058;94
6813,058;94
6814,058;76
6815,058;1982
6816,058;11283
6817,058;84
6818,058;83
6819,058;85
6820,058;99
6821,058;1973
6822,058;11308
6823,058;94
6824,058;93
6825,058;85
6826,058;87
6827,058;1971
6828,058;11292
6829,058;61
6830,058;82
6831,058;105
6832,058;104
6833,058;1979
6834,058;11281
6835,058;102
6836,058;104
6837,058;92
6838,058;100
6839,058;2082
6840,058;11229
6841,058;90
6842,058;80
6843,058;74
6844,058;105
6845,058;1980
6846,058;11314
6847,058;98
6848,058;98
6849,058;119
6850,058;80
6851,058;1963
6852,058;11302
6853,058;90
6854,058;94
6855,058;93
6856,058;92
6857,058;1977
6858,058;11319
6859,058;94
6860,058;103
6861,058;97
6862,058;107
6863,058;1975
6864,058;11274
6865,058;81
6866,058;102
6867,058;100
6868,058;86
6869,058;1959
6870,242;11308
6871,242;106
6872,242;85
6873,242;85
6874,242;92
6875,242;1970
6876,242;11314
6877,242;92
6878,242;98
6879,242;102
6880,242;106
6881,242;1950
6882,242;11312
6883,242;95
6884,242;98
6885,242;89
6886,242;84
6887,242;1981
6888,242;11330
6889,242;105
6890,242;102
6891,242;88
6892,242;95
6893,242;1956
6894,242;11313
6895,242;93
6896,242;94
6897,242;86
6898,242;98
6899,242;1975
6900,242;11269
6901,242;94
6902,242;106
6903,242;106
6904,242;97
6905,242;1951
6906,242;11315
6907,242;79
6908,242;113
6909,242;103
6910,242;93
6911,242;1953
6912,242;11300
6913,242;89
6914,242;106
6915,242;99
6916,242;90
6917,242;1947
6918,242;11338
6919,242;98
6920,242;99
6921,242;95
6922,242;78
6923,242;2030
6924,242;11224
6925,242;93
6926,242;108
6927,242;79
6928,242;103
6929,242;1961
6930,242;11329
6931,242;82
6932,242;95
6933,242;104
6934,242;77
6935,242;1966
6936,242;11297
6937,242;80
6938,242;86
6939,242;119
6940,242;85
6941,242;1949
6942,242;11349
6943,242;93
6944,242;95
6945,242;88
6946,242;74
6947,242;1943
6948,242;11318
6949,242;93
6950,242;93
6951,242;98
6952,242;79
6953,242;1956
6954,242;11306
6955,242;80
6956,242;85
6957,242;103
6958,242;94
6959,242;1964
6960,242;11323
6961,242;93
6962,242;94
6963,242;86
6964,242;88
6965,242;1948
6966,242;11301
6967,242;100
6968,242;87
6969,242;74
6970,242;87
6971,242;1937
6972,242;11348
6973,242;90
6974,242;81
6975,242;84
6976,242;85
6977,242;1961
6978,242;11321
6979,242;74
6980,242;96
6981,242;90
6982,242;97
6983,242;1911
6984,242;11326
6985,242;79
6986,242;102
6987,242;98
6988,242;99
6989,242;1931
6990,242;11327
6991,242;81
6992,242;84
6993,242;91
6994,242;84
6995,242;1936
6996,242;11327
6997,242;96
6998,242;77
6999,242;89
7000,242;91
7001,242;2025
7002,242;11219
7003,242;77
7004,242;92
7005,242;100
7006,242;91
7007,242;1924
7008,242;11318
7009,242;85
7010,242;83
7011,242;101
7012,242;93
7013,242;1944
7014,242;11319
7015,242;76
7016,242;78
7017,242;94
7018,242;91
7019,242;1924
7020,242;11311
7021,242;72
7022,242;97
7023,242;101
7024,242;112
7025,242;1933
7026,242;11318
7027,242;69
7028,242;77
7029,242;83
7030,242;92
7031,242;1919
7032,242;11325
7033,242;96
7034,242;97
7035,242;76
7036,242;89
7037,242;1900
7038,242;11333
7039,242;94
7040,242;93
7041,242;93
7042,242;84
7043,242;1932
7044,242;11350
7045,242;74
7046,242;83
7047,242;96
7048,242;77
7049,242;1910
7050,242;11366
7051,242;66
7052,242;89
7053,242;94
7054,242;94
7055,242;1912
7056,242;11313
7057,242;86
7058,242;76
7059,242;91
7060,242;92
7061,242;1905
7062,242;11339
7063,242;74
7064,242;77
7065,242;91
7066,242;86
7067,242;1901
7068,242;11329
7069,242;83
7070,242;82
7071,242;97
7072,413;91
7073,413;1901
7074,413;11320
7075,413;82
7076,413;89
7077,413;84
7078,413;95
7079,413;1925
7080,413;11316
7081,413;65
7082,413;67
7083,413;65
7084,413;78
7085,413;1900
7086,413;11343
7087,413;80
7088,413;76
7089,413;83
7090,413;65
7091,413;1535
7092,413;11354
7093,413;74
7094,413;76
7095,413;96
7096,413;84
7097,413;1843
7098,413;11324
7099,413;82
7100,413;74
7101,413;81
7102,413;91
7103,413;1898
7104,413;11351
7105,413;78
7106,413;72
7107,413;77
7108,413;99
7109,413;1879
7110,413;11344
7111,413;80
7112,413;84
7113,413;87
7114,413;78
7115,413;1912
7116,413;11361
7117,413;86
7118,413;87
7119,413;87
7120,413;100
7121,413;1898
7122,413;11359
7123,413;77
7124,413;96
7125,413;100
7126,413;78
7127,413;1899
7128,413;11332
7129,413;85
7130,413;96
7131,413;100
7132,413;94
7133,413;1917
7134,413;11347
7135,413;86
7136,413;88
7137,413;91
7138,413;88
7139,413;1898
7140,413;11327
7141,413;80
7142,413;101
7143,413;82
7144,413;90
7145,413;1910
7146,413;11353
7147,413;81
7148,413;83
7149,413;83
7150,413;90
7151,413;1895
7152,413;11367
7153,413;87
7154,413;100
7155,413;83
7156,413;89
7157,413;1888
7158,413;11350
7159,413;74
7160,413;95
7161,413;99
7162,413;93
7163,413;1893
7164,413;11344
7165,413;77
7166,413;82
7167,413;102
7168,413;90
7169,413;1875
7170,413;11368
7171,413;76
7172,413;84
7173,594;98
7174,594;99
7175,594;1915
7176,594;11334
7177,594;78
7178,594;107
7179,594;100
7180,594;88
7181,594;1902
7182,594;11350
7183,594;66
7184,594;102
7185,594;82
7186,594;102
7187,594;1891
7188,594;11333
7189,594;84
7190,594;91
7191,594;91
7192,594;86
7193,594;1921
7194,594;11335
7195,594;83
7196,594;98
7197,594;98
7198,594;84
7199,594;1916
7200,594;11370
7201,594;95
7202,594;97
7203,594;102
7204,594;100
7205,594;1882
7206,594;11366
7207,594;93
7208,594;92
7209,594;85
7210,594;82
7211,594;1894
7212,594;11374
7213,594;79
7214,594;108
7215,594;87
7216,594;110
7217,594;2010
7218,594;11263
7219,594;83
7220,594;88
7221,594;77
7222,594;102
7223,594;1900
7224,594;11389
7225,594;99
7226,594;98
7227,594;95
7228,594;104
7229,594;1890
7230,594;11366
7231,594;91
7232,594;99
7233,594;99
7234,594;93
7235,594;1889
7236,594;11382
7237,594;76
7238,594;69
7239,594;97
7240,594;105
7241,594;1891
7242,594;11333
7243,594;85
7244,594;92
7245,594;97
7246,594;100
7247,594;1903
7248,594;11370
7249,594;76
7250,594;96
7251,594;93
7252,594;88
7253,594;1911
7254,594;11335
7255,594;77
7256,594;99
7257,594;88
7258,594;115
7259,594;1893
7260,594;11384
7261,594;74
7262,594;102
7263,594;91
7264,594;97
7265,594;1881
7266,594;11378
7267,594;92
7268,594;99
7269,594;109
7270,594;90
7271,594;1885
7272,594;11380
7273,594;99
7274,519;79
7275,519;105
7276,519;97
7277,519;1901
7278,519;11343
7279,519;109
7280,519;104
7281,519;105
7282,519;104
7283,519;1904
7284,519;11357
7285,519;72
7286,519;83
7287,519;93
7288,519;104
7289,519;1875
7290,519;11395
7291,519;73
7292,519;104
7293,519;97
7294,519;106
7295,519;1897
7296,519;11386
7297,519;88
7298,519;85
7299,519;103
7300,519;100
7301,519;1866
7302,519;11384
7303,519;83
7304,519;86
7305,519;86
7306,519;100
7307,519;1876
7308,519;11367
7309,519;80
7310,519;98
7311,519;85
7312,519;77
7313,519;1935
7314,519;11387
7315,519;89
7316,519;92
7317,519;105
7318,519;96
7319,519;1917
7320,519;11418
7321,519;95
7322,519;100
7323,519;87
7324,519;94
7325,519;1884
7326,519;11352
7327,519;92
7328,519;101
7329,519;95
7330,519;106
7331,519;1960
7332,519;11265
7333,519;100
7334,519;81
7335,519;90
7336,519;99
7337,519;1919
7338,519;11375
7339,519;70
7340,519;93
7341,519;78
7342,519;104
7343,519;1887
7344,519;11384
7345,519;87
7346,519;83
7347,519;108
7348,519;90
7349,519;1873
7350,519;11388
7351,519;88
7352,519;94
7353,519;100
7354,519;89
7355,519;1901
7356,519;11386
7357,519;95
7358,519;84
7359,519;85
7360,519;102
7361,519;1897
7362,519;11389
7363,519;77
7364,519;96
7365,519;82
7366,519;95
7367,519;1867
7368,519;11379
7369,519;72
7370,519;99
7371,519;84
7372,519;79
7373,519;1898
7374,519;11394
7375,962;66
7376,962;85
7377,962;99
7378,962;99
7379,962;1917
7380,962;11365
7381,962;80
7382,962;88
7383,962;92
7384,962;83
7385,962;1846
7386,962;11351
7387,962;76
7388,962;79
7389,962;83
7390,962;96
7391,962;1990
7392,962;11268
7393,962;67
7394,962;74
7395,962;81
7396,962;76
7397,962;1871
7398,962;11401
7399,962;72
7400,962;76
7401,962;81
7402,962;89
7403,962;1495
7404,962;11428
7405,962;78
7406,962;78
7407,962;81
7408,962;79
7409,962;1852
7410,962;11314
7411,962;86
7412,962;72
7413,962;89
7414,962;82
7415,962;1857
7416,962;11411
7417,962;84
7418,962;85
7419,962;91
7420,962;89
7421,962;1862
7422,962;11390
7423,962;68
7424,962;77
7425,962;89
7426,962;82
7427,962;1869
7428,962;11394
7429,962;88
7430,962;100
7431,962;80
7432,962;83
7433,962;1868
7434,962;11393
7435,962;73
7436,962;72
7437,962;74
7438,962;102
7439,962;1890
7440,962;11390
7441,962;94
7442,962;79
7443,962;84
7444,962;86
7445,962;1971
7446,962;11288
7447,962;92
7448,962;117
7449,962;108
7450,962;92
7451,962;1860
7452,962;11392
7453,962;107
7454,962;81
7455,962;79
7456,962;100
7457,962;1873
7458,962;11406
7459,962;101
7460,962;96
7461,962;92
7462,962;77
7463,962;1869
7464,962;11403
7465,962;89
7466,962;94
7467,962;94
7468,962;105
7469,962;1859
7470,962;11421
7471,962;98
7472,962;98
7473,962;107
7474,962;106
7475,962;1871
7476,962;11418
7477,962;90
7478,962;104
7479,962;88
7480,962;93
7481,962;1865
7482,962;11421
7483,962;77
7484,962;96
7485,962;93
7486,962;98
7487,962;1860
7488,962;11396
7489,962;88
7490,962;73
7491,962;121
7492,962;103
7493,962;1866
7494,962;11387
7495,962;94
7496,962;93
7497,962;89
7498,962;110
7499,962;1849
7500,962;11399
7501,962;85
7502,962;92
7503,962;89
7504,962;91
7505,962;1820
7506,962;11409
7507,962;85
7508,962;96
7509,962;77
7510,962;97
7511,962;1847
7512,962;11400
7513,962;81
7514,962;94
7515,962;86
7516,962;87
7517,962;1845
7518,962;11425
7519,962;92
7520,962;94
7521,962;89
7522,962;113
7523,962;1829
7524,962;11422
7525,962;93
7526,962;105
7527,962;84
7528,962;104
7529,962;1819
7530,962;11406
7531,962;96
7532,962;87
7533,962;76
7534,962;96
7535,962;1850
7536,962;11387
7537,962;84
7538,962;94
7539,962;109
7540,962;99
7541,962;1853
7542,962;11410
7543,962;97
7544,962;102
7545,962;89
7546,962;89
7547,962;1834
7548,962;11428
7549,962;91
7550,962;99
7551,962;105
7552,962;103
7553,962;1836
7554,962;11438
7555,962;99
7556,962;84
7557,962;101
7558,962;105
7559,962;1885
7560,962;11375
7561,962;86
7562,962;86
7563,962;109
7564,962;100
7565,962;1843
7566,962;11419
7567,962;87
7568,962;88
7569,962;97
7570,962;96
7571,962;1843
7572,962;11419
7573,962;90
7574,962;89
7575,962;76
7576,962;86
7576,834;1896
7577,834;11359
7578,834;81
7579,834;120
7580,834;89
7581,834;104
7582,834;1825
7583,834;11422
7584,834;91
7585,834;80
7586,834;103
7587,834;85
7588,834;1811
7589,834;11468
7590,834;106
7591,834;94
7592,834;95
7593,834;98
7594,834;1830
7595,834;11439
7596,834;69
7597,834;83
7598,834;106
7599,834;92
7600,834;1850
7601,834;11457
7602,834;83
7603,834;87
7604,834;91
7605,834;96
7606,834;1815
7607,834;11457
7608,834;99
7609,834;104
7610,834;112
7611,834;90
7612,834;1808
7613,834;11442
7614,834;86
7615,834;93
7616,834;95
7617,834;80
7618,834;1818
7619,834;11422
7620,834;86
7621,834;79
7622,834;86
7623,834;78
7624,834;1815
7625,834;11436
7626,834;90
7627,834;87
7628,834;84
7629,834;97
7630,834;1802
7631,834;11426
7632,834;78
7633,834;74
7634,834;96
7635,834;86
7636,834;1809
7637,834;11435
7638,834;69
7639,834;86
7640,834;96
7641,834;102
7642,834;1828
7643,834;11437
7644,834;82
7645,834;91
7646,834;93
7647,834;91
7648,834;1823
7649,834;11394
7650,834;80
7651,834;96
7652,834;102
7653,834;87
7654,834;1820
7655,834;11425
7656,834;93
7657,834;106
7658,834;79
7659,834;73
7660,834;1804
7661,834;11459
7662,834;91
7663,834;81
7664,834;85
7665,834;98
7666,834;1798
7667,834;11422
7668,834;86
7669,834;85
7670,834;97
7671,834;90
7672,834;1821
7673,834;11464
7674,834;76
7675,834;96
7676,834;96
7677,882;104
7678,882;1803
7679,882;11414
7680,882;82
7681,882;72
7682,882;88
7683,882;109
7684,882;1812
7685,882;11414
7686,882;72
7687,882;76
7688,882;75
7689,882;83
7690,882;1781
7691,882;11432
7692,882;77
7693,882;69
7694,882;76
7695,882;74
7696,882;1812
7697,882;11446
7698,882;67
7699,882;83
7700,882;93
7701,882;88
7702,882;1791
7703,882;11428
7704,882;101
7705,882;82
7706,882;95
7707,882;99
7708,882;1788
7709,882;11444
7710,882;74
7711,882;68
7712,882;87
7713,882;93
7714,882;1430
7715,882;11477
7716,882;76
7717,882;76
7718,882;84
7719,882;75
7720,882;1728
7721,882;11419
7722,882;81
7723,882;81
7724,882;93
7725,882;82
7726,882;1783
7727,882;11448
7728,882;75
7729,882;82
7730,882;73
7731,882;78
7732,882;1816
7733,882;11434
7734,882;72
7735,882;85
7736,882;105
7737,882;71
7738,882;1808
7739,882;11419
7740,882;73
7741,882;96
7742,882;91
7743,882;83
7744,882;1768
7745,882;11469
7746,882;74
7747,882;91
7748,882;106
7749,882;98
7750,882;1791
7751,882;11465
7752,882;84
7753,882;66
7754,882;61
7755,882;79
7756,882;1807
7757,882;11436
7758,882;70
7759,882;105
7760,882;81
7761,882;77
7762,882;1785
7763,882;11460
7764,882;77
7765,882;80
7766,882;91
7767,882;90
7768,882;1775
7769,882;11478
7770,882;81
7771,882;89
7772,882;76
7773,882;87
7774,882;1815
7775,882;11464
7776,882;77
7777,882;89
7779,869;87
7780,869;79
7781,869;1813
7782,869;11453
7783,869;91
7784,869;75
7785,869;72
7786,869;91
7787,869;1792
7788,869;11438
7789,869;94
7790,869;87
7791,869;91
7792,869;94
7793,869;1822
7794,869;11442
7795,869;79
7796,869;96
7797,869;96
7798,869;77
7799,869;1783
7800,869;11474
7801,869;85
7802,869;85
7803,869;79
7804,869;76
7805,869;1762
7806,869;11472
7807,869;66
7808,869;90
7809,869;88
7810,869;93
7811,869;1808
7812,869;11410
7813,869;72
7814,869;103
7815,869;94
7816,869;111
7817,869;1785
7818,869;11435
7819,869;81
7820,869;93
7821,869;89
7822,869;89
7823,869;1808
7824,869;11467
7825,869;100
7826,869;94
7827,869;89
7828,869;93
7829,869;1797
7830,869;11495
7831,869;83
7832,869;113
7833,869;91
7834,869;97
7835,869;1820
7836,869;11473
7837,869;91
7838,869;99
7839,869;87
7840,869;98
7841,869;1784
7842,869;11437
7843,869;89
7844,869;99
7845,869;97
7846,869;90
7847,869;1796
7848,869;11464
7849,869;66
7850,869;90
7851,869;95
7852,869;84
7853,869;1796
7854,869;11447
7855,869;93
7856,869;94
7857,869;78
7858,869;113
7859,869;1800
7860,869;11478
7861,869;98
7862,869;83
7863,869;89
7864,869;92
7865,869;1756
7866,869;11453
7867,869;80
7868,869;85
7869,869;75
7870,869;106
7871,869;1790
7872,869;11432
7873,869;95
7874,869;85
7875,869;106
7876,869;96
7877,869;1803
7878,869;11495
7879,869;89
7880,273;92
7881,273;89
7882,273;84
7883,273;1765
7884,273;11476
7885,273;85
7886,273;86
7887,273;100
7888,273;79
7889,273;1762
7890,273;11448
7891,273;76
7892,273;94
7893,273;94
7894,273;102
7895,273;1793
7896,273;11478
7897,273;89
7898,273;103
7899,273;102
7900,273;102
7901,273;1779
7902,273;11474
7903,273;110
7904,273;83
7905,273;85
7906,273;99
7907,273;1787
7908,273;11476
7909,273;84
7910,273;87
7911,273;100
7912,273;77
7913,273;1816
7914,273;11453
7915,273;93
7916,273;91
7917,273;81
7918,273;92
7919,273;1802
7920,273;11455
7921,273;87
7922,273;88
7923,273;97
7924,273;85
7925,273;1792
7926,273;11491
7927,273;83
7928,273;97
7929,273;105
7930,273;112
7931,273;1781
7932,273;11484
7933,273;88
7934,273;103
7935,273;104
7936,273;103
7937,273;1827
7938,273;11481
7939,273;88
7940,273;91
7941,273;113
7942,273;83
7943,273;1775
7944,273;11468
7945,273;90
7946,273;86
7947,273;88
7948,273;98
7949,273;1791
7950,273;11487
7951,273;86
7952,273;96
7953,273;106
7954,273;98
7955,273;1802
7956,273;11481
7957,273;83
7958,273;100
7959,273;99
7960,273;111
7961,273;1792
7962,273;11486
7963,273;87
7964,273;90
7965,273;92
7966,273;85
7967,273;1786
7968,273;11474
7969,273;88
7970,273;85
7971,273;98
7972,273;96
7973,273;1786
7974,273;11483
7975,273;87
7976,273;97
7977,273;94
7978,273;94
7979,273;1808
7980,273;11507
7991,152;92
7992,152;82
7993,152;90
7994,152;97
7995,152;1790
7996,152;11468
7997,152;68
7998,152;85
7999,152;87
8000,152;113
8001,152;1776
8002,152;11509
8003,152;83
8004,152;84
8005,152;102
8006,152;93
8007,152;1790
8008,152;11449
8009,152;66
8010,152;84
8011,152;77
8012,152;94
8013,152;1778
8014,152;11493
8015,152;90
8016,152;90
8017,152;79
8018,152;101
8019,152;1764
8020,152;11490
8021,152;82
8022,152;86
8023,152;90
8024,152;99
8025,152;1773
8026,152;11534
8027,152;85
8028,152;90
8029,152;96
8030,152;93
8031,152;1780
8032,152;11494
8033,152;77
8034,152;76
8035,152;78
8036,152;82
8037,152;1391
8038,152;11537
8039,152;86
8040,152;79
8041,152;84
8042,152;92
8043,152;1707
8044,152;11503
8045,152;78
8046,152;89
8047,152;81
8048,152;84
8049,152;1769
8050,152;11451
8051,152;69
8052,152;92
8053,152;77
8054,152;101
8055,152;1769
8056,152;11481
8057,152;81
8058,152;78
8059,152;72
8060,152;90
8061,152;1756
8062,152;11486
8063,152;84
8064,152;82
8065,152;93
8066,152;77
8067,152;1760
8068,152;11505
8069,152;80
8070,152;91
8071,152;92
8072,152;97
8073,152;1771
8074,152;11515
8075,152;87
8076,152;86
8077,152;83
8078,152;94
8079,152;1735
8080,152;11512
8081,152;91
8082,152;110
8083,152;89
8084,152;103
8085,152;1770
8086,152;11503
8087,152;79
8088,152;86
8089,152;79
8090,152;96
8091,152;1765
8083,152;11508
8084,152;91
8085,152;93
8086,152;83
8087,152;82
8088,152;1776
8089,152;11508
8090,152;96
8091,152;81
8092,152;101
8093,152;84
8094,152;1771
8095,152;11480
8096,152;75
8097,152;89
8098,152;100
8099,152;96
8100,152;1802
8101,152;11515
8102,152;87
8103,152;82
8104,152;85
8105,152;80
8106,152;1765
8107,152;11473
8108,152;80
8109,152;101
8110,152;89
8111,152;93
8112,152;1737
8113,152;11522
8114,152;83
8115,152;99
8116,152;104
8117,152;104
8118,152;1782
8119,152;11507
8120,152;82
8121,152;99
8122,152;89
8123,152;97
8124,152;1779
8125,152;11508
8126,152;97
8127,152;106
8128,152;92
8129,152;107
8130,152;1732
8131,152;11522
8132,152;82
8133,152;83
8134,152;76
8135,152;79
8136,152;1758
8137,152;11514
8138,152;77
8139,152;91
8140,152;83
8141,152;93
8142,152;1795
8143,152;11452
8144,152;99
8145,152;83
8146,152;85
8147,152;98
8148,152;1756
8149,152;11523
8150,152;86
8151,152;103
8152,152;87
8153,152;93
8154,152;1762
8155,152;11536
8156,152;82
8157,152;97
8158,152;75
8159,152;106
8160,152;1765
8161,152;11526
8162,152;86
8163,152;85
8164,152;92
8165,152;82
8166,152;1752
8167,152;11535
8168,152;84
8169,152;99
8170,152;90
8171,152;73
8172,152;1747
8173,152;11526
8174,152;74
8175,152;95
8176,152;98
8177,152;106
8178,152;1743
8179,152;11505
8180,152;84
8181,152;84
8182,152;97
8183,152;92
8183,719;1744
8184,719;11550
8185,719;103
8186,719;85
8187,719;103
8188,719;98
8189,719;1728
8190,719;11501
8191,719;101
8192,719;106
8193,719;104
8194,719;87
8195,719;1772
8196,719;11549
8197,719;82
8198,719;99
8199,719;97
8200,719;93
8201,719;1724
8202,719;11521
8203,719;82
8204,719;94
8205,719;100
8206,719;106
8207,719;1734
8208,719;11518
8209,719;80
8210,719;81
8211,719;94
8212,719;83
8213,719;1730
8214,719;11550
8215,719;87
8216,719;104
8217,719;104
8218,719;92
8219,719;1731
8220,719;11529
8221,719;81
8222,719;79
8223,719;85
8224,719;101
8225,719;1718
8226,719;11544
8227,719;94
8228,719;92
8229,719;97
8230,719;92
8231,719;1708
8232,719;11503
8233,719;91
8234,719;82
8235,719;96
8236,719;95
8237,719;1733
8238,719;11507
8239,719;79
8240,719;89
8241,719;109
8242,719;96
8243,719;1719
8244,719;11536
8245,719;94
8246,719;93
8247,719;80
8248,719;113
8249,719;1720
8250,719;11530
8251,719;100
8252,719;71
8253,719;81
8254,719;94
8255,719;1736
8256,719;11533
8257,719;91
8258,719;88
8259,719;88
8260,719;83
8261,719;1692
8262,719;11557
8263,719;74
8264,719;92
8265,719;94
8266,719;92
8267,719;1721
8268,719;11522
8269,719;64
8270,719;103
8271,719;81
8272,719;73
8273,719;1718
8274,719;11540
8275,719;55
8276,719;100
8277,719;111
8278,719;75
8279,719;1726
8280,719;11497
8281,719;83
8282,719;80
8283,719;89
8284,272;101
8285,272;1685
8286,272;11549
8287,272;70
8288,272;83
8289,272;97
8290,272;92
8291,272;1701
8292,272;11515
8293,272;87
8294,272;80
8295,272;91
8296,272;94
8297,272;1709
8298,272;11547
8299,272;82
8300,272;74
8301,272;101
8302,272;83
8303,272;1697
8304,272;11523
8305,272;81
8306,272;82
8307,272;83
8308,272;105
8309,272;1795
8310,272;11429
8311,272;77
8312,272;71
8313,272;89
8314,272;83
8315,272;1711
8316,272;11542
8317,272;62
8318,272;102
8319,272;100
8320,272;81
8321,272;1684
8322,272;11554
8323,272;80
8324,272;98
8325,272;82
8326,272;83
8327,272;1680
8328,272;11534
8329,272;70
8330,272;69
8331,272;84
8332,272;99
8333,272;1688
8334,272;11575
8335,272;75
8336,272;89
8337,272;89
8338,272;88
8339,272;1320
8340,272;11591
8341,272;73
8342,272;62
8343,272;75
8344,272;82
8345,272;1645
8346,272;11541
8347,272;72
8348,272;62
8349,272;85
8350,272;86
8351,272;1666
8352,272;11589
8353,272;55
8354,272;96
8355,272;78
8356,272;81
8357,272;1818
8358,272;11443
8359,272;82
8360,272;77
8361,272;80
8362,272;90
8363,272;1692
8364,272;11556
8365,272;63
8366,272;81
8367,272;77
8368,272;69
8369,272;1669
8370,272;11548
8371,272;77
8372,272;85
8373,272;83
8374,272;90
8375,272;1713
8376,272;11554
8377,272;76
8378,272;90
8379,272;78
8380,272;83
8381,272;1702
8382,272;11531
8383,272;84
8384,272;84
8385,422;84
8386,422;92
8387,422;1705
8388,422;11550
8389,422;69
8390,422;79
8391,422;88
8392,422;91
8393,422;1702
8394,422;11569
8395,422;76
8396,422;97
8397,422;94
8398,422;88
8399,422;1699
8400,422;11515
8401,422;88
8402,422;85
8403,422;76
8404,422;83
8405,422;1727
8406,422;11551
8407,422;72
8408,422;91
8409,422;118
8410,422;88
8411,422;1684
8412,422;11520
8413,422;94
8414,422;95
8415,422;101
8416,422;74
8417,422;1707
8418,422;11531
8419,422;88
8420,422;79
8421,422;80
8422,422;95
8423,422;1697
8424,422;11574
8425,422;81
8426,422;88
8427,422;107
8428,422;93
8429,422;1704
8430,422;11557
8431,422;76
8432,422;71
8433,422;81
8434,422;96
8435,422;1704
8436,422;11569
8437,422;85
8438,422;92
8439,422;92
8440,422;95
8441,422;1697
8442,422;11528
8443,422;83
8444,422;95
8445,422;98
8446,422;99
8447,422;1679
8448,422;11570
8449,422;87
8450,422;82
8451,422;75
8452,422;101
8453,422;1668
8454,422;11562
8455,422;87
8456,422;80
8457,422;85
8458,422;94
8459,422;1712
8460,422;11560
8461,422;89
8462,422;63
8463,422;104
8464,422;76
8465,422;1691
8466,422;11555
8467,422;95
8468,422;82
8469,422;79
8470,422;74
8471,422;1683
8472,422;11557
8473,422;103
8474,422;79
8475,422;96
8476,422;107
8477,422;1668
8478,422;11576
8479,422;70
8480,422;85
8481,422;96
8482,422;92
8483,422;1671
8484,422;11516
8485,422;88
8486,422;102
8487,422;99
8488,422;116
8489,422;1656
8490,422;11572
8491,422;84
8492,422;81
8493,422;88
8494,422;103
8495,422;1686
8496,422;11568
8497,422;82
8498,422;103
8499,422;96
8500,422;113
8501,422;1688
8502,422;11594
8503,422;75
8504,422;72
8505,422;86
8506,422;77
8507,422;1709
8508,422;11580
8509,422;76
8510,422;98
8511,422;93
8512,422;94
8513,422;1704
8514,422;11584
8515,422;81
8516,422;101
8517,422;93
8518,422;97
8519,422;1704
8520,422;11565
8521,422;91
8522,422;99
8523,422;86
8524,422;88
8525,422;1694
8526,422;11585
8527,422;92
8528,422;86
8529,422;98
8530,422;120
8531,422;1690
8532,422;11559
8533,422;67
8534,422;92
8535,422;105
8536,422;97
8537,422;1717
8538,422;11565
8539,422;78
8540,422;98
8541,422;119
8542,422;92
8543,422;1712
8544,422;11551
8545,422;68
8546,422;107
8547,422;102
8548,422;91
8549,422;1659
8550,422;11587
8551,422;95
8552,422;85
8553,422;94
8554,422;101
8555,422;1785
8556,422;11505
8557,422;81
8558,422;76
8559,422;83
8560,422;116
8561,422;1692
8562,422;11603
8563,422;98
8564,422;85
8565,422;85
8566,422;86
8567,422;1700
8568,422;11565
8569,422;91
8570,422;90
8571,422;109
8572,422;111
8573,422;1684
8574,422;11612
8575,422;80
8576,422;103
8577,422;109
8578,422;97
8579,422;1709
8580,422;11588
8581,422;87
8582,422;74
8583,422;107
8584,422;109
8585,422;1699
8586,422;11574
8586,869;76
8587,869;90
8588,869;83
8589,869;88
8590,869;1663
8591,869;11604
8592,869;84
8593,869;100
8594,869;92
8595,869;109
8596,869;1711
8597,869;11584
8598,869;84
8599,869;91
8600,869;88
8601,869;81
8602,869;1690
8603,869;11571
8604,869;96
8605,869;83
8606,869;100
8607,869;100
8608,869;1661
8609,869;11563
8610,869;100
8611,869;91
8612,869;91
8613,869;92
8614,869;1685
8615,869;11568
8616,869;106
8617,869;69
8618,869;90
8619,869;95
8620,869;1646
8621,869;11601
8622,869;92
8623,869;86
8624,869;98
8625,869;110
8626,869;1659
8627,869;11599
8628,869;78
8629,869;88
8630,869;95
8631,869;74
8632,869;1683
8633,869;11630
8634,869;81
8635,869;91
8636,869;70
8637,869;88
8638,869;1683
8639,869;11606
8640,869;86
8641,869;81
8642,869;92
8643,869;79
8644,869;1665
8645,869;11571
8646,869;85
8647,869;96
8648,869;95
8649,869;70
8650,869;1275
8651,869;11645
8652,869;70
8653,869;85
8654,869;83
8655,869;94
8656,869;1594
8657,869;11604
8658,869;84
8659,869;83
8660,869;85
8661,869;82
8662,869;1675
8663,869;11596
8664,869;96
8665,869;86
8666,869;101
8667,869;100
8668,869;1655
8669,869;11594
8670,869;88
8671,869;74
8672,869;79
8673,869;90
8674,869;1657
8675,869;11599
8676,869;75
8677,869;93
8678,869;94
8679,869;106
8680,869;1635
8681,869;11598
8682,869;66
8683,869;82
8684,869;81
8685,869;105
8686,869;1677
8688,247;11575
8689,247;82
8690,247;87
8691,247;100
8692,247;87
8693,247;1662
8694,247;11585
8695,247;75
8696,247;91
8697,247;121
8698,247;130
8699,247;1685
8700,247;11630
8701,247;88
8702,247;79
8703,247;95
8704,247;83
8705,247;1663
8706,247;11631
8707,247;76
8708,247;110
8709,247;101
8710,247;98
8711,247;1665
8712,247;11633
8713,247;85
8714,247;102
8715,247;96
8716,247;106
8717,247;1678
8718,247;11589
8719,247;81
8720,247;97
8721,247;90
8722,247;97
8723,247;1729
8724,247;11551
8725,247;98
8726,247;87
8727,247;82
8728,247;100
8729,247;1638
8730,247;11613
8731,247;81
8732,247;95
8733,247;107
8734,247;96
8735,247;1658
8736,247;11624
8737,247;90
8738,247;95
8739,247;107
8740,247;97
8741,247;1666
8742,247;11601
8743,247;88
8744,247;70
8745,247;108
8746,247;105
8747,247;1632
8748,247;11593
8749,247;96
8750,247;98
8751,247;90
8752,247;113
8753,247;1662
8754,247;11612
8755,247;84
8756,247;72
8757,247;75
8758,247;92
8759,247;1646
8760,247;11626
8761,247;86
8762,247;91
8763,247;115
8764,247;122
8765,247;1659
8766,247;11639
8767,247;99
8768,247;75
8769,247;98
8770,247;112
8771,247;1657
8772,247;11616
8773,247;93
8774,247;85
8775,247;117
8776,247;97
8777,247;1647
8778,247;11653
8779,247;57
8780,247;85
8781,247;119
8782,247;87
8783,247;1643
8784,247;11620
8785,247;92
8786,247;84
8787,247;96
8788,247;99
8789,358;1625
8790,358;11640
8791,358;93
8792,358;91
8793,358;101
8794,358;89
8795,358;1643
8796,358;11605
8797,358;95
8798,358;89
8799,358;107
8800,358;91
8801,358;1642
8802,358;11632
8803,358;81
8804,358;86
8805,358;95
8806,358;80
8807,358;1618
8808,358;11623
8809,358;88
8810,358;91
8811,358;112
8812,358;78
8813,358;1660
8814,358;11614
8815,358;93
8816,358;85
8817,358;90
8818,358;100
8819,358;1757
8820,358;11481
8821,358;91
8822,358;77
8823,358;96
8824,358;104
8825,358;1657
8826,358;11624
8827,358;72
8828,358;92
8829,358;90
8830,358;90
8831,358;1614
8832,358;11612
8833,358;79
8834,358;78
8835,358;88
8836,358;105
8837,358;1626
8838,358;11632
8839,358;84
8840,358;96
8841,358;101
8842,358;83
8843,358;1630
8844,358;11638
8845,358;80
8846,358;80
8847,358;93
8848,358;94
8849,358;1609
8850,358;11638
8851,358;83
8852,358;93
8853,358;96
8854,358;94
8855,358;1643
8856,358;11578
8857,358;78
8858,358;86
8859,358;97
8860,358;105
8861,358;1618
8862,358;11640
8863,358;85
8864,358;80
8865,358;85
8866,358;97
8867,358;1624
8868,358;11625
8869,358;78
8870,358;96
8871,358;98
8872,358;88
8873,358;1632
8874,358;11611
8875,358;84
8876,358;84
8877,358;88
8878,358;81
8879,358;1632
8880,358;11631
8881,358;83
8882,358;90
8883,358;81
8884,358;94
8885,358;1624
8886,358;11653
8887,358;86
8888,358;86
8889,358;84
8889,964;90
8890,964;1596
8891,964;11657
8892,964;105
8893,964;86
8894,964;82
8895,964;89
8896,964;1619
8897,964;11642
8898,964;67
8899,964;77
8900,964;91
8901,964;69
8902,964;1590
8903,964;11635
8904,964;90
8905,964;77
8906,964;79
8907,964;98
8908,964;1572
8909,964;11665
8910,964;75
8911,964;84
8912,964;102
8913,964;68
8914,964;1604
8915,964;11630
8916,964;87
8917,964;76
8918,964;91
8919,964;93
8920,964;1620
8921,964;11621
8922,964;73
8923,964;84
8924,964;68
8925,964;105
8926,964;1593
8927,964;11623
8928,964;89
8929,964;103
8930,964;76
8931,964;83
8932,964;1623
8933,964;11619
8934,964;99
8935,964;60
8936,964;91
8937,964;99
8938,964;1615
8939,964;11641
8940,964;62
8941,964;76
8942,964;82
8943,964;82
8944,964;1586
8945,964;11655
8946,964;65
8947,964;66
8948,964;98
8949,964;95
8950,964;1582
8951,964;11597
8952,964;66
8953,964;62
8954,964;89
8955,964;97
8956,964;1610
8957,964;11646
8958,964;66
8959,964;82
8960,964;71
8961,964;89
8962,964;1230
8963,964;11691
8964,964;77
8965,964;90
8966,964;79
8967,964;78
8968,964;1545
8969,964;11644
8970,964;60
8971,964;70
8972,964;92
8973,964;84
8974,964;1596
8975,964;11622
8976,964;87
8977,964;79
8978,964;74
8979,964;86
8980,964;1573
8981,964;11655
8982,964;86
8983,964;80
8984,964;85
8985,964;105
8986,964;1589
8987,964;11657
8988,964;91
8989,964;84
8991,443;84
8992,443;94
8993,443;1576
8994,443;11649
8995,443;63
8996,443;87
8997,443;79
8998,443;83
8999,443;1592
9000,443;11675
9001,443;78
9002,443;90
9003,443;104
9004,443;110
9005,443;1590
9006,443;11642
9007,443;83
9008,443;98
9009,443;99
9010,443;84
9011,443;1574
9012,443;11638
9013,443;86
9014,443;79
9015,443;88
9016,443;72
9017,443;1589
9018,443;11664
9019,443;70
9020,443;88
9021,443;95
9022,443;94
9023,443;1618
9024,443;11656
9025,443;71
9026,443;91
9027,443;76
9028,443;95
9029,443;1568
9030,443;11637
9031,443;83
9032,443;62
9033,443;74
9034,443;87
9035,443;1592
9036,443;11639
9037,443;92
9038,443;79
9039,443;101
9040,443;99
9041,443;1599
9042,443;11635
9043,443;86
9044,443;100
9045,443;87
9046,443;92
9047,443;1577
9048,443;11671
9049,443;95
9050,443;98
9051,443;88
9052,443;109
9053,443;1602
9054,443;11653
9055,443;84
9056,443;90
9057,443;83
9058,443;80
9059,443;1646
9060,443;11633
9061,443;77
9062,443;99
9063,443;94
9064,443;108
9065,443;1571
9066,443;11674
9067,443;87
9068,443;91
9069,443;94
9070,443;103
9071,443;1705
9072,443;11557
9073,443;86
9074,443;97
9075,443;90
9076,443;100
9077,443;1607
9078,443;11653
9079,443;74
9080,443;82
9081,443;111
9082,443;88
9083,443;1564
9084,443;11658
9085,443;79
9086,443;85
9087,443;79
9088,443;93
9089,443;1585
9090,443;11645
9091,443;81
9092,443;94
9093,443;108
9094,443;84
9095,443;1593
9096,443;11690
9097,443;86
9098,443;94
9099,443;95
9100,443;101
9101,443;1581
9102,443;11644
9103,443;79
9104,443;80
9105,443;84
9106,443;91
9107,443;1606
9108,443;11665
9109,443;74
9110,443;92
9111,443;103
9112,443;100
9113,443;1587
9114,443;11660
9115,443;89
9116,443;101
9117,443;104
9118,443;80
9119,443;1558
9120,443;11659
9121,443;77
9122,443;95
9123,443;89
9124,443;87
9125,443;1566
9126,443;11687
9127,443;89
9128,443;81
9129,443;93
9130,443;92
9131,443;1574
9132,443;11669
9133,443;80
9134,443;95
9135,443;94
9136,443;88
9137,443;1581
9138,443;11641
9139,443;99
9140,443;95
9141,443;99
9142,443;91
9143,443;1600
9144,443;11689
9145,443;83
9146,443;83
9147,443;88
9148,443;102
9149,443;1551
9150,443;11672
9151,443;86
9152,443;107
9153,443;103
9154,443;89
9155,443;1590
9156,443;11686
9157,443;109
9158,443;85
9159,443;83
9160,443;107
9161,443;1549
9162,443;11686
9163,443;94
9164,443;95
9165,443;102
9166,443;118
9167,443;1590
9168,443;11693
9169,443;81
9170,443;99
9171,443;85
9172,443;105
9173,443;1603
9174,443;11659
9175,443;93
9176,443;96
9177,443;93
9178,443;105
9179,443;1598
9180,443;11662
9181,443;97
9182,443;101
9183,443;84
9184,443;97
9185,443;1570
9186,443;11676
9187,443;83
9188,443;85
9189,443;107
9190,443;89
9191,443;1546
9192,443;11706
9193,528;88
9194,528;94
9195,528;85
9196,528;94
9197,528;1572
9198,528;11667
9199,528;75
9200,528;100
9201,528;91
9202,528;96
9203,528;1573
9204,528;11677
9205,528;106
9206,528;101
9207,528;81
9208,528;98
9209,528;1566
9210,528;11681
9211,528;85
9212,528;86
9213,528;95
9214,528;91
9215,528;1597
9216,528;11674
9217,528;99
9218,528;84
9219,528;114
9220,528;106
9221,528;1582
9222,528;11733
9223,528;92
9224,528;91
9225,528;100
9226,528;101
9227,528;1576
9228,528;11685
9229,528;72
9230,528;94
9231,528;100
9232,528;102
9233,528;1592
9234,528;11683
9235,528;86
9236,528;86
9237,528;102
9238,528;106
9239,528;1579
9240,528;11686
9241,528;92
9242,528;87
9243,528;96
9244,528;101
9245,528;1585
9246,528;11700
9247,528;71
9248,528;87
9249,528;95
9250,528;96
9251,528;1553
9252,528;11684
9253,528;86
9254,528;94
9255,528;69
9256,528;80
9257,528;1577
9258,528;11735
9259,528;75
9260,528;91
9261,528;77
9262,528;94
9263,528;1567
9264,528;11677
9265,528;73
9266,528;89
9267,528;83
9268,528;77
9269,528;1560
9270,528;11687
9271,528;70
9272,528;71
9273,528;81
9274,528;94
9275,528;1196
9276,528;11761
9277,528;80
9278,528;91
9279,528;87
9280,528;79
9281,528;1499
9282,528;11695
9283,528;93
9284,528;86
9285,528;77
9286,528;88
9287,528;1555
9288,528;11670
9289,528;65
9290,528;102
9291,528;91
9292,528;90
9293,528;1590
9294,622;11711
9295,622;82
9296,622;86
9297,622;90
9298,622;107
9299,622;1562
9300,622;11716
9301,622;76
9302,622;80
9303,622;93
9304,622;94
9305,622;1580
9306,622;11711
9307,622;80
9308,622;108
9309,622;95
9310,622;97
9311,622;1550
9312,622;11713
9313,622;82
9314,622;102
9315,622;100
9316,622;99
9317,622;1556
9318,622;11697
9319,622;87
9320,622;85
9321,622;101
9322,622;84
9323,622;1560
9324,622;11736
9325,622;95
9326,622;93
9327,622;89
9328,622;82
9329,622;1569
9330,622;11678
9331,622;76
9332,622;86
9333,622;93
9334,622;93
9335,622;1569
9336,622;11693
9337,622;96
9338,622;82
9339,622;103
9340,622;105
9341,622;1539
9342,622;11704
9343,622;82
9344,622;81
9345,622;94
9346,622;112
9347,622;1566
9348,622;11698
9349,622;87
9350,622;91
9351,622;100
9352,622;103
9353,622;1567
9354,622;11706
9355,622;91
9356,622;115
9357,622;85
9358,622;92
9359,622;1547
9360,622;11703
9361,622;74
9362,622;97
9363,622;100
9364,622;94
9365,622;1536
9366,622;11715
9367,622;88
9368,622;97
9369,622;110
9370,622;86
9371,622;1554
9372,622;11706
9373,622;89
9374,622;106
9375,622;92
9376,622;87
9377,622;1558
9378,622;11745
9379,622;89
9380,622;94
9381,622;98
9382,622;100
9383,622;1521
9384,622;11756
9385,622;87
9386,622;75
9387,622;103
9388,622;83
9389,622;1553
9390,622;11710
9391,622;88
9392,622;82
9393,622;95
9394,622;82
9395,865;1553
9396,865;11712
9397,865;77
9398,865;85
9399,865;92
9400,865;105
9401,865;1544
9402,865;11715
9403,865;88
9404,865;78
9405,865;90
9406,865;74
9407,865;1550
9408,865;11708
9409,865;93
9410,865;98
9411,865;102
9412,865;84
9413,865;1538
9414,865;11742
9415,865;91
9416,865;86
9417,865;108
9418,865;84
9419,865;1669
9420,865;11587
9421,865;76
9422,865;79
9423,865;91
9424,865;92
9425,865;1523
9426,865;11713
9427,865;85
9428,865;91
9429,865;90
9430,865;82
9431,865;1512
9432,865;11710
9433,865;92
9434,865;79
9435,865;107
9436,865;111
9437,865;1538
9438,865;11693
9439,865;86
9440,865;93
9441,865;98
9442,865;89
9443,865;1535
9444,865;11716
9445,865;91
9446,865;92
9447,865;90
9448,865;93
9449,865;1518
9450,865;11719
9451,865;76
9452,865;90
9453,865;110
9454,865;81
9455,865;1542
9456,865;11708
9457,865;71
9458,865;87
9459,865;91
9460,865;81
9461,865;1523
9462,865;11745
9463,865;95
9464,865;78
9465,865;103
9466,865;107
9467,865;1541
9468,865;11710
9469,865;80
9470,865;91
9471,865;85
9472,865;101
9473,865;1530
9474,865;11715
9475,865;92
9476,865;94
9477,865;89
9478,865;92
9479,865;1538
9480,865;11726
9481,865;80
9482,865;85
9483,865;120
9484,865;80
9485,865;1526
9486,865;11737
9487,865;85
9488,865;90
9489,865;94
9490,865;93
9491,865;1492
9492,865;11761
9493,865;92
9494,865;85
9495,865;81
9495,951;81
9496,951;1535
9497,951;11738
9498,951;80
9499,951;80
9500,951;92
9501,951;99
9502,951;1524
9503,951;11726
9504,951;86
9505,951;78
9506,951;110
9507,951;82
9508,951;1518
9509,951;11758
9510,951;72
9511,951;98
9512,951;94
9513,951;84
9514,951;1529
9515,951;11737
9516,951;78
9517,951;92
9518,951;68
9519,951;68
9520,951;1484
9521,951;11735
9522,951;92
9523,951;82
9524,951;74
9525,951;81
9526,951;1494
9527,951;11750
9528,951;66
9529,951;86
9530,951;72
9531,951;81
9532,951;1520
9533,951;11715
9534,951;79
9535,951;75
9536,951;83
9537,951;90
9538,951;1593
9539,951;11669
9540,951;68
9541,951;94
9542,951;62
9543,951;84
9544,951;1509
9545,951;11733
9546,951;95
9547,951;93
9548,951;84
9549,951;93
9550,951;1496
9551,951;11756
9552,951;93
9553,951;85
9554,951;91
9555,951;94
9556,951;1510
9557,951;11731
9558,951;76
9559,951;90
9560,951;82
9561,951;84
9562,951;1549
9563,951;11689
9564,951;91
9565,951;83
9566,951;80
9567,951;99
9568,951;1478
9569,951;11733
9570,951;65
9571,951;86
9572,951;98
9573,951;80
9574,951;1488
9575,951;11754
9576,951;69
9577,951;80
9578,951;84
9579,951;80
9580,951;1481
9581,951;11724
9582,951;68
9583,951;69
9584,951;84
9585,951;78
9586,951;1107
9587,951;11767
9588,951;74
9589,951;82
9590,951;59
9591,951;82
9592,951;1424
9593,951;11777
9594,951;63
9595,951;80
9596,951;79
9597,951;90
9598,951;1477
9599,951;11763
9600,951;68
9601,951;71
9602,951;73
9603,951;83
9604,951;1484
9605,951;11739
9606,951;87
9607,951;78
9608,951;85
9609,951;68
9610,951;1451
9611,951;11769
9612,951;75
9613,951;87
9614,951;99
9615,951;70
9616,951;1502
9617,951;11750
9618,951;98
9619,951;100
9620,951;70
9621,951;77
9622,951;1483
9623,951;11742
9624,951;75
9625,951;74
9626,951;91
9627,951;95
9628,951;1463
9629,951;11758
9630,951;71
9631,951;76
9632,951;82
9633,951;90
9634,951;1500
9635,951;11763
9636,951;81
9637,951;93
9638,951;94
9639,951;89
9640,951;1474
9641,951;11741
9642,951;83
9643,951;75
9644,951;86
9645,951;72
9646,951;1475
9647,951;11763
9648,951;77
9649,951;86
9650,951;99
9651,951;95
9652,951;1501
9653,951;11770
9654,951;84
9655,951;81
9656,951;84
9657,951;85
9658,951;1473
9659,951;11746
9660,951;93
9661,951;80
9662,951;111
9663,951;94
9664,951;1493
9665,951;11728
9666,951;79
9667,951;70
9668,951;88
9669,951;97
9670,951;1498
9671,951;11763
9672,951;100
9673,951;95
9674,951;82
9675,951;105
9676,951;1515
9677,951;11759
9678,951;86
9679,951;88
9680,951;86
9681,951;92
9682,951;1470
9683,951;11756
9684,951;88
9685,951;91
9686,951;92
9687,951;118
9688,951;1482
9689,951;11759
9690,951;73
9691,951;72
9692,951;108
9693,951;97
9694,951;1487
9695,951;11755
9696,951;79
9699,669;90
9700,669;97
9701,669;74
9702,669;1481
9703,669;11788
9704,669;77
9705,669;96
9706,669;97
9707,669;93
9708,669;1494
9709,669;11778
9710,669;89
9711,669;89
9712,669;105
9713,669;92
9714,669;1484
9715,669;11751
9716,669;100
9717,669;98
9718,669;85
9719,669;96
9720,669;1487
9721,669;11776
9722,669;77
9723,669;102
9724,669;88
9725,669;90
9726,669;1473
9727,669;11757
9728,669;96
9729,669;83
9730,669;88
9731,669;102
9732,669;1485
9733,669;11811
9734,669;95
9735,669;72
9736,669;104
9737,669;84
9738,669;1519
9739,669;11770
9740,669;80
9741,669;103
9742,669;99
9743,669;96
9744,669;1485
9745,669;11769
9746,669;97
9747,669;84
9748,669;101
9749,669;97
9750,669;1462
9751,669;11766
9752,669;72
9753,669;96
9754,669;100
9755,669;90
9756,669;1492
9757,669;11785
9758,669;94
9759,669;98
9760,669;94
9761,669;95
9762,669;1469
9763,669;11810
9764,669;78
9765,669;82
9766,669;76
9767,669;84
9768,669;1469
9769,669;11762
9770,669;81
9771,669;77
9772,669;85
9773,669;97
9774,669;1498
9775,669;11785
9776,669;89
9777,669;92
9778,669;93
9779,669;99
9780,669;1532
9781,669;11733
9782,669;72
9783,669;95
9784,669;97
9785,669;100
9786,669;1472
9787,669;11801
9788,669;100
9789,669;85
9790,669;79
9791,669;91
9792,669;1488
9793,669;11786
9794,669;83
9795,669;101
9796,669;88
9797,669;104
9798,669;1553
9799,669;11740
9799,611;92
9800,611;112
9801,611;85
9802,611;96
9803,611;1456
9804,611;11795
9805,611;81
9806,611;93
9807,611;112
9808,611;96
9809,611;1468
9810,611;11774
9811,611;93
9812,611;115
9813,611;75
9814,611;112
9815,611;1487
9816,611;11772
9817,611;83
9818,611;108
9819,611;84
9820,611;85
9821,611;1500
9822,611;11794
9823,611;73
9824,611;112
9825,611;91
9826,611;98
9827,611;1490
9828,611;11794
9829,611;92
9830,611;86
9831,611;98
9832,611;115
9833,611;1500
9834,611;11766
9835,611;89
9836,611;80
9837,611;81
9838,611;96
9839,611;1496
9840,611;11805
9841,611;81
9842,611;89
9843,611;79
9844,611;87
9845,611;1484
9846,611;11787
9847,611;78
9848,611;104
9849,611;93
9850,611;106
9851,611;1484
9852,611;11773
9853,611;81
9854,611;116
9855,611;82
9856,611;90
9857,611;1504
9858,611;11807
9859,611;82
9860,611;83
9861,611;101
9862,611;106
9863,611;1478
9864,611;11785
9865,611;89
9866,611;109
9867,611;87
9868,611;109
9869,611;1464
9870,611;11790
9871,611;88
9872,611;112
9873,611;101
9874,611;119
9875,611;1491
9876,611;11818
9877,611;84
9878,611;96
9879,611;93
9880,611;91
9881,611;1450
9882,611;11813
9883,611;83
9884,611;96
9885,611;101
9886,611;111
9887,611;1463
9888,611;11796
9889,611;110
9890,611;81
9891,611;73
9892,611;77
9893,611;1449
9894,611;11778
9895,611;81
9896,611;94
9897,611;96
9898,611;95
9899,611;1093
9900,796;11828
9901,796;77
9902,796;79
9903,796;90
9904,796;96
9905,796;1414
9906,796;11784
9907,796;77
9908,796;97
9909,796;100
9910,796;112
9911,796;1441
9912,796;11826
9913,796;69
9914,796;115
9915,796;89
9916,796;89
9917,796;1470
9918,796;11814
9919,796;85
9920,796;86
9921,796;94
9922,796;97
9923,796;1519
9924,796;11774
9925,796;88
9926,796;83
9927,796;94
9928,796;93
9929,796;1445
9930,796;11789
9931,796;92
9932,796;93
9933,796;79
9934,796;84
9935,796;1469
9936,796;11780
9937,796;81
9938,796;101
9939,796;83
9940,796;111
9941,796;1462
9942,796;11787
9943,796;98
9944,796;88
9945,796;97
9946,796;91
9947,796;1484
9948,796;11817
9949,796;90
9950,796;88
9951,796;87
9952,796;101
9953,796;1454
9954,796;11810
9955,796;88
9956,796;94
9957,796;85
9958,796;100
9959,796;1476
9960,796;11772
9961,796;72
9962,796;81
9963,796;104
9964,796;102
9965,796;1442
9966,796;11813
9967,796;75
9968,796;75
9969,796;121
9970,796;117
9971,796;1448
9972,796;11796
9973,796;88
9974,796;118
9975,796;102
9976,796;99
9977,796;1468
9978,796;11780
9979,796;70
9980,796;100
9981,796;105
9982,796;104
9983,796;1461
9984,796;11828
9985,796;103
9986,796;100
9987,796;116
9988,796;114
9989,796;1447
9990,796;11832
9991,796;97
9992,796;113
9993,796;93
9994,796;100
9995,796;1450
9996,796;11776
9997,796;104
9998,796;103
9999,796;90
10000,796;91
10003,63;1438
10004,63;11800
10005,63;85
10006,63;87
10007,63;104
10008,63;85
10009,63;1472
10010,63;11777
10011,63;90
10012,63;84
10013,63;81
10014,63;103
10015,63;1420
10016,63;11817
10017,63;75
10018,63;105
10019,63;87
10020,63;99
10021,63;1444
10022,63;11831
10023,63;106
10024,63;92
10025,63;109
10026,63;95
10027,63;1442
10028,63;11784
10029,63;87
10030,63;80
10031,63;103
10032,63;106
10033,63;1438
10034,63;11820
10035,63;95
10036,63;95
10037,63;93
10038,63;88
10039,63;1449
10040,63;11835
10041,63;90
10042,63;103
10043,63;95
10044,63;97
10045,63;1432
10046,63;11819
10047,63;84
10048,63;92
10049,63;76
10050,63;103
10051,63;1430
10052,63;11827
10053,63;85
10054,63;89
10055,63;89
10056,63;100
10057,63;1433
10058,63;11826
10059,63;98
10060,63;90
10061,63;99
10062,63;111
10063,63;1410
10064,63;11815
10065,63;85
10066,63;89
10067,63;84
10068,63;104
10069,63;1436
10070,63;11848
10071,63;81
10072,63;92
10073,63;78
10074,63;114
10075,63;1438
10076,63;11847
10077,63;102
10078,63;98
10079,63;92
10080,63;98
10081,63;1425
10082,63;11855
10083,63;72
10084,63;82
10085,63;111
10086,63;110
10087,63;1435
10088,63;11825
10089,63;84
10090,63;92
10091,63;85
10092,63;99
10093,63;1402
10094,63;11841
10095,63;97
10096,63;81
10097,63;90
10098,63;102
10099,63;1427
10100,63;11839
10101,63;83
10102,63;70
10103,63;101
10102,63;98
10103,63;1419
10104,63;11822
10105,63;90
10106,63;98
10107,63;116
10108,63;99
10109,63;1385
10110,63;11815
10111,63;88
10112,63;82
10113,63;92
10114,63;93
10115,63;1422
10116,63;11812
10117,63;72
10118,63;107
10119,63;81
10120,63;95
10121,63;1401
10122,63;11811
10123,63;96
10124,63;102
10125,63;100
10126,63;85
10127,63;1419
10128,63;11843
10129,63;85
10130,63;86
10131,63;93
10132,63;100
10133,63;1407
10134,63;11849
10135,63;84
10136,63;84
10137,63;98
10138,63;105
10139,63;1424
10140,63;11848
10141,63;95
10142,63;82
10143,63;82
10144,63;91
10145,63;1384
10146,63;11854
10147,63;81
10148,63;93
10149,63;93
10150,63;104
10151,63;1385
10152,63;11848
10153,63;89
10154,63;81
10155,63;79
10156,63;66
10157,63;1415
10158,63;11857
10159,63;86
10160,63;80
10161,63;82
10162,63;84
10163,63;1392
10164,63;11846
10165,63;79
10166,63;90
10167,63;78
10168,63;91
10169,63;1375
10170,63;11848
10171,63;72
10172,63;92
10173,63;100
10174,63;95
10175,63;1409
10176,63;11827
10177,63;65
10178,63;90
10179,63;78
10180,63;90
10181,63;1429
10182,63;11790
10183,63;72
10184,63;90
10185,63;82
10186,63;94
10187,63;1380
10188,63;11832
10189,63;73
10190,63;83
10191,63;82
10192,63;78
10193,63;1378
10194,63;11856
10195,63;63
10196,63;75
10197,63;98
10198,63;75
10199,63;1398
10200,63;11827
10201,63;74
10202,63;98
10202,851;98
10203,851;87
10204,851;1391
10205,851;11816
10206,851;78
10207,851;91
10208,851;86
10209,851;84
10210,851;988
10211,851;11902
10212,851;81
10213,851;69
10214,851;86
10215,851;74
10216,851;1311
10217,851;11873
10218,851;65
10219,851;75
10220,851;83
10221,851;95
10222,851;1363
10223,851;11862
10224,851;94
10225,851;77
10226,851;100
10227,851;95
10228,851;1377
10229,851;11849
10230,851;66
10231,851;98
10232,851;91
10233,851;73
10234,851;1402
10235,851;11863
10236,851;69
10237,851;86
10238,851;70
10239,851;84
10240,851;1394
10241,851;11840
10242,851;76
10243,851;75
10244,851;92
10245,851;95
10246,851;1380
10247,851;11857
10248,851;80
10249,851;103
10250,851;104
10251,851;91
10252,851;1380
10253,851;11827
10254,851;76
10255,851;82
10256,851;87
10257,851;69
10258,851;1400
10259,851;11853
10260,851;72
10261,851;92
10262,851;87
10263,851;91
10264,851;1386
10265,851;11843
10266,851;81
10267,851;83
10268,851;99
10269,851;88
10270,851;1377
10271,851;11842
10272,851;105
10273,851;96
10274,851;89
10275,851;75
10276,851;1471
10277,851;11781
10278,851;68
10279,851;80
10280,851;75
10281,851;96
10282,851;1390
10283,851;11833
10284,851;86
10285,851;90
10286,851;76
10287,851;91
10288,851;1372
10289,851;11866
10290,851;95
10291,851;82
10292,851;93
10293,851;105
10294,851;1403
10295,851;11854
10296,851;86
10297,851;67
10298,851;87
10299,851;89
10300,851;1398
10301,851;11849
10302,851;89
10305,204;93
10306,204;86
10307,204;82
10308,204;1401
10309,204;11841
10310,204;87
10311,204;87
10312,204;86
10313,204;92
10314,204;1398
10315,204;11851
10316,204;67
10317,204;94
10318,204;105
10319,204;88
10320,204;1375
10321,204;11893
10322,204;74
10323,204;95
10324,204;89
10325,204;87
10326,204;1407
10327,204;11890
10328,204;77
10329,204;92
10330,204;82
10331,204;108
10332,204;1426
10333,204;11828
10334,204;87
10335,204;90
10336,204;107
10337,204;100
10338,204;1400
10339,204;11879
10340,204;69
10341,204;77
10342,204;80
10343,204;109
10344,204;1368
10345,204;11842
10346,204;93
10347,204;71
10348,204;114
10349,204;101
10350,204;1361
10351,204;11850
10352,204;79
10353,204;83
10354,204;99
10355,204;100
10356,204;1398
10357,204;11887
10358,204;84
10359,204;83
10360,204;88
10361,204;100
10362,204;1394
10363,204;11882
10364,204;84
10365,204;97
10366,204;85
10367,204;95
10368,204;1406
10369,204;11841
10370,204;83
10371,204;105
10372,204;98
10373,204;106
10374,204;1389
10375,204;11897
10376,204;102
10377,204;85
10378,204;93
10379,204;93
10380,204;1383
10381,204;11890
10382,204;88
10383,204;98
10384,204;91
10385,204;110
10386,204;1365
10387,204;11893
10388,204;81
10389,204;107
10390,204;110
10391,204;107
10392,204;1355
10393,204;11877
10394,204;93
10395,204;79
10396,204;94
10397,204;107
10398,204;1373
10399,204;11865
10400,204;79
10401,204;95
10402,204;80
10403,204;103
10404,204;1375
10405,204;11861
10405,311;80
10406,311;80
10407,311;125
10408,311;85
10409,311;1373
10410,311;11875
10411,311;97
10412,311;91
10413,311;86
10414,311;99
10415,311;1368
10416,311;11855
10417,311;92
10418,311;96
10419,311;90
10420,311;112
10421,311;1406
10422,311;11867
10423,311;71
10424,311;99
10425,311;88
10426,311;114
10427,311;1372
10428,311;11846
10429,311;83
10430,311;114
10431,311;100
10432,311;101
10433,311;1394
10434,311;11866
10435,311;82
10436,311;78
10437,311;112
10438,311;108
10439,311;1381
10440,311;11884
10441,311;72
10442,311;81
10443,311;82
10444,311;85
10445,311;1392
10446,311;11880
10447,311;72
10448,311;89
10449,311;94
10450,311;105
10451,311;1374
10452,311;11887
10453,311;86
10454,311;102
10455,311;105
10456,311;101
10457,311;1385
10458,311;11876
10459,311;85
10460,311;94
10461,311;101
10462,311;100
10463,311;1374
10464,311;11855
10465,311;99
10466,311;85
10467,311;126
10468,311;92
10469,311;1366
10470,311;11901
10471,311;90
10472,311;88
10473,311;101
10474,311;103
10475,311;1380
10476,311;11880
10477,311;93
10478,311;98
10479,311;102
10480,311;105
10481,311;1375
10482,311;11888
10483,311;85
10484,311;88
10485,311;111
10486,311;107
10487,311;1376
10488,311;11881
10489,311;85
10490,311;98
10491,311;95
10492,311;107
10493,311;1362
10494,311;11895
10495,311;89
10496,311;94
10497,311;91
10498,311;118
10499,311;1379
10500,311;11885
10501,311;73
10502,311;100
10503,311;90
10504,311;93
10505,311;1351
10507,508;11901
10508,508;104
10509,508;90
10510,508;95
10511,508;91
10512,508;1353
10513,508;11889
10514,508;67
10515,508;103
10516,508;93
10517,508;111
10518,508;1351
10519,508;11896
10520,508;80
10521,508;95
10522,508;87
10523,508;118
10524,508;1009
10525,508;11940
10526,508;90
10527,508;102
10528,508;92
10529,508;100
10530,508;1285
10531,508;11886
10532,508;83
10533,508;83
10534,508;103
10535,508;83
10536,508;1367
10537,508;11863
10538,508;85
10539,508;91
10540,508;89
10541,508;83
10542,508;1375
10543,508;11896
10544,508;80
10545,508;85
10546,508;94
10547,508;83
10548,508;1369
10549,508;11896
10550,508;82
10551,508;101
10552,508;100
10553,508;82
10554,508;1377
10555,508;11895
10556,508;97
10557,508;106
10558,508;95
10559,508;105
10560,508;1383
10561,508;11884
10562,508;91
10563,508;108
10564,508;97
10565,508;98
10566,508;1350
10567,508;11908
10568,508;87
10569,508;85
10570,508;98
10571,508;90
10572,508;1357
10573,508;11918
10574,508;92
10575,508;86
10576,508;88
10577,508;112
10578,508;1379
10579,508;11907
10580,508;65
10581,508;80
10582,508;96
10583,508;96
10584,508;1347
10585,508;11897
10586,508;80
10587,508;108
10588,508;97
10589,508;107
10590,508;1357
10591,508;11899
10592,508;90
10593,508;97
10594,508;107
10595,508;112
10596,508;1380
10597,508;11894
10598,508;84
10599,508;95
10600,508;106
10601,508;125
10602,508;1370
10603,508;11893
10604,508;85
10605,508;99
10606,508;94
10607,508;80
10607,508;1356
10608,508;11895
10609,508;81
10610,508;83
10611,508;100
10612,508;113
10613,508;1354
10614,508;11921
10615,508;83
10616,508;93
10617,508;90
10618,508;90
10619,508;1338
10620,508;11907
10621,508;87
10622,508;75
10623,508;81
10624,508;94
10625,508;1339
10626,508;11901
10627,508;109
10628,508;80
10629,508;103
10630,508;98
10631,508;1335
10632,508;11884
10633,508;96
10634,508;94
10635,508;104
10636,508;90
10637,508;1351
10638,508;11909
10639,508;86
10640,508;111
10641,508;90
10642,508;113
10643,508;1316
10644,508;11912
10645,508;104
10646,508;95
10647,508;91
10648,508;125
10649,508;1339
10650,508;11942
10651,508;92
10652,508;93
10653,508;84
10654,508;86
10655,508;1370
10656,508;11927
10657,508;80
10658,508;86
10659,508;90
10660,508;110
10661,508;1341
10662,508;11888
10663,508;84
10664,508;97
10665,508;89
10666,508;97
10667,508;1328
10668,508;11897
10669,508;85
10670,508;93
10671,508;83
10672,508;101
10673,508;1307
10674,508;11909
10675,508;85
10676,508;87
10677,508;99
10678,508;99
10679,508;1358
10680,508;11928
10681,508;98
10682,508;83
10683,508;106
10684,508;85
10685,508;1320
10686,508;11953
10687,508;94
10688,508;82
10689,508;78
10690,508;102
10691,508;1304
10692,508;11899
10693,508;97
10694,508;87
10695,508;83
10696,508;82
10697,508;1311
10698,508;11944
10699,508;81
10700,508;85
10701,508;90
10702,508;105
10703,508;1325
10704,508;11930
10705,508;84
10706,508;90
10707,508;101
10708,713;99
10709,713;1313
10710,713;11932
10711,713;101
10712,713;100
10713,713;106
10714,713;85
10715,713;1314
10716,713;11937
10717,713;88
10718,713;82
10719,713;92
10720,713;75
10721,713;1316
10722,713;11947
10723,713;90
10724,713;87
10725,713;88
10726,713;87
10727,713;1295
10728,713;11969
10729,713;87
10730,713;101
10731,713;103
10732,713;83
10733,713;1329
10734,713;11950
10735,713;94
10736,713;94
10737,713;103
10738,713;74
10739,713;1312
10740,713;11941
10741,713;88
10742,713;85
10743,713;110
10744,713;90
10745,713;1291
10746,713;11946
10747,713;81
10748,713;85
10749,713;90
10750,713;88
10751,713;1299
10752,713;11929
10753,713;101
10754,713;78
10755,713;107
10756,713;98
10757,713;1295
10758,713;11914
10759,713;86
10760,713;95
10761,713;101
10762,713;91
10763,713;1307
10764,713;11937
10765,713;69
10766,713;81
10767,713;103
10768,713;95
10769,713;1311
10770,713;11908
10771,713;70
10772,713;73
10773,713;102
10774,713;92
10775,713;1308
10776,713;11931
10777,713;65
10778,713;86
10779,713;100
10780,713;78
10781,713;1310
10782,713;11900
10783,713;73
10784,713;81
10785,713;101
10786,713;84
10787,713;1391
10788,713;11854
10789,713;72
10790,713;93
10791,713;98
10792,713;93
10793,713;1331
10794,713;11923
10795,713;84
10796,713;73
10797,713;86
10798,713;92
10799,713;1432
10800,713;11828
10801,713;89
10802,713;96
10803,713;76
10804,713;85
10805,713;1304
10806,713;11922
10807,713;86
10808,713;90
10809,192;83
10810,192;85
10811,192;1278
10812,192;11939
10813,192;81
10814,192;93
10815,192;79
10816,192;119
10817,192;1281
10818,192;11975
10819,192;60
10820,192;79
10821,192;89
10822,192;94
10823,192;1289
10824,192;11980
10825,192;81
10826,192;87
10827,192;81
10828,192;76
10829,192;1290
10830,192;11948
10831,192;80
10832,192;79
10833,192;81
10834,192;86
10835,192;933
10836,192;11988
10837,192;73
10838,192;103
10839,192;91
10840,192;90
10841,192;1211
10842,192;11971
10843,192;77
10844,192;74
10845,192;78
10846,192;71
10847,192;1250
10848,192;11938
10849,192;68
10850,192;58
10851,192;89
10852,192;88
10853,192;1261
10854,192;11953
10855,192;96
10856,192;88
10857,192;91
10858,192;80
10859,192;1276
10860,192;11934
10861,192;75
10862,192;81
10863,192;80
10864,192;90
10865,192;1287
10866,192;11933
10867,192;83
10868,192;83
10869,192;78
10870,192;101
10871,192;1288
10872,192;11970
10873,192;77
10874,192;93
10875,192;82
10876,192;106
10877,192;1290
10878,192;11937
10879,192;95
10880,192;90
10881,192;95
10882,192;87
10883,192;1269
10884,192;11968
10885,192;86
10886,192;83
10887,192;97
10888,192;90
10889,192;1271
10890,192;11953
10891,192;77
10892,192;95
10893,192;81
10894,192;90
10895,192;1281
10896,192;11969
10897,192;80
10898,192;82
10899,192;82
10900,192;95
10901,192;1286
10902,192;11947
10903,192;101
10904,192;96
10905,192;80
10906,192;83
10907,192;1263
10908,192;11951
10909,192;85
10910,351;83
10911,351;75
10912,351;101
10913,351;1297
10914,351;11982
10915,351;88
10916,351;101
10917,351;113
10918,351;98
10919,351;1317
10920,351;11920
10921,351;93
10922,351;103
10923,351;81
10924,351;95
10925,351;1245
10926,351;11959
10927,351;81
10928,351;89
10929,351;94
10930,351;81
10931,351;1258
10932,351;11977
10933,351;82
10934,351;101
10935,351;102
10936,351;97
10937,351;1284
10938,351;11955
10939,351;96
10940,351;90
10941,351;86
10942,351;89
10943,351;1297
10944,351;11985
10945,351;92
10946,351;99
10947,351;78
10948,351;90
10949,351;1276
10950,351;11965
10951,351;89
10952,351;80
10953,351;98
10954,351;94
10955,351;1293
10956,351;11971
10957,351;85
10958,351;86
10959,351;91
10960,351;85
10961,351;1276
10962,351;11964
10963,351;87
10964,351;102
10965,351;96
10966,351;86
10967,351;1257
10968,351;11955
10969,351;107
10970,351;79
10971,351;95
10972,351;99
10973,351;1286
10974,351;11972
10975,351;75
10976,351;105
10977,351;91
10978,351;106
10979,351;1276
10980,351;11994
10981,351;92
10982,351;90
10983,351;89
10984,351;88
10985,351;1277
10986,351;11959
10987,351;97
10988,351;80
10989,351;91
10990,351;105
10991,351;1271
10992,351;11986
10993,351;93
10994,351;98
10995,351;104
10996,351;128
10997,351;1266
10998,351;11969
10999,351;81
11000,351;93
11001,351;113
11002,351;106
11003,351;1295
11004,351;11994
11005,351;94
11006,351;89
11007,351;78
11008,351;100
11009,351;1276
11010,351;11978
11011,113;74
11012,113;86
11013,113;97
11014,113;104
11015,113;1292
11016,113;11970
11017,113;92
11018,113;80
11019,113;109
11020,113;89
11021,113;1280
11022,113;11966
11023,113;103
11024,113;95
11025,113;92
11026,113;101
11027,113;1272
11028,113;11963
11029,113;86
11030,113;84
11031,113;113
11032,113;93
11033,113;1279
11034,113;11958
11035,113;92
11036,113;109
11037,113;102
11038,113;102
11039,113;1282
11040,113;11993
11041,113;82
11042,113;89
11043,113;101
11044,113;105
11045,113;1242
11046,113;11988
11047,113;87
11048,113;85
11049,113;97
11050,113;99
11051,113;1257
11052,113;11978
11053,113;89
11054,113;97
11055,113;106
11056,113;101
11057,113;1278
11058,113;11987
11059,113;78
11060,113;82
11061,113;98
11062,113;107
11063,113;1275
11064,113;11967
11065,113;83
11066,113;78
11067,113;104
11068,113;99
11069,113;1281
11070,113;11982
11071,113;90
11072,113;96
11073,113;93
11074,113;104
11075,113;1259
11076,113;12002
11077,113;82
11078,113;85
11079,113;89
11080,113;73
11081,113;1276
11082,113;11987
11083,113;100
11084,113;92
11085,113;109
11086,113;94
11087,113;1271
11088,113;11983
11089,113;97
11090,113;94
11091,113;97
11092,113;103
11093,113;1291
11094,113;12005
11095,113;92
11096,113;97
11097,113;90
11098,113;90
11099,113;1290
11100,113;11969
11101,113;115
11102,113;93
11103,113;91
11104,113;88
11105,113;1295
11106,113;11973
11107,113;94
11108,113;95
11109,113;97
11110,113;92
11111,113;1239
11112,113;12009
11113,113;103
11114,113;98
11115,113;101
11116,113;114
11117,113;1270
11118,113;11976
11119,113;110
11120,113;92
11121,113;91
11122,113;103
11123,113;1258
11124,113;11999
11125,113;92
11126,113;89
11127,113;91
11128,113;91
11129,113;1257
11130,113;12000
11131,113;86
11132,113;101
11133,113;96
11134,113;106
11135,113;1272
11136,113;11990
11137,113;95
11138,113;100
11139,113;91
11140,113;93
11141,113;1263
11142,113;12010
11143,113;97
11144,113;95
11145,113;89
11146,113;88
11147,113;854
11148,113;12076
11149,113;92
11150,113;98
11151,113;102
11152,113;122
11153,113;1200
11154,113;12009
11155,113;78
11156,113;77
11157,113;94
11158,113;78
11159,113;1237
11160,113;12021
11161,113;76
11162,113;93
11163,113;102
11164,113;94
11165,113;1228
11166,113;12033
11167,113;97
11168,113;87
11169,113;95
11170,113;105
11171,113;1246
11172,113;12010
11173,113;79
11174,113;110
11175,113;93
11176,113;108
11177,113;1271
11178,113;11985
11179,113;99
11180,113;89
11181,113;112
11182,113;110
11183,113;1260
11184,113;11975
11185,113;88
11186,113;102
11187,113;92
11188,113;88
11189,113;1266
11190,113;11996
11191,113;88
11192,113;110
11193,113;95
11194,113;86
11195,113;1275
11196,113;11982
11197,113;108
11198,113;103
11199,113;113
11200,113;96
11201,113;1262
11202,113;12006
11203,113;87
11204,113;91
11205,113;90
11206,113;101
11207,113;1228
11208,113;12019
11209,113;103
11210,113;87
11211,113;107
11212,113;108
11213,563;1268
11214,563;12033
11215,563;73
11216,563;92
11217,563;125
11218,563;94
11219,563;1283
11220,563;12016
11221,563;93
11222,563;100
11223,563;100
11224,563;90
11225,563;1226
11226,563;12031
11227,563;93
11228,563;79
11229,563;104
11230,563;97
11231,563;1228
11232,563;12006
11233,563;111
11234,563;87
11235,563;93
11236,563;116
11237,563;1225
11238,563;12029
11239,563;94
11240,563;91
11241,563;86
11242,563;103
11243,563;1237
11244,563;12028
11245,563;87
11246,563;103
11247,563;102
11248,563;87
11249,563;1230
11250,563;12073
11251,563;87
11252,563;103
11253,563;84
11254,563;84
11255,563;1234
11256,563;12043
11257,563;77
11258,563;108
11259,563;108
11260,563;98
11261,563;1215
11262,563;12030
11263,563;77
11264,563;98
11265,563;93
11266,563;94
11267,563;1235
11268,563;12041
11269,563;93
11270,563;93
11271,563;88
11272,563;125
11273,563;1229
11274,563;11997
11275,563;86
11276,563;93
11277,563;81
11278,563;90
11279,563;1232
11280,563;12040
11281,563;68
11282,563;83
11283,563;103
11284,563;120
11285,563;1218
11286,563;12024
11287,563;79
11288,563;111
11289,563;102
11290,563;95
11291,563;1225
11292,563;12029
11293,563;83
11294,563;89
11295,563;106
11296,563;88
11297,563;1216
11298,563;11992
11299,563;73
11300,563;103
11301,563;86
11302,563;112
11303,563;1240
11304,563;12008
11305,563;98
11306,563;91
11307,563;81
11308,563;97
11309,563;1220
11310,563;12032
11311,563;76
11312,563;87
11313,563;81
11314,183;99
11315,183;1233
11316,183;12050
11317,183;81
11318,183;91
11319,183;70
11320,183;94
11321,183;1228
11322,183;12035
11323,183;94
11324,183;94
11325,183;89
11326,183;84
11327,183;1203
11328,183;12015
11329,183;81
11330,183;72
11331,183;82
11332,183;84
11333,183;1212
11334,183;12029
11335,183;81
11336,183;81
11337,183;93
11338,183;84
11339,183;1223
11340,183;12035
11341,183;76
11342,183;83
11343,183;100
11344,183;78
11345,183;1218
11346,183;12038
11347,183;84
11348,183;79
11349,183;113
11350,183;77
11351,183;1209
11352,183;12042
11353,183;82
11354,183;96
11355,183;102
11356,183;98
11357,183;1209
11358,183;12069
11359,183;76
11360,183;83
11361,183;98
11362,183;105
11363,183;1332
11364,183;11934
11365,183;73
11366,183;82
11367,183;93
11368,183;79
11369,183;1246
11370,183;12048
11371,183;74
11372,183;79
11373,183;90
11374,183;88
11375,183;1224
11376,183;12037
11377,183;69
11378,183;87
11379,183;99
11380,183;91
11381,183;1223
11382,183;12010
11383,183;68
11384,183;97
11385,183;81
11386,183;100
11387,183;1230
11388,183;12004
11389,183;76
11390,183;94
11391,183;87
11392,183;85
11393,183;1185
11394,183;12026
11395,183;75
11396,183;83
11397,183;85
11398,183;100
11399,183;1198
11400,183;12045
11401,183;97
11402,183;88
11403,183;91
11404,183;85
11405,183;1184
11406,183;12059
11407,183;82
11408,183;90
11409,183;105
11410,183;90
11411,183;1181
11412,183;12057
11413,183;74
11414,183;81
11415,138;87
11416,138;79
11417,138;1201
11418,138;12038
11419,138;76
11420,138;75
11421,138;80
11422,138;87
11423,138;1187
11424,138;12077
11425,138;82
11426,138;86
11427,138;68
11428,138;85
11429,138;1189
11430,138;12027
11431,138;74
11432,138;81
11433,138;108
11434,138;97
11435,138;1287
11436,138;11955
11437,138;86
11438,138;82
11439,138;84
11440,138;88
11441,138;1197
11442,138;12039
11443,138;78
11444,138;88
11445,138;69
11446,138;69
11447,138;1182
11448,138;12044
11449,138;63
11450,138;83
11451,138;88
11452,138;73
11453,138;1163
11454,138;12068
11455,138;73
11456,138;79
11457,138;85
11458,138;77
11459,138;805
11460,138;12088
11461,138;67
11462,138;60
11463,138;70
11464,138;74
11465,138;1103
11466,138;12062
11467,138;69
11468,138;78
11469,138;70
11470,138;70
11471,138;1152
11472,138;12050
11473,138;74
11474,138;80
11475,138;82
11476,138;88
11477,138;1205
11478,138;12020
11479,138;70
11480,138;97
11481,138;85
11482,138;84
11483,138;1162
11484,138;12053
11485,138;83
11486,138;93
11487,138;70
11488,138;87
11489,138;1149
11490,138;12058
11491,138;76
11492,138;95
11493,138;82
11494,138;81
11495,138;1183
11496,138;12055
11497,138;86
11498,138;78
11499,138;87
11500,138;72
11501,138;1172
11502,138;12074
11503,138;81
11504,138;83
11505,138;77
11506,138;110
11507,138;1167
11508,138;12053
11509,138;73
11510,138;80
11511,138;75
11512,138;84
11513,138;1181
11514,138;12052
11515,138;85
11516,562;83
11517,562;95
11518,562;85
11519,562;1188
11520,562;12073
11521,562;88
11522,562;86
11523,562;76
11524,562;97
11525,562;1231
11526,562;12010
11527,562;92
11528,562;82
11529,562;104
11530,562;83
11531,562;1162
11532,562;12084
11533,562;92
11534,562;87
11535,562;104
11536,562;92
11537,562;1164
11538,562;12045
11539,562;96
11540,562;88
11541,562;101
11542,562;75
11543,562;1149
11544,562;12083
11545,562;88
11546,562;92
11547,562;105
11548,562;88
11549,562;1185
11550,562;12077
11551,562;93
11552,562;84
11553,562;95
11554,562;68
11555,562;1161
11556,562;12107
11557,562;102
11558,562;83
11559,562;102
11560,562;104
11561,562;1171
11562,562;12047
11563,562;85
11564,562;97
11565,562;101
11566,562;79
11567,562;1165
11568,562;12055
11569,562;93
11570,562;102
11571,562;98
11572,562;93
11573,562;1165
11574,562;12062
11575,562;81
11576,562;81
11577,562;97
11578,562;105
11579,562;1195
11580,562;12080
11581,562;87
11582,562;84
11583,562;99
11584,562;101
11585,562;1189
11586,562;12065
11587,562;96
11588,562;70
11589,562;94
11590,562;89
11591,562;1222
11592,562;12021
11593,562;78
11594,562;107
11595,562;104
11596,562;95
11597,562;1225
11598,562;12003
11599,562;97
11600,562;96
11601,562;78
11602,562;93
11603,562;1270
11604,562;11956
11605,562;82
11606,562;101
11607,562;111
11608,562;84
11609,562;1166
11610,562;12088
11611,562;86
11612,562;104
11613,562;64
11614,562;92
11615,562;1162
11616,562;12094
11617,562;93
11618,562;113
11619,562;92
11620,562;93
11621,562;1158
11622,562;12107
11623,562;93
11624,562;105
11625,562;96
11626,562;74
11627,562;1155
11628,562;12094
11629,562;80
11630,562;98
11631,562;98
11632,562;104
11633,562;1184
11634,562;12068
11635,562;80
11636,562;95
11637,562;100
11638,562;107
11639,562;1169
11640,562;12091
11641,562;90
11642,562;92
11643,562;104
11644,562;92
11645,562;1141
11646,562;12059
11647,562;94
11648,562;80
11649,562;96
11650,562;75
11651,562;1132
11652,562;12080
11653,562;75
11654,562;99
11655,562;100
11656,562;75
11657,562;1184
11658,562;12081
11659,562;100
11660,562;81
11661,562;98
11662,562;106
11663,562;1151
11664,562;12065
11665,562;71
11666,562;100
11667,562;96
11668,562;94
11669,562;1157
11670,562;12073
11671,562;82
11672,562;92
11673,562;86
11674,562;93
11675,562;1170
11676,562;12097
11677,562;94
11678,562;128
11679,562;78
11680,562;88
11681,562;1179
11682,562;12095
11683,562;85
11684,562;88
11685,562;76
11686,562;106
11687,562;1155
11688,562;12068
11689,562;115
11690,562;107
11691,562;95
11692,562;94
11693,562;1172
11694,562;12084
11695,562;121
11696,562;95
11697,562;90
11698,562;81
11699,562;1184
11700,562;12071
11701,562;84
11702,562;105
11703,562;95
11704,562;101
11705,562;1154
11706,562;12091
11707,562;88
11708,562;100
11709,562;93
11710,562;108
11711,562;1177
11712,562;12062
11713,562;64
11714,562;97
11715,562;101
11716,562;94
11717,562;1161
11718,271;12075
11719,271;101
11720,271;90
11721,271;99
11722,271;94
11723,271;1166
11724,271;12098
11725,271;97
11726,271;101
11727,271;107
11728,271;109
11729,271;1179
11730,271;12106
11731,271;81
11732,271;106
11733,271;106
11734,271;93
11735,271;1175
11736,271;12091
11737,271;94
11738,271;94
11739,271;95
11740,271;93
11741,271;1177
11742,271;12091
11743,271;94
11744,271;119
11745,271;100
11746,271;105
11747,271;1152
11748,271;12140
11749,271;106
11750,271;96
11751,271;109
11752,271;98
11753,271;1167
11754,271;12099
11755,271;81
11756,271;83
11757,271;112
11758,271;116
11759,271;1165
11760,271;12106
11761,271;97
11762,271;88
11763,271;101
11764,271;83
11765,271;1178
11766,271;12078
11767,271;97
11768,271;94
11769,271;115
11770,271;115
11771,271;870
11772,271;12071
11773,271;89
11774,271;82
11775,271;112
11776,271;100
11777,271;1092
11778,271;12100
11779,271;96
11780,271;103
11781,271;99
11782,271;101
11783,271;1138
11784,271;12122
11785,271;97
11786,271;93
11787,271;94
11788,271;87
11789,271;1253
11790,271;11995
11791,271;101
11792,271;97
11793,271;111
11794,271;106
11795,271;1158
11796,271;12129
11797,271;99
11798,271;107
11799,271;94
11800,271;95
11801,271;1150
11802,271;12130
11803,271;89
11804,271;96
11805,271;92
11806,271;94
11807,271;1133
11808,271;12116
11809,271;92
11810,271;109
11811,271;99
11812,271;94
11813,271;1151
11814,271;12098
11815,271;89
11816,271;104
11817,271;81
11818,271;97
11818,653;1132
11819,653;12129
11820,653;93
11821,653;83
11822,653;98
11823,653;107
11824,653;1152
11825,653;12124
11826,653;84
11827,653;80
11828,653;89
11829,653;84
11830,653;1145
11831,653;12117
11832,653;97
11833,653;97
11834,653;102
11835,653;106
11836,653;1146
11837,653;12127
11838,653;94
11839,653;115
11840,653;103
11841,653;94
11842,653;1121
11843,653;12107
11844,653;102
11845,653;93
11846,653;98
11847,653;96
11848,653;1268
11849,653;12009
11850,653;77
11851,653;92
11852,653;109
11853,653;104
11854,653;1138
11855,653;12131
11856,653;76
11857,653;93
11858,653;97
11859,653;106
11860,653;1138
11861,653;12135
11862,653;93
11863,653;88
11864,653;85
11865,653;92
11866,653;1127
11867,653;12077
11868,653;101
11869,653;87
11870,653;111
11871,653;101
11872,653;1143
11873,653;12067
11874,653;76
11875,653;92
11876,653;96
11877,653;95
11878,653;1131
11879,653;12120
11880,653;87
11881,653;93
11882,653;98
11883,653;100
11884,653;1105
11885,653;12116
11886,653;87
11887,653;87
11888,653;98
11889,653;84
11890,653;1121
11891,653;12116
11892,653;110
11893,653;117
11894,653;93
11895,653;112
11896,653;1130
11897,653;12115
11898,653;84
11899,653;81
11900,653;72
11901,653;107
11902,653;1121
11903,653;12110
11904,653;90
11905,653;87
11906,653;98
11907,653;126
11908,653;1131
11909,653;12091
11910,653;76
11911,653;87
11912,653;96
11913,653;112
11914,653;1133
11915,653;12123
11916,653;80
11917,653;86
11918,653;87
11920,099;83
11921,099;1135
11922,099;12122
11923,099;84
11924,099;81
11925,099;78
11926,099;115
11927,099;1112
11928,099;12131
11929,099;88
11930,099;106
11931,099;96
11932,099;76
11933,099;1129
11934,099;12132
11935,099;74
11936,099;103
11937,099;95
11938,099;108
11939,099;1123
11940,099;12099
11941,099;89
11942,099;101
11943,099;106
11944,099;77
11945,099;1093
11946,099;12104
11947,099;80
11948,099;82
11949,099;106
11950,099;93
11951,099;1093
11952,099;12123
11953,099;73
11954,099;90
11955,099;120
11956,099;87
11957,099;1118
11958,099;12144
11959,099;80
11960,099;81
11961,099;94
11962,099;85
11963,099;1112
11964,099;12153
11965,099;86
11966,099;91
11967,099;92
11968,099;91
11969,099;1125
11970,099;12148
11971,099;78
11972,099;82
11973,099;85
11974,099;77
11975,099;1101
11976,099;12180
11977,099;78
11978,099;105
11979,099;89
11980,099;95
11981,099;1108
11982,099;12132
11983,099;83
11984,099;100
11985,099;77
11986,099;104
11987,099;1113
11988,099;12097
11989,099;71
11990,099;90
11991,099;91
11992,099;81
11993,099;1142
11994,099;12076
11995,099;89
11996,099;77
11997,099;88
11998,099;89
11999,099;1119
12000,099;12135
12001,099;86
12002,099;87
12003,099;101
12004,099;90
12005,099;1091
12006,099;12166
12007,099;70
12008,099;83
12009,099;88
12010,099;86
12011,099;1079
12012,099;12143
12013,099;78
12014,099;106
12015,099;100
12016,099;86
12017,099;1110
12018,099;12140
12019,099;82
12020,099;83
12021,841;83
12022,841;78
12023,841;1091
12024,841;12160
12025,841;85
12026,841;89
12027,841;95
12028,841;85
12029,841;1072
12030,841;12158
12031,841;77
12032,841;84
12033,841;94
12034,841;98
12035,841;1101
12036,841;12158
12037,841;85
12038,841;76
12039,841;75
12040,841;104
12041,841;1085
12042,841;12138
12043,841;88
12044,841;72
12045,841;85
12046,841;99
12047,841;1061
12048,841;12151
12049,841;82
12050,841;89
12051,841;87
12052,841;87
12053,841;1072
12054,841;12159
12055,841;85
12056,841;81
12057,841;95
12058,841;90
12059,841;1083
12060,841;12161
12061,841;70
12062,841;97
12063,841;94
12064,841;92
12065,841;1076
12066,841;12179
12067,841;78
12068,841;80
12069,841;93
12070,841;97
12071,841;1086
12072,841;12136
12073,841;70
12074,841;77
12075,841;84
12076,841;93
12077,841;1201
12078,841;12011
12079,841;69
12080,841;73
12081,841;71
12082,841;84
12083,841;688
12084,841;12232
12085,841;67
12086,841;79
12087,841;89
12088,841;89
12089,841;1017
12090,841;12134
12091,841;77
12092,841;82
12093,841;81
12094,841;85
12095,841;1082
12096,841;12150
12097,841;95
12098,841;93
12099,841;72
12100,841;67
12101,841;1075
12102,841;12187
12103,841;92
12104,841;81
12105,841;80
12106,841;89
12107,841;1084
12108,841;12132
12109,841;57
12110,841;73
12111,841;83
12112,841;80
12113,841;1058
12114,841;12168
12115,841;81
12116,841;76
12117,841;85
12118,841;75
12119,841;1086
12120,841;12143
12121,841;81
12122,611;94
12123,611;96
12124,611;78
12125,611;1061
12126,611;12162
12127,611;76
12128,611;78
12129,611;84
12130,611;96
12131,611;1046
12132,611;12174
12133,611;78
12134,611;74
12135,611;90
12136,611;106
12137,611;1087
12138,611;12167
12139,611;87
12140,611;95
12141,611;83
12142,611;92
12143,611;1045
12144,611;12157
12145,611;70
12146,611;80
12147,611;69
12148,611;106
12149,611;1070
12150,611;12125
12151,611;88
12152,611;90
12153,611;101
12154,611;106
12155,611;1091
12156,611;12170
12157,611;87
12158,611;82
12159,611;91
12160,611;80
12161,611;1069
12162,611;12157
12163,611;79
12164,611;59
12165,611;67
12166,611;109
12167,611;1070
12168,611;12139
12169,611;80
12170,611;97
12171,611;79
12172,611;87
12173,611;1102
12174,611;12107
12175,611;96
12176,611;93
12177,611;107
12178,611;89
12179,611;1060
12180,611;12161
12181,611;90
12182,611;69
12183,611;96
12184,611;98
12185,611;1101
12186,611;12172
12187,611;78
12188,611;102
12189,611;103
12190,611;90
12191,611;1046
12192,611;12160
12193,611;77
12194,611;85
12195,611;89
12196,611;95
12197,611;1064
12198,611;12156
12199,611;87
12200,611;94
12201,611;87
12202,611;93
12203,611;1058
12204,611;12165
12205,611;101
12206,611;87
12207,611;81
12208,611;118
12209,611;1069
12210,611;12118
12211,611;83
12212,611;94
12213,611;102
12214,611;91
12215,611;1061
12216,611;12208
12217,611;94
12218,611;83
12219,611;83
12220,611;112
12221,611;1072
12222,611;12154
12223,611;76
12224,611;85
12225,611;99
12226,611;89
12227,611;1059
12228,611;12208
12229,611;81
12230,611;94
12231,611;93
12232,611;83
12233,611;1089
12234,611;12136
12235,611;89
12236,611;88
12237,611;101
12238,611;91
12239,611;1074
12240,611;12176
12241,611;92
12242,611;77
12243,611;79
12244,611;95
12245,611;1059
12246,611;12182
12247,611;71
12248,611;98
12249,611;92
12250,611;99
12251,611;1055
12252,611;12191
12253,611;95
12254,611;88
12255,611;79
12256,611;121
12257,611;1095
12258,611;12203
12259,611;92
12260,611;91
12261,611;92
12262,611;85
12263,611;1066
12264,611;12156
12265,611;94
12266,611;87
12267,611;102
12268,611;98
12269,611;1047
12270,611;12181
12271,611;86
12272,611;91
12273,611;99
12274,611;91
12275,611;1051
12276,611;12197
12277,611;75
12278,611;96
12279,611;81
12280,611;92
12281,611;1076
12282,611;12169
12283,611;87
12284,611;111
12285,611;92
12286,611;117
12287,611;1049
12288,611;12208
12289,611;83
12290,611;101
12291,611;99
12292,611;111
12293,611;1025
12294,611;12205
12295,611;79
12296,611;78
12297,611;99
12298,611;87
12299,611;1073
12300,611;12151
12301,611;78
12302,611;72
12303,611;87
12304,611;99
12305,611;1064
12306,611;12192
12307,611;91
12308,611;107
12309,611;106
12310,611;91
12311,611;1048
12312,611;12186
12313,611;77
12314,611;93
12315,611;82
12316,611;89
12317,611;1064
12318,611;12194
12319,611;83
12320,611;88
12321,611;93
12322,611;93
12323,611;1052
12324,111;12197
12325,111;85
12326,111;92
12327,111;100
12328,111;110
12329,111;1064
12330,111;12189
12331,111;95
12332,111;82
12333,111;89
12334,111;101
12335,111;1057
12336,111;12206
12337,111;95
12338,111;106
12339,111;85
12340,111;111
12341,111;1075
12342,111;12194
12343,111;85
12344,111;82
12345,111;103
12346,111;92
12347,111;1071
12348,111;12202
12349,111;102
12350,111;106
12351,111;94
12352,111;123
12353,111;1074
12354,111;12206
12355,111;106
12356,111;101
12357,111;95
12358,111;88
12359,111;1067
12360,111;12197
12361,111;81
12362,111;97
12363,111;103
12364,111;95
12365,111;1041
12366,111;12203
12367,111;83
12368,111;108
12369,111;113
12370,111;105
12371,111;1046
12372,111;12185
12373,111;80
12374,111;98
12375,111;83
12376,111;100
12377,111;1057
12378,111;12207
12379,111;101
12380,111;105
12381,111;93
12382,111;90
12383,111;1038
12384,111;12241
12385,111;80
12386,111;102
12387,111;99
12388,111;87
12389,111;1044
12390,111;12218
12391,111;75
12392,111;90
12393,111;102
12394,111;117
12395,111;692
12396,111;12237
12397,111;83
12398,111;89
12399,111;104
12400,111;100
12401,111;990
12402,111;12222
12403,111;89
12404,111;89
12405,111;108
12406,111;92
12407,111;1026
12408,111;12205
12409,111;83
12410,111;94
12411,111;114
12412,111;106
12413,111;1041
12414,111;12219
12415,111;82
12416,111;103
12417,111;85
12418,111;96
12419,111;1056
12420,111;12196
12421,111;91
12422,111;103
12423,111;110
12424,111;106
12426,543;1037
12427,543;12237
12428,543;87
12429,543;86
12430,543;101
12431,543;99
12432,543;1157
12433,543;12096
12434,543;95
12435,543;86
12436,543;99
12437,543;81
12438,543;1030
12439,543;12226
12440,543;92
12441,543;111
12442,543;98
12443,543;98
12444,543;1115
12445,543;12138
12446,543;93
12447,543;84
12448,543;74
12449,543;83
12450,543;1056
12451,543;12216
12452,543;86
12453,543;81
12454,543;92
12455,543;101
12456,543;1032
12457,543;12244
12458,543;89
12459,543;80
12460,543;87
12461,543;92
12462,543;1022
12463,543;12217
12464,543;98
12465,543;117
12466,543;91
12467,543;102
12468,543;1025
12469,543;12222
12470,543;82
12471,543;97
12472,543;102
12473,543;94
12474,543;1023
12475,543;12232
12476,543;80
12477,543;91
12478,543;104
12479,543;117
12480,543;1041
12481,543;12237
12482,543;98
12483,543;93
12484,543;102
12485,543;94
12486,543;1035
12487,543;12202
12488,543;82
12489,543;84
12490,543;105
12491,543;102
12492,543;1012
12493,543;12243
12494,543;91
12495,543;99
12496,543;95
12497,543;104
12498,543;1021
12499,543;12227
12500,543;87
12501,543;89
12502,543;104
12503,543;93
12504,543;1027
12505,543;12233
12506,543;88
12507,543;82
12508,543;89
12509,543;93
12510,543;1026
12511,543;12203
12512,543;93
12513,543;77
12514,543;96
12515,543;83
12516,543;1020
12517,543;12234
12518,543;84
12519,543;102
12520,543;83
12521,543;91
12522,543;1026
12523,543;12240
12524,543;97
12525,543;78
12526,543;104
12527,339;72
12528,339;1004
12529,339;12193
12530,339;85
12531,339;88
12532,339;93
12533,339;90
12534,339;1040
12535,339;12207
12536,339;82
12537,339;95
12538,339;105
12539,339;89
12540,339;999
12541,339;12221
12542,339;100
12543,339;74
12544,339;88
12545,339;111
12546,339;1012
12547,339;12239
12548,339;100
12549,339;103
12550,339;97
12551,339;104
12552,339;970
12553,339;12253
12554,339;88
12555,339;74
12556,339;99
12557,339;106
12558,339;1017
12559,339;12235
12560,339;94
12561,339;74
12562,339;97
12563,339;90
12564,339;1002
12565,339;12254
12566,339;79
12567,339;65
12568,339;103
12569,339;92
12570,339;999
12571,339;12225
12572,339;87
12573,339;86
12574,339;97
12575,339;103
12576,339;999
12577,339;12219
12578,339;77
12579,339;79
12580,339;97
12581,339;92
12582,339;1003
12583,339;12244
12584,339;106
12585,339;93
12586,339;94
12587,339;89
12588,339;988
12589,339;12254
12590,339;93
12591,339;84
12592,339;108
12593,339;88
12594,339;988
12595,339;12231
12596,339;78
12597,339;88
12598,339;81
12599,339;85
12600,339;1001
12601,339;12244
12602,339;94
12603,339;84
12604,339;102
12605,339;99
12606,339;1018
12607,339;12255
12608,339;83
12609,339;91
12610,339;81
12611,339;111
12612,339;996
12613,339;12233
12614,339;95
12615,339;94
12616,339;100
12617,339;109
12618,339;1004
12619,339;12221
12620,339;88
12621,339;86
12622,339;96
12623,339;108
12624,339;980
12625,339;12266
12626,339;72
12627,339;88
12627,633;79
12628,633;95
12629,633;994
12630,633;12215
12631,633;103
12632,633;78
12633,633;88
12634,633;95
12635,633;992
12636,633;12236
12637,633;94
12638,633;92
12639,633;100
12640,633;91
12641,633;996
12642,633;12299
12643,633;77
12644,633;101
12645,633;94
12646,633;108
12647,633;992
12648,633;12241
12649,633;86
12650,633;87
12651,633;88
12652,633;86
12653,633;987
12654,633;12265
12655,633;97
12656,633;81
12657,633;95
12658,633;95
12659,633;978
12660,633;12267
12661,633;75
12662,633;98
12663,633;89
12664,633;102
12665,633;971
12666,633;12240
12667,633;97
12668,633;83
12669,633;99
12670,633;94
12671,633;987
12672,633;12221
12673,633;80
12674,633;81
12675,633;104
12676,633;90
12677,633;978
12678,633;12242
12679,633;85
12680,633;96
12681,633;94
12682,633;73
12683,633;952
12684,633;12279
12685,633;86
12686,633;90
12687,633;84
12688,633;86
12689,633;991
12690,633;12238
12691,633;75
12692,633;83
12693,633;83
12694,633;94
12695,633;983
12696,633;12245
12697,633;78
12698,633;69
12699,633;68
12700,633;78
12701,633;981
12702,633;12261
12703,633;89
12704,633;79
12705,633;84
12706,633;71
12707,633;572
12708,633;12333
12709,633;84
12710,633;86
12711,633;86
12712,633;87
12713,633;873
12714,633;12281
12715,633;80
12716,633;94
12717,633;89
12718,633;87
12719,633;960
12720,633;12281
12721,633;76
12722,633;90
12723,633;92
12724,633;83
12725,633;972
12726,633;12254
12727,633;83
12728,633;85
12729,633;79
12730,633;96
12731,633;943
12732,633;12265
12733,633;97
12734,633;64
12735,633;109
12736,633;82
12737,633;963
12738,633;12297
12739,633;78
12740,633;80
12741,633;92
12742,633;90
12743,633;953
12744,633;12271
12745,633;96
12746,633;91
12747,633;86
12748,633;80
12749,633;958
12750,633;12276
12751,633;80
12752,633;80
12753,633;106
12754,633;95
12755,633;979
12756,633;12284
12757,633;97
12758,633;89
12759,633;104
12760,633;76
12761,633;967
12762,633;12302
12763,633;88
12764,633;96
12765,633;97
12766,633;95
12767,633;968
12768,633;12291
12769,633;77
12770,633;89
12771,633;86
12772,633;84
12773,633;974
12774,633;12291
12775,633;84
12776,633;81
12777,633;95
12778,633;105
12779,633;976
12780,633;12285
12781,633;86
12782,633;108
12783,633;106
12784,633;97
12785,633;963
12786,633;12259
12787,633;90
12788,633;97
12789,633;84
12790,633;93
12791,633;950
12792,633;12264
12793,633;87
12794,633;82
12795,633;111
12796,633;114
12797,633;950
12798,633;12264
12799,633;86
12800,633;88
12801,633;103
12802,633;85
12803,633;948
12804,633;12270
12805,633;76
12806,633;92
12807,633;82
12808,633;105
12809,633;967
12810,633;12307
12811,633;65
12812,633;84
12813,633;99
12814,633;110
12815,633;989
12816,633;12259
12817,633;80
12818,633;72
12819,633;83
12820,633;93
12821,633;977
12822,633;12322
12823,633;84
12824,633;75
12825,633;94
12826,633;95
12827,633;931
12828,633;12285
12829,007;88
12830,007;104
12831,007;101
12832,007;88
12833,007;944
12834,007;12265
12835,007;88
12836,007;85
12837,007;89
12838,007;92
12839,007;967
12840,007;12284
12841,007;85
12842,007;99
12843,007;84
12844,007;104
12845,007;965
12846,007;12280
12847,007;93
12848,007;102
12849,007;118
12850,007;86
12851,007;955
12852,007;12300
12853,007;83
12854,007;88
12855,007;112
12856,007;105
12857,007;964
12858,007;12264
12859,007;80
12860,007;76
12861,007;91
12862,007;80
12863,007;957
12864,007;12292
12865,007;86
12866,007;76
12867,007;69
12868,007;116
12869,007;981
12870,007;12279
12871,007;85
12872,007;107
12873,007;91
12874,007;88
12875,007;952
12876,007;12282
12877,007;92
12878,007;93
12879,007;93
12880,007;105
12881,007;972
12882,007;12271
12883,007;79
12884,007;85
12885,007;107
12886,007;85
12887,007;930
12888,007;12307
12889,007;103
12890,007;89
12891,007;99
12892,007;100
12893,007;941
12894,007;12303
12895,007;82
12896,007;109
12897,007;98
12898,007;118
12899,007;960
12900,007;12288
12901,007;84
12902,007;89
12903,007;85
12904,007;85
12905,007;932
12906,007;12294
12907,007;98
12908,007;73
12909,007;97
12910,007;101
12911,007;926
12912,007;12280
12913,007;89
12914,007;93
12915,007;93
12916,007;80
12917,007;958
12918,007;12289
12919,007;100
12920,007;117
12921,007;115
12922,007;99
12923,007;956
12924,007;12277
12925,007;84
12926,007;90
12927,007;80
12928,007;83
12929,007;952
12930,54;12314
12931,54;87
12932,54;94
12933,54;86
12934,54;84
12935,54;989
12936,54;12312
12937,54;87
12938,54;101
12939,54;112
12940,54;115
12941,54;969
12942,54;12289
12943,54;97
12944,54;100
12945,54;96
12946,54;83
12947,54;955
12948,54;12323
12949,54;94
12950,54;85
12951,54;86
12952,54;80
12953,54;955
12954,54;12271
12955,54;106
12956,54;113
12957,54;91
12958,54;103
12959,54;964
12960,54;12323
12961,54;84
12962,54;95
12963,54;104
12964,54;113
12965,54;958
12966,54;12320
12967,54;92
12968,54;80
12969,54;93
12970,54;96
12971,54;937
12972,54;12324
12973,54;83
12974,54;104
12975,54;104
12976,54;105
12977,54;958
12978,54;12297
12979,54;87
12980,54;91
12981,54;107
12982,54;105
12983,54;939
12984,54;12316
12985,54;97
12986,54;101
12987,54;103
12988,54;91
12989,54;961
12990,54;12290
12991,54;96
12992,54;104
12993,54;92
12994,54;104
12995,54;1050
12996,54;12251
12997,54;83
12998,54;91
12999,54;102
13000,54;110
13001,54;949
13002,54;12306
13003,54;74
13004,54;117
13005,54;100
13006,54;95
13007,54;970
13008,54;12265
13009,54;100
13010,54;109
13011,54;100
13012,54;92
13013,54;925
13014,54;12309
13015,54;87
13016,54;107
13017,54;108
13018,54;113
13019,54;592
13020,54;12356
13021,54;82
13022,54;100
13023,54;104
13024,54;95
13025,54;862
13026,54;12303
13027,54;102
13028,54;87
13029,54;91
13030,54;114
13031,114;902
13032,114;12337
13033,114;88
13034,114;86
13035,114;91
13036,114;109
13037,114;946
13038,114;12329
13039,114;95
13040,114;94
13041,114;117
13042,114;106
13043,114;952
13044,114;12294
13045,114;94
13046,114;100
13047,114;106
13048,114;110
13049,114;958
13050,114;12287
13051,114;85
13052,114;98
13053,114;101
13054,114;107
13055,114;941
13056,114;12293
13057,114;90
13058,114;97
13059,114;103
13060,114;106
13061,114;935
13062,114;12325
13063,114;89
13064,114;87
13065,114;98
13066,114;98
13067,114;925
13068,114;12354
13069,114;76
13070,114;112
13071,114;98
13072,114;89
13073,114;930
13074,114;12352
13075,114;78
13076,114;73
13077,114;102
13078,114;87
13079,114;940
13080,114;12329
13081,114;84
13082,114;113
13083,114;109
13084,114;108
13085,114;923
13086,114;12334
13087,114;81
13088,114;103
13089,114;110
13090,114;96
13091,114;914
13092,114;12338
13093,114;90
13094,114;78
13095,114;96
13096,114;98
13097,114;940
13098,114;12335
13099,114;93
13100,114;93
13101,114;94
13102,114;108
13103,114;933
13104,114;12345
13105,114;93
13106,114;83
13107,114;99
13108,114;103
13109,114;925
13110,114;12364
13111,114;91
13112,114;88
13113,114;102
13114,114;113
13115,114;940
13116,114;12315
13117,114;95
13118,114;77
13119,114;93
13120,114;91
13121,114;930
13122,114;12310
13123,114;77
13124,114;108
13125,114;102
13126,114;122
13127,114;900
13128,114;12320
13129,114;88
13130,114;101
13131,114;96
13132,934;104
13133,934;897
13134,934;12338
13135,934;82
13136,934;87
13137,934;106
13138,934;99
13139,934;904
13140,934;12333
13141,934;83
13142,934;96
13143,934;96
13144,934;78
13145,934;908
13146,934;12332
13147,934;69
13148,934;85
13149,934;96
13150,934;85
13151,934;905
13152,934;12303
13153,934;81
13154,934;78
13155,934;91
13156,934;101
13157,934;917
13158,934;12310
13159,934;89
13160,934;91
13161,934;111
13162,934;93
13163,934;908
13164,934;12333
13165,934;87
13166,934;103
13167,934;105
13168,934;90
13169,934;914
13170,934;12349
13171,934;92
13172,934;98
13173,934;86
13174,934;87
13175,934;913
13176,934;12351
13177,934;91
13178,934;94
13179,934;104
13180,934;111
13181,934;895
13182,934;12353
13183,934;79
13184,934;101
13185,934;105
13186,934;98
13187,934;913
13188,934;12331
13189,934;87
13190,934;89
13191,934;86
13192,934;87
13193,934;878
13194,934;12358
13195,934;84
13196,934;104
13197,934;75
13198,934;95
13199,934;911
13200,934;12333
13201,934;68
13202,934;96
13203,934;87
13204,934;106
13205,934;921
13206,934;12345
13207,934;94
13208,934;99
13209,934;106
13210,934;92
13211,934;887
13212,934;12354
13213,934;82
13214,934;75
13215,934;92
13216,934;118
13217,934;897
13218,934;12349
13219,934;92
13220,934;86
13221,934;88
13222,934;87
13223,934;896
13224,934;12319
13225,934;77
13226,934;87
13227,934;96
13228,934;94
13229,934;894
13230,934;12341
13231,934;103
13232,934;86
13232,934;101
13233,934;95
13234,934;1023
13235,934;12218
13236,934;82
13237,934;60
13238,934;107
13239,934;94
13240,934;928
13241,934;12338
13242,934;61
13243,934;92
13244,934;85
13245,934;87
13246,934;915
13247,934;12345
13248,934;75
13249,934;106
13250,934;85
13251,934;103
13252,934;888
13253,934;12380
13254,934;93
13255,934;77
13256,934;89
13257,934;87
13258,934;1006
13259,934;12238
13260,934;90
13261,934;96
13262,934;83
13263,934;80
13264,934;909
13265,934;12361
13266,934;86
13267,934;82
13268,934;97
13269,934;89
13270,934;865
13271,934;12366
13272,934;81
13273,934;92
13274,934;100
13275,934;79
13276,934;889
13277,934;12355
13278,934;96
13279,934;80
13280,934;106
13281,934;92
13282,934;856
13283,934;12381
13284,934;91
13285,934;74
13286,934;100
13287,934;81
13288,934;874
13289,934;12327
13290,934;77
13291,934;87
13292,934;80
13293,934;79
13294,934;893
13295,934;12369
13296,934;82
13297,934;73
13298,934;92
13299,934;80
13300,934;881
13301,934;12341
13302,934;77
13303,934;81
13304,934;78
13305,934;94
13306,934;860
13307,934;12375
13308,934;65
13309,934;95
13310,934;77
13311,934;70
13312,934;861
13313,934;12385
13314,934;68
13315,934;99
13316,934;95
13317,934;75
13318,934;863
13319,934;12371
13320,934;80
13321,934;87
13322,934;80
13323,934;64
13324,934;862
13325,934;12373
13326,934;72
13327,934;78
13328,934;93
13329,934;81
13330,934;467
13331,934;12422
13332,934;78
13334,249;78
13335,249;69
13336,249;83
13337,249;810
13338,249;12403
13339,249;86
13340,249;75
13341,249;81
13342,249;69
13343,249;822
13344,249;12388
13345,249;68
13346,249;70
13347,249;77
13348,249;106
13349,249;868
13350,249;12392
13351,249;88
13352,249;84
13353,249;81
13354,249;74
13355,249;884
13356,249;12356
13357,249;78
13358,249;77
13359,249;85
13360,249;85
13361,249;873
13362,249;12400
13363,249;77
13364,249;82
13365,249;89
13366,249;97
13367,249;869
13368,249;12352
13369,249;82
13370,249;88
13371,249;91
13372,249;96
13373,249;867
13374,249;12377
13375,249;81
13376,249;73
13377,249;77
13378,249;98
13379,249;887
13380,249;12383
13381,249;86
13382,249;81
13383,249;82
13384,249;92
13385,249;871
13386,249;12387
13387,249;77
13388,249;78
13389,249;85
13390,249;80
13391,249;853
13392,249;12396
13393,249;77
13394,249;91
13395,249;84
13396,249;103
13397,249;884
13398,249;12371
13399,249;73
13400,249;85
13401,249;86
13402,249;105
13403,249;833
13404,249;12403
13405,249;89
13406,249;86
13407,249;107
13408,249;89
13409,249;868
13410,249;12388
13411,249;110
13412,249;91
13413,249;100
13414,249;78
13415,249;856
13416,249;12392
13417,249;91
13418,249;75
13419,249;102
13420,249;81
13421,249;866
13422,249;12403
13423,249;74
13424,249;93
13425,249;91
13426,249;101
13427,249;839
13428,249;12418
13429,249;106
13430,249;82
13431,249;95
13432,249;91
13433,249;831
13434,249;12396
13435,914;90
13436,914;113
13437,914;97
13438,914;112
13439,914;861
13440,914;12380
13441,914;90
13442,914;92
13443,914;109
13444,914;85
13445,914;857
13446,914;12406
13447,914;95
13448,914;81
13449,914;91
13450,914;104
13451,914;828
13452,914;12376
13453,914;83
13454,914;89
13455,914;84
13456,914;92
13457,914;960
13458,914;12293
13459,914;91
13460,914;87
13461,914;95
13462,914;98
13463,914;869
13464,914;12413
13465,914;74
13466,914;78
13467,914;113
13468,914;89
13469,914;850
13470,914;12389
13471,914;87
13472,914;92
13473,914;104
13474,914;80
13475,914;854
13476,914;12403
13477,914;88
13478,914;93
13479,914;93
13480,914;97
13481,914;855
13482,914;12384
13483,914;89
13484,914;63
13485,914;91
13486,914;87
13487,914;834
13488,914;12396
13489,914;85
13490,914;70
13491,914;97
13492,914;76
13493,914;850
13494,914;12415
13495,914;86
13496,914;83
13497,914;97
13498,914;81
13499,914;844
13500,914;12399
13501,914;82
13502,914;87
13503,914;93
13504,914;93
13505,914;877
13506,914;12392
13507,914;87
13508,914;88
13509,914;92
13510,914;102
13511,914;825
13512,914;12386
13513,914;95
13514,914;94
13515,914;91
13516,914;110
13517,914;836
13518,914;12410
13519,914;89
13520,914;94
13521,914;101
13522,914;102
13523,914;838
13524,914;12396
13525,914;96
13526,914;104
13527,914;96
13528,914;107
13529,914;840
13530,914;12398
13531,914;89
13532,914;87
13533,914;98
13534,914;101
13535,914;864
13536,301;12428
13537,301;87
13538,301;87
13539,301;120
13540,301;105
13541,301;930
13542,301;12329
13543,301;89
13544,301;98
13545,301;95
13546,301;111
13547,301;867
13548,301;12375
13549,301;69
13550,301;95
13551,301;104
13552,301;97
13553,301;953
13554,301;12292
13555,301;106
13556,301;86
13557,301;98
13558,301;101
13559,301;843
13560,301;12388
13561,301;75
13562,301;80
13563,301;95
13564,301;93
13565,301;869
13566,301;12371
13567,301;85
13568,301;90
13569,301;77
13570,301;96
13571,301;831
13572,301;12398
13573,301;76
13574,301;123
13575,301;94
13576,301;107
13577,301;855
13578,301;12409
13579,301;95
13580,301;102
13581,301;91
13582,301;109
13583,301;845
13584,301;12399
13585,301;84
13586,301;109
13587,301;97
13588,301;84
13589,301;856
13590,301;12424
13591,301;104
13592,301;89
13593,301;75
13594,301;102
13595,301;866
13596,301;12412
13597,301;94
13598,301;101
13599,301;99
13600,301;78
13601,301;846
13602,301;12420
13603,301;95
13604,301;111
13605,301;103
13606,301;96
13607,301;831
13608,301;12418
13609,301;94
13610,301;115
13611,301;96
13612,301;95
13613,301;854
13614,301;12438
13615,301;88
13616,301;91
13617,301;103
13618,301;103
13619,301;852
13620,301;12412
13621,301;102
13622,301;118
13623,301;94
13624,301;128
13625,301;826
13626,301;12421
13627,301;72
13628,301;88
13629,301;90
13630,301;102
13631,301;812
13632,301;12435
13633,301;102
13634,301;94
13635,301;99
13636,301;107
13637,32;828
13638,32;12426
13639,32;86
13640,32;91
13641,32;95
13642,32;107
13643,32;443
13644,32;12458
13645,32;94
13646,32;104
13647,32;135
13648,32;79
13649,32;762
13650,32;12456
13651,32;74
13652,32;99
13653,32;116
13654,32;98
13655,32;825
13656,32;12443
13657,32;103
13658,32;88
13659,32;100
13660,32;100
13661,32;850
13662,32;12419
13663,32;84
13664,32;100
13665,32;99
13666,32;110
13667,32;831
13668,32;12396
13669,32;85
13670,32;92
13671,32;87
13672,32;115
13673,32;835
13674,32;12448
13675,32;94
13676,32;97
13677,32;88
13678,32;91
13679,32;877
13680,32;12415
13681,32;69
13682,32;103
13683,32;105
13684,32;94
13685,32;855
13686,32;12424
13687,32;85
13688,32;91
13689,32;93
13690,32;110
13691,32;816
13692,32;12457
13693,32;94
13694,32;95
13695,32;97
13696,32;104
13697,32;842
13698,32;12419
13699,32;99
13700,32;95
13701,32;93
13702,32;110
13703,32;858
13704,32;12397
13705,32;84
13706,32;94
13707,32;111
13708,32;86
13709,32;844
13710,32;12393
13711,32;93
13712,32;92
13713,32;98
13714,32;105
13715,32;835
13716,32;12424
13717,32;94
13718,32;82
13719,32;108
13720,32;116
13721,32;849
13722,32;12451
13723,32;84
13724,32;84
13725,32;101
13726,32;82
13727,32;792
13728,32;12406
13729,32;80
13730,32;96
13731,32;93
13732,32;85
13733,32;814
13734,32;12418
13735,32;100
13736,32;81
13737,32;95
13738,32;98
13739,32;822
13740,32;12439
13741,32;75
13742,32;94
13743,32;97
13744,32;113
13745,32;799
13746,32;12450
13747,32;75
13748,32;85
13749,32;95
13750,32;112
13751,32;785
13752,32;12459
13753,32;88
13754,32;84
13755,32;106
13756,32;91
13757,32;792
13758,32;12441
13759,32;98
13760,32;103
13761,32;94
13762,32;87
13763,32;784
13764,32;12430
13765,32;92
13766,32;79
13767,32;95
13768,32;94
13769,32;787
13770,32;12474
13771,32;92
13772,32;83
13773,32;96
13774,32;106
13775,32;826
13776,32;12435
13777,32;77
13778,32;81
13779,32;101
13780,32;85
13781,32;789
13782,32;12426
13783,32;77
13784,32;95
13785,32;112
13786,32;79
13787,32;774
13788,32;12417
13789,32;85
13790,32;89
13791,32;97
13792,32;91
13793,32;801
13794,32;12439
13795,32;91
13796,32;101
13797,32;86
13798,32;93
13799,32;794
13800,32;12444
13801,32;87
13802,32;112
13803,32;77
13804,32;100
13805,32;790
13806,32;12462
13807,32;83
13808,32;99
13809,32;104
13810,32;66
13811,32;768
13812,32;12406
13813,32;92
13814,32;90
13815,32;92
13816,32;85
13817,32;819
13818,32;12445
13819,32;95
13820,32;99
13821,32;96
13822,32;85
13823,32;782
13824,32;12443
13825,32;95
13826,32;88
13827,32;86
13828,32;84
13829,32;803
13830,32;12437
13831,32;96
13832,32;91
13833,32;88
13834,32;103
13835,32;809
13836,32;12453
13837,32;89
13838,32;79
13839,484;93
13840,484;108
13841,484;786
13842,484;12471
13843,484;86
13844,484;97
13845,484;92
13846,484;123
13847,484;767
13848,484;12476
13849,484;88
13850,484;91
13851,484;103
13852,484;82
13853,484;787
13854,484;12465
13855,484;87
13856,484;78
13857,484;89
13858,484;90
13859,484;780
13860,484;12460
13861,484;71
13862,484;83
13863,484;95
13864,484;90
13865,484;799
13866,484;12421
13867,484;91
13868,484;90
13869,484;88
13870,484;75
13871,484;774
13872,484;12454
13873,484;84
13874,484;83
13875,484;77
13876,484;92
13877,484;798
13878,484;12440
13879,484;87
13880,484;83
13881,484;77
13882,484;106
13883,484;793
13884,484;12482
13885,484;84
13886,484;80
13887,484;81
13888,484;94
13889,484;791
13890,484;12492
13891,484;103
13892,484;89
13893,484;106
13894,484;86
13895,484;806
13896,484;12468
13897,484;81
13898,484;92
13899,484;73
13900,484;90
13901,484;776
13902,484;12457
13903,484;84
13904,484;85
13905,484;92
13906,484;84
13907,484;793
13908,484;12443
13909,484;71
13910,484;85
13911,484;84
13912,484;84
13913,484;783
13914,484;12441
13915,484;80
13916,484;76
13917,484;80
13918,484;77
13919,484;782
13920,484;12508
13921,484;74
13922,484;88
13923,484;87
13924,484;93
13925,484;759
13926,484;12474
13927,484;82
13928,484;87
13929,484;84
13930,484;92
13931,484;749
13932,484;12480
13933,484;89
13934,484;81
13935,484;81
13936,484;81
13937,484;777
13938,484;12498
13939,484;87
13940,227;74
13941,227;81
13942,227;84
13943,227;744
13944,227;12514
13945,227;72
13946,227;72
13947,227;85
13948,227;105
13949,227;735
13950,227;12468
13951,227;60
13952,227;93
13953,227;87
13954,227;88
13955,227;369
13956,227;12535
13957,227;70
13958,227;71
13959,227;93
13960,227;68
13961,227;702
13962,227;12439
13963,227;78
13964,227;76
13965,227;82
13966,227;73
13967,227;758
13968,227;12493
13969,227;76
13970,227;87
13971,227;81
13972,227;86
13973,227;763
13974,227;12481
13975,227;73
13976,227;79
13977,227;104
13978,227;91
13979,227;775
13980,227;12496
13981,227;80
13982,227;102
13983,227;90
13984,227;86
13985,227;772
13986,227;12474
13987,227;94
13988,227;99
13989,227;83
13990,227;88
13991,227;763
13992,227;12450
13993,227;67
13994,227;78
13995,227;90
13996,227;105
13997,227;775
13998,227;12476
13999,227;69
14000,227;76
14001,227;98
14002,227;92
14003,227;789
14004,227;12441
14005,227;87
14006,227;92
14007,227;80
14008,227;115
14009,227;780
14010,227;12501
14011,227;82
14012,227;77
14013,227;93
14014,227;82
14015,227;785
14016,227;12498
14017,227;78
14018,227;90
14019,227;89
14020,227;91
14021,227;784
14022,227;12480
14023,227;73
14024,227;80
14025,227;86
14026,227;94
14027,227;767
14028,227;12467
14029,227;72
14030,227;87
14031,227;88
14032,227;80
14033,227;789
14034,227;12471
14035,227;75
14036,227;93
14037,227;88
14038,227;88
14039,227;794
14040,227;12508
14041,19;79
14042,19;60
14043,19;109
14044,19;98
14045,19;760
14046,19;12498
14047,19;97
14048,19;101
14049,19;95
14050,19;79
14051,19;735
14052,19;12488
14053,19;84
14054,19;80
14055,19;97
14056,19;100
14057,19;764
14058,19;12506
14059,19;79
14060,19;94
14061,19;84
14062,19;95
14063,19;740
14064,19;12472
14065,19;82
14066,19;82
14067,19;86
14068,19;90
14069,19;750
14070,19;12511
14071,19;77
14072,19;79
14073,19;90
14074,19;91
14075,19;765
14076,19;12529
14077,19;70
14078,19;104
14079,19;65
14080,19;96
14081,19;732
14082,19;12506
14083,19;93
14084,19;79
14085,19;88
14086,19;109
14087,19;747
14088,19;12501
14089,19;99
14090,19;82
14091,19;92
14092,19;100
14093,19;757
14094,19;12508
14095,19;69
14096,19;87
14097,19;83
14098,19;101
14099,19;761
14100,19;12473
14101,19;93
14102,19;90
14103,19;88
14104,19;104
14105,19;766
14106,19;12496
14107,19;99
14108,19;101
14109,19;94
14110,19;119
14111,19;725
14112,19;12490
14113,19;64
14114,19;81
14115,19;76
14116,19;96
14117,19;741
14118,19;12495
14119,19;78
14120,19;102
14121,19;78
14122,19;106
14123,19;740
14124,19;12532
14125,19;99
14126,19;99
14127,19;82
14128,19;99
14129,19;730
14130,19;12513
14131,19;85
14132,19;82
14133,19;94
14134,19;79
14135,19;741
14136,19;12468
14137,19;87
14138,19;95
14139,19;80
14140,19;86
14141,19;748
14142,447;12503
14143,447;81
14144,447;96
14145,447;84
14146,447;94
14147,447;730
14148,447;12489
14149,447;99
14150,447;91
14151,447;105
14152,447;113
14153,447;739
14154,447;12514
14155,447;91
14156,447;85
14157,447;91
14158,447;97
14159,447;732
14160,447;12492
14161,447;86
14162,447;104
14163,447;91
14164,447;88
14165,447;729
14166,447;12541
14167,447;80
14168,447;94
14169,447;88
14170,447;111
14171,447;720
14172,447;12535
14173,447;91
14174,447;91
14175,447;73
14176,447;100
14177,447;732
14178,447;12518
14179,447;62
14180,447;88
14181,447;107
14182,447;87
14183,447;749
14184,447;12515
14185,447;79
14186,447;77
14187,447;84
14188,447;103
14189,447;744
14190,447;12493
14191,447;108
14192,447;97
14193,447;117
14194,447;108
14195,447;782
14196,447;12466
14197,447;105
14198,447;93
14199,447;92
14200,447;85
14201,447;733
14202,447;12538
14203,447;85
14204,447;96
14205,447;99
14206,447;89
14207,447;743
14208,447;12478
14209,447;82
14210,447;98
14211,447;108
14212,447;83
14213,447;744
14214,447;12537
14215,447;90
14216,447;94
14217,447;98
14218,447;95
14219,447;756
14220,447;12489
14221,447;81
14222,447;94
14223,447;83
14224,447;89
14225,447;712
14226,447;12519
14227,447;84
14228,447;89
14229,447;90
14230,447;96
14231,447;748
14232,447;12515
14233,447;89
14234,447;88
14235,447;96
14236,447;89
14237,447;750
14238,447;12538
14239,447;99
14240,447;88
14241,447;87
14242,447;92
14243,447;728
14244,447;12531
14245,447;91
14246,447;75
14247,447;96
14248,447;103
14249,447;749
14250,447;12481
14251,447;107
14252,447;89
14253,447;104
14254,447;87
14255,447;738
14256,447;12516
14257,447;102
14258,447;93
14259,447;92
14260,447;108
14261,447;762
14262,447;12515
14263,447;83
14264,447;96
14265,447;105
14266,447;96
14267,447;368
14268,447;12567
14269,447;86
14270,447;96
14271,447;104
14272,447;99
14273,447;694
14274,447;12560
14275,447;103
14276,447;83
14277,447;85
14278,447;97
14279,447;755
14280,447;12506
14281,447;99
14282,447;91
14283,447;109
14284,447;97
14285,447;741
14286,447;12550
14287,447;86
14288,447;87
14289,447;118
14290,447;100
14291,447;724
14292,447;12509
14293,447;101
14294,447;98
14295,447;92
14296,447;84
14297,447;779
14298,447;12484
14299,447;106
14300,447;88
14301,447;97
14302,447;111
14303,447;743
14304,447;12540
14305,447;107
14306,447;86
14307,447;98
14308,447;92
14309,447;747
14310,447;12539
14311,447;102
14312,447;96
14313,447;93
14314,447;94
14315,447;775
14316,447;12520
14317,447;86
14318,447;92
14319,447;86
14320,447;95
14321,447;774
14322,447;12522
14323,447;97
14324,447;102
14325,447;90
14326,447;86
14327,447;762
14328,447;12564
14329,447;106
14330,447;90
14331,447;86
14332,447;104
14333,447;763
14334,447;12504
14335,447;94
14336,447;105
14337,447;92
14338,447;99
14339,447;735
14340,447;12586
14341,447;100
14342,447;104
14343,447;104
14344,302;99
14345,302;734
14346,302;12568
14347,302;85
14348,302;99
14349,302;88
14350,302;94
14351,302;739
14352,302;12524
14353,302;87
14354,302;76
14355,302;87
14356,302;75
14357,302;735
14358,302;12544
14359,302;90
14360,302;85
14361,302;100
14362,302;101
14363,302;715
14364,302;12520
14365,302;87
14366,302;92
14367,302;105
14368,302;85
14369,302;737
14370,302;12551
14371,302;83
14372,302;93
14373,302;106
14374,302;77
14375,302;750
14376,302;12533
14377,302;85
14378,302;105
14379,302;99
14380,302;93
14381,302;724
14382,302;12582
14383,302;76
14384,302;90
14385,302;96
14386,302;79
14387,302;723
14388,302;12531
14389,302;81
14390,302;81
14391,302;100
14392,302;106
14393,302;723
14394,302;12568
14395,302;79
14396,302;106
14397,302;95
14398,302;96
14399,302;721
14400,302;12556
14401,302;75
14402,302;85
14403,302;101
14404,302;103
14405,302;725
14406,302;12504
14407,302;80
14408,302;86
14409,302;79
14410,302;113
14411,302;707
14412,302;12543
14413,302;90
14414,302;100
14415,302;99
14416,302;96
14417,302;724
14418,302;12527
14419,302;82
14420,302;81
14421,302;112
14422,302;95
14423,302;687
14424,302;12579
14425,302;84
14426,302;103
14427,302;103
14428,302;93
14429,302;718
14430,302;12523
14431,302;98
14432,302;86
14433,302;101
14434,302;96
14435,302;737
14436,302;12577
14437,302;80
14438,302;91
14439,302;93
14440,302;109
14441,302;725
14442,302;12497
14443,302;78
14444,302;97
14445,899;97
14446,899;107
14447,899;711
14448,899;12532
14449,899;91
14450,899;81
14451,899;93
14452,899;112
14453,899;725
14454,899;12536
14455,899;76
14456,899;82
14457,899;95
14458,899;86
14459,899;713
14460,899;12558
14461,899;77
14462,899;89
14463,899;81
14464,899;105
14465,899;705
14466,899;12498
14467,899;85
14468,899;112
14469,899;90
14470,899;99
14471,899;700
14472,899;12587
14473,899;82
14474,899;91
14475,899;87
14476,899;88
14477,899;707
14478,899;12562
14479,899;69
14480,899;118
14481,899;79
14482,899;73
14483,899;707
14484,899;12561
14485,899;74
14486,899;100
14487,899;94
14488,899;97
14489,899;719
14490,899;12582
14491,899;91
14492,899;96
14493,899;74
14494,899;102
14495,899;693
14496,899;12570
14497,899;86
14498,899;95
14499,899;90
14500,899;81
14501,899;697
14502,899;12526
14503,899;83
14504,899;74
14505,899;96
14506,899;96
14507,899;691
14508,899;12554
14509,899;95
14510,899;101
14511,899;106
14512,899;109
14513,899;668
14514,899;12579
14515,899;80
14516,899;91
14517,899;102
14518,899;98
14519,899;719
14520,899;12549
14521,899;82
14522,899;85
14523,899;84
14524,899;75
14525,899;678
14526,899;12550
14527,899;63
14528,899;74
14529,899;99
14530,899;97
14531,899;704
14532,899;12592
14533,899;77
14534,899;98
14535,899;86
14536,899;88
14537,899;687
14538,899;12574
14539,899;88
14540,899;79
14541,899;84
14542,899;94
14543,899;672
14544,899;12527
14545,899;70
14547,506;77
14548,506;86
14549,506;90
14550,506;668
14551,506;12546
14552,506;74
14553,506;89
14554,506;71
14555,506;100
14556,506;703
14557,506;12579
14558,506;82
14559,506;74
14560,506;90
14561,506;86
14562,506;689
14563,506;12564
14564,506;89
14565,506;84
14566,506;91
14567,506;105
14568,506;666
14569,506;12548
14570,506;72
14571,506;76
14572,506;77
14573,506;77
14574,506;652
14575,506;12559
14576,506;83
14577,506;64
14578,506;86
14579,506;74
14580,506;272
14581,506;12647
14582,506;50
14583,506;86
14584,506;91
14585,506;69
14586,506;618
14587,506;12599
14588,506;71
14589,506;87
14590,506;94
14591,506;77
14592,506;648
14593,506;12581
14594,506;75
14595,506;76
14596,506;80
14597,506;71
14598,506;671
14599,506;12566
14600,506;78
14601,506;86
14602,506;81
14603,506;93
14604,506;660
14605,506;12545
14606,506;67
14607,506;88
14608,506;81
14609,506;86
14610,506;682
14611,506;12583
14612,506;81
14613,506;98
14614,506;77
14615,506;86
14616,506;686
14617,506;12575
14618,506;60
14619,506;84
14620,506;90
14621,506;92
14622,506;691
14623,506;12559
14624,506;68
14625,506;85
14626,506;110
14627,506;105
14628,506;658
14629,506;12588
14630,506;80
14631,506;84
14632,506;102
14633,506;81
14634,506;691
14635,506;12558
14636,506;77
14637,506;85
14638,506;100
14639,506;78
14640,506;680
14641,506;12613
14642,506;86
14643,506;100
14644,506;89
14645,506;78
14646,506;671
14647,506;12581
14646,762;93
14647,762;85
14648,762;85
14649,762;101
14650,762;637
14651,762;12572
14652,762;104
14653,762;99
14654,762;87
14655,762;94
14656,762;687
14657,762;12569
14658,762;85
14659,762;93
14660,762;81
14661,762;87
14662,762;659
14663,762;12612
14664,762;91
14665,762;75
14666,762;80
14667,762;91
14668,762;666
14669,762;12582
14670,762;77
14671,762;96
14672,762;74
14673,762;88
14674,762;677
14675,762;12615
14676,762;96
14677,762;92
14678,762;112
14679,762;98
14680,762;681
14681,762;12597
14682,762;87
14683,762;95
14684,762;86
14685,762;91
14686,762;663
14687,762;12601
14688,762;91
14689,762;118
14690,762;85
14691,762;96
14692,762;661
14693,762;12613
14694,762;75
14695,762;96
14696,762;96
14697,762;107
14698,762;680
14699,762;12594
14700,762;89
14701,762;73
14702,762;96
14703,762;95
14704,762;658
14705,762;12611
14706,762;90
14707,762;89
14708,762;88
14709,762;101
14710,762;654
14711,762;12567
14712,762;82
14713,762;73
14714,762;98
14715,762;103
14716,762;664
14717,762;12581
14718,762;89
14719,762;98
14720,762;84
14721,762;99
14722,762;645
14723,762;12585
14724,762;89
14725,762;115
14726,762;88
14727,762;90
14728,762;646
14729,762;12600
14730,762;86
14731,762;88
14732,762;108
14733,762;76
14734,762;685
14735,762;12598
14736,762;87
14737,762;80
14738,762;97
14739,762;99
14740,762;694
14741,762;12589
14742,762;73
14743,762;82
14744,762;87
14745,762;84
14746,762;640
14752,184;12597
14753,184;96
14754,184;94
14755,184;81
14756,184;93
14757,184;669
14758,184;12615
14759,184;86
14760,184;93
14761,184;93
14762,184;104
14763,184;679
14764,184;12577
14765,184;84
14766,184;100
14767,184;103
14768,184;100
14769,184;647
14770,184;12601
14771,184;86
14772,184;76
14773,184;107
14774,184;100
14775,184;645
14776,184;12613
14777,184;101
14778,184;101
14779,184;102
14780,184;91
14781,184;655
14782,184;12624
14783,184;64
14784,184;113
14785,184;93
14786,184;107
14787,184;657
14788,184;12625
14789,184;92
14790,184;106
14791,184;113
14792,184;87
14793,184;651
14794,184;12624
14795,184;88
14796,184;92
14797,184;120
14798,184;108
14799,184;671
14800,184;12594
14801,184;98
14802,184;94
14803,184;81
14804,184;106
14805,184;690
14806,184;12611
14807,184;76
14808,184;79
14809,184;89
14810,184;88
14811,184;671
14812,184;12586
14813,184;106
14814,184;91
14815,184;93
14816,184;111
14817,184;665
14818,184;12624
14819,184;99
14820,184;90
14821,184;91
14822,184;82
14823,184;691
14824,184;12614
14825,184;99
14826,184;102
14827,184;93
14828,184;97
14829,184;690
14830,184;12610
14831,184;85
14832,184;90
14833,184;102
14834,184;110
14835,184;645
14836,184;12632
14837,184;84
14838,184;99
14839,184;103
14840,184;117
14841,184;666
14842,184;12623
14843,184;98
14844,184;97
14845,184;109
14846,184;87
14847,184;657
14848,184;12639
14849,184;88
14850,184;100
14851,184;112
14852,184;107
14849,184;646
14850,184;12638
14851,184;76
14852,184;98
14853,184;110
14854,184;101
14855,184;659
14856,184;12612
14857,184;84
14858,184;79
14859,184;108
14860,184;90
14861,184;688
14862,184;12623
14863,184;95
14864,184;93
14865,184;94
14866,184;113
14867,184;646
14868,184;12630
14869,184;87
14870,184;92
14871,184;100
14872,184;89
14873,184;654
14874,184;12607
14875,184;105
14876,184;85
14877,184;113
14878,184;122
14879,184;662
14880,184;12627
14881,184;99
14882,184;94
14883,184;97
14884,184;91
14885,184;638
14886,184;12628
14887,184;83
14888,184;85
14889,184;86
14890,184;133
14891,184;240
14892,184;12704
14893,184;91
14894,184;97
14895,184;92
14896,184;101
14897,184;569
14898,184;12632
14899,184;110
14900,184;83
14901,184;99
14902,184;106
14903,184;635
14904,184;12656
14905,184;90
14906,184;75
14907,184;102
14908,184;110
14909,184;663
14910,184;12600
14911,184;72
14912,184;119
14913,184;86
14914,184;116
14915,184;656
14916,184;12663
14917,184;85
14918,184;93
14919,184;103
14920,184;96
14921,184;659
14922,184;12622
14923,184;88
14924,184;92
14925,184;104
14926,184;94
14927,184;677
14928,184;12624
14929,184;101
14930,184;102
14931,184;92
14932,184;102
14933,184;643
14934,184;12636
14935,184;86
14936,184;90
14937,184;96
14938,184;99
14939,184;668
14940,184;12647
14941,184;94
14942,184;94
14943,184;82
14944,184;109
14945,184;661
14946,184;12634
14947,184;93
14948,184;107
14949,184;96
14950,632;92
14951,632;639
14952,632;12660
14953,632;87
14954,632;105
14955,632;90
14956,632;85
14957,632;653
14958,632;12620
14959,632;87
14960,632;89
14961,632;114
14962,632;96
14963,632;632
14964,632;12624
14965,632;91
14966,632;97
14967,632;79
14968,632;92
14969,632;635
14970,632;12645
14971,632;88
14972,632;76
14973,632;103
14974,632;96
14975,632;647
14976,632;12634
14977,632;92
14978,632;85
14979,632;100
14980,632;95
14981,632;650
14982,632;12608
14983,632;83
14984,632;73
14985,632;106
14986,632;95
14987,632;649
14988,632;12665
14989,632;92
14990,632;97
14991,632;96
14992,632;101
14993,632;612
14994,632;12647
14995,632;102
14996,632;107
14997,632;84
14998,632;97
14999,632;649
15000,632;12622
15001,632;90
15002,632;81
15003,632;97
15004,632;90
15005,632;633
15006,632;12662
15007,632;95
15008,632;87
15009,632;84
15010,632;107
15011,632;610
15012,632;12636
15013,632;92
15014,632;97
15015,632;97
15016,632;113
15017,632;643
15018,632;12640
15019,632;76
15020,632;105
15021,632;100
15022,632;74
15023,632;612
15024,632;12628
15025,632;96
15026,632;81
15027,632;79
15028,632;92
15029,632;626
15030,632;12664
15031,632;78
15032,632;86
15033,632;90
15034,632;115
15035,632;644
15036,632;12640
15037,632;80
15038,632;86
15039,632;76
15040,632;85
15041,632;614
15042,632;12649
15043,632;88
15044,632;74
15045,632;110
15046,632;98
15047,632;602
15048,632;12662
15049,632;72
15050,632;83
15051,804;103
15052,804;90
15053,804;616
15054,804;12692
15055,804;86
15056,804;95
15057,804;102
15058,804;94
15059,804;623
15060,804;12659
15061,804;90
15062,804;93
15063,804;90
15064,804;99
15065,804;595
15066,804;12635
15067,804;85
15068,804;100
15069,804;86
15070,804;95
15071,804;595
15072,804;12657
15073,804;87
15074,804;97
15075,804;85
15076,804;93
15077,804;625
15078,804;12674
15079,804;75
15080,804;91
15081,804;113
15082,804;107
15083,804;598
15084,804;12644
15085,804;98
15086,804;80
15087,804;81
15088,804;83
15089,804;614
15090,804;12644
15091,804;82
15092,804;89
15093,804;101
15094,804;87
15095,804;642
15096,804;12630
15097,804;78
15098,804;71
15099,804;87
15100,804;97
15101,804;604
15102,804;12690
15103,804;80
15104,804;92
15105,804;84
15106,804;103
15107,804;577
15108,804;12664
15109,804;86
15110,804;105
15111,804;97
15112,804;108
15113,804;602
15114,804;12674
15115,804;87
15116,804;100
15117,804;75
15118,804;95
15119,804;603
15120,804;12670
15121,804;80
15122,804;88
15123,804;91
15124,804;89
15125,804;612
15126,804;12690
15127,804;67
15128,804;111
15129,804;103
15130,804;85
15131,804;718
15132,804;12559
15133,804;91
15134,804;80
15135,804;105
15136,804;95
15137,804;591
15138,804;12661
15139,804;75
15140,804;83
15141,804;84
15142,804;97
15143,804;584
15144,804;12673
15145,804;71
15146,804;94
15147,804;95
15148,804;78
15149,804;571
15150,804;12656
15151,804;83
15152,385;86
15153,385;77
15154,385;80
15155,385;588
15156,385;12666
15157,385;66
15158,385;88
15159,385;94
15160,385;75
15161,385;618
15162,385;12687
15163,385;82
15164,385;84
15165,385;95
15166,385;106
15167,385;580
15168,385;12689
15169,385;79
15170,385;80
15171,385;91
15172,385;96
15173,385;570
15174,385;12682
15175,385;74
15176,385;84
15177,385;82
15178,385;88
15179,385;581
15180,385;12703
15181,385;85
15182,385;70
15183,385;71
15184,385;79
15185,385;570
15186,385;12680
15187,385;82
15188,385;81
15189,385;88
15190,385;86
15191,385;555
15192,385;12661
15193,385;69
15194,385;78
15195,385;101
15196,385;90
15197,385;564
15198,385;12674
15199,385;62
15200,385;79
15201,385;79
15202,385;95
15203,385;173
15204,385;12741
15205,385;72
15206,385;77
15207,385;80
15208,385;77
15209,385;504
15210,385;12682
15211,385;72
15212,385;85
15213,385;86
15214,385;99
15215,385;568
15216,385;12681
15217,385;87
15218,385;83
15219,385;87
15220,385;97
15221,385;586
15222,385;12672
15223,385;86
15224,385;77
15225,385;91
15226,385;79
15227,385;567
15228,385;12663
15229,385;77
15230,385;83
15231,385;72
15232,385;86
15233,385;556
15234,385;12697
15235,385;80
15236,385;91
15237,385;70
15238,385;73
15239,385;587
15240,385;12665
15241,385;87
15242,385;88
15243,385;94
15244,385;110
15245,385;561
15246,385;12705
15247,385;56
15248,385;102
15249,385;90
15250,385;84
15251,385;528
15252,385;12713
15255,066;69
15256,066;82
15257,066;93
15258,066;87
15259,066;584
15260,066;12710
15261,066;89
15262,066;91
15263,066;91
15264,066;112
15265,066;552
15266,066;12691
15267,066;94
15268,066;80
15269,066;92
15270,066;93
15271,066;566
15272,066;12669
15273,066;91
15274,066;93
15275,066;99
15276,066;107
15277,066;577
15278,066;12702
15279,066;83
15280,066;88
15281,066;73
15282,066;101
15283,066;568
15284,066;12694
15285,066;74
15286,066;87
15287,066;83
15288,066;107
15289,066;568
15290,066;12703
15291,066;85
15292,066;92
15293,066;93
15294,066;81
15295,066;588
15296,066;12698
15297,066;79
15298,066;84
15299,066;84
15300,066;94
15301,066;577
15302,066;12695
15303,066;92
15304,066;100
15305,066;103
15306,066;95
15307,066;578
15308,066;12700
15309,066;79
15310,066;87
15311,066;85
15312,066;99
15313,066;533
15314,066;12696
15315,066;79
15316,066;89
15317,066;87
15318,066;101
15319,066;580
15320,066;12680
15321,066;93
15322,066;88
15323,066;92
15324,066;112
15325,066;547
15326,066;12730
15327,066;89
15328,066;111
15329,066;85
15330,066;107
15331,066;559
15332,066;12721
15333,066;91
15334,066;88
15335,066;98
15336,066;92
15337,066;591
15338,066;12732
15339,066;78
15340,066;97
15341,066;85
15342,066;88
15343,066;581
15344,066;12703
15345,066;84
15346,066;88
15347,066;99
15348,066;95
15349,066;576
15350,066;12674
15351,066;83
15352,066;91
15353,066;102
15354,066;85
15355,066;571
15355,066;12689
15356,066;89
15357,066;94
15358,066;88
15359,066;86
15360,066;564
15361,066;12673
15362,066;82
15363,066;79
15364,066;89
15365,066;100
15366,066;554
15367,066;12712
15368,066;106
15369,066;91
15370,066;105
15371,066;92
15372,066;549
15373,066;12697
15374,066;92
15375,066;98
15376,066;101
15377,066;96
15378,066;578
15379,066;12737
15380,066;70
15381,066;70
15382,066;100
15383,066;103
15384,066;555
15385,066;12713
15386,066;84
15387,066;90
15388,066;97
15389,066;95
15390,066;553
15391,066;12714
15392,066;98
15393,066;96
15394,066;94
15395,066;94
15396,066;574
15397,066;12742
15398,066;83
15399,066;87
15400,066;79
15401,066;97
15402,066;562
15403,066;12696
15404,066;92
15405,066;77
15406,066;106
15407,066;94
15408,066;554
15409,066;12679
15410,066;97
15411,066;82
15412,066;103
15413,066;112
15414,066;553
15415,066;12720
15416,066;76
15417,066;99
15418,066;117
15419,066;94
15420,066;555
15421,066;12743
15422,066;105
15423,066;90
15424,066;96
15425,066;86
15426,066;581
15427,066;12707
15428,066;110
15429,066;87
15430,066;119
15431,066;86
15432,066;535
15433,066;12734
15434,066;101
15435,066;81
15436,066;94
15437,066;87
15438,066;556
15439,066;12738
15440,066;89
15441,066;98
15442,066;80
15443,066;95
15444,066;541
15445,066;12685
15446,066;90
15447,066;80
15448,066;98
15449,066;95
15450,066;552
15451,066;12706
15452,066;110
15453,066;89
15454,066;95
15455,066;102
15455,206;560
15456,206;12734
15457,206;85
15458,206;96
15459,206;104
15460,206;125
15461,206;586
15462,206;12737
15463,206;91
15464,206;113
15465,206;98
15466,206;85
15467,206;576
15468,206;12703
15469,206;99
15470,206;85
15471,206;90
15472,206;122
15473,206;581
15474,206;12734
15475,206;86
15476,206;89
15477,206;100
15478,206;104
15479,206;580
15480,206;12709
15481,206;83
15482,206;102
15483,206;89
15484,206;86
15485,206;529
15486,206;12760
15487,206;88
15488,206;91
15489,206;90
15490,206;111
15491,206;531
15492,206;12747
15493,206;80
15494,206;97
15495,206;108
15496,206;98
15497,206;586
15498,206;12738
15499,206;93
15500,206;89
15501,206;92
15502,206;97
15503,206;554
15504,206;12746
15505,206;82
15506,206;93
15507,206;123
15508,206;103
15509,206;533
15510,206;12724
15511,206;95
15512,206;92
15513,206;112
15514,206;91
15515,206;173
15516,206;12802
15517,206;69
15518,206;104
15519,206;109
15520,206;91
15521,206;457
15522,206;12771
15523,206;88
15524,206;91
15525,206;91
15526,206;97
15527,206;529
15528,206;12765
15529,206;94
15530,206;89
15531,206;87
15532,206;125
15533,206;544
15534,206;12703
15535,206;99
15536,206;100
15537,206;88
15538,206;113
15539,206;579
15540,206;12746
15541,206;75
15542,206;89
15543,206;102
15544,206;101
15545,206;539
15546,206;12727
15547,206;96
15548,206;92
15549,206;91
15550,206;87
15551,206;552
15552,206;12732
15553,206;109
15554,206;94
15555,206;82
15556,486;94
15557,486;554
15558,486;12744
15559,486;80
15560,486;95
15561,486;106
15562,486;115
15563,486;554
15564,486;12741
15565,486;102
15566,486;65
15567,486;99
15568,486;124
15569,486;610
15570,486;12700
15571,486;84
15572,486;85
15573,486;97
15574,486;110
15575,486;565
15576,486;12715
15577,486;94
15578,486;93
15579,486;99
15580,486;93
15581,486;560
15582,486;12724
15583,486;80
15584,486;93
15585,486;76
15586,486;93
15587,486;546
15588,486;12795
15589,486;104
15590,486;73
15591,486;88
15592,486;92
15593,486;526
15594,486;12737
15595,486;77
15596,486;93
15597,486;92
15598,486;90
15599,486;545
15600,486;12768
15601,486;84
15602,486;90
15603,486;101
15604,486;107
15605,486;545
15606,486;12750
15607,486;86
15608,486;86
15609,486;95
15610,486;110
15611,486;509
15612,486;12759
15613,486;95
15614,486;98
15615,486;107
15616,486;121
15617,486;542
15618,486;12734
15619,486;96
15620,486;87
15621,486;99
15622,486;89
15623,486;534
15624,486;12760
15625,486;91
15626,486;92
15627,486;110
15628,486;96
15629,486;517
15630,486;12754
15631,486;72
15632,486;100
15633,486;98
15634,486;103
15635,486;553
15636,486;12749
15637,486;90
15638,486;107
15639,486;108
15640,486;106
15641,486;509
15642,486;12740
15643,486;101
15644,486;97
15645,486;99
15646,486;103
15647,486;507
15648,486;12745
15649,486;80
15650,486;105
15651,486;87
15652,486;104
15653,486;503
15654,486;12783
15655,486;80
15656,486;93
15657,728;99
15658,728;95
15659,728;519
15660,728;12751
15661,728;97
15662,728;83
15663,728;104
15664,728;92
15665,728;511
15666,728;12714
15667,728;84
15668,728;85
15669,728;81
15670,728;90
15671,728;495
15672,728;12761
15673,728;95
15674,728;83
15675,728;96
15676,728;95
15677,728;514
15678,728;12720
15679,728;106
15680,728;110
15681,728;82
15682,728;92
15683,728;483
15684,728;12752
15685,728;79
15686,728;72
15687,728;100
15688,728;82
15689,728;524
15690,728;12745
15691,728;83
15692,728;101
15693,728;81
15694,728;96
15695,728;522
15696,728;12775
15697,728;88
15698,728;87
15699,728;101
15700,728;98
15701,728;503
15702,728;12776
15703,728;85
15704,728;80
15705,728;106
15706,728;108
15707,728;522
15708,728;12742
15709,728;82
15710,728;83
15711,728;89
15712,728;86
15713,728;495
15714,728;12787
15715,728;87
15716,728;95
15717,728;86
15718,728;89
15719,728;492
15720,728;12775
15721,728;75
15722,728;103
15723,728;83
15724,728;99
15725,728;501
15726,728;12770
15727,728;85
15728,728;82
15729,728;84
15730,728;99
15731,728;472
15732,728;12739
15733,728;61
15734,728;78
15735,728;89
15736,728;93
15737,728;503
15738,728;12777
15739,728;91
15740,728;86
15741,728;89
15742,728;105
15743,728;491
15744,728;12732
15745,728;91
15746,728;77
15747,728;86
15748,728;100
15749,728;470
15750,728;12799
15751,728;87
15752,728;67
15753,728;92
15754,728;82
15755,728;496
15756,728;12785
15757,728;94
15758,928;77
15759,928;95
15760,928;72
15761,928;491
15762,928;12762
15763,928;95
15764,928;72
15765,928;88
15766,928;97
15767,928;483
15768,928;12786
15769,928;88
15770,928;72
15771,928;97
15772,928;90
15773,928;492
15774,928;12775
15775,928;100
15776,928;89
15777,928;84
15778,928;96
15779,928;495
15780,928;12781
15781,928;91
15782,928;111
15783,928;84
15784,928;79
15785,928;484
15786,928;12796
15787,928;73
15788,928;72
15789,928;91
15790,928;86
15791,928;461
15792,928;12806
15793,928;84
15794,928;91
15795,928;80
15796,928;105
15797,928;470
15798,928;12745
15799,928;73
15800,928;65
15801,928;80
15802,928;78
15803,928;467
15804,928;12775
15805,928;83
15806,928;77
15807,928;75
15808,928;87
15809,928;468
15810,928;12775
15811,928;73
15812,928;82
15813,928;86
15814,928;75
15815,928;468
15816,928;12808
15817,928;52
15818,928;76
15819,928;79
15820,928;68
15821,928;465
15822,928;12782
15823,928;73
15824,928;92
15825,928;64
15826,928;71
15827,928;89
15828,928;12839
15829,928;75
15830,928;92
15831,928;82
15832,928;82
15833,928;380
15834,928;12771
15835,928;78
15836,928;86
15837,928;88
15838,928;79
15839,928;482
15840,928;12802
15841,928;69
15842,928;65
15843,928;89
15844,928;88
15845,928;450
15846,928;12783
15847,928;88
15848,928;86
15849,928;85
15850,928;81
15851,928;434
15852,928;12828
15853,928;83
15854,928;89
15855,928;89
15856,928;88
15857,928;470
15858,928;12791
15858,928;68
15859,928;69
15860,928;75
15861,928;77
15862,928;433
15863,928;12767
15864,928;97
15865,928;91
15866,928;90
15867,928;85
15868,928;470
15869,928;12784
15870,928;84
15871,928;84
15872,928;81
15873,928;74
15874,928;488
15875,928;12803
15876,928;79
15877,928;64
15878,928;89
15879,928;98
15880,928;476
15881,928;12764
15882,928;84
15883,928;78
15884,928;81
15885,928;100
15886,928;469
15887,928;12771
15888,928;94
15889,928;83
15890,928;90
15891,928;92
15892,928;454
15893,928;12794
15894,928;59
15895,928;99
15896,928;86
15897,928;92
15898,928;468
15899,928;12807
15900,928;86
15901,928;83
15902,928;86
15903,928;79
15904,928;483
15905,928;12805
15906,928;89
15907,928;76
15908,928;98
15909,928;98
15910,928;454
15911,928;12796
15912,928;85
15913,928;80
15914,928;87
15915,928;102
15916,928;481
15917,928;12798
15918,928;78
15919,928;95
15920,928;92
15921,928;101
15922,928;457
15923,928;12796
15924,928;87
15925,928;79
15926,928;120
15927,928;111
15928,928;475
15929,928;12788
15930,928;83
15931,928;80
15932,928;76
15933,928;86
15934,928;470
15935,928;12794
15936,928;95
15937,928;73
15938,928;97
15939,928;98
15940,928;469
15941,928;12815
15942,928;93
15943,928;91
15944,928;84
15945,928;94
15946,928;469
15947,928;12823
15948,928;102
15949,928;93
15950,928;89
15951,928;92
15952,928;458
15953,928;12827
15954,928;87
15955,928;81
15956,928;79
15957,928;93
15958,928;468
15960,284;12803
15961,284;87
15962,284;105
15963,284;103
15964,284;88
15965,284;483
15966,284;12803
15967,284;86
15968,284;86
15969,284;105
15970,284;87
15971,284;446
15972,284;12831
15973,284;71
15974,284;90
15975,284;82
15976,284;99
15977,284;470
15978,284;12799
15979,284;75
15980,284;98
15981,284;100
15982,284;118
15983,284;466
15984,284;12856
15985,284;94
15986,284;87
15987,284;101
15988,284;111
15989,284;528
15990,284;12722
15991,284;81
15992,284;79
15993,284;89
15994,284;99
15995,284;471
15996,284;12839
15997,284;105
15998,284;99
15999,284;106
16000,284;100
16001,284;480
16002,284;12854
16003,284;81
16004,284;86
16005,284;118
16006,284;98
16007,284;428
16008,284;12832
16009,284;90
16010,284;100
16011,284;98
16012,284;82
16013,284;464
16014,284;12827
16015,284;91
16016,284;81
16017,284;87
16018,284;98
16019,284;449
16020,284;12826
16021,284;78
16022,284;90
16023,284;94
16024,284;114
16025,284;484
16026,284;12792
16027,284;81
16028,284;83
16029,284;85
16030,284;108
16031,284;409
16032,284;12783
16033,284;81
16034,284;80
16035,284;109
16036,284;104
16037,284;448
16038,284;12833
16039,284;90
16040,284;91
16041,284;84
16042,284;108
16043,284;433
16044,284;12820
16045,284;95
16046,284;96
16047,284;102
16048,284;102
16049,284;452
16050,284;12825
16051,284;80
16052,284;106
16053,284;86
16054,284;107
16055,284;477
16056,284;12806
16057,284;89
16058,284;97
16059,284;94
16060,284;89
16061,241;500
16062,241;12767
16063,241;89
16064,241;89
16065,241;98
16066,241;87
16067,241;433
16068,241;12844
16069,241;91
16070,241;92
16071,241;101
16072,241;94
16073,241;460
16074,241;12846
16075,241;100
16076,241;97
16077,241;111
16078,241;109
16079,241;452
16080,241;12835
16081,241;99
16082,241;81
16083,241;93
16084,241;99
16085,241;461
16086,241;12855
16087,241;95
16088,241;103
16089,241;89
16090,241;92
16091,241;458
16092,241;12867
16093,241;84
16094,241;87
16095,241;105
16096,241;108
16097,241;453
16098,241;12804
16099,241;98
16100,241;89
16101,241;84
16102,241;100
16103,241;431
16104,241;12820
16105,241;99
16106,241;89
16107,241;107
16108,241;123
16109,241;447
16110,241;12866
16111,241;118
16112,241;94
16113,241;108
16114,241;89
16115,241;475
16116,241;12834
16117,241;80
16118,241;96
16119,241;90
16120,241;106
16121,241;445
16122,241;12829
16123,241;88
16124,241;85
16125,241;94
16126,241;110
16127,241;434
16128,241;12818
16129,241;107
16130,241;90
16131,241;91
16132,241;102
16133,241;437
16134,241;12854
16135,241;64
16136,241;89
16137,241;100
16138,241;105
16139,241;96
16140,241;12899
16141,241;89
16142,241;91
16143,241;114
16144,241;99
16145,241;360
16146,241;12848
16147,241;87
16148,241;108
16149,241;88
16150,241;90
16151,241;428
16152,241;12842
16153,241;94
16154,241;95
16155,241;113
16156,241;98
16157,241;452
16158,241;12851
16159,241;109
16160,241;94
16161,241;113
16161,563;120
16162,563;433
16163,563;12845
16164,563;83
16165,563;108
16166,563;96
16167,563;100
16168,563;454
16169,563;12824
16170,563;87
16171,563;108
16172,563;110
16173,563;108
16174,563;458
16175,563;12840
16176,563;83
16177,563;107
16178,563;95
16179,563;107
16180,563;430
16181,563;12852
16182,563;93
16183,563;96
16184,563;95
16185,563;87
16186,563;433
16187,563;12841
16188,563;81
16189,563;74
16190,563;101
16191,563;94
16192,563;421
16193,563;12831
16194,563;89
16195,563;110
16196,563;86
16197,563;100
16198,563;454
16199,563;12832
16200,563;97
16201,563;86
16202,563;90
16203,563;108
16204,563;445
16205,563;12882
16206,563;90
16207,563;92
16208,563;101
16209,563;107
16210,563;466
16211,563;12806
16212,563;86
16213,563;83
16214,563;110
16215,563;101
16216,563;436
16217,563;12857
16218,563;79
16219,563;105
16220,563;70
16221,563;73
16222,563;424
16223,563;12868
16224,563;85
16225,563;94
16226,563;113
16227,563;86
16228,563;417
16229,563;12857
16230,563;87
16231,563;105
16232,563;106
16233,563;112
16234,563;425
16235,563;12861
16236,563;95
16237,563;89
16238,563;103
16239,563;98
16240,563;410
16241,563;12883
16242,563;87
16243,563;101
16244,563;70
16245,563;99
16246,563;408
16247,563;12846
16248,563;76
16249,563;102
16250,563;107
16251,563;95
16252,563;383
16253,563;12897
16254,563;98
16255,563;100
16256,563;93
16257,563;100
16258,563;409
16259,563;12903
16260,563;77
16261,563;98
16263,725;96
16264,725;88
16265,725;403
16266,725;12875
16267,725;88
16268,725;83
16269,725;80
16270,725;101
16271,725;404
16272,725;12863
16273,725;88
16274,725;90
16275,725;95
16276,725;83
16277,725;408
16278,725;12829
16279,725;85
16280,725;111
16281,725;100
16282,725;96
16283,725;393
16284,725;12884
16285,725;94
16286,725;77
16287,725;103
16288,725;77
16289,725;406
16290,725;12861
16291,725;89
16292,725;86
16293,725;97
16294,725;97
16295,725;409
16296,725;12857
16297,725;92
16298,725;86
16299,725;97
16300,725;82
16301,725;394
16302,725;12885
16303,725;85
16304,725;84
16305,725;78
16306,725;103
16307,725;393
16308,725;12866
16309,725;80
16310,725;96
16311,725;111
16312,725;90
16313,725;399
16314,725;12862
16315,725;110
16316,725;103
16317,725;89
16318,725;94
16319,725;401
16320,725;12880
16321,725;77
16322,725;96
16323,725;77
16324,725;86
16325,725;376
16326,725;12884
16327,725;90
16328,725;82
16329,725;82
16330,725;97
16331,725;403
16332,725;12861
16333,725;67
16334,725;98
16335,725;89
16336,725;96
16337,725;453
16338,725;12785
16339,725;93
16340,725;85
16341,725;91
16342,725;105
16343,725;397
16344,725;12867
16345,725;75
16346,725;89
16347,725;88
16348,725;89
16349,725;385
16350,725;12854
16351,725;85
16352,725;71
16353,725;75
16354,725;94
16355,725;393
16356,725;12901
16357,725;75
16358,725;77
16359,725;95
16360,725;74
16361,725;404
16362,725;12880
16363,725;83
16364,725;80
16365,725;100
16366,725;87
16367,725;379
16368,725;12851
16369,725;76
16370,725;79
16371,725;84
16372,725;89
16373,725;383
16374,725;12889
16375,725;79
16376,725;87
16377,725;77
16378,725;88
16379,725;384
16380,725;12849
16381,725;72
16382,725;101
16383,725;74
16384,725;73
16385,725;440
16386,725;12811
16387,725;96
16388,725;92
16389,725;76
16390,725;82
16391,725;373
16392,725;12889
16393,725;85
16394,725;86
16395,725;105
16396,725;95
16397,725;372
16398,725;12874
16399,725;77
16400,725;83
16401,725;91
16402,725;83
16403,725;390
16404,725;12886
16405,725;94
16406,725;86
16407,725;95
16408,725;79
16409,725;362
16410,725;12904
16411,725;75
16412,725;77
16413,725;80
16414,725;86
16415,725;389
16416,725;12886
16417,725;68
16418,725;80
16419,725;87
16420,725;93
16421,725;439
16422,725;12778
16423,725;63
16424,725;65
16425,725;77
16426,725;95
16427,725;383
16428,725;12859
16429,725;69
16430,725;83
16431,725;76
16432,725;103
16433,725;366
16434,725;12931
16435,725;88
16436,725;86
16437,725;91
16438,725;99
16439,725;366
16440,725;12894
16441,725;66
16442,725;83
16443,725;87
16444,725;84
16445,725;455
16446,725;12775
16447,725;69
16448,725;82
16449,725;75
16450,725;79
16451,725;82
16452,725;12821
16453,725;78
16454,725;79
16455,725;77
16456,725;74
16457,725;299
16458,725;12898
16459,725;77
16460,725;91
16461,725;90
16462,725;80
16463,725;328
16464,725;12902
16465,426;64
16466,426;79
16467,426;80
16468,426;102
16469,426;357
16470,426;12928
16471,426;73
16472,426;88
16473,426;77
16474,426;78
16475,426;361
16476,426;12904
16477,426;66
16478,426;64
16479,426;93
16480,426;82
16481,426;362
16482,426;12899
16483,426;88
16484,426;75
16485,426;75
16486,426;96
16487,426;354
16488,426;12922
16489,426;71
16490,426;96
16491,426;76
16492,426;91
16493,426;354
16494,426;12912
16495,426;79
16496,426;98
16497,426;97
16498,426;84
16499,426;379
16500,426;12905
16501,426;76
16502,426;83
16503,426;98
16504,426;101
16505,426;364
16506,426;12892
16507,426;80
16508,426;100
16509,426;73
16510,426;83
16511,426;311
16512,426;12930
16513,426;74
16514,426;65
16515,426;91
16516,426;85
16517,426;386
16518,426;12914
16519,426;79
16520,426;91
16521,426;81
16522,426;96
16523,426;354
16524,426;12951
16525,426;86
16526,426;84
16527,426;91
16528,426;115
16529,426;364
16530,426;12885
16531,426;89
16532,426;84
16533,426;100
16534,426;94
16535,426;364
16536,426;12903
16537,426;70
16538,426;98
16539,426;81
16540,426;93
16541,426;355
16542,426;12915
16543,426;95
16544,426;82
16545,426;88
16546,426;93
16547,426;349
16548,426;12907
16549,426;75
16550,426;75
16551,426;104
16552,426;115
16553,426;355
16554,426;12930
16555,426;83
16556,426;93
16557,426;89
16558,426;110
16559,426;356
16560,426;12917
16561,426;80
16562,426;90
16563,426;93
16564,426;96
16565,426;352
16565,62;12929
16566,62;77
16567,62;86
16568,62;83
16569,62;102
16570,62;307
16571,62;12906
16572,62;86
16573,62;101
16574,62;103
16575,62;98
16576,62;361
16577,62;12867
16578,62;105
16579,62;100
16580,62;109
16581,62;96
16582,62;363
16583,62;12912
16584,62;88
16585,62;102
16586,62;84
16587,62;87
16588,62;341
16589,62;12943
16590,62;92
16591,62;94
16592,62;84
16593,62;77
16594,62;361
16595,62;12927
16596,62;90
16597,62;100
16598,62;100
16599,62;102
16600,62;355
16601,62;12904
16602,62;85
16603,62;83
16604,62;90
16605,62;81
16606,62;347
16607,62;12927
16608,62;94
16609,62;107
16610,62;95
16611,62;84
16612,62;311
16613,62;12953
16614,62;90
16615,62;69
16616,62;93
16617,62;103
16618,62;341
16619,62;12923
16620,62;109
16621,62;87
16622,62;104
16623,62;74
16624,62;339
16625,62;12934
16626,62;75
16627,62;94
16628,62;84
16629,62;94
16630,62;338
16631,62;12912
16632,62;73
16633,62;80
16634,62;93
16635,62;84
16636,62;340
16637,62;12912
16638,62;71
16639,62;120
16640,62;90
16641,62;103
16642,62;339
16643,62;12928
16644,62;89
16645,62;104
16646,62;97
16647,62;92
16648,62;337
16649,62;12922
16650,62;90
16651,62;89
16652,62;89
16653,62;96
16654,62;336
16655,62;12927
16656,62;100
16657,62;100
16658,62;89
16659,62;116
16660,62;337
16661,62;12925
16662,62;79
16663,62;98
16664,62;96
16665,62;98
16666,78;333
16667,78;12952
16668,78;88
16669,78;85
16670,78;108
16671,78;101
16672,78;353
16673,78;12936
16674,78;103
16675,78;96
16676,78;90
16677,78;118
16678,78;366
16679,78;12944
16680,78;87
16681,78;74
16682,78;104
16683,78;88
16684,78;348
16685,78;12955
16686,78;73
16687,78;87
16688,78;100
16689,78;122
16690,78;340
16691,78;12927
16692,78;96
16693,78;89
16694,78;101
16695,78;93
16696,78;375
16697,78;12941
16698,78;83
16699,78;83
16700,78;98
16701,78;97
16702,78;357
16703,78;12928
16704,78;99
16705,78;104
16706,78;92
16707,78;103
16708,78;376
16709,78;12979
16710,78;89
16711,78;112
16712,78;90
16713,78;117
16714,78;340
16715,78;12967
16716,78;86
16717,78;83
16718,78;89
16719,78;103
16720,78;369
16721,78;12922
16722,78;91
16723,78;87
16724,78;96
16725,78;83
16726,78;336
16727,78;12975
16728,78;97
16729,78;91
16730,78;113
16731,78;103
16732,78;324
16733,78;12979
16734,78;85
16735,78;80
16736,78;99
16737,78;108
16738,78;359
16739,78;12942
16740,78;86
16741,78;96
16742,78;114
16743,78;71
16744,78;339
16745,78;12963
16746,78;91
16747,78;112
16748,78;76
16749,78;95
16750,78;319
16751,78;12965
16752,78;95
16753,78;89
16754,78;113
16755,78;115
16756,78;346
16757,78;12957
16758,78;83
16759,78;107
16760,78;112
16761,78;93
16762,78;95
16763,78;12861
16764,78;92
16765,78;83
16766,78;112
16768,001;92
16769,001;281
16770,001;12932
16771,001;90
16772,001;88
16773,001;98
16774,001;100
16775,001;326
16776,001;12928
16777,001;94
16778,001;85
16779,001;109
16780,001;93
16781,001;336
16782,001;12937
16783,001;90
16784,001;95
16785,001;98
16786,001;96
16787,001;328
16788,001;12979
16789,001;99
16790,001;84
16791,001;114
16792,001;102
16793,001;341
16794,001;12960
16795,001;103
16796,001;87
16797,001;82
16798,001;112
16799,001;334
16800,001;12958
16801,001;87
16802,001;90
16803,001;93
16804,001;93
16805,001;307
16806,001;12958
16807,001;93
16808,001;98
16809,001;112
16810,001;104
16811,001;314
16812,001;12949
16813,001;93
16814,001;85
16815,001;118
16816,001;92
16817,001;369
16818,001;12962
16819,001;94
16820,001;89
16821,001;86
16822,001;101
16823,001;312
16824,001;12963
16825,001;102
16826,001;87
16827,001;82
16828,001;112
16829,001;336
16830,001;12961
16831,001;93
16832,001;95
16833,001;103
16834,001;111
16835,001;347
16836,001;12971
16837,001;87
16838,001;92
16839,001;108
16840,001;107
16841,001;327
16842,001;12976
16843,001;89
16844,001;104
16845,001;105
16846,001;86
16847,001;292
16848,001;12963
16849,001;87
16850,001;117
16851,001;94
16852,001;94
16853,001;320
16854,001;12954
16855,001;99
16856,001;88
16857,001;99
16858,001;117
16859,001;332
16860,001;12948
16861,001;95
16862,001;88
16863,001;104
16864,001;100
16865,001;299
16866,001;13006
16867,001;64
16868,001;99
16868,951;95
16869,951;90
16870,951;303
16871,951;13017
16872,951;84
16873,951;87
16874,951;86
16875,951;96
16876,951;327
16877,951;12950
16878,951;93
16879,951;89
16880,951;85
16881,951;92
16882,951;284
16883,951;12975
16884,951;87
16885,951;89
16886,951;94
16887,951;72
16888,951;301
16889,951;12974
16890,951;97
16891,951;111
16892,951;106
16893,951;82
16894,951;312
16895,951;12975
16896,951;62
16897,951;73
16898,951;100
16899,951;97
16900,951;305
16901,951;12957
16902,951;77
16903,951;84
16904,951;89
16905,951;101
16906,951;283
16907,951;12984
16908,951;95
16909,951;80
16910,951;98
16911,951;106
16912,951;288
16913,951;12996
16914,951;82
16915,951;91
16916,951;89
16917,951;83
16918,951;309
16919,951;12956
16920,951;75
16921,951;76
16922,951;99
16923,951;87
16924,951;287
16925,951;13008
16926,951;97
16927,951;99
16928,951;73
16929,951;103
16930,951;268
16931,951;12990
16932,951;78
16933,951;86
16934,951;85
16935,951;78
16936,951;311
16937,951;12991
16938,951;70
16939,951;90
16940,951;102
16941,951;92
16942,951;264
16943,951;13002
16944,951;82
16945,951;91
16946,951;100
16947,951;117
16948,951;408
16949,951;12858
16950,951;79
16951,951;85
16952,951;110
16953,951;86
16954,951;278
16955,951;12998
16956,951;86
16957,951;95
16958,951;91
16959,951;101
16960,951;304
16961,951;12967
16962,951;98
16963,951;85
16964,951;90
16965,951;91
16966,951;287
16967,951;12984
16968,951;79
16969,951;94
16970,951;91
16971,951;87
16972,951;305
16973,951;12990
16974,951;77
16975,951;90
16976,951;87
16977,951;105
16978,951;346
16979,951;12942
16980,951;94
16981,951;93
16982,951;78
16983,951;81
16984,951;333
16985,951;12915
16986,951;76
16987,951;86
16988,951;91
16989,951;91
16990,951;241
16991,951;12996
16992,951;89
16993,951;85
16994,951;94
16995,951;83
16996,951;277
16997,951;13004
16998,951;99
16999,951;86
17000,951;89
17001,951;78
17002,951;278
17003,951;12992
17004,951;94
17005,951;77
17006,951;103
17007,951;112
17008,951;243
17009,951;12995
17010,951;79
17011,951;98
17012,951;85
17013,951;91
17014,951;289
17015,951;12986
17016,951;71
17017,951;90
17018,951;66
17019,951;64
17020,951;282
17021,951;13020
17022,951;89
17023,951;82
17024,951;87
17025,951;90
17026,951;254
17027,951;13008
17028,951;81
17029,951;97
17030,951;85
17031,951;93
17032,951;266
17033,951;12981
17034,951;78
17035,951;86
17036,951;86
17037,951;82
17038,951;273
17039,951;12989
17040,951;75
17041,951;82
17042,951;98
17043,951;90
17044,951;370
17045,951;12863
17046,951;92
17047,951;66
17048,951;93
17049,951;98
17050,951;341
17051,951;12874
17052,951;64
17053,951;95
17054,951;94
17055,951;92
17056,951;256
17057,951;13024
17058,951;85
17059,951;83
17060,951;79
17061,951;89
17062,951;257
17063,951;13003
17064,951;70
17065,951;81
17066,951;82
17067,951;95
17068,951;254
17069,951;13020
17071,126;80
17072,126;83
17073,126;92
17074,126;72
17075,126;88
17076,126;12861
17077,126;82
17078,126;84
17079,126;85
17080,126;75
17081,126;199
17082,126;12985
17083,126;77
17084,126;84
17085,126;85
17086,126;99
17087,126;233
17088,126;12990
17089,126;68
17090,126;85
17091,126;72
17092,126;89
17093,126;218
17094,126;12986
17095,126;88
17096,126;80
17097,126;77
17098,126;101
17099,126;253
17100,126;12981
17101,126;89
17102,126;79
17103,126;107
17104,126;84
17105,126;226
17106,126;12962
17107,126;93
17108,126;92
17109,126;83
17110,126;85
17111,126;260
17112,126;13042
17113,126;81
17114,126;71
17115,126;68
17116,126;93
17117,126;254
17118,126;13035
17119,126;80
17120,126;87
17121,126;97
17122,126;90
17123,126;237
17124,126;13050
17125,126;76
17126,126;83
17127,126;76
17128,126;85
17129,126;236
17130,126;13047
17131,126;73
17132,126;110
17133,126;77
17134,126;91
17135,126;266
17136,126;13023
17137,126;77
17138,126;97
17139,126;112
17140,126;98
17141,126;274
17142,126;13013
17143,126;79
17144,126;98
17145,126;92
17146,126;81
17147,126;362
17148,126;12883
17149,126;86
17150,126;74
17151,126;88
17152,126;89
17153,126;222
17154,126;13053
17155,126;85
17156,126;95
17157,126;102
17158,126;91
17159,126;260
17160,126;13021
17161,126;94
17162,126;82
17163,126;91
17164,126;78
17165,126;248
17166,126;13000
17167,126;78
17168,126;92
17169,126;73
17170,126;102
17171,126;226
17171,884;12994
17172,884;72
17173,884;102
17174,884;85
17175,884;99
17176,884;260
17177,884;13055
17178,884;93
17179,884;88
17180,884;100
17181,884;86
17182,884;220
17183,884;13010
17184,884;86
17185,884;90
17186,884;90
17187,884;98
17188,884;248
17189,884;13020
17190,884;79
17191,884;92
17192,884;104
17193,884;98
17194,884;241
17195,884;13046
17196,884;93
17197,884;91
17198,884;84
17199,884;96
17200,884;254
17201,884;13032
17202,884;93
17203,884;98
17204,884;96
17205,884;88
17206,884;239
17207,884;13020
17208,884;102
17209,884;83
17210,884;95
17211,884;88
17212,884;201
17213,884;13022
17214,884;69
17215,884;92
17216,884;115
17217,884;97
17218,884;250
17219,884;13027
17220,884;71
17221,884;98
17222,884;86
17223,884;100
17224,884;230
17225,884;13026
17226,884;89
17227,884;102
17228,884;94
17229,884;84
17230,884;225
17231,884;13020
17232,884;85
17233,884;95
17234,884;90
17235,884;110
17236,884;227
17237,884;13035
17238,884;88
17239,884;102
17240,884;94
17241,884;106
17242,884;223
17243,884;13039
17244,884;88
17245,884;89
17246,884;102
17247,884;101
17248,884;238
17249,884;13049
17250,884;83
17251,884;101
17252,884;86
17253,884;87
17254,884;221
17255,884;13047
17256,884;81
17257,884;112
17258,884;81
17259,884;87
17260,884;233
17261,884;13042
17262,884;73
17263,884;89
17264,884;109
17265,884;99
17266,884;211
17267,884;13051
17268,884;68
17269,884;84
17270,884;87
17271,884;79
17273,404;222
17274,404;13060
17275,404;96
17276,404;86
17277,404;82
17278,404;96
17279,404;234
17280,404;13053
17281,404;94
17282,404;87
17283,404;99
17284,404;100
17285,404;217
17286,404;13044
17287,404;89
17288,404;94
17289,404;71
17290,404;98
17291,404;222
17292,404;13018
17293,404;80
17294,404;93
17295,404;100
17296,404;104
17297,404;239
17298,404;13064
17299,404;91
17300,404;102
17301,404;96
17302,404;81
17303,404;263
17304,404;13075
17305,404;94
17306,404;91
17307,404;105
17308,404;82
17309,404;233
17310,404;13050
17311,404;79
17312,404;97
17313,404;111
17314,404;100
17315,404;248
17316,404;13058
17317,404;90
17318,404;95
17319,404;102
17320,404;91
17321,404;234
17322,404;13003
17323,404;70
17324,404;87
17325,404;101
17326,404;81
17327,404;236
17328,404;13062
17329,404;90
17330,404;91
17331,404;75
17332,404;102
17333,404;224
17334,404;13053
17335,404;76
17336,404;85
17337,404;98
17338,404;107
17339,404;263
17340,404;13060
17341,404;102
17342,404;101
17343,404;105
17344,404;107
17345,404;206
17346,404;13046
17347,404;78
17348,404;101
17349,404;110
17350,404;96
17351,404;247
17352,404;13058
17353,404;90
17354,404;95
17355,404;118
17356,404;100
17357,404;232
17358,404;13079
17359,404;97
17360,404;92
17361,404;104
17362,404;96
17363,404;238
17364,404;13036
17365,404;81
17366,404;92
17367,404;119
17368,404;94
17369,404;208
17370,404;13042
17371,404;63
17372,404;92
17373,404;109
17373,619;73
17374,619;246
17375,619;13071
17376,619;91
17377,619;90
17378,619;94
17379,619;96
17380,619;217
17381,619;13050
17382,619;90
17383,619;108
17384,619;93
17385,619;100
17386,619;88
17387,619;12814
17388,619;86
17389,619;93
17390,619;106
17391,619;97
17392,619;155
17393,619;13062
17394,619;105
17395,619;90
17396,619;117
17397,619;94
17398,619;221
17399,619;13063
17400,619;99
17401,619;84
17402,619;97
17403,619;82
17404,619;228
17405,619;13033
17406,619;122
17407,619;97
17408,619;104
17409,619;118
17410,619;233
17411,619;13076
17412,619;90
17413,619;84
17414,619;94
17415,619;102
17416,619;225
17417,619;13046
17418,619;85
17419,619;88
17420,619;99
17421,619;80
17422,619;206
17423,619;13084
17424,619;90
17425,619;117
17426,619;88
17427,619;118
17428,619;222
17429,619;13052
17430,619;78
17431,619;106
17432,619;90
17433,619;104
17434,619;218
17435,619;13031
17436,619;110
17437,619;92
17438,619;91
17439,619;105
17440,619;286
17441,619;13026
17442,619;92
17443,619;86
17444,619;101
17445,619;89
17446,619;194
17447,619;13067
17448,619;75
17449,619;82
17450,619;109
17451,619;95
17452,619;221
17453,619;13083
17454,619;90
17455,619;93
17456,619;92
17457,619;108
17458,619;216
17459,619;13056
17460,619;106
17461,619;87
17462,619;96
17463,619;99
17464,619;197
17465,619;13085
17466,619;89
17467,619;106
17468,619;77
17469,619;105
17470,619;213
17471,619;13077
17472,619;73
17473,619;104
17474,619;97
17475,619;104
17476,619;195
17477,619;13059
17478,619;90
17479,619;80
17480,619;95
17481,619;103
17482,619;184
17483,619;13064
17484,619;85
17485,619;78
17486,619;104
17487,619;117
17488,619;174
17489,619;13069
17490,619;89
17491,619;67
17492,619;110
17493,619;74
17494,619;191
17495,619;13069
17496,619;92
17497,619;101
17498,619;107
17499,619;107
17500,619;203
17501,619;13083
17502,619;76
17503,619;96
17504,619;121
17505,619;98
17506,619;179
17507,619;13078
17508,619;93
17509,619;95
17510,619;94
17511,619;87
17512,619;186
17513,619;13107
17514,619;97
17515,619;102
17516,619;109
17517,619;90
17518,619;214
17519,619;13050
17520,619;99
17521,619;86
17522,619;93
17523,619;92
17524,619;175
17525,619;13084
17526,619;104
17527,619;101
17528,619;95
17529,619;93
17530,619;192
17531,619;13045
17532,619;96
17533,619;90
17534,619;86
17535,619;112
17536,619;201
17537,619;13057
17538,619;85
17539,619;114
17540,619;90
17541,619;85
17542,619;164
17543,619;13107
17544,619;76
17545,619;91
17546,619;95
17547,619;109
17548,619;181
17549,619;13091
17550,619;86
17551,619;85
17552,619;97
17553,619;90
17554,619;192
17555,619;13078
17556,619;89
17557,619;84
17558,619;101
17559,619;97
17560,619;185
17561,619;13076
17562,619;112
17563,619;85
17564,619;105
17565,619;94
17566,619;170
17567,619;13092
17568,619;92
17569,619;82
17570,619;92
17571,619;122
17572,619;238
17573,619;13041
17574,619;85
17576,84;95
17577,84;105
17578,84;96
17579,84;199
17580,84;13082
17581,84;78
17582,84;84
17583,84;99
17584,84;100
17585,84;173
17586,84;13069
17587,84;89
17588,84;96
17589,84;104
17590,84;84
17591,84;151
17592,84;13102
17593,84;79
17594,84;96
17595,84;91
17596,84;91
17597,84;157
17598,84;13090
17599,84;91
17600,84;84
17601,84;78
17602,84;98
17603,84;161
17604,84;13089
17605,84;101
17606,84;81
17607,84;75
17608,84;94
17609,84;169
17610,84;13072
17611,84;85
17612,84;76
17613,84;95
17614,84;105
17615,84;172
17616,84;13090
17617,84;83
17618,84;82
17619,84;93
17620,84;96
17621,84;173
17622,84;13110
17623,84;74
17624,84;89
17625,84;103
17626,84;70
17627,84;166
17628,84;13083
17629,84;72
17630,84;88
17631,84;89
17632,84;90
17633,84;167
17634,84;13097
17635,84;98
17636,84;85
17637,84;95
17638,84;81
17639,84;179
17640,84;13091
17641,84;76
17642,84;78
17643,84;77
17644,84;95
17645,84;159
17646,84;13084
17647,84;83
17648,84;88
17649,84;81
17650,84;88
17651,84;142
17652,84;13075
17653,84;74
17654,84;79
17655,84;86
17656,84;104
17657,84;171
17658,84;13103
17659,84;94
17660,84;82
17661,84;88
17662,84;87
17663,84;145
17664,84;13087
17665,84;90
17666,84;88
17667,84;100
17668,84;66
17669,84;152
17670,84;13108
17671,84;87
17672,84;82
17673,84;99
17674,84;67
17675,84;131
17676,84;13104
17676,588;61
17677,588;70
17678,588;72
17679,588;92
17680,588;158
17681,588;13090
17682,588;87
17683,588;82
17684,588;80
17685,588;79
17686,588;147
17687,588;13138
17688,588;78
17689,588;81
17690,588;73
17691,588;84
17692,588;146
17693,588;13112
17694,588;83
17695,588;83
17696,588;79
17697,588;90
17698,588;97
17699,588;12810
17700,588;75
17701,588;62
17702,588;79
17703,588;70
17704,588;103
17705,588;13096
17706,588;64
17707,588;77
17708,588;74
17709,588;87
17710,588;88
17711,588;13101
17712,588;81
17713,588;96
17714,588;87
17715,588;81
17716,588;148
17717,588;13109
17718,588;72
17719,588;103
17720,588;97
17721,588;86
17722,588;128
17723,588;13118
17724,588;86
17725,588;70
17726,588;89
17727,588;70
17728,588;146
17729,588;13121
17730,588;96
17731,588;81
17732,588;94
17733,588;90
17734,588;128
17735,588;13115
17736,588;92
17737,588;71
17738,588;100
17739,588;94
17740,588;137
17741,588;13112
17742,588;94
17743,588;95
17744,588;71
17745,588;70
17746,588;132
17747,588;13135
17748,588;78
17749,588;83
17750,588;83
17751,588;86
17752,588;145
17753,588;13098
17754,588;78
17755,588;73
17756,588;79
17757,588;90
17758,588;143
17759,588;13110
17760,588;95
17761,588;68
17762,588;78
17763,588;103
17764,588;159
17765,588;13099
17766,588;80
17767,588;88
17768,588;83
17769,588;104
17770,588;133
17771,588;13137
17772,588;78
17773,588;77
17774,588;91
17775,588;79
17776,588;128
17778,674;13127
17779,674;75
17780,674;90
17781,674;110
17782,674;85
17783,674;116
17784,674;13139
17785,674;80
17786,674;79
17787,674;101
17788,674;96
17789,674;121
17790,674;13143
17791,674;82
17792,674;84
17793,674;104
17794,674;92
17795,674;139
17796,674;13089
17797,674;82
17798,674;97
17799,674;111
17800,674;84
17801,674;149
17802,674;13121
17803,674;80
17804,674;100
17805,674;80
17806,674;106
17807,674;125
17808,674;13114
17809,674;92
17810,674;108
17811,674;91
17812,674;88
17813,674;143
17814,674;13126
17815,674;71
17816,674;100
17817,674;73
17818,674;82
17819,674;128
17820,674;13139
17821,674;85
17822,674;81
17823,674;96
17824,674;86
17825,674;127
17826,674;13103
17827,674;87
17828,674;91
17829,674;92
17830,674;89
17831,674;120
17832,674;13143
17833,674;82
17834,674;84
17835,674;86
17836,674;95
17837,674;130
17838,674;13127
17839,674;87
17840,674;70
17841,674;88
17842,674;110
17843,674;116
17844,674;13106
17845,674;81
17846,674;108
17847,674;101
17848,674;102
17849,674;139
17850,674;13106
17851,674;82
17852,674;87
17853,674;78
17854,674;110
17855,674;133
17856,674;13132
17857,674;88
17858,674;86
17859,674;83
17860,674;103
17861,674;119
17862,674;13145
17863,674;89
17864,674;88
17865,674;82
17866,674;96
17867,674;127
17868,674;13128
17869,674;77
17870,674;83
17871,674;94
17872,674;101
17873,674;121
17874,674;13148
17875,674;90
17876,674;89
17877,674;92
17878,674;102
17879,902;140
17880,902;13123
17881,902;79
17882,902;72
17883,902;83
17884,902;93
17885,902;123
17886,902;13155
17887,902;101
17888,902;100
17889,902;98
17890,902;101
17891,902;108
17892,902;13143
17893,902;94
17894,902;91
17895,902;86
17896,902;101
17897,902;141
17898,902;13152
17899,902;87
17900,902;109
17901,902;96
17902,902;91
17903,902;118
17904,902;13123
17905,902;111
17906,902;97
17907,902;99
17908,902;96
17909,902;122
17910,902;13133
17911,902;98
17912,902;105
17913,902;106
17914,902;103
17915,902;111
17916,902;13163
17917,902;84
17918,902;84
17919,902;107
17920,902;110
17921,902;133
17922,902;13140
17923,902;82
17924,902;110
17925,902;85
17926,902;90
17927,902;110
17928,902;13148
17929,902;80
17930,902;99
17931,902;88
17932,902;72
17933,902;130
17934,902;13139
17935,902;98
17936,902;85
17937,902;97
17938,902;109
17939,902;129
17940,902;13155
17941,902;81
17942,902;89
17943,902;97
17944,902;95
17945,902;124
17946,902;13149
17947,902;86
17948,902;83
17949,902;85
17950,902;99
17951,902;125
17952,902;13166
17953,902;98
17954,902;98
17955,902;91
17956,902;111
17957,902;132
17958,902;13150
17959,902;97
17960,902;89
17961,902;95
17962,902;95
17963,902;118
17964,902;13166
17965,902;93
17966,902;107
17967,902;101
17968,902;108
17969,902;143
17970,902;13156
17971,902;82
17972,902;90
17973,902;89
17974,902;82
17975,902;110
17976,902;13120
17977,902;77
17978,902;97
17979,902;110
17980,902;98
17981,902;138
17982,902;13164
17983,902;99
17984,902;93
17985,902;95
17986,902;107
17987,902;116
17988,902;13139
17989,902;87
17990,902;102
17991,902;105
17992,902;102
17993,902;110
17994,902;13168
17995,902;89
17996,902;93
17997,902;93
17998,902;105
17999,902;121
18000,902;13138
18001,902;105
18002,902;97
18003,902;76
18004,902;111
18005,902;112
18006,902;13163
18007,902;93
18008,902;101
18009,902;108
18010,902;101
18011,902;106
18012,902;12816
18013,902;100
18014,902;79
18015,902;98
18016,902;113
18017,902;92
18018,902;13129
18019,902;98
18020,902;99
18021,902;93
18022,902;115
18023,902;128
18024,902;13117
18025,902;92
18026,902;86
18027,902;116
18028,902;114
18029,902;101
18030,902;13162
18031,902;75
18032,902;105
18033,902;95
18034,902;78
18035,902;124
18036,902;13147
18037,902;100
18038,902;73
18039,902;106
18040,902;86
18041,902;130
18042,902;13159
18043,902;91
18044,902;100
18045,902;121
18046,902;94
18047,902;92
18048,902;13190
18049,902;99
18050,902;100
18051,902;98
18052,902;109
18053,902;114
18054,902;13145
18055,902;94
18056,902;95
18057,902;98
18058,902;116
18059,902;112
18060,902;13158
18061,902;106
18062,902;92
18063,902;92
18064,902;105
18065,902;109
18066,902;13143
18067,902;90
18068,902;109
18069,902;100
18070,902;115
18071,902;99
18072,902;13170
18073,902;107
18074,902;85
18075,902;85
18076,902;96
18077,902;95
18078,902;13178
18079,902;70
18080,902;99
18082,06;84
18083,06;108
18084,06;91
18085,06;13148
18086,06;84
18087,06;90
18088,06;99
18089,06;98
18090,06;110
18091,06;13151
18092,06;75
18093,06;94
18094,06;102
18095,06;106
18096,06;100
18097,06;13148
18098,06;98
18099,06;92
18100,06;83
18101,06;113
18102,06;134
18103,06;13124
18104,06;102
18105,06;94
18106,06;107
18107,06;93
18108,06;97
18109,06;13194
18110,06;93
18111,06;94
18112,06;83
18113,06;108
18114,06;101
18115,06;13155
18116,06;73
18117,06;98
18118,06;88
18119,06;108
18120,06;120
18121,06;13149
18122,06;79
18123,06;112
18124,06;91
18125,06;102
18126,06;103
18127,06;13158
18128,06;99
18129,06;89
18130,06;97
18131,06;96
18132,06;134
18133,06;13135
18134,06;88
18135,06;106
18136,06;89
18137,06;80
18138,06;83
18139,06;13157
18140,06;80
18141,06;92
18142,06;97
18143,06;93
18144,06;117
18145,06;13150
18146,06;79
18147,06;94
18148,06;96
18149,06;100
18150,06;95
18151,06;13174
18152,06;95
18153,06;93
18154,06;93
18155,06;98
18156,06;107
18157,06;13135
18158,06;95
18159,06;81
18160,06;88
18161,06;102
18162,06;86
18163,06;13172
18164,06;102
18165,06;83
18166,06;110
18167,06;93
18168,06;95
18169,06;13158
18170,06;78
18171,06;88
18172,06;88
18173,06;94
18174,06;152
18175,06;13138
18176,06;91
18177,06;90
18178,06;90
18179,06;94
18180,06;105
18181,06;13172
18182,06;87
18182,922;84
18183,922;96
18184,922;81
18185,922;103
18186,922;13155
18187,922;89
18188,922;102
18189,922;92
18190,922;111
18191,922;81
18192,922;13168
18193,922;90
18194,922;96
18195,922;85
18196,922;104
18197,922;99
18198,922;13152
18199,922;80
18200,922;87
18201,922;98
18202,922;109
18203,922;135
18204,922;13146
18205,922;100
18206,922;68
18207,922;88
18208,922;96
18209,922;94
18210,922;13176
18211,922;72
18212,922;91
18213,922;106
18214,922;98
18215,922;97
18216,922;13139
18217,922;84
18218,922;83
18219,922;107
18220,922;81
18221,922;93
18222,922;13147
18223,922;76
18224,922;98
18225,922;88
18226,922;90
18227,922;87
18228,922;13169
18229,922;85
18230,922;103
18231,922;104
18232,922;85
18233,922;98
18234,922;13192
18235,922;84
18236,922;93
18237,922;85
18238,922;90
18239,922;107
18240,922;13177
18241,922;83
18242,922;85
18243,922;104
18244,922;70
18245,922;107
18246,922;13130
18247,922;85
18248,922;95
18249,922;80
18250,922;80
18251,922;100
18252,922;13153
18253,922;89
18254,922;90
18255,922;90
18256,922;91
18257,922;90
18258,922;13169
18259,922;79
18260,922;91
18261,922;95
18262,922;89
18263,922;116
18264,922;13147
18265,922;73
18266,922;93
18267,922;74
18268,922;71
18269,922;99
18270,922;13158
18271,922;76
18272,922;73
18273,922;80
18274,922;94
18275,922;84
18276,922;13156
18277,922;83
18278,922;90
18279,922;84
18280,922;113
18281,922;94
18282,922;13143
18284,309;60
18285,309;81
18286,309;83
18287,309;82
18288,309;101
18289,309;13169
18290,309;87
18291,309;89
18292,309;105
18293,309;82
18294,309;84
18295,309;13178
18296,309;67
18297,309;96
18298,309;90
18299,309;87
18300,309;93
18301,309;13187
18302,309;78
18303,309;94
18304,309;74
18305,309;81
18306,309;83
18307,309;13156
18308,309;68
18309,309;79
18310,309;97
18311,309;96
18312,309;84
18313,309;13128
18314,309;72
18315,309;92
18316,309;97
18317,309;86
18318,309;115
18319,309;13112
18320,309;72
18321,309;59
18322,309;61
18323,309;72
18324,309;78
18325,309;12824
18326,309;75
18327,309;75
18328,309;61
18329,309;80
18330,309;82
18331,309;13091
18332,309;57
18333,309;75
18334,309;83
18335,309;76
18336,309;102
18337,309;13137
18338,309;77
18339,309;70
18340,309;82
18341,309;80
18342,309;86
18343,309;13150
18344,309;83
18345,309;84
18346,309;88
18347,309;78
18348,309;97
18349,309;13141
18350,309;80
18351,309;74
18352,309;74
18353,309;89
18354,309;100
18355,309;13160
18356,309;87
18357,309;88
18358,309;87
18359,309;81
18360,309;74
18361,309;13169
18362,309;74
18363,309;86
18364,309;77
18365,309;89
18366,309;85
18367,309;13184
18368,309;93
18369,309;87
18370,309;94
18371,309;94
18372,309;93
18373,309;13099
18374,309;67
18375,309;106
18376,309;95
18377,309;98
18378,309;79
18379,309;13185
18380,309;70
18381,309;92
18382,309;96
18383,309;84
18384,309;98
18384,503;13127
18385,503;76
18386,503;89
18387,503;90
18388,503;84
18389,503;87
18390,503;13167
18391,503;79
18392,503;109
18393,503;98
18394,503;99
18395,503;100
18396,503;13146
18397,503;82
18398,503;78
18399,503;105
18400,503;95
18401,503;89
18402,503;13162
18403,503;80
18404,503;89
18405,503;98
18406,503;91
18407,503;89
18408,503;13135
18409,503;92
18410,503;81
18411,503;94
18412,503;84
18413,503;89
18414,503;13138
18415,503;92
18416,503;95
18417,503;74
18418,503;110
18419,503;101
18420,503;13156
18421,503;104
18422,503;106
18423,503;82
18424,503;78
18425,503;98
18426,503;13135
18427,503;87
18428,503;88
18429,503;96
18430,503;91
18431,503;66
18432,503;13121
18433,503;87
18434,503;109
18435,503;93
18436,503;100
18437,503;95
18438,503;13165
18439,503;78
18440,503;92
18441,503;90
18442,503;116
18443,503;78
18444,503;13149
18445,503;104
18446,503;103
18447,503;98
18448,503;94
18449,503;96
18450,503;13141
18451,503;112
18452,503;91
18453,503;77
18454,503;91
18455,503;92
18456,503;13154
18457,503;78
18458,503;84
18459,503;84
18460,503;95
18461,503;95
18462,503;13179
18463,503;84
18464,503;77
18465,503;109
18466,503;92
18467,503;98
18468,503;13138
18469,503;84
18470,503;98
18471,503;98
18472,503;87
18473,503;111
18474,503;13155
18475,503;77
18476,503;99
18477,503;78
18478,503;92
18479,503;105
18480,503;13176
18481,503;91
18482,503;94
18483,503;128
18484,503;96
18485,503;94
18486,503;13157
18487,503;90
18488,503;75
18489,503;98
18490,503;100
18491,503;113
18492,503;13108
18493,503;94
18494,503;87
18495,503;77
18496,503;98
18497,503;85
18498,503;13160
18499,503;75
18500,503;105
18501,503;89
18502,503;84
18503,503;90
18504,503;13178
18505,503;102
18506,503;95
18507,503;101
18508,503;104
18509,503;99
18510,503;13124
18511,503;93
18512,503;86
18513,503;67
18514,503;112
18515,503;96
18516,503;13160
18517,503;76
18518,503;97
18519,503;88
18520,503;94
18521,503;123
18522,503;13147
18523,503;96
18524,503;81
18525,503;90
18526,503;96
18527,503;87
18528,503;13157
18529,503;88
18530,503;93
18531,503;105
18532,503;109
18533,503;100
18534,503;13171
18535,503;79
18536,503;86
18537,503;86
18538,503;95
18539,503;96
18540,503;13191
18541,503;82
18542,503;85
18543,503;80
18544,503;105
18545,503;94
18546,503;13165
18547,503;102
18548,503;87
18549,503;101
18550,503;107
18551,503;85
18552,503;13168
18553,503;70
18554,503;97
18555,503;91
18556,503;107
18557,503;100
18558,503;13146
18559,503;117
18560,503;95
18561,503;92
18562,503;91
18563,503;97
18564,503;13173
18565,503;83
18566,503;91
18567,503;103
18568,503;100
18569,503;100
18570,503;13184
18571,503;80
18572,503;91
18573,503;74
18574,503;89
18575,503;108
18576,503;13172
18577,503;93
18578,503;92
18579,503;98
18580,503;102
18581,503;102
18582,503;13170
18583,503;93
18584,503;95
18585,503;119
18587,015;109
18588,015;97
18589,015;13148
18590,015;83
18591,015;87
18592,015;104
18593,015;127
18594,015;102
18595,015;13181
18596,015;91
18597,015;81
18598,015;118
18599,015;107
18600,015;98
18601,015;13174
18602,015;98
18603,015;109
18604,015;97
18605,015;98
18606,015;96
18607,015;13192
18608,015;82
18609,015;98
18610,015;97
18611,015;108
18612,015;115
18613,015;13170
18614,015;78
18615,015;98
18616,015;92
18617,015;110
18618,015;108
18619,015;13126
18620,015;87
18621,015;91
18622,015;120
18623,015;81
18624,015;130
18625,015;13135
18626,015;84
18627,015;96
18628,015;90
18629,015;103
18630,015;116
18631,015;13135
18632,015;94
18633,015;93
18634,015;95
18635,015;78
18636,015;107
18637,015;12819
18638,015;100
18639,015;85
18640,015;100
18641,015;97
18642,015;106
18643,015;13089
18644,015;83
18645,015;74
18646,015;71
18647,015;101
18648,015;106
18649,015;13086
18650,015;88
18651,015;94
18652,015;103
18653,015;91
18654,015;113
18655,015;13142
18656,015;113
18657,015;92
18658,015;111
18659,015;96
18660,015;97
18661,015;13163
18662,015;91
18663,015;104
18664,015;76
18665,015;83
18666,015;78
18667,015;13200
18668,015;76
18669,015;87
18670,015;85
18671,015;108
18672,015;84
18673,015;13168
18674,015;71
18675,015;91
18676,015;92
18677,015;106
18678,015;103
18679,015;13162
18680,015;73
18681,015;103
18682,015;88
18683,015;97
18684,015;95
18685,015;13146
18686,015;101
18687,015;90
18687,434;102
18688,434;90
18689,434;103
18690,434;13166
18691,434;90
18692,434;84
18693,434;101
18694,434;91
18695,434;94
18696,434;13179
18697,434;89
18698,434;115
18699,434;97
18700,434;97
18701,434;118
18702,434;13162
18703,434;87
18704,434;90
18705,434;95
18706,434;101
18707,434;110
18708,434;13161
18709,434;94
18710,434;92
18711,434;79
18712,434;95
18713,434;95
18714,434;13143
18715,434;98
18716,434;98
18717,434;104
18718,434;90
18719,434;106
18720,434;13142
18721,434;93
18722,434;82
18723,434;82
18724,434;113
18725,434;96
18726,434;13155
18727,434;87
18728,434;77
18729,434;94
18730,434;83
18731,434;74
18732,434;13128
18733,434;98
18734,434;91
18735,434;90
18736,434;105
18737,434;105
18738,434;13132
18739,434;80
18740,434;102
18741,434;86
18742,434;89
18743,434;91
18744,434;13157
18745,434;74
18746,434;92
18747,434;101
18748,434;84
18749,434;115
18750,434;13166
18751,434;92
18752,434;96
18753,434;88
18754,434;88
18755,434;112
18756,434;13164
18757,434;95
18758,434;105
18759,434;102
18760,434;98
18761,434;95
18762,434;13149
18763,434;94
18764,434;92
18765,434;106
18766,434;86
18767,434;83
18768,434;13164
18769,434;102
18770,434;93
18771,434;103
18772,434;89
18773,434;94
18774,434;13129
18775,434;93
18776,434;86
18777,434;90
18778,434;122
18779,434;95
18780,434;13156
18781,434;92
18782,434;83
18783,434;91
18784,434;89
18785,434;96
18786,434;13142
18787,434;100
18787,814;87
18788,814;91
18789,814;101
18790,814;105
18791,814;13139
18792,814;83
18793,814;90
18794,814;98
18795,814;94
18796,814;100
18797,814;13112
18798,814;75
18799,814;80
18800,814;108
18801,814;104
18802,814;92
18803,814;13140
18804,814;72
18805,814;92
18806,814;110
18807,814;105
18808,814;107
18809,814;13115
18810,814;84
18811,814;81
18812,814;86
18813,814;111
18814,814;96
18815,814;13139
18816,814;77
18817,814;99
18818,814;112
18819,814;75
18820,814;101
18821,814;13142
18822,814;101
18823,814;76
18824,814;91
18825,814;106
18826,814;119
18827,814;13160
18828,814;84
18829,814;87
18830,814;87
18831,814;91
18832,814;87
18833,814;13136
18834,814;78
18835,814;77
18836,814;83
18837,814;106
18838,814;97
18839,814;13118
18840,814;82
18841,814;87
18842,814;99
18843,814;92
18844,814;110
18845,814;13128
18846,814;80
18847,814;91
18848,814;93
18849,814;107
18850,814;95
18851,814;13118
18852,814;80
18853,814;74
18854,814;94
18855,814;98
18856,814;115
18857,814;13138
18858,814;81
18859,814;97
18860,814;102
18861,814;84
18862,814;104
18863,814;13120
18864,814;73
18865,814;98
18866,814;95
18867,814;100
18868,814;92
18869,814;13126
18870,814;87
18871,814;79
18872,814;120
18873,814;92
18874,814;92
18875,814;13165
18876,814;97
18877,814;92
18878,814;89
18879,814;82
18880,814;79
18881,814;13159
18882,814;90
18883,814;85
18884,814;76
18885,814;100
18886,814;94
18887,814;13128
18889,692;92
18890,692;94
18891,692;94
18892,692;86
18893,692;75
18894,692;13132
18895,692;74
18896,692;81
18897,692;90
18898,692;92
18899,692;86
18900,692;13130
18901,692;74
18902,692;74
18903,692;86
18904,692;90
18905,692;84
18906,692;13167
18907,692;62
18908,692;80
18909,692;86
18910,692;87
18911,692;101
18912,692;13107
18913,692;88
18914,692;80
18915,692;87
18916,692;82
18917,692;88
18918,692;13148
18919,692;96
18920,692;72
18921,692;93
18922,692;76
18923,692;91
18924,692;13147
18925,692;78
18926,692;91
18927,692;81
18928,692;84
18929,692;88
18930,692;13121
18931,692;80
18932,692;82
18933,692;84
18934,692;93
18935,692;97
18936,692;13119
18937,692;63
18938,692;78
18939,692;66
18940,692;92
18941,692;101
18942,692;13137
