2676,529;73
2677,529;7958
2678,529;87
2679,529;84
2680,529;66
2681,529;79
2682,529;90
2683,529;12457
2684,529;84
2685,529;78
2686,529;83
2687,529;86
2688,529;105
2689,529;13293
2690,529;83
2691,529;71
2692,529;75
2693,529;78
2694,529;88
2695,529;13436
2696,529;80
2697,529;95
2698,529;80
2699,529;92
2700,529;83
2701,529;13439
2702,529;84
2703,529;94
2704,529;100
2705,529;89
2706,529;90
2707,529;13437
2708,529;79
2709,529;97
2710,529;106
2711,529;71
2712,529;98
2713,529;13476
2714,529;78
2715,529;100
2716,529;86
2717,529;94
2718,529;80
2719,529;13426
2720,529;90
2721,529;90
2722,529;91
2723,529;99
2724,529;100
2725,529;13431
2726,529;74
2727,529;84
2728,529;94
2729,142;110
2730,142;84
2731,142;13422
2732,142;84
2733,142;91
2734,142;109
2735,142;94
2736,142;92
2737,142;13455
2738,142;70
2739,142;80
2740,142;90
2741,142;77
2742,142;90
2743,142;13443
2744,142;71
2745,142;75
2746,142;100
2747,142;98
2748,142;72
2749,142;13410
2750,142;84
2751,142;77
2752,142;86
2753,142;90
2754,142;112
2755,142;13365
2756,142;104
2757,142;100
2758,142;98
2759,142;90
2760,142;96
2761,142;13358
2762,142;88
2763,142;94
2764,142;97
2765,142;96
2766,142;102
2767,142;13328
2768,142;82
2769,142;105
2770,142;93
2771,142;99
2772,142;117
2773,142;13358
2774,142;75
2775,142;94
2776,142;100
2777,142;94
2778,142;106
2779,142;13371
2780,142;77
2781,142;104
2782,142;83
2783,142;86
2784,142;114
2785,142;13378
2786,142;60
2787,142;100
2788,142;93
2789,142;92
2790,142;96
2791,142;13348
2792,142;86
2793,142;90
2794,142;96
2795,142;105
2796,142;74
2797,142;13347
2798,142;95
2799,142;102
2800,142;100
2801,142;103
2802,142;90
2803,142;13365
2804,142;84
2805,142;81
2806,142;86
2807,142;87
2808,142;90
2809,142;13354
2810,142;92
2811,142;93
2812,142;97
2813,142;80
2814,142;107
2815,142;13364
2816,142;79
2817,142;88
2818,142;88
2819,142;107
2820,142;109
2821,142;13372
2822,142;85
2823,142;80
2824,142;84
2825,142;102
2826,142;91
2827,142;13326
2828,142;99
2829,142;79
2830,142;108
2831,142;79
2832,142;110
2833,142;13319
2834,142;79
2835,142;91
2836,142;87
2837,142;99
2838,142;97
2839,142;13331
2840,142;76
2841,142;87
2842,142;95
2843,142;94
2844,142;94
2845,142;13316
2846,142;81
2847,142;86
2848,142;105
2849,142;103
2850,142;113
2851,142;13330
2852,142;79
2853,142;89
2854,142;103
2855,142;94
2856,142;89
2857,142;13309
2858,142;89
2859,142;93
2860,142;79
2861,142;94
2862,142;83
2863,142;13328
2864,142;91
2865,142;79
2866,142;124
2867,142;87
2868,142;97
2869,142;13330
2870,142;65
2871,142;97
2872,142;98
2873,142;102
2874,142;102
2875,142;13277
2876,142;85
2877,142;81
2878,142;95
2879,142;108
2880,142;84
2881,142;13253
2882,142;88
2883,142;94
2884,142;85
2885,142;94
2886,142;104
2887,142;13261
2888,142;103
2889,142;95
2890,142;105
2891,142;77
2892,142;114
2893,142;13324
2894,142;87
2895,142;88
2896,142;65
2897,142;82
2898,142;84
2899,142;13304
2900,142;90
2901,142;96
2902,142;91
2903,142;94
2904,142;82
2905,142;13277
2906,142;80
2907,142;93
2908,142;91
2909,142;86
2910,142;90
2911,142;13304
2912,142;65
2913,142;84
2914,142;100
2915,142;79
2916,142;98
2917,142;13279
2918,142;63
2919,142;82
2920,142;90
2921,142;103
2922,142;92
2923,142;13305
2924,142;63
2925,142;55
2926,142;78
2927,142;80
2928,142;82
2929,142;13311
2930,142;78
2931,384;75
2932,384;78
2933,384;92
2934,384;83
2935,384;13309
2936,384;68
2937,384;74
2938,384;75
2939,384;76
2940,384;72
2941,384;13294
2942,384;67
2943,384;71
2944,384;78
2945,384;87
2946,384;73
2947,384;13263
2948,384;72
2949,384;62
2950,384;80
2951,384;65
2952,384;88
2953,384;13297
2954,384;55
2955,384;63
2956,384;64
2957,384;77
2958,384;75
2959,384;13291
2960,384;57
2961,384;72
2962,384;92
2963,384;74
2964,384;73
2965,384;13240
2966,384;72
2967,384;74
2968,384;79
2969,384;69
2970,384;75
2971,384;13256
2972,384;58
2973,384;66
2974,384;70
2975,384;71
2976,384;83
2977,384;13256
2978,384;61
2979,384;72
2980,384;74
2981,384;57
2982,384;63
2983,384;13268
2984,384;69
2985,384;88
2986,384;69
2987,384;55
2988,384;75
2989,384;12958
2990,384;69
2991,384;81
2992,384;64
2993,384;67
2994,384;72
2995,384;13208
2996,384;67
2997,384;72
2998,384;73
2999,384;73
3000,384;89
3001,384;13250
3002,384;69
3003,384;62
3004,384;78
3005,384;77
3006,384;82
3007,384;13263
3008,384;57
3009,384;89
3010,384;82
3011,384;82
3012,384;78
3013,384;13271
3014,384;68
3015,384;63
3016,384;67
3017,384;78
3018,384;80
3019,384;13276
3020,384;54
3021,384;69
3022,384;72
3023,384;63
3024,384;71
3025,384;13282
3026,384;71
3027,384;61
3028,384;83
3029,384;59
3030,384;63
3031,384;13272
3032,632;56
3033,632;72
3034,632;79
3035,632;85
3036,632;88
3037,632;13263
3038,632;66
3039,632;73
3040,632;69
3041,632;87
3042,632;95
3043,632;13250
3044,632;76
3045,632;90
3046,632;76
3047,632;76
3048,632;101
3049,632;13250
3050,632;97
3051,632;88
3052,632;69
3053,632;93
3054,632;93
3055,632;13293
3056,632;87
3057,632;79
3058,632;95
3059,632;73
3060,632;82
3061,632;13232
3062,632;68
3063,632;84
3064,632;90
3065,632;76
3066,632;79
3067,632;13270
3068,632;75
3069,632;81
3070,632;81
3071,632;95
3072,632;91
3073,632;13265
3074,632;68
3075,632;84
3076,632;115
3077,632;87
3078,632;87
3079,632;13260
3080,632;110
3081,632;82
3082,632;106
3083,632;92
3084,632;93
3085,632;13305
3086,632;85
3087,632;74
3088,632;89
3089,632;90
3090,632;95
3091,632;13303
3092,632;93
3093,632;98
3094,632;91
3095,632;81
3096,632;106
3097,632;13288
3098,632;71
3099,632;93
3100,632;85
3101,632;98
3102,632;111
3103,632;13274
3104,632;89
3105,632;106
3106,632;84
3107,632;104
3108,632;106
3109,632;13276
3110,632;77
3111,632;89
3112,632;88
3113,632;103
3114,632;96
3115,632;13264
3116,632;88
3117,632;97
3118,632;87
3119,632;85
3120,632;91
3121,632;13291
3122,632;90
3123,632;93
3124,632;92
3125,632;104
3126,632;102
3127,632;13267
3128,632;86
3129,632;109
3130,632;98
3131,632;96
3132,632;92
3135,55;13294
3136,55;85
3137,55;88
3138,55;112
3139,55;89
3140,55;104
3141,55;13256
3142,55;87
3143,55;85
3144,55;97
3145,55;94
3146,55;84
3147,55;13258
3148,55;76
3149,55;96
3150,55;106
3151,55;98
3152,55;94
3153,55;13282
3154,55;82
3155,55;89
3156,55;89
3157,55;88
3158,55;84
3159,55;13253
3160,55;66
3161,55;100
3162,55;100
3163,55;107
3164,55;100
3165,55;13244
3166,55;84
3167,55;84
3168,55;96
3169,55;107
3170,55;118
3171,55;13235
3172,55;91
3173,55;104
3174,55;90
3175,55;82
3176,55;104
3177,55;13275
3178,55;79
3179,55;100
3180,55;100
3181,55;86
3182,55;103
3183,55;13245
3184,55;90
3185,55;97
3186,55;85
3187,55;94
3188,55;96
3189,55;13257
3190,55;81
3191,55;90
3192,55;93
3193,55;92
3194,55;86
3195,55;13230
3196,55;69
3197,55;94
3198,55;105
3199,55;83
3200,55;104
3201,55;13249
3202,55;71
3203,55;76
3204,55;92
3205,55;88
3206,55;109
3207,55;13268
3208,55;96
3209,55;87
3210,55;77
3211,55;85
3212,55;99
3213,55;13261
3214,55;75
3215,55;93
3216,55;75
3217,55;93
3218,55;103
3219,55;13253
3220,55;103
3221,55;93
3222,55;78
3223,55;99
3224,55;79
3225,55;13224
3226,55;76
3227,55;88
3228,55;97
3229,55;91
3230,55;92
3231,55;13251
3232,55;90
3233,55;109
3234,55;99
3235,55;82
3235,11;94
3236,11;13250
3237,11;96
3238,11;79
3239,11;89
3240,11;84
3241,11;111
3242,11;13243
3243,11;89
3244,11;92
3245,11;77
3246,11;96
3247,11;84
3248,11;13211
3249,11;81
3250,11;84
3251,11;74
3252,11;87
3253,11;95
3254,11;13263
3255,11;94
3256,11;71
3257,11;92
3258,11;86
3259,11;102
3260,11;13221
3261,11;89
3262,11;94
3263,11;98
3264,11;95
3265,11;78
3266,11;13223
3267,11;83
3268,11;95
3269,11;104
3270,11;84
3271,11;98
3272,11;13240
3273,11;80
3274,11;85
3275,11;81
3276,11;77
3277,11;107
3278,11;13257
3279,11;95
3280,11;94
3281,11;86
3282,11;94
3283,11;95
3284,11;13254
3285,11;78
3286,11;86
3287,11;71
3288,11;97
3289,11;97
3290,11;13219
3291,11;86
3292,11;80
3293,11;86
3294,11;75
3295,11;81
3296,11;13260
3297,11;66
3298,11;87
3299,11;83
3300,11;98
3301,11;83
3302,11;12924
3303,11;70
3304,11;86
3305,11;72
3306,11;69
3307,11;93
3308,11;13185
3309,11;61
3310,11;91
3311,11;82
3312,11;84
3313,11;84
3314,11;13244
3315,11;74
3316,11;78
3317,11;81
3318,11;87
3319,11;86
3320,11;13241
3321,11;62
3322,11;72
3323,11;86
3324,11;85
3325,11;84
3326,11;13208
3327,11;97
3328,11;87
3329,11;89
3330,11;97
3331,11;99
3332,11;13233
3333,11;76
3334,11;81
3335,11;99
3336,11;80
3337,11;110
3338,11;13252
3339,11;81
3340,11;82
3341,11;76
3342,11;80
3343,11;95
3344,11;13227
3345,11;83
3346,11;92
3347,11;91
3348,11;93
3349,11;97
3350,11;13255
3351,11;71
3352,11;99
3353,11;74
3354,11;99
3355,11;96
3356,11;13235
3357,11;84
3358,11;100
3359,11;76
3360,11;99
3361,11;99
3362,11;13248
3363,11;73
3364,11;73
3365,11;100
3366,11;83
3367,11;98
3368,11;13210
3369,11;90
3370,11;88
3371,11;86
3372,11;106
3373,11;82
3374,11;13242
3375,11;74
3376,11;85
3377,11;103
3378,11;94
3379,11;77
3380,11;13239
3381,11;74
3382,11;96
3383,11;87
3384,11;94
3385,11;99
3386,11;13232
3387,11;85
3388,11;92
3389,11;105
3390,11;93
3391,11;105
3392,11;13242
3393,11;74
3394,11;81
3395,11;98
3396,11;86
3397,11;81
3398,11;13272
3399,11;87
3400,11;99
3401,11;78
3402,11;84
3403,11;104
3404,11;13222
3405,11;96
3406,11;90
3407,11;91
3408,11;95
3409,11;102
3410,11;13224
3411,11;92
3412,11;93
3413,11;91
3414,11;84
3415,11;100
3416,11;13261
3417,11;91
3418,11;94
3419,11;94
3420,11;90
3421,11;85
3422,11;13279
3423,11;100
3424,11;100
3425,11;91
3426,11;81
3427,11;101
3428,11;13218
3429,11;94
3430,11;80
3431,11;102
3432,11;101
3433,11;90
3434,11;13254
3435,11;81
3436,11;74
3436,61;90
3437,61;99
3438,61;87
3439,61;13213
3440,61;88
3441,61;108
3442,61;93
3443,61;99
3444,61;94
3445,61;13221
3446,61;71
3447,61;81
3448,61;94
3449,61;93
3450,61;110
3451,61;13221
3452,61;87
3453,61;90
3454,61;95
3455,61;90
3456,61;103
3457,61;13235
3458,61;69
3459,61;89
3460,61;96
3461,61;87
3462,61;88
3463,61;13259
3464,61;84
3465,61;78
3466,61;103
3467,61;100
3468,61;93
3469,61;13246
3470,61;81
3471,61;82
3472,61;98
3473,61;94
3474,61;83
3475,61;13238
3476,61;78
3477,61;88
3478,61;108
3479,61;111
3480,61;86
3481,61;13230
3482,61;80
3483,61;96
3484,61;84
3485,61;107
3486,61;104
3487,61;13244
3488,61;77
3489,61;82
3490,61;96
3491,61;83
3492,61;92
3493,61;13224
3494,61;72
3495,61;86
3496,61;112
3497,61;90
3498,61;93
3499,61;13219
3500,61;74
3501,61;85
3502,61;95
3503,61;109
3504,61;95
3505,61;13249
3506,61;72
3507,61;81
3508,61;97
3509,61;96
3510,61;93
3511,61;13229
3512,61;86
3513,61;98
3514,61;104
3515,61;89
3516,61;104
3517,61;13220
3518,61;91
3519,61;107
3520,61;98
3521,61;81
3522,61;108
3523,61;13222
3524,61;89
3525,61;81
3526,61;81
3527,61;92
3528,61;87
3529,61;13270
3530,61;84
3531,61;77
3532,61;100
3533,61;94
3534,61;104
3535,61;13272
3536,61;78
3538,303;79
3539,303;83
3540,303;85
3541,303;96
3542,303;13254
3543,303;90
3544,303;112
3545,303;87
3546,303;82
3547,303;83
3548,303;13249
3549,303;93
3550,303;72
3551,303;94
3552,303;104
3553,303;94
3554,303;13244
3555,303;73
3556,303;88
3557,303;98
3558,303;79
3559,303;80
3560,303;13272
3561,303;73
3562,303;72
3563,303;67
3564,303;82
3565,303;82
3566,303;13239
3567,303;79
3568,303;72
3569,303;86
3570,303;78
3571,303;68
3572,303;13262
3573,303;64
3574,303;71
3575,303;69
3576,303;74
3577,303;82
3578,303;13266
3579,303;64
3580,303;91
3581,303;75
3582,303;67
3583,303;95
3584,303;13227
3585,303;60
3586,303;59
3587,303;74
3588,303;84
3589,303;87
3590,303;13247
3591,303;52
3592,303;71
3593,303;80
3594,303;80
3595,303;73
3596,303;13211
3597,303;70
3598,303;85
3599,303;67
3600,303;77
3601,303;65
3602,303;13220
3603,303;66
3604,303;57
3605,303;61
3606,303;81
3607,303;78
3608,303;13194
3609,303;48
3610,303;58
3611,303;71
3612,303;66
3613,303;72
3614,303;12904
3615,303;62
3616,303;68
3617,303;73
3618,303;76
3619,303;74
3620,303;13171
3621,303;73
3622,303;65
3623,303;60
3624,303;78
3625,303;95
3626,303;13215
3627,303;69
3628,303;92
3629,303;62
3630,303;69
3631,303;76
3632,303;13223
3633,303;66
3634,303;82
3635,303;83
3636,303;61
3637,303;74
3638,303;13238
3639,015;72
3640,015;68
3641,015;72
3642,015;70
3643,015;75
3644,015;13240
3645,015;66
3646,015;72
3647,015;85
3648,015;80
3649,015;85
3650,015;13229
3651,015;60
3652,015;79
3653,015;63
3654,015;92
3655,015;93
3656,015;13246
3657,015;64
3658,015;76
3659,015;83
3660,015;77
3661,015;55
3662,015;13248
3663,015;68
3664,015;68
3665,015;74
3666,015;72
3667,015;81
3668,015;13201
3669,015;66
3670,015;72
3671,015;65
3672,015;79
3673,015;90
3674,015;13232
3675,015;66
3676,015;78
3677,015;90
3678,015;81
3679,015;73
3680,015;13238
3681,015;78
3682,015;77
3683,015;85
3684,015;88
3685,015;89
3686,015;13238
3687,015;95
3688,015;82
3689,015;85
3690,015;86
3691,015;96
3692,015;13213
3693,015;88
3694,015;109
3695,015;101
3696,015;84
3697,015;96
3698,015;13200
3699,015;76
3700,015;79
3701,015;86
3702,015;83
3703,015;111
3704,015;13227
3705,015;71
3706,015;96
3707,015;71
3708,015;107
3709,015;98
3710,015;13255
3711,015;90
3712,015;65
3713,015;81
3714,015;101
3715,015;103
3716,015;13244
3717,015;84
3718,015;88
3719,015;98
3720,015;88
3721,015;104
3722,015;13234
3723,015;75
3724,015;91
3725,015;106
3726,015;90
3727,015;89
3728,015;13219
3729,015;71
3730,015;96
3731,015;99
3732,015;94
3733,015;100
3734,015;13264
3735,015;80
3736,015;86
3737,015;102
3738,015;84
3739,015;103
3739,18;13220
3740,18;98
3741,18;97
3742,18;81
3743,18;81
3744,18;103
3745,18;13246
3746,18;84
3747,18;77
3748,18;103
3749,18;104
3750,18;100
3751,18;13257
3752,18;69
3753,18;92
3754,18;78
3755,18;104
3756,18;109
3757,18;13235
3758,18;83
3759,18;90
3760,18;104
3761,18;88
3762,18;103
3763,18;13219
3764,18;74
3765,18;99
3766,18;108
3767,18;98
3768,18;94
3769,18;13240
3770,18;92
3771,18;103
3772,18;99
3773,18;100
3774,18;99
3775,18;13250
3776,18;84
3777,18;93
3778,18;85
3779,18;98
3780,18;90
3781,18;13218
3782,18;90
3783,18;73
3784,18;100
3785,18;99
3786,18;100
3787,18;13215
3788,18;72
3789,18;86
3790,18;71
3791,18;103
3792,18;98
3793,18;13248
3794,18;88
3795,18;89
3796,18;101
3797,18;91
3798,18;110
3799,18;13217
3800,18;84
3801,18;88
3802,18;110
3803,18;99
3804,18;104
3805,18;13237
3806,18;107
3807,18;102
3808,18;73
3809,18;101
3810,18;85
3811,18;13235
3812,18;88
3813,18;83
3814,18;90
3815,18;106
3816,18;75
3817,18;13218
3818,18;87
3819,18;86
3820,18;97
3821,18;108
3822,18;102
3823,18;13198
3824,18;72
3825,18;94
3826,18;76
3827,18;85
3828,18;91
3829,18;13241
3830,18;82
3831,18;82
3832,18;88
3833,18;115
3834,18;100
3835,18;13211
3836,18;86
3837,18;96
3838,18;102
3839,18;79
3840,175;95
3841,175;13187
3842,175;76
3843,175;83
3844,175;102
3845,175;93
3846,175;89
3847,175;13178
3848,175;97
3849,175;87
3850,175;89
3851,175;101
3852,175;92
3853,175;13182
3854,175;75
3855,175;90
3856,175;89
3857,175;91
3858,175;100
3859,175;13199
3860,175;81
3861,175;77
3862,175;77
3863,175;94
3864,175;93
3865,175;13205
3866,175;74
3867,175;81
3868,175;82
3869,175;87
3870,175;76
3871,175;13229
3872,175;81
3873,175;79
3874,175;105
3875,175;109
3876,175;85
3877,175;13186
3878,175;82
3879,175;87
3880,175;78
3881,175;105
3882,175;97
3883,175;13211
3884,175;87
3885,175;75
3886,175;75
3887,175;91
3888,175;94
3889,175;13188
3890,175;82
3891,175;95
3892,175;90
3893,175;107
3894,175;98
3895,175;13237
3896,175;81
3897,175;75
3898,175;77
3899,175;91
3900,175;85
3901,175;13228
3902,175;75
3903,175;72
3904,175;72
3905,175;86
3906,175;74
3907,175;13211
3908,175;80
3909,175;73
3910,175;75
3911,175;72
3912,175;86
3913,175;13242
3914,175;71
3915,175;90
3916,175;70
3917,175;84
3918,175;77
3919,175;13213
3920,175;68
3921,175;78
3922,175;74
3923,175;84
3924,175;87
3925,175;12897
3926,175;79
3927,175;65
3928,175;75
3929,175;89
3930,175;92
3931,175;13160
3932,175;65
3933,175;79
3934,175;78
3935,175;78
3936,175;90
3937,175;13189
3938,175;85
3939,175;72
3940,175;67
3941,175;85
3942,175;94
3943,175;13216
3944,175;74
3945,175;94
3946,175;70
3947,175;78
3948,175;88
3949,175;13238
3950,175;87
3951,175;84
3952,175;81
3953,175;90
3954,175;94
3955,175;13222
3956,175;82
3957,175;92
3958,175;96
3959,175;84
3960,175;92
3961,175;13194
3962,175;98
3963,175;81
3964,175;77
3965,175;87
3966,175;105
3967,175;13201
3968,175;88
3969,175;88
3970,175;107
3971,175;81
3972,175;82
3973,175;13220
3974,175;74
3975,175;69
3976,175;100
3977,175;102
3978,175;87
3979,175;13224
3980,175;73
3981,175;91
3982,175;125
3983,175;93
3984,175;78
3985,175;13182
3986,175;86
3987,175;84
3988,175;86
3989,175;85
3990,175;83
3991,175;13208
3992,175;84
3993,175;88
3994,175;111
3995,175;87
3996,175;99
3997,175;13222
3998,175;71
3999,175;100
4000,175;105
4001,175;96
4002,175;113
4003,175;13209
4004,175;78
4005,175;93
4006,175;89
4007,175;92
4008,175;100
4009,175;13222
4010,175;78
4011,175;88
4012,175;95
4013,175;92
4014,175;99
4015,175;13209
4016,175;77
4017,175;101
4018,175;107
4019,175;94
4020,175;107
4021,175;13190
4022,175;73
4023,175;93
4024,175;80
4025,175;103
4026,175;95
4027,175;13187
4028,175;91
4029,175;86
4030,175;86
4031,175;95
4032,175;87
4033,175;13204
4034,175;104
4035,175;83
4036,175;71
4037,175;92
4038,175;88
4039,175;13203
4040,175;83
4041,175;85
4042,922;85
4043,922;89
4044,922;92
4045,922;13210
4046,922;88
4047,922;93
4048,922;106
4049,922;85
4050,922;96
4051,922;13229
4052,922;101
4053,922;95
4054,922;106
4055,922;97
4056,922;98
4057,922;13237
4058,922;86
4059,922;105
4060,922;90
4061,922;87
4062,922;97
4063,922;13219
4064,922;88
4065,922;94
4066,922;100
4067,922;91
4068,922;105
4069,922;13199
4070,922;80
4071,922;93
4072,922;82
4073,922;81
4074,922;91
4075,922;13231
4076,922;80
4077,922;77
4078,922;93
4079,922;104
4080,922;87
4081,922;13205
4082,922;77
4083,922;114
4084,922;94
4085,922;86
4086,922;103
4087,922;13181
4088,922;83
4089,922;79
4090,922;87
4091,922;95
4092,922;110
4093,922;13241
4094,922;81
4095,922;92
4096,922;79
4097,922;107
4098,922;101
4099,922;13210
4100,922;70
4101,922;98
4102,922;105
4103,922;101
4104,922;93
4105,922;13207
4106,922;97
4107,922;80
4108,922;102
4109,922;87
4110,922;91
4111,922;13235
4112,922;77
4113,922;90
4114,922;73
4115,922;97
4116,922;97
4117,922;13237
4118,922;87
4119,922;94
4120,922;102
4121,922;109
4122,922;109
4123,922;13207
4124,922;91
4125,922;100
4126,922;98
4127,922;110
4128,922;95
4129,922;13216
4130,922;84
4131,922;104
4132,922;92
4133,922;86
4134,922;106
4135,922;13199
4136,922;103
4137,922;96
4138,922;87
4139,922;94
4140,922;102
4141,922;13213
4142,922;96
4143,862;93
4144,862;90
4145,862;94
4146,862;89
4147,862;13202
4148,862;69
4149,862;91
4150,862;91
4151,862;82
4152,862;86
4153,862;13220
4154,862;87
4155,862;81
4156,862;97
4157,862;87
4158,862;99
4159,862;13231
4160,862;72
4161,862;76
4162,862;86
4163,862;75
4164,862;89
4165,862;13231
4166,862;89
4167,862;85
4168,862;104
4169,862;77
4170,862;88
4171,862;13241
4172,862;60
4173,862;79
4174,862;81
4175,862;85
4176,862;89
4177,862;13254
4178,862;87
4179,862;72
4180,862;74
4181,862;87
4182,862;83
4183,862;13182
4184,862;82
4185,862;83
4186,862;80
4187,862;87
4188,862;65
4189,862;13237
4190,862;79
4191,862;69
4192,862;76
4193,862;95
4194,862;83
4195,862;13242
4196,862;82
4197,862;66
4198,862;71
4199,862;71
4200,862;82
4201,862;13237
4202,862;69
4203,862;71
4204,862;72
4205,862;97
4206,862;71
4207,862;13186
4208,862;74
4209,862;63
4210,862;84
4211,862;83
4212,862;82
4213,862;13256
4214,862;71
4215,862;79
4216,862;78
4217,862;90
4218,862;83
4219,862;13225
4220,862;79
4221,862;63
4222,862;69
4223,862;72
4224,862;59
4225,862;13226
4226,862;66
4227,862;66
4228,862;76
4229,862;71
4230,862;76
4231,862;13201
4232,862;67
4233,862;69
4234,862;55
4235,862;54
4236,862;77
4237,862;12886
4238,862;81
4239,862;70
4240,862;93
4241,862;73
4242,862;61
4243,862;13151
4244,184;68
4245,184;69
4246,184;85
4247,184;78
4248,184;94
4249,184;13209
4250,184;62
4251,184;75
4252,184;75
4253,184;69
4254,184;75
4255,184;13215
4256,184;71
4257,184;73
4258,184;88
4259,184;79
4260,184;80
4261,184;13216
4262,184;56
4263,184;70
4264,184;67
4265,184;67
4266,184;75
4267,184;13189
4268,184;83
4269,184;71
4270,184;87
4271,184;73
4272,184;74
4273,184;13280
4274,184;61
4275,184;77
4276,184;86
4277,184;83
4278,184;79
4279,184;13218
4280,184;71
4281,184;66
4282,184;80
4283,184;78
4284,184;82
4285,184;13213
4286,184;85
4287,184;73
4288,184;87
4289,184;91
4290,184;86
4291,184;13209
4292,184;63
4293,184;82
4294,184;101
4295,184;113
4296,184;71
4297,184;13214
4298,184;88
4299,184;80
4300,184;86
4301,184;95
4302,184;94
4303,184;13226
4304,184;65
4305,184;85
4306,184;82
4307,184;88
4308,184;91
4309,184;13199
4310,184;83
4311,184;86
4312,184;109
4313,184;77
4314,184;84
4315,184;13232
4316,184;72
4317,184;78
4318,184;92
4319,184;94
4320,184;96
4321,184;13196
4322,184;95
4323,184;92
4324,184;88
4325,184;90
4326,184;95
4327,184;13192
4328,184;90
4329,184;95
4330,184;89
4331,184;107
4332,184;100
4333,184;13197
4334,184;82
4335,184;99
4336,184;77
4337,184;106
4338,184;97
4339,184;13224
4340,184;80
4341,184;109
4342,184;102
4343,184;116
4344,184;97
4345,809;13191
4346,809;75
4347,809;107
4348,809;93
4349,809;96
4350,809;97
4351,809;13224
4352,809;75
4353,809;81
4354,809;109
4355,809;103
4356,809;112
4357,809;13201
4358,809;94
4359,809;108
4360,809;92
4361,809;80
4362,809;119
4363,809;13218
4364,809;91
4365,809;97
4366,809;100
4367,809;74
4368,809;84
4369,809;13203
4370,809;83
4371,809;91
4372,809;93
4373,809;103
4374,809;102
4375,809;13238
4376,809;77
4377,809;89
4378,809;119
4379,809;89
4380,809;87
4381,809;13208
4382,809;82
4383,809;94
4384,809;93
4385,809;109
4386,809;98
4387,809;13217
4388,809;83
4389,809;77
4390,809;90
4391,809;79
4392,809;104
4393,809;13215
4394,809;84
4395,809;81
4396,809;95
4397,809;71
4398,809;98
4399,809;13223
4400,809;68
4401,809;108
4402,809;92
4403,809;104
4404,809;90
4405,809;13203
4406,809;85
4407,809;88
4408,809;87
4409,809;106
4410,809;76
4411,809;13205
4412,809;89
4413,809;110
4414,809;96
4415,809;80
4416,809;100
4417,809;13243
4418,809;93
4419,809;100
4420,809;92
4421,809;79
4422,809;103
4423,809;13219
4424,809;89
4425,809;100
4426,809;80
4427,809;97
4428,809;116
4429,809;13202
4430,809;71
4431,809;80
4432,809;74
4433,809;88
4434,809;105
4435,809;13203
4436,809;93
4437,809;83
4438,809;106
4439,809;85
4440,809;98
4441,809;13219
4442,809;67
4443,809;71
4444,809;89
4445,809;91
4446,809;111
4447,809;13191
4448,809;84
4449,809;111
4450,809;97
4451,809;99
4452,809;87
4453,809;13225
4454,809;68
4455,809;119
4456,809;100
4457,809;83
4458,809;94
4459,809;13176
4460,809;82
4461,809;95
4462,809;107
4463,809;103
4464,809;94
4465,809;13183
4466,809;69
4467,809;97
4468,809;90
4469,809;84
4470,809;80
4471,809;13201
4472,809;67
4473,809;90
4474,809;77
4475,809;94
4476,809;102
4477,809;13205
4478,809;70
4479,809;75
4480,809;82
4481,809;109
4482,809;83
4483,809;13164
4484,809;89
4485,809;86
4486,809;91
4487,809;103
4488,809;104
4489,809;13205
4490,809;87
4491,809;104
4492,809;91
4493,809;93
4494,809;97
4495,809;13219
4496,809;83
4497,809;85
4498,809;88
4499,809;96
4500,809;95
4501,809;13188
4502,809;97
4503,809;104
4504,809;95
4505,809;122
4506,809;94
4507,809;13179
4508,809;79
4509,809;84
4510,809;86
4511,809;110
4512,809;91
4513,809;13216
4514,809;76
4515,809;87
4516,809;102
4517,809;74
4518,809;109
4519,809;13191
4520,809;68
4521,809;93
4522,809;85
4523,809;76
4524,809;86
4525,809;13182
4526,809;74
4527,809;76
4528,809;90
4529,809;72
4530,809;83
4531,809;13217
4532,809;79
4533,809;84
4534,809;84
4535,809;96
4536,809;74
4537,809;13207
4538,809;78
4539,809;80
4540,809;77
4541,809;90
4542,809;94
4543,809;13180
4544,809;90
4545,809;88
4546,809;77
4548,11;85
4549,11;92
4550,11;12862
4551,11;70
4552,11;73
4553,11;73
4554,11;81
4555,11;84
4556,11;13130
4557,11;68
4558,11;82
4559,11;77
4560,11;72
4561,11;83
4562,11;13153
4563,11;90
4564,11;75
4565,11;88
4566,11;95
4567,11;81
4568,11;13189
4569,11;61
4570,11;92
4571,11;80
4572,11;74
4573,11;94
4574,11;13177
4575,11;89
4576,11;99
4577,11;85
4578,11;102
4579,11;104
4580,11;13184
4581,11;85
4582,11;87
4583,11;80
4584,11;105
4585,11;95
4586,11;13194
4587,11;91
4588,11;88
4589,11;80
4590,11;77
4591,11;93
4592,11;13210
4593,11;85
4594,11;95
4595,11;100
4596,11;92
4597,11;96
4598,11;13224
4599,11;96
4600,11;97
4601,11;84
4602,11;95
4603,11;84
4604,11;13219
4605,11;96
4606,11;78
4607,11;92
4608,11;90
4609,11;115
4610,11;13170
4611,11;76
4612,11;103
4613,11;93
4614,11;92
4615,11;91
4616,11;13221
4617,11;77
4618,11;88
4619,11;89
4620,11;79
4621,11;104
4622,11;13205
4623,11;95
4624,11;89
4625,11;72
4626,11;90
4627,11;99
4628,11;13187
4629,11;88
4630,11;96
4631,11;97
4632,11;110
4633,11;88
4634,11;13179
4635,11;100
4636,11;96
4637,11;73
4638,11;93
4639,11;96
4640,11;13219
4641,11;80
4642,11;88
4643,11;85
4644,11;88
4645,11;87
4646,11;13201
4647,11;85
4648,11;86
4649,11;86
4650,11;98
4651,11;82
4652,11;13224
4653,11;90
4654,11;99
4655,11;100
4656,11;98
4657,11;115
4658,11;13221
4659,11;61
4660,11;82
4661,11;97
4662,11;99
4663,11;85
4664,11;13208
4665,11;78
4666,11;84
4667,11;103
4668,11;94
4669,11;100
4670,11;13230
4671,11;91
4672,11;90
4673,11;91
4674,11;82
4675,11;108
4676,11;13203
4677,11;74
4678,11;85
4679,11;92
4680,11;103
4681,11;89
4682,11;13204
4683,11;74
4684,11;90
4685,11;83
4686,11;98
4687,11;106
4688,11;13202
4689,11;72
4690,11;91
4691,11;84
4692,11;91
4693,11;95
4694,11;13192
4695,11;96
4696,11;105
4697,11;97
4698,11;97
4699,11;102
4700,11;13203
4701,11;95
4702,11;84
4703,11;77
4704,11;98
4705,11;89
4706,11;13195
4707,11;77
4708,11;100
4709,11;83
4710,11;119
4711,11;91
4712,11;13211
4713,11;97
4714,11;75
4715,11;86
4716,11;103
4717,11;88
4718,11;13217
4719,11;104
4720,11;100
4721,11;100
4722,11;94
4723,11;82
4724,11;13199
4725,11;106
4726,11;98
4727,11;98
4728,11;97
4729,11;89
4730,11;13210
4731,11;79
4732,11;94
4733,11;92
4734,11;104
4735,11;101
4736,11;13204
4737,11;81
4738,11;95
4739,11;94
4740,11;103
4741,11;99
4742,11;13183
4743,11;91
4744,11;81
4745,11;85
4746,11;104
4747,11;112
4748,11;13214
4749,11;84
4750,11;87
4751,11;92
4752,11;97
4753,11;94
4754,11;13200
4755,11;88
4756,11;84
4757,11;90
4758,11;88
4759,11;109
4760,11;13215
4761,11;86
4762,11;80
4763,11;94
4764,11;86
4765,11;105
4766,11;13249
4767,11;70
4768,11;77
4769,11;99
4770,11;80
4771,11;95
4772,11;13233
4773,11;87
4774,11;81
4775,11;82
4776,11;99
4777,11;102
4778,11;13237
4779,11;91
4780,11;94
4781,11;75
4782,11;103
4783,11;96
4784,11;13215
4785,11;81
4786,11;98
4787,11;90
4788,11;100
4789,11;86
4790,11;13235
4791,11;76
4792,11;92
4793,11;88
4794,11;87
4795,11;78
4796,11;13224
4797,11;84
4798,11;99
4799,11;89
4800,11;71
4801,11;83
4802,11;13199
4803,11;78
4804,11;75
4805,11;96
4806,11;78
4807,11;97
4808,11;13173
4809,11;71
4810,11;71
4811,11;83
4812,11;94
4813,11;101
4814,11;13230
4815,11;67
4816,11;63
4817,11;80
4818,11;85
4819,11;84
4820,11;13220
4821,11;56
4822,11;88
4823,11;91
4824,11;100
4825,11;83
4826,11;13233
4827,11;73
4828,11;79
4829,11;73
4830,11;89
4831,11;89
4832,11;13212
4833,11;60
4834,11;73
4835,11;77
4836,11;59
4837,11;80
4838,11;13195
4839,11;71
4840,11;58
4841,11;76
4842,11;74
4843,11;80
4844,11;13199
4845,11;64
4846,11;78
4847,11;50
4848,11;72
4849,11;84
4850,11;13176
4850,775;59
4851,775;65
4852,775;74
4853,775;76
4854,775;90
4855,775;13205
4856,775;65
4857,775;54
4858,775;79
4859,775;77
4860,775;61
4861,775;12877
4862,775;59
4863,775;63
4864,775;70
4865,775;96
4866,775;72
4867,775;13142
4868,775;55
4869,775;72
4870,775;70
4871,775;98
4872,775;75
4873,775;13199
4874,775;51
4875,775;76
4876,775;67
4877,775;76
4878,775;64
4879,775;13207
4880,775;85
4881,775;63
4882,775;77
4883,775;58
4884,775;83
4885,775;13197
4886,775;77
4887,775;74
4888,775;72
4889,775;75
4890,775;73
4891,775;13215
4892,775;82
4893,775;61
4894,775;91
4895,775;73
4896,775;102
4897,775;13234
4898,775;80
4899,775;71
4900,775;81
4901,775;71
4902,775;91
4903,775;13238
4904,775;85
4905,775;77
4906,775;105
4907,775;76
4908,775;85
4909,775;13207
4910,775;92
4911,775;81
4912,775;88
4913,775;100
4914,775;104
4915,775;13203
4916,775;82
4917,775;84
4918,775;83
4919,775;93
4920,775;100
4921,775;13247
4922,775;79
4923,775;87
4924,775;97
4925,775;86
4926,775;72
4927,775;13223
4928,775;72
4929,775;86
4930,775;107
4931,775;83
4932,775;94
4933,775;13199
4934,775;87
4935,775;85
4936,775;93
4937,775;104
4938,775;98
4939,775;13189
4940,775;82
4941,775;86
4942,775;94
4943,775;106
4944,775;108
4945,775;13225
4946,775;100
4947,775;75
4948,775;86
4949,775;75
4950,775;108
4951,775;13224
4952,775;98
4953,775;95
4954,775;107
4955,775;110
4956,775;98
4957,775;13245
4958,775;89
4959,775;79
4960,775;95
4961,775;99
4962,775;101
4963,775;13224
4964,775;98
4965,775;97
4966,775;84
4967,775;100
4968,775;95
4969,775;13200
4970,775;101
4971,775;81
4972,775;88
4973,775;88
4974,775;101
4975,775;13227
4976,775;100
4977,775;97
4978,775;99
4979,775;94
4980,775;107
4981,775;13226
4982,775;80
4983,775;97
4984,775;89
4985,775;92
4986,775;85
4987,775;13187
4988,775;90
4989,775;96
4990,775;90
4991,775;87
4992,775;94
4993,775;13215
4994,775;105
4995,775;97
4996,775;95
4997,775;101
4998,775;106
4999,775;13201
5000,775;77
5001,775;83
5002,775;91
5003,775;95
5004,775;99
5005,775;13200
5006,775;90
5007,775;88
5008,775;95
5009,775;85
5010,775;89
5011,775;13198
5012,775;103
5013,775;92
5014,775;90
5015,775;97
5016,775;113
5017,775;13233
5018,775;85
5019,775;74
5020,775;93
5021,775;82
5022,775;86
5023,775;13210
5024,775;87
5025,775;78
5026,775;83
5027,775;91
5028,775;92
5029,775;13176
5030,775;81
5031,775;91
5032,775;97
5033,775;114
5034,775;92
5035,775;13239
5036,775;93
5037,775;106
5038,775;92
5039,775;86
5040,775;96
5041,775;13207
5042,775;76
5043,775;80
5044,775;103
5045,775;90
5046,775;81
5047,775;13213
5048,775;72
5049,775;98
5050,775;86
5051,775;94
5052,972;118
5053,972;13206
5054,972;96
5055,972;89
5056,972;105
5057,972;89
5058,972;106
5059,972;13193
5060,972;94
5061,972;78
5062,972;94
5063,972;102
5064,972;94
5065,972;13211
5066,972;79
5067,972;100
5068,972;104
5069,972;91
5070,972;107
5071,972;13197
5072,972;88
5073,972;86
5074,972;99
5075,972;77
5076,972;86
5077,972;13219
5078,972;80
5079,972;98
5080,972;101
5081,972;95
5082,972;103
5083,972;13209
5084,972;85
5085,972;82
5086,972;97
5087,972;76
5088,972;85
5089,972;13214
5090,972;83
5091,972;98
5092,972;78
5093,972;79
5094,972;95
5095,972;13215
5096,972;85
5097,972;91
5098,972;94
5099,972;79
5100,972;112
5101,972;13207
5102,972;87
5103,972;79
5104,972;98
5105,972;97
5106,972;90
5107,972;13164
5108,972;76
5109,972;87
5110,972;85
5111,972;100
5112,972;98
5113,972;13227
5114,972;76
5115,972;78
5116,972;81
5117,972;99
5118,972;91
5119,972;13217
5120,972;81
5121,972;90
5122,972;86
5123,972;74
5124,972;98
5125,972;13180
5126,972;73
5127,972;66
5128,972;103
5129,972;77
5130,972;74
5131,972;13197
5132,972;84
5133,972;79
5134,972;94
5135,972;79
5136,972;86
5137,972;13215
5138,972;87
5139,972;73
5140,972;86
5141,972;91
5142,972;102
5143,972;13178
5144,972;71
5145,972;76
5146,972;95
5147,972;75
5148,972;95
5149,972;13188
5150,972;80
5151,972;63
5152,972;85
5153,894;94
5154,894;75
5155,894;13231
5156,894;91
5157,894;86
5158,894;73
5159,894;83
5160,894;96
5161,894;13213
5162,894;69
5163,894;77
5164,894;81
5165,894;75
5166,894;96
5167,894;13174
5168,894;66
5169,894;63
5170,894;68
5171,894;86
5172,894;87
5173,894;12896
5174,894;86
5175,894;86
5176,894;87
5177,894;77
5178,894;83
5179,894;13133
5180,894;77
5181,894;85
5182,894;74
5183,894;101
5184,894;80
5185,894;13192
5186,894;88
5187,894;78
5188,894;92
5189,894;92
5190,894;76
5191,894;13140
5192,894;83
5193,894;81
5194,894;80
5195,894;93
5196,894;89
5197,894;13223
5198,894;72
5199,894;81
5200,894;91
5201,894;96
5202,894;95
5203,894;13168
5204,894;91
5205,894;69
5206,894;94
5207,894;79
5208,894;88
5209,894;13168
5210,894;71
5211,894;80
5212,894;88
5213,894;88
5214,894;85
5215,894;13203
5216,894;83
5217,894;86
5218,894;92
5219,894;75
5220,894;109
5221,894;13228
5222,894;89
5223,894;74
5224,894;83
5225,894;91
5226,894;107
5227,894;13173
5228,894;84
5229,894;75
5230,894;76
5231,894;89
5232,894;92
5233,894;13189
5234,894;75
5235,894;111
5236,894;94
5237,894;90
5238,894;95
5239,894;13218
5240,894;89
5241,894;85
5242,894;78
5243,894;121
5244,894;85
5245,894;13200
5246,894;94
5247,894;81
5248,894;108
5249,894;92
5250,894;92
5251,894;13200
5252,894;73
5253,894;91
5255,114;97
5256,114;89
5257,114;87
5258,114;13223
5259,114;76
5260,114;84
5261,114;101
5262,114;86
5263,114;87
5264,114;13196
5265,114;89
5266,114;75
5267,114;107
5268,114;83
5269,114;104
5270,114;13204
5271,114;88
5272,114;90
5273,114;94
5274,114;89
5275,114;80
5276,114;13185
5277,114;95
5278,114;89
5279,114;83
5280,114;105
5281,114;117
5282,114;13192
5283,114;81
5284,114;104
5285,114;98
5286,114;96
5287,114;97
5288,114;13175
5289,114;87
5290,114;82
5291,114;96
5292,114;95
5293,114;94
5294,114;13220
5295,114;100
5296,114;112
5297,114;98
5298,114;108
5299,114;110
5300,114;13213
5301,114;74
5302,114;103
5303,114;97
5304,114;74
5305,114;98
5306,114;13204
5307,114;88
5308,114;86
5309,114;102
5310,114;87
5311,114;96
5312,114;13203
5313,114;79
5314,114;74
5315,114;104
5316,114;102
5317,114;84
5318,114;13224
5319,114;75
5320,114;76
5321,114;98
5322,114;100
5323,114;83
5324,114;13224
5325,114;98
5326,114;85
5327,114;114
5328,114;97
5329,114;84
5330,114;13237
5331,114;92
5332,114;103
5333,114;100
5334,114;103
5335,114;76
5336,114;13227
5337,114;105
5338,114;101
5339,114;91
5340,114;103
5341,114;89
5342,114;13194
5343,114;92
5344,114;77
5345,114;83
5346,114;101
5347,114;89
5348,114;13209
5349,114;105
5350,114;96
5351,114;89
5352,114;92
5353,114;115
5354,114;13191
5355,114;93
5355,585;83
5356,585;83
5357,585;94
5358,585;93
5359,585;13195
5360,585;93
5361,585;87
5362,585;95
5363,585;109
5364,585;102
5365,585;13188
5366,585;81
5367,585;92
5368,585;88
5369,585;103
5370,585;92
5371,585;13216
5372,585;89
5373,585;87
5374,585;80
5375,585;90
5376,585;106
5377,585;13221
5378,585;91
5379,585;87
5380,585;98
5381,585;82
5382,585;101
5383,585;13190
5384,585;83
5385,585;94
5386,585;95
5387,585;115
5388,585;90
5389,585;13230
5390,585;92
5391,585;91
5392,585;118
5393,585;103
5394,585;100
5395,585;13225
5396,585;90
5397,585;86
5398,585;83
5399,585;99
5400,585;92
5401,585;13223
5402,585;71
5403,585;90
5404,585;102
5405,585;119
5406,585;98
5407,585;13220
5408,585;85
5409,585;106
5410,585;102
5411,585;87
5412,585;99
5413,585;13209
5414,585;91
5415,585;88
5416,585;100
5417,585;80
5418,585;101
5419,585;13207
5420,585;75
5421,585;87
5422,585;79
5423,585;103
5424,585;89
5425,585;13204
5426,585;84
5427,585;85
5428,585;97
5429,585;101
5430,585;94
5431,585;13277
5432,585;83
5433,585;84
5434,585;88
5435,585;90
5436,585;93
5437,585;13243
5438,585;85
5439,585;81
5440,585;72
5441,585;83
5442,585;81
5443,585;13176
5444,585;77
5445,585;99
5446,585;84
5447,585;69
5448,585;91
5449,585;13210
5450,585;78
5451,585;76
5452,585;95
5453,585;72
5454,585;78
5455,585;13205
5457,585;79
5458,585;75
5459,585;96
5460,585;68
5461,585;77
5462,585;13201
5463,585;73
5464,585;71
5465,585;70
5466,585;76
5467,585;78
5468,585;13192
5469,585;77
5470,585;64
5471,585;73
5472,585;83
5473,585;69
5474,585;13200
5475,585;65
5476,585;71
5477,585;73
5478,585;75
5479,585;88
5480,585;13178
5481,585;73
5482,585;72
5483,585;76
5484,585;78
5485,585;69
5486,585;12888
5487,585;76
5488,585;65
5489,585;69
5490,585;75
5491,585;72
5492,585;13158
5493,585;64
5494,585;75
5495,585;76
5496,585;84
5497,585;80
5498,585;13181
5499,585;53
5500,585;62
5501,585;83
5502,585;82
5503,585;76
5504,585;13195
5505,585;75
5506,585;75
5507,585;68
5508,585;87
5509,585;81
5510,585;13223
5511,585;78
5512,585;95
5513,585;87
5514,585;84
5515,585;83
5516,585;13178
5517,585;106
5518,585;78
5519,585;82
5520,585;93
5521,585;94
5522,585;13196
5523,585;71
5524,585;88
5525,585;93
5526,585;98
5527,585;71
5528,585;13154
5529,585;92
5530,585;90
5531,585;91
5532,585;103
5533,585;111
5534,585;13229
5535,585;74
5536,585;89
5537,585;84
5538,585;81
5539,585;72
5540,585;13244
5541,585;88
5542,585;75
5543,585;74
5544,585;91
5545,585;82
5546,585;13221
5547,585;66
5548,585;81
5549,585;92
5550,585;96
5551,585;99
5552,585;13241
5553,585;91
5554,585;91
5555,585;84
5556,585;83
5557,585;92
5558,111;13217
5559,111;93
5560,111;103
5561,111;87
5562,111;90
5563,111;85
5564,111;13250
5565,111;78
5566,111;89
5567,111;95
5568,111;112
5569,111;100
5570,111;13165
5571,111;108
5572,111;101
5573,111;96
5574,111;97
5575,111;96
5576,111;13192
5577,111;94
5578,111;94
5579,111;90
5580,111;83
5581,111;106
5582,111;13198
5583,111;108
5584,111;103
5585,111;79
5586,111;108
5587,111;76
5588,111;13223
5589,111;76
5590,111;90
5591,111;102
5592,111;87
5593,111;84
5594,111;13211
5595,111;79
5596,111;87
5597,111;94
5598,111;78
5599,111;94
5600,111;13196
5601,111;85
5602,111;78
5603,111;84
5604,111;106
5605,111;106
5606,111;13214
5607,111;90
5608,111;103
5609,111;87
5610,111;86
5611,111;112
5612,111;13169
5613,111;95
5614,111;81
5615,111;104
5616,111;87
5617,111;107
5618,111;13233
5619,111;84
5620,111;95
5621,111;91
5622,111;98
5623,111;123
5624,111;13204
5625,111;81
5626,111;92
5627,111;96
5628,111;82
5629,111;107
5630,111;13194
5631,111;83
5632,111;70
5633,111;85
5634,111;105
5635,111;112
5636,111;13178
5637,111;89
5638,111;90
5639,111;93
5640,111;99
5641,111;101
5642,111;13219
5643,111;85
5644,111;92
5645,111;98
5646,111;114
5647,111;101
5648,111;13187
5649,111;90
5650,111;112
5651,111;82
5652,111;107
5653,111;86
5654,111;13182
5655,111;89
5656,111;94
5657,111;92
5658,111;83
5659,11;107
5660,11;13209
5661,11;91
5662,11;88
5663,11;109
5664,11;96
5665,11;95
5666,11;13220
5667,11;84
5668,11;96
5669,11;95
5670,11;80
5671,11;99
5672,11;13187
5673,11;74
5674,11;84
5675,11;113
5676,11;83
5677,11;107
5678,11;13214
5679,11;82
5680,11;89
5681,11;79
5682,11;104
5683,11;93
5684,11;13163
5685,11;70
5686,11;86
5687,11;91
5688,11;96
5689,11;102
5690,11;13201
5691,11;90
5692,11;96
5693,11;101
5694,11;104
5695,11;91
5696,11;13198
5697,11;112
5698,11;87
5699,11;98
5700,11;86
5701,11;102
5702,11;13187
5703,11;85
5704,11;104
5705,11;96
5706,11;94
5707,11;107
5708,11;13187
5709,11;82
5710,11;81
5711,11;78
5712,11;99
5713,11;92
5714,11;13216
5715,11;79
5716,11;83
5717,11;103
5718,11;85
5719,11;86
5720,11;13156
5721,11;84
5722,11;84
5723,11;97
5724,11;97
5725,11;90
5726,11;13200
5727,11;82
5728,11;84
5729,11;88
5730,11;89
5731,11;105
5732,11;13215
5733,11;82
5734,11;84
5735,11;94
5736,11;84
5737,11;95
5738,11;13172
5739,11;74
5740,11;97
5741,11;105
5742,11;107
5743,11;84
5744,11;13181
5745,11;88
5746,11;89
5747,11;107
5748,11;70
5749,11;96
5750,11;13150
5751,11;98
5752,11;91
5753,11;91
5754,11;94
5755,11;108
5756,11;13213
5757,11;85
5758,11;74
5759,11;97
5759,746;93
5760,746;105
5761,746;13170
5762,746;63
5763,746;84
5764,746;87
5765,746;93
5766,746;69
5767,746;13177
5768,746;73
5769,746;84
5770,746;88
5771,746;97
5772,746;77
5773,746;13190
5774,746;72
5775,746;77
5776,746;92
5777,746;83
5778,746;91
5779,746;13183
5780,746;73
5781,746;82
5782,746;66
5783,746;77
5784,746;79
5785,746;13170
5786,746;86
5787,746;94
5788,746;87
5789,746;85
5790,746;90
5791,746;13168
5792,746;76
5793,746;81
5794,746;78
5795,746;85
5796,746;91
5797,746;12851
5798,746;83
5799,746;86
5800,746;78
5801,746;87
5802,746;84
5803,746;13126
5804,746;86
5805,746;82
5806,746;66
5807,746;70
5808,746;85
5809,746;13155
5810,746;66
5811,746;92
5812,746;86
5813,746;96
5814,746;66
5815,746;13172
5816,746;73
5817,746;78
5818,746;92
5819,746;95
5820,746;97
5821,746;13230
5822,746;81
5823,746;65
5824,746;89
5825,746;103
5826,746;86
5827,746;13188
5828,746;99
5829,746;85
5830,746;98
5831,746;79
5832,746;83
5833,746;13235
5834,746;87
5835,746;104
5836,746;79
5837,746;83
5838,746;90
5839,746;13156
5840,746;86
5841,746;69
5842,746;94
5843,746;112
5844,746;81
5845,746;13198
5846,746;84
5847,746;81
5848,746;80
5849,746;94
5850,746;97
5851,746;13219
5852,746;82
5853,746;87
5854,746;91
5855,746;78
5856,746;100
5857,746;13197
5858,746;99
5859,746;90
5860,926;99
5861,926;97
5862,926;104
5863,926;13183
5864,926;97
5865,926;82
5866,926;90
5867,926;96
5868,926;90
5869,926;13190
5870,926;82
5871,926;77
5872,926;84
5873,926;92
5874,926;86
5875,926;13199
5876,926;106
5877,926;101
5878,926;86
5879,926;86
5880,926;92
5881,926;13193
5882,926;92
5883,926;98
5884,926;92
5885,926;87
5886,926;107
5887,926;13182
5888,926;102
5889,926;91
5890,926;108
5891,926;103
5892,926;78
5893,926;13207
5894,926;95
5895,926;94
5896,926;100
5897,926;92
5898,926;101
5899,926;13196
5900,926;96
5901,926;107
5902,926;97
5903,926;96
5904,926;93
5905,926;13191
5906,926;88
5907,926;87
5908,926;99
5909,926;113
5910,926;95
5911,926;13224
5912,926;68
5913,926;117
5914,926;105
5915,926;112
5916,926;98
5917,926;13211
5918,926;88
5919,926;82
5920,926;96
5921,926;101
5922,926;91
5923,926;13167
5924,926;101
5925,926;107
5926,926;86
5927,926;89
5928,926;95
5929,926;13175
5930,926;100
5931,926;95
5932,926;108
5933,926;97
5934,926;89
5935,926;13216
5936,926;83
5937,926;97
5938,926;103
5939,926;94
5940,926;83
5941,926;13185
5942,926;75
5943,926;85
5944,926;109
5945,926;95
5946,926;108
5947,926;13186
5948,926;77
5949,926;84
5950,926;91
5951,926;102
5952,926;96
5953,926;13218
5954,926;81
5955,926;92
5956,926;86
5957,926;104
5958,926;84
5959,926;13203
5960,926;80
5961,224;100
5962,224;100
5963,224;101
5964,224;96
5965,224;13181
5966,224;91
5967,224;94
5968,224;95
5969,224;80
5970,224;79
5971,224;13200
5972,224;84
5973,224;84
5974,224;105
5975,224;89
5976,224;118
5977,224;13223
5978,224;76
5979,224;96
5980,224;82
5981,224;97
5982,224;106
5983,224;13214
5984,224;73
5985,224;81
5986,224;96
5987,224;95
5988,224;123
5989,224;13209
5990,224;83
5991,224;95
5992,224;106
5993,224;114
5994,224;99
5995,224;13210
5996,224;101
5997,224;87
5998,224;104
5999,224;97
6000,224;98
6001,224;13195
6002,224;83
6003,224;86
6004,224;91
6005,224;89
6006,224;105
6007,224;13187
6008,224;71
6009,224;95
6010,224;93
6011,224;85
6012,224;99
6013,224;13219
6014,224;98
6015,224;95
6016,224;96
6017,224;102
6018,224;107
6019,224;13168
6020,224;91
6021,224;84
6022,224;91
6023,224;101
6024,224;87
6025,224;13186
6026,224;86
6027,224;78
6028,224;86
6029,224;97
6030,224;90
6031,224;13207
6032,224;102
6033,224;95
6034,224;103
6035,224;78
6036,224;110
6037,224;13208
6038,224;90
6039,224;97
6040,224;93
6041,224;102
6042,224;89
6043,224;13183
6044,224;100
6045,224;83
6046,224;96
6047,224;112
6048,224;94
6049,224;13201
6050,224;97
6051,224;91
6052,224;87
6053,224;68
6054,224;90
6055,224;13224
6056,224;79
6057,224;94
6058,224;77
6059,224;81
6060,224;90
6061,224;13193
6062,224;97
6063,224;104
6064,224;93
6065,224;104
6066,224;85
6067,224;13174
6068,224;92
6069,224;87
6070,224;102
6071,224;97
6072,224;92
6073,224;13217
6074,224;74
6075,224;92
6076,224;87
6077,224;82
6078,224;96
6079,224;13216
6080,224;69
6081,224;89
6082,224;63
6083,224;83
6084,224;76
6085,224;13205
6086,224;74
6087,224;73
6088,224;84
6089,224;85
6090,224;80
6091,224;13213
6092,224;63
6093,224;70
6094,224;65
6095,224;78
6096,224;90
6097,224;13225
6098,224;82
6099,224;66
6100,224;80
6101,224;90
6102,224;83
6103,224;13223
6104,224;56
6105,224;68
6106,224;71
6107,224;62
6108,224;81
6109,224;12879
6110,224;68
6111,224;95
6112,224;76
6113,224;75
6114,224;61
6115,224;13122
6116,224;63
6117,224;65
6118,224;73
6119,224;67
6120,224;87
6121,224;13155
6122,224;65
6123,224;86
6124,224;85
6125,224;82
6126,224;93
6127,224;13186
6128,224;77
6129,224;80
6130,224;76
6131,224;72
6132,224;61
6133,224;13201
6134,224;80
6135,224;80
6136,224;80
6137,224;73
6138,224;81
6139,224;13200
6140,224;94
6141,224;84
6142,224;96
6143,224;75
6144,224;80
6145,224;13206
6146,224;67
6147,224;94
6148,224;89
6149,224;78
6150,224;88
6151,224;13211
6152,224;73
6153,224;87
6154,224;77
6155,224;92
6156,224;91
6157,224;13196
6158,224;73
6159,224;90
6160,224;84
6161,224;89
6162,224;84
6163,287;13200
6164,287;81
6165,287;82
6166,287;88
6167,287;75
6168,287;92
6169,287;13209
6170,287;71
6171,287;76
6172,287;83
6173,287;92
6174,287;89
6175,287;13221
6176,287;71
6177,287;91
6178,287;83
6179,287;92
6180,287;128
6181,287;13224
6182,287;96
6183,287;95
6184,287;92
6185,287;107
6186,287;122
6187,287;13174
6188,287;88
6189,287;88
6190,287;99
6191,287;96
6192,287;94
6193,287;13220
6194,287;82
6195,287;81
6196,287;103
6197,287;120
6198,287;98
6199,287;13214
6200,287;94
6201,287;98
6202,287;92
6203,287;105
6204,287;96
6205,287;13185
6206,287;94
6207,287;81
6208,287;97
6209,287;103
6210,287;93
6211,287;13198
6212,287;84
6213,287;93
6214,287;107
6215,287;97
6216,287;95
6217,287;13207
6218,287;94
6219,287;108
6220,287;99
6221,287;94
6222,287;99
6223,287;13198
6224,287;99
6225,287;81
6226,287;93
6227,287;88
6228,287;97
6229,287;13203
6230,287;90
6231,287;87
6232,287;94
6233,287;111
6234,287;96
6235,287;13203
6236,287;95
6237,287;80
6238,287;69
6239,287;116
6240,287;94
6241,287;13179
6242,287;85
6243,287;89
6244,287;108
6245,287;105
6246,287;95
6247,287;13187
6248,287;80
6249,287;89
6250,287;86
6251,287;94
6252,287;109
6253,287;13214
6254,287;84
6255,287;89
6256,287;90
6257,287;90
6258,287;87
6259,287;13203
6260,287;91
6261,287;104
6262,287;94
6263,287;95
6265,012;100
6266,012;13187
6267,012;92
6268,012;96
6269,012;101
6270,012;93
6271,012;99
6272,012;13164
6273,012;97
6274,012;93
6275,012;84
6276,012;94
6277,012;99
6278,012;13220
6279,012;86
6280,012;93
6281,012;74
6282,012;100
6283,012;103
6284,012;13146
6285,012;90
6286,012;95
6287,012;88
6288,012;96
6289,012;88
6290,012;13205
6291,012;80
6292,012;92
6293,012;101
6294,012;93
6295,012;104
6296,012;13207
6297,012;69
6298,012;107
6299,012;92
6300,012;97
6301,012;111
6302,012;13159
6303,012;90
6304,012;95
6305,012;71
6306,012;92
6307,012;84
6308,012;13141
6309,012;81
6310,012;92
6311,012;103
6312,012;97
6313,012;103
6314,012;13185
6315,012;70
6316,012;86
6317,012;98
6318,012;109
6319,012;85
6320,012;13181
6321,012;80
6322,012;99
6323,012;75
6324,012;98
6325,012;104
6326,012;13196
6327,012;81
6328,012;120
6329,012;81
6330,012;114
6331,012;100
6332,012;13180
6333,012;80
6334,012;99
6335,012;86
6336,012;91
6337,012;88
6338,012;13225
6339,012;88
6340,012;104
6341,012;84
6342,012;73
6343,012;101
6344,012;13181
6345,012;89
6346,012;84
6347,012;98
6348,012;110
6349,012;89
6350,012;13197
6351,012;64
6352,012;104
6353,012;95
6354,012;91
6355,012;107
6356,012;13171
6357,012;74
6358,012;87
6359,012;75
6360,012;101
6361,012;93
6362,012;13183
6363,012;83
6364,012;102
6365,012;77
6365,915;112
6366,915;84
6367,915;13175
6368,915;81
6369,915;77
6370,915;88
6371,915;99
6372,915;77
6373,915;13224
6374,915;78
6375,915;96
6376,915;92
6377,915;86
6378,915;93
6379,915;13225
6380,915;77
6381,915;94
6382,915;96
6383,915;104
6384,915;107
6385,915;13169
6386,915;83
6387,915;77
6388,915;72
6389,915;92
6390,915;80
6391,915;13187
6392,915;72
6393,915;84
6394,915;93
6395,915;94
6396,915;90
6397,915;13179
6398,915;75
6399,915;93
6400,915;83
6401,915;88
6402,915;86
6403,915;13182
6404,915;79
6405,915;84
6406,915;79
6407,915;96
6408,915;88
6409,915;13158
6410,915;82
6411,915;80
6412,915;94
6413,915;83
6414,915;86
6415,915;13196
6416,915;88
6417,915;76
6418,915;82
6419,915;92
6420,915;90
6421,915;12868
6422,915;81
6423,915;89
6424,915;70
6425,915;87
6426,915;87
6427,915;13125
6428,915;76
6429,915;79
6430,915;101
6431,915;86
6432,915;76
6433,915;13168
6434,915;73
6435,915;69
6436,915;86
6437,915;98
6438,915;72
6439,915;13173
6440,915;82
6441,915;67
6442,915;68
6443,915;79
6444,915;85
6445,915;13171
6446,915;94
6447,915;94
6448,915;81
6449,915;84
6450,915;101
6451,915;13171
6452,915;78
6453,915;76
6454,915;86
6455,915;89
6456,915;84
6457,915;13193
6458,915;69
6459,915;88
6460,915;76
6461,915;96
6462,915;90
6463,915;13185
6464,915;78
6465,915;82
6466,92;72
6467,92;79
6468,92;83
6469,92;13188
6470,92;70
6471,92;85
6472,92;90
6473,92;101
6474,92;73
6475,92;13189
6476,92;75
6477,92;90
6478,92;91
6479,92;104
6480,92;77
6481,92;13200
6482,92;79
6483,92;81
6484,92;103
6485,92;93
6486,92;93
6487,92;13158
6488,92;77
6489,92;105
6490,92;105
6491,92;85
6492,92;91
6493,92;13177
6494,92;85
6495,92;81
6496,92;68
6497,92;97
6498,92;105
6499,92;13171
6500,92;101
6501,92;87
6502,92;106
6503,92;91
6504,92;94
6505,92;13191
6506,92;72
6507,92;108
6508,92;81
6509,92;99
6510,92;94
6511,92;13178
6512,92;88
6513,92;97
6514,92;93
6515,92;82
6516,92;85
6517,92;13189
6518,92;79
6519,92;84
6520,92;111
6521,92;102
6522,92;90
6523,92;13187
6524,92;82
6525,92;80
6526,92;89
6527,92;105
6528,92;99
6529,92;13181
6530,92;70
6531,92;85
6532,92;97
6533,92;85
6534,92;92
6535,92;13180
6536,92;91
6537,92;83
6538,92;102
6539,92;113
6540,92;111
6541,92;13192
6542,92;80
6543,92;75
6544,92;98
6545,92;102
6546,92;103
6547,92;13188
6548,92;88
6549,92;86
6550,92;85
6551,92;85
6552,92;110
6553,92;13170
6554,92;75
6555,92;79
6556,92;90
6557,92;94
6558,92;116
6559,92;13181
6560,92;89
6561,92;91
6562,92;88
6563,92;86
6564,92;111
6565,92;13214
6566,92;77
6567,92;98
6568,92;98
6569,92;100
6570,92;88
6571,92;13225
6572,92;96
6573,92;96
6574,92;84
6575,92;108
6576,92;87
6577,92;13216
6578,92;97
6579,92;86
6580,92;90
6581,92;84
6582,92;102
6583,92;13174
6584,92;95
6585,92;83
6586,92;114
6587,92;103
6588,92;106
6589,92;13204
6590,92;89
6591,92;94
6592,92;102
6593,92;88
6594,92;109
6595,92;13203
6596,92;69
6597,92;84
6598,92;82
6599,92;81
6600,92;104
6601,92;13195
6602,92;105
6603,92;84
6604,92;93
6605,92;86
6606,92;87
6607,92;13179
6608,92;94
6609,92;100
6610,92;95
6611,92;74
6612,92;80
6613,92;13201
6614,92;76
6615,92;97
6616,92;109
6617,92;115
6618,92;109
6619,92;13217
6620,92;77
6621,92;85
6622,92;96
6623,92;96
6624,92;104
6625,92;13197
6626,92;93
6627,92;98
6628,92;98
6629,92;84
6630,92;91
6631,92;13199
6632,92;87
6633,92;100
6634,92;126
6635,92;101
6636,92;91
6637,92;13196
6638,92;80
6639,92;84
6640,92;81
6641,92;92
6642,92;99
6643,92;13204
6644,92;92
6645,92;75
6646,92;100
6647,92;102
6648,92;114
6649,92;13193
6650,92;66
6651,92;95
6652,92;111
6653,92;109
6654,92;106
6655,92;13215
6656,92;103
6657,92;103
6658,92;94
6659,92;78
6660,92;97
6661,92;13226
6662,92;88
6663,92;106
6664,92;102
6665,92;88
6666,92;116
6667,92;13183
6668,885;67
6669,885;84
6670,885;83
6671,885;96
6672,885;95
6673,885;13186
6674,885;64
6675,885;101
6676,885;80
6677,885;76
6678,885;91
6679,885;13216
6680,885;77
6681,885;89
6682,885;82
6683,885;91
6684,885;82
6685,885;13233
6686,885;92
6687,885;85
6688,885;101
6689,885;102
6690,885;83
6691,885;13230
6692,885;84
6693,885;78
6694,885;109
6695,885;96
6696,885;105
6697,885;13184
6698,885;93
6699,885;98
6700,885;101
6701,885;78
6702,885;90
6703,885;13221
6704,885;84
6705,885;77
6706,885;98
6707,885;90
6708,885;86
6709,885;13207
6710,885;76
6711,885;74
6712,885;98
6713,885;75
6714,885;76
6715,885;13224
6716,885;73
6717,885;86
6718,885;76
6719,885;81
6720,885;81
6721,885;13209
6722,885;97
6723,885;76
6724,885;84
6725,885;68
6726,885;80
6727,885;13205
6728,885;69
6729,885;66
6730,885;64
6731,885;87
6732,885;81
6733,885;12883
6734,885;58
6735,885;78
6736,885;79
6737,885;86
6738,885;81
6739,885;13159
6740,885;65
6741,885;79
6742,885;48
6743,885;70
6744,885;74
6745,885;13195
6746,885;72
6747,885;88
6748,885;83
6749,885;87
6750,885;88
6751,885;13172
6752,885;73
6753,885;74
6754,885;81
6755,885;78
6756,885;81
6757,885;13204
6758,885;80
6759,885;72
6760,885;101
6761,885;96
6762,885;104
6763,885;13221
6764,885;80
6765,885;99
6766,885;97
6767,885;84
6768,885;81
6769,446;13204
6770,446;95
6771,446;80
6772,446;103
6773,446;93
6774,446;96
6775,446;13207
6776,446;90
6777,446;75
6778,446;92
6779,446;85
6780,446;96
6781,446;13220
6782,446;88
6783,446;84
6784,446;88
6785,446;93
6786,446;95
6787,446;13185
6788,446;87
6789,446;86
6790,446;80
6791,446;99
6792,446;110
6793,446;13167
6794,446;84
6795,446;99
6796,446;110
6797,446;78
6798,446;92
6799,446;13190
6800,446;102
6801,446;93
6802,446;104
6803,446;90
6804,446;97
6805,446;13202
6806,446;79
6807,446;82
6808,446;103
6809,446;96
6810,446;92
6811,446;13214
6812,446;82
6813,446;112
6814,446;93
6815,446;100
6816,446;107
6817,446;13197
6818,446;98
6819,446;102
6820,446;107
6821,446;92
6822,446;82
6823,446;13171
6824,446;87
6825,446;93
6826,446;100
6827,446;110
6828,446;115
6829,446;13150
6830,446;74
6831,446;112
6832,446;94
6833,446;94
6834,446;127
6835,446;13147
6836,446;107
6837,446;85
6838,446;87
6839,446;106
6840,446;118
6841,446;13214
6842,446;96
6843,446;85
6844,446;93
6845,446;113
6846,446;100
6847,446;13158
6848,446;97
6849,446;91
6850,446;106
6851,446;102
6852,446;100
6853,446;13190
6854,446;89
6855,446;99
6856,446;97
6857,446;93
6858,446;91
6859,446;13243
6860,446;75
6861,446;88
6862,446;100
6863,446;101
6864,446;101
6865,446;13149
6866,446;98
6867,446;90
6868,446;94
6869,446;100
6870,622;109
6871,622;13153
6872,622;87
6873,622;95
6874,622;89
6875,622;120
6876,622;95
6877,622;13178
6878,622;92
6879,622;97
6880,622;87
6881,622;114
6882,622;109
6883,622;13178
6884,622;84
6885,622;93
6886,622;85
6887,622;98
6888,622;102
6889,622;13181
6890,622;83
6891,622;89
6892,622;99
6893,622;88
6894,622;95
6895,622;13201
6896,622;85
6897,622;97
6898,622;106
6899,622;78
6900,622;72
6901,622;13191
6902,622;96
6903,622;89
6904,622;96
6905,622;87
6906,622;100
6907,622;13170
6908,622;87
6909,622;90
6910,622;85
6911,622;84
6912,622;93
6913,622;13223
6914,622;80
6915,622;71
6916,622;102
6917,622;88
6918,622;99
6919,622;13192
6920,622;94
6921,622;91
6922,622;97
6923,622;100
6924,622;92
6925,622;13161
6926,622;77
6927,622;90
6928,622;109
6929,622;96
6930,622;99
6931,622;13169
6932,622;94
6933,622;73
6934,622;99
6935,622;94
6936,622;106
6937,622;13162
6938,622;86
6939,622;88
6940,622;85
6941,622;93
6942,622;106
6943,622;13164
6944,622;96
6945,622;93
6946,622;91
6947,622;74
6948,622;91
6949,622;13176
6950,622;92
6951,622;87
6952,622;105
6953,622;98
6954,622;99
6955,622;13176
6956,622;86
6957,622;101
6958,622;89
6959,622;113
6960,622;103
6961,622;13154
6962,622;87
6963,622;87
6964,622;92
6965,622;93
6966,622;96
6967,622;13152
6968,622;93
6969,622;81
6970,622;100
6971,986;92
6972,986;106
6973,986;13197
6974,986;90
6975,986;90
6976,986;77
6977,986;103
6978,986;83
6979,986;13147
6980,986;108
6981,986;86
6982,986;94
6983,986;113
6984,986;75
6985,986;13185
6986,986;75
6987,986;88
6988,986;105
6989,986;86
6990,986;90
6991,986;13206
6992,986;77
6993,986;79
6994,986;90
6995,986;98
6996,986;109
6997,986;13189
6998,986;74
6999,986;82
7000,986;78
7001,986;86
7002,986;95
7003,986;13184
7004,986;75
7005,986;77
7006,986;100
7007,986;112
7008,986;91
7009,986;13167
7010,986;88
7011,986;90
7012,986;94
7013,986;99
7014,986;106
7015,986;13170
7016,986;79
7017,986;76
7018,986;106
7019,986;91
7020,986;83
7021,986;13214
7022,986;80
7023,986;88
7024,986;99
7025,986;59
7026,986;99
7027,986;13197
7028,986;78
7029,986;72
7030,986;100
7031,986;91
7032,986;99
7033,986;13199
7034,986;86
7035,986;71
7036,986;84
7037,986;102
7038,986;85
7039,986;13184
7040,986;73
7041,986;82
7042,986;92
7043,986;88
7044,986;88
7045,986;12867
7046,986;74
7047,986;77
7048,986;81
7049,986;94
7050,986;94
7051,986;13159
7052,986;75
7053,986;75
7054,986;88
7055,986;89
7056,986;92
7057,986;13146
7058,986;65
7059,986;79
7060,986;91
7061,986;100
7062,986;90
7063,986;13176
7064,986;74
7065,986;67
7066,986;74
7067,986;89
7068,986;108
7069,986;13147
7070,986;79
7071,986;77
7072,986;93
7073,986;79
7074,986;99
7075,986;13167
7076,986;64
7077,986;87
7078,986;87
7079,986;80
7080,986;95
7081,986;13197
7082,986;71
7083,986;80
7084,986;89
7085,986;82
7086,986;83
7087,986;13149
7088,986;86
7089,986;83
7090,986;116
7091,986;82
7092,986;78
7093,986;13195
7094,986;71
7095,986;79
7096,986;91
7097,986;109
7098,986;86
7099,986;13181
7100,986;67
7101,986;84
7102,986;79
7103,986;90
7104,986;94
7105,986;13204
7106,986;65
7107,986;88
7108,986;92
7109,986;97
7110,986;107
7111,986;13196
7112,986;76
7113,986;93
7114,986;104
7115,986;66
7116,986;88
7117,986;13214
7118,986;92
7119,986;80
7120,986;88
7121,986;90
7122,986;97
7123,986;13212
7124,986;75
7125,986;95
7126,986;104
7127,986;79
7128,986;90
7129,986;13187
7130,986;87
7131,986;71
7132,986;90
7133,986;85
7134,986;96
7135,986;13198
7136,986;90
7137,986;81
7138,986;83
7139,986;91
7140,986;98
7141,986;13203
7142,986;91
7143,986;82
7144,986;109
7145,986;100
7146,986;107
7147,986;13133
7148,986;72
7149,986;73
7150,986;104
7151,986;94
7152,986;101
7153,986;13173
7154,986;85
7155,986;90
7156,986;99
7157,986;90
7158,986;76
7159,986;13199
7160,986;89
7161,986;84
7162,986;94
7163,986;105
7164,986;106
7165,986;13212
7166,986;84
7167,986;93
7168,986;89
7169,986;75
7170,986;86
7171,986;13219
7172,986;72
7173,75;80
7174,75;98
7175,75;96
7176,75;114
7177,75;13184
7178,75;79
7179,75;88
7180,75;98
7181,75;95
7182,75;101
7183,75;13203
7184,75;79
7185,75;67
7186,75;112
7187,75;102
7188,75;106
7189,75;13174
7190,75;83
7191,75;87
7192,75;90
7193,75;106
7194,75;99
7195,75;13194
7196,75;90
7197,75;94
7198,75;97
7199,75;99
7200,75;83
7201,75;13218
7202,75;102
7203,75;89
7204,75;87
7205,75;82
7206,75;101
7207,75;13191
7208,75;97
7209,75;93
7210,75;90
7211,75;101
7212,75;96
7213,75;13243
7214,75;92
7215,75;91
7216,75;92
7217,75;102
7218,75;109
7219,75;13171
7220,75;81
7221,75;94
7222,75;96
7223,75;84
7224,75;109
7225,75;13157
7226,75;95
7227,75;95
7228,75;87
7229,75;91
7230,75;118
7231,75;13198
7232,75;88
7233,75;84
7234,75;94
7235,75;104
7236,75;92
7237,75;13193
7238,75;85
7239,75;98
7240,75;94
7241,75;102
7242,75;108
7243,75;13200
7244,75;100
7245,75;81
7246,75;111
7247,75;101
7248,75;112
7249,75;13181
7250,75;74
7251,75;90
7252,75;83
7253,75;106
7254,75;89
7255,75;13178
7256,75;77
7257,75;104
7258,75;103
7259,75;93
7260,75;106
7261,75;13206
7262,75;96
7263,75;101
7264,75;95
7265,75;68
7266,75;104
7267,75;13170
7268,75;73
7269,75;101
7270,75;88
7271,75;110
7272,75;103
7273,75;13222
7274,837;94
7275,837;75
7276,837;102
7277,837;90
7278,837;95
7279,837;13214
7280,837;87
7281,837;87
7282,837;95
7283,837;73
7284,837;88
7285,837;13206
7286,837;94
7287,837;85
7288,837;97
7289,837;85
7290,837;84
7291,837;13200
7292,837;85
7293,837;93
7294,837;93
7295,837;85
7296,837;108
7297,837;13193
7298,837;82
7299,837;89
7300,837;100
7301,837;100
7302,837;98
7303,837;13196
7304,837;81
7305,837;86
7306,837;106
7307,837;85
7308,837;107
7309,837;13215
7310,837;81
7311,837;73
7312,837;87
7313,837;95
7314,837;66
7315,837;13195
7316,837;89
7317,837;95
7318,837;87
7319,837;100
7320,837;92
7321,837;13163
7322,837;88
7323,837;79
7324,837;89
7325,837;99
7326,837;93
7327,837;13190
7328,837;63
7329,837;98
7330,837;75
7331,837;95
7332,837;95
7333,837;13263
7334,837;81
7335,837;87
7336,837;105
7337,837;76
7338,837;95
7339,837;13216
7340,837;72
7341,837;101
7342,837;89
7343,837;96
7344,837;88
7345,837;13168
7346,837;68
7347,837;81
7348,837;92
7349,837;89
7350,837;95
7351,837;13178
7352,837;77
7353,837;66
7354,837;78
7355,837;73
7356,837;62
7357,837;12929
7358,837;76
7359,837;61
7360,837;79
7361,837;79
7362,837;90
7363,837;13137
7364,837;81
7365,837;80
7366,837;77
7367,837;94
7368,837;81
7369,837;13198
7370,837;86
7371,837;79
7372,837;70
7373,837;86
7374,837;85
7375,606;13211
7376,606;91
7377,606;79
7378,606;84
7379,606;84
7380,606;91
7381,606;13173
7382,606;75
7383,606;96
7384,606;94
7385,606;99
7386,606;100
7387,606;13169
7388,606;75
7389,606;94
7390,606;92
7391,606;110
7392,606;75
7393,606;13199
7394,606;87
7395,606;85
7396,606;87
7397,606;100
7398,606;95
7399,606;13209
7400,606;71
7401,606;78
7402,606;101
7403,606;126
7404,606;112
7405,606;13194
7406,606;85
7407,606;83
7408,606;87
7409,606;90
7410,606;93
7411,606;13211
7412,606;84
7413,606;84
7414,606;80
7415,606;93
7416,606;91
7417,606;13229
7418,606;68
7419,606;84
7420,606;101
7421,606;109
7422,606;111
7423,606;13236
7424,606;91
7425,606;94
7426,606;102
7427,606;103
7428,606;95
7429,606;13166
7430,606;76
7431,606;84
7432,606;89
7433,606;95
7434,606;108
7435,606;13244
7436,606;91
7437,606;85
7438,606;94
7439,606;90
7440,606;93
7441,606;13167
7442,606;103
7443,606;98
7444,606;103
7445,606;105
7446,606;102
7447,606;13177
7448,606;82
7449,606;96
7450,606;101
7451,606;95
7452,606;99
7453,606;13202
7454,606;84
7455,606;93
7456,606;89
7457,606;81
7458,606;101
7459,606;13214
7460,606;87
7461,606;85
7462,606;98
7463,606;89
7464,606;120
7465,606;13204
7466,606;97
7467,606;93
7468,606;99
7469,606;97
7470,606;89
7471,606;13188
7472,606;83
7473,606;80
7474,606;99
7475,606;84
7476,782;102
7477,782;13211
7478,782;82
7479,782;84
7480,782;96
7481,782;108
7482,782;79
7483,782;13192
7484,782;86
7485,782;97
7486,782;89
7487,782;97
7488,782;96
7489,782;13159
7490,782;84
7491,782;91
7492,782;85
7493,782;99
7494,782;107
7495,782;13172
7496,782;89
7497,782;101
7498,782;95
7499,782;100
7500,782;101
7501,782;13195
7502,782;74
7503,782;105
7504,782;102
7505,782;74
7506,782;102
7507,782;13163
7508,782;86
7509,782;82
7510,782;98
7511,782;101
7512,782;93
7513,782;13228
7514,782;75
7515,782;94
7516,782;105
7517,782;103
7518,782;104
7519,782;13165
7520,782;82
7521,782;87
7522,782;94
7523,782;84
7524,782;102
7525,782;13178
7526,782;85
7527,782;94
7528,782;103
7529,782;98
7530,782;106
7531,782;13198
7532,782;85
7533,782;80
7534,782;99
7535,782;97
7536,782;99
7537,782;13199
7538,782;74
7539,782;102
7540,782;88
7541,782;107
7542,782;92
7543,782;13202
7544,782;79
7545,782;79
7546,782;89
7547,782;98
7548,782;82
7549,782;13184
7550,782;68
7551,782;85
7552,782;92
7553,782;93
7554,782;93
7555,782;13193
7556,782;74
7557,782;96
7558,782;75
7559,782;90
7560,782;105
7561,782;13172
7562,782;78
7563,782;84
7564,782;96
7565,782;92
7566,782;103
7567,782;13156
7568,782;80
7569,782;85
7570,782;99
7571,782;90
7572,782;102
7573,782;13193
7574,782;72
7575,782;85
7576,782;81
7577,782;83
7578,782;99
7579,782;13199
7580,782;85
7581,782;88
7582,782;94
7583,782;94
7584,782;93
7585,782;13201
7586,782;83
7587,782;83
7588,782;88
7589,782;101
7590,782;100
7591,782;13189
7592,782;81
7593,782;85
7594,782;89
7595,782;100
7596,782;85
7597,782;13167
7598,782;83
7599,782;85
7600,782;74
7601,782;98
7602,782;113
7603,782;13156
7604,782;70
7605,782;76
7606,782;83
7607,782;94
7608,782;90
7609,782;13195
7610,782;71
7611,782;82
7612,782;95
7613,782;81
7614,782;84
7615,782;13182
7616,782;96
7617,782;80
7618,782;89
7619,782;84
7620,782;105
7621,782;13197
7622,782;79
7623,782;79
7624,782;89
7625,782;75
7626,782;98
7627,782;13178
7628,782;70
7629,782;64
7630,782;95
7631,782;97
7632,782;106
7633,782;13179
7634,782;71
7635,782;64
7636,782;77
7637,782;63
7638,782;98
7639,782;13190
7640,782;70
7641,782;91
7642,782;86
7643,782;80
7644,782;81
7645,782;13153
7646,782;67
7647,782;75
7648,782;82
7649,782;95
7650,782;85
7651,782;13210
7652,782;71
7653,782;76
7654,782;65
7655,782;89
7656,782;104
7657,782;13188
7658,782;71
7659,782;70
7660,782;79
7661,782;85
7662,782;86
7663,782;13157
7664,782;70
7665,782;73
7666,782;84
7667,782;76
7668,782;101
7669,782;12895
7670,782;79
7671,782;78
7672,782;104
7673,782;78
7674,782;85
7675,782;13172
7676,782;80
7677,782;76
7678,883;87
7679,883;74
7680,883;84
7681,883;13168
7682,883;69
7683,883;71
7684,883;82
7685,883;90
7686,883;89
7687,883;13137
7688,883;68
7689,883;97
7690,883;84
7691,883;86
7692,883;78
7693,883;13180
7694,883;82
7695,883;83
7696,883;95
7697,883;81
7698,883;95
7699,883;13183
7700,883;69
7701,883;84
7702,883;97
7703,883;82
7704,883;98
7705,883;13207
7706,883;78
7707,883;81
7708,883;88
7709,883;100
7710,883;82
7711,883;13188
7712,883;112
7713,883;74
7714,883;84
7715,883;106
7716,883;83
7717,883;13158
7718,883;83
7719,883;78
7720,883;89
7721,883;84
7722,883;112
7723,883;13185
7724,883;83
7725,883;86
7726,883;98
7727,883;99
7728,883;100
7729,883;13157
7730,883;68
7731,883;80
7732,883;94
7733,883;94
7734,883;97
7735,883;13177
7736,883;94
7737,883;84
7738,883;106
7739,883;90
7740,883;110
7741,883;13172
7742,883;90
7743,883;88
7744,883;92
7745,883;99
7746,883;80
7747,883;13198
7748,883;99
7749,883;90
7750,883;90
7751,883;95
7752,883;106
7753,883;13195
7754,883;75
7755,883;101
7756,883;73
7757,883;83
7758,883;96
7759,883;13199
7760,883;87
7761,883;102
7762,883;78
7763,883;96
7764,883;107
7765,883;13176
7766,883;81
7767,883;95
7768,883;103
7769,883;78
7770,883;92
7771,883;13196
7772,883;101
7773,883;86
7774,883;99
7775,883;89
7776,883;75
7777,883;13183
7778,883;95
7779,923;91
7780,923;88
7781,923;83
7782,923;97
7783,923;13191
7784,923;86
7785,923;101
7786,923;101
7787,923;93
7788,923;98
7789,923;13190
7790,923;81
7791,923;87
7792,923;100
7793,923;101
7794,923;90
7795,923;13193
7796,923;84
7797,923;88
7798,923;98
7799,923;100
7800,923;92
7801,923;13184
7802,923;79
7803,923;77
7804,923;106
7805,923;89
7806,923;82
7807,923;13162
7808,923;77
7809,923;89
7810,923;87
7811,923;81
7812,923;99
7813,923;13216
7814,923;96
7815,923;79
7816,923;99
7817,923;103
7818,923;99
7819,923;13190
7820,923;84
7821,923;84
7822,923;95
7823,923;102
7824,923;101
7825,923;13207
7826,923;68
7827,923;90
7828,923;100
7829,923;92
7830,923;104
7831,923;13195
7832,923;81
7833,923;96
7834,923;98
7835,923;96
7836,923;83
7837,923;13217
7838,923;78
7839,923;93
7840,923;89
7841,923;86
7842,923;100
7843,923;13176
7844,923;95
7845,923;90
7846,923;103
7847,923;115
7848,923;90
7849,923;13194
7850,923;91
7851,923;75
7852,923;122
7853,923;110
7854,923;97
7855,923;13187
7856,923;85
7857,923;84
7858,923;100
7859,923;88
7860,923;102
7861,923;13179
7862,923;88
7863,923;116
7864,923;99
7865,923;98
7866,923;90
7867,923;13170
7868,923;85
7869,923;115
7870,923;89
7871,923;93
7872,923;97
7873,923;13201
7874,923;107
7875,923;86
7876,923;105
7877,923;110
7878,923;87
7879,923;13161
7881,374;81
7882,374;92
7883,374;102
7884,374;109
7885,374;94
7886,374;13196
7887,374;96
7888,374;97
7889,374;91
7890,374;80
7891,374;103
7892,374;13217
7893,374;93
7894,374;97
7895,374;86
7896,374;113
7897,374;95
7898,374;13199
7899,374;93
7900,374;97
7901,374;100
7902,374;83
7903,374;86
7904,374;13187
7905,374;91
7906,374;83
7907,374;106
7908,374;83
7909,374;95
7910,374;13191
7911,374;95
7912,374;81
7913,374;92
7914,374;92
7915,374;94
7916,374;13172
7917,374;85
7918,374;117
7919,374;92
7920,374;94
7921,374;118
7922,374;13184
7923,374;81
7924,374;87
7925,374;100
7926,374;94
7927,374;83
7928,374;13222
7929,374;90
7930,374;86
7931,374;94
7932,374;101
7933,374;87
7934,374;13195
7935,374;79
7936,374;86
7937,374;95
7938,374;109
7939,374;108
7940,374;13169
7941,374;82
7942,374;73
7943,374;94
7944,374;91
7945,374;124
7946,374;13193
7947,374;81
7948,374;95
7949,374;77
7950,374;89
7951,374;87
7952,374;13224
7953,374;72
7954,374;93
7955,374;89
7956,374;65
7957,374;98
7958,374;13179
7959,374;84
7960,374;81
7961,374;89
7962,374;75
7963,374;81
7964,374;13204
7965,374;72
7966,374;88
7967,374;79
7968,374;92
7969,374;111
7970,374;13171
7971,374;76
7972,374;83
7973,374;75
7974,374;76
7975,374;98
7976,374;13207
7977,374;71
7978,374;73
7979,374;78
7980,374;79
7981,374;72
7981,483;12848
7982,483;96
7983,483;79
7984,483;76
7985,483;92
7986,483;90
7987,483;13131
7988,483;74
7989,483;77
7990,483;90
7991,483;90
7992,483;110
7993,483;13179
7994,483;85
7995,483;68
7996,483;93
7997,483;100
7998,483;91
7999,483;13175
8000,483;86
8001,483;89
8002,483;101
8003,483;95
8004,483;90
8005,483;13196
8006,483;81
8007,483;77
8008,483;89
8009,483;86
8010,483;80
8011,483;13223
8012,483;84
8013,483;92
8014,483;97
8015,483;104
8016,483;108
8017,483;13187
8018,483;78
8019,483;89
8020,483;86
8021,483;94
8022,483;102
8023,483;13197
8024,483;90
8025,483;87
8026,483;89
8027,483;92
8028,483;85
8029,483;13195
8030,483;91
8031,483;90
8032,483;90
8033,483;94
8034,483;100
8035,483;13194
8036,483;77
8037,483;86
8038,483;95
8039,483;93
8040,483;106
8041,483;13202
8042,483;85
8043,483;76
8044,483;95
8045,483;87
8046,483;110
8047,483;13200
8048,483;83
8049,483;94
8050,483;93
8051,483;107
8052,483;100
8053,483;13197
8054,483;82
8055,483;86
8056,483;117
8057,483;92
8058,483;109
8059,483;13199
8060,483;82
8061,483;93
8062,483;114
8063,483;89
8064,483;100
8065,483;13208
8066,483;87
8067,483;105
8068,483;85
8069,483;80
8070,483;98
8071,483;13212
8072,483;70
8073,483;84
8074,483;75
8075,483;116
8076,483;95
8077,483;13212
8078,483;88
8079,483;99
8080,483;95
8081,483;88
8084,685;87
8085,685;13187
8086,685;86
8087,685;91
8088,685;101
8089,685;114
8090,685;97
8091,685;13180
8092,685;101
8093,685;81
8094,685;120
8095,685;83
8096,685;114
8097,685;13193
8098,685;92
8099,685;97
8100,685;99
8101,685;103
8102,685;93
8103,685;13152
8104,685;73
8105,685;93
8106,685;84
8107,685;110
8108,685;85
8109,685;13193
8110,685;90
8111,685;98
8112,685;79
8113,685;91
8114,685;89
8115,685;13199
8116,685;90
8117,685;95
8118,685;95
8119,685;92
8120,685;100
8121,685;13227
8122,685;76
8123,685;84
8124,685;88
8125,685;99
8126,685;92
8127,685;13175
8128,685;58
8129,685;87
8130,685;89
8131,685;91
8132,685;103
8133,685;13184
8134,685;79
8135,685;80
8136,685;102
8137,685;88
8138,685;99
8139,685;13197
8140,685;101
8141,685;87
8142,685;88
8143,685;89
8144,685;87
8145,685;13171
8146,685;94
8147,685;113
8148,685;87
8149,685;96
8150,685;107
8151,685;13185
8152,685;88
8153,685;94
8154,685;81
8155,685;84
8156,685;90
8157,685;13163
8158,685;84
8159,685;95
8160,685;91
8161,685;94
8162,685;106
8163,685;13170
8164,685;66
8165,685;86
8166,685;91
8167,685;99
8168,685;91
8169,685;13180
8170,685;101
8171,685;73
8172,685;110
8173,685;82
8174,685;105
8175,685;13197
8176,685;78
8177,685;88
8178,685;95
8179,685;109
8180,685;93
8181,685;13164
8182,685;76
8183,685;92
8184,685;97
8183,685;118
8184,685;93
8185,685;13225
8186,685;84
8187,685;91
8188,685;103
8189,685;102
8190,685;108
8191,685;13196
8192,685;102
8193,685;89
8194,685;70
8195,685;99
8196,685;93
8197,685;13192
8198,685;92
8199,685;85
8200,685;95
8201,685;97
8202,685;94
8203,685;13190
8204,685;74
8205,685;102
8206,685;80
8207,685;98
8208,685;84
8209,685;13151
8210,685;81
8211,685;86
8212,685;87
8213,685;82
8214,685;85
8215,685;13186
8216,685;89
8217,685;87
8218,685;93
8219,685;99
8220,685;101
8221,685;13197
8222,685;77
8223,685;93
8224,685;82
8225,685;81
8226,685;86
8227,685;13172
8228,685;74
8229,685;84
8230,685;81
8231,685;75
8232,685;105
8233,685;13168
8234,685;81
8235,685;79
8236,685;102
8237,685;106
8238,685;78
8239,685;13193
8240,685;70
8241,685;93
8242,685;99
8243,685;99
8244,685;90
8245,685;13157
8246,685;84
8247,685;87
8248,685;86
8249,685;77
8250,685;107
8251,685;13212
8252,685;78
8253,685;88
8254,685;94
8255,685;83
8256,685;98
8257,685;13181
8258,685;90
8259,685;79
8260,685;97
8261,685;82
8262,685;76
8263,685;13140
8264,685;84
8265,685;82
8266,685;78
8267,685;85
8268,685;101
8269,685;13171
8270,685;71
8271,685;79
8272,685;96
8273,685;77
8274,685;97
8275,685;13207
8276,685;80
8277,685;74
8278,685;111
8279,685;94
8280,685;78
8281,685;13173
8282,685;85
8283,685;88
8284,739;83
8285,739;79
8286,739;88
8287,739;13158
8288,739;87
8289,739;67
8290,739;74
8291,739;72
8292,739;93
8293,739;12892
8294,739;80
8295,739;73
8296,739;76
8297,739;96
8298,739;83
8299,739;13112
8300,739;87
8301,739;85
8302,739;68
8303,739;95
8304,739;83
8305,739;13148
8306,739;77
8307,739;93
8308,739;82
8309,739;81
8310,739;92
8311,739;13197
8312,739;69
8313,739;80
8314,739;90
8315,739;83
8316,739;91
8317,739;13184
8318,739;70
8319,739;75
8320,739;75
8321,739;89
8322,739;86
8323,739;13194
8324,739;99
8325,739;66
8326,739;89
8327,739;85
8328,739;70
8329,739;13177
8330,739;75
8331,739;70
8332,739;81
8333,739;100
8334,739;85
8335,739;13194
8336,739;74
8337,739;83
8338,739;88
8339,739;90
8340,739;102
8341,739;13131
8342,739;74
8343,739;75
8344,739;97
8345,739;96
8346,739;98
8347,739;13169
8348,739;80
8349,739;114
8350,739;83
8351,739;85
8352,739;85
8353,739;13150
8354,739;74
8355,739;72
8356,739;86
8357,739;91
8358,739;100
8359,739;13210
8360,739;76
8361,739;81
8362,739;86
8363,739;96
8364,739;94
8365,739;13185
8366,739;82
8367,739;79
8368,739;90
8369,739;74
8370,739;72
8371,739;13169
8372,739;80
8373,739;93
8374,739;85
8375,739;101
8376,739;97
8377,739;13157
8378,739;95
8379,739;94
8380,739;89
8381,739;87
8382,739;98
8383,739;13186
8384,739;101
8385,659;77
8386,659;71
8387,659;95
8388,659;91
8389,659;13160
8390,659;92
8391,659;88
8392,659;85
8393,659;107
8394,659;95
8395,659;13160
8396,659;92
8397,659;98
8398,659;103
8399,659;83
8400,659;86
8401,659;13186
8402,659;83
8403,659;87
8404,659;91
8405,659;106
8406,659;79
8407,659;13200
8408,659;98
8409,659;95
8410,659;84
8411,659;92
8412,659;100
8413,659;13204
8414,659;96
8415,659;90
8416,659;94
8417,659;102
8418,659;92
8419,659;13183
8420,659;92
8421,659;89
8422,659;100
8423,659;93
8424,659;91
8425,659;13149
8426,659;91
8427,659;89
8428,659;88
8429,659;93
8430,659;101
8431,659;13190
8432,659;88
8433,659;89
8434,659;91
8435,659;93
8436,659;109
8437,659;13190
8438,659;87
8439,659;73
8440,659;84
8441,659;107
8442,659;78
8443,659;13167
8444,659;85
8445,659;73
8446,659;107
8447,659;100
8448,659;88
8449,659;13150
8450,659;89
8451,659;85
8452,659;91
8453,659;113
8454,659;98
8455,659;13203
8456,659;82
8457,659;89
8458,659;101
8459,659;97
8460,659;95
8461,659;13178
8462,659;84
8463,659;74
8464,659;98
8465,659;94
8466,659;107
8467,659;13199
8468,659;73
8469,659;85
8470,659;90
8471,659;75
8472,659;101
8473,659;13161
8474,659;90
8475,659;94
8476,659;94
8477,659;101
8478,659;104
8479,659;13176
8480,659;84
8481,659;89
8482,659;103
8483,659;94
8484,659;79
8485,659;13173
8486,456;81
8487,456;83
8488,456;108
8489,456;91
8490,456;118
8491,456;13177
8492,456;83
8493,456;102
8494,456;83
8495,456;89
8496,456;102
8497,456;13171
8498,456;92
8499,456;96
8500,456;82
8501,456;118
8502,456;121
8503,456;13192
8504,456;91
8505,456;81
8506,456;101
8507,456;100
8508,456;108
8509,456;13198
8510,456;82
8511,456;86
8512,456;102
8513,456;89
8514,456;104
8515,456;13170
8516,456;82
8517,456;100
8518,456;99
8519,456;87
8520,456;98
8521,456;13197
8522,456;91
8523,456;100
8524,456;87
8525,456;98
8526,456;103
8527,456;13182
8528,456;77
8529,456;85
8530,456;97
8531,456;112
8532,456;109
8533,456;13191
8534,456;85
8535,456;116
8536,456;81
8537,456;90
8538,456;85
8539,456;13206
8540,456;89
8541,456;95
8542,456;107
8543,456;85
8544,456;99
8545,456;13198
8546,456;73
8547,456;100
8548,456;83
8549,456;86
8550,456;102
8551,456;13229
8552,456;73
8553,456;93
8554,456;91
8555,456;83
8556,456;86
8557,456;13186
8558,456;100
8559,456;93
8560,456;106
8561,456;82
8562,456;105
8563,456;13171
8564,456;81
8565,456;91
8566,456;89
8567,456;102
8568,456;109
8569,456;13164
8570,456;96
8571,456;86
8572,456;92
8573,456;101
8574,456;102
8575,456;13204
8576,456;71
8577,456;64
8578,456;91
8579,456;74
8580,456;99
8581,456;13210
8582,456;87
8583,456;88
8584,456;95
8585,456;72
8586,456;92
8587,753;13180
8588,753;78
8589,753;87
8590,753;86
8591,753;102
8592,753;109
8593,753;13232
8594,753;74
8595,753;76
8596,753;89
8597,753;66
8598,753;100
8599,753;13209
8600,753;66
8601,753;78
8602,753;80
8603,753;86
8604,753;99
8605,753;12866
8606,753;69
8607,753;84
8608,753;78
8609,753;82
8610,753;74
8611,753;13124
8612,753;88
8613,753;94
8614,753;92
8615,753;88
8616,753;69
8617,753;13187
8618,753;75
8619,753;73
8620,753;91
8621,753;92
8622,753;73
8623,753;13227
8624,753;73
8625,753;104
8626,753;99
8627,753;79
8628,753;88
8629,753;13194
8630,753;91
8631,753;88
8632,753;75
8633,753;96
8634,753;91
8635,753;13174
8636,753;84
8637,753;89
8638,753;95
8639,753;85
8640,753;83
8641,753;13187
8642,753;87
8643,753;78
8644,753;91
8645,753;85
8646,753;78
8647,753;13213
8648,753;83
8649,753;104
8650,753;88
8651,753;104
8652,753;102
8653,753;13210
8654,753;100
8655,753;94
8656,753;99
8657,753;88
8658,753;96
8659,753;13234
8660,753;97
8661,753;86
8662,753;87
8663,753;103
8664,753;89
8665,753;13196
8666,753;77
8667,753;100
8668,753;94
8669,753;109
8670,753;103
8671,753;13182
8672,753;85
8673,753;103
8674,753;100
8675,753;102
8676,753;101
8677,753;13213
8678,753;73
8679,753;90
8680,753;93
8681,753;98
8682,753;99
8683,753;13197
8684,753;79
8685,753;77
8686,753;96
8687,753;99
8688,753;106
8689,753;13202
8690,753;90
8691,753;110
8692,753;87
8693,753;117
8694,753;107
8695,753;13181
8696,753;87
8697,753;112
8698,753;104
8699,753;97
8700,753;98
8701,753;13208
8702,753;74
8703,753;86
8704,753;88
8705,753;89
8706,753;112
8707,753;13183
8708,753;103
8709,753;99
8710,753;101
8711,753;103
8712,753;106
8713,753;13199
8714,753;78
8715,753;83
8716,753;85
8717,753;95
8718,753;95
8719,753;13177
8720,753;100
8721,753;111
8722,753;110
8723,753;97
8724,753;92
8725,753;13201
8726,753;78
8727,753;104
8728,753;97
8729,753;90
8730,753;97
8731,753;13177
8732,753;86
8733,753;86
8734,753;104
8735,753;91
8736,753;95
8737,753;13185
8738,753;104
8739,753;83
8740,753;106
8741,753;93
8742,753;93
8743,753;13160
8744,753;85
8745,753;86
8746,753;95
8747,753;89
8748,753;99
8749,753;13185
8750,753;81
8751,753;108
8752,753;101
8753,753;107
8754,753;93
8755,753;13158
8756,753;69
8757,753;102
8758,753;105
8759,753;84
8760,753;110
8761,753;13136
8762,753;88
8763,753;81
8764,753;86
8765,753;103
8766,753;83
8767,753;13159
8768,753;105
8769,753;87
8770,753;92
8771,753;92
8772,753;104
8773,753;13147
8774,753;83
8775,753;95
8776,753;98
8777,753;74
8778,753;108
8779,753;13224
8780,753;92
8781,753;111
8782,753;90
8783,753;102
8784,753;92
8785,753;13199
8786,753;81
8787,753;67
8788,753;112
8789,955;90
8790,955;89
8791,955;13192
8792,955;92
8793,955;87
8794,955;101
8795,955;88
8796,955;94
8797,955;13189
8798,955;80
8799,955;97
8800,955;94
8801,955;98
8802,955;116
8803,955;13178
8804,955;94
8805,955;95
8806,955;102
8807,955;89
8808,955;104
8809,955;13187
8810,955;101
8811,955;73
8812,955;97
8813,955;90
8814,955;124
8815,955;13158
8816,955;70
8817,955;84
8818,955;85
8819,955;95
8820,955;90
8821,955;13209
8822,955;75
8823,955;95
8824,955;97
8825,955;88
8826,955;87
8827,955;13174
8828,955;97
8829,955;85
8830,955;102
8831,955;87
8832,955;98
8833,955;13159
8834,955;88
8835,955;93
8836,955;93
8837,955;100
8838,955;101
8839,955;13215
8840,955;71
8841,955;98
8842,955;95
8843,955;78
8844,955;105
8845,955;13203
8846,955;80
8847,955;70
8848,955;76
8849,955;97
8850,955;77
8851,955;13163
8852,955;85
8853,955;88
8854,955;94
8855,955;80
8856,955;87
8857,955;13186
8858,955;82
8859,955;70
8860,955;79
8861,955;77
8862,955;89
8863,955;13167
8864,955;90
8865,955;84
8866,955;78
8867,955;81
8868,955;87
8869,955;13195
8870,955;70
8871,955;75
8872,955;71
8873,955;85
8874,955;86
8875,955;13165
8876,955;79
8877,955;76
8878,955;86
8879,955;87
8880,955;84
8881,955;13166
8882,955;84
8883,955;85
8884,955;65
8885,955;88
8886,955;88
8887,955;13163
8888,955;71
8889,955;93
8890,96;79
8891,96;88
8892,96;89
8893,96;13164
8894,96;74
8895,96;88
8896,96;81
8897,96;86
8898,96;87
8899,96;13174
8900,96;67
8901,96;65
8902,96;76
8903,96;85
8904,96;67
8905,96;13155
8906,96;94
8907,96;83
8908,96;94
8909,96;82
8910,96;81
8911,96;13218
8912,96;74
8913,96;87
8914,96;77
8915,96;67
8916,96;96
8917,96;12834
8918,96;70
8919,96;76
8920,96;81
8921,96;91
8922,96;97
8923,96;13103
8924,96;77
8925,96;80
8926,96;96
8927,96;92
8928,96;80
8929,96;13187
8930,96;78
8931,96;68
8932,96;94
8933,96;69
8934,96;75
8935,96;13150
8936,96;77
8937,96;71
8938,96;89
8939,96;72
8940,96;78
8941,96;13159
8942,96;92
8943,96;82
8944,96;83
8945,96;87
8946,96;93
8947,96;13181
8948,96;90
8949,96;74
8950,96;72
8951,96;81
8952,96;93
8953,96;13187
8954,96;67
8955,96;93
8956,96;86
8957,96;72
8958,96;82
8959,96;13189
8960,96;85
8961,96;86
8962,96;82
8963,96;87
8964,96;84
8965,96;13171
8966,96;84
8967,96;92
8968,96;76
8969,96;84
8970,96;97
8971,96;13207
8972,96;100
8973,96;102
8974,96;59
8975,96;73
8976,96;88
8977,96;13196
8978,96;74
8979,96;70
8980,96;96
8981,96;74
8982,96;112
8983,96;13160
8984,96;94
8985,96;87
8986,96;80
8987,96;80
8988,96;89
8989,96;13184
8990,96;88
8990,669;105
8991,669;78
8992,669;79
8993,669;96
8994,669;13167
8995,669;98
8996,669;94
8997,669;106
8998,669;94
8999,669;95
9000,669;13163
9001,669;84
9002,669;107
9003,669;90
9004,669;104
9005,669;95
9006,669;13155
9007,669;85
9008,669;86
9009,669;87
9010,669;100
9011,669;98
9012,669;13182
9013,669;76
9014,669;78
9015,669;86
9016,669;96
9017,669;113
9018,669;13190
9019,669;96
9020,669;100
9021,669;78
9022,669;106
9023,669;99
9024,669;13173
9025,669;71
9026,669;81
9027,669;93
9028,669;84
9029,669;98
9030,669;13177
9031,669;76
9032,669;85
9033,669;107
9034,669;91
9035,669;82
9036,669;13186
9037,669;94
9038,669;109
9039,669;108
9040,669;89
9041,669;103
9042,669;13177
9043,669;84
9044,669;83
9045,669;86
9046,669;80
9047,669;101
9048,669;13224
9049,669;92
9050,669;85
9051,669;99
9052,669;104
9053,669;98
9054,669;13195
9055,669;99
9056,669;92
9057,669;101
9058,669;84
9059,669;96
9060,669;13201
9061,669;88
9062,669;86
9063,669;84
9064,669;104
9065,669;93
9066,669;13168
9067,669;95
9068,669;101
9069,669;84
9070,669;102
9071,669;85
9072,669;13164
9073,669;81
9074,669;92
9075,669;106
9076,669;108
9077,669;86
9078,669;13171
9079,669;69
9080,669;82
9081,669;101
9082,669;94
9083,669;80
9084,669;13165
9085,669;87
9086,669;90
9087,669;81
9088,669;97
9089,669;99
9090,669;13212
9091,737;88
9092,737;100
9093,737;84
9094,737;98
9095,737;103
9096,737;13177
9097,737;102
9098,737;95
9099,737;106
9100,737;100
9101,737;92
9102,737;13207
9103,737;106
9104,737;97
9105,737;70
9106,737;87
9107,737;94
9108,737;13181
9109,737;98
9110,737;80
9111,737;91
9112,737;77
9113,737;94
9114,737;13182
9115,737;75
9116,737;98
9117,737;84
9118,737;104
9119,737;85
9120,737;13194
9121,737;117
9122,737;71
9123,737;85
9124,737;103
9125,737;95
9126,737;13169
9127,737;94
9128,737;90
9129,737;91
9130,737;99
9131,737;99
9132,737;13214
9133,737;88
9134,737;80
9135,737;90
9136,737;91
9137,737;96
9138,737;13179
9139,737;85
9140,737;88
9141,737;81
9142,737;109
9143,737;89
9144,737;13185
9145,737;82
9146,737;88
9147,737;86
9148,737;89
9149,737;75
9150,737;13188
9151,737;92
9152,737;103
9153,737;99
9154,737;106
9155,737;97
9156,737;13229
9157,737;81
9158,737;93
9159,737;79
9160,737;93
9161,737;105
9162,737;13165
9163,737;89
9164,737;99
9165,737;96
9166,737;96
9167,737;100
9168,737;13192
9169,737;76
9170,737;97
9171,737;101
9172,737;102
9173,737;100
9174,737;13207
9175,737;93
9176,737;84
9177,737;98
9178,737;97
9179,737;99
9180,737;13161
9181,737;91
9182,737;87
9183,737;98
9184,737;102
9185,737;91
9186,737;13184
9187,737;93
9188,737;85
9189,737;106
9190,737;107
9191,737;102
9192,737;13201
9193,737;85
9194,737;71
9195,737;100
9196,737;94
9197,737;107
9198,737;13205
9199,737;84
9200,737;98
9201,737;93
9202,737;89
9203,737;92
9204,737;13150
9205,737;74
9206,737;83
9207,737;89
9208,737;72
9209,737;106
9210,737;13174
9211,737;95
9212,737;91
9213,737;100
9214,737;86
9215,737;88
9216,737;13147
9217,737;80
9218,737;81
9219,737;74
9220,737;82
9221,737;115
9222,737;13169
9223,737;79
9224,737;90
9225,737;97
9226,737;92
9227,737;101
9228,737;12863
9229,737;78
9230,737;86
9231,737;93
9232,737;80
9233,737;85
9234,737;13164
9235,737;86
9236,737;82
9237,737;88
9238,737;67
9239,737;94
9240,737;13154
9241,737;103
9242,737;86
9243,737;90
9244,737;91
9245,737;103
9246,737;13158
9247,737;92
9248,737;109
9249,737;82
9250,737;99
9251,737;93
9252,737;13189
9253,737;80
9254,737;114
9255,737;109
9256,737;100
9257,737;104
9258,737;13186
9259,737;96
9260,737;105
9261,737;91
9262,737;89
9263,737;99
9264,737;13213
9265,737;92
9266,737;97
9267,737;99
9268,737;87
9269,737;105
9270,737;13162
9271,737;87
9272,737;102
9273,737;102
9274,737;88
9275,737;106
9276,737;13192
9277,737;96
9278,737;82
9279,737;103
9280,737;96
9281,737;112
9282,737;13159
9283,737;84
9284,737;81
9285,737;116
9286,737;109
9287,737;85
9288,737;13170
9289,737;84
9290,737;100
9291,737;90
9292,737;105
9296,272;71
9297,272;13208
9298,272;97
9299,272;98
9300,272;102
9301,272;117
9302,272;100
9303,272;13189
9304,272;88
9305,272;85
9306,272;87
9307,272;112
9308,272;100
9309,272;13167
9310,272;86
9311,272;90
9312,272;95
9313,272;96
9314,272;88
9315,272;13175
9316,272;79
9317,272;83
9318,272;65
9319,272;104
9320,272;116
9321,272;13185
9322,272;90
9323,272;78
9324,272;94
9325,272;87
9326,272;90
9327,272;13191
9328,272;85
9329,272;92
9330,272;97
9331,272;100
9332,272;103
9333,272;13202
9334,272;97
9335,272;89
9336,272;108
9337,272;92
9338,272;93
9339,272;13184
9340,272;67
9341,272;87
9342,272;85
9343,272;86
9344,272;109
9345,272;13163
9346,272;99
9347,272;90
9348,272;94
9349,272;87
9350,272;89
9351,272;13219
9352,272;90
9353,272;87
9354,272;107
9355,272;104
9356,272;102
9357,272;13180
9358,272;104
9359,272;91
9360,272;103
9361,272;74
9362,272;91
9363,272;13162
9364,272;90
9365,272;78
9366,272;97
9367,272;99
9368,272;114
9369,272;13193
9370,272;75
9371,272;116
9372,272;87
9373,272;75
9374,272;90
9375,272;13162
9376,272;92
9377,272;95
9378,272;84
9379,272;93
9380,272;94
9381,272;13169
9382,272;82
9383,272;90
9384,272;75
9385,272;86
9386,272;101
9387,272;13189
9388,272;93
9389,272;103
9390,272;81
9391,272;103
9392,272;87
9393,272;13188
9394,272;84
9395,272;67
9396,272;92
9395,19;106
9396,19;114
9397,19;13195
9398,19;98
9399,19;86
9400,19;90
9401,19;87
9402,19;111
9403,19;13182
9404,19;72
9405,19;76
9406,19;113
9407,19;104
9408,19;122
9409,19;13179
9410,19;87
9411,19;102
9412,19;97
9413,19;75
9414,19;113
9415,19;13207
9416,19;65
9417,19;98
9418,19;85
9419,19;83
9420,19;91
9421,19;13207
9422,19;86
9423,19;75
9424,19;106
9425,19;105
9426,19;100
9427,19;13177
9428,19;93
9429,19;76
9430,19;88
9431,19;86
9432,19;105
9433,19;13183
9434,19;91
9435,19;92
9436,19;90
9437,19;65
9438,19;111
9439,19;13169
9440,19;81
9441,19;98
9442,19;110
9443,19;107
9444,19;86
9445,19;13184
9446,19;64
9447,19;73
9448,19;89
9449,19;94
9450,19;83
9451,19;13178
9452,19;69
9453,19;110
9454,19;103
9455,19;89
9456,19;95
9457,19;13185
9458,19;77
9459,19;88
9460,19;98
9461,19;79
9462,19;79
9463,19;13176
9464,19;72
9465,19;83
9466,19;101
9467,19;91
9468,19;95
9469,19;13166
9470,19;72
9471,19;97
9472,19;116
9473,19;97
9474,19;98
9475,19;13186
9476,19;83
9477,19;93
9478,19;79
9479,19;89
9480,19;90
9481,19;13170
9482,19;100
9483,19;82
9484,19;98
9485,19;96
9486,19;98
9487,19;13118
9488,19;94
9489,19;94
9490,19;81
9491,19;89
9492,19;76
9493,19;13174
9494,19;67
9495,19;88
9496,932;83
9497,932;86
9498,932;72
9499,932;13130
9500,932;78
9501,932;81
9502,932;85
9503,932;87
9504,932;87
9505,932;13152
9506,932;75
9507,932;92
9508,932;88
9509,932;81
9510,932;97
9511,932;13199
9512,932;80
9513,932;74
9514,932;77
9515,932;89
9516,932;110
9517,932;13162
9518,932;66
9519,932;91
9520,932;81
9521,932;83
9522,932;77
9523,932;13143
9524,932;82
9525,932;88
9526,932;77
9527,932;87
9528,932;80
9529,932;13213
9530,932;71
9531,932;82
9532,932;81
9533,932;90
9534,932;80
9535,932;13199
9536,932;79
9537,932;79
9538,932;95
9539,932;84
9540,932;79
9541,932;12822
9542,932;74
9543,932;80
9544,932;75
9545,932;68
9546,932;84
9547,932;13088
9548,932;81
9549,932;75
9550,932;69
9551,932;101
9552,932;88
9553,932;13145
9554,932;71
9555,932;86
9556,932;79
9557,932;81
9558,932;96
9559,932;13129
9560,932;89
9561,932;74
9562,932;89
9563,932;79
9564,932;93
9565,932;13183
9566,932;65
9567,932;80
9568,932;71
9569,932;80
9570,932;83
9571,932;13188
9572,932;68
9573,932;86
9574,932;75
9575,932;86
9576,932;90
9577,932;13191
9578,932;69
9579,932;83
9580,932;79
9581,932;81
9582,932;98
9583,932;13162
9584,932;77
9585,932;70
9586,932;96
9587,932;89
9588,932;107
9589,932;13184
9590,932;74
9591,932;82
9592,932;92
9593,932;97
9594,932;93
9595,932;13185
9596,932;95
9597,193;86
9598,193;79
9599,193;84
9600,193;92
9601,193;13171
9602,193;80
9603,193;102
9604,193;83
9605,193;103
9606,193;92
9607,193;13170
9608,193;68
9609,193;91
9610,193;82
9611,193;82
9612,193;110
9613,193;13171
9614,193;101
9615,193;79
9616,193;88
9617,193;85
9618,193;100
9619,193;13189
9620,193;98
9621,193;94
9622,193;100
9623,193;101
9624,193;94
9625,193;13208
9626,193;86
9627,193;78
9628,193;98
9629,193;98
9630,193;101
9631,193;13174
9632,193;78
9633,193;90
9634,193;106
9635,193;72
9636,193;101
9637,193;13153
9638,193;73
9639,193;87
9640,193;98
9641,193;84
9642,193;110
9643,193;13154
9644,193;85
9645,193;104
9646,193;90
9647,193;95
9648,193;94
9649,193;13162
9650,193;69
9651,193;81
9652,193;99
9653,193;95
9654,193;95
9655,193;13174
9656,193;109
9657,193;90
9658,193;84
9659,193;82
9660,193;91
9661,193;13163
9662,193;67
9663,193;89
9664,193;76
9665,193;99
9666,193;121
9667,193;13136
9668,193;63
9669,193;95
9670,193;91
9671,193;102
9672,193;97
9673,193;13171
9674,193;70
9675,193;87
9676,193;73
9677,193;87
9678,193;115
9679,193;13180
9680,193;83
9681,193;99
9682,193;96
9683,193;104
9684,193;88
9685,193;13165
9686,193;91
9687,193;89
9688,193;115
9689,193;92
9690,193;97
9691,193;13206
9692,193;92
9693,193;85
9694,193;84
9695,193;91
9696,193;82
9697,193;13198
9700,08;95
9701,08;97
9702,08;85
9703,08;85
9704,08;99
9705,08;13191
9706,08;92
9707,08;105
9708,08;88
9709,08;97
9710,08;88
9711,08;13211
9712,08;82
9713,08;98
9714,08;88
9715,08;91
9716,08;103
9717,08;13162
9718,08;100
9719,08;101
9720,08;88
9721,08;84
9722,08;98
9723,08;13173
9724,08;84
9725,08;79
9726,08;100
9727,08;103
9728,08;82
9729,08;13158
9730,08;97
9731,08;88
9732,08;86
9733,08;117
9734,08;78
9735,08;13196
9736,08;97
9737,08;95
9738,08;97
9739,08;92
9740,08;103
9741,08;13191
9742,08;81
9743,08;89
9744,08;93
9745,08;88
9746,08;101
9747,08;13199
9748,08;80
9749,08;100
9750,08;84
9751,08;109
9752,08;124
9753,08;13202
9754,08;74
9755,08;89
9756,08;87
9757,08;100
9758,08;97
9759,08;13172
9760,08;95
9761,08;97
9762,08;90
9763,08;80
9764,08;96
9765,08;13186
9766,08;78
9767,08;88
9768,08;103
9769,08;91
9770,08;101
9771,08;13183
9772,08;78
9773,08;90
9774,08;90
9775,08;96
9776,08;92
9777,08;13178
9778,08;82
9779,08;95
9780,08;97
9781,08;98
9782,08;104
9783,08;13158
9784,08;83
9785,08;98
9786,08;87
9787,08;99
9788,08;106
9789,08;13172
9790,08;77
9791,08;108
9792,08;98
9793,08;90
9794,08;101
9795,08;13180
9796,08;93
9797,08;100
9798,08;88
9799,08;102
9800,08;98
9799,08;13148
9800,08;83
9801,08;119
9802,08;82
9803,08;105
9804,08;112
9805,08;13196
9806,08;88
9807,08;88
9808,08;90
9809,08;113
9810,08;109
9811,08;13173
9812,08;82
9813,08;92
9814,08;90
9815,08;108
9816,08;90
9817,08;13188
9818,08;72
9819,08;85
9820,08;109
9821,08;102
9822,08;106
9823,08;13167
9824,08;93
9825,08;81
9826,08;94
9827,08;96
9828,08;106
9829,08;13207
9830,08;83
9831,08;71
9832,08;86
9833,08;112
9834,08;95
9835,08;13191
9836,08;82
9837,08;85
9838,08;85
9839,08;99
9840,08;112
9841,08;13163
9842,08;73
9843,08;90
9844,08;99
9845,08;102
9846,08;104
9847,08;13151
9848,08;70
9849,08;80
9850,08;87
9851,08;92
9852,08;87
9853,08;12849
9854,08;79
9855,08;77
9856,08;90
9857,08;95
9858,08;98
9859,08;13125
9860,08;83
9861,08;78
9862,08;95
9863,08;86
9864,08;96
9865,08;13210
9866,08;91
9867,08;92
9868,08;76
9869,08;91
9870,08;90
9871,08;13199
9872,08;94
9873,08;97
9874,08;90
9875,08;77
9876,08;89
9877,08;13173
9878,08;96
9879,08;97
9880,08;97
9881,08;87
9882,08;90
9883,08;13209
9884,08;92
9885,08;118
9886,08;82
9887,08;91
9888,08;106
9889,08;13195
9890,08;83
9891,08;105
9892,08;85
9893,08;86
9894,08;111
9895,08;13221
9896,08;89
9897,08;71
9898,08;78
9899,08;95
9900,869;102
9901,869;13216
9902,869;87
9903,869;87
9904,869;108
9905,869;95
9906,869;106
9907,869;13178
9908,869;101
9909,869;122
9910,869;92
9911,869;100
9912,869;116
9913,869;13236
9914,869;77
9915,869;96
9916,869;85
9917,869;85
9918,869;104
9919,869;13130
9920,869;71
9921,869;89
9922,869;91
9923,869;84
9924,869;99
9925,869;13183
9926,869;85
9927,869;96
9928,869;95
9929,869;104
9930,869;93
9931,869;13215
9932,869;87
9933,869;79
9934,869;115
9935,869;109
9936,869;115
9937,869;13178
9938,869;102
9939,869;95
9940,869;80
9941,869;103
9942,869;89
9943,869;13176
9944,869;80
9945,869;87
9946,869;88
9947,869;105
9948,869;105
9949,869;13179
9950,869;87
9951,869;88
9952,869;105
9953,869;79
9954,869;85
9955,869;13207
9956,869;79
9957,869;90
9958,869;77
9959,869;97
9960,869;92
9961,869;13162
9962,869;93
9963,869;98
9964,869;109
9965,869;93
9966,869;92
9967,869;13172
9968,869;92
9969,869;95
9970,869;86
9971,869;103
9972,869;99
9973,869;13198
9974,869;97
9975,869;81
9976,869;94
9977,869;89
9978,869;103
9979,869;13196
9980,869;86
9981,869;76
9982,869;119
9983,869;91
9984,869;113
9985,869;13190
9986,869;73
9987,869;75
9988,869;108
9989,869;99
9990,869;108
9991,869;13189
9992,869;81
9993,869;99
9994,869;91
9995,869;84
9996,869;82
9997,869;13194
9998,869;81
9999,869;87
10000,869;107
10002,111;93
10003,111;96
10004,111;13177
10005,111;88
10006,111;84
10007,111;94
10008,111;91
10009,111;100
10010,111;13146
10011,111;93
10012,111;97
10013,111;87
10014,111;107
10015,111;109
10016,111;13173
10017,111;90
10018,111;83
10019,111;88
10020,111;85
10021,111;92
10022,111;13176
10023,111;72
10024,111;92
10025,111;75
10026,111;95
10027,111;96
10028,111;13151
10029,111;82
10030,111;95
10031,111;94
10032,111;109
10033,111;92
10034,111;13178
10035,111;81
10036,111;83
10037,111;92
10038,111;99
10039,111;95
10040,111;13177
10041,111;75
10042,111;95
10043,111;88
10044,111;91
10045,111;89
10046,111;13147
10047,111;73
10048,111;90
10049,111;94
10050,111;87
10051,111;89
10052,111;13202
10053,111;81
10054,111;74
10055,111;93
10056,111;93
10057,111;97
10058,111;13188
10059,111;98
10060,111;84
10061,111;89
10062,111;84
10063,111;96
10064,111;13174
10065,111;73
10066,111;84
10067,111;75
10068,111;98
10069,111;79
10070,111;13141
10071,111;96
10072,111;71
10073,111;89
10074,111;86
10075,111;105
10076,111;13161
10077,111;69
10078,111;71
10079,111;80
10080,111;100
10081,111;85
10082,111;13144
10083,111;90
10084,111;88
10085,111;104
10086,111;93
10087,111;94
10088,111;13167
10089,111;100
10090,111;70
10091,111;96
10092,111;81
10093,111;98
10094,111;13177
10095,111;82
10096,111;77
10097,111;102
10098,111;77
10099,111;103
10100,111;13172
10101,111;86
10102,111;75
10103,111;110
10104,111;88
10105,111;70
10106,111;13181
10107,111;100
10108,111;85
10109,111;115
10110,111;96
10111,111;73
10112,111;13182
10113,111;85
10114,111;82
10115,111;85
10116,111;87
10117,111;91
10118,111;13191
10119,111;82
10120,111;86
10121,111;85
10122,111;96
10123,111;83
10124,111;13156
10125,111;85
10126,111;76
10127,111;91
10128,111;78
10129,111;97
10130,111;13174
10131,111;98
10132,111;82
10133,111;78
10134,111;101
10135,111;84
10136,111;13181
10137,111;89
10138,111;86
10139,111;88
10140,111;88
10141,111;74
10142,111;13177
10143,111;80
10144,111;71
10145,111;91
10146,111;88
10147,111;89
10148,111;13205
10149,111;82
10150,111;85
10151,111;69
10152,111;86
10153,111;89
10154,111;13180
10155,111;76
10156,111;74
10157,111;96
10158,111;78
10159,111;88
10160,111;13171
10161,111;86
10162,111;85
10163,111;70
10164,111;56
10165,111;91
10166,111;12832
10167,111;69
10168,111;89
10169,111;64
10170,111;93
10171,111;78
10172,111;13112
10173,111;68
10174,111;70
10175,111;77
10176,111;78
10177,111;71
10178,111;13129
10179,111;81
10180,111;76
10181,111;86
10182,111;71
10183,111;99
10184,111;13165
10185,111;62
10186,111;87
10187,111;93
10188,111;74
10189,111;87
10190,111;13151
10191,111;87
10192,111;86
10193,111;100
10194,111;91
10195,111;82
10196,111;13185
10197,111;80
10198,111;91
10199,111;98
10200,111;88
10201,111;87
10202,111;13154
10203,111;69
10203,117;81
10204,117;86
10205,117;95
10206,117;93
10207,117;13132
10208,117;69
10209,117;92
10210,117;86
10211,117;95
10212,117;81
10213,117;13114
10214,117;88
10215,117;84
10216,117;72
10217,117;85
10218,117;90
10219,117;13148
10220,117;85
10221,117;81
10222,117;88
10223,117;72
10224,117;82
10225,117;13191
10226,117;88
10227,117;110
10228,117;71
10229,117;88
10230,117;99
10231,117;13174
10232,117;64
10233,117;95
10234,117;84
10235,117;91
10236,117;95
10237,117;13168
10238,117;74
10239,117;74
10240,117;88
10241,117;107
10242,117;80
10243,117;13155
10244,117;80
10245,117;99
10246,117;96
10247,117;93
10248,117;86
10249,117;13176
10250,117;89
10251,117;87
10252,117;99
10253,117;74
10254,117;78
10255,117;13137
10256,117;91
10257,117;114
10258,117;100
10259,117;76
10260,117;93
10261,117;13196
10262,117;70
10263,117;68
10264,117;81
10265,117;93
10266,117;82
10267,117;13166
10268,117;68
10269,117;93
10270,117;100
10271,117;97
10272,117;88
10273,117;13178
10274,117;71
10275,117;86
10276,117;85
10277,117;91
10278,117;89
10279,117;13177
10280,117;78
10281,117;79
10282,117;71
10283,117;87
10284,117;87
10285,117;13183
10286,117;82
10287,117;95
10288,117;80
10289,117;99
10290,117;91
10291,117;13174
10292,117;91
10293,117;107
10294,117;86
10295,117;84
10296,117;101
10297,117;13172
10298,117;91
10299,117;93
10300,117;80
10301,117;95
10302,117;86
10303,117;13162
10304,117;84
10305,117;105
10306,117;83
10307,117;99
10308,117;86
10309,117;13179
10310,117;87
10311,117;90
10312,117;93
10313,117;85
10314,117;89
10315,117;13165
10316,117;80
10317,117;83
10318,117;92
10319,117;80
10320,117;92
10321,117;13157
10322,117;84
10323,117;91
10324,117;100
10325,117;77
10326,117;83
10327,117;13138
10328,117;72
10329,117;97
10330,117;87
10331,117;98
10332,117;108
10333,117;13180
10334,117;90
10335,117;85
10336,117;85
10337,117;81
10338,117;90
10339,117;13198
10340,117;87
10341,117;95
10342,117;86
10343,117;98
10344,117;112
10345,117;13154
10346,117;87
10347,117;86
10348,117;111
10349,117;82
10350,117;93
10351,117;13211
10352,117;111
10353,117;90
10354,117;107
10355,117;100
10356,117;109
10357,117;13172
10358,117;90
10359,117;98
10360,117;112
10361,117;98
10362,117;121
10363,117;13190
10364,117;90
10365,117;112
10366,117;91
10367,117;100
10368,117;104
10369,117;13156
10370,117;81
10371,117;87
10372,117;91
10373,117;93
10374,117;96
10375,117;13230
10376,117;86
10377,117;85
10378,117;87
10379,117;97
10380,117;89
10381,117;13159
10382,117;83
10383,117;88
10384,117;102
10385,117;88
10386,117;95
10387,117;13184
10388,117;86
10389,117;93
10390,117;82
10391,117;103
10392,117;86
10393,117;13187
10394,117;78
10395,117;93
10396,117;96
10397,117;83
10398,117;91
10399,117;13194
10400,117;81
10401,117;88
10402,117;96
10403,117;79
10404,117;94
10405,628;13210
10406,628;94
10407,628;91
10408,628;82
10409,628;103
10410,628;86
10411,628;13200
10412,628;102
10413,628;85
10414,628;92
10415,628;100
10416,628;103
10417,628;13215
10418,628;68
10419,628;82
10420,628;92
10421,628;93
10422,628;96
10423,628;13202
10424,628;91
10425,628;89
10426,628;94
10427,628;84
10428,628;106
10429,628;13204
10430,628;92
10431,628;75
10432,628;102
10433,628;101
10434,628;98
10435,628;13202
10436,628;91
10437,628;100
10438,628;89
10439,628;88
10440,628;97
10441,628;13178
10442,628;77
10443,628;102
10444,628;82
10445,628;108
10446,628;112
10447,628;13140
10448,628;101
10449,628;93
10450,628;92
10451,628;79
10452,628;76
10453,628;13200
10454,628;87
10455,628;94
10456,628;92
10457,628;90
10458,628;98
10459,628;13167
10460,628;62
10461,628;93
10462,628;89
10463,628;96
10464,628;104
10465,628;13147
10466,628;96
10467,628;86
10468,628;82
10469,628;96
10470,628;97
10471,628;13174
10472,628;95
10473,628;69
10474,628;89
10475,628;85
10476,628;106
10477,628;12847
10478,628;95
10479,628;83
10480,628;87
10481,628;96
10482,628;93
10483,628;13101
10484,628;105
10485,628;71
10486,628;70
10487,628;100
10488,628;100
10489,628;13157
10490,628;80
10491,628;74
10492,628;89
10493,628;87
10494,628;109
10495,628;13188
10496,628;94
10497,628;75
10498,628;107
10499,628;110
10500,628;93
10501,628;13183
10502,628;70
10503,628;99
10504,628;105
10505,628;91
10506,926;98
10507,926;13195
10508,926;87
10509,926;78
10510,926;100
10511,926;107
10512,926;96
10513,926;13221
10514,926;88
10515,926;82
10516,926;83
10517,926;103
10518,926;86
10519,926;13162
10520,926;87
10521,926;102
10522,926;92
10523,926;95
10524,926;109
10525,926;13179
10526,926;87
10527,926;80
10528,926;84
10529,926;95
10530,926;104
10531,926;13188
10532,926;77
10533,926;95
10534,926;87
10535,926;81
10536,926;96
10537,926;13212
10538,926;103
10539,926;83
10540,926;98
10541,926;106
10542,926;102
10543,926;13197
10544,926;77
10545,926;83
10546,926;94
10547,926;100
10548,926;96
10549,926;13170
10550,926;71
10551,926;79
10552,926;100
10553,926;109
10554,926;97
10555,926;13226
10556,926;119
10557,926;74
10558,926;86
10559,926;104
10560,926;112
10561,926;13149
10562,926;84
10563,926;86
10564,926;84
10565,926;100
10566,926;94
10567,926;13193
10568,926;97
10569,926;103
10570,926;109
10571,926;89
10572,926;99
10573,926;13216
10574,926;81
10575,926;106
10576,926;101
10577,926;89
10578,926;91
10579,926;13153
10580,926;83
10581,926;97
10582,926;101
10583,926;75
10584,926;97
10585,926;13150
10586,926;94
10587,926;83
10588,926;108
10589,926;104
10590,926;93
10591,926;13196
10592,926;93
10593,926;75
10594,926;96
10595,926;86
10596,926;90
10597,926;13177
10598,926;99
10599,926;81
10600,926;80
10601,926;86
10602,926;84
10603,926;13208
10604,926;70
10605,926;83
10606,926;100
10607,238;87
10608,238;98
10609,238;13197
10610,238;89
10611,238;92
10612,238;95
10613,238;97
10614,238;102
10615,238;13186
10616,238;87
10617,238;90
10618,238;82
10619,238;90
10620,238;116
10621,238;13192
10622,238;84
10623,238;93
10624,238;81
10625,238;98
10626,238;100
10627,238;13209
10628,238;86
10629,238;87
10630,238;85
10631,238;105
10632,238;101
10633,238;13184
10634,238;94
10635,238;68
10636,238;102
10637,238;93
10638,238;89
10639,238;13164
10640,238;91
10641,238;90
10642,238;79
10643,238;101
10644,238;102
10645,238;13158
10646,238;75
10647,238;89
10648,238;96
10649,238;101
10650,238;103
10651,238;13165
10652,238;88
10653,238;80
10654,238;96
10655,238;107
10656,238;111
10657,238;13193
10658,238;87
10659,238;84
10660,238;88
10661,238;83
10662,238;89
10663,238;13171
10664,238;86
10665,238;80
10666,238;66
10667,238;89
10668,238;88
10669,238;13151
10670,238;83
10671,238;98
10672,238;66
10673,238;101
10674,238;81
10675,238;13175
10676,238;74
10677,238;95
10678,238;106
10679,238;90
10680,238;104
10681,238;13166
10682,238;92
10683,238;98
10684,238;96
10685,238;108
10686,238;96
10687,238;13158
10688,238;77
10689,238;84
10690,238;95
10691,238;82
10692,238;93
10693,238;13131
10694,238;86
10695,238;91
10696,238;85
10697,238;65
10698,238;104
10699,238;13170
10700,238;87
10701,238;78
10702,238;84
10703,238;84
10704,238;94
10705,238;13214
10706,238;77
10707,238;84
10709,051;84
10710,051;90
10711,051;82
10712,051;13167
10713,051;76
10714,051;95
10715,051;98
10716,051;85
10717,051;95
10718,051;13172
10719,051;77
10720,051;75
10721,051;93
10722,051;98
10723,051;103
10724,051;13169
10725,051;82
10726,051;76
10727,051;88
10728,051;73
10729,051;83
10730,051;13156
10731,051;68
10732,051;80
10733,051;93
10734,051;82
10735,051;89
10736,051;13191
10737,051;81
10738,051;89
10739,051;90
10740,051;93
10741,051;96
10742,051;13188
10743,051;91
10744,051;97
10745,051;91
10746,051;79
10747,051;94
10748,051;13158
10749,051;75
10750,051;86
10751,051;81
10752,051;91
10753,051;81
10754,051;13138
10755,051;75
10756,051;81
10757,051;84
10758,051;88
10759,051;112
10760,051;13161
10761,051;75
10762,051;82
10763,051;82
10764,051;80
10765,051;99
10766,051;13142
10767,051;70
10768,051;83
10769,051;88
10770,051;88
10771,051;85
10772,051;13168
10773,051;78
10774,051;76
10775,051;101
10776,051;101
10777,051;79
10778,051;13146
10779,051;67
10780,051;72
10781,051;91
10782,051;84
10783,051;100
10784,051;13188
10785,051;83
10786,051;72
10787,051;86
10788,051;95
10789,051;94
10790,051;12867
10791,051;85
10792,051;55
10793,051;75
10794,051;88
10795,051;81
10796,051;13122
10797,051;80
10798,051;85
10799,051;101
10800,051;97
10801,051;70
10802,051;13150
10803,051;67
10804,051;74
10805,051;85
10806,051;63
10807,051;78
10808,051;13151
10809,051;70
10810,051;78
10811,051;81
10812,051;87
10813,051;77
10814,051;13197
10815,051;68
10816,051;82
10817,051;90
10818,051;74
10819,051;87
10820,051;13181
10821,051;79
10822,051;101
10823,051;67
10824,051;81
10825,051;97
10826,051;13183
10827,051;69
10828,051;78
10829,051;74
10830,051;75
10831,051;88
10832,051;13157
10833,051;82
10834,051;92
10835,051;104
10836,051;93
10837,051;100
10838,051;13177
10839,051;68
10840,051;79
10841,051;91
10842,051;92
10843,051;80
10844,051;13122
10845,051;63
10846,051;84
10847,051;93
10848,051;84
10849,051;94
10850,051;13174
10851,051;75
10852,051;91
10853,051;68
10854,051;98
10855,051;91
10856,051;13192
10857,051;80
10858,051;75
10859,051;78
10860,051;101
10861,051;72
10862,051;13153
10863,051;83
10864,051;85
10865,051;104
10866,051;89
10867,051;94
10868,051;13174
10869,051;86
10870,051;91
10871,051;85
10872,051;93
10873,051;107
10874,051;13187
10875,051;84
10876,051;70
10877,051;81
10878,051;94
10879,051;104
10880,051;13159
10881,051;80
10882,051;65
10883,051;85
10884,051;83
10885,051;75
10886,051;13203
10887,051;89
10888,051;75
10889,051;77
10890,051;97
10891,051;97
10892,051;13192
10893,051;72
10894,051;83
10895,051;89
10896,051;89
10897,051;111
10898,051;13155
10899,051;96
10900,051;92
10901,051;87
10902,051;84
10903,051;107
10904,051;13206
10905,051;79
10906,051;105
10907,051;95
10908,051;81
10909,051;87
10910,051;13166
10911,009;92
10912,009;76
10913,009;106
10914,009;76
10915,009;84
10916,009;13169
10917,009;97
10918,009;91
10919,009;96
10920,009;94
10921,009;90
10922,009;13166
10923,009;75
10924,009;89
10925,009;93
10926,009;81
10927,009;81
10928,009;13189
10929,009;74
10930,009;71
10931,009;103
10932,009;90
10933,009;103
10934,009;13145
10935,009;97
10936,009;82
10937,009;95
10938,009;87
10939,009;94
10940,009;13139
10941,009;82
10942,009;92
10943,009;98
10944,009;88
10945,009;98
10946,009;13112
10947,009;83
10948,009;106
10949,009;99
10950,009;101
10951,009;93
10952,009;13166
10953,009;104
10954,009;90
10955,009;91
10956,009;92
10957,009;98
10958,009;13203
10959,009;92
10960,009;80
10961,009;109
10962,009;81
10963,009;116
10964,009;13176
10965,009;78
10966,009;104
10967,009;73
10968,009;97
10969,009;95
10970,009;13175
10971,009;83
10972,009;99
10973,009;94
10974,009;89
10975,009;103
10976,009;13177
10977,009;77
10978,009;104
10979,009;92
10980,009;112
10981,009;116
10982,009;13131
10983,009;87
10984,009;95
10985,009;119
10986,009;82
10987,009;95
10988,009;13153
10989,009;86
10990,009;66
10991,009;84
10992,009;94
10993,009;120
10994,009;13130
10995,009;90
10996,009;98
10997,009;95
10998,009;110
10999,009;80
11000,009;13159
11001,009;88
11002,009;87
11003,009;73
11004,009;102
11005,009;98
11006,009;13167
11007,009;76
11008,009;93
11009,009;100
11010,009;93
11011,009;87
11011,679;13177
11012,679;80
11013,679;88
11014,679;97
11015,679;98
11016,679;112
11017,679;13188
11018,679;102
11019,679;101
11020,679;93
11021,679;95
11022,679;90
11023,679;13186
11024,679;84
11025,679;85
11026,679;100
11027,679;92
11028,679;89
11029,679;13184
11030,679;90
11031,679;99
11032,679;96
11033,679;103
11034,679;87
11035,679;13233
11036,679;85
11037,679;88
11038,679;94
11039,679;95
11040,679;101
11041,679;13167
11042,679;98
11043,679;100
11044,679;82
11045,679;91
11046,679;94
11047,679;13150
11048,679;100
11049,679;96
11050,679;98
11051,679;110
11052,679;109
11053,679;13171
11054,679;79
11055,679;84
11056,679;110
11057,679;98
11058,679;100
11059,679;13176
11060,679;83
11061,679;92
11062,679;97
11063,679;96
11064,679;109
11065,679;13168
11066,679;85
11067,679;88
11068,679;105
11069,679;100
11070,679;110
11071,679;13207
11072,679;79
11073,679;93
11074,679;82
11075,679;102
11076,679;93
11077,679;13166
11078,679;93
11079,679;101
11080,679;96
11081,679;102
11082,679;100
11083,679;13201
11084,679;93
11085,679;95
11086,679;91
11087,679;97
11088,679;113
11089,679;13161
11090,679;92
11091,679;99
11092,679;90
11093,679;85
11094,679;96
11095,679;13161
11096,679;93
11097,679;82
11098,679;100
11099,679;107
11100,679;80
11101,679;12871
11102,679;91
11103,679;99
11104,679;105
11105,679;103
11106,679;102
11107,679;13131
11108,679;101
11109,679;103
11110,679;111
11111,679;91
11112,921;115
11113,921;13174
11114,921;80
11115,921;94
11116,921;78
11117,921;96
11118,921;107
11119,921;13185
11120,921;75
11121,921;75
11122,921;94
11123,921;105
11124,921;82
11125,921;13184
11126,921;88
11127,921;82
11128,921;92
11129,921;110
11130,921;113
11131,921;13175
11132,921;104
11133,921;85
11134,921;85
11135,921;101
11136,921;89
11137,921;13214
11138,921;83
11139,921;88
11140,921;91
11141,921;102
11142,921;105
11143,921;13177
11144,921;96
11145,921;91
11146,921;102
11147,921;93
11148,921;99
11149,921;13184
11150,921;86
11151,921;100
11152,921;84
11153,921;84
11154,921;122
11155,921;13188
11156,921;89
11157,921;87
11158,921;105
11159,921;82
11160,921;111
11161,921;13163
11162,921;81
11163,921;75
11164,921;111
11165,921;90
11166,921;96
11167,921;13158
11168,921;99
11169,921;90
11170,921;98
11171,921;100
11172,921;104
11173,921;13165
11174,921;101
11175,921;91
11176,921;89
11177,921;99
11178,921;90
11179,921;13155
11180,921;84
11181,921;85
11182,921;109
11183,921;94
11184,921;89
11185,921;13156
11186,921;102
11187,921;87
11188,921;72
11189,921;91
11190,921;109
11191,921;13194
11192,921;81
11193,921;101
11194,921;91
11195,921;108
11196,921;126
11197,921;13153
11198,921;85
11199,921;99
11200,921;98
11201,921;88
11202,921;102
11203,921;13185
11204,921;88
11205,921;89
11206,921;83
11207,921;80
11208,921;90
11209,921;13185
11210,921;98
11211,921;85
11212,921;95
11214,143;99
11215,143;100
11216,143;13153
11217,143;86
11218,143;84
11219,143;79
11220,143;102
11221,143;112
11222,143;13152
11223,143;88
11224,143;78
11225,143;84
11226,143;83
11227,143;101
11228,143;13181
11229,143;89
11230,143;98
11231,143;104
11232,143;78
11233,143;101
11234,143;13139
11235,143;88
11236,143;86
11237,143;80
11238,143;79
11239,143;89
11240,143;13188
11241,143;89
11242,143;84
11243,143;93
11244,143;89
11245,143;94
11246,143;13180
11247,143;82
11248,143;82
11249,143;90
11250,143;83
11251,143;98
11252,143;13176
11253,143;84
11254,143;81
11255,143;86
11256,143;97
11257,143;99
11258,143;13165
11259,143;82
11260,143;88
11261,143;100
11262,143;112
11263,143;108
11264,143;13149
11265,143;87
11266,143;99
11267,143;99
11268,143;99
11269,143;93
11270,143;13190
11271,143;94
11272,143;85
11273,143;89
11274,143;91
11275,143;89
11276,143;13155
11277,143;87
11278,143;75
11279,143;95
11280,143;78
11281,143;99
11282,143;13188
11283,143;77
11284,143;90
11285,143;82
11286,143;87
11287,143;91
11288,143;13188
11289,143;88
11290,143;79
11291,143;73
11292,143;90
11293,143;104
11294,143;13167
11295,143;94
11296,143;78
11297,143;92
11298,143;89
11299,143;86
11300,143;13158
11301,143;94
11302,143;101
11303,143;106
11304,143;79
11305,143;106
11306,143;13162
11307,143;69
11308,143;75
11309,143;84
11310,143;84
11311,143;96
11312,143;13184
11313,143;87
11314,143;101
11315,143;96
11316,143;109
11317,143;88
11318,143;13212
11319,143;77
11320,143;95
11321,143;96
11322,143;101
11323,143;107
11324,143;13157
11325,143;88
11326,143;79
11327,143;77
11328,143;87
11329,143;93
11330,143;13152
11331,143;84
11332,143;73
11333,143;91
11334,143;94
11335,143;79
11336,143;13168
11337,143;70
11338,143;73
11339,143;98
11340,143;72
11341,143;95
11342,143;13190
11343,143;79
11344,143;80
11345,143;96
11346,143;80
11347,143;91
11348,143;13160
11349,143;93
11350,143;62
11351,143;90
11352,143;75
11353,143;71
11354,143;13181
11355,143;86
11356,143;66
11357,143;77
11358,143;72
11359,143;89
11360,143;13194
11361,143;83
11362,143;69
11363,143;100
11364,143;96
11365,143;90
11366,143;13157
11367,143;68
11368,143;88
11369,143;83
11370,143;87
11371,143;88
11372,143;13193
11373,143;80
11374,143;88
11375,143;96
11376,143;83
11377,143;88
11378,143;13171
11379,143;83
11380,143;79
11381,143;83
11382,143;91
11383,143;89
11384,143;13157
11385,143;72
11386,143;90
11387,143;76
11388,143;75
11389,143;81
11390,143;13184
11391,143;76
11392,143;94
11393,143;75
11394,143;74
11395,143;90
11396,143;13162
11397,143;74
11398,143;75
11399,143;82
11400,143;68
11401,143;89
11402,143;13194
11403,143;75
11404,143;76
11405,143;82
11406,143;78
11407,143;88
11408,143;13136
11409,143;73
11410,143;64
11411,143;94
11412,143;71
11413,143;69
11414,143;12847
11415,143;77
11415,923;66
11416,923;93
11417,923;87
11418,923;82
11419,923;13095
11420,923;67
11421,923;69
11422,923;78
11423,923;88
11424,923;81
11425,923;13144
11426,923;77
11427,923;74
11428,923;80
11429,923;98
11430,923;82
11431,923;13154
11432,923;74
11433,923;98
11434,923;88
11435,923;80
11436,923;100
11437,923;13164
11438,923;76
11439,923;80
11440,923;90
11441,923;79
11442,923;96
11443,923;13164
11444,923;75
11445,923;80
11446,923;71
11447,923;82
11448,923;94
11449,923;13188
11450,923;70
11451,923;73
11452,923;87
11453,923;91
11454,923;80
11455,923;13186
11456,923;76
11457,923;79
11458,923;95
11459,923;88
11460,923;96
11461,923;13154
11462,923;65
11463,923;95
11464,923;68
11465,923;106
11466,923;85
11467,923;13164
11468,923;72
11469,923;72
11470,923;90
11471,923;88
11472,923;112
11473,923;13150
11474,923;79
11475,923;89
11476,923;96
11477,923;100
11478,923;90
11479,923;13203
11480,923;80
11481,923;83
11482,923;100
11483,923;93
11484,923;98
11485,923;13100
11486,923;84
11487,923;85
11488,923;95
11489,923;88
11490,923;103
11491,923;13169
11492,923;70
11493,923;94
11494,923;97
11495,923;94
11496,923;91
11497,923;13138
11498,923;84
11499,923;77
11500,923;99
11501,923;101
11502,923;87
11503,923;13183
11504,923;97
11505,923;92
11506,923;85
11507,923;92
11508,923;95
11509,923;13147
11510,923;103
11511,923;88
11512,923;75
11513,923;91
11514,923;108
11515,923;13209
11517,165;88
11518,165;80
11519,165;92
11520,165;94
11521,165;95
11522,165;13175
11523,165;111
11524,165;88
11525,165;86
11526,165;79
11527,165;94
11528,165;13175
11529,165;73
11530,165;84
11531,165;79
11532,165;78
11533,165;84
11534,165;13172
11535,165;93
11536,165;86
11537,165;87
11538,165;94
11539,165;76
11540,165;13184
11541,165;87
11542,165;82
11543,165;90
11544,165;83
11545,165;92
11546,165;13131
11547,165;74
11548,165;98
11549,165;110
11550,165;99
11551,165;77
11552,165;13141
11553,165;85
11554,165;83
11555,165;87
11556,165;92
11557,165;89
11558,165;13162
11559,165;90
11560,165;77
11561,165;111
11562,165;72
11563,165;103
11564,165;13162
11565,165;102
11566,165;88
11567,165;75
11568,165;103
11569,165;117
11570,165;13164
11571,165;96
11572,165;92
11573,165;98
11574,165;104
11575,165;103
11576,165;13189
11577,165;91
11578,165;72
11579,165;101
11580,165;73
11581,165;92
11582,165;13161
11583,165;76
11584,165;83
11585,165;108
11586,165;89
11587,165;92
11588,165;13164
11589,165;88
11590,165;93
11591,165;100
11592,165;87
11593,165;96
11594,165;13161
11595,165;72
11596,165;85
11597,165;96
11598,165;99
11599,165;92
11600,165;13146
11601,165;70
11602,165;92
11603,165;84
11604,165;95
11605,165;83
11606,165;13155
11607,165;84
11608,165;94
11609,165;84
11610,165;91
11611,165;77
11612,165;13195
11613,165;102
11614,165;75
11615,165;90
11616,165;110
11617,165;107
11617,773;13164
11618,773;93
11619,773;82
11620,773;78
11621,773;89
11622,773;81
11623,773;13147
11624,773;90
11625,773;90
11626,773;90
11627,773;98
11628,773;85
11629,773;13150
11630,773;89
11631,773;88
11632,773;76
11633,773;89
11634,773;92
11635,773;13196
11636,773;84
11637,773;99
11638,773;98
11639,773;91
11640,773;87
11641,773;13149
11642,773;84
11643,773;91
11644,773;98
11645,773;78
11646,773;108
11647,773;13159
11648,773;84
11649,773;98
11650,773;88
11651,773;124
11652,773;93
11653,773;13200
11654,773;87
11655,773;76
11656,773;94
11657,773;97
11658,773;95
11659,773;13164
11660,773;83
11661,773;88
11662,773;101
11663,773;105
11664,773;98
11665,773;13215
11666,773;82
11667,773;102
11668,773;110
11669,773;103
11670,773;86
11671,773;13157
11672,773;96
11673,773;83
11674,773;82
11675,773;104
11676,773;110
11677,773;13171
11678,773;67
11679,773;81
11680,773;84
11681,773;112
11682,773;96
11683,773;13190
11684,773;87
11685,773;84
11686,773;100
11687,773;112
11688,773;105
11689,773;13212
11690,773;89
11691,773;104
11692,773;84
11693,773;94
11694,773;105
11695,773;13183
11696,773;98
11697,773;93
11698,773;94
11699,773;82
11700,773;102
11701,773;13189
11702,773;77
11703,773;78
11704,773;97
11705,773;88
11706,773;78
11707,773;13191
11708,773;105
11709,773;68
11710,773;83
11711,773;93
11712,773;94
11713,773;13203
11714,773;80
11715,773;93
11716,773;77
11717,773;100
11718,137;105
11719,137;13160
11720,137;96
11721,137;80
11722,137;87
11723,137;86
11724,137;113
11725,137;12804
11726,137;80
11727,137;87
11728,137;113
11729,137;108
11730,137;104
11731,137;13148
11732,137;84
11733,137;94
11734,137;99
11735,137;85
11736,137;89
11737,137;13151
11738,137;104
11739,137;109
11740,137;113
11741,137;91
11742,137;98
11743,137;13131
11744,137;101
11745,137;95
11746,137;77
11747,137;110
11748,137;88
11749,137;13218
11750,137;94
11751,137;90
11752,137;97
11753,137;103
11754,137;103
11755,137;13187
11756,137;83
11757,137;99
11758,137;92
11759,137;86
11760,137;93
11761,137;13169
11762,137;96
11763,137;78
11764,137;87
11765,137;79
11766,137;100
11767,137;13184
11768,137;91
11769,137;84
11770,137;87
11771,137;95
11772,137;88
11773,137;13197
11774,137;77
11775,137;76
11776,137;100
11777,137;99
11778,137;93
11779,137;13191
11780,137;101
11781,137;97
11782,137;115
11783,137;79
11784,137;107
11785,137;13166
11786,137;96
11787,137;93
11788,137;83
11789,137;94
11790,137;126
11791,137;13207
11792,137;89
11793,137;94
11794,137;89
11795,137;98
11796,137;98
11797,137;13205
11798,137;80
11799,137;101
11800,137;95
11801,137;81
11802,137;102
11803,137;13173
11804,137;93
11805,137;90
11806,137;89
11807,137;100
11808,137;95
11809,137;13229
11810,137;80
11811,137;82
11812,137;109
11813,137;92
11814,137;112
11815,137;13199
11816,137;94
11817,137;89
11818,137;85
11819,861;90
11820,861;109
11821,861;13187
11822,861;98
11823,861;71
11824,861;106
11825,861;109
11826,861;94
11827,861;13171
11828,861;78
11829,861;108
11830,861;81
11831,861;86
11832,861;84
11833,861;13197
11834,861;84
11835,861;72
11836,861;86
11837,861;89
11838,861;92
11839,861;13166
11840,861;100
11841,861;90
11842,861;91
11843,861;107
11844,861;103
11845,861;13148
11846,861;85
11847,861;104
11848,861;92
11849,861;99
11850,861;71
11851,861;13205
11852,861;78
11853,861;88
11854,861;92
11855,861;73
11856,861;98
11857,861;13154
11858,861;90
11859,861;86
11860,861;99
11861,861;99
11862,861;91
11863,861;13151
11864,861;90
11865,861;88
11866,861;99
11867,861;89
11868,861;109
11869,861;13172
11870,861;87
11871,861;83
11872,861;100
11873,861;105
11874,861;108
11875,861;13216
11876,861;103
11877,861;97
11878,861;77
11879,861;103
11880,861;99
11881,861;13213
11882,861;79
11883,861;88
11884,861;80
11885,861;89
11886,861;119
11887,861;13181
11888,861;71
11889,861;91
11890,861;90
11891,861;87
11892,861;94
11893,861;13178
11894,861;88
11895,861;83
11896,861;94
11897,861;89
11898,861;102
11899,861;13129
11900,861;70
11901,861;87
11902,861;92
11903,861;88
11904,861;96
11905,861;13168
11906,861;84
11907,861;106
11908,861;88
11909,861;89
11910,861;88
11911,861;13157
11912,861;72
11913,861;91
11914,861;78
11915,861;99
11916,861;78
11917,861;13144
11918,861;90
11919,861;100
11920,861;100
11921,861;82
11922,861;79
11923,861;13171
11924,861;73
11925,861;84
11926,861;85
11927,861;94
11928,861;86
11929,861;13160
11930,861;82
11931,861;90
11932,861;92
11933,861;92
11934,861;107
11935,861;13192
11936,861;79
11937,861;96
11938,861;100
11939,861;94
11940,861;90
11941,861;13143
11942,861;69
11943,861;83
11944,861;66
11945,861;84
11946,861;93
11947,861;13170
11948,861;89
11949,861;69
11950,861;78
11951,861;94
11952,861;87
11953,861;13186
11954,861;80
11955,861;77
11956,861;103
11957,861;79
11958,861;93
11959,861;13163
11960,861;91
11961,861;77
11962,861;68
11963,861;96
11964,861;86
11965,861;13161
11966,861;80
11967,861;88
11968,861;77
11969,861;96
11970,861;104
11971,861;13158
11972,861;90
11973,861;93
11974,861;68
11975,861;82
11976,861;87
11977,861;13132
11978,861;81
11979,861;76
11980,861;87
11981,861;74
11982,861;81
11983,861;13160
11984,861;71
11985,861;86
11986,861;86
11987,861;94
11988,861;103
11989,861;13146
11990,861;83
11991,861;84
11992,861;70
11993,861;98
11994,861;106
11995,861;13204
11996,861;89
11997,861;89
11998,861;85
11999,861;79
12000,861;90
12001,861;13188
12002,861;67
12003,861;76
12004,861;95
12005,861;94
12006,861;82
12007,861;13149
12008,861;59
12009,861;65
12010,861;75
12011,861;70
12012,861;97
12013,861;13196
12014,861;59
12015,861;75
12016,861;80
12017,861;85
12018,861;89
12019,861;13200
12020,861;87
12020,632;95
12021,632;84
12022,632;84
12023,632;85
12024,632;13130
12025,632;86
12026,632;81
12027,632;79
12028,632;90
12029,632;110
12030,632;13171
12031,632;87
12032,632;66
12033,632;81
12034,632;68
12035,632;89
12036,632;12824
12037,632;74
12038,632;83
12039,632;75
12040,632;77
12041,632;96
12042,632;13075
12043,632;77
12044,632;85
12045,632;78
12046,632;69
12047,632;78
12048,632;13160
12049,632;74
12050,632;74
12051,632;91
12052,632;86
12053,632;79
12054,632;13154
12055,632;84
12056,632;89
12057,632;86
12058,632;87
12059,632;88
12060,632;13157
12061,632;66
12062,632;74
12063,632;78
12064,632;84
12065,632;86
12066,632;13138
12067,632;77
12068,632;101
12069,632;72
12070,632;80
12071,632;88
12072,632;13159
12073,632;65
12074,632;75
12075,632;87
12076,632;67
12077,632;93
12078,632;13175
12079,632;77
12080,632;96
12081,632;81
12082,632;84
12083,632;86
12084,632;13183
12085,632;98
12086,632;52
12087,632;88
12088,632;76
12089,632;85
12090,632;13178
12091,632;66
12092,632;83
12093,632;87
12094,632;77
12095,632;93
12096,632;13160
12097,632;82
12098,632;85
12099,632;89
12100,632;82
12101,632;79
12102,632;13124
12103,632;79
12104,632;82
12105,632;83
12106,632;93
12107,632;78
12108,632;13161
12109,632;99
12110,632;74
12111,632;99
12112,632;102
12113,632;74
12114,632;13153
12115,632;80
12116,632;94
12117,632;89
12118,632;89
12119,632;77
12120,632;13181
12122,184;75
12123,184;95
12124,184;88
12125,184;112
12126,184;64
12127,184;13176
12128,184;77
12129,184;84
12130,184;90
12131,184;92
12132,184;90
12133,184;13185
12134,184;72
12135,184;82
12136,184;94
12137,184;100
12138,184;72
12139,184;13158
12140,184;82
12141,184;75
12142,184;86
12143,184;90
12144,184;95
12145,184;13168
12146,184;87
12147,184;88
12148,184;117
12149,184;105
12150,184;104
12151,184;13188
12152,184;87
12153,184;97
12154,184;92
12155,184;108
12156,184;106
12157,184;13176
12158,184;91
12159,184;82
12160,184;84
12161,184;112
12162,184;98
12163,184;13164
12164,184;77
12165,184;88
12166,184;95
12167,184;88
12168,184;104
12169,184;13147
12170,184;95
12171,184;89
12172,184;100
12173,184;80
12174,184;100
12175,184;13193
12176,184;85
12177,184;76
12178,184;93
12179,184;111
12180,184;97
12181,184;13189
12182,184;82
12183,184;90
12184,184;93
12185,184;85
12186,184;102
12187,184;13173
12188,184;72
12189,184;71
12190,184;79
12191,184;98
12192,184;87
12193,184;13173
12194,184;78
12195,184;101
12196,184;89
12197,184;90
12198,184;95
12199,184;13164
12200,184;78
12201,184;87
12202,184;88
12203,184;79
12204,184;99
12205,184;13190
12206,184;85
12207,184;93
12208,184;106
12209,184;118
12210,184;103
12211,184;13198
12212,184;87
12213,184;87
12214,184;102
12215,184;96
12216,184;110
12217,184;13164
12218,184;87
12219,184;80
12220,184;89
12221,184;96
12222,184;89
12228,944;13153
12229,944;81
12230,944;83
12231,944;90
12232,944;97
12233,944;101
12234,944;13166
12235,944;88
12236,944;87
12237,944;92
12238,944;89
12239,944;93
12240,944;13178
12241,944;71
12242,944;89
12243,944;91
12244,944;88
12245,944;88
12246,944;13160
12247,944;96
12248,944;95
12249,944;94
12250,944;76
12251,944;91
12252,944;13133
12253,944;91
12254,944;95
12255,944;108
12256,944;100
12257,944;87
12258,944;13198
12259,944;86
12260,944;80
12261,944;74
12262,944;94
12263,944;84
12264,944;13204
12265,944;94
12266,944;79
12267,944;94
12268,944;88
12269,944;96
12270,944;13169
12271,944;93
12272,944;88
12273,944;110
12274,944;99
12275,944;106
12276,944;13217
12277,944;78
12278,944;86
12279,944;92
12280,944;78
12281,944;94
12282,944;13175
12283,944;89
12284,944;99
12285,944;80
12286,944;98
12287,944;112
12288,944;13179
12289,944;93
12290,944;104
12291,944;87
12292,944;103
12293,944;98
12294,944;13175
12295,944;84
12296,944;105
12297,944;77
12298,944;100
12299,944;77
12300,944;13181
12301,944;77
12302,944;94
12303,944;90
12304,944;92
12305,944;108
12306,944;13193
12307,944;83
12308,944;86
12309,944;96
12310,944;91
12311,944;130
12312,944;13182
12313,944;74
12314,944;94
12315,944;83
12316,944;107
12317,944;95
12318,944;13172
12319,944;86
12320,944;88
12321,944;112
12322,944;101
12323,944;97
12324,944;13174
12325,944;72
12326,944;93
12327,944;95
12328,944;100
12323,726;105
12324,726;13145
12325,726;79
12326,726;100
12327,726;101
12328,726;73
12329,726;81
12330,726;13150
12331,726;88
12332,726;86
12333,726;89
12334,726;87
12335,726;94
12336,726;13186
12337,726;94
12338,726;77
12339,726;88
12340,726;86
12341,726;108
12342,726;13172
12343,726;91
12344,726;87
12345,726;111
12346,726;90
12347,726;86
12348,726;12876
12349,726;88
12350,726;86
12351,726;98
12352,726;107
12353,726;97
12354,726;13136
12355,726;116
12356,726;81
12357,726;106
12358,726;101
12359,726;95
12360,726;13177
12361,726;75
12362,726;93
12363,726;95
12364,726;104
12365,726;97
12366,726;13188
12367,726;78
12368,726;96
12369,726;82
12370,726;97
12371,726;108
12372,726;13193
12373,726;81
12374,726;91
12375,726;99
12376,726;93
12377,726;95
12378,726;13209
12379,726;89
12380,726;74
12381,726;117
12382,726;83
12383,726;108
12384,726;13199
12385,726;89
12386,726;93
12387,726;94
12388,726;99
12389,726;129
12390,726;13158
12391,726;86
12392,726;77
12393,726;107
12394,726;95
12395,726;94
12396,726;13164
12397,726;111
12398,726;78
12399,726;108
12400,726;103
12401,726;95
12402,726;13194
12403,726;89
12404,726;90
12405,726;106
12406,726;95
12407,726;111
12408,726;13157
12409,726;96
12410,726;108
12411,726;95
12412,726;94
12413,726;121
12414,726;13212
12415,726;92
12416,726;94
12417,726;78
12418,726;107
12419,726;114
12420,726;13170
12421,726;86
12422,726;89
12423,726;84
12425,726;96
12426,726;103
12427,726;13168
12428,726;97
12429,726;98
12430,726;105
12431,726;96
12432,726;107
12433,726;13212
12434,726;90
12435,726;94
12436,726;98
12437,726;120
12438,726;100
12439,726;13191
12440,726;80
12441,726;82
12442,726;95
12443,726;103
12444,726;91
12445,726;13183
12446,726;93
12447,726;87
12448,726;78
12449,726;108
12450,726;90
12451,726;13166
12452,726;75
12453,726;102
12454,726;88
12455,726;108
12456,726;96
12457,726;13156
12458,726;78
12459,726;87
12460,726;98
12461,726;92
12462,726;93
12463,726;13156
12464,726;81
12465,726;83
12466,726;83
12467,726;85
12468,726;86
12469,726;13178
12470,726;84
12471,726;85
12472,726;89
12473,726;101
12474,726;93
12475,726;13191
12476,726;82
12477,726;80
12478,726;88
12479,726;97
12480,726;101
12481,726;13179
12482,726;88
12483,726;85
12484,726;93
12485,726;82
12486,726;109
12487,726;13183
12488,726;91
12489,726;88
12490,726;83
12491,726;84
12492,726;93
12493,726;13189
12494,726;105
12495,726;77
12496,726;102
12497,726;98
12498,726;100
12499,726;13157
12500,726;82
12501,726;72
12502,726;92
12503,726;91
12504,726;117
12505,726;13153
12506,726;95
12507,726;95
12508,726;92
12509,726;86
12510,726;108
12511,726;13167
12512,726;71
12513,726;97
12514,726;89
12515,726;104
12516,726;97
12517,726;13160
12518,726;98
12519,726;80
12520,726;89
12521,726;92
12522,726;88
12523,726;13157
12524,726;87
12525,726;76
12526,951;78
12527,951;85
12528,951;100
12529,951;13163
12530,951;98
12531,951;84
12532,951;81
12533,951;101
12534,951;87
12535,951;13166
12536,951;88
12537,951;116
12538,951;83
12539,951;80
12540,951;88
12541,951;13171
12542,951;84
12543,951;79
12544,951;97
12545,951;100
12546,951;111
12547,951;13154
12548,951;83
12549,951;103
12550,951;85
12551,951;90
12552,951;100
12553,951;13184
12554,951;103
12555,951;91
12556,951;89
12557,951;96
12558,951;102
12559,951;13175
12560,951;83
12561,951;73
12562,951;88
12563,951;80
12564,951;93
12565,951;13157
12566,951;100
12567,951;82
12568,951;102
12569,951;81
12570,951;89
12571,951;13167
12572,951;91
12573,951;73
12574,951;105
12575,951;80
12576,951;99
12577,951;13184
12578,951;89
12579,951;68
12580,951;79
12581,951;98
12582,951;80
12583,951;13181
12584,951;77
12585,951;68
12586,951;82
12587,951;90
12588,951;91
12589,951;13163
12590,951;81
12591,951;87
12592,951;87
12593,951;91
12594,951;88
12595,951;13150
12596,951;78
12597,951;86
12598,951;94
12599,951;82
12600,951;101
12601,951;13160
12602,951;99
12603,951;86
12604,951;94
12605,951;78
12606,951;89
12607,951;13165
12608,951;67
12609,951;102
12610,951;91
12611,951;91
12612,951;101
12613,951;13150
12614,951;73
12615,951;89
12616,951;96
12617,951;93
12618,951;85
12619,951;13168
12620,951;78
12621,951;82
12622,951;101
12623,951;97
12624,951;92
12625,951;13118
12626,951;87
12627,696;83
12628,696;70
12629,696;83
12630,696;71
12631,696;13154
12632,696;70
12633,696;86
12634,696;93
12635,696;102
12636,696;102
12637,696;13155
12638,696;76
12639,696;64
12640,696;71
12641,696;82
12642,696;100
12643,696;13164
12644,696;89
12645,696;77
12646,696;95
12647,696;87
12648,696;95
12649,696;13147
12650,696;67
12651,696;61
12652,696;93
12653,696;102
12654,696;85
12655,696;13155
12656,696;83
12657,696;82
12658,696;81
12659,696;86
12660,696;72
12661,696;12831
12662,696;79
12663,696;62
12664,696;84
12665,696;85
12666,696;79
12667,696;13073
12668,696;71
12669,696;53
12670,696;75
12671,696;75
12672,696;81
12673,696;13172
12674,696;83
12675,696;81
12676,696;82
12677,696;87
12678,696;80
12679,696;13143
12680,696;76
12681,696;76
12682,696;76
12683,696;95
12684,696;90
12685,696;13164
12686,696;62
12687,696;69
12688,696;93
12689,696;79
12690,696;89
12691,696;13178
12692,696;75
12693,696;80
12694,696;101
12695,696;90
12696,696;89
12697,696;13181
12698,696;77
12699,696;74
12700,696;75
12701,696;86
12702,696;86
12703,696;13150
12704,696;82
12705,696;73
12706,696;96
12707,696;88
12708,696;83
12709,696;13146
12710,696;76
12711,696;90
12712,696;77
12713,696;95
12714,696;86
12715,696;13191
12716,696;87
12717,696;58
12718,696;70
12719,696;84
12720,696;100
12721,696;13169
12722,696;85
12723,696;83
12724,696;87
12725,696;96
12726,696;96
12727,696;13172
12727,81;82
12728,81;88
12729,81;83
12730,81;79
12731,81;93
12732,81;13200
12733,81;78
12734,81;88
12735,81;87
12736,81;72
12737,81;83
12738,81;13189
12739,81;72
12740,81;96
12741,81;101
12742,81;85
12743,81;73
12744,81;13144
12745,81;85
12746,81;76
12747,81;88
12748,81;91
12749,81;101
12750,81;13134
12751,81;88
12752,81;84
12753,81;70
12754,81;124
12755,81;102
12756,81;13202
12757,81;89
12758,81;99
12759,81;76
12760,81;97
12761,81;95
12762,81;13193
12763,81;78
12764,81;70
12765,81;85
12766,81;87
12767,81;89
12768,81;13177
12769,81;83
12770,81;93
12771,81;97
12772,81;94
12773,81;95
12774,81;13180
12775,81;90
12776,81;80
12777,81;109
12778,81;84
12779,81;100
12780,81;13165
12781,81;75
12782,81;80
12783,81;86
12784,81;98
12785,81;94
12786,81;13165
12787,81;91
12788,81;87
12789,81;94
12790,81;92
12791,81;78
12792,81;13201
12793,81;95
12794,81;96
12795,81;86
12796,81;98
12797,81;112
12798,81;13178
12799,81;76
12800,81;83
12801,81;89
12802,81;86
12803,81;94
12804,81;13145
12805,81;90
12806,81;89
12807,81;96
12808,81;89
12809,81;92
12810,81;13188
12811,81;71
12812,81;82
12813,81;77
12814,81;81
12815,81;91
12816,81;13172
12817,81;78
12818,81;91
12819,81;83
12820,81;87
12821,81;90
12822,81;13169
12823,81;79
12824,81;93
12825,81;84
12826,81;88
12827,81;105
12829,286;13182
12830,286;86
12831,286;97
12832,286;94
12833,286;115
12834,286;77
12835,286;13172
12836,286;93
12837,286;99
12838,286;93
12839,286;101
12840,286;72
12841,286;13169
12842,286;85
12843,286;86
12844,286;108
12845,286;114
12846,286;89
12847,286;13144
12848,286;83
12849,286;96
12850,286;96
12851,286;80
12852,286;112
12853,286;13225
12854,286;97
12855,286;96
12856,286;74
12857,286;93
12858,286;93
12859,286;13174
12860,286;84
12861,286;88
12862,286;117
12863,286;113
12864,286;93
12865,286;13125
12866,286;90
12867,286;72
12868,286;89
12869,286;82
12870,286;74
12871,286;13173
12872,286;78
12873,286;100
12874,286;93
12875,286;87
12876,286;108
12877,286;13168
12878,286;81
12879,286;79
12880,286;118
12881,286;77
12882,286;105
12883,286;13183
12884,286;93
12885,286;86
12886,286;100
12887,286;101
12888,286;96
12889,286;13201
12890,286;81
12891,286;109
12892,286;83
12893,286;90
12894,286;104
12895,286;13182
12896,286;79
12897,286;96
12898,286;90
12899,286;89
12900,286;101
12901,286;13160
12902,286;88
12903,286;108
12904,286;91
12905,286;102
12906,286;92
12907,286;13184
12908,286;101
12909,286;86
12910,286;88
12911,286;98
12912,286;100
12913,286;13149
12914,286;80
12915,286;74
12916,286;103
12917,286;104
12918,286;93
12919,286;13169
12920,286;91
12921,286;111
12922,286;100
12923,286;103
12924,286;116
12925,286;13148
12926,286;82
12927,286;92
12928,286;107
12929,286;94
12930,286;108
12931,286;13182
12932,286;76
12933,286;93
12934,286;93
12935,286;92
12936,286;110
12937,286;13193
12938,286;92
12939,286;88
12940,286;111
12941,286;97
12942,286;100
12943,286;13184
12944,286;85
12945,286;80
12946,286;93
12947,286;86
12948,286;96
12949,286;13198
12950,286;86
12951,286;72
12952,286;99
12953,286;94
12954,286;101
12955,286;13212
12956,286;87
12957,286;89
12958,286;97
12959,286;86
12960,286;118
12961,286;13162
12962,286;87
12963,286;98
12964,286;109
12965,286;113
12966,286;108
12967,286;13143
12968,286;93
12969,286;87
12970,286;107
12971,286;101
12972,286;86
12973,286;12844
12974,286;68
12975,286;88
12976,286;93
12977,286;103
12978,286;107
12979,286;13119
12980,286;93
12981,286;93
12982,286;87
12983,286;115
12984,286;111
12985,286;13143
12986,286;87
12987,286;96
12988,286;114
12989,286;91
12990,286;97
12991,286;13180
12992,286;79
12993,286;92
12994,286;77
12995,286;89
12996,286;89
12997,286;13182
12998,286;76
12999,286;84
13000,286;95
13001,286;97
13002,286;109
13003,286;13160
13004,286;85
13005,286;78
13006,286;95
13007,286;100
13008,286;93
13009,286;13177
13010,286;101
13011,286;97
13012,286;92
13013,286;99
13014,286;100
13015,286;13166
13016,286;87
13017,286;86
13018,286;88
13019,286;84
13020,286;93
13021,286;13162
13022,286;97
13023,286;89
13024,286;87
13025,286;96
13026,286;106
13027,286;13168
13028,286;85
13029,286;87
13030,286;86
13031,755;107
13032,755;108
13033,755;13185
13034,755;95
13035,755;89
13036,755;101
13037,755;98
13038,755;97
13039,755;13171
13040,755;79
13041,755;111
13042,755;95
13043,755;89
13044,755;89
13045,755;13203
13046,755;98
13047,755;104
13048,755;100
13049,755;93
13050,755;96
13051,755;13157
13052,755;90
13053,755;93
13054,755;88
13055,755;96
13056,755;121
13057,755;13153
13058,755;87
13059,755;104
13060,755;113
13061,755;101
13062,755;83
13063,755;13175
13064,755;84
13065,755;94
13066,755;99
13067,755;90
13068,755;91
13069,755;13175
13070,755;75
13071,755;97
13072,755;93
13073,755;105
13074,755;82
13075,755;13193
13076,755;82
13077,755;76
13078,755;74
13079,755;93
13080,755;109
13081,755;13139
13082,755;76
13083,755;100
13084,755;95
13085,755;104
13086,755;113
13087,755;13179
13088,755;76
13089,755;97
13090,755;100
13091,755;93
13092,755;106
13093,755;13145
13094,755;108
13095,755;80
13096,755;104
13097,755;90
13098,755;84
13099,755;13184
13100,755;101
13101,755;97
13102,755;102
13103,755;93
13104,755;105
13105,755;13143
13106,755;91
13107,755;80
13108,755;86
13109,755;79
13110,755;99
13111,755;13165
13112,755;89
13113,755;109
13114,755;89
13115,755;106
13116,755;85
13117,755;13155
13118,755;84
13119,755;80
13120,755;92
13121,755;104
13122,755;98
13123,755;13144
13124,755;95
13125,755;97
13126,755;99
13127,755;98
13128,755;102
13129,755;13176
13130,755;84
13131,755;93
13132,675;82
13133,675;97
13134,675;115
13135,675;13188
13136,675;103
13137,675;95
13138,675;87
13139,675;78
13140,675;78
13141,675;13166
13142,675;95
13143,675;93
13144,675;82
13145,675;104
13146,675;108
13147,675;13147
13148,675;84
13149,675;72
13150,675;92
13151,675;97
13152,675;104
13153,675;13171
13154,675;95
13155,675;76
13156,675;100
13157,675;101
13158,675;104
13159,675;13187
13160,675;76
13161,675;70
13162,675;98
13163,675;101
13164,675;112
13165,675;13169
13166,675;79
13167,675;81
13168,675;104
13169,675;101
13170,675;107
13171,675;13156
13172,675;86
13173,675;87
13174,675;93
13175,675;87
13176,675;99
13177,675;13178
13178,675;85
13179,675;82
13180,675;89
13181,675;77
13182,675;90
13183,675;13164
13184,675;78
13185,675;103
13186,675;89
13187,675;90
13188,675;87
13189,675;13141
13190,675;82
13191,675;80
13192,675;101
13193,675;101
13194,675;102
13195,675;13187
13196,675;84
13197,675;84
13198,675;100
13199,675;92
13200,675;87
13201,675;13175
13202,675;72
13203,675;89
13204,675;70
13205,675;86
13206,675;92
13207,675;13147
13208,675;86
13209,675;89
13210,675;66
13211,675;87
13212,675;83
13213,675;13132
13214,675;82
13215,675;84
13216,675;113
13217,675;92
13218,675;91
13219,675;13131
13220,675;76
13221,675;83
13222,675;82
13223,675;107
13224,675;97
13225,675;13151
13226,675;70
13227,675;79
13228,675;104
13229,675;79
13230,675;79
13231,675;13191
13232,675;80
13234,772;85
13235,772;92
13236,772;83
13237,772;93
13238,772;13130
13239,772;79
13240,772;72
13241,772;73
13242,772;77
13243,772;90
13244,772;13143
13245,772;89
13246,772;82
13247,772;78
13248,772;78
13249,772;71
13250,772;13163
13251,772;77
13252,772;87
13253,772;88
13254,772;70
13255,772;111
13256,772;13159
13257,772;76
13258,772;76
13259,772;89
13260,772;94
13261,772;87
13262,772;13151
13263,772;73
13264,772;80
13265,772;98
13266,772;73
13267,772;84
13268,772;13160
13269,772;85
13270,772;76
13271,772;87
13272,772;71
13273,772;75
13274,772;13176
13275,772;67
13276,772;84
13277,772;76
13278,772;82
13279,772;83
13280,772;13139
13281,772;82
13282,772;80
13283,772;68
13284,772;81
13285,772;68
13286,772;12832
13287,772;81
13288,772;66
13289,772;89
13290,772;62
13291,772;80
13292,772;13105
13293,772;80
13294,772;86
13295,772;78
13296,772;86
13297,772;87
13298,772;13163
13299,772;107
13300,772;85
13301,772;80
13302,772;69
13303,772;81
13304,772;13189
13305,772;74
13306,772;77
13307,772;77
13308,772;78
13309,772;91
13310,772;13159
13311,772;83
13312,772;71
13313,772;78
13314,772;90
13315,772;97
13316,772;13166
13317,772;71
13318,772;61
13319,772;84
13320,772;86
13321,772;66
13322,772;13175
13323,772;88
13324,772;88
13325,772;85
13326,772;81
13327,772;94
13328,772;13159
13329,772;74
13330,772;73
13331,772;91
13332,772;89
13333,772;94
13334,772;13190
13335,16;73
13336,16;77
13337,16;79
13338,16;80
13339,16;91
13340,16;13186
13341,16;90
13342,16;72
13343,16;69
13344,16;87
13345,16;91
13346,16;13165
13347,16;84
13348,16;83
13349,16;74
13350,16;103
13351,16;72
13352,16;13174
13353,16;87
13354,16;91
13355,16;84
13356,16;88
13357,16;91
13358,16;13163
13359,16;90
13360,16;76
13361,16;82
13362,16;94
13363,16;76
13364,16;13205
13365,16;72
13366,16;98
13367,16;72
13368,16;86
13369,16;94
13370,16;13196
13371,16;76
13372,16;89
13373,16;99
13374,16;104
13375,16;96
13376,16;13170
13377,16;76
13378,16;77
13379,16;73
13380,16;101
13381,16;127
13382,16;13149
13383,16;79
13384,16;92
13385,16;80
13386,16;93
13387,16;107
13388,16;13163
13389,16;84
13390,16;82
13391,16;88
13392,16;77
13393,16;87
13394,16;13167
13395,16;98
13396,16;87
13397,16;76
13398,16;102
13399,16;91
13400,16;13156
13401,16;82
13402,16;84
13403,16;84
13404,16;75
13405,16;95
13406,16;13152
13407,16;90
13408,16;100
13409,16;89
13410,16;101
13411,16;93
13412,16;13155
13413,16;86
13414,16;75
13415,16;92
13416,16;102
13417,16;90
13418,16;13146
13419,16;73
13420,16;95
13421,16;86
13422,16;101
13423,16;64
13424,16;13172
13425,16;86
13426,16;96
13427,16;93
13428,16;87
13429,16;96
13430,16;13189
13431,16;77
13432,16;89
13433,16;94
13434,16;86
13435,16;94
13436,16;13159
13437,16;100
13438,16;89
13439,16;99
13440,16;109
13441,16;81
13442,16;13165
13443,16;84
13444,16;94
13445,16;102
13446,16;99
13447,16;101
13448,16;13163
13449,16;90
13450,16;82
13451,16;93
13452,16;97
13453,16;82
13454,16;13200
13455,16;96
13456,16;94
13457,16;87
13458,16;112
13459,16;100
13460,16;13160
13461,16;76
13462,16;104
13463,16;87
13464,16;86
13465,16;99
13466,16;13149
13467,16;80
13468,16;87
13469,16;91
13470,16;96
13471,16;93
13472,16;13197
13473,16;90
13474,16;91
13475,16;82
13476,16;98
13477,16;99
13478,16;13197
13479,16;75
13480,16;82
13481,16;98
13482,16;84
13483,16;96
13484,16;13184
13485,16;87
13486,16;86
13487,16;83
13488,16;93
13489,16;99
13490,16;13182
13491,16;77
13492,16;89
13493,16;97
13494,16;103
13495,16;88
13496,16;13171
13497,16;81
13498,16;81
13499,16;77
13500,16;61
13501,16;95
13502,16;13172
13503,16;85
13504,16;88
13505,16;110
13506,16;93
13507,16;97
13508,16;13180
13509,16;92
13510,16;89
13511,16;103
13512,16;106
13513,16;109
13514,16;13136
13515,16;87
13516,16;99
13517,16;107
13518,16;110
13519,16;92
13520,16;13194
13521,16;101
13522,16;87
13523,16;107
13524,16;90
13525,16;94
13526,16;13174
13527,16;95
13528,16;95
13529,16;100
13530,16;96
13531,16;88
13532,16;13215
13533,16;89
13534,16;88
13535,16;102
13536,16;95
13536,998;100
13537,998;13142
13538,998;80
13539,998;99
13540,998;102
13541,998;88
13542,998;91
13543,998;13156
13544,998;98
13545,998;92
13546,998;90
13547,998;89
13548,998;97
13549,998;13195
13550,998;84
13551,998;95
13552,998;91
13553,998;133
13554,998;85
13555,998;13179
13556,998;91
13557,998;97
13558,998;101
13559,998;114
13560,998;89
13561,998;13137
13562,998;92
13563,998;88
13564,998;108
13565,998;82
13566,998;93
13567,998;13185
13568,998;79
13569,998;90
13570,998;107
13571,998;94
13572,998;78
13573,998;13171
13574,998;84
13575,998;106
13576,998;95
13577,998;88
13578,998;89
13579,998;13212
13580,998;86
13581,998;87
13582,998;88
13583,998;91
13584,998;82
13585,998;13183
13586,998;87
13587,998;98
13588,998;89
13589,998;101
13590,998;84
13591,998;13186
13592,998;112
13593,998;107
13594,998;101
13595,998;111
13596,998;100
13597,998;12807
13598,998;86
13599,998;78
13600,998;94
13601,998;118
13602,998;102
13603,998;13104
13604,998;89
13605,998;103
13606,998;97
13607,998;103
13608,998;101
13609,998;13150
13610,998;99
13611,998;106
13612,998;89
13613,998;80
13614,998;103
13615,998;13201
13616,998;95
13617,998;99
13618,998;96
13619,998;88
13620,998;107
13621,998;13158
13622,998;104
13623,998;126
13624,998;106
13625,998;108
13626,998;93
13627,998;13195
13628,998;95
13629,998;88
13630,998;93
13631,998;92
13632,998;108
13633,998;13185
13634,998;68
13635,998;92
13636,998;103
13637,658;87
13638,658;91
13639,658;13202
13640,658;90
13641,658;85
13642,658;85
13643,658;108
13644,658;98
13645,658;13176
13646,658;85
13647,658;74
13648,658;86
13649,658;105
13650,658;93
13651,658;13192
13652,658;97
13653,658;81
13654,658;108
13655,658;105
13656,658;98
13657,658;13181
13658,658;91
13659,658;93
13660,658;96
13661,658;103
13662,658;96
13663,658;13176
13664,658;86
13665,658;106
13666,658;86
13667,658;84
13668,658;117
13669,658;13161
13670,658;79
13671,658;101
13672,658;99
13673,658;98
13674,658;114
13675,658;13188
13676,658;94
13677,658;82
13678,658;102
13679,658;102
13680,658;95
13681,658;13167
13682,658;64
13683,658;78
13684,658;75
13685,658;85
13686,658;110
13687,658;13161
13688,658;84
13689,658;84
13690,658;75
13691,658;99
13692,658;99
13693,658;13168
13694,658;99
13695,658;95
13696,658;98
13697,658;74
13698,658;102
13699,658;13151
13700,658;77
13701,658;95
13702,658;90
13703,658;72
13704,658;99
13705,658;13167
13706,658;75
13707,658;91
13708,658;86
13709,658;97
13710,658;78
13711,658;13173
13712,658;85
13713,658;90
13714,658;83
13715,658;84
13716,658;105
13717,658;13153
13718,658;92
13719,658;79
13720,658;97
13721,658;97
13722,658;84
13723,658;13195
13724,658;96
13725,658;101
13726,658;79
13727,658;77
13728,658;103
13729,658;13191
13730,658;79
13731,658;78
13732,658;86
13733,658;90
13734,658;81
13735,658;13145
13736,658;79
13737,658;106
13738,986;111
13739,986;98
13740,986;81
13741,986;13179
13742,986;98
13743,986;92
13744,986;77
13745,986;75
13746,986;74
13747,986;13164
13748,986;71
13749,986;85
13750,986;102
13751,986;96
13752,986;97
13753,986;13184
13754,986;82
13755,986;83
13756,986;111
13757,986;117
13758,986;98
13759,986;13210
13760,986;77
13761,986;91
13762,986;98
13763,986;98
13764,986;105
13765,986;13151
13766,986;87
13767,986;91
13768,986;94
13769,986;84
13770,986;117
13771,986;13164
13772,986;98
13773,986;73
13774,986;106
13775,986;100
13776,986;96
13777,986;13170
13778,986;76
13779,986;85
13780,986;78
13781,986;85
13782,986;73
13783,986;13177
13784,986;99
13785,986;77
13786,986;83
13787,986;89
13788,986;86
13789,986;13122
13790,986;106
13791,986;90
13792,986;92
13793,986;95
13794,986;99
13795,986;13196
13796,986;92
13797,986;82
13798,986;95
13799,986;87
13800,986;92
13801,986;13129
13802,986;69
13803,986;92
13804,986;92
13805,986;87
13806,986;81
13807,986;13169
13808,986;90
13809,986;97
13810,986;88
13811,986;86
13812,986;95
13813,986;13151
13814,986;96
13815,986;73
13816,986;81
13817,986;77
13818,986;85
13819,986;13160
13820,986;77
13821,986;89
13822,986;97
13823,986;82
13824,986;93
13825,986;13174
13826,986;82
13827,986;82
13828,986;88
13829,986;88
13830,986;87
13831,986;13170
13832,986;79
13833,986;90
13834,986;86
13835,986;86
13836,986;84
13837,986;13174
13838,986;78
13839,11;77
13840,11;85
13841,11;79
13842,11;100
13843,11;13194
13844,11;74
13845,11;79
13846,11;78
13847,11;87
13848,11;89
13849,11;13165
13850,11;87
13851,11;70
13852,11;84
13853,11;86
13854,11;103
13855,11;13167
13856,11;69
13857,11;81
13858,11;73
13859,11;106
13860,11;88
13861,11;13209
13862,11;90
13863,11;68
13864,11;108
13865,11;86
13866,11;85
13867,11;13141
13868,11;85
13869,11;96
13870,11;83
13871,11;102
13872,11;80
13873,11;13159
13874,11;66
13875,11;56
13876,11;88
13877,11;88
13878,11;77
13879,11;13172
13880,11;68
13881,11;88
13882,11;100
13883,11;83
13884,11;113
13885,11;13139
13886,11;72
13887,11;75
13888,11;87
13889,11;83
13890,11;86
13891,11;13210
13892,11;73
13893,11;86
13894,11;80
13895,11;67
13896,11;85
13897,11;13176
13898,11;80
13899,11;68
13900,11;73
13901,11;92
13902,11;69
13903,11;13142
13904,11;74
13905,11;88
13906,11;79
13907,11;93
13908,11;85
13909,11;12851
13910,11;74
13911,11;79
13912,11;75
13913,11;83
13914,11;75
13915,11;13133
13916,11;60
13917,11;69
13918,11;82
13919,11;104
13920,11;64
13921,11;13191
13922,11;90
13923,11;87
13924,11;65
13925,11;82
13926,11;80
13927,11;13188
13928,11;90
13929,11;78
13930,11;65
13931,11;74
13932,11;90
13933,11;13190
13934,11;69
13935,11;76
13936,11;88
13937,11;69
13938,11;89
13939,11;13177
13939,792;97
13940,792;96
13941,792;78
13942,792;87
13943,792;92
13944,792;13110
13945,792;67
13946,792;78
13947,792;98
13948,792;95
13949,792;71
13950,792;13189
13951,792;84
13952,792;91
13953,792;88
13954,792;99
13955,792;83
13956,792;13161
13957,792;87
13958,792;72
13959,792;76
13960,792;91
13961,792;92
13962,792;13183
13963,792;82
13964,792;78
13965,792;94
13966,792;69
13967,792;103
13968,792;13175
13969,792;106
13970,792;77
13971,792;77
13972,792;84
13973,792;64
13974,792;13235
13975,792;87
13976,792;83
13977,792;92
13978,792;88
13979,792;100
13980,792;13168
13981,792;86
13982,792;87
13983,792;77
13984,792;81
13985,792;97
13986,792;13156
13987,792;68
13988,792;69
13989,792;74
13990,792;95
13991,792;78
13992,792;13190
13993,792;84
13994,792;74
13995,792;67
13996,792;76
13997,792;100
13998,792;13166
13999,792;82
14000,792;69
14001,792;111
14002,792;81
14003,792;99
14004,792;13162
14005,792;97
14006,792;85
14007,792;86
14008,792;103
14009,792;86
14010,792;13178
14011,792;81
14012,792;85
14013,792;83
14014,792;97
14015,792;80
14016,792;13147
14017,792;101
14018,792;96
14019,792;87
14020,792;72
14021,792;96
14022,792;13188
14023,792;89
14024,792;78
14025,792;99
14026,792;83
14027,792;97
14028,792;13195
14029,792;81
14030,792;84
14031,792;92
14032,792;103
14033,792;92
14034,792;13180
14035,792;74
14036,792;82
14037,792;82
14038,792;94
14039,792;99
14040,792;13172
14041,792;90
14042,792;105
14043,792;90
14044,792;83
14045,792;112
14046,792;13161
14047,792;73
14048,792;89
14049,792;94
14050,792;90
14051,792;92
14052,792;13193
14053,792;75
14054,792;86
14055,792;75
14056,792;71
14057,792;83
14058,792;13190
14059,792;100
14060,792;92
14061,792;91
14062,792;100
14063,792;82
14064,792;13172
14065,792;103
14066,792;80
14067,792;95
14068,792;84
14069,792;99
14070,792;13180
14071,792;85
14072,792;80
14073,792;91
14074,792;95
14075,792;93
14076,792;13175
14077,792;83
14078,792;92
14079,792;90
14080,792;101
14081,792;95
14082,792;13163
14083,792;92
14084,792;75
14085,792;96
14086,792;87
14087,792;97
14088,792;13195
14089,792;81
14090,792;75
14091,792;82
14092,792;93
14093,792;101
14094,792;13178
14095,792;88
14096,792;69
14097,792;95
14098,792;90
14099,792;115
14100,792;13168
14101,792;79
14102,792;96
14103,792;86
14104,792;102
14105,792;88
14106,792;13185
14107,792;86
14108,792;87
14109,792;87
14110,792;91
14111,792;100
14112,792;13167
14113,792;98
14114,792;85
14115,792;100
14116,792;88
14117,792;104
14118,792;13167
14119,792;99
14120,792;79
14121,792;98
14122,792;107
14123,792;101
14124,792;13150
14125,792;80
14126,792;95
14127,792;87
14128,792;91
14129,792;101
14130,792;13167
14131,792;76
14132,792;96
14133,792;87
14134,792;88
14135,792;89
14136,792;13176
14137,792;84
14138,792;89
14139,792;88
14140,792;89
14141,665;98
14142,665;13164
14143,665;73
14144,665;79
14145,665;99
14146,665;108
14147,665;106
14148,665;13197
14149,665;77
14150,665;89
14151,665;79
14152,665;85
14153,665;107
14154,665;13201
14155,665;94
14156,665;92
14157,665;107
14158,665;99
14159,665;80
14160,665;13168
14161,665;90
14162,665;96
14163,665;93
14164,665;85
14165,665;111
14166,665;13161
14167,665;96
14168,665;89
14169,665;85
14170,665;107
14171,665;86
14172,665;13174
14173,665;83
14174,665;79
14175,665;107
14176,665;113
14177,665;106
14178,665;13180
14179,665;98
14180,665;90
14181,665;90
14182,665;85
14183,665;103
14184,665;13178
14185,665;87
14186,665;73
14187,665;99
14188,665;96
14189,665;105
14190,665;13159
14191,665;99
14192,665;117
14193,665;99
14194,665;85
14195,665;110
14196,665;13166
14197,665;88
14198,665;95
14199,665;104
14200,665;82
14201,665;111
14202,665;13153
14203,665;84
14204,665;89
14205,665;103
14206,665;113
14207,665;110
14208,665;13166
14209,665;79
14210,665;90
14211,665;92
14212,665;102
14213,665;88
14214,665;13200
14215,665;100
14216,665;95
14217,665;103
14218,665;82
14219,665;112
14220,665;12833
14221,665;74
14222,665;93
14223,665;78
14224,665;76
14225,665;114
14226,665;13102
14227,665;76
14228,665;91
14229,665;82
14230,665;82
14231,665;94
14232,665;13184
14233,665;89
14234,665;104
14235,665;87
14236,665;111
14237,665;102
14238,665;13189
14239,665;100
14240,665;97
14241,665;76
14242,543;105
14243,543;96
14244,543;13150
14245,543;104
14246,543;87
14247,543;90
14248,543;95
14249,543;105
14250,543;13213
14251,543;87
14252,543;81
14253,543;103
14254,543;87
14255,543;92
14256,543;13180
14257,543;96
14258,543;117
14259,543;84
14260,543;97
14261,543;102
14262,543;13204
14263,543;58
14264,543;88
14265,543;92
14266,543;104
14267,543;79
14268,543;13226
14269,543;92
14270,543;92
14271,543;100
14272,543;99
14273,543;103
14274,543;13176
14275,543;108
14276,543;74
14277,543;95
14278,543;111
14279,543;120
14280,543;13189
14281,543;80
14282,543;96
14283,543;108
14284,543;101
14285,543;91
14286,543;13181
14287,543;92
14288,543;82
14289,543;80
14290,543;80
14291,543;91
14292,543;13185
14293,543;98
14294,543;90
14295,543;75
14296,543;85
14297,543;89
14298,543;13183
14299,543;72
14300,543;72
14301,543;95
14302,543;92
14303,543;108
14304,543;13231
14305,543;77
14306,543;99
14307,543;79
14308,543;100
14309,543;96
14310,543;13208
14311,543;114
14312,543;84
14313,543;90
14314,543;91
14315,543;96
14316,543;13195
14317,543;97
14318,543;93
14319,543;79
14320,543;77
14321,543;95
14322,543;13191
14323,543;86
14324,543;90
14325,543;77
14326,543;89
14327,543;90
14328,543;13203
14329,543;97
14330,543;79
14331,543;79
14332,543;89
14333,543;86
14334,543;13191
14335,543;78
14336,543;61
14337,543;97
14338,543;100
14339,543;92
14340,543;13194
14341,543;84
14342,543;87
14344,278;83
14345,278;83
14346,278;86
14347,278;13186
14348,278;83
14349,278;103
14350,278;89
14351,278;110
14352,278;105
14353,278;13188
14354,278;72
14355,278;88
14356,278;91
14357,278;109
14358,278;108
14359,278;13170
14360,278;84
14361,278;90
14362,278;91
14363,278;87
14364,278;94
14365,278;13136
14366,278;88
14367,278;89
14368,278;98
14369,278;104
14370,278;91
14371,278;13170
14372,278;79
14373,278;89
14374,278;86
14375,278;96
14376,278;84
14377,278;13156
14378,278;90
14379,278;101
14380,278;102
14381,278;109
14382,278;118
14383,278;13223
14384,278;70
14385,278;82
14386,278;85
14387,278;94
14388,278;124
14389,278;13172
14390,278;72
14391,278;75
14392,278;86
14393,278;91
14394,278;94
14395,278;13181
14396,278;95
14397,278;83
14398,278;82
14399,278;111
14400,278;95
14401,278;13185
14402,278;70
14403,278;79
14404,278;83
14405,278;104
14406,278;88
14407,278;13181
14408,278;84
14409,278;78
14410,278;95
14411,278;98
14412,278;95
14413,278;13163
14414,278;90
14415,278;75
14416,278;86
14417,278;85
14418,278;93
14419,278;13177
14420,278;73
14421,278;90
14422,278;99
14423,278;97
14424,278;87
14425,278;13126
14426,278;75
14427,278;102
14428,278;94
14429,278;90
14430,278;105
14431,278;13198
14432,278;86
14433,278;87
14434,278;103
14435,278;85
14436,278;111
14437,278;13180
14438,278;69
14439,278;91
14440,278;91
14441,278;107
14442,278;88
14443,278;13189
14444,278;77
14446,011;86
14447,011;97
14448,011;86
14449,011;90
14450,011;13195
14451,011;98
14452,011;90
14453,011;92
14454,011;100
14455,011;87
14456,011;13213
14457,011;61
14458,011;87
14459,011;84
14460,011;81
14461,011;86
14462,011;13183
14463,011;84
14464,011;71
14465,011;104
14466,011;81
14467,011;96
14468,011;13180
14469,011;102
14470,011;73
14471,011;82
14472,011;92
14473,011;90
14474,011;13185
14475,011;93
14476,011;85
14477,011;77
14478,011;85
14479,011;83
14480,011;13156
14481,011;89
14482,011;96
14483,011;65
14484,011;95
14485,011;92
14486,011;13191
14487,011;93
14488,011;87
14489,011;108
14490,011;87
14491,011;89
14492,011;13178
14493,011;81
14494,011;70
14495,011;73
14496,011;100
14497,011;86
14498,011;13150
14499,011;74
14500,011;78
14501,011;81
14502,011;76
14503,011;101
14504,011;13197
14505,011;102
14506,011;78
14507,011;79
14508,011;76
14509,011;89
14510,011;13195
14511,011;89
14512,011;80
14513,011;85
14514,011;77
14515,011;71
14516,011;13176
14517,011;80
14518,011;93
14519,011;75
14520,011;81
14521,011;97
14522,011;13171
14523,011;66
14524,011;75
14525,011;93
14526,011;77
14527,011;81
14528,011;13172
14529,011;77
14530,011;69
14531,011;66
14532,011;91
14533,011;82
14534,011;12854
14535,011;70
14536,011;71
14537,011;84
14538,011;76
14539,011;63
14540,011;13091
14541,011;87
14542,011;87
14543,011;61
14544,011;65
14545,011;89
14546,011;13164
14547,011;71
14548,011;79
14549,011;76
14550,011;96
14551,011;83
14552,011;13165
14553,011;66
14554,011;74
14555,011;89
14556,011;92
14557,011;84
14558,011;13182
14559,011;85
14560,011;74
14561,011;79
14562,011;74
14563,011;77
14564,011;13203
14565,011;68
14566,011;78
14567,011;95
14568,011;91
14569,011;76
14570,011;13191
14571,011;88
14572,011;86
14573,011;72
14574,011;77
14575,011;72
14576,011;13184
14577,011;94
14578,011;76
14579,011;83
14580,011;89
14581,011;99
14582,011;13179
14583,011;80
14584,011;81
14585,011;77
14586,011;91
14587,011;84
14588,011;13189
14589,011;71
14590,011;85
14591,011;97
14592,011;80
14593,011;92
14594,011;13171
14595,011;78
14596,011;91
14597,011;98
14598,011;77
14599,011;80
14600,011;13203
14601,011;77
14602,011;72
14603,011;82
14604,011;80
14605,011;94
14606,011;13177
14607,011;70
14608,011;76
14609,011;80
14610,011;88
14611,011;83
14612,011;13228
14613,011;81
14614,011;96
14615,011;94
14616,011;92
14617,011;101
14618,011;13177
14619,011;76
14620,011;80
14621,011;94
14622,011;96
14623,011;106
14624,011;13145
14625,011;83
14626,011;85
14627,011;92
14628,011;97
14629,011;88
14630,011;13200
14631,011;92
14632,011;77
14633,011;85
14634,011;114
14635,011;86
14636,011;13197
14637,011;87
14638,011;93
14639,011;79
14640,011;94
14641,011;76
14642,011;13170
14643,011;81
14644,011;95
14645,011;87
14646,011;79
14647,011;88
14647,735;13164
14648,735;90
14649,735;98
14650,735;85
14651,735;87
14652,735;87
14653,735;13192
14654,735;96
14655,735;104
14656,735;83
14657,735;103
14658,735;85
14659,735;13146
14660,735;72
14661,735;91
14662,735;91
14663,735;97
14664,735;89
14665,735;13151
14666,735;101
14667,735;99
14668,735;86
14669,735;93
14670,735;104
14671,735;13201
14672,735;69
14673,735;97
14674,735;90
14675,735;101
14676,735;111
14677,735;13184
14678,735;93
14679,735;75
14680,735;89
14681,735;80
14682,735;83
14683,735;13166
14684,735;90
14685,735;94
14686,735;105
14687,735;83
14688,735;97
14689,735;13210
14690,735;85
14691,735;93
14692,735;91
14693,735;84
14694,735;85
14695,735;13171
14696,735;86
14697,735;90
14698,735;95
14699,735;110
14700,735;89
14701,735;13203
14702,735;85
14703,735;92
14704,735;90
14705,735;94
14706,735;77
14707,735;13169
14708,735;75
14709,735;83
14710,735;86
14711,735;93
14712,735;115
14713,735;13206
14714,735;92
14715,735;81
14716,735;90
14717,735;87
14718,735;84
14719,735;13162
14720,735;115
14721,735;75
14722,735;88
14723,735;123
14724,735;119
14725,735;13163
14726,735;93
14727,735;83
14728,735;81
14729,735;118
14730,735;100
14731,735;13227
14732,735;99
14733,735;87
14734,735;92
14735,735;94
14736,735;95
14737,735;13171
14738,735;95
14739,735;95
14740,735;85
14741,735;102
14742,735;106
14743,735;13170
14744,735;92
14745,735;102
14746,735;98
14747,735;87
14748,201;81
14749,201;13216
14750,201;86
14751,201;83
14752,201;93
14753,201;110
14754,201;90
14755,201;13213
14756,201;84
14757,201;79
14758,201;80
14759,201;101
14760,201;95
14761,201;13190
14762,201;114
14763,201;94
14764,201;80
14765,201;89
14766,201;97
14767,201;13177
14768,201;96
14769,201;94
14770,201;107
14771,201;87
14772,201;99
14773,201;13209
14774,201;92
14775,201;98
14776,201;107
14777,201;114
14778,201;92
14779,201;13206
14780,201;94
14781,201;82
14782,201;96
14783,201;92
14784,201;83
14785,201;13188
14786,201;98
14787,201;90
14788,201;98
14789,201;114
14790,201;101
14791,201;13188
14792,201;86
14793,201;77
14794,201;96
14795,201;103
14796,201;89
14797,201;13177
14798,201;94
14799,201;77
14800,201;75
14801,201;96
14802,201;79
14803,201;13205
14804,201;89
14805,201;93
14806,201;92
14807,201;111
14808,201;113
14809,201;13202
14810,201;98
14811,201;115
14812,201;107
14813,201;102
14814,201;105
14815,201;13206
14816,201;95
14817,201;97
14818,201;99
14819,201;93
14820,201;112
14821,201;13188
14822,201;92
14823,201;82
14824,201;100
14825,201;97
14826,201;101
14827,201;13198
14828,201;74
14829,201;82
14830,201;108
14831,201;91
14832,201;96
14833,201;13189
14834,201;94
14835,201;82
14836,201;95
14837,201;93
14838,201;106
14839,201;13217
14840,201;80
14841,201;70
14842,201;95
14843,201;99
14844,201;95
14845,201;12857
14846,201;90
14847,201;106
14848,201;75
14848,941;101
14849,941;94
14850,941;13152
14851,941;95
14852,941;91
14853,941;92
14854,941;101
14855,941;108
14856,941;13177
14857,941;91
14858,941;89
14859,941;90
14860,941;95
14861,941;105
14862,941;13244
14863,941;73
14864,941;81
14865,941;80
14866,941;102
14867,941;106
14868,941;13204
14869,941;97
14870,941;82
14871,941;112
14872,941;108
14873,941;93
14874,941;13217
14875,941;94
14876,941;76
14877,941;111
14878,941;91
14879,941;96
14880,941;13190
14881,941;93
14882,941;83
14883,941;115
14884,941;88
14885,941;108
14886,941;13224
14887,941;101
14888,941;90
14889,941;113
14890,941;82
14891,941;105
14892,941;13221
14893,941;97
14894,941;81
14895,941;100
14896,941;100
14897,941;98
14898,941;13222
14899,941;102
14900,941;93
14901,941;85
14902,941;101
14903,941;87
14904,941;13166
14905,941;87
14906,941;82
14907,941;75
14908,941;82
14909,941;98
14910,941;13201
14911,941;99
14912,941;99
14913,941;74
14914,941;90
14915,941;91
14916,941;13211
14917,941;86
14918,941;95
14919,941;98
14920,941;103
14921,941;113
14922,941;13210
14923,941;93
14924,941;101
14925,941;107
14926,941;96
14927,941;110
14928,941;13188
14929,941;83
14930,941;100
14931,941;99
14932,941;87
14933,941;80
14934,941;13180
14935,941;85
14936,941;95
14937,941;79
14938,941;100
14939,941;100
14940,941;13178
14941,941;88
14942,941;86
14943,941;74
14944,941;105
14945,941;87
14946,941;13205
14947,941;95
14948,941;74
14951,374;96
14952,374;96
14953,374;100
14954,374;13211
14955,374;87
14956,374;102
14957,374;95
14958,374;92
14959,374;100
14960,374;13181
14961,374;113
14962,374;94
14963,374;93
14964,374;77
14965,374;88
14966,374;13188
14967,374;83
14968,374;116
14969,374;95
14970,374;101
14971,374;106
14972,374;13213
14973,374;95
14974,374;93
14975,374;90
14976,374;106
14977,374;88
14978,374;13203
14979,374;104
14980,374;101
14981,374;81
14982,374;98
14983,374;124
14984,374;13165
14985,374;98
14986,374;83
14987,374;101
14988,374;85
14989,374;96
14990,374;13194
14991,374;91
14992,374;79
14993,374;94
14994,374;100
14995,374;109
14996,374;13218
14997,374;75
14998,374;86
14999,374;83
15000,374;93
15001,374;98
15002,374;13177
15003,374;88
15004,374;97
15005,374;90
15006,374;92
15007,374;90
15008,374;13207
15009,374;99
15010,374;76
15011,374;95
15012,374;109
15013,374;79
15014,374;13155
15015,374;86
15016,374;87
15017,374;98
15018,374;89
15019,374;84
15020,374;13186
15021,374;94
15022,374;83
15023,374;91
15024,374;109
15025,374;91
15026,374;13176
15027,374;90
15028,374;82
15029,374;88
15030,374;78
15031,374;110
15032,374;13190
15033,374;90
15034,374;95
15035,374;68
15036,374;108
15037,374;92
15038,374;13185
15039,374;95
15040,374;78
15041,374;97
15042,374;90
15043,374;88
15044,374;13195
15045,374;80
15046,374;96
15047,374;99
15048,374;97
15049,374;85
15050,374;13203
15051,374;90
15051,374;85
15052,374;98
15053,374;103
15054,374;71
15055,374;13174
15056,374;86
15057,374;87
15058,374;84
15059,374;98
15060,374;114
15061,374;13163
15062,374;89
15063,374;96
15064,374;94
15065,374;92
15066,374;100
15067,374;13188
15068,374;87
15069,374;94
15070,374;97
15071,374;95
15072,374;94
15073,374;13204
15074,374;89
15075,374;70
15076,374;83
15077,374;81
15078,374;83
15079,374;13197
15080,374;89
15081,374;80
15082,374;94
15083,374;93
15084,374;84
15085,374;13197
15086,374;85
15087,374;87
15088,374;100
15089,374;81
15090,374;83
15091,374;13218
15092,374;76
15093,374;93
15094,374;82
15095,374;82
15096,374;97
15097,374;13172
15098,374;80
15099,374;67
15100,374;80
15101,374;60
15102,374;95
15103,374;13180
15104,374;89
15105,374;68
15106,374;102
15107,374;74
15108,374;92
15109,374;13188
15110,374;76
15111,374;87
15112,374;85
15113,374;99
15114,374;79
15115,374;13196
15116,374;83
15117,374;82
15118,374;85
15119,374;100
15120,374;104
15121,374;13181
15122,374;64
15123,374;90
15124,374;88
15125,374;61
15126,374;84
15127,374;13202
15128,374;81
15129,374;84
15130,374;75
15131,374;74
15132,374;74
15133,374;13199
15134,374;75
15135,374;89
15136,374;88
15137,374;91
15138,374;92
15139,374;13195
15140,374;90
15141,374;62
15142,374;88
15143,374;84
15144,374;77
15145,374;13212
15146,374;79
15147,374;81
15148,374;74
15149,374;93
15150,374;86
15151,374;13172
15152,902;70
15153,902;82
15154,902;86
15155,902;77
15156,902;91
15157,902;12870
15158,902;67
15159,902;69
15160,902;92
15161,902;84
15162,902;77
15163,902;13107
15164,902;80
15165,902;80
15166,902;68
15167,902;91
15168,902;87
15169,902;13159
15170,902;81
15171,902;96
15172,902;76
15173,902;73
15174,902;86
15175,902;13197
15176,902;92
15177,902;97
15178,902;87
15179,902;91
15180,902;73
15181,902;13169
15182,902;87
15183,902;89
15184,902;90
15185,902;79
15186,902;86
15187,902;13179
15188,902;74
15189,902;91
15190,902;95
15191,902;76
15192,902;73
15193,902;13189
15194,902;77
15195,902;78
15196,902;90
15197,902;88
15198,902;80
15199,902;13162
15200,902;94
15201,902;88
15202,902;90
15203,902;84
15204,902;91
15205,902;13192
15206,902;68
15207,902;91
15208,902;90
15209,902;95
15210,902;70
15211,902;13217
15212,902;82
15213,902;102
15214,902;97
15215,902;94
15216,902;95
15217,902;13173
15218,902;74
15219,902;73
15220,902;87
15221,902;85
15222,902;104
15223,902;13216
15224,902;86
15225,902;64
15226,902;90
15227,902;87
15228,902;91
15229,902;13200
15230,902;74
15231,902;79
15232,902;99
15233,902;79
15234,902;105
15235,902;13184
15236,902;90
15237,902;72
15238,902;90
15239,902;100
15240,902;76
15241,902;13206
15242,902;93
15243,902;80
15244,902;87
15245,902;81
15246,902;93
15247,902;13164
15248,902;91
15249,902;96
15250,902;85
15251,902;84
15252,902;107
15253,7;13154
15254,7;67
15255,7;87
15256,7;81
15257,7;94
15258,7;101
15259,7;13162
15260,7;82
15261,7;80
15262,7;92
15263,7;88
15264,7;111
15265,7;13176
15266,7;86
15267,7;87
15268,7;83
15269,7;99
15270,7;120
15271,7;13201
15272,7;83
15273,7;67
15274,7;97
15275,7;79
15276,7;99
15277,7;13195
15278,7;102
15279,7;90
15280,7;85
15281,7;100
15282,7;86
15283,7;13201
15284,7;79
15285,7;95
15286,7;90
15287,7;90
15288,7;75
15289,7;13186
15290,7;99
15291,7;88
15292,7;84
15293,7;87
15294,7;105
15295,7;13189
15296,7;93
15297,7;79
15298,7;66
15299,7;75
15300,7;98
15301,7;13209
15302,7;91
15303,7;88
15304,7;89
15305,7;98
15306,7;84
15307,7;13176
15308,7;101
15309,7;78
15310,7;102
15311,7;89
15312,7;90
15313,7;13222
15314,7;85
15315,7;98
15316,7;96
15317,7;82
15318,7;88
15319,7;13181
15320,7;76
15321,7;98
15322,7;97
15323,7;110
15324,7;90
15325,7;13188
15326,7;91
15327,7;91
15328,7;82
15329,7;108
15330,7;81
15331,7;13197
15332,7;96
15333,7;70
15334,7;77
15335,7;112
15336,7;97
15337,7;13161
15338,7;93
15339,7;90
15340,7;80
15341,7;100
15342,7;88
15343,7;13186
15344,7;87
15345,7;95
15346,7;103
15347,7;73
15348,7;92
15349,7;13194
15350,7;101
15351,7;91
15352,7;84
15353,7;89
15354,994;88
15355,994;13222
15356,994;91
15357,994;77
15358,994;93
15359,994;89
15360,994;107
15361,994;13179
15362,994;102
15363,994;68
15364,994;87
15365,994;79
15366,994;95
15367,994;13189
15368,994;82
15369,994;100
15370,994;85
15371,994;92
15372,994;100
15373,994;13209
15374,994;98
15375,994;101
15376,994;93
15377,994;90
15378,994;89
15379,994;13214
15380,994;103
15381,994;82
15382,994;101
15383,994;96
15384,994;98
15385,994;13167
15386,994;95
15387,994;99
15388,994;87
15389,994;82
15390,994;96
15391,994;13208
15392,994;81
15393,994;93
15394,994;93
15395,994;96
15396,994;110
15397,994;13230
15398,994;85
15399,994;96
15400,994;83
15401,994;112
15402,994;90
15403,994;13180
15404,994;103
15405,994;82
15406,994;100
15407,994;78
15408,994;94
15409,994;13217
15410,994;89
15411,994;85
15412,994;84
15413,994;70
15414,994;73
15415,994;13223
15416,994;93
15417,994;82
15418,994;92
15419,994;96
15420,994;98
15421,994;13207
15422,994;73
15423,994;90
15424,994;75
15425,994;111
15426,994;87
15427,994;13202
15428,994;106
15429,994;91
15430,994;81
15431,994;96
15432,994;82
15433,994;13195
15434,994;72
15435,994;95
15436,994;81
15437,994;102
15438,994;101
15439,994;13186
15440,994;87
15441,994;109
15442,994;102
15443,994;121
15444,994;108
15445,994;13174
15446,994;97
15447,994;103
15448,994;109
15449,994;98
15450,994;109
15451,994;13250
15452,994;109
15453,994;89
15454,994;108
15455,452;91
15456,452;86
15457,452;13194
15458,452;98
15459,452;97
15460,452;98
15461,452;91
15462,452;101
15463,452;13212
15464,452;103
15465,452;86
15466,452;101
15467,452;108
15468,452;119
15469,452;12858
15470,452;75
15471,452;93
15472,452;96
15473,452;100
15474,452;74
15475,452;13114
15476,452;64
15477,452;103
15478,452;103
15479,452;88
15480,452;108
15481,452;13172
15482,452;78
15483,452;72
15484,452;88
15485,452;87
15486,452;91
15487,452;13203
15488,452;94
15489,452;90
15490,452;95
15491,452;95
15492,452;111
15493,452;13176
15494,452;98
15495,452;93
15496,452;95
15497,452;108
15498,452;87
15499,452;13206
15500,452;87
15501,452;93
15502,452;82
15503,452;87
15504,452;98
15505,452;13199
15506,452;87
15507,452;81
15508,452;101
15509,452;106
15510,452;105
15511,452;13212
15512,452;79
15513,452;98
15514,452;97
15515,452;96
15516,452;111
15517,452;13204
15518,452;86
15519,452;85
15520,452;80
15521,452;76
15522,452;110
15523,452;13205
15524,452;85
15525,452;97
15526,452;86
15527,452;98
15528,452;108
15529,452;13205
15530,452;93
15531,452;92
15532,452;118
15533,452;104
15534,452;80
15535,452;13230
15536,452;81
15537,452;84
15538,452;102
15539,452;85
15540,452;102
15541,452;13207
15542,452;83
15543,452;88
15544,452;101
15545,452;95
15546,452;84
15547,452;13211
15548,452;84
15549,452;107
15550,452;75
15551,452;97
15552,452;98
15553,452;13209
15554,452;92
15555,452;101
15556,714;108
15557,714;113
15558,714;97
15559,714;13201
15560,714;95
15561,714;68
15562,714;89
15563,714;87
15564,714;101
15565,714;13192
15566,714;98
15567,714;85
15568,714;71
15569,714;102
15570,714;94
15571,714;13169
15572,714;101
15573,714;104
15574,714;95
15575,714;101
15576,714;103
15577,714;13191
15578,714;72
15579,714;78
15580,714;102
15581,714;90
15582,714;94
15583,714;13207
15584,714;82
15585,714;96
15586,714;104
15587,714;87
15588,714;92
15589,714;13211
15590,714;90
15591,714;103
15592,714;93
15593,714;92
15594,714;105
15595,714;13207
15596,714;85
15597,714;80
15598,714;105
15599,714;100
15600,714;92
15601,714;13191
15602,714;77
15603,714;88
15604,714;100
15605,714;102
15606,714;88
15607,714;13214
15608,714;76
15609,714;95
15610,714;88
15611,714;92
15612,714;103
15613,714;13195
15614,714;104
15615,714;84
15616,714;102
15617,714;84
15618,714;99
15619,714;13187
15620,714;84
15621,714;82
15622,714;101
15623,714;103
15624,714;101
15625,714;13190
15626,714;87
15627,714;90
15628,714;95
15629,714;98
15630,714;85
15631,714;13189
15632,714;85
15633,714;91
15634,714;86
15635,714;91
15636,714;103
15637,714;13170
15638,714;88
15639,714;90
15640,714;79
15641,714;103
15642,714;98
15643,714;13189
15644,714;105
15645,714;86
15646,714;115
15647,714;77
15648,714;87
15649,714;13178
15650,714;92
15651,714;92
15652,714;84
15653,714;98
15654,714;107
15655,714;13178
15656,714;90
15656,714;79
15657,714;72
15658,714;98
15659,714;99
15660,714;13188
15661,714;76
15662,714;98
15663,714;109
15664,714;79
15665,714;104
15666,714;13198
15667,714;96
15668,714;80
15669,714;86
15670,714;79
15671,714;94
15672,714;13173
15673,714;84
15674,714;96
15675,714;79
15676,714;86
15677,714;94
15678,714;13191
15679,714;100
15680,714;96
15681,714;89
15682,714;99
15683,714;98
15684,714;13199
15685,714;93
15686,714;89
15687,714;87
15688,714;110
15689,714;102
15690,714;13172
15691,714;72
15692,714;75
15693,714;89
15694,714;97
15695,714;90
15696,714;13204
15697,714;85
15698,714;73
15699,714;85
15700,714;98
15701,714;104
15702,714;13207
15703,714;108
15704,714;71
15705,714;95
15706,714;94
15707,714;98
15708,714;13211
15709,714;60
15710,714;90
15711,714;102
15712,714;107
15713,714;81
15714,714;13176
15715,714;88
15716,714;72
15717,714;90
15718,714;87
15719,714;79
15720,714;13177
15721,714;73
15722,714;87
15723,714;64
15724,714;77
15725,714;73
15726,714;13164
15727,714;74
15728,714;76
15729,714;66
15730,714;81
15731,714;97
15732,714;13187
15733,714;86
15734,714;84
15735,714;74
15736,714;96
15737,714;93
15738,714;13214
15739,714;94
15740,714;68
15741,714;84
15742,714;83
15743,714;67
15744,714;13211
15745,714;86
15746,714;79
15747,714;70
15748,714;90
15749,714;82
15750,714;13208
15751,714;82
15752,714;76
15753,714;63
15754,714;70
15755,714;69
15756,714;13180
15758,617;75
15759,617;72
15760,617;77
15761,617;90
15762,617;77
15763,617;13147
15764,617;83
15765,617;72
15766,617;71
15767,617;76
15768,617;96
15769,617;13183
15770,617;92
15771,617;78
15772,617;97
15773,617;87
15774,617;85
15775,617;13166
15776,617;70
15777,617;76
15778,617;87
15779,617;89
15780,617;74
15781,617;12841
15782,617;80
15783,617;65
15784,617;62
15785,617;104
15786,617;69
15787,617;13120
15788,617;78
15789,617;77
15790,617;78
15791,617;69
15792,617;77
15793,617;13209
15794,617;81
15795,617;72
15796,617;72
15797,617;79
15798,617;73
15799,617;13173
15800,617;78
15801,617;83
15802,617;96
15803,617;83
15804,617;82
15805,617;13195
15806,617;75
15807,617;74
15808,617;82
15809,617;78
15810,617;100
15811,617;13235
15812,617;81
15813,617;70
15814,617;81
15815,617;83
15816,617;92
15817,617;13187
15818,617;86
15819,617;80
15820,617;81
15821,617;97
15822,617;68
15823,617;13168
15824,617;79
15825,617;72
15826,617;78
15827,617;72
15828,617;86
15829,617;13201
15830,617;88
15831,617;73
15832,617;97
15833,617;81
15834,617;90
15835,617;13196
15836,617;83
15837,617;85
15838,617;78
15839,617;97
15840,617;102
15841,617;13167
15842,617;90
15843,617;73
15844,617;84
15845,617;91
15846,617;87
15847,617;13196
15848,617;95
15849,617;84
15850,617;87
15851,617;77
15852,617;103
15853,617;13198
15854,617;92
15855,617;95
15856,617;79
15857,617;99
15858,617;98
15858,869;13202
15859,869;89
15860,869;75
15861,869;78
15862,869;90
15863,869;83
15864,869;13213
15865,869;78
15866,869;98
15867,869;92
15868,869;99
15869,869;68
15870,869;13153
15871,869;101
15872,869;79
15873,869;85
15874,869;84
15875,869;90
15876,869;13208
15877,869;79
15878,869;78
15879,869;88
15880,869;88
15881,869;94
15882,869;13196
15883,869;87
15884,869;84
15885,869;111
15886,869;91
15887,869;81
15888,869;13216
15889,869;90
15890,869;91
15891,869;89
15892,869;87
15893,869;88
15894,869;13215
15895,869;68
15896,869;85
15897,869;100
15898,869;91
15899,869;104
15900,869;13199
15901,869;90
15902,869;65
15903,869;100
15904,869;88
15905,869;105
15906,869;13230
15907,869;86
15908,869;84
15909,869;95
15910,869;103
15911,869;88
15912,869;13197
15913,869;91
15914,869;74
15915,869;84
15916,869;98
15917,869;101
15918,869;13195
15919,869;98
15920,869;83
15921,869;89
15922,869;76
15923,869;85
15924,869;13192
15925,869;87
15926,869;72
15927,869;77
15928,869;79
15929,869;70
15930,869;13176
15931,869;73
15932,869;96
15933,869;114
15934,869;99
15935,869;70
15936,869;13193
15937,869;91
15938,869;88
15939,869;86
15940,869;90
15941,869;97
15942,869;13190
15943,869;89
15944,869;95
15945,869;88
15946,869;88
15947,869;95
15948,869;13190
15949,869;71
15950,869;82
15951,869;94
15952,869;108
15953,869;86
15954,869;13196
15955,869;89
15956,869;102
15957,869;104
15958,869;101
15960,969;80
15961,969;13180
15962,969;86
15963,969;80
15964,969;83
15965,969;89
15966,969;82
15967,969;13159
15968,969;92
15969,969;84
15970,969;82
15971,969;90
15972,969;88
15973,969;13218
15974,969;98
15975,969;73
15976,969;96
15977,969;89
15978,969;93
15979,969;13225
15980,969;93
15981,969;97
15982,969;94
15983,969;77
15984,969;78
15985,969;13203
15986,969;88
15987,969;81
15988,969;90
15989,969;97
15990,969;102
15991,969;13201
15992,969;83
15993,969;94
15994,969;93
15995,969;95
15996,969;96
15997,969;13180
15998,969;84
15999,969;105
16000,969;84
16001,969;81
16002,969;83
16003,969;13232
16004,969;84
16005,969;77
16006,969;95
16007,969;94
16008,969;105
16009,969;13202
16010,969;84
16011,969;81
16012,969;103
16013,969;122
16014,969;79
16015,969;13209
16016,969;79
16017,969;103
16018,969;115
16019,969;104
16020,969;109
16021,969;13180
16022,969;106
16023,969;75
16024,969;88
16025,969;91
16026,969;93
16027,969;13197
16028,969;90
16029,969;85
16030,969;95
16031,969;85
16032,969;98
16033,969;13204
16034,969;100
16035,969;88
16036,969;97
16037,969;86
16038,969;91
16039,969;13210
16040,969;94
16041,969;80
16042,969;86
16043,969;108
16044,969;93
16045,969;13186
16046,969;91
16047,969;85
16048,969;93
16049,969;96
16050,969;94
16051,969;13216
16052,969;82
16053,969;80
16054,969;87
16055,969;103
16056,969;91
16057,969;13209
16058,969;100
16059,969;87
16060,969;89
16062,655;93
16063,655;107
16064,655;13190
16065,655;88
16066,655;68
16067,655;80
16068,655;106
16069,655;114
16070,655;13235
16071,655;109
16072,655;87
16073,655;94
16074,655;89
16075,655;104
16076,655;13240
16077,655;79
16078,655;96
16079,655;95
16080,655;78
16081,655;113
16082,655;13198
16083,655;92
16084,655;87
16085,655;92
16086,655;108
16087,655;103
16088,655;13209
16089,655;76
16090,655;87
16091,655;111
16092,655;93
16093,655;89
16094,655;12882
16095,655;86
16096,655;80
16097,655;100
16098,655;115
16099,655;99
16100,655;13091
16101,655;78
16102,655;78
16103,655;104
16104,655;93
16105,655;100
16106,655;13155
16107,655;77
16108,655;96
16109,655;100
16110,655;83
16111,655;89
16112,655;13200
16113,655;73
16114,655;86
16115,655;105
16116,655;116
16117,655;77
16118,655;13209
16119,655;71
16120,655;77
16121,655;98
16122,655;83
16123,655;104
16124,655;13212
16125,655;98
16126,655;110
16127,655;101
16128,655;104
16129,655;83
16130,655;13209
16131,655;79
16132,655;90
16133,655;99
16134,655;99
16135,655;83
16136,655;13198
16137,655;87
16138,655;95
16139,655;70
16140,655;100
16141,655;82
16142,655;13209
16143,655;87
16144,655;101
16145,655;91
16146,655;97
16147,655;87
16148,655;13213
16149,655;102
16150,655;79
16151,655;91
16152,655;87
16153,655;97
16154,655;13223
16155,655;78
16156,655;78
16157,655;97
16158,655;112
16159,655;86
16160,655;13197
16161,655;91
16162,655;103
16161,655;82
16162,655;81
16163,655;100
16164,655;13186
16165,655;102
16166,655;93
16167,655;97
16168,655;90
16169,655;107
16170,655;13214
16171,655;70
16172,655;98
16173,655;93
16174,655;77
16175,655;96
16176,655;13203
16177,655;94
16178,655;94
16179,655;100
16180,655;96
16181,655;98
16182,655;13209
16183,655;81
16184,655;87
16185,655;94
16186,655;83
16187,655;89
16188,655;13206
16189,655;95
16190,655;103
16191,655;106
16192,655;101
16193,655;92
16194,655;13218
16195,655;85
16196,655;99
16197,655;94
16198,655;105
16199,655;94
16200,655;13196
16201,655;100
16202,655;95
16203,655;89
16204,655;100
16205,655;81
16206,655;13193
16207,655;83
16208,655;86
16209,655;69
16210,655;79
16211,655;100
16212,655;13201
16213,655;91
16214,655;87
16215,655;80
16216,655;98
16217,655;107
16218,655;13205
16219,655;67
16220,655;97
16221,655;107
16222,655;81
16223,655;104
16224,655;13177
16225,655;91
16226,655;76
16227,655;105
16228,655;96
16229,655;95
16230,655;13193
16231,655;95
16232,655;77
16233,655;87
16234,655;96
16235,655;90
16236,655;13177
16237,655;88
16238,655;85
16239,655;98
16240,655;95
16241,655;100
16242,655;13210
16243,655;98
16244,655;80
16245,655;98
16246,655;74
16247,655;89
16248,655;13194
16249,655;90
16250,655;76
16251,655;91
16252,655;97
16253,655;89
16254,655;13206
16255,655;81
16256,655;92
16257,655;73
16258,655;107
16259,655;77
16260,655;13178
16261,655;82
16264,009;78
16265,009;87
16266,009;81
16267,009;98
16268,009;13187
16269,009;100
16270,009;77
16271,009;114
16272,009;96
16273,009;101
16274,009;13216
16275,009;96
16276,009;102
16277,009;85
16278,009;104
16279,009;106
16280,009;13162
16281,009;85
16282,009;91
16283,009;99
16284,009;86
16285,009;104
16286,009;13182
16287,009;91
16288,009;98
16289,009;98
16290,009;83
16291,009;99
16292,009;13195
16293,009;86
16294,009;77
16295,009;96
16296,009;95
16297,009;82
16298,009;13208
16299,009;103
16300,009;88
16301,009;86
16302,009;81
16303,009;91
16304,009;13195
16305,009;102
16306,009;95
16307,009;69
16308,009;93
16309,009;93
16310,009;13221
16311,009;95
16312,009;93
16313,009;90
16314,009;99
16315,009;76
16316,009;13189
16317,009;92
16318,009;89
16319,009;77
16320,009;64
16321,009;98
16322,009;13180
16323,009;110
16324,009;75
16325,009;89
16326,009;75
16327,009;85
16328,009;13201
16329,009;89
16330,009;100
16331,009;90
16332,009;93
16333,009;100
16334,009;13179
16335,009;79
16336,009;94
16337,009;88
16338,009;92
16339,009;85
16340,009;13165
16341,009;101
16342,009;85
16343,009;85
16344,009;93
16345,009;104
16346,009;13175
16347,009;78
16348,009;80
16349,009;90
16350,009;90
16351,009;72
16352,009;13219
16353,009;86
16354,009;71
16355,009;78
16356,009;95
16357,009;98
16358,009;13171
16359,009;90
16360,009;85
16361,009;97
16362,009;72
16363,009;83
16364,009;13162
16364,153;76
16365,153;86
16366,153;95
16367,153;61
16368,153;103
16369,153;13187
16370,153;82
16371,153;52
16372,153;78
16373,153;88
16374,153;104
16375,153;13224
16376,153;87
16377,153;63
16378,153;82
16379,153;76
16380,153;86
16381,153;13169
16382,153;81
16383,153;76
16384,153;72
16385,153;79
16386,153;96
16387,153;13160
16388,153;98
16389,153;91
16390,153;69
16391,153;76
16392,153;99
16393,153;13201
16394,153;75
16395,153;77
16396,153;76
16397,153;78
16398,153;75
16399,153;13214
16400,153;81
16401,153;68
16402,153;68
16403,153;89
16404,153;83
16405,153;12854
16406,153;72
16407,153;83
16408,153;85
16409,153;79
16410,153;94
16411,153;13144
16412,153;69
16413,153;76
16414,153;75
16415,153;75
16416,153;91
16417,153;13180
16418,153;73
16419,153;68
16420,153;80
16421,153;90
16422,153;90
16423,153;13197
16424,153;83
16425,153;82
16426,153;78
16427,153;82
16428,153;89
16429,153;13174
16430,153;74
16431,153;82
16432,153;72
16433,153;78
16434,153;68
16435,153;13203
16436,153;84
16437,153;94
16438,153;77
16439,153;78
16440,153;78
16441,153;13147
16442,153;76
16443,153;67
16444,153;87
16445,153;72
16446,153;83
16447,153;13162
16448,153;83
16449,153;97
16450,153;85
16451,153;76
16452,153;94
16453,153;13197
16454,153;82
16455,153;74
16456,153;85
16457,153;82
16458,153;86
16459,153;13209
16460,153;62
16461,153;86
16462,153;93
16463,153;86
16464,153;86
16465,528;13193
16466,528;114
16467,528;73
16468,528;70
16469,528;93
16470,528;83
16471,528;13155
16472,528;78
16473,528;93
16474,528;94
16475,528;110
16476,528;88
16477,528;13182
16478,528;82
16479,528;100
16480,528;85
16481,528;82
16482,528;81
16483,528;13191
16484,528;90
16485,528;75
16486,528;80
16487,528;84
16488,528;87
16489,528;13202
16490,528;69
16491,528;84
16492,528;94
16493,528;90
16494,528;65
16495,528;13192
16496,528;104
16497,528;94
16498,528;93
16499,528;78
16500,528;88
16501,528;13216
16502,528;80
16503,528;72
16504,528;98
16505,528;92
16506,528;88
16507,528;13161
16508,528;84
16509,528;89
16510,528;88
16511,528;98
16512,528;111
16513,528;13192
16514,528;98
16515,528;86
16516,528;85
16517,528;82
16518,528;98
16519,528;13202
16520,528;93
16521,528;88
16522,528;90
16523,528;84
16524,528;90
16525,528;13199
16526,528;100
16527,528;76
16528,528;72
16529,528;78
16530,528;96
16531,528;13149
16532,528;64
16533,528;92
16534,528;101
16535,528;95
16536,528;81
16537,528;13216
16538,528;84
16539,528;80
16540,528;95
16541,528;103
16542,528;80
16543,528;13194
16544,528;92
16545,528;78
16546,528;93
16547,528;87
16548,528;94
16549,528;13199
16550,528;100
16551,528;90
16552,528;83
16553,528;85
16554,528;90
16555,528;13200
16556,528;85
16557,528;96
16558,528;92
16559,528;87
16560,528;96
16561,528;13205
16562,528;88
16563,528;99
16564,528;96
16565,528;94
16566,919;98
16567,919;13208
16568,919;102
16569,919;84
16570,919;87
16571,919;90
16572,919;103
16573,919;13164
16574,919;86
16575,919;94
16576,919;99
16577,919;92
16578,919;89
16579,919;13193
16580,919;83
16581,919;90
16582,919;84
16583,919;110
16584,919;96
16585,919;13187
16586,919;73
16587,919;90
16588,919;79
16589,919;87
16590,919;95
16591,919;13181
16592,919;85
16593,919;91
16594,919;100
16595,919;87
16596,919;81
16597,919;13169
16598,919;88
16599,919;92
16600,919;94
16601,919;95
16602,919;87
16603,919;13203
16604,919;101
16605,919;84
16606,919;92
16607,919;103
16608,919;86
16609,919;13203
16610,919;97
16611,919;94
16612,919;74
16613,919;79
16614,919;111
16615,919;13189
16616,919;79
16617,919;67
16618,919;99
16619,919;127
16620,919;81
16621,919;13200
16622,919;82
16623,919;91
16624,919;113
16625,919;84
16626,919;92
16627,919;13189
16628,919;88
16629,919;98
16630,919;95
16631,919;90
16632,919;94
16633,919;13216
16634,919;95
16635,919;72
16636,919;99
16637,919;110
16638,919;88
16639,919;13191
16640,919;101
16641,919;106
16642,919;87
16643,919;94
16644,919;100
16645,919;13198
16646,919;101
16647,919;96
16648,919;75
16649,919;97
16650,919;96
16651,919;13176
16652,919;80
16653,919;95
16654,919;87
16655,919;94
16656,919;112
16657,919;13161
16658,919;80
16659,919;94
16660,919;91
16661,919;109
16662,919;80
16663,919;13192
16664,919;92
16665,919;84
16666,919;86
16667,919;92
16668,919;95
16669,919;13214
16670,919;81
16671,919;87
16672,919;95
16673,919;88
16674,919;117
16675,919;13208
16676,919;99
16677,919;79
16678,919;108
16679,919;87
16680,919;123
16681,919;13203
16682,919;78
16683,919;95
16684,919;98
16685,919;84
16686,919;78
16687,919;13207
16688,919;81
16689,919;96
16690,919;104
16691,919;109
16692,919;80
16693,919;13218
16694,919;103
16695,919;92
16696,919;90
16697,919;108
16698,919;95
16699,919;13170
16700,919;94
16701,919;86
16702,919;92
16703,919;96
16704,919;110
16705,919;13164
16706,919;98
16707,919;92
16708,919;98
16709,919;96
16710,919;110
16711,919;13193
16712,919;72
16713,919;103
16714,919;91
16715,919;89
16716,919;99
16717,919;12852
16718,919;92
16719,919;88
16720,919;87
16721,919;96
16722,919;91
16723,919;13128
16724,919;76
16725,919;78
16726,919;85
16727,919;103
16728,919;94
16729,919;13191
16730,919;85
16731,919;86
16732,919;85
16733,919;125
16734,919;94
16735,919;13174
16736,919;102
16737,919;94
16738,919;107
16739,919;104
16740,919;83
16741,919;13202
16742,919;74
16743,919;86
16744,919;96
16745,919;103
16746,919;103
16747,919;13179
16748,919;83
16749,919;84
16750,919;93
16751,919;88
16752,919;104
16753,919;13235
16754,919;90
16755,919;96
16756,919;96
16757,919;78
16758,919;82
16759,919;13182
16760,919;91
16761,919;99
16762,919;99
16763,919;82
16764,919;101
16765,919;13210
16766,919;82
16767,919;98
16768,288;95
16769,288;113
16770,288;89
16771,288;13243
16772,288;83
16773,288;84
16774,288;83
16775,288;85
16776,288;90
16777,288;13197
16778,288;96
16779,288;92
16780,288;86
16781,288;93
16782,288;102
16783,288;13207
16784,288;93
16785,288;88
16786,288;93
16787,288;102
16788,288;108
16789,288;13224
16790,288;94
16791,288;85
16792,288;101
16793,288;100
16794,288;95
16795,288;13210
16796,288;98
16797,288;88
16798,288;98
16799,288;100
16800,288;99
16801,288;13204
16802,288;88
16803,288;90
16804,288;88
16805,288;99
16806,288;99
16807,288;13200
16808,288;99
16809,288;106
16810,288;88
16811,288;102
16812,288;101
16813,288;13193
16814,288;109
16815,288;82
16816,288;79
16817,288;92
16818,288;93
16819,288;13175
16820,288;93
16821,288;93
16822,288;100
16823,288;87
16824,288;85
16825,288;13196
16826,288;73
16827,288;92
16828,288;103
16829,288;92
16830,288;84
16831,288;13194
16832,288;100
16833,288;95
16834,288;72
16835,288;87
16836,288;94
16837,288;13165
16838,288;84
16839,288;80
16840,288;104
16841,288;99
16842,288;93
16843,288;13198
16844,288;92
16845,288;76
16846,288;93
16847,288;99
16848,288;106
16849,288;13170
16850,288;80
16851,288;80
16852,288;88
16853,288;87
16854,288;96
16855,288;13182
16856,288;97
16857,288;98
16858,288;77
16859,288;81
16860,288;94
16861,288;13188
16862,288;92
16863,288;82
16864,288;85
16865,288;75
16866,288;86
16867,288;13192
16868,288;102
16869,334;66
16870,334;108
16871,334;104
16872,334;88
16873,334;13211
16874,334;87
16875,334;89
16876,334;95
16877,334;106
16878,334;84
16879,334;13189
16880,334;82
16881,334;72
16882,334;97
16883,334;74
16884,334;103
16885,334;13171
16886,334;85
16887,334;93
16888,334;82
16889,334;86
16890,334;76
16891,334;13178
16892,334;93
16893,334;91
16894,334;93
16895,334;98
16896,334;99
16897,334;13190
16898,334;105
16899,334;77
16900,334;93
16901,334;74
16902,334;91
16903,334;13195
16904,334;107
16905,334;77
16906,334;92
16907,334;103
16908,334;105
16909,334;13184
16910,334;88
16911,334;97
16912,334;84
16913,334;79
16914,334;93
16915,334;13174
16916,334;80
16917,334;88
16918,334;91
16919,334;91
16920,334;66
16921,334;13165
16922,334;82
16923,334;93
16924,334;82
16925,334;85
16926,334;96
16927,334;13199
16928,334;85
16929,334;93
16930,334;103
16931,334;104
16932,334;97
16933,334;13193
16934,334;97
16935,334;87
16936,334;77
16937,334;119
16938,334;82
16939,334;13163
16940,334;87
16941,334;85
16942,334;67
16943,334;100
16944,334;87
16945,334;13169
16946,334;90
16947,334;75
16948,334;96
16949,334;97
16950,334;87
16951,334;13177
16952,334;86
16953,334;78
16954,334;99
16955,334;99
16956,334;99
16957,334;13175
16958,334;86
16959,334;78
16960,334;100
16961,334;80
16962,334;101
16963,334;13191
16964,334;74
16965,334;69
16966,334;94
16967,334;80
16968,334;89
16969,334;13185
16970,611;97
16971,611;86
16972,611;76
16973,611;90
16974,611;77
16975,611;13174
16976,611;71
16977,611;81
16978,611;111
16979,611;97
16980,611;90
16981,611;13183
16982,611;101
16983,611;84
16984,611;95
16985,611;87
16986,611;93
16987,611;13199
16988,611;77
16989,611;80
16990,611;86
16991,611;77
16992,611;84
16993,611;13198
16994,611;80
16995,611;88
16996,611;103
16997,611;80
16998,611;98
16999,611;13183
17000,611;103
17001,611;80
17002,611;95
17003,611;90
17004,611;90
17005,611;13157
17006,611;78
17007,611;75
17008,611;84
17009,611;69
17010,611;81
17011,611;13166
17012,611;86
17013,611;65
17014,611;75
17015,611;91
17016,611;77
17017,611;13191
17018,611;82
17019,611;71
17020,611;88
17021,611;86
17022,611;83
17023,611;13159
17024,611;81
17025,611;63
17026,611;80
17027,611;88
17028,611;82
17029,611;12865
17030,611;65
17031,611;86
17032,611;82
17033,611;73
17034,611;94
17035,611;13134
17036,611;69
17037,611;72
17038,611;85
17039,611;64
17040,611;71
17041,611;13161
17042,611;71
17043,611;79
17044,611;68
17045,611;80
17046,611;75
17047,611;13207
17048,611;58
17049,611;73
17050,611;71
17051,611;83
17052,611;95
17053,611;13195
17054,611;79
17055,611;76
17056,611;96
17057,611;80
17058,611;91
17059,611;13223
17060,611;93
17061,611;81
17062,611;78
17063,611;68
17064,611;106
17065,611;13140
17066,611;101
17067,611;74
17068,611;85
17069,611;110
17070,611;77
17071,798;13195
17072,798;86
17073,798;68
17074,798;84
17075,798;100
17076,798;80
17077,798;13167
17078,798;85
17079,798;77
17080,798;95
17081,798;103
17082,798;89
17083,798;13164
17084,798;77
17085,798;65
17086,798;72
17087,798;76
17088,798;107
17089,798;13181
17090,798;108
17091,798;78
17092,798;78
17093,798;94
17094,798;92
17095,798;13193
17096,798;85
17097,798;86
17098,798;84
17099,798;88
17100,798;78
17101,798;13188
17102,798;86
17103,798;78
17104,798;98
17105,798;105
17106,798;84
17107,798;13198
17108,798;86
17109,798;95
17110,798;93
17111,798;100
17112,798;96
17113,798;13205
17114,798;88
17115,798;95
17116,798;105
17117,798;87
17118,798;88
17119,798;13179
17120,798;83
17121,798;105
17122,798;83
17123,798;83
17124,798;87
17125,798;13181
17126,798;81
17127,798;86
17128,798;83
17129,798;94
17130,798;100
17131,798;13216
17132,798;91
17133,798;72
17134,798;76
17135,798;95
17136,798;87
17137,798;13219
17138,798;90
17139,798;83
17140,798;92
17141,798;102
17142,798;89
17143,798;13201
17144,798;77
17145,798;73
17146,798;67
17147,798;92
17148,798;105
17149,798;13191
17150,798;88
17151,798;89
17152,798;80
17153,798;106
17154,798;93
17155,798;13197
17156,798;91
17157,798;93
17158,798;103
17159,798;97
17160,798;92
17161,798;13157
17162,798;72
17163,798;78
17164,798;93
17165,798;84
17166,798;98
17167,798;13212
17168,798;74
17169,798;92
17170,798;82
17171,798;94
17172,798;97
17173,798;13200
17174,798;84
17175,798;94
17176,798;103
17177,798;95
17178,798;122
17179,798;13187
17180,798;79
17181,798;76
17182,798;74
17183,798;94
17184,798;85
17185,798;13164
17186,798;89
17187,798;80
17188,798;91
17189,798;87
17190,798;85
17191,798;13200
17192,798;82
17193,798;69
17194,798;114
17195,798;91
17196,798;102
17197,798;13207
17198,798;100
17199,798;86
17200,798;92
17201,798;95
17202,798;85
17203,798;13176
17204,798;86
17205,798;88
17206,798;85
17207,798;84
17208,798;90
17209,798;13188
17210,798;89
17211,798;88
17212,798;103
17213,798;86
17214,798;105
17215,798;13203
17216,798;107
17217,798;67
17218,798;87
17219,798;97
17220,798;95
17221,798;13185
17222,798;77
17223,798;89
17224,798;98
17225,798;104
17226,798;98
17227,798;13164
17228,798;79
17229,798;96
17230,798;108
17231,798;84
17232,798;73
17233,798;13193
17234,798;93
17235,798;97
17236,798;97
17237,798;99
17238,798;92
17239,798;13185
17240,798;88
17241,798;101
17242,798;92
17243,798;94
17244,798;108
17245,798;13161
17246,798;77
17247,798;92
17248,798;80
17249,798;90
17250,798;90
17251,798;13236
17252,798;91
17253,798;84
17254,798;95
17255,798;94
17256,798;84
17257,798;13173
17258,798;105
17259,798;106
17260,798;96
17261,798;98
17262,798;90
17263,798;13218
17264,798;91
17265,798;90
17266,798;93
17267,798;106
17268,798;93
17269,798;13227
17270,798;105
17271,798;82
17272,798;103
17273,653;83
17274,653;90
17275,653;13182
17276,653;91
17277,653;77
17278,653;100
17279,653;98
17280,653;102
17281,653;13180
17282,653;88
17283,653;96
17284,653;93
17285,653;116
17286,653;90
17287,653;13180
17288,653;92
17289,653;92
17290,653;80
17291,653;95
17292,653;97
17293,653;13226
17294,653;80
17295,653;96
17296,653;77
17297,653;98
17298,653;89
17299,653;13179
17300,653;107
17301,653;100
17302,653;112
17303,653;93
17304,653;78
17305,653;13184
17306,653;89
17307,653;94
17308,653;82
17309,653;101
17310,653;95
17311,653;13205
17312,653;97
17313,653;107
17314,653;91
17315,653;101
17316,653;102
17317,653;13208
17318,653;103
17319,653;96
17320,653;97
17321,653;105
17322,653;97
17323,653;13194
17324,653;95
17325,653;109
17326,653;110
17327,653;104
17328,653;92
17329,653;13208
17330,653;91
17331,653;109
17332,653;89
17333,653;78
17334,653;104
17335,653;13176
17336,653;90
17337,653;86
17338,653;93
17339,653;111
17340,653;94
17341,653;12889
17342,653;92
17343,653;92
17344,653;99
17345,653;96
17346,653;98
17347,653;13152
17348,653;82
17349,653;98
17350,653;99
17351,653;94
17352,653;120
17353,653;13182
17354,653;87
17355,653;95
17356,653;94
17357,653;103
17358,653;84
17359,653;13184
17360,653;93
17361,653;89
17362,653;83
17363,653;102
17364,653;99
17365,653;13176
17366,653;89
17367,653;88
17368,653;98
17369,653;93
17370,653;111
17371,653;13207
17372,653;94
17373,653;96
17374,215;87
17375,215;90
17376,215;94
17377,215;13215
17378,215;103
17379,215;96
17380,215;96
17381,215;84
17382,215;72
17383,215;13196
17384,215;94
17385,215;92
17386,215;94
17387,215;94
17388,215;103
17389,215;13220
17390,215;105
17391,215;79
17392,215;101
17393,215;91
17394,215;100
17395,215;13196
17396,215;72
17397,215;106
17398,215;90
17399,215;108
17400,215;120
17401,215;13214
17402,215;102
17403,215;106
17404,215;91
17405,215;77
17406,215;78
17407,215;13227
17408,215;110
17409,215;82
17410,215;100
17411,215;80
17412,215;94
17413,215;13218
17414,215;76
17415,215;84
17416,215;109
17417,215;96
17418,215;95
17419,215;13190
17420,215;102
17421,215;108
17422,215;78
17423,215;85
17424,215;78
17425,215;13204
17426,215;88
17427,215;94
17428,215;86
17429,215;102
17430,215;90
17431,215;13182
17432,215;90
17433,215;85
17434,215;80
17435,215;99
17436,215;96
17437,215;13209
17438,215;120
17439,215;71
17440,215;83
17441,215;105
17442,215;84
17443,215;13189
17444,215;85
17445,215;96
17446,215;95
17447,215;72
17448,215;93
17449,215;13209
17450,215;83
17451,215;95
17452,215;102
17453,215;90
17454,215;98
17455,215;13163
17456,215;88
17457,215;105
17458,215;78
17459,215;98
17460,215;86
17461,215;13192
17462,215;97
17463,215;85
17464,215;100
17465,215;118
17466,215;92
17467,215;13204
17468,215;96
17469,215;78
17470,215;97
17471,215;79
17472,215;87
17473,215;13216
17474,215;74
17475,684;82
17476,684;93
17477,684;83
17478,684;75
17479,684;13198
17480,684;85
17481,684;83
17482,684;97
17483,684;90
17484,684;88
17485,684;13166
17486,684;93
17487,684;82
17488,684;91
17489,684;91
17490,684;73
17491,684;13169
17492,684;97
17493,684;88
17494,684;88
17495,684;91
17496,684;91
17497,684;13205
17498,684;74
17499,684;75
17500,684;83
17501,684;95
17502,684;87
17503,684;13203
17504,684;90
17505,684;81
17506,684;87
17507,684;93
17508,684;84
17509,684;13182
17510,684;103
17511,684;72
17512,684;93
17513,684;99
17514,684;74
17515,684;13183
17516,684;80
17517,684;80
17518,684;101
17519,684;77
17520,684;75
17521,684;13181
17522,684;74
17523,684;78
17524,684;112
17525,684;92
17526,684;105
17527,684;13203
17528,684;71
17529,684;73
17530,684;82
17531,684;89
17532,684;86
17533,684;13210
17534,684;95
17535,684;89
17536,684;93
17537,684;93
17538,684;81
17539,684;13186
17540,684;97
17541,684;94
17542,684;105
17543,684;92
17544,684;76
17545,684;13135
17546,684;88
17547,684;77
17548,684;87
17549,684;90
17550,684;88
17551,684;13146
17552,684;84
17553,684;81
17554,684;80
17555,684;86
17556,684;103
17557,684;13162
17558,684;86
17559,684;84
17560,684;96
17561,684;77
17562,684;109
17563,684;13157
17564,684;89
17565,684;82
17566,684;91
17567,684;101
17568,684;89
17569,684;13201
17570,684;83
17571,684;78
17572,684;83
17573,684;113
17574,684;110
17575,684;13167
17576,515;75
17577,515;64
17578,515;91
17579,515;100
17580,515;90
17581,515;13179
17582,515;85
17583,515;79
17584,515;101
17585,515;75
17586,515;104
17587,515;13198
17588,515;70
17589,515;83
17590,515;95
17591,515;97
17592,515;87
17593,515;13161
17594,515;86
17595,515;75
17596,515;95
17597,515;86
17598,515;78
17599,515;13167
17600,515;84
17601,515;72
17602,515;79
17603,515;84
17604,515;87
17605,515;13218
17606,515;91
17607,515;91
17608,515;106
17609,515;81
17610,515;85
17611,515;13201
17612,515;79
17613,515;84
17614,515;96
17615,515;78
17616,515;82
17617,515;13179
17618,515;86
17619,515;96
17620,515;88
17621,515;77
17622,515;88
17623,515;13162
17624,515;89
17625,515;89
17626,515;81
17627,515;97
17628,515;91
17629,515;13176
17630,515;80
17631,515;71
17632,515;68
17633,515;86
17634,515;74
17635,515;13168
17636,515;74
17637,515;78
17638,515;73
17639,515;71
17640,515;88
17641,515;13195
17642,515;95
17643,515;50
17644,515;75
17645,515;80
17646,515;65
17647,515;13154
17648,515;81
17649,515;76
17650,515;88
17651,515;73
17652,515;69
17653,515;12831
17654,515;64
17655,515;79
17656,515;85
17657,515;66
17658,515;67
17659,515;13103
17660,515;82
17661,515;58
17662,515;80
17663,515;70
17664,515;72
17665,515;13178
17666,515;79
17667,515;83
17668,515;86
17669,515;92
17670,515;97
17671,515;13176
17672,515;87
17673,515;78
17674,515;104
17675,515;85
17676,515;82
17677,879;13169
17678,879;81
17679,879;79
17680,879;87
17681,879;115
17682,879;76
17683,879;13152
17684,879;85
17685,879;67
17686,879;64
17687,879;87
17688,879;80
17689,879;13169
17690,879;99
17691,879;74
17692,879;78
17693,879;87
17694,879;91
17695,879;13156
17696,879;80
17697,879;79
17698,879;87
17699,879;84
17700,879;86
17701,879;13166
17702,879;93
17703,879;73
17704,879;71
17705,879;97
17706,879;96
17707,879;13204
17708,879;107
17709,879;85
17710,879;95
17711,879;93
17712,879;101
17713,879;13197
17714,879;96
17715,879;99
17716,879;88
17717,879;92
17718,879;95
17719,879;13164
17720,879;91
17721,879;72
17722,879;75
17723,879;96
17724,879;108
17725,879;13188
17726,879;89
17727,879;94
17728,879;81
17729,879;84
17730,879;84
17731,879;13167
17732,879;94
17733,879;82
17734,879;72
17735,879;94
17736,879;78
17737,879;13144
17738,879;82
17739,879;75
17740,879;93
17741,879;79
17742,879;92
17743,879;13174
17744,879;92
17745,879;101
17746,879;94
17747,879;80
17748,879;89
17749,879;13184
17750,879;94
17751,879;90
17752,879;90
17753,879;99
17754,879;86
17755,879;13204
17756,879;96
17757,879;73
17758,879;95
17759,879;116
17760,879;91
17761,879;13166
17762,879;97
17763,879;78
17764,879;97
17765,879;86
17766,879;91
17767,879;13196
17768,879;87
17769,879;98
17770,879;76
17771,879;82
17772,879;111
17773,879;13170
17774,879;92
17775,879;77
17776,879;71
17777,879;88
17778,879;84
17779,879;13208
17780,879;105
17781,879;70
17782,879;88
17783,879;101
17784,879;85
17785,879;13184
17786,879;91
17787,879;88
17788,879;95
17789,879;91
17790,879;97
17791,879;13200
17792,879;93
17793,879;96
17794,879;98
17795,879;81
17796,879;90
17797,879;13214
17798,879;89
17799,879;95
17800,879;87
17801,879;87
17802,879;79
17803,879;13215
17804,879;87
17805,879;83
17806,879;90
17807,879;98
17808,879;92
17809,879;13158
17810,879;75
17811,879;76
17812,879;101
17813,879;91
17814,879;82
17815,879;13184
17816,879;88
17817,879;97
17818,879;101
17819,879;99
17820,879;95
17821,879;13214
17822,879;81
17823,879;71
17824,879;86
17825,879;108
17826,879;99
17827,879;13205
17828,879;98
17829,879;101
17830,879;86
17831,879;84
17832,879;110
17833,879;13171
17834,879;93
17835,879;78
17836,879;68
17837,879;101
17838,879;102
17839,879;13201
17840,879;83
17841,879;73
17842,879;81
17843,879;96
17844,879;71
17845,879;13186
17846,879;81
17847,879;77
17848,879;94
17849,879;83
17850,879;98
17851,879;13184
17852,879;109
17853,879;106
17854,879;77
17855,879;95
17856,879;89
17857,879;13209
17858,879;103
17859,879;91
17860,879;94
17861,879;75
17862,879;78
17863,879;13173
17864,879;93
17865,879;92
17866,879;85
17867,879;97
17868,879;76
17869,879;13188
17870,879;89
17871,879;92
17872,879;91
17873,879;95
17874,879;86
17875,879;13191
17876,879;101
17877,879;88
17878,879;102
17879,675;82
17880,675;91
17881,675;13173
17882,675;97
17883,675;80
17884,675;96
17885,675;112
17886,675;86
17887,675;13197
17888,675;78
17889,675;86
17890,675;100
17891,675;91
17892,675;99
17893,675;13233
17894,675;85
17895,675;97
17896,675;103
17897,675;113
17898,675;91
17899,675;13200
17900,675;86
17901,675;91
17902,675;99
17903,675;91
17904,675;94
17905,675;13161
17906,675;108
17907,675;82
17908,675;83
17909,675;104
17910,675;95
17911,675;13202
17912,675;97
17913,675;108
17914,675;89
17915,675;94
17916,675;103
17917,675;13211
17918,675;115
17919,675;91
17920,675;98
17921,675;84
17922,675;96
17923,675;13171
17924,675;97
17925,675;84
17926,675;92
17927,675;79
17928,675;109
17929,675;13225
17930,675;98
17931,675;77
17932,675;87
17933,675;91
17934,675;96
17935,675;13236
17936,675;87
17937,675;94
17938,675;93
17939,675;79
17940,675;112
17941,675;13176
17942,675;88
17943,675;92
17944,675;102
17945,675;90
17946,675;103
17947,675;13187
17948,675;89
17949,675;83
17950,675;78
17951,675;107
17952,675;120
17953,675;13211
17954,675;88
17955,675;84
17956,675;96
17957,675;95
17958,675;88
17959,675;13164
17960,675;86
17961,675;82
17962,675;94
17963,675;101
17964,675;99
17965,675;12851
17966,675;116
17967,675;102
17968,675;84
17969,675;96
17970,675;98
17971,675;13104
17972,675;84
17973,675;85
17974,675;108
17975,675;74
17976,675;100
17977,675;13203
17978,675;104
17979,675;93
17980,655;102
17981,655;99
17982,655;92
17983,655;13148
17984,655;81
17985,655;98
17986,655;79
17987,655;103
17988,655;109
17989,655;13186
17990,655;93
17991,655;80
17992,655;94
17993,655;107
17994,655;89
17995,655;13183
17996,655;95
17997,655;92
17998,655;105
17999,655;72
18000,655;86
18001,655;13200
18002,655;123
18003,655;81
18004,655;81
18005,655;100
18006,655;80
18007,655;13190
18008,655;88
18009,655;102
18010,655;94
18011,655;102
18012,655;96
18013,655;13170
18014,655;109
18015,655;109
18016,655;108
18017,655;74
18018,655;86
18019,655;13203
18020,655;99
18021,655;97
18022,655;78
18023,655;100
18024,655;101
18025,655;13200
18026,655;84
18027,655;96
18028,655;99
18029,655;92
18030,655;98
18031,655;13200
18032,655;94
18033,655;91
18034,655;106
18035,655;95
18036,655;93
18037,655;13182
18038,655;109
18039,655;94
18040,655;99
18041,655;99
18042,655;103
18043,655;13184
18044,655;77
18045,655;88
18046,655;97
18047,655;98
18048,655;98
18049,655;13193
18050,655;86
18051,655;81
18052,655;83
18053,655;98
18054,655;95
18055,655;13182
18056,655;73
18057,655;79
18058,655;91
18059,655;102
18060,655;93
18061,655;13195
18062,655;99
18063,655;88
18064,655;88
18065,655;86
18066,655;91
18067,655;13175
18068,655;85
18069,655;70
18070,655;100
18071,655;97
18072,655;91
18073,655;13164
18074,655;92
18075,655;104
18076,655;85
18077,655;98
18078,655;112
18079,655;13188
18080,655;97
18080,666;81
18081,666;86
18082,666;92
18083,666;89
18084,666;13147
18085,666;98
18086,666;81
18087,666;91
18088,666;95
18089,666;75
18090,666;13188
18091,666;89
18092,666;75
18093,666;72
18094,666;104
18095,666;88
18096,666;13147
18097,666;99
18098,666;100
18099,666;80
18100,666;91
18101,666;93
18102,666;13145
18103,666;90
18104,666;90
18105,666;72
18106,666;87
18107,666;91
18108,666;13196
18109,666;84
18110,666;87
18111,666;104
18112,666;79
18113,666;75
18114,666;13199
18115,666;83
18116,666;104
18117,666;87
18118,666;81
18119,666;88
18120,666;13180
18121,666;90
18122,666;85
18123,666;106
18124,666;94
18125,666;99
18126,666;13186
18127,666;84
18128,666;74
18129,666;97
18130,666;95
18131,666;89
18132,666;13166
18133,666;88
18134,666;110
18135,666;79
18136,666;77
18137,666;106
18138,666;13174
18139,666;100
18140,666;87
18141,666;106
18142,666;82
18143,666;99
18144,666;13186
18145,666;84
18146,666;80
18147,666;75
18148,666;71
18149,666;99
18150,666;13183
18151,666;82
18152,666;83
18153,666;99
18154,666;105
18155,666;90
18156,666;13156
18157,666;92
18158,666;83
18159,666;102
18160,666;90
18161,666;97
18162,666;13141
18163,666;79
18164,666;84
18165,666;82
18166,666;89
18167,666;89
18168,666;13159
18169,666;89
18170,666;84
18171,666;103
18172,666;96
18173,666;93
18174,666;13132
18175,666;102
18176,666;88
18177,666;94
18178,666;96
18179,666;90
18180,666;13171
18182,62;99
18183,62;73
18184,62;84
18185,62;79
18186,62;93
18187,62;13188
18188,62;100
18189,62;93
18190,62;84
18191,62;102
18192,62;98
18193,62;13177
18194,62;104
18195,62;91
18196,62;113
18197,62;81
18198,62;76
18199,62;13153
18200,62;98
18201,62;94
18202,62;76
18203,62;96
18204,62;104
18205,62;13175
18206,62;93
18207,62;91
18208,62;86
18209,62;82
18210,62;83
18211,62;13176
18212,62;92
18213,62;79
18214,62;95
18215,62;88
18216,62;100
18217,62;13169
18218,62;99
18219,62;80
18220,62;95
18221,62;99
18222,62;88
18223,62;13135
18224,62;88
18225,62;70
18226,62;86
18227,62;79
18228,62;98
18229,62;13198
18230,62;84
18231,62;64
18232,62;79
18233,62;81
18234,62;73
18235,62;13166
18236,62;78
18237,62;68
18238,62;91
18239,62;75
18240,62;101
18241,62;13156
18242,62;78
18243,62;86
18244,62;89
18245,62;79
18246,62;91
18247,62;13166
18248,62;87
18249,62;77
18250,62;95
18251,62;86
18252,62;94
18253,62;13194
18254,62;79
18255,62;70
18256,62;84
18257,62;85
18258,62;74
18259,62;13155
18260,62;72
18261,62;76
18262,62;72
18263,62;78
18264,62;89
18265,62;13164
18266,62;83
18267,62;79
18268,62;72
18269,62;84
18270,62;86
18271,62;13147
18272,62;89
18273,62;69
18274,62;80
18275,62;92
18276,62;80
18277,62;12854
18278,62;75
18279,62;72
18280,62;88
18281,62;93
18282,62;80
18283,62;13080
18284,62;74
18285,62;80
18286,62;68
18287,62;86
18288,62;81
18289,62;13180
18290,62;82
18291,62;73
18292,62;81
18293,62;78
18294,62;82
18295,62;13143
18296,62;107
18297,62;81
18298,62;77
18299,62;81
18300,62;87
18301,62;13163
18302,62;75
18303,62;72
18304,62;74
18305,62;74
18306,62;95
18307,62;13181
18308,62;87
18309,62;66
18310,62;84
18311,62;89
18312,62;93
18313,62;13193
18314,62;69
18315,62;62
18316,62;85
18317,62;87
18318,62;92
18319,62;13150
18320,62;80
18321,62;76
18322,62;91
18323,62;81
18324,62;94
18325,62;13154
18326,62;66
18327,62;94
18328,62;94
18329,62;81
18330,62;86
18331,62;13180
18332,62;76
18333,62;79
18334,62;90
18335,62;82
18336,62;91
18337,62;13153
18338,62;81
18339,62;84
18340,62;90
18341,62;87
18342,62;79
18343,62;13145
18344,62;82
18345,62;93
18346,62;94
18347,62;83
18348,62;68
18349,62;13156
18350,62;74
18351,62;91
18352,62;95
18353,62;98
18354,62;96
18355,62;13156
18356,62;77
18357,62;94
18358,62;83
18359,62;96
18360,62;92
18361,62;13169
18362,62;76
18363,62;104
18364,62;80
18365,62;86
18366,62;87
18367,62;13192
18368,62;89
18369,62;83
18370,62;94
18371,62;92
18372,62;93
18373,62;13187
18374,62;97
18375,62;90
18376,62;80
18377,62;91
18378,62;86
18379,62;13150
18380,62;99
18381,62;86
18382,62;88
18383,62;75
18384,436;92
18385,436;13148
18386,436;91
18387,436;84
18388,436;90
18389,436;56
18390,436;100
18391,436;13186
18392,436;95
18393,436;92
18394,436;89
18395,436;78
18396,436;84
18397,436;13187
18398,436;82
18399,436;86
18400,436;85
18401,436;92
18402,436;74
18403,436;13166
18404,436;85
18405,436;89
18406,436;87
18407,436;90
18408,436;95
18409,436;13122
18410,436;107
18411,436;76
18412,436;95
18413,436;103
18414,436;107
18415,436;13161
18416,436;102
18417,436;71
18418,436;88
18419,436;98
18420,436;94
18421,436;13166
18422,436;78
18423,436;83
18424,436;91
18425,436;86
18426,436;95
18427,436;13154
18428,436;97
18429,436;91
18430,436;82
18431,436;100
18432,436;91
18433,436;13163
18434,436;94
18435,436;89
18436,436;77
18437,436;85
18438,436;93
18439,436;13164
18440,436;71
18441,436;74
18442,436;97
18443,436;114
18444,436;88
18445,436;13150
18446,436;82
18447,436;78
18448,436;96
18449,436;85
18450,436;105
18451,436;13150
18452,436;80
18453,436;101
18454,436;91
18455,436;83
18456,436;91
18457,436;13166
18458,436;104
18459,436;96
18460,436;92
18461,436;101
18462,436;97
18463,436;13114
18464,436;95
18465,436;93
18466,436;87
18467,436;94
18468,436;95
18469,436;13178
18470,436;96
18471,436;91
18472,436;82
18473,436;92
18474,436;92
18475,436;13164
18476,436;85
18477,436;84
18478,436;93
18479,436;104
18480,436;72
18481,436;13188
18482,436;101
18483,436;80
18484,436;101
18485,976;104
18486,976;104
18487,976;13211
18488,976;102
18489,976;84
18490,976;120
18491,976;96
18492,976;94
18493,976;13172
18494,976;99
18495,976;71
18496,976;79
18497,976;86
18498,976;92
18499,976;13150
18500,976;102
18501,976;96
18502,976;88
18503,976;109
18504,976;75
18505,976;13180
18506,976;89
18507,976;78
18508,976;100
18509,976;96
18510,976;97
18511,976;13175
18512,976;92
18513,976;84
18514,976;94
18515,976;80
18516,976;107
18517,976;13194
18518,976;102
18519,976;78
18520,976;83
18521,976;107
18522,976;88
18523,976;13195
18524,976;109
18525,976;88
18526,976;88
18527,976;95
18528,976;104
18529,976;13179
18530,976;92
18531,976;110
18532,976;92
18533,976;95
18534,976;102
18535,976;13151
18536,976;86
18537,976;102
18538,976;90
18539,976;85
18540,976;105
18541,976;13190
18542,976;95
18543,976;99
18544,976;85
18545,976;84
18546,976;104
18547,976;13157
18548,976;87
18549,976;99
18550,976;83
18551,976;70
18552,976;86
18553,976;13204
18554,976;85
18555,976;107
18556,976;104
18557,976;112
18558,976;105
18559,976;13166
18560,976;99
18561,976;93
18562,976;89
18563,976;96
18564,976;96
18565,976;13157
18566,976;81
18567,976;89
18568,976;95
18569,976;103
18570,976;91
18571,976;13147
18572,976;85
18573,976;105
18574,976;84
18575,976;104
18576,976;99
18577,976;13186
18578,976;97
18579,976;77
18580,976;101
18581,976;89
18582,976;103
18583,976;13152
18584,976;81
18585,976;92
18587,305;97
18588,305;95
18589,305;97
18590,305;12868
18591,305;93
18592,305;93
18593,305;102
18594,305;84
18595,305;110
18596,305;13107
18597,305;97
18598,305;104
18599,305;97
18600,305;98
18601,305;100
18602,305;13193
18603,305;94
18604,305;89
18605,305;79
18606,305;103
18607,305;98
18608,305;13171
18609,305;87
18610,305;80
18611,305;92
18612,305;85
18613,305;115
18614,305;13186
18615,305;78
18616,305;80
18617,305;98
18618,305;87
18619,305;120
18620,305;13168
18621,305;88
18622,305;91
18623,305;86
18624,305;89
18625,305;102
18626,305;13148
18627,305;101
18628,305;114
18629,305;88
18630,305;110
18631,305;90
18632,305;13159
18633,305;86
18634,305;98
18635,305;90
18636,305;86
18637,305;78
18638,305;13162
18639,305;76
18640,305;91
18641,305;87
18642,305;92
18643,305;92
18644,305;13158
18645,305;108
18646,305;89
18647,305;105
18648,305;106
18649,305;100
18650,305;13181
18651,305;78
18652,305;85
18653,305;91
18654,305;102
18655,305;88
18656,305;13160
18657,305;86
18658,305;87
18659,305;98
18660,305;94
18661,305;99
18662,305;13148
18663,305;99
18664,305;98
18665,305;95
18666,305;77
18667,305;82
18668,305;13174
18669,305;89
18670,305;85
18671,305;87
18672,305;84
18673,305;99
18674,305;13144
18675,305;92
18676,305;91
18677,305;89
18678,305;94
18679,305;99
18680,305;13149
18681,305;94
18682,305;95
18683,305;96
18684,305;90
18685,305;92
18686,305;13149
18687,305;74
18686,944;85
18687,944;91
18688,944;91
18689,944;98
18690,944;13159
18691,944;95
18692,944;88
18693,944;77
18694,944;85
18695,944;95
18696,944;13156
18697,944;94
18698,944;88
18699,944;94
18700,944;103
18701,944;99
18702,944;13137
18703,944;93
18704,944;82
18705,944;85
18706,944;84
18707,944;88
18708,944;13172
18709,944;105
18710,944;82
18711,944;99
18712,944;85
18713,944;85
18714,944;13125
18715,944;89
18716,944;94
18717,944;108
18718,944;87
18719,944;103
18720,944;13157
18721,944;87
18722,944;95
18723,944;85
18724,944;98
18725,944;97
18726,944;13166
18727,944;94
18728,944;87
18729,944;88
18730,944;85
18731,944;88
18732,944;13165
18733,944;85
18734,944;89
18735,944;101
18736,944;96
18737,944;79
18738,944;13146
18739,944;93
18740,944;92
18741,944;64
18742,944;103
18743,944;99
18744,944;13144
18745,944;89
18746,944;84
18747,944;92
18748,944;87
18749,944;81
18750,944;13166
18751,944;100
18752,944;82
18753,944;95
18754,944;93
18755,944;100
18756,944;13155
18757,944;92
18758,944;63
18759,944;87
18760,944;94
18761,944;87
18762,944;13132
18763,944;105
18764,944;101
18765,944;96
18766,944;88
18767,944;93
18768,944;13182
18769,944;95
18770,944;92
18771,944;92
18772,944;86
18773,944;76
18774,944;13173
18775,944;93
18776,944;88
18777,944;87
18778,944;69
18779,944;92
18780,944;13161
18781,944;90
18782,944;93
18783,944;105
18784,944;96
18785,944;104
18786,944;13180
18787,944;94
18788,944;72
18789,944;84
18790,944;98
18791,944;112
18792,944;13147
18793,944;105
18794,944;88
18795,944;103
18796,944;90
18797,944;96
18798,944;13156
18799,944;78
18800,944;90
18801,944;74
18802,944;98
18803,944;90
18804,944;13168
18805,944;84
18806,944;70
18807,944;94
18808,944;82
18809,944;104
18810,944;13172
18811,944;96
18812,944;79
18813,944;82
18814,944;100
18815,944;94
18816,944;13109
18817,944;90
18818,944;89
18819,944;86
18820,944;91
18821,944;74
18822,944;13124
18823,944;91
18824,944;70
18825,944;93
18826,944;100
18827,944;96
18828,944;13139
18829,944;99
18830,944;73
18831,944;104
18832,944;85
18833,944;80
18834,944;13180
18835,944;101
18836,944;71
18837,944;79
18838,944;93
18839,944;95
18840,944;13157
18841,944;92
18842,944;92
18843,944;86
18844,944;105
18845,944;80
18846,944;13143
18847,944;118
18848,944;65
18849,944;91
18850,944;85
18851,944;103
18852,944;13148
18853,944;81
18854,944;71
18855,944;92
18856,944;72
18857,944;72
18858,944;13161
18859,944;89
18860,944;80
18861,944;87
18862,944;71
18863,944;96
18864,944;13151
18865,944;86
18866,944;67
18867,944;83
18868,944;85
18869,944;74
18870,944;13142
18871,944;92
18872,944;73
18873,944;66
18874,944;85
18875,944;91
18876,944;13156
18877,944;78
18878,944;83
18879,944;81
18880,944;90
18881,944;84
18882,944;13139
18883,944;89
18884,944;90
18885,944;79
18886,944;94
18887,944;82
18888,748;13159
18889,748;93
18890,748;63
18891,748;73
18892,748;68
18893,748;76
18894,748;13147
