2748,364;90
2749,364;7918
2750,364;83
2751,364;73
2752,364;80
2753,364;79
2754,364;91
2755,364;12441
2756,364;98
2757,364;81
2758,364;84
2759,364;99
2760,364;88
2761,364;13282
2762,364;86
2763,364;75
2764,364;87
2765,364;74
2766,364;94
2767,364;13453
2768,364;88
2769,364;81
2770,364;92
2771,364;99
2772,364;78
2773,364;13448
2774,364;76
2775,364;88
2776,364;103
2777,364;80
2778,364;71
2779,364;13429
2780,364;93
2781,364;86
2782,364;73
2783,364;111
2784,364;99
2785,364;13428
2786,364;85
2787,364;81
2788,364;102
2789,364;97
2790,364;99
2791,364;13396
2792,364;93
2793,364;86
2794,364;78
2795,364;98
2796,364;83
2797,364;13386
2798,364;97
2799,364;97
2800,364;92
2801,364;85
2802,364;70
2803,364;13424
2804,364;89
2805,364;86
2806,364;79
2807,364;78
2808,364;87
2809,364;13408
2810,364;74
2811,364;92
2812,364;82
2813,364;82
2814,364;85
2815,364;13396
2816,364;71
2817,364;95
2818,364;93
2819,364;91
2820,364;100
2821,364;13382
2822,364;77
2823,364;105
2824,364;104
2825,364;94
2826,364;104
2827,364;13373
2828,364;70
2829,364;77
2829,682;96
2830,682;81
2831,682;97
2832,682;13348
2833,682;91
2834,682;90
2835,682;85
2836,682;96
2837,682;120
2838,682;13355
2839,682;78
2840,682;86
2841,682;104
2842,682;87
2843,682;96
2844,682;13365
2845,682;69
2846,682;97
2847,682;98
2848,682;102
2849,682;84
2850,682;13363
2851,682;86
2852,682;96
2853,682;90
2854,682;79
2855,682;113
2856,682;13348
2857,682;84
2858,682;101
2859,682;81
2860,682;88
2861,682;102
2862,682;13351
2863,682;84
2864,682;103
2865,682;92
2866,682;91
2867,682;78
2868,682;13299
2869,682;89
2870,682;75
2871,682;89
2872,682;104
2873,682;93
2874,682;13333
2875,682;90
2876,682;82
2877,682;106
2878,682;89
2879,682;105
2880,682;13337
2881,682;98
2882,682;84
2883,682;98
2884,682;108
2885,682;103
2886,682;13330
2887,682;85
2888,682;102
2889,682;98
2890,682;88
2891,682;93
2892,682;13329
2893,682;78
2894,682;94
2895,682;92
2896,682;115
2897,682;94
2898,682;13313
2899,682;88
2900,682;84
2901,682;98
2902,682;111
2903,682;105
2904,682;13318
2905,682;84
2906,682;88
2907,682;91
2908,682;88
2909,682;111
2910,682;13317
2911,682;85
2912,682;95
2913,682;98
2914,682;93
2915,682;109
2916,682;13291
2917,682;91
2918,682;96
2919,682;80
2920,682;103
2921,682;98
2922,682;13289
2923,682;79
2924,682;72
2925,682;104
2926,682;100
2927,682;106
2928,682;13297
2929,682;87
2930,682;89
2931,682;95
2932,682;80
2933,682;106
2934,682;13291
2935,682;87
2936,682;83
2937,682;101
2938,682;80
2939,682;86
2940,682;13253
2941,682;81
2942,682;86
2943,682;84
2944,682;99
2945,682;78
2946,682;13301
2947,682;84
2948,682;87
2949,682;84
2950,682;103
2951,682;101
2952,682;13295
2953,682;76
2954,682;85
2955,682;91
2956,682;88
2957,682;75
2958,682;13269
2959,682;86
2960,682;78
2961,682;73
2962,682;83
2963,682;83
2964,682;13285
2965,682;76
2966,682;84
2967,682;102
2968,682;91
2969,682;89
2970,682;13240
2971,682;83
2972,682;78
2973,682;98
2974,682;98
2975,682;100
2976,682;13302
2977,682;72
2978,682;93
2979,682;84
2980,682;91
2981,682;95
2982,682;13297
2983,682;74
2984,682;79
2985,682;78
2986,682;72
2987,682;105
2988,682;13280
2989,682;77
2990,682;66
2991,682;78
2992,682;84
2993,682;94
2994,682;13273
2995,682;76
2996,682;100
2997,682;79
2998,682;76
2999,682;73
3000,682;13308
3001,682;65
3002,682;82
3003,682;97
3004,682;79
3005,682;85
3006,682;13311
3007,682;70
3008,682;74
3009,682;71
3010,682;60
3011,682;75
3012,682;13258
3013,682;64
3014,682;64
3015,682;68
3016,682;53
3017,682;83
3018,682;13279
3019,682;73
3020,682;65
3021,682;86
3022,682;73
3023,682;76
3024,682;13224
3025,682;81
3026,682;72
3027,682;74
3028,682;76
3029,682;84
3030,682;13248
3031,797;56
3032,797;68
3033,797;81
3034,797;70
3035,797;84
3036,797;13260
3037,797;64
3038,797;75
3039,797;68
3040,797;70
3041,797;76
3042,797;13285
3043,797;71
3044,797;78
3045,797;79
3046,797;66
3047,797;83
3048,797;13265
3049,797;69
3050,797;79
3051,797;76
3052,797;55
3053,797;58
3054,797;13248
3055,797;46
3056,797;79
3057,797;65
3058,797;58
3059,797;64
3060,797;12935
3061,797;57
3062,797;59
3063,797;60
3064,797;72
3065,797;69
3066,797;13170
3067,797;60
3068,797;59
3069,797;65
3070,797;83
3071,797;70
3072,797;13270
3073,797;72
3074,797;69
3075,797;58
3076,797;63
3077,797;72
3078,797;13248
3079,797;66
3080,797;83
3081,797;82
3082,797;75
3083,797;80
3084,797;13286
3085,797;70
3086,797;71
3087,797;76
3088,797;68
3089,797;56
3090,797;13230
3091,797;64
3092,797;74
3093,797;73
3094,797;80
3095,797;78
3096,797;13271
3097,797;65
3098,797;78
3099,797;74
3100,797;74
3101,797;72
3102,797;13279
3103,797;78
3104,797;88
3105,797;67
3106,797;74
3107,797;85
3108,797;13250
3109,797;87
3110,797;75
3111,797;76
3112,797;73
3113,797;60
3114,797;13252
3115,797;75
3116,797;81
3117,797;94
3118,797;93
3119,797;77
3120,797;13280
3121,797;69
3122,797;83
3123,797;89
3124,797;64
3125,797;83
3126,797;13247
3127,797;66
3128,797;79
3129,797;73
3130,797;81
3131,797;86
3133,043;13243
3134,043;59
3135,043;103
3136,043;81
3137,043;71
3138,043;79
3139,043;13266
3140,043;83
3141,043;63
3142,043;88
3143,043;99
3144,043;101
3145,043;13285
3146,043;77
3147,043;81
3148,043;79
3149,043;95
3150,043;106
3151,043;13254
3152,043;85
3153,043;72
3154,043;74
3155,043;83
3156,043;95
3157,043;13224
3158,043;61
3159,043;88
3160,043;103
3161,043;89
3162,043;92
3163,043;13231
3164,043;85
3165,043;99
3166,043;94
3167,043;98
3168,043;120
3169,043;13250
3170,043;68
3171,043;85
3172,043;90
3173,043;97
3174,043;105
3175,043;13256
3176,043;74
3177,043;83
3178,043;83
3179,043;106
3180,043;96
3181,043;13238
3182,043;79
3183,043;103
3184,043;77
3185,043;79
3186,043;87
3187,043;13288
3188,043;81
3189,043;90
3190,043;103
3191,043;90
3192,043;101
3193,043;13271
3194,043;84
3195,043;85
3196,043;89
3197,043;100
3198,043;106
3199,043;13252
3200,043;79
3201,043;102
3202,043;101
3203,043;81
3204,043;87
3205,043;13252
3206,043;64
3207,043;93
3208,043;109
3209,043;93
3210,043;105
3211,043;13252
3212,043;89
3213,043;83
3214,043;94
3215,043;88
3216,043;89
3217,043;13246
3218,043;93
3219,043;79
3220,043;102
3221,043;108
3222,043;101
3223,043;13257
3224,043;89
3225,043;84
3226,043;93
3227,043;81
3228,043;105
3229,043;13232
3230,043;88
3231,043;90
3232,043;95
3233,043;98
3234,02;118
3235,02;13210
3236,02;88
3237,02;92
3238,02;76
3239,02;96
3240,02;88
3241,02;13267
3242,02;77
3243,02;89
3244,02;90
3245,02;92
3246,02;102
3247,02;13210
3248,02;74
3249,02;91
3250,02;95
3251,02;98
3252,02;87
3253,02;13245
3254,02;89
3255,02;87
3256,02;78
3257,02;100
3258,02;85
3259,02;13234
3260,02;75
3261,02;93
3262,02;109
3263,02;101
3264,02;103
3265,02;13236
3266,02;83
3267,02;89
3268,02;97
3269,02;86
3270,02;90
3271,02;13241
3272,02;84
3273,02;104
3274,02;89
3275,02;96
3276,02;97
3277,02;13241
3278,02;85
3279,02;98
3280,02;90
3281,02;97
3282,02;85
3283,02;13218
3284,02;86
3285,02;75
3286,02;96
3287,02;87
3288,02;100
3289,02;13253
3290,02;94
3291,02;99
3292,02;88
3293,02;81
3294,02;103
3295,02;13217
3296,02;86
3297,02;74
3298,02;83
3299,02;88
3300,02;85
3301,02;13227
3302,02;80
3303,02;78
3304,02;97
3305,02;108
3306,02;92
3307,02;13239
3308,02;69
3309,02;68
3310,02;101
3311,02;94
3312,02;89
3313,02;13228
3314,02;90
3315,02;78
3316,02;80
3317,02;94
3318,02;72
3319,02;13221
3320,02;72
3321,02;88
3322,02;73
3323,02;89
3324,02;87
3325,02;13236
3326,02;68
3327,02;86
3328,02;84
3329,02;82
3330,02;90
3331,02;13215
3332,02;76
3333,02;88
3334,02;74
3335,1;98
3336,1;101
3337,1;13236
3338,1;85
3339,1;84
3340,1;85
3341,1;84
3342,1;106
3343,1;13260
3344,1;86
3345,1;65
3346,1;100
3347,1;79
3348,1;73
3349,1;13198
3350,1;71
3351,1;83
3352,1;86
3353,1;77
3354,1;93
3355,1;13212
3356,1;62
3357,1;87
3358,1;94
3359,1;90
3360,1;95
3361,1;13219
3362,1;75
3363,1;94
3364,1;89
3365,1;82
3366,1;83
3367,1;13224
3368,1;72
3369,1;66
3370,1;82
3371,1;88
3372,1;66
3373,1;12883
3374,1;92
3375,1;78
3376,1;75
3377,1;87
3378,1;100
3379,1;13153
3380,1;84
3381,1;95
3382,1;81
3383,1;80
3384,1;77
3385,1;13214
3386,1;84
3387,1;75
3388,1;66
3389,1;86
3390,1;77
3391,1;13221
3392,1;77
3393,1;79
3394,1;78
3395,1;93
3396,1;82
3397,1;13204
3398,1;84
3399,1;80
3400,1;77
3401,1;75
3402,1;85
3403,1;13235
3404,1;67
3405,1;84
3406,1;95
3407,1;84
3408,1;86
3409,1;13208
3410,1;64
3411,1;83
3412,1;79
3413,1;76
3414,1;79
3415,1;13235
3416,1;69
3417,1;76
3418,1;84
3419,1;86
3420,1;83
3421,1;13169
3422,1;73
3423,1;81
3424,1;97
3425,1;108
3426,1;90
3427,1;13222
3428,1;70
3429,1;82
3430,1;80
3431,1;76
3432,1;91
3433,1;13230
3434,1;80
3435,1;101
3436,1;71
3437,1;87
3438,1;93
3439,1;13221
3440,1;81
3441,1;75
3442,1;111
3443,1;98
3444,1;101
3445,1;13196
3446,1;90
3447,1;83
3448,1;96
3449,1;89
3450,1;95
3451,1;13216
3452,1;82
3453,1;85
3454,1;82
3455,1;83
3456,1;107
3457,1;13202
3458,1;90
3459,1;104
3460,1;108
3461,1;108
3462,1;85
3463,1;13229
3464,1;66
3465,1;86
3466,1;85
3467,1;108
3468,1;82
3469,1;13211
3470,1;67
3471,1;84
3472,1;90
3473,1;82
3474,1;95
3475,1;13218
3476,1;88
3477,1;98
3478,1;79
3479,1;82
3480,1;90
3481,1;13172
3482,1;85
3483,1;89
3484,1;90
3485,1;85
3486,1;94
3487,1;13215
3488,1;75
3489,1;100
3490,1;90
3491,1;112
3492,1;102
3493,1;13234
3494,1;79
3495,1;75
3496,1;79
3497,1;89
3498,1;95
3499,1;13225
3500,1;92
3501,1;87
3502,1;82
3503,1;95
3504,1;95
3505,1;13195
3506,1;77
3507,1;90
3508,1;91
3509,1;101
3510,1;76
3511,1;13215
3512,1;90
3513,1;96
3514,1;69
3515,1;85
3516,1;86
3517,1;13225
3518,1;94
3519,1;86
3520,1;85
3521,1;85
3522,1;97
3523,1;13219
3524,1;72
3525,1;88
3526,1;97
3527,1;114
3528,1;115
3529,1;13233
3530,1;75
3531,1;85
3532,1;78
3533,1;103
3534,1;101
3535,1;13221
3536,1;91
3537,211;77
3538,211;82
3539,211;93
3540,211;104
3541,211;13219
3542,211;99
3543,211;106
3544,211;95
3545,211;88
3546,211;92
3547,211;13213
3548,211;90
3549,211;77
3550,211;79
3551,211;97
3552,211;103
3553,211;13218
3554,211;87
3555,211;78
3556,211;93
3557,211;92
3558,211;126
3559,211;13215
3560,211;86
3561,211;80
3562,211;100
3563,211;89
3564,211;107
3565,211;13204
3566,211;75
3567,211;99
3568,211;90
3569,211;92
3570,211;94
3571,211;13193
3572,211;82
3573,211;93
3574,211;100
3575,211;89
3576,211;87
3577,211;13199
3578,211;96
3579,211;95
3580,211;89
3581,211;92
3582,211;102
3583,211;13228
3584,211;97
3585,211;74
3586,211;101
3587,211;94
3588,211;98
3589,211;13184
3590,211;78
3591,211;96
3592,211;98
3593,211;102
3594,211;99
3595,211;13203
3596,211;73
3597,211;92
3598,211;70
3599,211;97
3600,211;85
3601,211;13242
3602,211;83
3603,211;92
3604,211;94
3605,211;102
3606,211;82
3607,211;13203
3608,211;81
3609,211;100
3610,211;93
3611,211;114
3612,211;81
3613,211;13200
3614,211;81
3615,211;71
3616,211;75
3617,211;85
3618,211;87
3619,211;13239
3620,211;84
3621,211;90
3622,211;84
3623,211;62
3624,211;84
3625,211;13226
3626,211;69
3627,211;66
3628,211;84
3629,211;72
3630,211;71
3631,211;13193
3632,211;66
3633,211;74
3634,211;82
3635,211;84
3636,211;83
3637,211;13219
3637,951;71
3638,951;61
3639,951;65
3640,951;79
3641,951;86
3642,951;13198
3643,951;89
3644,951;67
3645,951;72
3646,951;78
3647,951;92
3648,951;13179
3649,951;71
3650,951;95
3651,951;90
3652,951;73
3653,951;75
3654,951;13216
3655,951;70
3656,951;63
3657,951;61
3658,951;63
3659,951;76
3660,951;13213
3661,951;68
3662,951;75
3663,951;70
3664,951;74
3665,951;67
3666,951;13225
3667,951;61
3668,951;73
3669,951;78
3670,951;87
3671,951;84
3672,951;13202
3673,951;61
3674,951;57
3675,951;70
3676,951;84
3677,951;62
3678,951;13202
3679,951;69
3680,951;68
3681,951;58
3682,951;77
3683,951;82
3684,951;12876
3685,951;65
3686,951;55
3687,951;72
3688,951;73
3689,951;65
3690,951;13119
3691,951;59
3692,951;75
3693,951;68
3694,951;64
3695,951;68
3696,951;13194
3697,951;57
3698,951;66
3699,951;67
3700,951;90
3701,951;80
3702,951;13202
3703,951;78
3704,951;68
3705,951;78
3706,951;72
3707,951;71
3708,951;13188
3709,951;67
3710,951;80
3711,951;63
3712,951;78
3713,951;84
3714,951;13212
3715,951;64
3716,951;82
3717,951;73
3718,951;74
3719,951;72
3720,951;13214
3721,951;53
3722,951;75
3723,951;79
3724,951;89
3725,951;76
3726,951;13223
3727,951;70
3728,951;69
3729,951;79
3730,951;79
3731,951;88
3732,951;13257
3733,951;69
3734,951;78
3735,951;92
3736,951;95
3737,951;96
3740,192;13215
3741,192;85
3742,192;100
3743,192;77
3744,192;73
3745,192;78
3746,192;13258
3747,192;78
3748,192;79
3749,192;77
3750,192;82
3751,192;75
3752,192;13231
3753,192;67
3754,192;78
3755,192;89
3756,192;85
3757,192;81
3758,192;13198
3759,192;66
3760,192;89
3761,192;99
3762,192;96
3763,192;86
3764,192;13205
3765,192;80
3766,192;81
3767,192;76
3768,192;104
3769,192;77
3770,192;13219
3771,192;77
3772,192;87
3773,192;85
3774,192;78
3775,192;92
3776,192;13178
3777,192;79
3778,192;73
3779,192;97
3780,192;95
3781,192;90
3782,192;13206
3783,192;88
3784,192;89
3785,192;94
3786,192;72
3787,192;93
3788,192;13200
3789,192;79
3790,192;79
3791,192;98
3792,192;101
3793,192;106
3794,192;13214
3795,192;85
3796,192;92
3797,192;95
3798,192;83
3799,192;84
3800,192;13178
3801,192;81
3802,192;86
3803,192;96
3804,192;96
3805,192;88
3806,192;13224
3807,192;79
3808,192;79
3809,192;97
3810,192;103
3811,192;109
3812,192;13217
3813,192;84
3814,192;78
3815,192;87
3816,192;100
3817,192;106
3818,192;13190
3819,192;84
3820,192;102
3821,192;84
3822,192;88
3823,192;106
3824,192;13217
3825,192;86
3826,192;83
3827,192;86
3828,192;100
3829,192;90
3830,192;13186
3831,192;91
3832,192;107
3833,192;88
3834,192;78
3835,192;96
3836,192;13202
3837,192;73
3838,192;97
3839,192;95
3840,192;108
3840,095;85
3841,095;13208
3842,095;91
3843,095;76
3844,095;88
3845,095;80
3846,095;96
3847,095;13186
3848,095;86
3849,095;83
3850,095;104
3851,095;89
3852,095;82
3853,095;13207
3854,095;81
3855,095;80
3856,095;91
3857,095;83
3858,095;83
3859,095;13216
3860,095;86
3861,095;91
3862,095;91
3863,095;101
3864,095;110
3865,095;13198
3866,095;74
3867,095;77
3868,095;100
3869,095;114
3870,095;82
3871,095;13214
3872,095;69
3873,095;95
3874,095;92
3875,095;97
3876,095;96
3877,095;13196
3878,095;102
3879,095;88
3880,095;95
3881,095;90
3882,095;92
3883,095;13263
3884,095;80
3885,095;76
3886,095;93
3887,095;103
3888,095;81
3889,095;13210
3890,095;82
3891,095;91
3892,095;101
3893,095;92
3894,095;85
3895,095;13165
3896,095;71
3897,095;84
3898,095;91
3899,095;102
3900,095;99
3901,095;13188
3902,095;96
3903,095;92
3904,095;106
3905,095;94
3906,095;83
3907,095;13172
3908,095;98
3909,095;86
3910,095;88
3911,095;96
3912,095;87
3913,095;13212
3914,095;76
3915,095;96
3916,095;79
3917,095;103
3918,095;101
3919,095;13178
3920,095;91
3921,095;92
3922,095;109
3923,095;89
3924,095;104
3925,095;13215
3926,095;95
3927,095;101
3928,095;69
3929,095;90
3930,095;80
3931,095;13237
3932,095;87
3933,095;86
3934,095;76
3935,095;81
3936,095;99
3937,095;13213
3938,095;59
3939,095;83
3940,095;75
3941,095;96
3942,095;75
3943,095;13230
3944,095;85
3945,095;83
3946,095;86
3947,095;87
3948,095;88
3949,095;13196
3950,095;75
3951,095;69
3952,095;71
3953,095;95
3954,095;79
3955,095;13216
3956,095;67
3957,095;87
3958,095;68
3959,095;96
3960,095;89
3961,095;13169
3962,095;72
3963,095;83
3964,095;72
3965,095;80
3966,095;82
3967,095;13196
3968,095;67
3969,095;91
3970,095;83
3971,095;69
3972,095;98
3973,095;13178
3974,095;63
3975,095;87
3976,095;83
3977,095;99
3978,095;79
3979,095;13193
3980,095;85
3981,095;87
3982,095;86
3983,095;85
3984,095;96
3985,095;13230
3986,095;60
3987,095;76
3988,095;79
3989,095;94
3990,095;73
3991,095;13177
3992,095;82
3993,095;88
3994,095;94
3995,095;82
3996,095;82
3997,095;12857
3998,095;62
3999,095;78
4000,095;65
4001,095;71
4002,095;82
4003,095;13145
4004,095;71
4005,095;77
4006,095;76
4007,095;87
4008,095;97
4009,095;13222
4010,095;82
4011,095;93
4012,095;76
4013,095;87
4014,095;93
4015,095;13181
4016,095;86
4017,095;73
4018,095;92
4019,095;75
4020,095;91
4021,095;13193
4022,095;90
4023,095;99
4024,095;78
4025,095;85
4026,095;83
4027,095;13158
4028,095;92
4029,095;84
4030,095;98
4031,095;93
4032,095;89
4033,095;13207
4034,095;81
4035,095;82
4036,095;89
4037,095;78
4038,095;79
4039,095;13215
4040,095;73
4041,095;80
4041,993;82
4042,993;98
4043,993;85
4044,993;13211
4045,993;89
4046,993;93
4047,993;96
4048,993;89
4049,993;91
4050,993;13179
4051,993;80
4052,993;91
4053,993;82
4054,993;123
4055,993;92
4056,993;13215
4057,993;85
4058,993;88
4059,993;88
4060,993;95
4061,993;86
4062,993;13190
4063,993;92
4064,993;95
4065,993;97
4066,993;87
4067,993;79
4068,993;13143
4069,993;82
4070,993;74
4071,993;92
4072,993;94
4073,993;105
4074,993;13147
4075,993;80
4076,993;82
4077,993;95
4078,993;95
4079,993;80
4080,993;13201
4081,993;94
4082,993;88
4083,993;100
4084,993;78
4085,993;99
4086,993;13208
4087,993;72
4088,993;90
4089,993;76
4090,993;86
4091,993;94
4092,993;13231
4093,993;85
4094,993;87
4095,993;101
4096,993;96
4097,993;111
4098,993;13234
4099,993;81
4100,993;91
4101,993;102
4102,993;98
4103,993;89
4104,993;13191
4105,993;91
4106,993;106
4107,993;80
4108,993;92
4109,993;82
4110,993;13178
4111,993;83
4112,993;94
4113,993;97
4114,993;100
4115,993;85
4116,993;13196
4117,993;85
4118,993;109
4119,993;94
4120,993;72
4121,993;109
4122,993;13209
4123,993;88
4124,993;92
4125,993;93
4126,993;106
4127,993;98
4128,993;13185
4129,993;73
4130,993;97
4131,993;106
4132,993;86
4133,993;89
4134,993;13202
4135,993;62
4136,993;78
4137,993;87
4138,993;92
4139,993;118
4140,993;13179
4141,993;81
4142,628;92
4143,628;101
4144,628;104
4145,628;98
4146,628;13174
4147,628;82
4148,628;102
4149,628;93
4150,628;98
4151,628;95
4152,628;13223
4153,628;84
4154,628;99
4155,628;96
4156,628;76
4157,628;95
4158,628;13203
4159,628;81
4160,628;104
4161,628;99
4162,628;91
4163,628;94
4164,628;13250
4165,628;85
4166,628;88
4167,628;93
4168,628;100
4169,628;99
4170,628;13175
4171,628;80
4172,628;86
4173,628;90
4174,628;98
4175,628;98
4176,628;13179
4177,628;82
4178,628;105
4179,628;87
4180,628;91
4181,628;114
4182,628;13204
4183,628;97
4184,628;80
4185,628;92
4186,628;100
4187,628;100
4188,628;13166
4189,628;85
4190,628;90
4191,628;90
4192,628;96
4193,628;104
4194,628;13169
4195,628;85
4196,628;82
4197,628;89
4198,628;81
4199,628;101
4200,628;13208
4201,628;97
4202,628;94
4203,628;91
4204,628;78
4205,628;110
4206,628;13175
4207,628;71
4208,628;81
4209,628;94
4210,628;87
4211,628;89
4212,628;13195
4213,628;89
4214,628;86
4215,628;100
4216,628;77
4217,628;99
4218,628;13193
4219,628;91
4220,628;85
4221,628;87
4222,628;99
4223,628;85
4224,628;13176
4225,628;77
4226,628;79
4227,628;67
4228,628;79
4229,628;101
4230,628;13185
4231,628;76
4232,628;67
4233,628;79
4234,628;84
4235,628;84
4236,628;13189
4237,628;90
4238,628;84
4239,628;77
4240,628;93
4241,628;88
4242,628;13181
4244,211;75
4245,211;74
4246,211;86
4247,211;84
4248,211;82
4249,211;13203
4250,211;65
4251,211;93
4252,211;69
4253,211;102
4254,211;85
4255,211;13201
4256,211;73
4257,211;66
4258,211;83
4259,211;74
4260,211;83
4261,211;13227
4262,211;85
4263,211;81
4264,211;84
4265,211;74
4266,211;83
4267,211;13150
4268,211;86
4269,211;74
4270,211;81
4271,211;82
4272,211;67
4273,211;13166
4274,211;82
4275,211;67
4276,211;76
4277,211;65
4278,211;70
4279,211;13189
4280,211;58
4281,211;87
4282,211;69
4283,211;73
4284,211;70
4285,211;13234
4286,211;64
4287,211;76
4288,211;71
4289,211;62
4290,211;73
4291,211;13212
4292,211;68
4293,211;75
4294,211;68
4295,211;58
4296,211;77
4297,211;13189
4298,211;60
4299,211;74
4300,211;60
4301,211;73
4302,211;71
4303,211;13207
4304,211;79
4305,211;69
4306,211;74
4307,211;77
4308,211;73
4309,211;12851
4310,211;66
4311,211;80
4312,211;71
4313,211;90
4314,211;80
4315,211;13088
4316,211;64
4317,211;64
4318,211;71
4319,211;66
4320,211;76
4321,211;13191
4322,211;90
4323,211;59
4324,211;68
4325,211;78
4326,211;81
4327,211;13194
4328,211;63
4329,211;77
4330,211;52
4331,211;67
4332,211;58
4333,211;13202
4334,211;66
4335,211;75
4336,211;67
4337,211;76
4338,211;81
4339,211;13208
4340,211;63
4341,211;79
4342,211;83
4343,211;92
4344,211;78
4345,086;13211
4346,086;63
4347,086;77
4348,086;68
4349,086;79
4350,086;66
4351,086;13167
4352,086;79
4353,086;98
4354,086;69
4355,086;76
4356,086;101
4357,086;13211
4358,086;67
4359,086;85
4360,086;84
4361,086;80
4362,086;89
4363,086;13242
4364,086;88
4365,086;81
4366,086;82
4367,086;89
4368,086;79
4369,086;13239
4370,086;83
4371,086;84
4372,086;77
4373,086;79
4374,086;75
4375,086;13189
4376,086;75
4377,086;86
4378,086;81
4379,086;100
4380,086;98
4381,086;13203
4382,086;64
4383,086;84
4384,086;95
4385,086;71
4386,086;87
4387,086;13222
4388,086;64
4389,086;93
4390,086;88
4391,086;96
4392,086;108
4393,086;13188
4394,086;85
4395,086;76
4396,086;95
4397,086;89
4398,086;110
4399,086;13213
4400,086;87
4401,086;88
4402,086;76
4403,086;72
4404,086;86
4405,086;13161
4406,086;94
4407,086;86
4408,086;99
4409,086;94
4410,086;112
4411,086;13218
4412,086;87
4413,086;103
4414,086;86
4415,086;98
4416,086;102
4417,086;13217
4418,086;73
4419,086;78
4420,086;115
4421,086;97
4422,086;81
4423,086;13238
4424,086;83
4425,086;89
4426,086;105
4427,086;90
4428,086;93
4429,086;13195
4430,086;79
4431,086;101
4432,086;72
4433,086;113
4434,086;101
4435,086;13187
4436,086;80
4437,086;96
4438,086;95
4439,086;88
4440,086;91
4441,086;13180
4442,086;85
4443,086;89
4444,086;89
4445,086;79
4445,381;119
4446,381;13173
4447,381;103
4448,381;84
4449,381;95
4450,381;84
4451,381;78
4452,381;13219
4453,381;69
4454,381;87
4455,381;101
4456,381;94
4457,381;92
4458,381;13221
4459,381;100
4460,381;90
4461,381;89
4462,381;93
4463,381;88
4464,381;13170
4465,381;76
4466,381;94
4467,381;88
4468,381;100
4469,381;96
4470,381;13178
4471,381;87
4472,381;90
4473,381;97
4474,381;100
4475,381;106
4476,381;13191
4477,381;78
4478,381;103
4479,381;77
4480,381;80
4481,381;119
4482,381;13238
4483,381;84
4484,381;87
4485,381;90
4486,381;100
4487,381;84
4488,381;13182
4489,381;99
4490,381;96
4491,381;91
4492,381;104
4493,381;92
4494,381;13164
4495,381;67
4496,381;76
4497,381;86
4498,381;102
4499,381;105
4500,381;13214
4501,381;95
4502,381;101
4503,381;80
4504,381;95
4505,381;97
4506,381;13200
4507,381;91
4508,381;85
4509,381;99
4510,381;104
4511,381;113
4512,381;13192
4513,381;84
4514,381;96
4515,381;70
4516,381;111
4517,381;85
4518,381;13183
4519,381;83
4520,381;85
4521,381;88
4522,381;92
4523,381;89
4524,381;13205
4525,381;84
4526,381;98
4527,381;92
4528,381;83
4529,381;102
4530,381;13187
4531,381;88
4532,381;93
4533,381;89
4534,381;90
4535,381;95
4536,381;13196
4537,381;91
4538,381;93
4539,381;103
4540,381;92
4541,381;109
4542,381;13174
4543,381;83
4544,381;120
4545,381;77
4546,381;108
4547,381;102
4548,381;13213
4549,381;85
4550,381;78
4551,381;86
4552,381;82
4553,381;101
4554,381;13192
4555,381;85
4556,381;94
4557,381;89
4558,381;92
4559,381;75
4560,381;13191
4561,381;80
4562,381;92
4563,381;100
4564,381;95
4565,381;104
4566,381;13159
4567,381;93
4568,381;62
4569,381;75
4570,381;86
4571,381;96
4572,381;13178
4573,381;88
4574,381;74
4575,381;85
4576,381;97
4577,381;87
4578,381;13175
4579,381;80
4580,381;88
4581,381;91
4582,381;85
4583,381;98
4584,381;13197
4585,381;65
4586,381;82
4587,381;79
4588,381;90
4589,381;81
4590,381;13159
4591,381;76
4592,381;82
4593,381;101
4594,381;82
4595,381;76
4596,381;13204
4597,381;85
4598,381;86
4599,381;96
4600,381;94
4601,381;93
4602,381;13180
4603,381;58
4604,381;82
4605,381;85
4606,381;83
4607,381;88
4608,381;13190
4609,381;84
4610,381;75
4611,381;74
4612,381;87
4613,381;97
4614,381;13197
4615,381;74
4616,381;89
4617,381;62
4618,381;71
4619,381;96
4620,381;12870
4621,381;78
4622,381;82
4623,381;69
4624,381;100
4625,381;76
4626,381;13116
4627,381;56
4628,381;77
4629,381;97
4630,381;85
4631,381;83
4632,381;13219
4633,381;97
4634,381;83
4635,381;65
4636,381;80
4637,381;84
4638,381;13174
4639,381;69
4640,381;62
4641,381;86
4642,381;72
4643,381;78
4644,381;13173
4645,381;86
4646,381;85
4647,911;95
4648,911;94
4649,911;90
4650,911;13167
4651,911;88
4652,911;77
4653,911;84
4654,911;83
4655,911;78
4656,911;13165
4657,911;77
4658,911;80
4659,911;102
4660,911;84
4661,911;88
4662,911;13168
4663,911;79
4664,911;72
4665,911;84
4666,911;99
4667,911;97
4668,911;13199
4669,911;104
4670,911;81
4671,911;71
4672,911;93
4673,911;106
4674,911;13192
4675,911;88
4676,911;69
4677,911;83
4678,911;87
4679,911;97
4680,911;13208
4681,911;88
4682,911;80
4683,911;88
4684,911;86
4685,911;77
4686,911;13180
4687,911;76
4688,911;91
4689,911;92
4690,911;88
4691,911;82
4692,911;13204
4693,911;82
4694,911;77
4695,911;92
4696,911;79
4697,911;102
4698,911;13185
4699,911;69
4700,911;87
4701,911;70
4702,911;90
4703,911;81
4704,911;13172
4705,911;74
4706,911;84
4707,911;105
4708,911;85
4709,911;96
4710,911;13178
4711,911;76
4712,911;79
4713,911;100
4714,911;95
4715,911;99
4716,911;13145
4717,911;78
4718,911;89
4719,911;79
4720,911;85
4721,911;91
4722,911;13214
4723,911;75
4724,911;91
4725,911;94
4726,911;95
4727,911;108
4728,911;13200
4729,911;94
4730,911;92
4731,911;99
4732,911;91
4733,911;96
4734,911;13164
4735,911;86
4736,911;87
4737,911;84
4738,911;101
4739,911;95
4740,911;13183
4741,911;84
4742,911;94
4743,911;92
4744,911;94
4745,911;104
4746,911;13191
4747,911;85
4748,98;88
4749,98;95
4750,98;90
4751,98;114
4752,98;13198
4753,98;80
4754,98;91
4755,98;90
4756,98;86
4757,98;92
4758,98;13203
4759,98;92
4760,98;95
4761,98;94
4762,98;83
4763,98;102
4764,98;13179
4765,98;87
4766,98;92
4767,98;78
4768,98;101
4769,98;87
4770,98;13191
4771,98;94
4772,98;93
4773,98;93
4774,98;95
4775,98;95
4776,98;13209
4777,98;89
4778,98;106
4779,98;89
4780,98;84
4781,98;96
4782,98;13197
4783,98;75
4784,98;75
4785,98;86
4786,98;99
4787,98;109
4788,98;13168
4789,98;70
4790,98;83
4791,98;85
4792,98;74
4793,98;99
4794,98;13186
4795,98;69
4796,98;87
4797,98;72
4798,98;89
4799,98;91
4800,98;13204
4801,98;91
4802,98;98
4803,98;76
4804,98;92
4805,98;78
4806,98;13190
4807,98;89
4808,98;90
4809,98;95
4810,98;91
4811,98;91
4812,98;13167
4813,98;84
4814,98;73
4815,98;76
4816,98;86
4817,98;95
4818,98;13162
4819,98;78
4820,98;83
4821,98;111
4822,98;90
4823,98;100
4824,98;13221
4825,98;85
4826,98;81
4827,98;91
4828,98;103
4829,98;82
4830,98;13187
4831,98;83
4832,98;97
4833,98;93
4834,98;103
4835,98;112
4836,98;13226
4837,98;85
4838,98;93
4839,98;93
4840,98;98
4841,98;81
4842,98;13195
4843,98;74
4844,98;75
4845,98;73
4846,98;88
4847,98;102
4848,98;13173
4849,6;89
4850,6;83
4851,6;87
4852,6;88
4853,6;97
4854,6;13170
4855,6;81
4856,6;91
4857,6;90
4858,6;88
4859,6;98
4860,6;13219
4861,6;66
4862,6;79
4863,6;92
4864,6;79
4865,6;109
4866,6;13153
4867,6;83
4868,6;82
4869,6;95
4870,6;69
4871,6;87
4872,6;13181
4873,6;84
4874,6;92
4875,6;118
4876,6;94
4877,6;81
4878,6;13239
4879,6;77
4880,6;76
4881,6;77
4882,6;93
4883,6;103
4884,6;13205
4885,6;84
4886,6;71
4887,6;78
4888,6;82
4889,6;78
4890,6;13193
4891,6;76
4892,6;68
4893,6;77
4894,6;86
4895,6;73
4896,6;13197
4897,6;57
4898,6;67
4899,6;77
4900,6;79
4901,6;75
4902,6;13212
4903,6;55
4904,6;60
4905,6;74
4906,6;72
4907,6;93
4908,6;13185
4909,6;80
4910,6;69
4911,6;75
4912,6;77
4913,6;67
4914,6;13171
4915,6;69
4916,6;63
4917,6;76
4918,6;74
4919,6;79
4920,6;13190
4921,6;61
4922,6;74
4923,6;71
4924,6;71
4925,6;72
4926,6;13196
4927,6;67
4928,6;67
4929,6;76
4930,6;72
4931,6;56
4932,6;12845
4933,6;74
4934,6;69
4935,6;65
4936,6;84
4937,6;79
4938,6;13157
4939,6;73
4940,6;73
4941,6;61
4942,6;72
4943,6;75
4944,6;13203
4945,6;71
4946,6;64
4947,6;64
4948,6;80
4949,6;68
4951,305;13191
4952,305;69
4953,305;85
4954,305;71
4955,305;63
4956,305;82
4957,305;13218
4958,305;72
4959,305;92
4960,305;58
4961,305;79
4962,305;72
4963,305;13212
4964,305;74
4965,305;72
4966,305;83
4967,305;72
4968,305;83
4969,305;13216
4970,305;83
4971,305;99
4972,305;65
4973,305;72
4974,305;86
4975,305;13166
4976,305;86
4977,305;63
4978,305;75
4979,305;68
4980,305;82
4981,305;13206
4982,305;71
4983,305;77
4984,305;81
4985,305;93
4986,305;76
4987,305;13211
4988,305;69
4989,305;100
4990,305;82
4991,305;88
4992,305;96
4993,305;13161
4994,305;70
4995,305;101
4996,305;89
4997,305;91
4998,305;92
4999,305;13201
5000,305;63
5001,305;84
5002,305;77
5003,305;95
5004,305;84
5005,305;13224
5006,305;83
5007,305;75
5008,305;90
5009,305;87
5010,305;109
5011,305;13186
5012,305;96
5013,305;95
5014,305;91
5015,305;71
5016,305;90
5017,305;13174
5018,305;80
5019,305;106
5020,305;110
5021,305;92
5022,305;92
5023,305;13203
5024,305;68
5025,305;92
5026,305;108
5027,305;97
5028,305;96
5029,305;13193
5030,305;79
5031,305;85
5032,305;89
5033,305;102
5034,305;121
5035,305;13136
5036,305;87
5037,305;80
5038,305;93
5039,305;80
5040,305;113
5041,305;13202
5042,305;76
5043,305;93
5044,305;90
5045,305;111
5046,305;89
5047,305;13183
5048,305;91
5049,305;76
5050,305;103
5051,305;91
5052,305;123
5053,305;13171
5054,305;86
5055,305;91
5056,305;90
5057,305;93
5058,305;108
5059,305;13212
5060,305;87
5061,305;93
5062,305;95
5063,305;101
5064,305;102
5065,305;13173
5066,305;97
5067,305;86
5068,305;72
5069,305;93
5070,305;100
5071,305;13209
5072,305;82
5073,305;76
5074,305;89
5075,305;94
5076,305;84
5077,305;13192
5078,305;86
5079,305;95
5080,305;88
5081,305;92
5082,305;99
5083,305;13173
5084,305;95
5085,305;92
5086,305;99
5087,305;104
5088,305;88
5089,305;13177
5090,305;84
5091,305;80
5092,305;90
5093,305;93
5094,305;94
5095,305;13186
5096,305;92
5097,305;95
5098,305;86
5099,305;82
5100,305;102
5101,305;13202
5102,305;84
5103,305;91
5104,305;80
5105,305;65
5106,305;91
5107,305;13202
5108,305;62
5109,305;74
5110,305;100
5111,305;94
5112,305;110
5113,305;13167
5114,305;77
5115,305;102
5116,305;89
5117,305;94
5118,305;108
5119,305;13218
5120,305;93
5121,305;91
5122,305;76
5123,305;94
5124,305;107
5125,305;13151
5126,305;83
5127,305;100
5128,305;100
5129,305;93
5130,305;108
5131,305;13181
5132,305;86
5133,305;79
5134,305;119
5135,305;108
5136,305;81
5137,305;13160
5138,305;68
5139,305;104
5140,305;91
5141,305;93
5142,305;104
5143,305;13159
5144,305;97
5145,305;90
5146,305;76
5147,305;97
5148,305;98
5149,305;13165
5150,305;85
5151,305;98
5152,305;84
5153,136;100
5154,136;81
5155,136;13190
5156,136;83
5157,136;81
5158,136;75
5159,136;96
5160,136;91
5161,136;13202
5162,136;85
5163,136;84
5164,136;81
5165,136;90
5166,136;117
5167,136;13170
5168,136;76
5169,136;84
5170,136;74
5171,136;84
5172,136;96
5173,136;13178
5174,136;66
5175,136;89
5176,136;67
5177,136;93
5178,136;99
5179,136;13177
5180,136;65
5181,136;90
5182,136;92
5183,136;90
5184,136;90
5185,136;13182
5186,136;91
5187,136;79
5188,136;70
5189,136;82
5190,136;96
5191,136;13153
5192,136;79
5193,136;65
5194,136;81
5195,136;88
5196,136;96
5197,136;13166
5198,136;93
5199,136;71
5200,136;86
5201,136;97
5202,136;89
5203,136;13165
5204,136;72
5205,136;85
5206,136;95
5207,136;76
5208,136;86
5209,136;13207
5210,136;60
5211,136;73
5212,136;83
5213,136;86
5214,136;88
5215,136;13169
5216,136;71
5217,136;82
5218,136;78
5219,136;72
5220,136;76
5221,136;13206
5222,136;89
5223,136;87
5224,136;85
5225,136;90
5226,136;101
5227,136;13151
5228,136;71
5229,136;78
5230,136;78
5231,136;88
5232,136;74
5233,136;13185
5234,136;71
5235,136;88
5236,136;79
5237,136;68
5238,136;94
5239,136;13148
5240,136;72
5241,136;66
5242,136;84
5243,136;77
5244,136;90
5245,136;12841
5246,136;72
5247,136;78
5248,136;93
5249,136;73
5250,136;68
5251,136;13104
5252,136;75
5253,136;84
5254,211;91
5255,211;85
5256,211;99
5257,211;13154
5258,211;74
5259,211;73
5260,211;81
5261,211;86
5262,211;87
5263,211;13158
5264,211;85
5265,211;94
5266,211;83
5267,211;77
5268,211;85
5269,211;13184
5270,211;78
5271,211;65
5272,211;93
5273,211;85
5274,211;91
5275,211;13168
5276,211;75
5277,211;90
5278,211;87
5279,211;92
5280,211;88
5281,211;13168
5282,211;84
5283,211;74
5284,211;95
5285,211;90
5286,211;86
5287,211;13200
5288,211;87
5289,211;76
5290,211;97
5291,211;84
5292,211;95
5293,211;13183
5294,211;89
5295,211;81
5296,211;79
5297,211;102
5298,211;89
5299,211;13200
5300,211;81
5301,211;88
5302,211;82
5303,211;76
5304,211;101
5305,211;13199
5306,211;86
5307,211;82
5308,211;104
5309,211;99
5310,211;85
5311,211;13159
5312,211;81
5313,211;85
5314,211;94
5315,211;97
5316,211;95
5317,211;13138
5318,211;84
5319,211;91
5320,211;84
5321,211;91
5322,211;98
5323,211;13192
5324,211;77
5325,211;86
5326,211;84
5327,211;112
5328,211;101
5329,211;13212
5330,211;71
5331,211;95
5332,211;97
5333,211;97
5334,211;85
5335,211;13147
5336,211;100
5337,211;74
5338,211;82
5339,211;96
5340,211;93
5341,211;13182
5342,211;110
5343,211;98
5344,211;92
5345,211;90
5346,211;87
5347,211;13176
5348,211;70
5349,211;95
5350,211;89
5351,211;98
5352,211;90
5353,211;13210
5354,211;83
5355,211;98
5356,211;99
5357,211;95
5358,211;88
5359,211;13211
5360,211;101
5361,211;96
5362,211;88
5363,211;95
5364,211;108
5365,211;13193
5366,211;85
5367,211;100
5368,211;82
5369,211;93
5370,211;85
5371,211;13193
5372,211;80
5373,211;76
5374,211;100
5375,211;96
5376,211;96
5377,211;13195
5378,211;87
5379,211;86
5380,211;78
5381,211;97
5382,211;100
5383,211;13195
5384,211;80
5385,211;100
5386,211;95
5387,211;87
5388,211;96
5389,211;13153
5390,211;75
5391,211;97
5392,211;82
5393,211;88
5394,211;98
5395,211;13197
5396,211;88
5397,211;95
5398,211;98
5399,211;92
5400,211;91
5401,211;13173
5402,211;85
5403,211;90
5404,211;96
5405,211;90
5406,211;97
5407,211;13169
5408,211;92
5409,211;98
5410,211;77
5411,211;84
5412,211;101
5413,211;13134
5414,211;82
5415,211;84
5416,211;100
5417,211;85
5418,211;116
5419,211;13194
5420,211;106
5421,211;87
5422,211;90
5423,211;101
5424,211;89
5425,211;13171
5426,211;79
5427,211;72
5428,211;101
5429,211;100
5430,211;87
5431,211;13164
5432,211;79
5433,211;102
5434,211;84
5435,211;117
5436,211;96
5437,211;13174
5438,211;81
5439,211;86
5440,211;105
5441,211;108
5442,211;112
5443,211;13190
5444,211;92
5445,211;95
5446,211;95
5447,211;97
5448,211;89
5449,211;13182
5450,211;78
5451,211;90
5452,211;70
5453,211;97
5454,211;98
5455,211;13166
5456,502;87
5457,502;73
5458,502;72
5459,502;96
5460,502;95
5461,502;13199
5462,502;79
5463,502;83
5464,502;97
5465,502;82
5466,502;87
5467,502;13195
5468,502;96
5469,502;83
5470,502;103
5471,502;102
5472,502;94
5473,502;13186
5474,502;85
5475,502;93
5476,502;96
5477,502;77
5478,502;81
5479,502;13187
5480,502;67
5481,502;92
5482,502;87
5483,502;87
5484,502;108
5485,502;13200
5486,502;69
5487,502;80
5488,502;101
5489,502;80
5490,502;94
5491,502;13251
5492,502;85
5493,502;75
5494,502;61
5495,502;79
5496,502;71
5497,502;13153
5498,502;70
5499,502;83
5500,502;85
5501,502;82
5502,502;98
5503,502;13216
5504,502;75
5505,502;70
5506,502;86
5507,502;81
5508,502;94
5509,502;13164
5510,502;74
5511,502;100
5512,502;92
5513,502;82
5514,502;64
5515,502;13206
5516,502;74
5517,502;85
5518,502;88
5519,502;70
5520,502;95
5521,502;13187
5522,502;57
5523,502;85
5524,502;79
5525,502;67
5526,502;93
5527,502;13186
5528,502;62
5529,502;73
5530,502;75
5531,502;84
5532,502;100
5533,502;13152
5534,502;78
5535,502;63
5536,502;69
5537,502;68
5538,502;80
5539,502;13193
5540,502;83
5541,502;70
5542,502;69
5543,502;86
5544,502;73
5545,502;13182
5546,502;70
5547,502;64
5548,502;71
5549,502;78
5550,502;77
5551,502;13182
5552,502;63
5553,502;67
5554,502;80
5555,502;69
5556,502;61
5557,502;12826
5558,502;68
5559,502;62
5560,502;64
5561,502;70
5562,502;80
5563,502;13140
5564,502;57
5565,502;79
5566,502;67
5567,502;64
5568,502;75
5569,502;13183
5570,502;52
5571,502;64
5572,502;65
5573,502;80
5574,502;80
5575,502;13169
5576,502;68
5577,502;76
5578,502;70
5579,502;70
5580,502;82
5581,502;13188
5582,502;64
5583,502;77
5584,502;76
5585,502;89
5586,502;79
5587,502;13218
5588,502;69
5589,502;90
5590,502;73
5591,502;89
5592,502;104
5593,502;13143
5594,502;77
5595,502;79
5596,502;97
5597,502;87
5598,502;85
5599,502;13188
5600,502;75
5601,502;85
5602,502;74
5603,502;89
5604,502;88
5605,502;13203
5606,502;72
5607,502;96
5608,502;105
5609,502;86
5610,502;94
5611,502;13183
5612,502;70
5613,502;83
5614,502;105
5615,502;94
5616,502;78
5617,502;13188
5618,502;85
5619,502;92
5620,502;89
5621,502;90
5622,502;103
5623,502;13207
5624,502;105
5625,502;86
5626,502;87
5627,502;97
5628,502;104
5629,502;13186
5630,502;73
5631,502;90
5632,502;88
5633,502;84
5634,502;81
5635,502;13196
5636,502;83
5637,502;96
5638,502;100
5639,502;103
5640,502;117
5641,502;13204
5642,502;77
5643,502;89
5644,502;101
5645,502;91
5646,502;102
5647,502;13133
5648,502;72
5649,502;100
5650,502;94
5651,502;96
5652,502;80
5653,502;13186
5654,502;84
5655,502;90
5656,502;99
5657,502;100
5657,981;97
5658,981;13200
5659,981;78
5660,981;107
5661,981;90
5662,981;85
5663,981;101
5664,981;13204
5665,981;70
5666,981;92
5667,981;92
5668,981;100
5669,981;104
5670,981;13168
5671,981;96
5672,981;106
5673,981;89
5674,981;108
5675,981;97
5676,981;13159
5677,981;78
5678,981;98
5679,981;96
5680,981;97
5681,981;84
5682,981;13166
5683,981;87
5684,981;97
5685,981;88
5686,981;76
5687,981;95
5688,981;13172
5689,981;70
5690,981;99
5691,981;102
5692,981;79
5693,981;86
5694,981;13158
5695,981;69
5696,981;102
5697,981;98
5698,981;94
5699,981;100
5700,981;13207
5701,981;91
5702,981;85
5703,981;84
5704,981;100
5705,981;83
5706,981;13188
5707,981;83
5708,981;90
5709,981;110
5710,981;87
5711,981;77
5712,981;13184
5713,981;70
5714,981;93
5715,981;75
5716,981;92
5717,981;90
5718,981;13176
5719,981;77
5720,981;84
5721,981;77
5722,981;84
5723,981;88
5724,981;13160
5725,981;92
5726,981;89
5727,981;82
5728,981;77
5729,981;90
5730,981;13195
5731,981;84
5732,981;92
5733,981;95
5734,981;105
5735,981;110
5736,981;13150
5737,981;89
5738,981;91
5739,981;93
5740,981;87
5741,981;94
5742,981;13179
5743,981;99
5744,981;76
5745,981;110
5746,981;92
5747,981;95
5748,981;13181
5749,981;92
5750,981;84
5751,981;81
5752,981;99
5753,981;115
5754,981;13198
5755,981;73
5756,981;91
5757,981;97
5759,1;91
5760,1;89
5761,1;13203
5762,1;94
5763,1;84
5764,1;101
5765,1;91
5766,1;78
5767,1;13185
5768,1;88
5769,1;81
5770,1;92
5771,1;81
5772,1;103
5773,1;13164
5774,1;106
5775,1;82
5776,1;76
5777,1;93
5778,1;86
5779,1;13196
5780,1;76
5781,1;62
5782,1;94
5783,1;111
5784,1;89
5785,1;13177
5786,1;73
5787,1;77
5788,1;90
5789,1;73
5790,1;105
5791,1;13182
5792,1;65
5793,1;85
5794,1;79
5795,1;90
5796,1;71
5797,1;13185
5798,1;88
5799,1;82
5800,1;88
5801,1;100
5802,1;89
5803,1;13200
5804,1;99
5805,1;103
5806,1;96
5807,1;96
5808,1;99
5809,1;13167
5810,1;73
5811,1;63
5812,1;94
5813,1;83
5814,1;102
5815,1;13144
5816,1;78
5817,1;85
5818,1;103
5819,1;67
5820,1;90
5821,1;13165
5822,1;88
5823,1;105
5824,1;60
5825,1;90
5826,1;93
5827,1;13131
5828,1;88
5829,1;81
5830,1;77
5831,1;92
5832,1;86
5833,1;13153
5834,1;69
5835,1;71
5836,1;91
5837,1;94
5838,1;83
5839,1;13185
5840,1;72
5841,1;74
5842,1;79
5843,1;88
5844,1;88
5845,1;13176
5846,1;61
5847,1;66
5848,1;68
5849,1;97
5850,1;63
5851,1;13135
5852,1;77
5853,1;87
5854,1;75
5855,1;80
5856,1;76
5857,1;13157
5858,1;89
5859,1;88
5860,292;75
5861,292;78
5862,292;89
5863,292;13164
5864,292;75
5865,292;71
5866,292;78
5867,292;82
5868,292;76
5869,292;12822
5870,292;76
5871,292;63
5872,292;85
5873,292;68
5874,292;83
5875,292;13102
5876,292;86
5877,292;88
5878,292;77
5879,292;68
5880,292;90
5881,292;13169
5882,292;68
5883,292;72
5884,292;66
5885,292;85
5886,292;78
5887,292;13150
5888,292;80
5889,292;90
5890,292;63
5891,292;92
5892,292;94
5893,292;13148
5894,292;84
5895,292;85
5896,292;98
5897,292;77
5898,292;84
5899,292;13156
5900,292;76
5901,292;82
5902,292;86
5903,292;86
5904,292;97
5905,292;13182
5906,292;78
5907,292;93
5908,292;78
5909,292;96
5910,292;77
5911,292;13210
5912,292;65
5913,292;95
5914,292;83
5915,292;90
5916,292;110
5917,292;13179
5918,292;64
5919,292;70
5920,292;80
5921,292;91
5922,292;87
5923,292;13154
5924,292;90
5925,292;97
5926,292;95
5927,292;110
5928,292;112
5929,292;13187
5930,292;70
5931,292;83
5932,292;80
5933,292;91
5934,292;79
5935,292;13159
5936,292;73
5937,292;80
5938,292;77
5939,292;74
5940,292;86
5941,292;13174
5942,292;74
5943,292;84
5944,292;90
5945,292;95
5946,292;92
5947,292;13170
5948,292;71
5949,292;72
5950,292;72
5951,292;85
5952,292;99
5953,292;13167
5954,292;61
5955,292;95
5956,292;88
5957,292;97
5958,292;101
5959,292;13205
5960,292;86
5960,813;88
5961,813;86
5962,813;97
5963,813;92
5964,813;13202
5965,813;76
5966,813;73
5967,813;89
5968,813;100
5969,813;100
5970,813;13182
5971,813;70
5972,813;89
5973,813;88
5974,813;108
5975,813;93
5976,813;13185
5977,813;90
5978,813;96
5979,813;111
5980,813;89
5981,813;92
5982,813;13150
5983,813;88
5984,813;85
5985,813;100
5986,813;96
5987,813;81
5988,813;13181
5989,813;82
5990,813;90
5991,813;83
5992,813;84
5993,813;92
5994,813;13150
5995,813;79
5996,813;83
5997,813;76
5998,813;77
5999,813;88
6000,813;13198
6001,813;72
6002,813;74
6003,813;88
6004,813;104
6005,813;90
6006,813;13160
6007,813;65
6008,813;86
6009,813;88
6010,813;95
6011,813;102
6012,813;13170
6013,813;78
6014,813;106
6015,813;80
6016,813;103
6017,813;99
6018,813;13204
6019,813;72
6020,813;79
6021,813;81
6022,813;92
6023,813;83
6024,813;13182
6025,813;87
6026,813;101
6027,813;73
6028,813;99
6029,813;116
6030,813;13145
6031,813;90
6032,813;73
6033,813;82
6034,813;103
6035,813;82
6036,813;13183
6037,813;91
6038,813;85
6039,813;99
6040,813;92
6041,813;91
6042,813;13185
6043,813;85
6044,813;93
6045,813;88
6046,813;77
6047,813;107
6048,813;13170
6049,813;71
6050,813;84
6051,813;102
6052,813;91
6053,813;95
6054,813;13163
6055,813;77
6056,813;89
6057,813;96
6058,813;121
6059,813;98
6060,813;13171
6061,813;84
6062,813;90
6063,813;94
6064,813;121
6065,813;108
6066,813;13207
6067,813;100
6068,813;98
6069,813;101
6070,813;79
6071,813;103
6072,813;13186
6073,813;80
6074,813;89
6075,813;122
6076,813;90
6077,813;93
6078,813;13200
6079,813;89
6080,813;96
6081,813;90
6082,813;97
6083,813;91
6084,813;13156
6085,813;88
6086,813;100
6087,813;98
6088,813;101
6089,813;104
6090,813;13177
6091,813;89
6092,813;75
6093,813;87
6094,813;68
6095,813;86
6096,813;13188
6097,813;86
6098,813;91
6099,813;81
6100,813;95
6101,813;75
6102,813;13219
6103,813;78
6104,813;80
6105,813;91
6106,813;89
6107,813;103
6108,813;13173
6109,813;75
6110,813;81
6111,813;110
6112,813;95
6113,813;98
6114,813;13174
6115,813;75
6116,813;96
6117,813;76
6118,813;87
6119,813;88
6120,813;13204
6121,813;80
6122,813;88
6123,813;98
6124,813;96
6125,813;102
6126,813;13188
6127,813;72
6128,813;81
6129,813;71
6130,813;97
6131,813;78
6132,813;13204
6133,813;69
6134,813;79
6135,813;79
6136,813;94
6137,813;88
6138,813;13236
6139,813;73
6140,813;91
6141,813;73
6142,813;94
6143,813;83
6144,813;13192
6145,813;74
6146,813;91
6147,813;75
6148,813;86
6149,813;82
6150,813;13169
6151,813;89
6152,813;72
6153,813;78
6154,813;79
6155,813;91
6156,813;13172
6157,813;70
6158,813;85
6159,813;91
6160,813;76
6161,813;76
6162,439;13184
6163,439;57
6164,439;79
6165,439;73
6166,439;74
6167,439;82
6168,439;13172
6169,439;63
6170,439;65
6171,439;76
6172,439;73
6173,439;66
6174,439;13175
6175,439;76
6176,439;57
6177,439;82
6178,439;71
6179,439;73
6180,439;12869
6181,439;65
6182,439;79
6183,439;68
6184,439;73
6185,439;77
6186,439;13113
6187,439;62
6188,439;83
6189,439;82
6190,439;66
6191,439;78
6192,439;13159
6193,439;66
6194,439;68
6195,439;96
6196,439;82
6197,439;70
6198,439;13184
6199,439;79
6200,439;68
6201,439;73
6202,439;85
6203,439;81
6204,439;13185
6205,439;77
6206,439;75
6207,439;78
6208,439;91
6209,439;83
6210,439;13189
6211,439;64
6212,439;80
6213,439;85
6214,439;78
6215,439;98
6216,439;13171
6217,439;82
6218,439;71
6219,439;78
6220,439;78
6221,439;76
6222,439;13186
6223,439;80
6224,439;94
6225,439;85
6226,439;94
6227,439;80
6228,439;13164
6229,439;75
6230,439;90
6231,439;81
6232,439;87
6233,439;88
6234,439;13170
6235,439;72
6236,439;87
6237,439;101
6238,439;88
6239,439;87
6240,439;13208
6241,439;87
6242,439;96
6243,439;86
6244,439;90
6245,439;108
6246,439;13200
6247,439;83
6248,439;91
6249,439;95
6250,439;83
6251,439;88
6252,439;13155
6253,439;83
6254,439;89
6255,439;89
6256,439;91
6257,439;90
6258,439;13144
6259,439;99
6260,439;101
6261,439;89
6262,439;96
6264,212;79
6265,212;13179
6266,212;91
6267,212;80
6268,212;100
6269,212;81
6270,212;80
6271,212;13176
6272,212;103
6273,212;99
6274,212;102
6275,212;100
6276,212;89
6277,212;13184
6278,212;81
6279,212;99
6280,212;77
6281,212;87
6282,212;106
6283,212;13164
6284,212;82
6285,212;101
6286,212;97
6287,212;91
6288,212;85
6289,212;13153
6290,212;79
6291,212;79
6292,212;103
6293,212;100
6294,212;88
6295,212;13171
6296,212;79
6297,212;101
6298,212;100
6299,212;111
6300,212;96
6301,212;13195
6302,212;76
6303,212;67
6304,212;87
6305,212;103
6306,212;94
6307,212;13174
6308,212;113
6309,212;87
6310,212;105
6311,212;80
6312,212;111
6313,212;13167
6314,212;84
6315,212;91
6316,212;95
6317,212;102
6318,212;110
6319,212;13180
6320,212;77
6321,212;92
6322,212;91
6323,212;103
6324,212;101
6325,212;13147
6326,212;101
6327,212;95
6328,212;96
6329,212;99
6330,212;108
6331,212;13191
6332,212;110
6333,212;79
6334,212;90
6335,212;80
6336,212;92
6337,212;13157
6338,212;85
6339,212;85
6340,212;100
6341,212;90
6342,212;93
6343,212;13211
6344,212;100
6345,212;100
6346,212;100
6347,212;78
6348,212;97
6349,212;13163
6350,212;76
6351,212;82
6352,212;84
6353,212;80
6354,212;106
6355,212;13193
6356,212;84
6357,212;76
6358,212;95
6359,212;104
6360,212;93
6361,212;13180
6362,212;79
6363,212;108
6364,212;105
6364,32;113
6365,32;85
6366,32;13179
6367,32;85
6368,32;87
6369,32;87
6370,32;83
6371,32;97
6372,32;13192
6373,32;74
6374,32;83
6375,32;91
6376,32;93
6377,32;119
6378,32;13193
6379,32;69
6380,32;93
6381,32;90
6382,32;81
6383,32;91
6384,32;13203
6385,32;70
6386,32;85
6387,32;83
6388,32;97
6389,32;82
6390,32;13182
6391,32;78
6392,32;80
6393,32;91
6394,32;90
6395,32;91
6396,32;13154
6397,32;83
6398,32;92
6399,32;78
6400,32;92
6401,32;91
6402,32;13172
6403,32;68
6404,32;96
6405,32;83
6406,32;98
6407,32;82
6408,32;13198
6409,32;90
6410,32;62
6411,32;87
6412,32;94
6413,32;68
6414,32;13158
6415,32;68
6416,32;97
6417,32;92
6418,32;87
6419,32;93
6420,32;13181
6421,32;76
6422,32;83
6423,32;80
6424,32;87
6425,32;87
6426,32;13152
6427,32;77
6428,32;82
6429,32;87
6430,32;90
6431,32;91
6432,32;13166
6433,32;63
6434,32;114
6435,32;74
6436,32;76
6437,32;74
6438,32;13161
6439,32;85
6440,32;83
6441,32;66
6442,32;98
6443,32;81
6444,32;13194
6445,32;70
6446,32;92
6447,32;69
6448,32;81
6449,32;79
6450,32;13188
6451,32;88
6452,32;97
6453,32;75
6454,32;96
6455,32;99
6456,32;13141
6457,32;74
6458,32;76
6459,32;97
6460,32;96
6461,32;77
6462,32;13167
6463,32;86
6464,32;75
6465,711;96
6466,711;88
6467,711;87
6468,711;13164
6469,711;81
6470,711;88
6471,711;94
6472,711;88
6473,711;83
6474,711;13153
6475,711;72
6476,711;88
6477,711;93
6478,711;70
6479,711;83
6480,711;13192
6481,711;61
6482,711;79
6483,711;81
6484,711;85
6485,711;76
6486,711;13147
6487,711;76
6488,711;68
6489,711;81
6490,711;61
6491,711;76
6492,711;12860
6493,711;74
6494,711;67
6495,711;80
6496,711;67
6497,711;78
6498,711;13109
6499,711;81
6500,711;85
6501,711;69
6502,711;79
6503,711;81
6504,711;13156
6505,711;67
6506,711;87
6507,711;90
6508,711;75
6509,711;83
6510,711;13151
6511,711;79
6512,711;92
6513,711;95
6514,711;87
6515,711;64
6516,711;13147
6517,711;72
6518,711;81
6519,711;80
6520,711;72
6521,711;74
6522,711;13153
6523,711;86
6524,711;95
6525,711;69
6526,711;88
6527,711;94
6528,711;13175
6529,711;70
6530,711;74
6531,711;88
6532,711;98
6533,711;89
6534,711;13181
6535,711;62
6536,711;83
6537,711;81
6538,711;79
6539,711;92
6540,711;13167
6541,711;67
6542,711;76
6543,711;89
6544,711;82
6545,711;84
6546,711;13143
6547,711;76
6548,711;85
6549,711;86
6550,711;95
6551,711;89
6552,711;13169
6553,711;75
6554,711;73
6555,711;74
6556,711;78
6557,711;94
6558,711;13202
6559,711;92
6560,711;76
6561,711;81
6562,711;79
6563,711;100
6564,711;13180
6565,711;78
6566,162;88
6567,162;84
6568,162;82
6569,162;89
6570,162;13138
6571,162;87
6572,162;81
6573,162;88
6574,162;102
6575,162;94
6576,162;13174
6577,162;64
6578,162;87
6579,162;80
6580,162;86
6581,162;92
6582,162;13185
6583,162;86
6584,162;93
6585,162;89
6586,162;94
6587,162;95
6588,162;13148
6589,162;84
6590,162;89
6591,162;81
6592,162;86
6593,162;99
6594,162;13148
6595,162;77
6596,162;95
6597,162;104
6598,162;91
6599,162;85
6600,162;13166
6601,162;73
6602,162;77
6603,162;89
6604,162;91
6605,162;102
6606,162;13156
6607,162;96
6608,162;89
6609,162;92
6610,162;85
6611,162;91
6612,162;13143
6613,162;79
6614,162;89
6615,162;84
6616,162;97
6617,162;91
6618,162;13180
6619,162;73
6620,162;84
6621,162;97
6622,162;81
6623,162;89
6624,162;13177
6625,162;87
6626,162;88
6627,162;101
6628,162;92
6629,162;89
6630,162;13160
6631,162;95
6632,162;86
6633,162;85
6634,162;76
6635,162;101
6636,162;13177
6637,162;90
6638,162;85
6639,162;95
6640,162;83
6641,162;77
6642,162;13194
6643,162;94
6644,162;81
6645,162;83
6646,162;103
6647,162;95
6648,162;13173
6649,162;73
6650,162;91
6651,162;110
6652,162;86
6653,162;84
6654,162;13170
6655,162;76
6656,162;75
6657,162;87
6658,162;66
6659,162;117
6660,162;13186
6661,162;64
6662,162;92
6663,162;103
6664,162;100
6665,162;90
6666,162;13149
6667,162;83
6668,162;94
6669,162;83
6670,162;97
6671,162;101
6672,162;13163
6673,162;79
6674,162;103
6675,162;96
6676,162;100
6677,162;92
6678,162;13174
6679,162;82
6680,162;105
6681,162;95
6682,162;95
6683,162;93
6684,162;13171
6685,162;80
6686,162;104
6687,162;77
6688,162;109
6689,162;119
6690,162;13182
6691,162;90
6692,162;104
6693,162;104
6694,162;89
6695,162;78
6696,162;13174
6697,162;94
6698,162;96
6699,162;99
6700,162;97
6701,162;81
6702,162;13164
6703,162;97
6704,162;96
6705,162;92
6706,162;90
6707,162;96
6708,162;13164
6709,162;92
6710,162;82
6711,162;86
6712,162;95
6713,162;90
6714,162;13169
6715,162;84
6716,162;91
6717,162;92
6718,162;80
6719,162;95
6720,162;13186
6721,162;78
6722,162;86
6723,162;76
6724,162;77
6725,162;101
6726,162;13204
6727,162;90
6728,162;98
6729,162;88
6730,162;86
6731,162;105
6732,162;13189
6733,162;79
6734,162;105
6735,162;105
6736,162;103
6737,162;107
6738,162;13206
6739,162;89
6740,162;89
6741,162;98
6742,162;69
6743,162;96
6744,162;13184
6745,162;91
6746,162;97
6747,162;98
6748,162;76
6749,162;79
6750,162;13183
6751,162;97
6752,162;68
6753,162;88
6754,162;76
6755,162;88
6756,162;13168
6757,162;74
6758,162;73
6759,162;77
6760,162;86
6761,162;84
6762,162;13177
6763,162;81
6764,162;87
6765,162;109
6766,162;80
6767,162;75
6769,212;13157
6770,212;78
6771,212;96
6772,212;73
6773,212;81
6774,212;75
6775,212;13181
6776,212;78
6777,212;87
6778,212;71
6779,212;80
6780,212;82
6781,212;13174
6782,212;68
6783,212;83
6784,212;102
6785,212;81
6786,212;97
6787,212;13185
6788,212;73
6789,212;91
6790,212;96
6791,212;63
6792,212;96
6793,212;13185
6794,212;80
6795,212;73
6796,212;81
6797,212;88
6798,212;90
6799,212;13190
6800,212;54
6801,212;60
6802,212;58
6803,212;88
6804,212;89
6805,212;12847
6806,212;59
6807,212;67
6808,212;73
6809,212;69
6810,212;74
6811,212;13134
6812,212;79
6813,212;64
6814,212;80
6815,212;66
6816,212;74
6817,212;13164
6818,212;67
6819,212;76
6820,212;81
6821,212;97
6822,212;75
6823,212;13172
6824,212;83
6825,212;91
6826,212;97
6827,212;84
6828,212;77
6829,212;13180
6830,212;84
6831,212;57
6832,212;79
6833,212;95
6834,212;92
6835,212;13133
6836,212;83
6837,212;72
6838,212;70
6839,212;100
6840,212;86
6841,212;13199
6842,212;87
6843,212;86
6844,212;101
6845,212;95
6846,212;93
6847,212;13195
6848,212;75
6849,212;100
6850,212;71
6851,212;75
6852,212;97
6853,212;13178
6854,212;97
6855,212;94
6856,212;85
6857,212;93
6858,212;107
6859,212;13186
6860,212;82
6861,212;97
6862,212;95
6863,212;93
6864,212;90
6865,212;13179
6866,212;83
6867,212;78
6868,212;77
6869,212;81
6870,589;105
6871,589;13159
6872,589;79
6873,589;86
6874,589;101
6875,589;86
6876,589;97
6877,589;13158
6878,589;82
6879,589;66
6880,589;90
6881,589;112
6882,589;105
6883,589;13166
6884,589;76
6885,589;84
6886,589;84
6887,589;87
6888,589;95
6889,589;13148
6890,589;95
6891,589;102
6892,589;86
6893,589;96
6894,589;91
6895,589;13187
6896,589;91
6897,589;95
6898,589;93
6899,589;90
6900,589;103
6901,589;13136
6902,589;107
6903,589;77
6904,589;83
6905,589;85
6906,589;106
6907,589;13142
6908,589;93
6909,589;89
6910,589;91
6911,589;82
6912,589;81
6913,589;13160
6914,589;73
6915,589;85
6916,589;101
6917,589;106
6918,589;102
6919,589;13180
6920,589;72
6921,589;96
6922,589;75
6923,589;97
6924,589;82
6925,589;13191
6926,589;76
6927,589;88
6928,589;95
6929,589;96
6930,589;95
6931,589;13165
6932,589;79
6933,589;98
6934,589;93
6935,589;92
6936,589;93
6937,589;13198
6938,589;95
6939,589;90
6940,589;99
6941,589;114
6942,589;91
6943,589;13172
6944,589;99
6945,589;101
6946,589;96
6947,589;85
6948,589;113
6949,589;13154
6950,589;77
6951,589;84
6952,589;75
6953,589;90
6954,589;97
6955,589;13155
6956,589;96
6957,589;81
6958,589;73
6959,589;96
6960,589;106
6961,589;13151
6962,589;93
6963,589;91
6964,589;94
6965,589;95
6966,589;88
6967,589;13173
6968,589;71
6969,589;113
6970,589;95
6971,103;94
6972,103;100
6973,103;13131
6974,103;88
6975,103;76
6976,103;98
6977,103;109
6978,103;114
6979,103;13165
6980,103;87
6981,103;83
6982,103;93
6983,103;101
6984,103;86
6985,103;13147
6986,103;91
6987,103;87
6988,103;81
6989,103;83
6990,103;85
6991,103;13153
6992,103;73
6993,103;83
6994,103;100
6995,103;107
6996,103;96
6997,103;13168
6998,103;82
6999,103;72
7000,103;93
7001,103;79
7002,103;84
7003,103;13222
7004,103;83
7005,103;75
7006,103;84
7007,103;97
7008,103;88
7009,103;13190
7010,103;80
7011,103;96
7012,103;103
7013,103;98
7014,103;76
7015,103;13146
7016,103;88
7017,103;95
7018,103;80
7019,103;87
7020,103;111
7021,103;13140
7022,103;73
7023,103;81
7024,103;84
7025,103;80
7026,103;95
7027,103;13145
7028,103;82
7029,103;75
7030,103;85
7031,103;101
7032,103;97
7033,103;13181
7034,103;86
7035,103;74
7036,103;92
7037,103;84
7038,103;92
7039,103;13212
7040,103;89
7041,103;86
7042,103;80
7043,103;98
7044,103;92
7045,103;13191
7046,103;80
7047,103;72
7048,103;92
7049,103;84
7050,103;96
7051,103;13194
7052,103;69
7053,103;79
7054,103;84
7055,103;93
7056,103;81
7057,103;13160
7058,103;84
7059,103;98
7060,103;96
7061,103;100
7062,103;94
7063,103;13132
7064,103;91
7065,103;84
7066,103;88
7067,103;107
7068,103;83
7069,103;13134
7070,103;82
7071,103;84
7072,451;78
7073,451;90
7074,451;74
7075,451;13187
7076,451;81
7077,451;99
7078,451;81
7079,451;96
7080,451;88
7081,451;13140
7082,451;91
7083,451;77
7084,451;80
7085,451;79
7086,451;63
7087,451;13136
7088,451;84
7089,451;66
7090,451;85
7091,451;85
7092,451;71
7093,451;13133
7094,451;66
7095,451;77
7096,451;70
7097,451;71
7098,451;92
7099,451;13162
7100,451;57
7101,451;69
7102,451;75
7103,451;74
7104,451;82
7105,451;13175
7106,451;65
7107,451;70
7108,451;84
7109,451;91
7110,451;99
7111,451;13149
7112,451;71
7113,451;66
7114,451;73
7115,451;57
7116,451;87
7117,451;12836
7118,451;76
7119,451;81
7120,451;77
7121,451;84
7122,451;76
7123,451;13082
7124,451;73
7125,451;76
7126,451;81
7127,451;74
7128,451;97
7129,451;13135
7130,451;73
7131,451;66
7132,451;71
7133,451;87
7134,451;74
7135,451;13105
7136,451;83
7137,451;76
7138,451;84
7139,451;71
7140,451;76
7141,451;13143
7142,451;83
7143,451;76
7144,451;64
7145,451;93
7146,451;90
7147,451;13179
7148,451;90
7149,451;70
7150,451;70
7151,451;86
7152,451;75
7153,451;13161
7154,451;59
7155,451;80
7156,451;99
7157,451;97
7158,451;93
7159,451;13150
7160,451;83
7161,451;83
7162,451;85
7163,451;92
7164,451;96
7165,451;13153
7166,451;86
7167,451;90
7168,451;87
7169,451;82
7170,451;84
7171,451;13167
7172,451;64
7173,451;92
7174,451;92
7175,451;84
7176,451;86
7177,451;13154
7178,451;83
7179,451;78
7180,451;89
7181,451;80
7182,451;83
7183,451;13155
7184,451;80
7185,451;83
7186,451;96
7187,451;89
7188,451;88
7189,451;13190
7190,451;84
7191,451;91
7192,451;86
7193,451;114
7194,451;92
7195,451;13158
7196,451;82
7197,451;82
7198,451;97
7199,451;79
7200,451;103
7201,451;13165
7202,451;60
7203,451;84
7204,451;84
7205,451;74
7206,451;80
7207,451;13162
7208,451;82
7209,451;90
7210,451;81
7211,451;80
7212,451;96
7213,451;13137
7214,451;81
7215,451;89
7216,451;114
7217,451;94
7218,451;86
7219,451;13185
7220,451;90
7221,451;85
7222,451;86
7223,451;91
7224,451;97
7225,451;13143
7226,451;76
7227,451;77
7228,451;105
7229,451;90
7230,451;105
7231,451;13164
7232,451;73
7233,451;100
7234,451;110
7235,451;76
7236,451;97
7237,451;13161
7238,451;83
7239,451;89
7240,451;101
7241,451;92
7242,451;107
7243,451;13195
7244,451;82
7245,451;80
7246,451;103
7247,451;70
7248,451;80
7249,451;13157
7250,451;89
7251,451;97
7252,451;94
7253,451;76
7254,451;95
7255,451;13142
7256,451;85
7257,451;90
7258,451;102
7259,451;101
7260,451;89
7261,451;13150
7262,451;106
7263,451;97
7264,451;96
7265,451;85
7266,451;111
7267,451;13183
7268,451;95
7269,451;100
7270,451;76
7271,451;86
7272,451;113
7273,451;13154
7274,212;88
7275,212;90
7276,212;113
7277,212;73
7278,212;86
7279,212;13175
7280,212;84
7281,212;97
7282,212;89
7283,212;111
7284,212;103
7285,212;13192
7286,212;79
7287,212;98
7288,212;91
7289,212;84
7290,212;92
7291,212;13194
7292,212;77
7293,212;93
7294,212;88
7295,212;101
7296,212;77
7297,212;13144
7298,212;79
7299,212;95
7300,212;101
7301,212;81
7302,212;88
7303,212;13202
7304,212;74
7305,212;96
7306,212;72
7307,212;90
7308,212;113
7309,212;13162
7310,212;84
7311,212;93
7312,212;68
7313,212;102
7314,212;86
7315,212;13146
7316,212;73
7317,212;71
7318,212;96
7319,212;81
7320,212;92
7321,212;13166
7322,212;78
7323,212;101
7324,212;90
7325,212;74
7326,212;90
7327,212;13153
7328,212;81
7329,212;107
7330,212;89
7331,212;101
7332,212;105
7333,212;13192
7334,212;84
7335,212;81
7336,212;94
7337,212;109
7338,212;109
7339,212;13176
7340,212;77
7341,212;95
7342,212;111
7343,212;97
7344,212;84
7345,212;13202
7346,212;74
7347,212;90
7348,212;92
7349,212;105
7350,212;89
7351,212;13175
7352,212;81
7353,212;85
7354,212;97
7355,212;92
7356,212;111
7357,212;13176
7358,212;77
7359,212;91
7360,212;94
7361,212;99
7362,212;85
7363,212;13167
7364,212;101
7365,212;86
7366,212;103
7367,212;90
7368,212;102
7369,212;13139
7370,212;81
7371,212;104
7372,212;98
7373,212;79
7374,212;105
7375,301;13151
7376,301;86
7377,301;77
7378,301;94
7379,301;94
7380,301;93
7381,301;13177
7382,301;66
7383,301;70
7384,301;105
7385,301;87
7386,301;113
7387,301;13193
7388,301;86
7389,301;72
7390,301;88
7391,301;83
7392,301;95
7393,301;13175
7394,301;56
7395,301;65
7396,301;99
7397,301;76
7398,301;91
7399,301;13174
7400,301;82
7401,301;91
7402,301;94
7403,301;88
7404,301;97
7405,301;13182
7406,301;71
7407,301;76
7408,301;91
7409,301;82
7410,301;92
7411,301;13195
7412,301;75
7413,301;70
7414,301;87
7415,301;68
7416,301;82
7417,301;13155
7418,301;72
7419,301;75
7420,301;65
7421,301;78
7422,301;100
7423,301;13121
7424,301;67
7425,301;77
7426,301;84
7427,301;92
7428,301;101
7429,301;12812
7430,301;81
7431,301;77
7432,301;88
7433,301;71
7434,301;74
7435,301;13129
7436,301;74
7437,301;75
7438,301;71
7439,301;95
7440,301;74
7441,301;13170
7442,301;68
7443,301;84
7444,301;93
7445,301;87
7446,301;81
7447,301;13162
7448,301;72
7449,301;76
7450,301;92
7451,301;93
7452,301;102
7453,301;13194
7454,301;85
7455,301;92
7456,301;89
7457,301;92
7458,301;100
7459,301;13174
7460,301;70
7461,301;94
7462,301;85
7463,301;96
7464,301;91
7465,301;13186
7466,301;86
7467,301;104
7468,301;100
7469,301;84
7470,301;88
7471,301;13214
7472,301;77
7473,301;78
7474,301;86
7475,301;99
7476,384;89
7477,384;13194
7478,384;86
7479,384;86
7480,384;89
7481,384;79
7482,384;100
7483,384;13185
7484,384;94
7485,384;96
7486,384;109
7487,384;94
7488,384;84
7489,384;13175
7490,384;97
7491,384;90
7492,384;102
7493,384;99
7494,384;92
7495,384;13178
7496,384;106
7497,384;79
7498,384;100
7499,384;77
7500,384;83
7501,384;13169
7502,384;86
7503,384;94
7504,384;90
7505,384;84
7506,384;85
7507,384;13200
7508,384;90
7509,384;86
7510,384;111
7511,384;93
7512,384;91
7513,384;13187
7514,384;85
7515,384;91
7516,384;99
7517,384;79
7518,384;92
7519,384;13167
7520,384;84
7521,384;87
7522,384;98
7523,384;101
7524,384;93
7525,384;13156
7526,384;97
7527,384;79
7528,384;78
7529,384;90
7530,384;93
7531,384;13153
7532,384;90
7533,384;75
7534,384;93
7535,384;83
7536,384;106
7537,384;13145
7538,384;67
7539,384;84
7540,384;86
7541,384;88
7542,384;118
7543,384;13168
7544,384;82
7545,384;75
7546,384;94
7547,384;89
7548,384;87
7549,384;13183
7550,384;93
7551,384;97
7552,384;94
7553,384;91
7554,384;101
7555,384;13162
7556,384;85
7557,384;91
7558,384;93
7559,384;95
7560,384;89
7561,384;13150
7562,384;73
7563,384;86
7564,384;103
7565,384;101
7566,384;88
7567,384;13142
7568,384;79
7569,384;90
7570,384;85
7571,384;95
7572,384;87
7573,384;13166
7574,384;83
7575,384;95
7576,384;84
7576,633;81
7577,633;113
7578,633;13176
7579,633;88
7580,633;80
7581,633;88
7582,633;106
7583,633;86
7584,633;13196
7585,633;98
7586,633;108
7587,633;108
7588,633;95
7589,633;88
7590,633;13153
7591,633;86
7592,633;87
7593,633;94
7594,633;94
7595,633;80
7596,633;13151
7597,633;73
7598,633;91
7599,633;94
7600,633;98
7601,633;101
7602,633;13185
7603,633;84
7604,633;92
7605,633;88
7606,633;97
7607,633;114
7608,633;13186
7609,633;82
7610,633;111
7611,633;106
7612,633;98
7613,633;79
7614,633;13126
7615,633;84
7616,633;74
7617,633;87
7618,633;93
7619,633;90
7620,633;13178
7621,633;87
7622,633;95
7623,633;86
7624,633;79
7625,633;94
7626,633;13185
7627,633;71
7628,633;65
7629,633;98
7630,633;100
7631,633;85
7632,633;13160
7633,633;77
7634,633;101
7635,633;96
7636,633;118
7637,633;83
7638,633;13153
7639,633;74
7640,633;69
7641,633;95
7642,633;91
7643,633;96
7644,633;13176
7645,633;84
7646,633;78
7647,633;82
7648,633;86
7649,633;101
7650,633;13128
7651,633;86
7652,633;76
7653,633;103
7654,633;97
7655,633;90
7656,633;13158
7657,633;100
7658,633;82
7659,633;86
7660,633;83
7661,633;79
7662,633;13142
7663,633;75
7664,633;93
7665,633;84
7666,633;100
7667,633;84
7668,633;13136
7669,633;72
7670,633;77
7671,633;80
7672,633;82
7673,633;90
7674,633;13177
7675,633;66
7676,633;76
7677,633;71
7678,633;103
7679,633;79
7680,633;13162
7681,633;68
7682,633;91
7683,633;83
7684,633;82
7685,633;81
7686,633;13152
7687,633;78
7688,633;71
7689,633;77
7690,633;90
7691,633;87
7692,633;13177
7693,633;80
7694,633;81
7695,633;86
7696,633;80
7697,633;106
7698,633;13194
7699,633;61
7700,633;75
7701,633;91
7702,633;79
7703,633;80
7704,633;13171
7705,633;72
7706,633;85
7707,633;84
7708,633;78
7709,633;88
7710,633;13138
7711,633;87
7712,633;90
7713,633;67
7714,633;96
7715,633;90
7716,633;13167
7717,633;70
7718,633;67
7719,633;93
7720,633;94
7721,633;76
7722,633;13155
7723,633;74
7724,633;71
7725,633;81
7726,633;98
7727,633;95
7728,633;13158
7729,633;68
7730,633;73
7731,633;94
7732,633;85
7733,633;94
7734,633;13169
7735,633;64
7736,633;75
7737,633;79
7738,633;74
7739,633;78
7740,633;12810
7741,633;83
7742,633;60
7743,633;100
7744,633;90
7745,633;73
7746,633;13085
7747,633;84
7748,633;70
7749,633;84
7750,633;89
7751,633;84
7752,633;13130
7753,633;72
7754,633;73
7755,633;77
7756,633;72
7757,633;81
7758,633;13133
7759,633;85
7760,633;59
7761,633;89
7762,633;115
7763,633;81
7764,633;13138
7765,633;66
7766,633;83
7767,633;83
7768,633;83
7769,633;79
7770,633;13144
7771,633;75
7772,633;80
7773,633;90
7774,633;91
7775,633;99
7776,633;13138
7777,633;78
7778,548;72
7779,548;98
7780,548;80
7781,548;74
7782,548;13165
7783,548;77
7784,548;78
7785,548;80
7786,548;86
7787,548;84
7788,548;13161
7789,548;93
7790,548;76
7791,548;83
7792,548;107
7793,548;97
7794,548;13152
7795,548;75
7796,548;91
7797,548;95
7798,548;79
7799,548;96
7800,548;13181
7801,548;88
7802,548;82
7803,548;80
7804,548;79
7805,548;85
7806,548;13167
7807,548;80
7808,548;70
7809,548;89
7810,548;96
7811,548;82
7812,548;13148
7813,548;77
7814,548;88
7815,548;88
7816,548;74
7817,548;89
7818,548;13170
7819,548;73
7820,548;98
7821,548;81
7822,548;88
7823,548;90
7824,548;13156
7825,548;81
7826,548;71
7827,548;90
7828,548;97
7829,548;108
7830,548;13171
7831,548;79
7832,548;79
7833,548;86
7834,548;90
7835,548;99
7836,548;13194
7837,548;80
7838,548;76
7839,548;80
7840,548;95
7841,548;85
7842,548;13166
7843,548;91
7844,548;80
7845,548;94
7846,548;111
7847,548;106
7848,548;13179
7849,548;80
7850,548;90
7851,548;92
7852,548;83
7853,548;88
7854,548;13141
7855,548;82
7856,548;82
7857,548;77
7858,548;89
7859,548;82
7860,548;13177
7861,548;93
7862,548;84
7863,548;95
7864,548;92
7865,548;97
7866,548;13142
7867,548;88
7868,548;87
7869,548;81
7870,548;93
7871,548;92
7872,548;13145
7873,548;77
7874,548;90
7875,548;72
7876,548;86
7877,548;81
7878,548;13193
7879,625;87
7880,625;96
7881,625;85
7882,625;89
7883,625;99
7884,625;13171
7885,625;68
7886,625;89
7887,625;104
7888,625;92
7889,625;83
7890,625;13133
7891,625;76
7892,625;93
7893,625;88
7894,625;86
7895,625;86
7896,625;13191
7897,625;84
7898,625;85
7899,625;95
7900,625;105
7901,625;90
7902,625;13163
7903,625;71
7904,625;112
7905,625;93
7906,625;74
7907,625;102
7908,625;13159
7909,625;102
7910,625;95
7911,625;91
7912,625;82
7913,625;108
7914,625;13183
7915,625;73
7916,625;90
7917,625;102
7918,625;83
7919,625;89
7920,625;13159
7921,625;78
7922,625;98
7923,625;100
7924,625;88
7925,625;89
7926,625;13183
7927,625;74
7928,625;97
7929,625;84
7930,625;98
7931,625;107
7932,625;13119
7933,625;108
7934,625;95
7935,625;102
7936,625;76
7937,625;89
7938,625;13202
7939,625;97
7940,625;103
7941,625;85
7942,625;98
7943,625;97
7944,625;13168
7945,625;77
7946,625;92
7947,625;92
7948,625;98
7949,625;86
7950,625;13161
7951,625;87
7952,625;89
7953,625;84
7954,625;94
7955,625;88
7956,625;13137
7957,625;81
7958,625;101
7959,625;95
7960,625;80
7961,625;94
7962,625;13171
7963,625;88
7964,625;78
7965,625;93
7966,625;90
7967,625;83
7968,625;13173
7969,625;85
7970,625;84
7971,625;73
7972,625;94
7973,625;101
7974,625;13162
7975,625;94
7976,625;110
7977,625;83
7978,625;81
7979,625;79
7981,482;13194
7982,482;72
7983,482;85
7984,482;95
7985,482;95
7986,482;83
7987,482;13152
7988,482;75
7989,482;84
7990,482;87
7991,482;98
7992,482;84
7993,482;13174
7994,482;91
7995,482;84
7996,482;81
7997,482;89
7998,482;85
7999,482;13201
8000,482;105
8001,482;78
8002,482;109
8003,482;104
8004,482;105
8005,482;13142
8006,482;90
8007,482;81
8008,482;86
8009,482;85
8010,482;78
8011,482;13159
8012,482;90
8013,482;99
8014,482;91
8015,482;98
8016,482;103
8017,482;13177
8018,482;72
8019,482;90
8020,482;95
8021,482;91
8022,482;103
8023,482;13186
8024,482;80
8025,482;86
8026,482;82
8027,482;95
8028,482;68
8029,482;13157
8030,482;61
8031,482;72
8032,482;79
8033,482;97
8034,482;93
8035,482;13171
8036,482;86
8037,482;73
8038,482;92
8039,482;81
8040,482;93
8041,482;13201
8042,482;80
8043,482;74
8044,482;85
8045,482;97
8046,482;80
8047,482;13171
8048,482;68
8049,482;72
8050,482;78
8051,482;72
8052,482;88
8053,482;12800
8054,482;71
8055,482;61
8056,482;68
8057,482;83
8058,482;70
8059,482;13114
8060,482;68
8061,482;81
8062,482;89
8063,482;82
8064,482;100
8065,482;13155
8066,482;90
8067,482;95
8068,482;71
8069,482;71
8070,482;95
8071,482;13145
8072,482;77
8073,482;57
8074,482;97
8075,482;92
8076,482;96
8077,482;13180
8078,482;69
8079,482;86
8080,482;91
8081,482;85
8082,121;85
8083,121;13184
8084,121;80
8085,121;85
8086,121;87
8087,121;89
8088,121;103
8089,121;13155
8090,121;66
8091,121;80
8092,121;82
8093,121;70
8094,121;98
8095,121;13191
8096,121;68
8097,121;79
8098,121;82
8099,121;113
8100,121;87
8101,121;13183
8102,121;95
8103,121;96
8104,121;95
8105,121;103
8106,121;85
8107,121;13172
8108,121;82
8109,121;92
8110,121;86
8111,121;94
8112,121;86
8113,121;13180
8114,121;70
8115,121;82
8116,121;103
8117,121;84
8118,121;98
8119,121;13177
8120,121;74
8121,121;81
8122,121;84
8123,121;81
8124,121;97
8125,121;13189
8126,121;87
8127,121;80
8128,121;104
8129,121;98
8130,121;96
8131,121;13161
8132,121;87
8133,121;99
8134,121;102
8135,121;97
8136,121;81
8137,121;13164
8138,121;76
8139,121;103
8140,121;95
8141,121;86
8142,121;110
8143,121;13145
8144,121;81
8145,121;100
8146,121;112
8147,121;79
8148,121;91
8149,121;13166
8150,121;76
8151,121;79
8152,121;100
8153,121;113
8154,121;82
8155,121;13159
8156,121;89
8157,121;82
8158,121;100
8159,121;73
8160,121;99
8161,121;13180
8162,121;85
8163,121;85
8164,121;88
8165,121;80
8166,121;83
8167,121;13145
8168,121;88
8169,121;86
8170,121;83
8171,121;82
8172,121;91
8173,121;13151
8174,121;81
8175,121;111
8176,121;100
8177,121;106
8178,121;106
8179,121;13155
8180,121;81
8181,121;77
8182,121;82
8183,121;89
8184,121;89
8185,121;13146
8186,121;64
8187,121;94
8188,121;79
8189,121;98
8190,121;105
8191,121;13130
8192,121;84
8193,121;81
8194,121;89
8195,121;103
8196,121;97
8197,121;13164
8198,121;78
8199,121;96
8200,121;94
8201,121;83
8202,121;114
8203,121;13169
8204,121;102
8205,121;83
8206,121;83
8207,121;104
8208,121;100
8209,121;13170
8210,121;70
8211,121;88
8212,121;86
8213,121;104
8214,121;93
8215,121;13156
8216,121;86
8217,121;83
8218,121;98
8219,121;105
8220,121;107
8221,121;13160
8222,121;87
8223,121;102
8224,121;94
8225,121;97
8226,121;97
8227,121;13157
8228,121;89
8229,121;78
8230,121;71
8231,121;77
8232,121;96
8233,121;13157
8234,121;90
8235,121;70
8236,121;97
8237,121;84
8238,121;87
8239,121;13151
8240,121;88
8241,121;82
8242,121;92
8243,121;80
8244,121;80
8245,121;13161
8246,121;70
8247,121;86
8248,121;78
8249,121;89
8250,121;97
8251,121;13159
8252,121;87
8253,121;79
8254,121;98
8255,121;97
8256,121;95
8257,121;13159
8258,121;83
8259,121;90
8260,121;75
8261,121;84
8262,121;95
8263,121;13153
8264,121;103
8265,121;86
8266,121;85
8267,121;89
8268,121;102
8269,121;13162
8270,121;65
8271,121;94
8272,121;91
8273,121;80
8274,121;97
8275,121;13149
8276,121;85
8277,121;80
8278,121;80
8279,121;86
8280,121;74
8281,121;13153
8282,121;86
8283,121;110
8284,132;78
8285,132;88
8286,132;98
8287,132;13156
8288,132;67
8289,132;65
8290,132;87
8291,132;87
8292,132;94
8293,132;13158
8294,132;100
8295,132;91
8296,132;82
8297,132;83
8298,132;85
8299,132;13160
8300,132;66
8301,132;75
8302,132;69
8303,132;65
8304,132;84
8305,132;13123
8306,132;86
8307,132;95
8308,132;94
8309,132;86
8310,132;105
8311,132;13143
8312,132;83
8313,132;64
8314,132;78
8315,132;87
8316,132;89
8317,132;13134
8318,132;65
8319,132;85
8320,132;83
8321,132;84
8322,132;94
8323,132;13144
8324,132;94
8325,132;65
8326,132;78
8327,132;89
8328,132;87
8329,132;13154
8330,132;62
8331,132;69
8332,132;90
8333,132;85
8334,132;83
8335,132;13150
8336,132;91
8337,132;82
8338,132;80
8339,132;97
8340,132;88
8341,132;13153
8342,132;75
8343,132;84
8344,132;83
8345,132;80
8346,132;94
8347,132;13148
8348,132;75
8349,132;77
8350,132;86
8351,132;100
8352,132;102
8353,132;13144
8354,132;62
8355,132;83
8356,132;63
8357,132;76
8358,132;77
8359,132;13132
8360,132;83
8361,132;79
8362,132;77
8363,132;66
8364,132;84
8365,132;12845
8366,132;57
8367,132;77
8368,132;80
8369,132;85
8370,132;75
8371,132;13120
8372,132;74
8373,132;64
8374,132;75
8375,132;65
8376,132;85
8377,132;13152
8378,132;78
8379,132;91
8380,132;87
8381,132;74
8382,132;89
8383,132;13153
8384,132;58
8385,212;84
8386,212;98
8387,212;80
8388,212;71
8389,212;13144
8390,212;69
8391,212;67
8392,212;77
8393,212;80
8394,212;95
8395,212;13144
8396,212;84
8397,212;78
8398,212;58
8399,212;91
8400,212;83
8401,212;13175
8402,212;64
8403,212;94
8404,212;96
8405,212;84
8406,212;74
8407,212;13117
8408,212;62
8409,212;92
8410,212;69
8411,212;85
8412,212;89
8413,212;13164
8414,212;90
8415,212;92
8416,212;90
8417,212;107
8418,212;88
8419,212;13153
8420,212;74
8421,212;90
8422,212;93
8423,212;80
8424,212;85
8425,212;13140
8426,212;96
8427,212;78
8428,212;84
8429,212;92
8430,212;86
8431,212;13169
8432,212;86
8433,212;84
8434,212;96
8435,212;86
8436,212;104
8437,212;13168
8438,212;81
8439,212;62
8440,212;85
8441,212;95
8442,212;94
8443,212;13159
8444,212;65
8445,212;90
8446,212;116
8447,212;82
8448,212;76
8449,212;13145
8450,212;86
8451,212;93
8452,212;82
8453,212;100
8454,212;98
8455,212;13149
8456,212;76
8457,212;87
8458,212;97
8459,212;88
8460,212;77
8461,212;13156
8462,212;88
8463,212;70
8464,212;91
8465,212;100
8466,212;100
8467,212;13178
8468,212;79
8469,212;81
8470,212;92
8471,212;90
8472,212;101
8473,212;13148
8474,212;88
8475,212;80
8476,212;82
8477,212;108
8478,212;94
8479,212;13190
8480,212;73
8481,212;83
8482,212;82
8483,212;90
8484,212;84
8485,212;13143
8486,022;75
8487,022;84
8488,022;95
8489,022;98
8490,022;92
8491,022;13148
8492,022;92
8493,022;82
8494,022;90
8495,022;123
8496,022;68
8497,022;13181
8498,022;80
8499,022;82
8500,022;91
8501,022;100
8502,022;94
8503,022;13170
8504,022;84
8505,022;94
8506,022;84
8507,022;83
8508,022;93
8509,022;13178
8510,022;84
8511,022;72
8512,022;80
8513,022;101
8514,022;87
8515,022;13153
8516,022;95
8517,022;65
8518,022;101
8519,022;77
8520,022;84
8521,022;13177
8522,022;92
8523,022;87
8524,022;78
8525,022;103
8526,022;106
8527,022;13127
8528,022;85
8529,022;72
8530,022;82
8531,022;99
8532,022;112
8533,022;13128
8534,022;73
8535,022;77
8536,022;91
8537,022;87
8538,022;85
8539,022;13184
8540,022;67
8541,022;83
8542,022;90
8543,022;100
8544,022;99
8545,022;13147
8546,022;90
8547,022;80
8548,022;89
8549,022;96
8550,022;93
8551,022;13156
8552,022;105
8553,022;81
8554,022;95
8555,022;90
8556,022;85
8557,022;13177
8558,022;80
8559,022;96
8560,022;87
8561,022;90
8562,022;102
8563,022;13131
8564,022;82
8565,022;82
8566,022;88
8567,022;100
8568,022;98
8569,022;13150
8570,022;99
8571,022;81
8572,022;92
8573,022;111
8574,022;76
8575,022;13190
8576,022;75
8577,022;95
8578,022;79
8579,022;89
8580,022;98
8581,022;13185
8582,022;85
8583,022;100
8584,022;86
8585,022;93
8586,022;87
8587,22;13153
8588,22;82
8589,22;72
8590,22;92
8591,22;91
8592,22;96
8593,22;13181
8594,22;99
8595,22;82
8596,22;76
8597,22;87
8598,22;86
8599,22;13175
8600,22;101
8601,22;99
8602,22;96
8603,22;102
8604,22;105
8605,22;13162
8606,22;97
8607,22;83
8608,22;92
8609,22;83
8610,22;93
8611,22;13170
8612,22;70
8613,22;75
8614,22;78
8615,22;99
8616,22;87
8617,22;13162
8618,22;80
8619,22;94
8620,22;103
8621,22;111
8622,22;93
8623,22;13183
8624,22;96
8625,22;91
8626,22;98
8627,22;91
8628,22;78
8629,22;13178
8630,22;73
8631,22;92
8632,22;90
8633,22;96
8634,22;88
8635,22;13159
8636,22;84
8637,22;79
8638,22;84
8639,22;89
8640,22;99
8641,22;13157
8642,22;67
8643,22;75
8644,22;89
8645,22;106
8646,22;103
8647,22;13146
8648,22;63
8649,22;85
8650,22;86
8651,22;68
8652,22;106
8653,22;13148
8654,22;103
8655,22;83
8656,22;90
8657,22;84
8658,22;85
8659,22;13151
8660,22;74
8661,22;90
8662,22;77
8663,22;79
8664,22;91
8665,22;13153
8666,22;89
8667,22;80
8668,22;75
8669,22;90
8670,22;82
8671,22;13159
8672,22;90
8673,22;96
8674,22;82
8675,22;83
8676,22;95
8677,22;12855
8678,22;60
8679,22;98
8680,22;70
8681,22;81
8682,22;98
8683,22;13124
8684,22;97
8685,22;81
8686,22;77
8687,22;82
8687,168;91
8688,168;13117
8689,168;84
8690,168;61
8691,168;94
8692,168;86
8693,168;97
8694,168;13162
8695,168;86
8696,168;83
8697,168;79
8698,168;108
8699,168;95
8700,168;13145
8701,168;88
8702,168;89
8703,168;97
8704,168;95
8705,168;106
8706,168;13177
8707,168;96
8708,168;104
8709,168;90
8710,168;84
8711,168;106
8712,168;13169
8713,168;82
8714,168;90
8715,168;87
8716,168;96
8717,168;95
8718,168;13177
8719,168;101
8720,168;88
8721,168;118
8722,168;96
8723,168;94
8724,168;13148
8725,168;81
8726,168;92
8727,168;99
8728,168;103
8729,168;100
8730,168;13212
8731,168;81
8732,168;91
8733,168;89
8734,168;103
8735,168;95
8736,168;13178
8737,168;73
8738,168;91
8739,168;81
8740,168;76
8741,168;99
8742,168;13184
8743,168;60
8744,168;88
8745,168;82
8746,168;82
8747,168;94
8748,168;13153
8749,168;84
8750,168;81
8751,168;100
8752,168;91
8753,168;92
8754,168;13171
8755,168;72
8756,168;79
8757,168;101
8758,168;111
8759,168;103
8760,168;13181
8761,168;86
8762,168;89
8763,168;80
8764,168;107
8765,168;94
8766,168;13176
8767,168;84
8768,168;81
8769,168;98
8770,168;93
8771,168;76
8772,168;13163
8773,168;96
8774,168;91
8775,168;85
8776,168;99
8777,168;104
8778,168;13164
8779,168;75
8780,168;86
8781,168;89
8782,168;89
8783,168;89
8784,168;13144
8785,168;92
8786,168;84
8787,168;83
8788,168;109
8789,168;94
8790,168;13157
8791,168;69
8792,168;93
8793,168;88
8794,168;85
8795,168;84
8796,168;13145
8797,168;75
8798,168;68
8799,168;89
8800,168;95
8801,168;99
8802,168;13177
8803,168;76
8804,168;81
8805,168;93
8806,168;109
8807,168;93
8808,168;13136
8809,168;87
8810,168;78
8811,168;80
8812,168;81
8813,168;94
8814,168;13147
8815,168;84
8816,168;95
8817,168;91
8818,168;85
8819,168;93
8820,168;13168
8821,168;78
8822,168;88
8823,168;100
8824,168;82
8825,168;103
8826,168;13150
8827,168;84
8828,168;111
8829,168;95
8830,168;80
8831,168;99
8832,168;13143
8833,168;84
8834,168;72
8835,168;94
8836,168;79
8837,168;105
8838,168;13161
8839,168;81
8840,168;87
8841,168;90
8842,168;109
8843,168;102
8844,168;13180
8845,168;87
8846,168;84
8847,168;95
8848,168;96
8849,168;90
8850,168;13145
8851,168;76
8852,168;96
8853,168;93
8854,168;90
8855,168;111
8856,168;13123
8857,168;81
8858,168;78
8859,168;99
8860,168;100
8861,168;100
8862,168;13188
8863,168;77
8864,168;89
8865,168;88
8866,168;100
8867,168;102
8868,168;13155
8869,168;86
8870,168;92
8871,168;92
8872,168;99
8873,168;106
8874,168;13154
8875,168;81
8876,168;70
8877,168;88
8878,168;107
8879,168;103
8880,168;13168
8881,168;93
8882,168;78
8883,168;104
8884,168;84
8885,168;97
8886,168;13156
8887,168;90
8888,168;57
8889,422;78
8890,422;81
8891,422;100
8892,422;13146
8893,422;68
8894,422;62
8895,422;89
8896,422;98
8897,422;74
8898,422;13160
8899,422;75
8900,422;92
8901,422;108
8902,422;83
8903,422;80
8904,422;13136
8905,422;90
8906,422;89
8907,422;75
8908,422;82
8909,422;109
8910,422;13150
8911,422;80
8912,422;79
8913,422;87
8914,422;119
8915,422;94
8916,422;13160
8917,422;71
8918,422;85
8919,422;95
8920,422;88
8921,422;113
8922,422;13134
8923,422;83
8924,422;81
8925,422;87
8926,422;86
8927,422;84
8928,422;13118
8929,422;83
8930,422;90
8931,422;96
8932,422;67
8933,422;81
8934,422;13123
8935,422;74
8936,422;97
8937,422;81
8938,422;79
8939,422;80
8940,422;13174
8941,422;68
8942,422;88
8943,422;79
8944,422;79
8945,422;92
8946,422;13147
8947,422;75
8948,422;74
8949,422;80
8950,422;82
8951,422;101
8952,422;13145
8953,422;73
8954,422;85
8955,422;74
8956,422;74
8957,422;109
8958,422;13171
8959,422;81
8960,422;78
8961,422;88
8962,422;95
8963,422;88
8964,422;13194
8965,422;81
8966,422;81
8967,422;79
8968,422;70
8969,422;85
8970,422;13144
8971,422;62
8972,422;83
8973,422;75
8974,422;89
8975,422;74
8976,422;13137
8977,422;80
8978,422;81
8979,422;72
8980,422;97
8981,422;94
8982,422;13168
8983,422;73
8984,422;74
8985,422;57
8986,422;88
8987,422;77
8988,422;12842
8989,422;86
8990,762;73
8991,762;94
8992,762;84
8993,762;85
8994,762;13105
8995,762;68
8996,762;80
8997,762;84
8998,762;85
8999,762;63
9000,762;13126
9001,762;70
9002,762;62
9003,762;83
9004,762;81
9005,762;85
9006,762;13160
9007,762;67
9008,762;69
9009,762;101
9010,762;86
9011,762;89
9012,762;13145
9013,762;74
9014,762;76
9015,762;80
9016,762;85
9017,762;110
9018,762;13129
9019,762;85
9020,762;91
9021,762;70
9022,762;86
9023,762;90
9024,762;13131
9025,762;84
9026,762;90
9027,762;74
9028,762;98
9029,762;69
9030,762;13143
9031,762;66
9032,762;89
9033,762;72
9034,762;89
9035,762;77
9036,762;13126
9037,762;78
9038,762;77
9039,762;74
9040,762;71
9041,762;79
9042,762;13161
9043,762;87
9044,762;76
9045,762;82
9046,762;80
9047,762;88
9048,762;13133
9049,762;89
9050,762;86
9051,762;94
9052,762;78
9053,762;99
9054,762;13154
9055,762;96
9056,762;75
9057,762;91
9058,762;101
9059,762;98
9060,762;13162
9061,762;65
9062,762;81
9063,762;85
9064,762;95
9065,762;83
9066,762;13143
9067,762;82
9068,762;91
9069,762;91
9070,762;98
9071,762;85
9072,762;13153
9073,762;79
9074,762;74
9075,762;98
9076,762;96
9077,762;99
9078,762;13131
9079,762;74
9080,762;72
9081,762;81
9082,762;106
9083,762;95
9084,762;13115
9085,762;84
9086,762;80
9087,762;97
9088,762;70
9089,762;105
9090,762;13121
9090,996;87
9091,996;84
9092,996;108
9093,996;90
9094,996;95
9095,996;13167
9096,996;74
9097,996;81
9098,996;83
9099,996;90
9100,996;94
9101,996;13155
9102,996;80
9103,996;91
9104,996;103
9105,996;74
9106,996;95
9107,996;13151
9108,996;74
9109,996;92
9110,996;93
9111,996;88
9112,996;89
9113,996;13173
9114,996;90
9115,996;81
9116,996;99
9117,996;97
9118,996;99
9119,996;13166
9120,996;85
9121,996;97
9122,996;103
9123,996;98
9124,996;101
9125,996;13168
9126,996;79
9127,996;99
9128,996;91
9129,996;96
9130,996;107
9131,996;13141
9132,996;93
9133,996;97
9134,996;84
9135,996;93
9136,996;96
9137,996;13145
9138,996;96
9139,996;82
9140,996;93
9141,996;97
9142,996;122
9143,996;13137
9144,996;85
9145,996;84
9146,996;95
9147,996;92
9148,996;90
9149,996;13179
9150,996;65
9151,996;88
9152,996;93
9153,996;86
9154,996;87
9155,996;13155
9156,996;99
9157,996;68
9158,996;90
9159,996;79
9160,996;96
9161,996;13162
9162,996;84
9163,996;85
9164,996;112
9165,996;106
9166,996;91
9167,996;13119
9168,996;84
9169,996;76
9170,996;99
9171,996;72
9172,996;87
9173,996;13123
9174,996;92
9175,996;78
9176,996;89
9177,996;96
9178,996;95
9179,996;13161
9180,996;104
9181,996;79
9182,996;101
9183,996;110
9184,996;119
9185,996;13183
9186,996;80
9187,996;81
9188,996;106
9189,996;92
9190,996;103
9191,982;13158
9192,982;86
9193,982;99
9194,982;80
9195,982;112
9196,982;98
9197,982;13180
9198,982;90
9199,982;87
9200,982;97
9201,982;108
9202,982;109
9203,982;13145
9204,982;89
9205,982;73
9206,982;92
9207,982;91
9208,982;85
9209,982;13170
9210,982;90
9211,982;86
9212,982;76
9213,982;107
9214,982;93
9215,982;13182
9216,982;92
9217,982;99
9218,982;87
9219,982;100
9220,982;107
9221,982;13164
9222,982;85
9223,982;94
9224,982;83
9225,982;106
9226,982;108
9227,982;13176
9228,982;93
9229,982;102
9230,982;100
9231,982;82
9232,982;97
9233,982;13169
9234,982;88
9235,982;96
9236,982;93
9237,982;86
9238,982;94
9239,982;13182
9240,982;70
9241,982;86
9242,982;94
9243,982;111
9244,982;111
9245,982;13175
9246,982;94
9247,982;80
9248,982;102
9249,982;99
9250,982;83
9251,982;13140
9252,982;104
9253,982;87
9254,982;78
9255,982;107
9256,982;108
9257,982;13146
9258,982;87
9259,982;88
9260,982;84
9261,982;90
9262,982;101
9263,982;13153
9264,982;75
9265,982;86
9266,982;93
9267,982;94
9268,982;93
9269,982;13189
9270,982;87
9271,982;80
9272,982;90
9273,982;77
9274,982;94
9275,982;13182
9276,982;75
9277,982;84
9278,982;88
9279,982;96
9280,982;95
9281,982;13204
9282,982;89
9283,982;82
9284,982;76
9285,982;93
9286,982;87
9287,982;13148
9288,982;78
9289,982;82
9290,982;84
9291,982;91
9293,982;96
9294,982;13153
9295,982;72
9296,982;83
9297,982;83
9298,982;92
9299,982;92
9300,982;12839
9301,982;79
9302,982;88
9303,982;79
9304,982;93
9305,982;87
9306,982;13082
9307,982;74
9308,982;110
9309,982;94
9310,982;82
9311,982;104
9312,982;13148
9313,982;80
9314,982;105
9315,982;86
9316,982;91
9317,982;86
9318,982;13198
9319,982;93
9320,982;89
9321,982;78
9322,982;92
9323,982;87
9324,982;13153
9325,982;85
9326,982;74
9327,982;95
9328,982;109
9329,982;86
9330,982;13135
9331,982;83
9332,982;94
9333,982;107
9334,982;85
9335,982;92
9336,982;13188
9337,982;93
9338,982;81
9339,982;102
9340,982;98
9341,982;85
9342,982;13184
9343,982;77
9344,982;79
9345,982;76
9346,982;82
9347,982;81
9348,982;13159
9349,982;93
9350,982;83
9351,982;89
9352,982;85
9353,982;114
9354,982;13165
9355,982;78
9356,982;101
9357,982;102
9358,982;82
9359,982;100
9360,982;13206
9361,982;95
9362,982;98
9363,982;104
9364,982;91
9365,982;108
9366,982;13181
9367,982;86
9368,982;84
9369,982;92
9370,982;89
9371,982;93
9372,982;13152
9373,982;86
9374,982;99
9375,982;76
9376,982;90
9377,982;113
9378,982;13173
9379,982;84
9380,982;107
9381,982;98
9382,982;106
9383,982;119
9384,982;13187
9385,982;73
9386,982;90
9387,982;98
9388,982;73
9389,982;113
9390,982;13186
9391,982;95
9392,982;102
9393,982;95
9395,212;93
9396,212;94
9397,212;13169
9398,212;84
9399,212;98
9400,212;91
9401,212;102
9402,212;94
9403,212;13125
9404,212;77
9405,212;82
9406,212;86
9407,212;98
9408,212;104
9409,212;13160
9410,212;86
9411,212;78
9412,212;85
9413,212;105
9414,212;97
9415,212;13178
9416,212;92
9417,212;99
9418,212;93
9419,212;90
9420,212;98
9421,212;13148
9422,212;75
9423,212;77
9424,212;105
9425,212;88
9426,212;83
9427,212;13152
9428,212;89
9429,212;76
9430,212;94
9431,212;91
9432,212;99
9433,212;13140
9434,212;77
9435,212;102
9436,212;97
9437,212;103
9438,212;90
9439,212;13142
9440,212;93
9441,212;92
9442,212;85
9443,212;98
9444,212;98
9445,212;13172
9446,212;85
9447,212;78
9448,212;81
9449,212;109
9450,212;92
9451,212;13182
9452,212;91
9453,212;95
9454,212;92
9455,212;79
9456,212;98
9457,212;13161
9458,212;88
9459,212;83
9460,212;95
9461,212;99
9462,212;82
9463,212;13160
9464,212;78
9465,212;96
9466,212;92
9467,212;93
9468,212;94
9469,212;13134
9470,212;65
9471,212;95
9472,212;87
9473,212;107
9474,212;104
9475,212;13158
9476,212;100
9477,212;96
9478,212;84
9479,212;92
9480,212;77
9481,212;13168
9482,212;88
9483,212;80
9484,212;113
9485,212;95
9486,212;104
9487,212;13137
9488,212;90
9489,212;81
9490,212;102
9491,212;95
9492,212;111
9493,212;13140
9494,212;97
9495,212;81
9496,143;80
9497,143;101
9498,143;85
9499,143;13151
9500,143;98
9501,143;91
9502,143;89
9503,143;84
9504,143;83
9505,143;13150
9506,143;88
9507,143;95
9508,143;88
9509,143;91
9510,143;98
9511,143;13182
9512,143;100
9513,143;76
9514,143;92
9515,143;80
9516,143;91
9517,143;13164
9518,143;84
9519,143;90
9520,143;82
9521,143;95
9522,143;92
9523,143;13139
9524,143;72
9525,143;97
9526,143;93
9527,143;99
9528,143;109
9529,143;13126
9530,143;72
9531,143;78
9532,143;84
9533,143;94
9534,143;96
9535,143;13144
9536,143;80
9537,143;101
9538,143;66
9539,143;94
9540,143;86
9541,143;13141
9542,143;91
9543,143;78
9544,143;95
9545,143;96
9546,143;88
9547,143;13148
9548,143;67
9549,143;77
9550,143;80
9551,143;110
9552,143;106
9553,143;13111
9554,143;61
9555,143;79
9556,143;89
9557,143;97
9558,143;78
9559,143;13134
9560,143;88
9561,143;90
9562,143;91
9563,143;85
9564,143;93
9565,143;13134
9566,143;75
9567,143;75
9568,143;77
9569,143;90
9570,143;100
9571,143;13165
9572,143;79
9573,143;80
9574,143;85
9575,143;111
9576,143;107
9577,143;13144
9578,143;82
9579,143;76
9580,143;83
9581,143;87
9582,143;105
9583,143;13159
9584,143;87
9585,143;74
9586,143;87
9587,143;92
9588,143;85
9589,143;13174
9590,143;79
9591,143;79
9592,143;68
9593,143;89
9594,143;83
9595,143;13147
9596,143;76
9597,965;74
9598,965;70
9599,965;72
9600,965;79
9601,965;13192
9602,965;73
9603,965;59
9604,965;89
9605,965;89
9606,965;87
9607,965;13165
9608,965;73
9609,965;79
9610,965;86
9611,965;63
9612,965;86
9613,965;12831
9614,965;79
9615,965;81
9616,965;72
9617,965;78
9618,965;81
9619,965;13129
9620,965;84
9621,965;99
9622,965;65
9623,965;73
9624,965;79
9625,965;13083
9626,965;90
9627,965;79
9628,965;89
9629,965;96
9630,965;83
9631,965;13141
9632,965;79
9633,965;86
9634,965;86
9635,965;86
9636,965;82
9637,965;13143
9638,965;64
9639,965;87
9640,965;90
9641,965;97
9642,965;96
9643,965;13140
9644,965;75
9645,965;81
9646,965;103
9647,965;81
9648,965;78
9649,965;13124
9650,965;72
9651,965;87
9652,965;94
9653,965;79
9654,965;73
9655,965;13129
9656,965;63
9657,965;78
9658,965;96
9659,965;88
9660,965;97
9661,965;13146
9662,965;85
9663,965;82
9664,965;90
9665,965;92
9666,965;109
9667,965;13124
9668,965;83
9669,965;100
9670,965;69
9671,965;89
9672,965;87
9673,965;13144
9674,965;73
9675,965;69
9676,965;94
9677,965;78
9678,965;85
9679,965;13143
9680,965;73
9681,965;86
9682,965;97
9683,965;82
9684,965;91
9685,965;13161
9686,965;88
9687,965;102
9688,965;75
9689,965;74
9690,965;102
9691,965;13116
9692,965;66
9693,965;77
9694,965;99
9695,965;64
9696,965;90
9697,965;13178
9698,114;80
9699,114;92
9700,114;97
9701,114;72
9702,114;92
9703,114;13168
9704,114;91
9705,114;81
9706,114;101
9707,114;88
9708,114;84
9709,114;13136
9710,114;82
9711,114;93
9712,114;96
9713,114;93
9714,114;87
9715,114;13142
9716,114;80
9717,114;81
9718,114;77
9719,114;78
9720,114;90
9721,114;13123
9722,114;85
9723,114;79
9724,114;105
9725,114;89
9726,114;86
9727,114;13163
9728,114;64
9729,114;88
9730,114;81
9731,114;94
9732,114;92
9733,114;13143
9734,114;94
9735,114;104
9736,114;94
9737,114;77
9738,114;89
9739,114;13165
9740,114;88
9741,114;86
9742,114;82
9743,114;118
9744,114;83
9745,114;13136
9746,114;97
9747,114;97
9748,114;78
9749,114;84
9750,114;90
9751,114;13178
9752,114;88
9753,114;85
9754,114;99
9755,114;97
9756,114;92
9757,114;13180
9758,114;66
9759,114;70
9760,114;85
9761,114;102
9762,114;87
9763,114;13168
9764,114;79
9765,114;69
9766,114;91
9767,114;98
9768,114;92
9769,114;13165
9770,114;81
9771,114;86
9772,114;104
9773,114;81
9774,114;99
9775,114;13148
9776,114;89
9777,114;85
9778,114;96
9779,114;95
9780,114;91
9781,114;13189
9782,114;66
9783,114;80
9784,114;79
9785,114;91
9786,114;90
9787,114;13154
9788,114;84
9789,114;94
9790,114;100
9791,114;79
9792,114;81
9793,114;13169
9794,114;75
9795,114;102
9796,114;78
9797,114;103
9798,114;89
9799,114;13155
9800,114;87
9801,114;77
9802,114;88
9803,114;92
9804,114;92
9805,114;13158
9806,114;76
9807,114;84
9808,114;93
9809,114;96
9810,114;117
9811,114;13161
9812,114;90
9813,114;100
9814,114;78
9815,114;91
9816,114;107
9817,114;13158
9818,114;92
9819,114;72
9820,114;87
9821,114;106
9822,114;92
9823,114;13154
9824,114;78
9825,114;99
9826,114;95
9827,114;83
9828,114;100
9829,114;13158
9830,114;84
9831,114;93
9832,114;81
9833,114;90
9834,114;86
9835,114;13171
9836,114;75
9837,114;97
9838,114;86
9839,114;104
9840,114;106
9841,114;13169
9842,114;81
9843,114;98
9844,114;99
9845,114;83
9846,114;83
9847,114;13162
9848,114;100
9849,114;100
9850,114;95
9851,114;91
9852,114;90
9853,114;13165
9854,114;76
9855,114;92
9856,114;101
9857,114;95
9858,114;110
9859,114;13117
9860,114;77
9861,114;101
9862,114;85
9863,114;123
9864,114;82
9865,114;13188
9866,114;84
9867,114;92
9868,114;87
9869,114;103
9870,114;98
9871,114;13155
9872,114;74
9873,114;90
9874,114;104
9875,114;96
9876,114;102
9877,114;13156
9878,114;74
9879,114;83
9880,114;75
9881,114;126
9882,114;91
9883,114;13171
9884,114;82
9885,114;79
9886,114;85
9887,114;105
9888,114;101
9889,114;13152
9890,114;82
9891,114;97
9892,114;90
9893,114;101
9894,114;100
9895,114;13192
9896,114;83
9897,114;89
9898,114;77
9899,114;89
9899,625;84
9900,625;13161
9901,625;83
9902,625;106
9903,625;79
9904,625;89
9905,625;91
9906,625;13147
9907,625;90
9908,625;97
9909,625;95
9910,625;94
9911,625;103
9912,625;13117
9913,625;85
9914,625;86
9915,625;72
9916,625;83
9917,625;81
9918,625;13173
9919,625;84
9920,625;72
9921,625;98
9922,625;96
9923,625;80
9924,625;12827
9925,625;87
9926,625;91
9927,625;90
9928,625;80
9929,625;100
9930,625;13125
9931,625;85
9932,625;114
9933,625;90
9934,625;80
9935,625;100
9936,625;13186
9937,625;91
9938,625;83
9939,625;89
9940,625;84
9941,625;82
9942,625;13156
9943,625;89
9944,625;84
9945,625;84
9946,625;100
9947,625;90
9948,625;13159
9949,625;77
9950,625;90
9951,625;115
9952,625;103
9953,625;108
9954,625;13193
9955,625;95
9956,625;100
9957,625;96
9958,625;95
9959,625;88
9960,625;13172
9961,625;74
9962,625;95
9963,625;83
9964,625;90
9965,625;87
9966,625;13178
9967,625;99
9968,625;85
9969,625;86
9970,625;108
9971,625;111
9972,625;13161
9973,625;82
9974,625;81
9975,625;103
9976,625;95
9977,625;96
9978,625;13188
9979,625;98
9980,625;105
9981,625;100
9982,625;91
9983,625;96
9984,625;13177
9985,625;92
9986,625;85
9987,625;86
9988,625;101
9989,625;89
9990,625;13179
9991,625;96
9992,625;85
9993,625;101
9994,625;92
9995,625;97
9996,625;13164
9997,625;102
9998,625;73
9999,625;96
10001,059;90
10002,059;115
10003,059;13163
10004,059;86
10005,059;89
10006,059;92
10007,059;72
10008,059;96
10009,059;13176
10010,059;94
10011,059;87
10012,059;104
10013,059;98
10014,059;97
10015,059;13161
10016,059;80
10017,059;86
10018,059;86
10019,059;86
10020,059;92
10021,059;13184
10022,059;72
10023,059;92
10024,059;89
10025,059;103
10026,059;85
10027,059;13156
10028,059;75
10029,059;84
10030,059;94
10031,059;92
10032,059;96
10033,059;13118
10034,059;99
10035,059;89
10036,059;80
10037,059;80
10038,059;92
10039,059;13138
10040,059;92
10041,059;83
10042,059;82
10043,059;85
10044,059;97
10045,059;13130
10046,059;72
10047,059;94
10048,059;114
10049,059;97
10050,059;112
10051,059;13191
10052,059;76
10053,059;98
10054,059;104
10055,059;109
10056,059;92
10057,059;13182
10058,059;89
10059,059;82
10060,059;96
10061,059;92
10062,059;100
10063,059;13174
10064,059;82
10065,059;78
10066,059;81
10067,059;91
10068,059;100
10069,059;13150
10070,059;82
10071,059;78
10072,059;105
10073,059;110
10074,059;95
10075,059;13177
10076,059;81
10077,059;76
10078,059;98
10079,059;90
10080,059;92
10081,059;13178
10082,059;81
10083,059;90
10084,059;93
10085,059;90
10086,059;104
10087,059;13124
10088,059;88
10089,059;76
10090,059;110
10091,059;92
10092,059;89
10093,059;13115
10094,059;73
10095,059;95
10096,059;84
10097,059;90
10098,059;105
10099,059;13116
10100,059;65
10101,059;83
10101,286;88
10102,286;90
10103,286;83
10104,286;13133
10105,286;70
10106,286;75
10107,286;88
10108,286;81
10109,286;89
10110,286;13130
10111,286;81
10112,286;69
10113,286;85
10114,286;87
10115,286;95
10116,286;13158
10117,286;84
10118,286;86
10119,286;90
10120,286;91
10121,286;108
10122,286;13152
10123,286;76
10124,286;98
10125,286;76
10126,286;88
10127,286;75
10128,286;13182
10129,286;84
10130,286;99
10131,286;93
10132,286;93
10133,286;93
10134,286;13160
10135,286;89
10136,286;81
10137,286;93
10138,286;97
10139,286;82
10140,286;13169
10141,286;67
10142,286;85
10143,286;103
10144,286;100
10145,286;110
10146,286;13134
10147,286;68
10148,286;75
10149,286;77
10150,286;78
10151,286;106
10152,286;13151
10153,286;72
10154,286;85
10155,286;105
10156,286;88
10157,286;104
10158,286;13145
10159,286;77
10160,286;87
10161,286;65
10162,286;82
10163,286;74
10164,286;13177
10165,286;95
10166,286;99
10167,286;77
10168,286;83
10169,286;94
10170,286;13148
10171,286;69
10172,286;69
10173,286;86
10174,286;90
10175,286;93
10176,286;13172
10177,286;69
10178,286;86
10179,286;77
10180,286;77
10181,286;94
10182,286;13141
10183,286;69
10184,286;78
10185,286;93
10186,286;74
10187,286;98
10188,286;13131
10189,286;78
10190,286;93
10191,286;74
10192,286;107
10193,286;80
10194,286;13144
10195,286;87
10196,286;64
10197,286;81
10198,286;96
10199,286;83
10200,286;13160
10201,286;78
10203,301;86
10204,301;91
10205,301;82
10206,301;91
10207,301;13189
10208,301;80
10209,301;85
10210,301;77
10211,301;89
10212,301;78
10213,301;13115
10214,301;80
10215,301;80
10216,301;79
10217,301;72
10218,301;69
10219,301;13079
10220,301;66
10221,301;82
10222,301;80
10223,301;76
10224,301;97
10225,301;13114
10226,301;61
10227,301;80
10228,301;96
10229,301;71
10230,301;74
10231,301;13164
10232,301;84
10233,301;87
10234,301;79
10235,301;70
10236,301;75
10237,301;12827
10238,301;78
10239,301;75
10240,301;94
10241,301;76
10242,301;82
10243,301;13098
10244,301;71
10245,301;78
10246,301;81
10247,301;79
10248,301;73
10249,301;13097
10250,301;82
10251,301;77
10252,301;87
10253,301;73
10254,301;79
10255,301;13125
10256,301;88
10257,301;69
10258,301;78
10259,301;76
10260,301;78
10261,301;13167
10262,301;65
10263,301;71
10264,301;75
10265,301;87
10266,301;98
10267,301;13135
10268,301;88
10269,301;82
10270,301;82
10271,301;94
10272,301;86
10273,301;13174
10274,301;78
10275,301;85
10276,301;84
10277,301;94
10278,301;105
10279,301;13182
10280,301;72
10281,301;92
10282,301;67
10283,301;89
10284,301;92
10285,301;13131
10286,301;71
10287,301;78
10288,301;87
10289,301;88
10290,301;93
10291,301;13124
10292,301;91
10293,301;71
10294,301;76
10295,301;88
10296,301;95
10297,301;13178
10298,301;81
10299,301;75
10300,301;71
10301,301;85
10302,301;82
10303,301;13137
10303,301;77
10304,301;77
10305,301;75
10306,301;86
10307,301;89
10308,301;13137
10309,301;80
10310,301;78
10311,301;85
10312,301;89
10313,301;87
10314,301;13120
10315,301;74
10316,301;82
10317,301;77
10318,301;91
10319,301;82
10320,301;13149
10321,301;75
10322,301;79
10323,301;77
10324,301;105
10325,301;86
10326,301;13153
10327,301;90
10328,301;95
10329,301;116
10330,301;74
10331,301;108
10332,301;13123
10333,301;77
10334,301;74
10335,301;81
10336,301;86
10337,301;92
10338,301;13178
10339,301;96
10340,301;75
10341,301;87
10342,301;99
10343,301;104
10344,301;13178
10345,301;81
10346,301;72
10347,301;101
10348,301;97
10349,301;105
10350,301;13148
10351,301;85
10352,301;82
10353,301;81
10354,301;83
10355,301;128
10356,301;13155
10357,301;81
10358,301;92
10359,301;86
10360,301;72
10361,301;94
10362,301;13159
10363,301;86
10364,301;83
10365,301;88
10366,301;88
10367,301;97
10368,301;13164
10369,301;86
10370,301;93
10371,301;78
10372,301;94
10373,301;68
10374,301;13185
10375,301;73
10376,301;82
10377,301;104
10378,301;85
10379,301;72
10380,301;13159
10381,301;100
10382,301;87
10383,301;82
10384,301;92
10385,301;105
10386,301;13166
10387,301;79
10388,301;86
10389,301;106
10390,301;81
10391,301;98
10392,301;13081
10393,301;67
10394,301;91
10395,301;106
10396,301;73
10397,301;105
10398,301;13193
10399,301;73
10400,301;83
10401,301;90
10402,301;92
10403,301;93
10404,981;13181
10405,981;68
10406,981;78
10407,981;100
10408,981;82
10409,981;105
10410,981;13144
10411,981;74
10412,981;95
10413,981;74
10414,981;74
10415,981;89
10416,981;13152
10417,981;94
10418,981;82
10419,981;85
10420,981;109
10421,981;81
10422,981;13157
10423,981;77
10424,981;75
10425,981;82
10426,981;105
10427,981;89
10428,981;13122
10429,981;91
10430,981;81
10431,981;108
10432,981;101
10433,981;92
10434,981;13176
10435,981;85
10436,981;78
10437,981;89
10438,981;84
10439,981;106
10440,981;13168
10441,981;80
10442,981;90
10443,981;91
10444,981;92
10445,981;109
10446,981;13164
10447,981;78
10448,981;97
10449,981;102
10450,981;121
10451,981;100
10452,981;13150
10453,981;72
10454,981;85
10455,981;91
10456,981;72
10457,981;100
10458,981;13176
10459,981;93
10460,981;94
10461,981;92
10462,981;85
10463,981;126
10464,981;13131
10465,981;89
10466,981;86
10467,981;86
10468,981;86
10469,981;102
10470,981;13175
10471,981;89
10472,981;98
10473,981;85
10474,981;93
10475,981;103
10476,981;13158
10477,981;83
10478,981;98
10479,981;90
10480,981;112
10481,981;99
10482,981;13149
10483,981;85
10484,981;110
10485,981;87
10486,981;97
10487,981;97
10488,981;13143
10489,981;71
10490,981;97
10491,981;94
10492,981;109
10493,981;106
10494,981;13166
10495,981;78
10496,981;102
10497,981;93
10498,981;89
10499,981;102
10500,981;13141
10501,981;81
10502,981;83
10503,981;106
10504,981;98
10505,529;112
10506,529;13142
10507,529;88
10508,529;90
10509,529;87
10510,529;85
10511,529;100
10512,529;13171
10513,529;72
10514,529;105
10515,529;98
10516,529;94
10517,529;84
10518,529;13170
10519,529;72
10520,529;72
10521,529;90
10522,529;101
10523,529;92
10524,529;13169
10525,529;92
10526,529;96
10527,529;69
10528,529;105
10529,529;102
10530,529;13119
10531,529;83
10532,529;99
10533,529;110
10534,529;105
10535,529;111
10536,529;13147
10537,529;80
10538,529;91
10539,529;93
10540,529;89
10541,529;92
10542,529;13154
10543,529;89
10544,529;90
10545,529;94
10546,529;84
10547,529;107
10548,529;12798
10549,529;70
10550,529;85
10551,529;96
10552,529;97
10553,529;98
10554,529;13048
10555,529;89
10556,529;76
10557,529;85
10558,529;88
10559,529;97
10560,529;13156
10561,529;87
10562,529;92
10563,529;95
10564,529;101
10565,529;100
10566,529;13157
10567,529;87
10568,529;88
10569,529;87
10570,529;83
10571,529;103
10572,529;13140
10573,529;100
10574,529;100
10575,529;67
10576,529;86
10577,529;108
10578,529;13154
10579,529;76
10580,529;92
10581,529;103
10582,529;81
10583,529;97
10584,529;13149
10585,529;88
10586,529;84
10587,529;92
10588,529;117
10589,529;94
10590,529;13153
10591,529;77
10592,529;91
10593,529;100
10594,529;102
10595,529;113
10596,529;13173
10597,529;71
10598,529;74
10599,529;93
10600,529;87
10601,529;105
10602,529;13179
10603,529;82
10604,529;84
10605,529;119
10606,37;113
10607,37;99
10608,37;13154
10609,37;86
10610,37;73
10611,37;99
10612,37;100
10613,37;114
10614,37;13129
10615,37;81
10616,37;87
10617,37;92
10618,37;84
10619,37;94
10620,37;13157
10621,37;85
10622,37;94
10623,37;80
10624,37;96
10625,37;106
10626,37;13168
10627,37;91
10628,37;94
10629,37;103
10630,37;104
10631,37;84
10632,37;13154
10633,37;79
10634,37;87
10635,37;90
10636,37;90
10637,37;123
10638,37;13181
10639,37;73
10640,37;101
10641,37;108
10642,37;86
10643,37;97
10644,37;13172
10645,37;81
10646,37;92
10647,37;80
10648,37;105
10649,37;106
10650,37;13195
10651,37;99
10652,37;94
10653,37;90
10654,37;96
10655,37;88
10656,37;13152
10657,37;79
10658,37;97
10659,37;104
10660,37;92
10661,37;78
10662,37;13156
10663,37;89
10664,37;105
10665,37;88
10666,37;100
10667,37;85
10668,37;13110
10669,37;94
10670,37;86
10671,37;107
10672,37;85
10673,37;93
10674,37;13149
10675,37;65
10676,37;75
10677,37;88
10678,37;96
10679,37;84
10680,37;13164
10681,37;85
10682,37;72
10683,37;78
10684,37;87
10685,37;81
10686,37;13147
10687,37;90
10688,37;90
10689,37;86
10690,37;96
10691,37;95
10692,37;13116
10693,37;75
10694,37;84
10695,37;94
10696,37;86
10697,37;93
10698,37;13144
10699,37;61
10700,37;82
10701,37;90
10702,37;77
10703,37;105
10704,37;13130
10705,37;83
10706,37;83
10707,488;86
10708,488;93
10709,488;79
10710,488;13159
10711,488;105
10712,488;88
10713,488;94
10714,488;93
10715,488;96
10716,488;13153
10717,488;83
10718,488;102
10719,488;109
10720,488;107
10721,488;82
10722,488;13169
10723,488;82
10724,488;93
10725,488;82
10726,488;97
10727,488;88
10728,488;13155
10729,488;84
10730,488;76
10731,488;101
10732,488;78
10733,488;93
10734,488;13151
10735,488;78
10736,488;78
10737,488;99
10738,488;95
10739,488;87
10740,488;13130
10741,488;93
10742,488;84
10743,488;80
10744,488;93
10745,488;101
10746,488;13144
10747,488;86
10748,488;78
10749,488;80
10750,488;87
10751,488;67
10752,488;13098
10753,488;83
10754,488;85
10755,488;85
10756,488;92
10757,488;80
10758,488;13124
10759,488;90
10760,488;79
10761,488;82
10762,488;89
10763,488;96
10764,488;13126
10765,488;83
10766,488;77
10767,488;69
10768,488;81
10769,488;99
10770,488;13155
10771,488;64
10772,488;79
10773,488;81
10774,488;82
10775,488;81
10776,488;13155
10777,488;89
10778,488;92
10779,488;101
10780,488;95
10781,488;81
10782,488;13104
10783,488;66
10784,488;86
10785,488;81
10786,488;100
10787,488;95
10788,488;13104
10789,488;75
10790,488;90
10791,488;86
10792,488;75
10793,488;88
10794,488;13146
10795,488;76
10796,488;86
10797,488;89
10798,488;85
10799,488;88
10800,488;13174
10801,488;82
10802,488;67
10803,488;82
10804,488;94
10805,488;88
10806,488;13151
10807,488;71
10808,431;85
10809,431;74
10810,431;84
10811,431;88
10812,431;13087
10813,431;65
10814,431;91
10815,431;77
10816,431;79
10817,431;95
10818,431;13162
10819,431;84
10820,431;101
10821,431;94
10822,431;81
10823,431;79
10824,431;13142
10825,431;74
10826,431;80
10827,431;84
10828,431;75
10829,431;95
10830,431;13159
10831,431;73
10832,431;74
10833,431;85
10834,431;97
10835,431;94
10836,431;13144
10837,431;84
10838,431;80
10839,431;83
10840,431;79
10841,431;83
10842,431;13104
10843,431;89
10844,431;76
10845,431;61
10846,431;75
10847,431;91
10848,431;13144
10849,431;80
10850,431;60
10851,431;112
10852,431;82
10853,431;85
10854,431;13156
10855,431;74
10856,431;65
10857,431;73
10858,431;77
10859,431;75
10860,431;12839
10861,431;86
10862,431;66
10863,431;72
10864,431;82
10865,431;62
10866,431;13066
10867,431;75
10868,431;70
10869,431;76
10870,431;88
10871,431;97
10872,431;13109
10873,431;78
10874,431;90
10875,431;80
10876,431;82
10877,431;71
10878,431;13142
10879,431;79
10880,431;74
10881,431;84
10882,431;83
10883,431;72
10884,431;13152
10885,431;69
10886,431;67
10887,431;86
10888,431;79
10889,431;76
10890,431;13120
10891,431;74
10892,431;82
10893,431;73
10894,431;76
10895,431;76
10896,431;13137
10897,431;90
10898,431;84
10899,431;97
10900,431;70
10901,431;78
10902,431;13159
10903,431;67
10904,431;82
10905,431;88
10906,431;79
10907,431;91
10908,431;13124
10909,431;91
10910,431;70
10911,431;97
10912,431;83
10913,431;86
10914,431;13151
10915,431;78
10916,431;92
10917,431;89
10918,431;87
10919,431;64
10920,431;13160
10921,431;81
10922,431;85
10923,431;94
10924,431;96
10925,431;96
10926,431;13136
10927,431;73
10928,431;87
10929,431;93
10930,431;82
10931,431;78
10932,431;13157
10933,431;89
10934,431;85
10935,431;98
10936,431;91
10937,431;71
10938,431;13112
10939,431;90
10940,431;91
10941,431;78
10942,431;86
10943,431;80
10944,431;13156
10945,431;83
10946,431;74
10947,431;95
10948,431;83
10949,431;75
10950,431;13130
10951,431;85
10952,431;87
10953,431;83
10954,431;86
10955,431;92
10956,431;13164
10957,431;79
10958,431;86
10959,431;99
10960,431;94
10961,431;95
10962,431;13157
10963,431;84
10964,431;79
10965,431;90
10966,431;72
10967,431;90
10968,431;13109
10969,431;73
10970,431;76
10971,431;102
10972,431;100
10973,431;73
10974,431;13174
10975,431;59
10976,431;79
10977,431;91
10978,431;83
10979,431;87
10980,431;13129
10981,431;83
10982,431;81
10983,431;83
10984,431;98
10985,431;82
10986,431;13120
10987,431;81
10988,431;79
10989,431;84
10990,431;79
10991,431;86
10992,431;13126
10993,431;74
10994,431;84
10995,431;88
10996,431;90
10997,431;87
10998,431;13153
10999,431;94
11000,431;87
11001,431;95
11002,431;81
11003,431;87
11004,431;13149
11005,431;91
11006,431;83
11007,431;73
11008,431;61
11009,431;98
11011,213;13174
11012,213;93
11013,213;100
11014,213;89
11015,213;103
11016,213;97
11017,213;13164
11018,213;99
11019,213;92
11020,213;84
11021,213;83
11022,213;92
11023,213;13174
11024,213;86
11025,213;102
11026,213;93
11027,213;105
11028,213;75
11029,213;13106
11030,213;72
11031,213;85
11032,213;103
11033,213;84
11034,213;83
11035,213;13143
11036,213;89
11037,213;85
11038,213;92
11039,213;105
11040,213;107
11041,213;13126
11042,213;87
11043,213;82
11044,213;95
11045,213;95
11046,213;101
11047,213;13155
11048,213;71
11049,213;97
11050,213;89
11051,213;89
11052,213;111
11053,213;13141
11054,213;83
11055,213;106
11056,213;86
11057,213;78
11058,213;99
11059,213;13150
11060,213;104
11061,213;95
11062,213;89
11063,213;85
11064,213;97
11065,213;13118
11066,213;89
11067,213;101
11068,213;92
11069,213;99
11070,213;83
11071,213;13159
11072,213;76
11073,213;97
11074,213;79
11075,213;85
11076,213;97
11077,213;13164
11078,213;97
11079,213;67
11080,213;82
11081,213;82
11082,213;99
11083,213;13129
11084,213;87
11085,213;76
11086,213;94
11087,213;124
11088,213;107
11089,213;13156
11090,213;79
11091,213;100
11092,213;83
11093,213;98
11094,213;93
11095,213;13152
11096,213;88
11097,213;102
11098,213;103
11099,213;97
11100,213;97
11101,213;13154
11102,213;79
11103,213;75
11104,213;89
11105,213;69
11106,213;91
11107,213;13162
11108,213;75
11109,213;116
11110,213;99
11111,213;83
11112,124;106
11113,124;13124
11114,124;76
11115,124;87
11116,124;94
11117,124;87
11118,124;122
11119,124;13158
11120,124;86
11121,124;78
11122,124;89
11123,124;86
11124,124;96
11125,124;13152
11126,124;100
11127,124;83
11128,124;96
11129,124;102
11130,124;101
11131,124;13170
11132,124;82
11133,124;95
11134,124;69
11135,124;113
11136,124;98
11137,124;13184
11138,124;87
11139,124;89
11140,124;75
11141,124;86
11142,124;105
11143,124;13196
11144,124;80
11145,124;86
11146,124;99
11147,124;82
11148,124;76
11149,124;13119
11150,124;88
11151,124;80
11152,124;90
11153,124;87
11154,124;101
11155,124;13172
11156,124;90
11157,124;96
11158,124;98
11159,124;84
11160,124;111
11161,124;13142
11162,124;77
11163,124;68
11164,124;78
11165,124;87
11166,124;95
11167,124;13172
11168,124;93
11169,124;97
11170,124;91
11171,124;100
11172,124;107
11173,124;12825
11174,124;90
11175,124;91
11176,124;108
11177,124;94
11178,124;84
11179,124;13072
11180,124;81
11181,124;62
11182,124;103
11183,124;91
11184,124;77
11185,124;13165
11186,124;86
11187,124;81
11188,124;83
11189,124;106
11190,124;77
11191,124;13134
11192,124;82
11193,124;88
11194,124;85
11195,124;112
11196,124;102
11197,124;13167
11198,124;97
11199,124;94
11200,124;82
11201,124;109
11202,124;83
11203,124;13143
11204,124;92
11205,124;90
11206,124;85
11207,124;93
11208,124;89
11209,124;13140
11210,124;112
11211,124;100
11212,124;98
11213,109;78
11214,109;103
11215,109;13161
11216,109;92
11217,109;100
11218,109;100
11219,109;98
11220,109;88
11221,109;13141
11222,109;95
11223,109;72
11224,109;92
11225,109;101
11226,109;118
11227,109;13144
11228,109;83
11229,109;91
11230,109;90
11231,109;100
11232,109;106
11233,109;13173
11234,109;89
11235,109;90
11236,109;88
11237,109;101
11238,109;99
11239,109;13162
11240,109;92
11241,109;91
11242,109;86
11243,109;99
11244,109;83
11245,109;13137
11246,109;97
11247,109;95
11248,109;93
11249,109;92
11250,109;96
11251,109;13163
11252,109;89
11253,109;93
11254,109;97
11255,109;97
11256,109;113
11257,109;13177
11258,109;69
11259,109;95
11260,109;86
11261,109;105
11262,109;101
11263,109;13127
11264,109;71
11265,109;89
11266,109;85
11267,109;100
11268,109;89
11269,109;13153
11270,109;88
11271,109;84
11272,109;75
11273,109;87
11274,109;91
11275,109;13138
11276,109;73
11277,109;87
11278,109;98
11279,109;95
11280,109;111
11281,109;13147
11282,109;89
11283,109;82
11284,109;80
11285,109;83
11286,109;91
11287,109;13134
11288,109;95
11289,109;92
11290,109;81
11291,109;96
11292,109;100
11293,109;13089
11294,109;90
11295,109;95
11296,109;90
11297,109;78
11298,109;91
11299,109;13127
11300,109;78
11301,109;107
11302,109;93
11303,109;120
11304,109;107
11305,109;13101
11306,109;81
11307,109;86
11308,109;98
11309,109;87
11310,109;114
11311,109;13113
11312,109;79
11313,109;87
11313,291;104
11314,291;84
11315,291;105
11316,291;13156
11317,291;96
11318,291;90
11319,291;89
11320,291;92
11321,291;85
11322,291;13151
11323,291;73
11324,291;90
11325,291;107
11326,291;99
11327,291;97
11328,291;13123
11329,291;92
11330,291;71
11331,291;86
11332,291;102
11333,291;102
11334,291;13131
11335,291;89
11336,291;95
11337,291;91
11338,291;89
11339,291;91
11340,291;13154
11341,291;69
11342,291;90
11343,291;88
11344,291;91
11345,291;86
11346,291;13119
11347,291;85
11348,291;89
11349,291;87
11350,291;95
11351,291;99
11352,291;13105
11353,291;71
11354,291;72
11355,291;92
11356,291;70
11357,291;103
11358,291;13142
11359,291;84
11360,291;71
11361,291;91
11362,291;83
11363,291;93
11364,291;13130
11365,291;83
11366,291;89
11367,291;91
11368,291;91
11369,291;94
11370,291;13142
11371,291;99
11372,291;98
11373,291;106
11374,291;92
11375,291;98
11376,291;13151
11377,291;90
11378,291;82
11379,291;79
11380,291;87
11381,291;89
11382,291;13150
11383,291;81
11384,291;98
11385,291;87
11386,291;92
11387,291;82
11388,291;13165
11389,291;89
11390,291;110
11391,291;78
11392,291;81
11393,291;72
11394,291;13152
11395,291;80
11396,291;77
11397,291;103
11398,291;89
11399,291;90
11400,291;13123
11401,291;78
11402,291;83
11403,291;99
11404,291;71
11405,291;98
11406,291;13143
11407,291;78
11408,291;83
11409,291;88
11410,291;90
11411,291;85
11412,291;13093
11413,291;72
11414,291;73
11415,291;82
11416,291;89
11417,291;77
11418,291;13139
11419,291;74
11420,291;85
11421,291;78
11422,291;83
11423,291;96
11424,291;13127
11425,291;77
11426,291;86
11427,291;105
11428,291;89
11429,291;73
11430,291;13156
11431,291;85
11432,291;79
11433,291;81
11434,291;79
11435,291;75
11436,291;13138
11437,291;59
11438,291;74
11439,291;79
11440,291;73
11441,291;105
11442,291;13111
11443,291;83
11444,291;82
11445,291;86
11446,291;80
11447,291;98
11448,291;13140
11449,291;96
11450,291;85
11451,291;87
11452,291;104
11453,291;66
11454,291;13140
11455,291;65
11456,291;75
11457,291;100
11458,291;77
11459,291;106
11460,291;13129
11461,291;66
11462,291;76
11463,291;77
11464,291;103
11465,291;67
11466,291;13112
11467,291;72
11468,291;77
11469,291;87
11470,291;71
11471,291;101
11472,291;13119
11473,291;74
11474,291;79
11475,291;85
11476,291;68
11477,291;91
11478,291;13104
11479,291;76
11480,291;89
11481,291;75
11482,291;73
11483,291;85
11484,291;12825
11485,291;76
11486,291;64
11487,291;65
11488,291;74
11489,291;73
11490,291;13074
11491,291;64
11492,291;75
11493,291;73
11494,291;76
11495,291;79
11496,291;13131
11497,291;66
11498,291;71
11499,291;83
11500,291;78
11501,291;78
11502,291;13125
11503,291;67
11504,291;78
11505,291;83
11506,291;81
11507,291;79
11508,291;13124
11509,291;85
11510,291;85
11511,291;84
11512,291;77
11513,291;87
11514,291;13146
11515,989;68
11516,989;68
11517,989;84
11518,989;78
11519,989;72
11520,989;13129
11521,989;93
11522,989;83
11523,989;66
11524,989;87
11525,989;88
11526,989;13142
11527,989;70
11528,989;95
11529,989;85
11530,989;93
11531,989;85
11532,989;13107
11533,989;82
11534,989;94
11535,989;72
11536,989;100
11537,989;83
11538,989;13174
11539,989;85
11540,989;70
11541,989;79
11542,989;98
11543,989;82
11544,989;13122
11545,989;84
11546,989;99
11547,989;78
11548,989;92
11549,989;81
11550,989;13135
11551,989;78
11552,989;89
11553,989;89
11554,989;92
11555,989;97
11556,989;13137
11557,989;78
11558,989;61
11559,989;65
11560,989;91
11561,989;85
11562,989;13157
11563,989;76
11564,989;89
11565,989;87
11566,989;94
11567,989;100
11568,989;13129
11569,989;67
11570,989;84
11571,989;86
11572,989;85
11573,989;95
11574,989;13124
11575,989;67
11576,989;79
11577,989;99
11578,989;77
11579,989;91
11580,989;13139
11581,989;87
11582,989;84
11583,989;98
11584,989;80
11585,989;90
11586,989;13128
11587,989;75
11588,989;90
11589,989;78
11590,989;67
11591,989;94
11592,989;13129
11593,989;97
11594,989;103
11595,989;84
11596,989;115
11597,989;89
11598,989;13132
11599,989;70
11600,989;106
11601,989;88
11602,989;75
11603,989;100
11604,989;13149
11605,989;70
11606,989;86
11607,989;69
11608,989;103
11609,989;79
11610,989;13104
11611,989;83
11612,989;68
11613,989;102
11614,989;102
11615,989;88
11616,72;13145
11617,72;78
11618,72;99
11619,72;85
11620,72;100
11621,72;104
11622,72;13170
11623,72;83
11624,72;80
11625,72;94
11626,72;94
11627,72;98
11628,72;13175
11629,72;86
11630,72;84
11631,72;92
11632,72;100
11633,72;101
11634,72;13132
11635,72;83
11636,72;78
11637,72;92
11638,72;86
11639,72;99
11640,72;13154
11641,72;73
11642,72;89
11643,72;100
11644,72;82
11645,72;98
11646,72;13127
11647,72;99
11648,72;90
11649,72;91
11650,72;97
11651,72;84
11652,72;13129
11653,72;93
11654,72;81
11655,72;92
11656,72;107
11657,72;91
11658,72;13154
11659,72;98
11660,72;92
11661,72;99
11662,72;104
11663,72;86
11664,72;13145
11665,72;93
11666,72;89
11667,72;88
11668,72;86
11669,72;99
11670,72;13146
11671,72;92
11672,72;85
11673,72;100
11674,72;95
11675,72;88
11676,72;13155
11677,72;87
11678,72;99
11679,72;109
11680,72;100
11681,72;79
11682,72;13153
11683,72;99
11684,72;77
11685,72;94
11686,72;99
11687,72;108
11688,72;13167
11689,72;98
11690,72;90
11691,72;93
11692,72;86
11693,72;98
11694,72;13161
11695,72;71
11696,72;80
11697,72;81
11698,72;81
11699,72;89
11700,72;13157
11701,72;79
11702,72;94
11703,72;79
11704,72;108
11705,72;110
11706,72;13185
11707,72;97
11708,72;108
11709,72;91
11710,72;88
11711,72;99
11712,72;13122
11713,72;77
11714,72;101
11715,72;95
11716,72;94
11718,216;100
11719,216;13161
11720,216;91
11721,216;90
11722,216;99
11723,216;109
11724,216;96
11725,216;13132
11726,216;85
11727,216;93
11728,216;99
11729,216;108
11730,216;88
11731,216;13150
11732,216;97
11733,216;82
11734,216;104
11735,216;86
11736,216;94
11737,216;13147
11738,216;94
11739,216;73
11740,216;104
11741,216;84
11742,216;108
11743,216;13198
11744,216;96
11745,216;95
11746,216;90
11747,216;96
11748,216;110
11749,216;13143
11750,216;75
11751,216;84
11752,216;93
11753,216;99
11754,216;104
11755,216;13164
11756,216;80
11757,216;77
11758,216;85
11759,216;84
11760,216;104
11761,216;13155
11762,216;83
11763,216;84
11764,216;98
11765,216;99
11766,216;77
11767,216;13165
11768,216;91
11769,216;85
11770,216;93
11771,216;84
11772,216;123
11773,216;13149
11774,216;85
11775,216;86
11776,216;88
11777,216;98
11778,216;101
11779,216;13149
11780,216;95
11781,216;79
11782,216;107
11783,216;91
11784,216;98
11785,216;13124
11786,216;108
11787,216;83
11788,216;97
11789,216;100
11790,216;85
11791,216;13143
11792,216;72
11793,216;99
11794,216;85
11795,216;83
11796,216;105
11797,216;12843
11798,216;99
11799,216;94
11800,216;89
11801,216;100
11802,216;113
11803,216;13083
11804,216;84
11805,216;99
11806,216;78
11807,216;96
11808,216;87
11809,216;13149
11810,216;80
11811,216;83
11812,216;77
11813,216;103
11814,216;97
11815,216;13133
11816,216;82
11817,216;109
11818,216;93
11819,351;98
11820,351;88
11821,351;13172
11822,351;78
11823,351;92
11824,351;101
11825,351;92
11826,351;90
11827,351;13146
11828,351;93
11829,351;74
11830,351;98
11831,351;100
11832,351;98
11833,351;13098
11834,351;98
11835,351;75
11836,351;86
11837,351;96
11838,351;93
11839,351;13184
11840,351;74
11841,351;95
11842,351;98
11843,351;107
11844,351;99
11845,351;13164
11846,351;85
11847,351;104
11848,351;102
11849,351;123
11850,351;89
11851,351;13168
11852,351;77
11853,351;91
11854,351;81
11855,351;100
11856,351;83
11857,351;13161
11858,351;81
11859,351;79
11860,351;92
11861,351;92
11862,351;99
11863,351;13187
11864,351;83
11865,351;90
11866,351;80
11867,351;99
11868,351;109
11869,351;13125
11870,351;81
11871,351;94
11872,351;89
11873,351;83
11874,351;108
11875,351;13165
11876,351;89
11877,351;112
11878,351;84
11879,351;113
11880,351;86
11881,351;13180
11882,351;94
11883,351;85
11884,351;85
11885,351;98
11886,351;96
11887,351;13124
11888,351;73
11889,351;82
11890,351;93
11891,351;100
11892,351;105
11893,351;13140
11894,351;63
11895,351;85
11896,351;86
11897,351;96
11898,351;96
11899,351;13139
11900,351;76
11901,351;76
11902,351;94
11903,351;78
11904,351;105
11905,351;13165
11906,351;76
11907,351;85
11908,351;97
11909,351;93
11910,351;92
11911,351;13145
11912,351;80
11913,351;83
11914,351;96
11915,351;80
11916,351;101
11917,351;13125
11918,351;88
11919,351;96
11920,351;96
11921,351;98
11922,351;103
11923,351;13179
11924,351;68
11925,351;67
11926,351;89
11927,351;81
11928,351;82
11929,351;13129
11930,351;82
11931,351;83
11932,351;93
11933,351;79
11934,351;95
11935,351;13111
11936,351;88
11937,351;97
11938,351;85
11939,351;110
11940,351;105
11941,351;13151
11942,351;71
11943,351;98
11944,351;92
11945,351;73
11946,351;86
11947,351;13143
11948,351;90
11949,351;85
11950,351;99
11951,351;85
11952,351;86
11953,351;13104
11954,351;93
11955,351;90
11956,351;71
11957,351;113
11958,351;94
11959,351;13141
11960,351;93
11961,351;82
11962,351;93
11963,351;95
11964,351;110
11965,351;13123
11966,351;75
11967,351;82
11968,351;104
11969,351;72
11970,351;77
11971,351;13179
11972,351;91
11973,351;75
11974,351;96
11975,351;91
11976,351;85
11977,351;13140
11978,351;79
11979,351;84
11980,351;103
11981,351;95
11982,351;84
11983,351;13118
11984,351;93
11985,351;81
11986,351;87
11987,351;85
11988,351;89
11989,351;13125
11990,351;85
11991,351;108
11992,351;91
11993,351;93
11994,351;84
11995,351;13113
11996,351;95
11997,351;113
11998,351;92
11999,351;103
12000,351;77
12001,351;13154
12002,351;81
12003,351;99
12004,351;94
12005,351;92
12006,351;82
12007,351;13176
12008,351;77
12009,351;71
12010,351;83
12011,351;89
12012,351;89
12013,351;13112
12014,351;83
12015,351;68
12016,351;86
12017,351;88
12018,351;95
12019,351;13155
12020,351;75
12021,076;71
12022,076;79
12023,076;88
12024,076;108
12025,076;13161
12026,076;75
12027,076;76
12028,076;77
12029,076;86
12030,076;109
12031,076;13150
12032,076;89
12033,076;89
12034,076;94
12035,076;103
12036,076;93
12037,076;13157
12038,076;87
12039,076;81
12040,076;71
12041,076;85
12042,076;99
12043,076;13175
12044,076;82
12045,076;74
12046,076;108
12047,076;79
12048,076;92
12049,076;13165
12050,076;80
12051,076;101
12052,076;82
12053,076;78
12054,076;98
12055,076;13130
12056,076;87
12057,076;93
12058,076;84
12059,076;75
12060,076;81
12061,076;13148
12062,076;76
12063,076;87
12064,076;68
12065,076;84
12066,076;95
12067,076;13117
12068,076;85
12069,076;70
12070,076;77
12071,076;86
12072,076;89
12073,076;13120
12074,076;60
12075,076;68
12076,076;65
12077,076;96
12078,076;95
12079,076;13138
12080,076;66
12081,076;80
12082,076;68
12083,076;87
12084,076;77
12085,076;13131
12086,076;58
12087,076;77
12088,076;67
12089,076;84
12090,076;91
12091,076;13113
12092,076;71
12093,076;64
12094,076;83
12095,076;76
12096,076;83
12097,076;13103
12098,076;62
12099,076;57
12100,076;82
12101,076;80
12102,076;86
12103,076;13141
12104,076;57
12105,076;88
12106,076;81
12107,076;79
12108,076;61
12109,076;12803
12110,076;71
12111,076;81
12112,076;65
12113,076;74
12114,076;79
12115,076;13072
12116,076;82
12117,076;83
12118,076;89
12119,076;78
12120,076;75
12121,076;13147
12122,157;73
12123,157;66
12124,157;70
12125,157;93
12126,157;89
12127,157;13132
12128,157;75
12129,157;77
12130,157;81
12131,157;84
12132,157;74
12133,157;13130
12134,157;97
12135,157;74
12136,157;59
12137,157;85
12138,157;77
12139,157;13136
12140,157;83
12141,157;82
12142,157;78
12143,157;81
12144,157;78
12145,157;13114
12146,157;91
12147,157;76
12148,157;77
12149,157;82
12150,157;79
12151,157;13149
12152,157;83
12153,157;79
12154,157;69
12155,157;83
12156,157;107
12157,157;13134
12158,157;77
12159,157;86
12160,157;78
12161,157;83
12162,157;82
12163,157;13096
12164,157;63
12165,157;78
12166,157;85
12167,157;87
12168,157;83
12169,157;13132
12170,157;81
12171,157;90
12172,157;92
12173,157;87
12174,157;113
12175,157;13141
12176,157;76
12177,157;90
12178,157;90
12179,157;72
12180,157;69
12181,157;13117
12182,157;85
12183,157;84
12184,157;76
12185,157;93
12186,157;92
12187,157;13146
12188,157;80
12189,157;84
12190,157;101
12191,157;75
12192,157;100
12193,157;13171
12194,157;93
12195,157;77
12196,157;106
12197,157;96
12198,157;84
12199,157;13145
12200,157;75
12201,157;94
12202,157;76
12203,157;98
12204,157;96
12205,157;13121
12206,157;72
12207,157;92
12208,157;92
12209,157;89
12210,157;90
12211,157;13126
12212,157;81
12213,157;82
12214,157;104
12215,157;99
12216,157;103
12217,157;13107
12218,157;77
12219,157;83
12220,157;93
12221,157;92
12222,157;89
12222,621;13132
12223,621;69
12224,621;88
12225,621;90
12226,621;93
12227,621;73
12228,621;13139
12229,621;77
12230,621;91
12231,621;82
12232,621;86
12233,621;90
12234,621;13163
12235,621;83
12236,621;76
12237,621;89
12238,621;81
12239,621;86
12240,621;13118
12241,621;76
12242,621;89
12243,621;104
12244,621;88
12245,621;87
12246,621;13106
12247,621;89
12248,621;86
12249,621;90
12250,621;104
12251,621;101
12252,621;13165
12253,621;65
12254,621;76
12255,621;99
12256,621;88
12257,621;84
12258,621;13128
12259,621;79
12260,621;88
12261,621;94
12262,621;99
12263,621;86
12264,621;13109
12265,621;97
12266,621;72
12267,621;85
12268,621;93
12269,621;78
12270,621;13166
12271,621;92
12272,621;91
12273,621;88
12274,621;87
12275,621;87
12276,621;13142
12277,621;81
12278,621;75
12279,621;74
12280,621;79
12281,621;102
12282,621;13154
12283,621;75
12284,621;96
12285,621;93
12286,621;99
12287,621;101
12288,621;13136
12289,621;78
12290,621;80
12291,621;86
12292,621;84
12293,621;91
12294,621;13125
12295,621;91
12296,621;76
12297,621;97
12298,621;87
12299,621;95
12300,621;13148
12301,621;84
12302,621;91
12303,621;96
12304,621;94
12305,621;102
12306,621;13142
12307,621;90
12308,621;85
12309,621;75
12310,621;86
12311,621;84
12312,621;13133
12313,621;92
12314,621;91
12315,621;86
12316,621;112
12317,621;88
12318,621;13140
12319,621;79
12320,621;101
12321,621;117
12322,621;89
12323,218;100
12324,218;13104
12325,218;83
12326,218;90
12327,218;88
12328,218;81
12329,218;88
12330,218;13124
12331,218;83
12332,218;86
12333,218;75
12334,218;85
12335,218;94
12336,218;13127
12337,218;79
12338,218;93
12339,218;105
12340,218;98
12341,218;91
12342,218;13150
12343,218;77
12344,218;91
12345,218;93
12346,218;92
12347,218;121
12348,218;13158
12349,218;78
12350,218;99
12351,218;85
12352,218;97
12353,218;81
12354,218;13159
12355,218;76
12356,218;80
12357,218;90
12358,218;86
12359,218;100
12360,218;13170
12361,218;75
12362,218;102
12363,218;88
12364,218;93
12365,218;104
12366,218;13127
12367,218;99
12368,218;117
12369,218;84
12370,218;106
12371,218;114
12372,218;13124
12373,218;98
12374,218;98
12375,218;73
12376,218;110
12377,218;103
12378,218;13218
12379,218;79
12380,218;101
12381,218;103
12382,218;95
12383,218;106
12384,218;13139
12385,218;70
12386,218;70
12387,218;112
12388,218;97
12389,218;115
12390,218;13150
12391,218;93
12392,218;72
12393,218;77
12394,218;104
12395,218;108
12396,218;13151
12397,218;93
12398,218;99
12399,218;97
12400,218;100
12401,218;96
12402,218;13158
12403,218;82
12404,218;91
12405,218;94
12406,218;88
12407,218;112
12408,218;13126
12409,218;66
12410,218;107
12411,218;98
12412,218;120
12413,218;87
12414,218;13142
12415,218;83
12416,218;86
12417,218;92
12418,218;92
12419,218;102
12420,218;12817
12421,218;90
12422,218;98
12423,218;105
12425,218;88
12426,218;90
12427,218;13109
12428,218;83
12429,218;92
12430,218;77
12431,218;100
12432,218;94
12433,218;13106
12434,218;75
12435,218;89
12436,218;98
12437,218;105
12438,218;97
12439,218;13149
12440,218;79
12441,218;78
12442,218;94
12443,218;91
12444,218;93
12445,218;13179
12446,218;84
12447,218;88
12448,218;100
12449,218;82
12450,218;90
12451,218;13160
12452,218;75
12453,218;89
12454,218;104
12455,218;93
12456,218;105
12457,218;13152
12458,218;68
12459,218;77
12460,218;102
12461,218;108
12462,218;118
12463,218;13094
12464,218;88
12465,218;88
12466,218;95
12467,218;81
12468,218;88
12469,218;13147
12470,218;88
12471,218;88
12472,218;107
12473,218;96
12474,218;89
12475,218;13158
12476,218;74
12477,218;96
12478,218;82
12479,218;84
12480,218;113
12481,218;13167
12482,218;81
12483,218;74
12484,218;93
12485,218;93
12486,218;104
12487,218;13116
12488,218;97
12489,218;78
12490,218;99
12491,218;92
12492,218;113
12493,218;13162
12494,218;85
12495,218;80
12496,218;85
12497,218;95
12498,218;101
12499,218;13159
12500,218;82
12501,218;95
12502,218;90
12503,218;85
12504,218;79
12505,218;13171
12506,218;75
12507,218;78
12508,218;92
12509,218;90
12510,218;95
12511,218;13111
12512,218;102
12513,218;87
12514,218;106
12515,218;82
12516,218;91
12517,218;13149
12518,218;82
12519,218;100
12520,218;72
12521,218;85
12522,218;103
12523,218;13159
12524,218;101
12525,218;95
12525,94;98
12526,94;88
12527,94;87
12528,94;13138
12529,94;76
12530,94;75
12531,94;101
12532,94;93
12533,94;92
12534,94;13170
12535,94;92
12536,94;92
12537,94;81
12538,94;80
12539,94;100
12540,94;13144
12541,94;70
12542,94;101
12543,94;82
12544,94;95
12545,94;99
12546,94;13126
12547,94;79
12548,94;109
12549,94;83
12550,94;96
12551,94;94
12552,94;13141
12553,94;78
12554,94;86
12555,94;101
12556,94;89
12557,94;94
12558,94;13153
12559,94;89
12560,94;99
12561,94;74
12562,94;106
12563,94;86
12564,94;13163
12565,94;90
12566,94;90
12567,94;88
12568,94;69
12569,94;95
12570,94;13111
12571,94;73
12572,94;73
12573,94;97
12574,94;91
12575,94;89
12576,94;13133
12577,94;88
12578,94;74
12579,94;98
12580,94;89
12581,94;100
12582,94;13146
12583,94;76
12584,94;89
12585,94;81
12586,94;76
12587,94;95
12588,94;13114
12589,94;79
12590,94;106
12591,94;86
12592,94;85
12593,94;110
12594,94;13127
12595,94;82
12596,94;87
12597,94;87
12598,94;94
12599,94;85
12600,94;13138
12601,94;61
12602,94;85
12603,94;91
12604,94;85
12605,94;95
12606,94;13123
12607,94;80
12608,94;81
12609,94;83
12610,94;102
12611,94;80
12612,94;13147
12613,94;64
12614,94;95
12615,94;103
12616,94;91
12617,94;97
12618,94;13151
12619,94;89
12620,94;74
12621,94;87
12622,94;77
12623,94;109
12624,94;13117
12625,94;74
12626,794;90
12627,794;67
12628,794;95
12629,794;80
12630,794;13154
12631,794;88
12632,794;86
12633,794;94
12634,794;94
12635,794;99
12636,794;13165
12637,794;81
12638,794;73
12639,794;88
12640,794;76
12641,794;88
12642,794;13131
12643,794;90
12644,794;101
12645,794;78
12646,794;99
12647,794;90
12648,794;13120
12649,794;72
12650,794;81
12651,794;98
12652,794;96
12653,794;76
12654,794;13129
12655,794;68
12656,794;73
12657,794;99
12658,794;85
12659,794;88
12660,794;13131
12661,794;80
12662,794;93
12663,794;96
12664,794;77
12665,794;92
12666,794;13129
12667,794;82
12668,794;89
12669,794;67
12670,794;71
12671,794;79
12672,794;13126
12673,794;78
12674,794;81
12675,794;81
12676,794;93
12677,794;103
12678,794;13146
12679,794;71
12680,794;82
12681,794;89
12682,794;84
12683,794;88
12684,794;13191
12685,794;74
12686,794;90
12687,794;84
12688,794;79
12689,794;88
12690,794;13115
12691,794;85
12692,794;76
12693,794;86
12694,794;79
12695,794;86
12696,794;13114
12697,794;68
12698,794;80
12699,794;84
12700,794;80
12701,794;78
12702,794;13108
12703,794;73
12704,794;72
12705,794;73
12706,794;74
12707,794;85
12708,794;13138
12709,794;73
12710,794;69
12711,794;89
12712,794;67
12713,794;92
12714,794;13116
12715,794;64
12716,794;65
12717,794;77
12718,794;90
12719,794;66
12720,794;13136
12721,794;75
12722,794;71
12723,794;83
12724,794;87
12725,794;80
12726,794;13139
12727,789;61
12728,789;81
12729,789;88
12730,789;79
12731,789;88
12732,789;12786
12733,789;66
12734,789;81
12735,789;67
12736,789;83
12737,789;80
12738,789;13120
12739,789;55
12740,789;55
12741,789;71
12742,789;75
12743,789;75
12744,789;13121
12745,789;83
12746,789;66
12747,789;78
12748,789;67
12749,789;103
12750,789;13120
12751,789;87
12752,789;60
12753,789;93
12754,789;95
12755,789;87
12756,789;13152
12757,789;70
12758,789;59
12759,789;88
12760,789;81
12761,789;85
12762,789;13166
12763,789;84
12764,789;104
12765,789;67
12766,789;79
12767,789;86
12768,789;13160
12769,789;64
12770,789;73
12771,789;80
12772,789;95
12773,789;79
12774,789;13157
12775,789;87
12776,789;87
12777,789;88
12778,789;94
12779,789;101
12780,789;13138
12781,789;91
12782,789;89
12783,789;87
12784,789;82
12785,789;78
12786,789;13137
12787,789;68
12788,789;65
12789,789;90
12790,789;80
12791,789;75
12792,789;13116
12793,789;79
12794,789;97
12795,789;97
12796,789;75
12797,789;83
12798,789;13134
12799,789;78
12800,789;74
12801,789;93
12802,789;87
12803,789;91
12804,789;13119
12805,789;79
12806,789;75
12807,789;70
12808,789;87
12809,789;84
12810,789;13128
12811,789;72
12812,789;91
12813,789;91
12814,789;77
12815,789;95
12816,789;13106
12817,789;71
12818,789;81
12819,789;78
12820,789;99
12821,789;92
12822,789;13138
12823,789;62
12824,789;103
12825,789;74
12826,789;80
12827,789;83
12829,213;13128
12830,213;80
12831,213;69
12832,213;88
12833,213;89
12834,213;88
12835,213;13135
12836,213;84
12837,213;74
12838,213;74
12839,213;105
12840,213;90
12841,213;13124
12842,213;79
12843,213;71
12844,213;102
12845,213;87
12846,213;102
12847,213;13138
12848,213;86
12849,213;81
12850,213;98
12851,213;90
12852,213;91
12853,213;13098
12854,213;84
12855,213;92
12856,213;99
12857,213;87
12858,213;92
12859,213;13138
12860,213;70
12861,213;90
12862,213;111
12863,213;86
12864,213;95
12865,213;13127
12866,213;88
12867,213;86
12868,213;102
12869,213;86
12870,213;78
12871,213;13151
12872,213;82
12873,213;74
12874,213;95
12875,213;107
12876,213;84
12877,213;13123
12878,213;75
12879,213;84
12880,213;76
12881,213;80
12882,213;87
12883,213;13141
12884,213;90
12885,213;76
12886,213;82
12887,213;74
12888,213;102
12889,213;13133
12890,213;95
12891,213;79
12892,213;97
12893,213;91
12894,213;111
12895,213;13123
12896,213;80
12897,213;95
12898,213;110
12899,213;95
12900,213;105
12901,213;13138
12902,213;73
12903,213;79
12904,213;76
12905,213;90
12906,213;82
12907,213;13123
12908,213;83
12909,213;81
12910,213;77
12911,213;94
12912,213;104
12913,213;13116
12914,213;86
12915,213;86
12916,213;87
12917,213;79
12918,213;102
12919,213;13159
12920,213;74
12921,213;69
12922,213;84
12923,213;84
12924,213;113
12925,213;13132
12926,213;84
12927,213;92
12928,213;107
12929,213;85
12933,291;90
12934,291;13108
12935,291;88
12936,291;86
12937,291;105
12938,291;80
12939,291;87
12940,291;13098
12941,291;93
12942,291;91
12943,291;99
12944,291;81
12945,291;90
12946,291;13114
12947,291;94
12948,291;101
12949,291;91
12950,291;95
12951,291;90
12952,291;13114
12953,291;79
12954,291;83
12955,291;83
12956,291;105
12957,291;84
12958,291;13116
12959,291;81
12960,291;79
12961,291;72
12962,291;95
12963,291;96
12964,291;13154
12965,291;85
12966,291;65
12967,291;68
12968,291;94
12969,291;109
12970,291;13122
12971,291;89
12972,291;95
12973,291;99
12974,291;105
12975,291;94
12976,291;13115
12977,291;89
12978,291;84
12979,291;84
12980,291;82
12981,291;84
12982,291;13142
12983,291;85
12984,291;86
12985,291;80
12986,291;96
12987,291;88
12988,291;13142
12989,291;81
12990,291;79
12991,291;81
12992,291;100
12993,291;83
12994,291;13138
12995,291;72
12996,291;73
12997,291;108
12998,291;84
12999,291;82
13000,291;13166
13001,291;99
13002,291;92
13003,291;86
13004,291;104
13005,291;97
13006,291;13148
13007,291;77
13008,291;86
13009,291;106
13010,291;96
13011,291;90
13012,291;13155
13013,291;91
13014,291;76
13015,291;94
13016,291;93
13017,291;106
13018,291;13162
13019,291;103
13020,291;80
13021,291;88
13022,291;101
13023,291;104
13024,291;13146
13025,291;71
13026,291;89
13027,291;89
13028,291;95
13029,291;99
13030,291;13150
13031,291;96
13032,291;104
13033,291;92
13031,291;94
13032,291;84
13033,291;13124
13034,291;81
13035,291;86
13036,291;103
13037,291;87
13038,291;87
13039,291;13127
13040,291;80
13041,291;104
13042,291;77
13043,291;93
13044,291;113
13045,291;12791
13046,291;93
13047,291;76
13048,291;103
13049,291;94
13050,291;89
13051,291;13067
13052,291;87
13053,291;89
13054,291;88
13055,291;98
13056,291;98
13057,291;13138
13058,291;83
13059,291;102
13060,291;87
13061,291;109
13062,291;113
13063,291;13133
13064,291;100
13065,291;87
13066,291;92
13067,291;100
13068,291;117
13069,291;13150
13070,291;75
13071,291;88
13072,291;89
13073,291;91
13074,291;83
13075,291;13162
13076,291;89
13077,291;80
13078,291;85
13079,291;90
13080,291;94
13081,291;13178
13082,291;88
13083,291;86
13084,291;85
13085,291;81
13086,291;101
13087,291;13153
13088,291;86
13089,291;84
13090,291;93
13091,291;94
13092,291;90
13093,291;13116
13094,291;97
13095,291;87
13096,291;111
13097,291;89
13098,291;116
13099,291;13161
13100,291;75
13101,291;84
13102,291;76
13103,291;76
13104,291;100
13105,291;13162
13106,291;81
13107,291;108
13108,291;93
13109,291;100
13110,291;114
13111,291;13142
13112,291;82
13113,291;84
13114,291;98
13115,291;77
13116,291;98
13117,291;13131
13118,291;81
13119,291;97
13120,291;79
13121,291;97
13122,291;81
13123,291;13157
13124,291;96
13125,291;91
13126,291;85
13127,291;108
13128,291;90
13129,291;13138
13130,291;77
13131,291;70
13131,026;100
13132,026;104
13133,026;79
13134,026;13125
13135,026;81
13136,026;88
13137,026;108
13138,026;95
13139,026;81
13140,026;13161
13141,026;91
13142,026;72
13143,026;84
13144,026;86
13145,026;104
13146,026;13121
13147,026;91
13148,026;87
13149,026;84
13150,026;95
13151,026;85
13152,026;13092
13153,026;89
13154,026;93
13155,026;87
13156,026;80
13157,026;109
13158,026;13139
13159,026;85
13160,026;77
13161,026;87
13162,026;98
13163,026;92
13164,026;13094
13165,026;82
13166,026;90
13167,026;86
13168,026;84
13169,026;99
13170,026;13133
13171,026;84
13172,026;90
13173,026;97
13174,026;100
13175,026;92
13176,026;13128
13177,026;87
13178,026;93
13179,026;74
13180,026;93
13181,026;113
13182,026;13117
13183,026;98
13184,026;76
13185,026;107
13186,026;91
13187,026;95
13188,026;13140
13189,026;75
13190,026;92
13191,026;98
13192,026;104
13193,026;99
13194,026;13124
13195,026;75
13196,026;83
13197,026;91
13198,026;96
13199,026;81
13200,026;13147
13201,026;86
13202,026;101
13203,026;93
13204,026;71
13205,026;92
13206,026;13137
13207,026;93
13208,026;75
13209,026;90
13210,026;77
13211,026;86
13212,026;13134
13213,026;84
13214,026;81
13215,026;79
13216,026;88
13217,026;95
13218,026;13146
13219,026;78
13220,026;86
13221,026;76
13222,026;66
13223,026;86
13224,026;13064
13225,026;84
13226,026;87
13227,026;85
13228,026;99
13229,026;89
13230,026;13121
13231,026;72
13232,396;84
13233,396;83
13234,396;88
13235,396;101
13236,396;13126
13237,396;75
13238,396;85
13239,396;88
13240,396;85
13241,396;100
13242,396;13114
13243,396;76
13244,396;82
13245,396;90
13246,396;75
13247,396;91
13248,396;13125
13249,396;92
13250,396;82
13251,396;81
13252,396;84
13253,396;91
13254,396;13158
13255,396;85
13256,396;95
13257,396;104
13258,396;88
13259,396;86
13260,396;13135
13261,396;79
13262,396;87
13263,396;77
13264,396;96
13265,396;79
13266,396;13210
13267,396;78
13268,396;79
13269,396;92
13270,396;92
13271,396;82
13272,396;13165
13273,396;81
13274,396;92
13275,396;70
13276,396;88
13277,396;85
13278,396;13132
13279,396;86
13280,396;85
13281,396;96
13282,396;88
13283,396;107
13284,396;13125
13285,396;70
13286,396;72
13287,396;88
13288,396;83
13289,396;84
13290,396;13125
13291,396;86
13292,396;74
13293,396;78
13294,396;99
13295,396;68
13296,396;13153
13297,396;70
13298,396;69
13299,396;97
13300,396;90
13301,396;83
13302,396;13144
13303,396;75
13304,396;91
13305,396;75
13306,396;76
13307,396;72
13308,396;13121
13309,396;78
13310,396;89
13311,396;80
13312,396;90
13313,396;80
13314,396;13137
13315,396;95
13316,396;91
13317,396;85
13318,396;99
13319,396;93
13320,396;13122
13321,396;77
13322,396;73
13323,396;85
13324,396;87
13325,396;79
13326,396;13104
13327,396;74
13328,396;95
13329,396;78
13330,396;84
13331,396;87
13332,396;13118
13334,597;82
13335,597;69
13336,597;75
13337,597;65
13338,597;67
13339,597;13145
13340,597;81
13341,597;79
13342,597;83
13343,597;74
13344,597;84
13345,597;13137
13346,597;75
13347,597;83
13348,597;71
13349,597;84
13350,597;80
13351,597;13119
13352,597;91
13353,597;78
13354,597;68
13355,597;79
13356,597;83
13357,597;12825
13358,597;72
13359,597;63
13360,597;73
13361,597;80
13362,597;92
13363,597;13063
13364,597;53
13365,597;74
13366,597;84
13367,597;69
13368,597;82
13369,597;13121
13370,597;76
13371,597;69
13372,597;91
13373,597;102
13374,597;83
13375,597;13162
13376,597;76
13377,597;60
13378,597;96
13379,597;83
13380,597;79
13381,597;13133
13382,597;89
13383,597;83
13384,597;68
13385,597;80
13386,597;80
13387,597;13144
13388,597;90
13389,597;64
13390,597;85
13391,597;78
13392,597;87
13393,597;13134
13394,597;59
13395,597;97
13396,597;81
13397,597;86
13398,597;75
13399,597;13163
13400,597;80
13401,597;74
13402,597;97
13403,597;87
13404,597;84
13405,597;13153
13406,597;69
13407,597;81
13408,597;88
13409,597;87
13410,597;95
13411,597;13080
13412,597;71
13413,597;89
13414,597;78
13415,597;90
13416,597;99
13417,597;13125
13418,597;89
13419,597;77
13420,597;87
13421,597;78
13422,597;108
13423,597;13148
13424,597;88
13425,597;88
13426,597;92
13427,597;70
13428,597;75
13429,597;13140
13430,597;76
13431,597;79
13432,597;90
13433,597;85
13434,597;82
13433,724;13136
13434,724;79
13435,724;96
13436,724;89
13437,724;84
13438,724;63
13439,724;13163
13440,724;86
13441,724;84
13442,724;79
13443,724;80
13444,724;95
13445,724;13130
13446,724;86
13447,724;88
13448,724;102
13449,724;100
13450,724;99
13451,724;13107
13452,724;90
13453,724;78
13454,724;83
13455,724;96
13456,724;72
13457,724;13152
13458,724;90
13459,724;71
13460,724;90
13461,724;83
13462,724;93
13463,724;13134
13464,724;86
13465,724;79
13466,724;89
13467,724;92
13468,724;95
13469,724;13078
13470,724;85
13471,724;86
13472,724;87
13473,724;94
13474,724;86
13475,724;13140
13476,724;82
13477,724;83
13478,724;66
13479,724;97
13480,724;74
13481,724;13120
13482,724;80
13483,724;102
13484,724;80
13485,724;82
13486,724;97
13487,724;13157
13488,724;86
13489,724;84
13490,724;78
13491,724;101
13492,724;99
13493,724;13130
13494,724;88
13495,724;71
13496,724;85
13497,724;85
13498,724;97
13499,724;13145
13500,724;62
13501,724;83
13502,724;95
13503,724;69
13504,724;98
13505,724;13161
13506,724;94
13507,724;83
13508,724;85
13509,724;83
13510,724;79
13511,724;13135
13512,724;86
13513,724;92
13514,724;97
13515,724;85
13516,724;92
13517,724;13173
13518,724;95
13519,724;85
13520,724;86
13521,724;84
13522,724;93
13523,724;13118
13524,724;87
13525,724;79
13526,724;96
13527,724;89
13528,724;97
13529,724;13143
13530,724;91
13531,724;75
13532,724;80
13533,724;76
13535,724;93
13536,724;13112
13537,724;81
13538,724;97
13539,724;87
13540,724;84
13541,724;104
13542,724;13115
13543,724;67
13544,724;82
13545,724;86
13546,724;86
13547,724;85
13548,724;13164
13549,724;85
13550,724;89
13551,724;103
13552,724;118
13553,724;106
13554,724;13148
13555,724;78
13556,724;106
13557,724;118
13558,724;98
13559,724;89
13560,724;13160
13561,724;89
13562,724;96
13563,724;90
13564,724;86
13565,724;101
13566,724;13121
13567,724;76
13568,724;70
13569,724;91
13570,724;83
13571,724;90
13572,724;13108
13573,724;70
13574,724;96
13575,724;90
13576,724;107
13577,724;93
13578,724;13130
13579,724;84
13580,724;86
13581,724;98
13582,724;98
13583,724;88
13584,724;13138
13585,724;90
13586,724;97
13587,724;95
13588,724;95
13589,724;88
13590,724;13123
13591,724;92
13592,724;86
13593,724;97
13594,724;101
13595,724;102
13596,724;13143
13597,724;65
13598,724;78
13599,724;99
13600,724;92
13601,724;96
13602,724;13160
13603,724;81
13604,724;77
13605,724;101
13606,724;102
13607,724;119
13608,724;13174
13609,724;72
13610,724;83
13611,724;98
13612,724;90
13613,724;96
13614,724;13119
13615,724;83
13616,724;75
13617,724;91
13618,724;79
13619,724;92
13620,724;13138
13621,724;93
13622,724;87
13623,724;103
13624,724;87
13625,724;107
13626,724;13136
13627,724;105
13628,724;77
13629,724;90
13630,724;98
13631,724;108
13632,724;13147
13633,724;79
13634,724;81
13635,724;100
13637,069;108
13638,069;116
13639,069;13150
13640,069;76
13641,069;96
13642,069;95
13643,069;75
13644,069;87
13645,069;13132
13646,069;93
13647,069;88
13648,069;79
13649,069;96
13650,069;107
13651,069;13104
13652,069;82
13653,069;76
13654,069;104
13655,069;107
13656,069;102
13657,069;13166
13658,069;91
13659,069;91
13660,069;105
13661,069;81
13662,069;107
13663,069;13134
13664,069;82
13665,069;75
13666,069;102
13667,069;92
13668,069;81
13669,069;12805
13670,069;70
13671,069;95
13672,069;101
13673,069;80
13674,069;101
13675,069;13080
13676,069;87
13677,069;88
13678,069;95
13679,069;78
13680,069;105
13681,069;13131
13682,069;76
13683,069;93
13684,069;87
13685,069;83
13686,069;83
13687,069;13141
13688,069;83
13689,069;86
13690,069;114
13691,069;88
13692,069;84
13693,069;13157
13694,069;91
13695,069;88
13696,069;85
13697,069;85
13698,069;92
13699,069;13175
13700,069;87
13701,069;83
13702,069;111
13703,069;105
13704,069;100
13705,069;13153
13706,069;83
13707,069;88
13708,069;100
13709,069;106
13710,069;91
13711,069;13115
13712,069;68
13713,069;83
13714,069;86
13715,069;103
13716,069;89
13717,069;13165
13718,069;77
13719,069;72
13720,069;106
13721,069;109
13722,069;106
13723,069;13134
13724,069;88
13725,069;88
13726,069;103
13727,069;93
13728,069;88
13729,069;13185
13730,069;78
13731,069;79
13732,069;103
13733,069;97
13734,069;114
13735,069;13118
13736,069;82
13737,069;90
13738,237;83
13739,237;73
13740,237;90
13741,237;13132
13742,237;82
13743,237;105
13744,237;88
13745,237;97
13746,237;104
13747,237;13133
13748,237;103
13749,237;99
13750,237;94
13751,237;83
13752,237;87
13753,237;13112
13754,237;77
13755,237;92
13756,237;108
13757,237;110
13758,237;86
13759,237;13107
13760,237;100
13761,237;84
13762,237;98
13763,237;90
13764,237;86
13765,237;13106
13766,237;88
13767,237;85
13768,237;84
13769,237;86
13770,237;85
13771,237;13107
13772,237;93
13773,237;82
13774,237;79
13775,237;87
13776,237;95
13777,237;13166
13778,237;79
13779,237;90
13780,237;95
13781,237;95
13782,237;91
13783,237;13146
13784,237;72
13785,237;88
13786,237;110
13787,237;88
13788,237;106
13789,237;13118
13790,237;91
13791,237;99
13792,237;90
13793,237;90
13794,237;119
13795,237;13150
13796,237;105
13797,237;87
13798,237;87
13799,237;89
13800,237;83
13801,237;13163
13802,237;72
13803,237;89
13804,237;90
13805,237;93
13806,237;87
13807,237;13154
13808,237;68
13809,237;93
13810,237;88
13811,237;113
13812,237;95
13813,237;13104
13814,237;79
13815,237;83
13816,237;90
13817,237;87
13818,237;73
13819,237;13119
13820,237;93
13821,237;73
13822,237;99
13823,237;104
13824,237;92
13825,237;13115
13826,237;76
13827,237;91
13828,237;101
13829,237;91
13830,237;108
13831,237;13106
13832,237;88
13833,237;92
13834,237;95
13835,237;82
13836,237;91
13837,237;13088
13838,237;68
13839,213;89
13840,213;77
13841,213;104
13842,213;89
13843,213;13124
13844,213;88
13845,213;75
13846,213;81
13847,213;85
13848,213;114
13849,213;13123
13850,213;84
13851,213;74
13852,213;96
13853,213;102
13854,213;93
13855,213;13141
13856,213;94
13857,213;70
13858,213;77
13859,213;77
13860,213;100
13861,213;13102
13862,213;82
13863,213;87
13864,213;86
13865,213;82
13866,213;98
13867,213;13135
13868,213;86
13869,213;90
13870,213;88
13871,213;97
13872,213;95
13873,213;13100
13874,213;73
13875,213;86
13876,213;101
13877,213;84
13878,213;94
13879,213;13136
13880,213;85
13881,213;76
13882,213;81
13883,213;93
13884,213;70
13885,213;13147
13886,213;75
13887,213;94
13888,213;87
13889,213;86
13890,213;101
13891,213;13121
13892,213;73
13893,213;97
13894,213;95
13895,213;98
13896,213;87
13897,213;13152
13898,213;79
13899,213;74
13900,213;76
13901,213;89
13902,213;86
13903,213;13119
13904,213;82
13905,213;106
13906,213;71
13907,213;89
13908,213;86
13909,213;13134
13910,213;74
13911,213;71
13912,213;89
13913,213;83
13914,213;84
13915,213;13142
13916,213;75
13917,213;69
13918,213;84
13919,213;87
13920,213;96
13921,213;13147
13922,213;65
13923,213;83
13924,213;92
13925,213;83
13926,213;96
13927,213;13106
13928,213;80
13929,213;84
13930,213;69
13931,213;100
13932,213;96
13933,213;13098
13934,213;67
13935,213;73
13936,213;86
13937,213;74
13938,213;70
13939,213;13149
13939,548;84
13940,548;77
13941,548;89
13942,548;86
13943,548;90
13944,548;13127
13945,548;82
13946,548;90
13947,548;85
13948,548;79
13949,548;70
13950,548;13125
13951,548;73
13952,548;83
13953,548;79
13954,548;81
13955,548;90
13956,548;13152
13957,548;83
13958,548;79
13959,548;100
13960,548;70
13961,548;87
13962,548;13161
13963,548;81
13964,548;68
13965,548;84
13966,548;81
13967,548;91
13968,548;13090
13969,548;72
13970,548;69
13971,548;71
13972,548;79
13973,548;84
13974,548;13121
13975,548;71
13976,548;69
13977,548;70
13978,548;89
13979,548;78
13980,548;12803
13981,548;81
13982,548;87
13983,548;66
13984,548;71
13985,548;85
13986,548;13058
13987,548;61
13988,548;65
13989,548;94
13990,548;85
13991,548;67
13992,548;13093
13993,548;75
13994,548;61
13995,548;102
13996,548;88
13997,548;80
13998,548;13168
13999,548;86
14000,548;87
14001,548;63
14002,548;81
14003,548;76
14004,548;13155
14005,548;79
14006,548;78
14007,548;68
14008,548;78
14009,548;94
14010,548;13130
14011,548;63
14012,548;98
14013,548;71
14014,548;73
14015,548;104
14016,548;13090
14017,548;83
14018,548;79
14019,548;77
14020,548;86
14021,548;88
14022,548;13143
14023,548;70
14024,548;93
14025,548;83
14026,548;95
14027,548;81
14028,548;13160
14029,548;71
14030,548;69
14031,548;77
14032,548;91
14033,548;85
14034,548;13155
14035,548;71
14036,548;81
14037,548;86
14038,548;86
14039,548;86
14040,548;13177
14041,548;66
14042,548;85
14043,548;107
14044,548;100
14045,548;97
14046,548;13142
14047,548;75
14048,548;75
14049,548;82
14050,548;103
14051,548;92
14052,548;13155
14053,548;74
14054,548;59
14055,548;83
14056,548;96
14057,548;82
14058,548;13162
14059,548;93
14060,548;88
14061,548;87
14062,548;75
14063,548;75
14064,548;13126
14065,548;83
14066,548;73
14067,548;88
14068,548;81
14069,548;92
14070,548;13123
14071,548;73
14072,548;91
14073,548;90
14074,548;87
14075,548;99
14076,548;13122
14077,548;81
14078,548;72
14079,548;86
14080,548;86
14081,548;88
14082,548;13123
14083,548;80
14084,548;79
14085,548;89
14086,548;87
14087,548;110
14088,548;13151
14089,548;83
14090,548;85
14091,548;84
14092,548;100
14093,548;90
14094,548;13173
14095,548;83
14096,548;69
14097,548;94
14098,548;88
14099,548;105
14100,548;13159
14101,548;84
14102,548;82
14103,548;83
14104,548;91
14105,548;80
14106,548;13106
14107,548;87
14108,548;94
14109,548;106
14110,548;83
14111,548;104
14112,548;13102
14113,548;83
14114,548;92
14115,548;103
14116,548;96
14117,548;100
14118,548;13151
14119,548;95
14120,548;92
14121,548;95
14122,548;86
14123,548;97
14124,548;13093
14125,548;93
14126,548;79
14127,548;86
14128,548;93
14129,548;104
14130,548;13113
14131,548;84
14132,548;77
14133,548;84
14134,548;105
14135,548;88
14136,548;13156
14137,548;65
14138,548;84
14139,548;107
14140,548;78
14142,013;74
14143,013;13096
14144,013;94
14145,013;78
14146,013;93
14147,013;90
14148,013;94
14149,013;13134
14150,013;78
14151,013;84
14152,013;101
14153,013;93
14154,013;108
14155,013;13138
14156,013;79
14157,013;94
14158,013;97
14159,013;106
14160,013;99
14161,013;13154
14162,013;75
14163,013;91
14164,013;82
14165,013;96
14166,013;88
14167,013;13134
14168,013;78
14169,013;93
14170,013;108
14171,013;94
14172,013;111
14173,013;13151
14174,013;103
14175,013;80
14176,013;99
14177,013;88
14178,013;92
14179,013;13114
14180,013;81
14181,013;81
14182,013;101
14183,013;91
14184,013;96
14185,013;13126
14186,013;87
14187,013;87
14188,013;84
14189,013;102
14190,013;104
14191,013;13105
14192,013;93
14193,013;78
14194,013;87
14195,013;107
14196,013;80
14197,013;13134
14198,013;87
14199,013;64
14200,013;91
14201,013;103
14202,013;87
14203,013;13142
14204,013;78
14205,013;76
14206,013;94
14207,013;106
14208,013;125
14209,013;13093
14210,013;99
14211,013;94
14212,013;98
14213,013;88
14214,013;100
14215,013;13138
14216,013;67
14217,013;79
14218,013;87
14219,013;108
14220,013;107
14221,013;13177
14222,013;91
14223,013;82
14224,013;96
14225,013;88
14226,013;104
14227,013;13141
14228,013;83
14229,013;102
14230,013;84
14231,013;87
14232,013;97
14233,013;13087
14234,013;86
14235,013;92
14236,013;108
14237,013;79
14238,013;95
14239,013;13174
14240,013;84
14241,013;86
14242,013;102
14242,709;93
14243,709;82
14244,709;13179
14245,709;91
14246,709;81
14247,709;88
14248,709;101
14249,709;86
14250,709;13149
14251,709;82
14252,709;95
14253,709;92
14254,709;100
14255,709;84
14256,709;13156
14257,709;102
14258,709;96
14259,709;95
14260,709;90
14261,709;96
14262,709;13132
14263,709;83
14264,709;90
14265,709;94
14266,709;104
14267,709;93
14268,709;13135
14269,709;88
14270,709;114
14271,709;86
14272,709;110
14273,709;99
14274,709;13173
14275,709;92
14276,709;81
14277,709;84
14278,709;98
14279,709;91
14280,709;13115
14281,709;90
14282,709;102
14283,709;92
14284,709;107
14285,709;107
14286,709;13143
14287,709;69
14288,709;95
14289,709;95
14290,709;103
14291,709;107
14292,709;12810
14293,709;83
14294,709;85
14295,709;97
14296,709;89
14297,709;97
14298,709;13140
14299,709;75
14300,709;93
14301,709;101
14302,709;100
14303,709;101
14304,709;13137
14305,709;98
14306,709;88
14307,709;78
14308,709;88
14309,709;87
14310,709;13167
14311,709;79
14312,709;103
14313,709;81
14314,709;110
14315,709;111
14316,709;13194
14317,709;73
14318,709;91
14319,709;102
14320,709;95
14321,709;89
14322,709;13139
14323,709;86
14324,709;98
14325,709;95
14326,709;93
14327,709;97
14328,709;13160
14329,709;89
14330,709;78
14331,709;68
14332,709;110
14333,709;102
14334,709;13158
14335,709;84
14336,709;93
14337,709;103
14338,709;89
14339,709;111
14340,709;13161
14341,709;87
14342,709;114
14344,213;83
14345,213;96
14346,213;84
14347,213;13169
14348,213;73
14349,213;100
14350,213;107
14351,213;101
14352,213;108
14353,213;13142
14354,213;91
14355,213;101
14356,213;94
14357,213;104
14358,213;111
14359,213;13158
14360,213;77
14361,213;92
14362,213;103
14363,213;77
14364,213;94
14365,213;13139
14366,213;74
14367,213;93
14368,213;90
14369,213;85
14370,213;103
14371,213;13173
14372,213;94
14373,213;86
14374,213;93
14375,213;91
14376,213;85
14377,213;13139
14378,213;88
14379,213;106
14380,213;89
14381,213;95
14382,213;101
14383,213;13130
14384,213;78
14385,213;86
14386,213;91
14387,213;75
14388,213;97
14389,213;13159
14390,213;98
14391,213;80
14392,213;96
14393,213;76
14394,213;94
14395,213;13144
14396,213;90
14397,213;89
14398,213;100
14399,213;89
14400,213;92
14401,213;13115
14402,213;87
14403,213;74
14404,213;75
14405,213;100
14406,213;101
14407,213;13140
14408,213;82
14409,213;98
14410,213;87
14411,213;84
14412,213;95
14413,213;13151
14414,213;88
14415,213;75
14416,213;84
14417,213;88
14418,213;78
14419,213;13159
14420,213;103
14421,213;89
14422,213;68
14423,213;88
14424,213;94
14425,213;13177
14426,213;83
14427,213;91
14428,213;97
14429,213;85
14430,213;84
14431,213;13140
14432,213;82
14433,213;84
14434,213;91
14435,213;91
14436,213;93
14437,213;13146
14438,213;98
14439,213;79
14440,213;94
14441,213;82
14442,213;120
14443,213;13173
14444,213;73
14444,209;81
14445,209;89
14446,209;97
14447,209;107
14448,209;13157
14449,209;88
14450,209;91
14451,209;70
14452,209;96
14453,209;95
14454,209;13141
14455,209;73
14456,209;79
14457,209;94
14458,209;95
14459,209;84
14460,209;13132
14461,209;62
14462,209;80
14463,209;93
14464,209;89
14465,209;81
14466,209;13174
14467,209;86
14468,209;95
14469,209;82
14470,209;86
14471,209;89
14472,209;13138
14473,209;68
14474,209;91
14475,209;98
14476,209;103
14477,209;104
14478,209;13120
14479,209;83
14480,209;71
14481,209;90
14482,209;77
14483,209;87
14484,209;13121
14485,209;82
14486,209;93
14487,209;80
14488,209;85
14489,209;91
14490,209;13139
14491,209;76
14492,209;92
14493,209;92
14494,209;96
14495,209;83
14496,209;13145
14497,209;71
14498,209;77
14499,209;85
14500,209;96
14501,209;96
14502,209;13164
14503,209;72
14504,209;87
14505,209;94
14506,209;86
14507,209;73
14508,209;13178
14509,209;88
14510,209;88
14511,209;78
14512,209;91
14513,209;91
14514,209;13157
14515,209;91
14516,209;81
14517,209;84
14518,209;79
14519,209;87
14520,209;13157
14521,209;76
14522,209;89
14523,209;101
14524,209;80
14525,209;100
14526,209;13155
14527,209;81
14528,209;71
14529,209;77
14530,209;96
14531,209;100
14532,209;13173
14533,209;93
14534,209;75
14535,209;86
14536,209;100
14537,209;103
14538,209;13167
14539,209;78
14540,209;98
14541,209;62
14542,209;86
14543,209;81
14544,209;13145
14545,209;65
14546,209;102
14547,209;83
14548,209;88
14549,209;88
14550,209;13115
14551,209;81
14552,209;82
14553,209;77
14554,209;90
14555,209;94
14556,209;13156
14557,209;89
14558,209;74
14559,209;83
14560,209;89
14561,209;89
14562,209;13129
14563,209;63
14564,209;68
14565,209;83
14566,209;82
14567,209;103
14568,209;13118
14569,209;67
14570,209;76
14571,209;82
14572,209;79
14573,209;66
14574,209;13169
14575,209;83
14576,209;70
14577,209;69
14578,209;74
14579,209;83
14580,209;13129
14581,209;75
14582,209;73
14583,209;71
14584,209;72
14585,209;76
14586,209;13132
14587,209;78
14588,209;73
14589,209;82
14590,209;67
14591,209;80
14592,209;13139
14593,209;78
14594,209;85
14595,209;59
14596,209;91
14597,209;97
14598,209;13141
14599,209;61
14600,209;64
14601,209;68
14602,209;93
14603,209;85
14604,209;12828
14605,209;71
14606,209;87
14607,209;73
14608,209;74
14609,209;92
14610,209;13061
14611,209;62
14612,209;91
14613,209;73
14614,209;83
14615,209;86
14616,209;13155
14617,209;70
14618,209;80
14619,209;85
14620,209;74
14621,209;81
14622,209;13154
14623,209;81
14624,209;68
14625,209;64
14626,209;88
14627,209;79
14628,209;13165
14629,209;67
14630,209;87
14631,209;73
14632,209;97
14633,209;94
14634,209;13155
14635,209;85
14636,209;98
14637,209;93
14638,209;80
14639,209;89
14640,209;13168
14641,209;68
14642,209;97
14643,209;101
14644,209;78
14645,209;89
14645,842;13156
14646,842;77
14647,842;76
14648,842;73
14649,842;70
14650,842;86
14651,842;13157
14652,842;76
14653,842;63
14654,842;82
14655,842;95
14656,842;77
14657,842;13168
14658,842;67
14659,842;86
14660,842;100
14661,842;101
14662,842;104
14663,842;13152
14664,842;86
14665,842;77
14666,842;81
14667,842;98
14668,842;86
14669,842;13138
14670,842;74
14671,842;79
14672,842;102
14673,842;94
14674,842;86
14675,842;13194
14676,842;91
14677,842;88
14678,842;79
14679,842;79
14680,842;86
14681,842;13147
14682,842;57
14683,842;84
14684,842;84
14685,842;98
14686,842;97
14687,842;13141
14688,842;83
14689,842;102
14690,842;89
14691,842;94
14692,842;91
14693,842;13150
14694,842;86
14695,842;80
14696,842;89
14697,842;86
14698,842;91
14699,842;13149
14700,842;87
14701,842;85
14702,842;88
14703,842;79
14704,842;92
14705,842;13170
14706,842;85
14707,842;81
14708,842;79
14709,842;105
14710,842;87
14711,842;13139
14712,842;80
14713,842;83
14714,842;92
14715,842;84
14716,842;93
14717,842;13151
14718,842;86
14719,842;96
14720,842;80
14721,842;75
14722,842;89
14723,842;13162
14724,842;75
14725,842;87
14726,842;101
14727,842;76
14728,842;90
14729,842;13120
14730,842;80
14731,842;87
14732,842;80
14733,842;78
14734,842;77
14735,842;13173
14736,842;84
14737,842;99
14738,842;94
14739,842;86
14740,842;90
14741,842;13148
14742,842;80
14743,842;88
14744,842;86
14745,842;86
14747,297;86
14748,297;13168
14749,297;71
14750,297;93
14751,297;93
14752,297;82
14753,297;91
14754,297;13148
14755,297;73
14756,297;81
14757,297;84
14758,297;89
14759,297;95
14760,297;13159
14761,297;68
14762,297;97
14763,297;94
14764,297;88
14765,297;90
14766,297;13117
14767,297;84
14768,297;81
14769,297;85
14770,297;93
14771,297;93
14772,297;13151
14773,297;75
14774,297;79
14775,297;81
14776,297;88
14777,297;79
14778,297;13172
14779,297;72
14780,297;106
14781,297;89
14782,297;85
14783,297;76
14784,297;13116
14785,297;85
14786,297;83
14787,297;98
14788,297;102
14789,297;83
14790,297;13133
14791,297;76
14792,297;88
14793,297;94
14794,297;96
14795,297;115
14796,297;13159
14797,297;86
14798,297;75
14799,297;92
14800,297;87
14801,297;93
14802,297;13167
14803,297;79
14804,297;93
14805,297;91
14806,297;93
14807,297;102
14808,297;13137
14809,297;90
14810,297;97
14811,297;95
14812,297;93
14813,297;82
14814,297;13121
14815,297;83
14816,297;77
14817,297;94
14818,297;101
14819,297;92
14820,297;13151
14821,297;76
14822,297;90
14823,297;88
14824,297;89
14825,297;89
14826,297;13134
14827,297;96
14828,297;111
14829,297;74
14830,297;94
14831,297;107
14832,297;13195
14833,297;93
14834,297;78
14835,297;84
14836,297;93
14837,297;77
14838,297;13136
14839,297;73
14840,297;87
14841,297;74
14842,297;94
14843,297;103
14844,297;13165
14845,297;80
14846,297;93
14847,297;85
14848,212;92
14849,212;93
14850,212;13150
14851,212;96
14852,212;72
14853,212;114
14854,212;107
14855,212;94
14856,212;13150
14857,212;96
14858,212;77
14859,212;96
14860,212;93
14861,212;88
14862,212;13151
14863,212;90
14864,212;93
14865,212;101
14866,212;101
14867,212;89
14868,212;13153
14869,212;92
14870,212;87
14871,212;81
14872,212;86
14873,212;92
14874,212;13172
14875,212;90
14876,212;104
14877,212;91
14878,212;101
14879,212;79
14880,212;13166
14881,212;75
14882,212;105
14883,212;99
14884,212;112
14885,212;101
14886,212;13171
14887,212;97
14888,212;86
14889,212;95
14890,212;105
14891,212;102
14892,212;13122
14893,212;86
14894,212;90
14895,212;85
14896,212;97
14897,212;94
14898,212;13152
14899,212;91
14900,212;100
14901,212;87
14902,212;93
14903,212;109
14904,212;13132
14905,212;86
14906,212;73
14907,212;75
14908,212;99
14909,212;98
14910,212;13123
14911,212;75
14912,212;76
14913,212;89
14914,212;99
14915,212;98
14916,212;12844
14917,212;80
14918,212;101
14919,212;98
14920,212;100
14921,212;96
14922,212;13097
14923,212;87
14924,212;77
14925,212;94
14926,212;96
14927,212;101
14928,212;13172
14929,212;90
14930,212;81
14931,212;94
14932,212;87
14933,212;93
14934,212;13211
14935,212;72
14936,212;100
14937,212;99
14938,212;103
14939,212;91
14940,212;13170
14941,212;92
14942,212;88
14943,212;86
14944,212;113
14945,212;87
14946,212;13167
14947,212;88
14948,212;102
14949,911;102
14950,911;93
14951,911;83
14952,911;13173
14953,911;69
14954,911;80
14955,911;102
14956,911;92
14957,911;97
14958,911;13153
14959,911;98
14960,911;79
14961,911;79
14962,911;92
14963,911;97
14964,911;13126
14965,911;98
14966,911;83
14967,911;101
14968,911;87
14969,911;90
14970,911;13140
14971,911;82
14972,911;88
14973,911;85
14974,911;91
14975,911;107
14976,911;13167
14977,911;85
14978,911;89
14979,911;85
14980,911;103
14981,911;112
14982,911;13164
14983,911;97
14984,911;92
14985,911;86
14986,911;81
14987,911;104
14988,911;13139
14989,911;99
14990,911;95
14991,911;80
14992,911;89
14993,911;93
14994,911;13214
14995,911;89
14996,911;84
14997,911;105
14998,911;82
14999,911;87
15000,911;13122
15001,911;86
15002,911;91
15003,911;98
15004,911;103
15005,911;104
15006,911;13141
15007,911;91
15008,911;71
15009,911;89
15010,911;89
15011,911;88
15012,911;13132
15013,911;91
15014,911;97
15015,911;95
15016,911;114
15017,911;79
15018,911;13136
15019,911;99
15020,911;78
15021,911;85
15022,911;107
15023,911;89
15024,911;13149
15025,911;78
15026,911;82
15027,911;98
15028,911;83
15029,911;88
15030,911;13119
15031,911;97
15032,911;80
15033,911;77
15034,911;94
15035,911;82
15036,911;13153
15037,911;79
15038,911;96
15039,911;86
15040,911;90
15041,911;98
15042,911;13138
15043,911;84
15044,911;80
15045,911;97
15046,911;88
15047,911;102
15048,911;13146
15049,911;97
15050,911;79
15051,911;78
15052,911;97
15053,911;88
15054,911;13117
15055,911;87
15056,911;92
15057,911;81
15058,911;84
15059,911;101
15060,911;13175
15061,911;75
15062,911;76
15063,911;103
15064,911;89
15065,911;80
15066,911;13144
15067,911;103
15068,911;96
15069,911;75
15070,911;88
15071,911;109
15072,911;13144
15073,911;86
15074,911;83
15075,911;102
15076,911;94
15077,911;87
15078,911;13198
15079,911;87
15080,911;78
15081,911;69
15082,911;96
15083,911;110
15084,911;13142
15085,911;86
15086,911;82
15087,911;83
15088,911;78
15089,911;97
15090,911;13156
15091,911;87
15092,911;78
15093,911;90
15094,911;88
15095,911;99
15096,911;13152
15097,911;79
15098,911;84
15099,911;96
15100,911;90
15101,911;97
15102,911;13134
15103,911;94
15104,911;87
15105,911;85
15106,911;95
15107,911;103
15108,911;13169
15109,911;82
15110,911;83
15111,911;99
15112,911;104
15113,911;93
15114,911;13139
15115,911;90
15116,911;85
15117,911;80
15118,911;82
15119,911;85
15120,911;13132
15121,911;78
15122,911;103
15123,911;77
15124,911;89
15125,911;96
15126,911;13150
15127,911;76
15128,911;86
15129,911;87
15130,911;86
15131,911;94
15132,911;13145
15133,911;82
15134,911;88
15135,911;96
15136,911;74
15137,911;101
15138,911;13128
15139,911;67
15140,911;76
15141,911;82
15142,911;87
15143,911;79
15144,911;13175
15145,911;91
15146,911;73
15147,911;83
15148,911;93
15149,911;86
15150,911;13151
15152,035;78
15153,035;92
15154,035;90
15155,035;83
15156,035;96
15157,035;13156
15158,035;73
15159,035;90
15160,035;90
15161,035;75
15162,035;79
15163,035;13120
15164,035;68
15165,035;94
15166,035;83
15167,035;85
15168,035;83
15169,035;13137
15170,035;77
15171,035;71
15172,035;85
15173,035;90
15174,035;92
15175,035;13178
15176,035;73
15177,035;75
15178,035;97
15179,035;77
15180,035;100
15181,035;13162
15182,035;65
15183,035;77
15184,035;87
15185,035;82
15186,035;76
15187,035;13110
15188,035;76
15189,035;77
15190,035;78
15191,035;98
15192,035;71
15193,035;13148
15194,035;92
15195,035;77
15196,035;98
15197,035;88
15198,035;81
15199,035;13153
15200,035;86
15201,035;76
15202,035;81
15203,035;70
15204,035;84
15205,035;13156
15206,035;90
15207,035;76
15208,035;81
15209,035;60
15210,035;98
15211,035;13135
15212,035;69
15213,035;80
15214,035;79
15215,035;71
15216,035;91
15217,035;13150
15218,035;72
15219,035;69
15220,035;88
15221,035;82
15222,035;81
15223,035;13088
15224,035;68
15225,035;74
15226,035;79
15227,035;96
15228,035;86
15229,035;12825
15230,035;77
15231,035;71
15232,035;73
15233,035;80
15234,035;88
15235,035;13099
15236,035;76
15237,035;82
15238,035;93
15239,035;82
15240,035;80
15241,035;13139
15242,035;68
15243,035;78
15244,035;69
15245,035;81
15246,035;88
15247,035;13132
15248,035;82
15249,035;82
15250,035;83
15251,035;75
15252,035;86
15252,873;13138
15253,873;60
15254,873;72
15255,873;79
15256,873;80
15257,873;88
15258,873;13168
15259,873;82
15260,873;96
15261,873;84
15262,873;99
15263,873;90
15264,873;13165
15265,873;69
15266,873;80
15267,873;77
15268,873;77
15269,873;82
15270,873;13130
15271,873;74
15272,873;69
15273,873;95
15274,873;88
15275,873;82
15276,873;13151
15277,873;78
15278,873;63
15279,873;100
15280,873;79
15281,873;68
15282,873;13163
15283,873;67
15284,873;89
15285,873;89
15286,873;82
15287,873;91
15288,873;13153
15289,873;86
15290,873;102
15291,873;81
15292,873;89
15293,873;71
15294,873;13159
15295,873;85
15296,873;73
15297,873;66
15298,873;82
15299,873;85
15300,873;13164
15301,873;93
15302,873;99
15303,873;100
15304,873;72
15305,873;98
15306,873;13152
15307,873;97
15308,873;92
15309,873;86
15310,873;88
15311,873;76
15312,873;13157
15313,873;70
15314,873;85
15315,873;90
15316,873;98
15317,873;75
15318,873;13161
15319,873;83
15320,873;90
15321,873;71
15322,873;83
15323,873;85
15324,873;13162
15325,873;68
15326,873;88
15327,873;89
15328,873;93
15329,873;99
15330,873;13146
15331,873;93
15332,873;87
15333,873;93
15334,873;90
15335,873;101
15336,873;13185
15337,873;97
15338,873;78
15339,873;93
15340,873;103
15341,873;91
15342,873;13135
15343,873;81
15344,873;93
15345,873;95
15346,873;86
15347,873;100
15348,873;13175
15349,873;68
15350,873;70
15351,873;80
15352,873;81
15354,084;80
15355,084;13175
15356,084;91
15357,084;101
15358,084;87
15359,084;97
15360,084;84
15361,084;13177
15362,084;72
15363,084;74
15364,084;88
15365,084;100
15366,084;87
15367,084;13111
15368,084;92
15369,084;86
15370,084;86
15371,084;87
15372,084;105
15373,084;13171
15374,084;94
15375,084;90
15376,084;96
15377,084;89
15378,084;86
15379,084;13159
15380,084;82
15381,084;74
15382,084;102
15383,084;89
15384,084;95
15385,084;13138
15386,084;77
15387,084;107
15388,084;74
15389,084;77
15390,084;92
15391,084;13159
15392,084;86
15393,084;97
15394,084;89
15395,084;90
15396,084;90
15397,084;13192
15398,084;88
15399,084;87
15400,084;70
15401,084;100
15402,084;106
15403,084;13130
15404,084;85
15405,084;81
15406,084;82
15407,084;100
15408,084;100
15409,084;13153
15410,084;78
15411,084;102
15412,084;81
15413,084;105
15414,084;102
15415,084;13162
15416,084;73
15417,084;95
15418,084;94
15419,084;95
15420,084;100
15421,084;13152
15422,084;78
15423,084;91
15424,084;83
15425,084;90
15426,084;80
15427,084;13152
15428,084;66
15429,084;85
15430,084;85
15431,084;92
15432,084;100
15433,084;13180
15434,084;88
15435,084;91
15436,084;101
15437,084;92
15438,084;99
15439,084;13163
15440,084;93
15441,084;75
15442,084;85
15443,084;85
15444,084;97
15445,084;13183
15446,084;80
15447,084;93
15448,084;85
15449,084;102
15450,084;98
15451,084;13144
15452,084;68
15453,084;101
15454,084;105
15455,064;94
15456,064;111
15457,064;13173
15458,064;82
15459,064;106
15460,064;57
15461,064;82
15462,064;91
15463,064;13153
15464,064;69
15465,064;72
15466,064;89
15467,064;90
15468,064;93
15469,064;13131
15470,064;80
15471,064;99
15472,064;111
15473,064;105
15474,064;124
15475,064;13133
15476,064;96
15477,064;93
15478,064;96
15479,064;98
15480,064;92
15481,064;13172
15482,064;104
15483,064;100
15484,064;96
15485,064;92
15486,064;102
15487,064;13140
15488,064;95
15489,064;108
15490,064;107
15491,064;96
15492,064;105
15493,064;13139
15494,064;76
15495,064;81
15496,064;91
15497,064;89
15498,064;91
15499,064;13193
15500,064;78
15501,064;73
15502,064;98
15503,064;103
15504,064;106
15505,064;13150
15506,064;83
15507,064;73
15508,064;110
15509,064;118
15510,064;111
15511,064;13131
15512,064;86
15513,064;83
15514,064;115
15515,064;95
15516,064;88
15517,064;13166
15518,064;74
15519,064;66
15520,064;79
15521,064;65
15522,064;104
15523,064;13148
15524,064;79
15525,064;98
15526,064;95
15527,064;107
15528,064;114
15529,064;13153
15530,064;80
15531,064;104
15532,064;96
15533,064;78
15534,064;116
15535,064;13132
15536,064;81
15537,064;87
15538,064;88
15539,064;88
15540,064;81
15541,064;12838
15542,064;88
15543,064;88
15544,064;98
15545,064;97
15546,064;106
15547,064;13082
15548,064;70
15549,064;89
15550,064;104
15551,064;95
15552,064;97
15553,064;13146
15554,064;85
15555,064;94
15555,09;96
15556,09;92
15557,09;85
15558,09;13183
15559,09;94
15560,09;97
15561,09;108
15562,09;92
15563,09;96
15564,09;13169
15565,09;86
15566,09;89
15567,09;87
15568,09;85
15569,09;95
15570,09;13135
15571,09;83
15572,09;105
15573,09;89
15574,09;105
15575,09;106
15576,09;13155
15577,09;104
15578,09;89
15579,09;115
15580,09;104
15581,09;91
15582,09;13139
15583,09;90
15584,09;95
15585,09;105
15586,09;102
15587,09;103
15588,09;13130
15589,09;73
15590,09;83
15591,09;93
15592,09;99
15593,09;89
15594,09;13146
15595,09;82
15596,09;88
15597,09;74
15598,09;99
15599,09;102
15600,09;13167
15601,09;108
15602,09;77
15603,09;86
15604,09;89
15605,09;82
15606,09;13184
15607,09;85
15608,09;65
15609,09;78
15610,09;88
15611,09;89
15612,09;13137
15613,09;89
15614,09;74
15615,09;95
15616,09;67
15617,09;86
15618,09;13139
15619,09;98
15620,09;102
15621,09;75
15622,09;99
15623,09;86
15624,09;13147
15625,09;76
15626,09;83
15627,09;97
15628,09;97
15629,09;89
15630,09;13122
15631,09;90
15632,09;84
15633,09;101
15634,09;71
15635,09;98
15636,09;13158
15637,09;74
15638,09;104
15639,09;94
15640,09;100
15641,09;96
15642,09;13135
15643,09;85
15644,09;69
15645,09;91
15646,09;83
15647,09;105
15648,09;13155
15649,09;90
15650,09;78
15651,09;90
15652,09;88
15653,09;78
15654,09;13172
15655,09;83
15656,09;91
15657,09;97
15658,09;79
15659,09;82
15660,09;13193
15661,09;73
15662,09;87
15663,09;93
15664,09;89
15665,09;99
15666,09;13140
15667,09;88
15668,09;110
15669,09;78
15670,09;97
15671,09;88
15672,09;13132
15673,09;79
15674,09;76
15675,09;75
15676,09;90
15677,09;97
15678,09;13191
15679,09;79
15680,09;80
15681,09;85
15682,09;76
15683,09;81
15684,09;13122
15685,09;87
15686,09;73
15687,09;96
15688,09;86
15689,09;100
15690,09;13121
15691,09;86
15692,09;92
15693,09;93
15694,09;87
15695,09;92
15696,09;13157
15697,09;68
15698,09;96
15699,09;102
15700,09;84
15701,09;114
15702,09;13146
15703,09;82
15704,09;76
15705,09;93
15706,09;93
15707,09;108
15708,09;13155
15709,09;94
15710,09;98
15711,09;89
15712,09;87
15713,09;95
15714,09;13169
15715,09;87
15716,09;86
15717,09;90
15718,09;94
15719,09;87
15720,09;13168
15721,09;89
15722,09;66
15723,09;99
15724,09;88
15725,09;90
15726,09;13137
15727,09;107
15728,09;95
15729,09;86
15730,09;97
15731,09;82
15732,09;13170
15733,09;86
15734,09;72
15735,09;98
15736,09;90
15737,09;83
15738,09;13175
15739,09;73
15740,09;104
15741,09;95
15742,09;84
15743,09;99
15744,09;13151
15745,09;73
15746,09;89
15747,09;88
15748,09;76
15749,09;87
15750,09;13153
15751,09;73
15752,09;73
15753,09;92
15754,09;88
15755,09;97
15756,09;13162
15757,387;72
15758,387;77
15759,387;95
15760,387;71
15761,387;83
15762,387;13156
15763,387;73
15764,387;85
15765,387;104
15766,387;68
15767,387;92
15768,387;13119
15769,387;91
15770,387;85
15771,387;80
15772,387;103
15773,387;96
15774,387;13151
15775,387;67
15776,387;75
15777,387;78
15778,387;100
15779,387;96
15780,387;13166
15781,387;79
15782,387;90
15783,387;86
15784,387;89
15785,387;105
15786,387;13149
15787,387;85
15788,387;79
15789,387;89
15790,387;87
15791,387;85
15792,387;13172
15793,387;96
15794,387;76
15795,387;86
15796,387;83
15797,387;85
15798,387;13137
15799,387;104
15800,387;88
15801,387;81
15802,387;81
15803,387;78
15804,387;13192
15805,387;67
15806,387;73
15807,387;69
15808,387;99
15809,387;91
15810,387;13116
15811,387;80
15812,387;91
15813,387;96
15814,387;83
15815,387;83
15816,387;13158
15817,387;80
15818,387;70
15819,387;78
15820,387;75
15821,387;95
15822,387;13176
15823,387;87
15824,387;75
15825,387;89
15826,387;75
15827,387;109
15828,387;13142
15829,387;72
15830,387;83
15831,387;86
15832,387;83
15833,387;82
15834,387;13164
15835,387;70
15836,387;81
15837,387;91
15838,387;70
15839,387;97
15840,387;13151
15841,387;69
15842,387;77
15843,387;59
15844,387;84
15845,387;79
15846,387;13127
15847,387;70
15848,387;77
15849,387;75
15850,387;85
15851,387;83
15852,387;12796
15853,387;75
15854,387;69
15855,387;77
15856,387;89
15857,387;85
15857,821;13061
15858,821;75
15859,821;66
15860,821;78
15861,821;74
15862,821;76
15863,821;13158
15864,821;80
15865,821;73
15866,821;94
15867,821;83
15868,821;75
15869,821;13109
15870,821;79
15871,821;71
15872,821;70
15873,821;86
15874,821;68
15875,821;13155
15876,821;84
15877,821;81
15878,821;94
15879,821;68
15880,821;91
15881,821;13142
15882,821;78
15883,821;64
15884,821;75
15885,821;74
15886,821;89
15887,821;13149
15888,821;76
15889,821;94
15890,821;69
15891,821;72
15892,821;83
15893,821;13138
15894,821;82
15895,821;91
15896,821;71
15897,821;84
15898,821;83
15899,821;13148
15900,821;74
15901,821;94
15902,821;72
15903,821;73
15904,821;84
15905,821;13157
15906,821;88
15907,821;102
15908,821;65
15909,821;83
15910,821;104
15911,821;13149
15912,821;89
15913,821;70
15914,821;71
15915,821;87
15916,821;105
15917,821;13155
15918,821;92
15919,821;88
15920,821;86
15921,821;78
15922,821;95
15923,821;13171
15924,821;87
15925,821;85
15926,821;77
15927,821;78
15928,821;77
15929,821;13136
15930,821;73
15931,821;84
15932,821;81
15933,821;95
15934,821;92
15935,821;13163
15936,821;71
15937,821;82
15938,821;92
15939,821;94
15940,821;90
15941,821;13126
15942,821;91
15943,821;88
15944,821;92
15945,821;89
15946,821;83
15947,821;13148
15948,821;70
15949,821;74
15950,821;80
15951,821;85
15952,821;91
15953,821;13136
15954,821;71
15955,821;70
15956,821;98
15957,821;96
15959,786;104
15960,786;13127
15961,786;75
15962,786;78
15963,786;81
15964,786;99
15965,786;99
15966,786;13124
15967,786;67
15968,786;102
15969,786;86
15970,786;94
15971,786;74
15972,786;13160
15973,786;84
15974,786;97
15975,786;89
15976,786;102
15977,786;81
15978,786;13130
15979,786;84
15980,786;95
15981,786;82
15982,786;90
15983,786;91
15984,786;13149
15985,786;84
15986,786;74
15987,786;71
15988,786;86
15989,786;96
15990,786;13121
15991,786;86
15992,786;91
15993,786;91
15994,786;102
15995,786;98
15996,786;13164
15997,786;81
15998,786;82
15999,786;99
16000,786;81
16001,786;103
16002,786;13132
16003,786;79
16004,786;70
16005,786;96
16006,786;97
16007,786;95
16008,786;13134
16009,786;73
16010,786;86
16011,786;80
16012,786;100
16013,786;77
16014,786;13149
16015,786;87
16016,786;79
16017,786;97
16018,786;100
16019,786;89
16020,786;13130
16021,786;87
16022,786;100
16023,786;92
16024,786;80
16025,786;82
16026,786;13129
16027,786;90
16028,786;83
16029,786;87
16030,786;97
16031,786;97
16032,786;13155
16033,786;96
16034,786;82
16035,786;86
16036,786;71
16037,786;91
16038,786;13149
16039,786;88
16040,786;90
16041,786;83
16042,786;97
16043,786;95
16044,786;13161
16045,786;94
16046,786;91
16047,786;94
16048,786;84
16049,786;114
16050,786;13129
16051,786;79
16052,786;99
16053,786;86
16054,786;94
16055,786;95
16056,786;13138
16057,786;80
16058,786;84
16059,786;98
16061,161;86
16062,161;83
16063,161;13142
16064,161;92
16065,161;102
16066,161;78
16067,161;86
16068,161;102
16069,161;13144
16070,161;78
16071,161;103
16072,161;83
16073,161;107
16074,161;102
16075,161;13205
16076,161;89
16077,161;78
16078,161;88
16079,161;101
16080,161;108
16081,161;13190
16082,161;94
16083,161;89
16084,161;105
16085,161;114
16086,161;97
16087,161;13145
16088,161;84
16089,161;107
16090,161;85
16091,161;111
16092,161;121
16093,161;13177
16094,161;86
16095,161;93
16096,161;67
16097,161;90
16098,161;93
16099,161;13178
16100,161;87
16101,161;90
16102,161;77
16103,161;90
16104,161;100
16105,161;13165
16106,161;74
16107,161;87
16108,161;94
16109,161;100
16110,161;106
16111,161;13141
16112,161;98
16113,161;107
16114,161;92
16115,161;83
16116,161;99
16117,161;13138
16118,161;95
16119,161;78
16120,161;89
16121,161;102
16122,161;87
16123,161;13182
16124,161;91
16125,161;86
16126,161;102
16127,161;97
16128,161;104
16129,161;13188
16130,161;85
16131,161;92
16132,161;89
16133,161;97
16134,161;104
16135,161;13141
16136,161;83
16137,161;88
16138,161;99
16139,161;84
16140,161;114
16141,161;13160
16142,161;74
16143,161;101
16144,161;107
16145,161;99
16146,161;100
16147,161;13177
16148,161;88
16149,161;94
16150,161;94
16151,161;98
16152,161;87
16153,161;13196
16154,161;104
16155,161;84
16156,161;98
16157,161;104
16158,161;87
16159,161;13178
16160,161;88
16161,161;105
16162,161;96
16163,161;94
16164,161;124
16165,161;12839
16166,161;104
16167,161;94
16168,161;109
16169,161;93
16170,161;113
16171,161;13103
16172,161;85
16173,161;90
16174,161;89
16175,161;78
16176,161;116
16177,161;13175
16178,161;92
16179,161;90
16180,161;106
16181,161;129
16182,161;95
16183,161;13169
16184,161;86
16185,161;77
16186,161;89
16187,161;95
16188,161;99
16189,161;13183
16190,161;109
16191,161;82
16192,161;83
16193,161;85
16194,161;110
16195,161;13161
16196,161;96
16197,161;78
16198,161;77
16199,161;103
16200,161;125
16201,161;13173
16202,161;76
16203,161;86
16204,161;82
16205,161;94
16206,161;115
16207,161;13147
16208,161;72
16209,161;98
16210,161;90
16211,161;85
16212,161;91
16213,161;13124
16214,161;98
16215,161;87
16216,161;98
16217,161;77
16218,161;103
16219,161;13188
16220,161;78
16221,161;106
16222,161;90
16223,161;92
16224,161;87
16225,161;13153
16226,161;80
16227,161;75
16228,161;95
16229,161;94
16230,161;102
16231,161;13099
16232,161;71
16233,161;96
16234,161;97
16235,161;92
16236,161;99
16237,161;13124
16238,161;103
16239,161;92
16240,161;82
16241,161;100
16242,161;92
16243,161;13134
16244,161;84
16245,161;75
16246,161;107
16247,161;93
16248,161;99
16249,161;13177
16250,161;87
16251,161;75
16252,161;100
16253,161;107
16254,161;107
16255,161;13153
16256,161;80
16257,161;87
16258,161;94
16259,161;81
16260,161;78
16261,161;13120
16262,161;111
16263,214;81
16264,214;91
16265,214;83
16266,214;96
16267,214;13151
16268,214;90
16269,214;85
16270,214;103
16271,214;100
16272,214;108
16273,214;13148
16274,214;94
16275,214;76
16276,214;93
16277,214;79
16278,214;89
16279,214;13182
16280,214;109
16281,214;78
16282,214;99
16283,214;90
16284,214;93
16285,214;13156
16286,214;81
16287,214;87
16288,214;94
16289,214;92
16290,214;87
16291,214;13120
16292,214;79
16293,214;79
16294,214;93
16295,214;82
16296,214;86
16297,214;13130
16298,214;82
16299,214;97
16300,214;94
16301,214;92
16302,214;95
16303,214;13149
16304,214;91
16305,214;93
16306,214;83
16307,214;90
16308,214;101
16309,214;13133
16310,214;90
16311,214;91
16312,214;101
16313,214;85
16314,214;91
16315,214;13156
16316,214;79
16317,214;82
16318,214;81
16319,214;115
16320,214;101
16321,214;13123
16322,214;88
16323,214;80
16324,214;94
16325,214;78
16326,214;97
16327,214;13121
16328,214;93
16329,214;81
16330,214;81
16331,214;70
16332,214;92
16333,214;13141
16334,214;79
16335,214;94
16336,214;98
16337,214;86
16338,214;79
16339,214;13150
16340,214;77
16341,214;101
16342,214;83
16343,214;95
16344,214;82
16345,214;13157
16346,214;81
16347,214;83
16348,214;80
16349,214;91
16350,214;88
16351,214;13127
16352,214;80
16353,214;74
16354,214;89
16355,214;81
16356,214;96
16357,214;13143
16358,214;89
16359,214;96
16360,214;85
16361,214;92
16362,214;97
16363,214;13164
16363,763;91
16364,763;90
16365,763;76
16366,763;93
16367,763;92
16368,763;13134
16369,763;80
16370,763;86
16371,763;100
16372,763;84
16373,763;106
16374,763;13146
16375,763;72
16376,763;84
16377,763;96
16378,763;91
16379,763;69
16380,763;13109
16381,763;82
16382,763;84
16383,763;96
16384,763;89
16385,763;105
16386,763;13166
16387,763;78
16388,763;72
16389,763;80
16390,763;87
16391,763;80
16392,763;13141
16393,763;97
16394,763;105
16395,763;74
16396,763;86
16397,763;88
16398,763;13183
16399,763;88
16400,763;76
16401,763;96
16402,763;76
16403,763;104
16404,763;13120
16405,763;78
16406,763;82
16407,763;70
16408,763;93
16409,763;77
16410,763;13130
16411,763;75
16412,763;93
16413,763;83
16414,763;107
16415,763;77
16416,763;13142
16417,763;87
16418,763;72
16419,763;87
16420,763;85
16421,763;93
16422,763;13124
16423,763;72
16424,763;80
16425,763;93
16426,763;87
16427,763;76
16428,763;13158
16429,763;92
16430,763;71
16431,763;72
16432,763;110
16433,763;91
16434,763;13121
16435,763;65
16436,763;69
16437,763;82
16438,763;86
16439,763;81
16440,763;13131
16441,763;77
16442,763;59
16443,763;89
16444,763;96
16445,763;74
16446,763;13153
16447,763;62
16448,763;85
16449,763;75
16450,763;75
16451,763;83
16452,763;13143
16453,763;81
16454,763;75
16455,763;95
16456,763;62
16457,763;77
16458,763;13145
16459,763;90
16460,763;72
16461,763;81
16462,763;78
16463,763;79
16465,457;13157
16466,457;78
16467,457;81
16468,457;87
16469,457;79
16470,457;67
16471,457;13119
16472,457;82
16473,457;76
16474,457;77
16475,457;63
16476,457;80
16477,457;12841
16478,457;69
16479,457;65
16480,457;85
16481,457;70
16482,457;82
16483,457;13069
16484,457;53
16485,457;78
16486,457;83
16487,457;67
16488,457;98
16489,457;13103
16490,457;77
16491,457;79
16492,457;84
16493,457;75
16494,457;79
16495,457;13134
16496,457;84
16497,457;80
16498,457;78
16499,457;88
16500,457;78
16501,457;13171
16502,457;74
16503,457;88
16504,457;86
16505,457;84
16506,457;89
16507,457;13142
16508,457;80
16509,457;76
16510,457;108
16511,457;85
16512,457;85
16513,457;13150
16514,457;55
16515,457;71
16516,457;82
16517,457;85
16518,457;72
16519,457;13184
16520,457;85
16521,457;70
16522,457;70
16523,457;94
16524,457;84
16525,457;13179
16526,457;77
16527,457;76
16528,457;76
16529,457;86
16530,457;83
16531,457;13117
16532,457;88
16533,457;86
16534,457;89
16535,457;72
16536,457;105
16537,457;13148
16538,457;68
16539,457;89
16540,457;93
16541,457;72
16542,457;86
16543,457;13151
16544,457;77
16545,457;94
16546,457;75
16547,457;79
16548,457;94
16549,457;13139
16550,457;71
16551,457;88
16552,457;82
16553,457;71
16554,457;100
16555,457;13143
16556,457;91
16557,457;93
16558,457;75
16559,457;87
16560,457;105
16561,457;13125
16562,457;82
16563,457;89
16564,457;92
16565,457;103
16566,163;91
16567,163;13138
16568,163;106
16569,163;87
16570,163;92
16571,163;92
16572,163;102
16573,163;13153
16574,163;81
16575,163;79
16576,163;98
16577,163;87
16578,163;76
16579,163;13141
16580,163;82
16581,163;98
16582,163;81
16583,163;86
16584,163;93
16585,163;13114
16586,163;86
16587,163;97
16588,163;78
16589,163;97
16590,163;105
16591,163;13134
16592,163;92
16593,163;104
16594,163;86
16595,163;92
16596,163;105
16597,163;13152
16598,163;80
16599,163;82
16600,163;80
16601,163;90
16602,163;95
16603,163;13183
16604,163;89
16605,163;79
16606,163;100
16607,163;96
16608,163;109
16609,163;13112
16610,163;76
16611,163;91
16612,163;88
16613,163;100
16614,163;68
16615,163;13144
16616,163;86
16617,163;84
16618,163;100
16619,163;76
16620,163;103
16621,163;13147
16622,163;73
16623,163;92
16624,163;97
16625,163;90
16626,163;83
16627,163;13137
16628,163;97
16629,163;80
16630,163;85
16631,163;76
16632,163;88
16633,163;13162
16634,163;101
16635,163;79
16636,163;85
16637,163;96
16638,163;110
16639,163;13157
16640,163;90
16641,163;100
16642,163;76
16643,163;113
16644,163;97
16645,163;13189
16646,163;102
16647,163;97
16648,163;88
16649,163;86
16650,163;101
16651,163;13161
16652,163;71
16653,163;98
16654,163;91
16655,163;90
16656,163;90
16657,163;13140
16658,163;89
16659,163;76
16660,163;102
16661,163;99
16662,163;113
16663,163;13144
16664,163;66
16665,163;98
16666,163;100
16667,163;97
16668,163;88
16669,163;13116
16670,163;99
16671,163;90
16672,163;106
16673,163;81
16674,163;87
16675,163;13182
16676,163;91
16677,163;89
16678,163;94
16679,163;70
16680,163;115
16681,163;13112
16682,163;80
16683,163;75
16684,163;105
16685,163;99
16686,163;99
16687,163;13128
16688,163;90
16689,163;101
16690,163;96
16691,163;76
16692,163;104
16693,163;13143
16694,163;93
16695,163;81
16696,163;93
16697,163;91
16698,163;98
16699,163;13122
16700,163;77
16701,163;78
16702,163;86
16703,163;95
16704,163;116
16705,163;13156
16706,163;103
16707,163;100
16708,163;88
16709,163;85
16710,163;101
16711,163;13148
16712,163;103
16713,163;77
16714,163;89
16715,163;105
16716,163;114
16717,163;13138
16718,163;93
16719,163;84
16720,163;84
16721,163;91
16722,163;111
16723,163;13150
16724,163;66
16725,163;90
16726,163;104
16727,163;104
16728,163;103
16729,163;13133
16730,163;83
16731,163;107
16732,163;98
16733,163;98
16734,163;101
16735,163;13137
16736,163;86
16737,163;104
16738,163;92
16739,163;99
16740,163;86
16741,163;13174
16742,163;78
16743,163;105
16744,163;122
16745,163;97
16746,163;94
16747,163;13127
16748,163;94
16749,163;87
16750,163;100
16751,163;126
16752,163;100
16753,163;13128
16754,163;76
16755,163;88
16756,163;77
16757,163;92
16758,163;86
16759,163;13157
16760,163;60
16761,163;94
16762,163;72
16763,163;100
16764,163;106
16765,163;13163
16766,163;82
16767,163;86
16767,633;81
16768,633;104
16769,633;114
16770,633;13137
16771,633;88
16772,633;95
16773,633;99
16774,633;94
16775,633;124
16776,633;13135
16777,633;100
16778,633;93
16779,633;83
16780,633;82
16781,633;94
16782,633;13144
16783,633;85
16784,633;90
16785,633;77
16786,633;103
16787,633;100
16788,633;12812
16789,633;98
16790,633;95
16791,633;102
16792,633;104
16793,633;97
16794,633;13140
16795,633;93
16796,633;99
16797,633;99
16798,633;95
16799,633;111
16800,633;13159
16801,633;95
16802,633;95
16803,633;94
16804,633;101
16805,633;93
16806,633;13168
16807,633;68
16808,633;77
16809,633;103
16810,633;101
16811,633;99
16812,633;13134
16813,633;83
16814,633;94
16815,633;89
16816,633;113
16817,633;102
16818,633;13168
16819,633;88
16820,633;91
16821,633;105
16822,633;84
16823,633;86
16824,633;13191
16825,633;100
16826,633;93
16827,633;98
16828,633;82
16829,633;106
16830,633;13162
16831,633;91
16832,633;101
16833,633;93
16834,633;96
16835,633;85
16836,633;13182
16837,633;84
16838,633;92
16839,633;89
16840,633;91
16841,633;93
16842,633;13157
16843,633;75
16844,633;112
16845,633;91
16846,633;81
16847,633;104
16848,633;13127
16849,633;89
16850,633;75
16851,633;97
16852,633;81
16853,633;95
16854,633;13214
16855,633;81
16856,633;78
16857,633;77
16858,633;107
16859,633;80
16860,633;13160
16861,633;80
16862,633;84
16863,633;108
16864,633;96
16865,633;87
16866,633;13158
16867,633;84
16868,468;94
16869,468;96
16870,468;95
16871,468;78
16872,468;13152
16873,468;87
16874,468;84
16875,468;99
16876,468;109
16877,468;81
16878,468;13164
16879,468;85
16880,468;95
16881,468;93
16882,468;100
16883,468;111
16884,468;13161
16885,468;70
16886,468;79
16887,468;76
16888,468;88
16889,468;84
16890,468;13150
16891,468;89
16892,468;89
16893,468;72
16894,468;100
16895,468;84
16896,468;13142
16897,468;65
16898,468;86
16899,468;88
16900,468;88
16901,468;99
16902,468;13155
16903,468;95
16904,468;87
16905,468;81
16906,468;103
16907,468;108
16908,468;13144
16909,468;85
16910,468;84
16911,468;102
16912,468;110
16913,468;102
16914,468;13163
16915,468;72
16916,468;99
16917,468;88
16918,468;100
16919,468;87
16920,468;13192
16921,468;89
16922,468;76
16923,468;74
16924,468;92
16925,468;94
16926,468;13157
16927,468;84
16928,468;70
16929,468;93
16930,468;94
16931,468;92
16932,468;13135
16933,468;78
16934,468;103
16935,468;80
16936,468;90
16937,468;94
16938,468;13152
16939,468;102
16940,468;83
16941,468;101
16942,468;80
16943,468;81
16944,468;13143
16945,468;62
16946,468;77
16947,468;80
16948,468;83
16949,468;100
16950,468;13127
16951,468;72
16952,468;84
16953,468;94
16954,468;94
16955,468;91
16956,468;13141
16957,468;91
16958,468;85
16959,468;83
16960,468;104
16961,468;99
16962,468;13160
16963,468;86
16964,468;70
16965,468;82
16966,468;91
16967,468;99
16968,468;13162
16969,754;92
16970,754;78
16971,754;83
16972,754;93
16973,754;88
16974,754;13141
16975,754;89
16976,754;92
16977,754;92
16978,754;85
16979,754;105
16980,754;13196
16981,754;80
16982,754;84
16983,754;97
16984,754;68
16985,754;85
16986,754;13162
16987,754;87
16988,754;93
16989,754;89
16990,754;105
16991,754;93
16992,754;13155
16993,754;81
16994,754;77
16995,754;74
16996,754;96
16997,754;84
16998,754;13176
16999,754;78
17000,754;83
17001,754;99
17002,754;86
17003,754;103
17004,754;13144
17005,754;81
17006,754;98
17007,754;75
17008,754;93
17009,754;85
17010,754;13158
17011,754;88
17012,754;83
17013,754;83
17014,754;82
17015,754;89
17016,754;13162
17017,754;74
17018,754;86
17019,754;82
17020,754;82
17021,754;103
17022,754;13142
17023,754;75
17024,754;96
17025,754;94
17026,754;82
17027,754;82
17028,754;13110
17029,754;79
17030,754;71
17031,754;97
17032,754;74
17033,754;94
17034,754;13136
17035,754;83
17036,754;76
17037,754;89
17038,754;84
17039,754;75
17040,754;13160
17041,754;81
17042,754;94
17043,754;84
17044,754;83
17045,754;87
17046,754;13116
17047,754;84
17048,754;97
17049,754;80
17050,754;75
17051,754;102
17052,754;13152
17053,754;82
17054,754;82
17055,754;88
17056,754;85
17057,754;84
17058,754;13143
17059,754;81
17060,754;81
17061,754;78
17062,754;70
17063,754;82
17064,754;13160
17065,754;71
17066,754;76
17067,754;88
17068,754;88
17069,754;83
17070,708;13143
17071,708;75
17072,708;75
17073,708;79
17074,708;83
17075,708;92
17076,708;13150
17077,708;67
17078,708;84
17079,708;79
17080,708;77
17081,708;89
17082,708;13130
17083,708;55
17084,708;78
17085,708;91
17086,708;89
17087,708;84
17088,708;13144
17089,708;79
17090,708;87
17091,708;68
17092,708;85
17093,708;77
17094,708;13142
17095,708;70
17096,708;74
17097,708;91
17098,708;68
17099,708;76
17100,708;12818
17101,708;59
17102,708;64
17103,708;65
17104,708;92
17105,708;73
17106,708;13074
17107,708;72
17108,708;71
17109,708;80
17110,708;85
17111,708;96
17112,708;13136
17113,708;75
17114,708;79
17115,708;93
17116,708;77
17117,708;78
17118,708;13144
17119,708;69
17120,708;73
17121,708;78
17122,708;74
17123,708;82
17124,708;13107
17125,708;108
17126,708;67
17127,708;82
17128,708;72
17129,708;83
17130,708;13127
17131,708;70
17132,708;64
17133,708;83
17134,708;87
17135,708;89
17136,708;13130
17137,708;77
17138,708;75
17139,708;81
17140,708;83
17141,708;87
17142,708;13174
17143,708;77
17144,708;105
17145,708;66
17146,708;97
17147,708;85
17148,708;13154
17149,708;89
17150,708;85
17151,708;83
17152,708;88
17153,708;96
17154,708;13134
17155,708;85
17156,708;93
17157,708;100
17158,708;93
17159,708;79
17160,708;13152
17161,708;78
17162,708;85
17163,708;74
17164,708;82
17165,708;89
17166,708;13132
17167,708;77
17168,708;83
17169,708;99
17170,708;70
17171,124;100
17172,124;13190
17173,124;79
17174,124;78
17175,124;90
17176,124;77
17177,124;99
17178,124;13127
17179,124;67
17180,124;87
17181,124;87
17182,124;93
17183,124;101
17184,124;13124
17185,124;94
17186,124;98
17187,124;74
17188,124;82
17189,124;93
17190,124;13165
17191,124;68
17192,124;88
17193,124;86
17194,124;92
17195,124;98
17196,124;13191
17197,124;105
17198,124;91
17199,124;96
17200,124;84
17201,124;92
17202,124;13126
17203,124;69
17204,124;78
17205,124;77
17206,124;84
17207,124;99
17208,124;13138
17209,124;92
17210,124;72
17211,124;84
17212,124;89
17213,124;83
17214,124;13125
17215,124;93
17216,124;80
17217,124;94
17218,124;80
17219,124;89
17220,124;13149
17221,124;72
17222,124;72
17223,124;91
17224,124;87
17225,124;103
17226,124;13129
17227,124;82
17228,124;83
17229,124;87
17230,124;100
17231,124;82
17232,124;13142
17233,124;80
17234,124;98
17235,124;80
17236,124;78
17237,124;95
17238,124;13138
17239,124;89
17240,124;74
17241,124;91
17242,124;86
17243,124;87
17244,124;13139
17245,124;92
17246,124;97
17247,124;78
17248,124;91
17249,124;101
17250,124;13134
17251,124;80
17252,124;97
17253,124;77
17254,124;87
17255,124;75
17256,124;13134
17257,124;88
17258,124;77
17259,124;85
17260,124;79
17261,124;99
17262,124;13125
17263,124;74
17264,124;90
17265,124;81
17266,124;98
17267,124;112
17268,124;13132
17269,124;72
17270,124;92
17271,124;98
17272,124;98
17273,124;98
17274,124;13142
17275,124;80
17276,124;86
17277,124;83
17278,124;101
17279,124;98
17280,124;13134
17281,124;83
17282,124;86
17283,124;74
17284,124;100
17285,124;87
17286,124;13146
17287,124;72
17288,124;90
17289,124;72
17290,124;95
17291,124;87
17292,124;13144
17293,124;76
17294,124;83
17295,124;81
17296,124;109
17297,124;101
17298,124;13127
17299,124;93
17300,124;99
17301,124;88
17302,124;82
17303,124;93
17304,124;13119
17305,124;82
17306,124;101
17307,124;79
17308,124;96
17309,124;97
17310,124;13131
17311,124;75
17312,124;81
17313,124;93
17314,124;85
17315,124;90
17316,124;13146
17317,124;82
17318,124;116
17319,124;95
17320,124;84
17321,124;105
17322,124;13149
17323,124;76
17324,124;80
17325,124;97
17326,124;91
17327,124;91
17328,124;13146
17329,124;100
17330,124;87
17331,124;82
17332,124;93
17333,124;83
17334,124;13148
17335,124;84
17336,124;75
17337,124;77
17338,124;109
17339,124;95
17340,124;13191
17341,124;70
17342,124;86
17343,124;98
17344,124;93
17345,124;117
17346,124;13163
17347,124;90
17348,124;85
17349,124;79
17350,124;90
17351,124;103
17352,124;13145
17353,124;94
17354,124;74
17355,124;108
17356,124;99
17357,124;99
17358,124;13163
17359,124;82
17360,124;75
17361,124;85
17362,124;97
17363,124;80
17364,124;13146
17365,124;83
17366,124;87
17367,124;85
17368,124;80
17369,124;97
17370,124;13118
17371,124;105
17372,124;77
17374,003;91
17375,003;116
17376,003;103
17377,003;13136
17378,003;83
17379,003;78
17380,003;116
17381,003;100
17382,003;95
17383,003;13152
17384,003;81
17385,003;87
17386,003;100
17387,003;104
17388,003;88
17389,003;13134
17390,003;87
17391,003;76
17392,003;111
17393,003;89
17394,003;99
17395,003;13159
17396,003;91
17397,003;82
17398,003;101
17399,003;99
17400,003;88
17401,003;13155
17402,003;102
17403,003;76
17404,003;85
17405,003;86
17406,003;93
17407,003;13139
17408,003;77
17409,003;91
17410,003;112
17411,003;100
17412,003;97
17413,003;12827
17414,003;88
17415,003;87
17416,003;83
17417,003;90
17418,003;106
17419,003;13133
17420,003;78
17421,003;101
17422,003;81
17423,003;103
17424,003;104
17425,003;13167
17426,003;79
17427,003;93
17428,003;92
17429,003;114
17430,003;105
17431,003;13136
17432,003;97
17433,003;91
17434,003;90
17435,003;88
17436,003;96
17437,003;13160
17438,003;99
17439,003;87
17440,003;87
17441,003;101
17442,003;87
17443,003;13151
17444,003;116
17445,003;83
17446,003;88
17447,003;86
17448,003;98
17449,003;13145
17450,003;88
17451,003;76
17452,003;89
17453,003;94
17454,003;85
17455,003;13169
17456,003;86
17457,003;89
17458,003;95
17459,003;87
17460,003;90
17461,003;13183
17462,003;106
17463,003;96
17464,003;66
17465,003;108
17466,003;96
17467,003;13128
17468,003;89
17469,003;95
17470,003;95
17471,003;106
17472,003;91
17473,003;13164
17474,003;88
17474,762;93
17475,762;94
17476,762;95
17477,762;98
17478,762;13143
17479,762;76
17480,762;76
17481,762;95
17482,762;94
17483,762;97
17484,762;13126
17485,762;64
17486,762;81
17487,762;103
17488,762;84
17489,762;80
17490,762;13140
17491,762;89
17492,762;91
17493,762;84
17494,762;110
17495,762;99
17496,762;13169
17497,762;81
17498,762;99
17499,762;105
17500,762;77
17501,762;89
17502,762;13118
17503,762;75
17504,762;91
17505,762;106
17506,762;86
17507,762;84
17508,762;13170
17509,762;69
17510,762;73
17511,762;88
17512,762;97
17513,762;108
17514,762;13151
17515,762;86
17516,762;70
17517,762;114
17518,762;91
17519,762;100
17520,762;13124
17521,762;78
17522,762;80
17523,762;97
17524,762;110
17525,762;101
17526,762;13154
17527,762;86
17528,762;85
17529,762;109
17530,762;106
17531,762;113
17532,762;13169
17533,762;81
17534,762;89
17535,762;73
17536,762;91
17537,762;80
17538,762;13150
17539,762;86
17540,762;81
17541,762;105
17542,762;81
17543,762;98
17544,762;13162
17545,762;73
17546,762;83
17547,762;98
17548,762;76
17549,762;102
17550,762;13105
17551,762;74
17552,762;72
17553,762;84
17554,762;78
17555,762;116
17556,762;13129
17557,762;87
17558,762;72
17559,762;91
17560,762;94
17561,762;110
17562,762;13137
17563,762;89
17564,762;80
17565,762;102
17566,762;101
17567,762;81
17568,762;13147
17569,762;73
17570,762;80
17571,762;98
17572,762;91
17573,762;93
17574,762;13155
17575,619;76
17576,619;70
17577,619;82
17578,619;93
17579,619;84
17580,619;13147
17581,619;98
17582,619;80
17583,619;94
17584,619;86
17585,619;94
17586,619;13155
17587,619;95
17588,619;90
17589,619;107
17590,619;92
17591,619;96
17592,619;13143
17593,619;73
17594,619;88
17595,619;90
17596,619;84
17597,619;87
17598,619;13136
17599,619;75
17600,619;92
17601,619;81
17602,619;96
17603,619;93
17604,619;13142
17605,619;77
17606,619;94
17607,619;99
17608,619;101
17609,619;108
17610,619;13134
17611,619;82
17612,619;91
17613,619;74
17614,619;92
17615,619;96
17616,619;13145
17617,619;77
17618,619;100
17619,619;76
17620,619;101
17621,619;98
17622,619;13153
17623,619;76
17624,619;91
17625,619;92
17626,619;97
17627,619;92
17628,619;13121
17629,619;79
17630,619;99
17631,619;92
17632,619;91
17633,619;105
17634,619;13160
17635,619;84
17636,619;92
17637,619;81
17638,619;81
17639,619;86
17640,619;13132
17641,619;78
17642,619;85
17643,619;76
17644,619;88
17645,619;85
17646,619;13076
17647,619;87
17648,619;77
17649,619;87
17650,619;85
17651,619;94
17652,619;13162
17653,619;68
17654,619;74
17655,619;86
17656,619;80
17657,619;73
17658,619;13130
17659,619;75
17660,619;77
17661,619;88
17662,619;90
17663,619;76
17664,619;13143
17665,619;60
17666,619;98
17667,619;89
17668,619;70
17669,619;77
17670,619;13113
17671,619;65
17672,619;76
17673,619;87
17674,619;72
17675,619;72
17676,355;13147
17677,355;79
17678,355;79
17679,355;85
17680,355;95
17681,355;79
17682,355;13132
17683,355;84
17684,355;81
17685,355;78
17686,355;79
17687,355;89
17688,355;13109
17689,355;79
17690,355;81
17691,355;79
17692,355;77
17693,355;90
17694,355;13103
17695,355;78
17696,355;83
17697,355;88
17698,355;72
17699,355;72
17700,355;13113
17701,355;65
17702,355;77
17703,355;77
17704,355;91
17705,355;86
17706,355;13140
17707,355;86
17708,355;82
17709,355;75
17710,355;80
17711,355;71
17712,355;13125
17713,355;84
17714,355;75
17715,355;92
17716,355;91
17717,355;86
17718,355;13158
17719,355;56
17720,355;67
17721,355;73
17722,355;72
17723,355;82
17724,355;12802
17725,355;84
17726,355;77
17727,355;69
17728,355;78
17729,355;86
17730,355;13069
17731,355;64
17732,355;90
17733,355;76
17734,355;79
17735,355;73
17736,355;13139
17737,355;84
17738,355;78
17739,355;87
17740,355;82
17741,355;84
17742,355;13120
17743,355;80
17744,355;75
17745,355;77
17746,355;95
17747,355;83
17748,355;13130
17749,355;89
17750,355;69
17751,355;83
17752,355;81
17753,355;85
17754,355;13130
17755,355;77
17756,355;85
17757,355;91
17758,355;70
17759,355;100
17760,355;13095
17761,355;81
17762,355;91
17763,355;73
17764,355;68
17765,355;98
17766,355;13124
17767,355;83
17768,355;91
17769,355;70
17770,355;77
17771,355;90
17772,355;13155
17773,355;91
17774,355;74
17775,355;89
17776,355;104
17777,355;89
17778,355;13130
17779,355;76
17780,355;67
17781,355;106
17782,355;82
17783,355;94
17784,355;13141
17785,355;85
17786,355;78
17787,355;75
17788,355;99
17789,355;88
17790,355;13144
17791,355;64
17792,355;73
17793,355;82
17794,355;85
17795,355;97
17796,355;13142
17797,355;96
17798,355;79
17799,355;86
17800,355;84
17801,355;99
17802,355;13137
17803,355;77
17804,355;73
17805,355;95
17806,355;83
17807,355;100
17808,355;13121
17809,355;72
17810,355;74
17811,355;81
17812,355;100
17813,355;89
17814,355;13107
17815,355;72
17816,355;82
17817,355;102
17818,355;84
17819,355;88
17820,355;13146
17821,355;82
17822,355;74
17823,355;79
17824,355;95
17825,355;81
17826,355;13096
17827,355;93
17828,355;99
17829,355;99
17830,355;84
17831,355;71
17832,355;13164
17833,355;104
17834,355;68
17835,355;96
17836,355;88
17837,355;88
17838,355;13142
17839,355;104
17840,355;66
17841,355;97
17842,355;84
17843,355;90
17844,355;13156
17845,355;94
17846,355;95
17847,355;85
17848,355;91
17849,355;99
17850,355;13147
17851,355;92
17852,355;95
17853,355;85
17854,355;90
17855,355;90
17856,355;13149
17857,355;80
17858,355;99
17859,355;92
17860,355;106
17861,355;102
17862,355;13142
17863,355;107
17864,355;80
17865,355;81
17866,355;91
17867,355;104
17868,355;13120
17869,355;88
17870,355;87
17871,355;95
17872,355;76
17873,355;90
17874,355;13145
17875,355;88
17876,355;74
17877,355;83
17878,36;97
17879,36;86
17880,36;13149
17881,36;69
17882,36;103
17883,36;91
17884,36;83
17885,36;81
17886,36;13148
17887,36;78
17888,36;88
17889,36;98
17890,36;93
17891,36;97
17892,36;13146
17893,36;76
17894,36;93
17895,36;89
17896,36;85
17897,36;102
17898,36;13112
17899,36;80
17900,36;100
17901,36;94
17902,36;107
17903,36;99
17904,36;13165
17905,36;91
17906,36;107
17907,36;91
17908,36;85
17909,36;121
17910,36;13113
17911,36;76
17912,36;95
17913,36;104
17914,36;90
17915,36;105
17916,36;13158
17917,36;85
17918,36;94
17919,36;100
17920,36;91
17921,36;90
17922,36;13146
17923,36;79
17924,36;95
17925,36;97
17926,36;77
17927,36;96
17928,36;13133
17929,36;73
17930,36;73
17931,36;105
17932,36;89
17933,36;96
17934,36;13144
17935,36;90
17936,36;95
17937,36;95
17938,36;96
17939,36;105
17940,36;13132
17941,36;98
17942,36;79
17943,36;111
17944,36;83
17945,36;80
17946,36;13163
17947,36;93
17948,36;90
17949,36;108
17950,36;100
17951,36;99
17952,36;13131
17953,36;86
17954,36;86
17955,36;80
17956,36;94
17957,36;96
17958,36;13157
17959,36;92
17960,36;85
17961,36;86
17962,36;89
17963,36;97
17964,36;13145
17965,36;85
17966,36;81
17967,36;97
17968,36;101
17969,36;103
17970,36;13136
17971,36;93
17972,36;83
17973,36;92
17974,36;93
17975,36;95
17976,36;13191
17977,36;76
17978,36;98
17979,214;85
17980,214;77
17981,214;94
17982,214;13158
17983,214;85
17984,214;88
17985,214;86
17986,214;101
17987,214;99
17988,214;13127
17989,214;62
17990,214;80
17991,214;108
17992,214;84
17993,214;88
17994,214;13116
17995,214;64
17996,214;84
17997,214;110
17998,214;85
17999,214;103
18000,214;13141
18001,214;90
18002,214;105
18003,214;91
18004,214;100
18005,214;102
18006,214;13179
18007,214;76
18008,214;83
18009,214;103
18010,214;109
18011,214;95
18012,214;13147
18013,214;92
18014,214;85
18015,214;110
18016,214;70
18017,214;100
18018,214;13149
18019,214;82
18020,214;84
18021,214;86
18022,214;110
18023,214;89
18024,214;13159
18025,214;104
18026,214;93
18027,214;94
18028,214;99
18029,214;102
18030,214;13125
18031,214;100
18032,214;88
18033,214;86
18034,214;99
18035,214;98
18036,214;12813
18037,214;85
18038,214;92
18039,214;90
18040,214;93
18041,214;104
18042,214;13076
18043,214;78
18044,214;88
18045,214;111
18046,214;106
18047,214;93
18048,214;13120
18049,214;84
18050,214;80
18051,214;97
18052,214;88
18053,214;92
18054,214;13186
18055,214;84
18056,214;72
18057,214;101
18058,214;95
18059,214;95
18060,214;13138
18061,214;96
18062,214;97
18063,214;97
18064,214;103
18065,214;93
18066,214;13174
18067,214;78
18068,214;84
18069,214;84
18070,214;93
18071,214;77
18072,214;13145
18073,214;81
18074,214;92
18075,214;76
18076,214;106
18077,214;105
18078,214;13136
18079,214;86
18082,05;83
18083,05;99
18084,05;110
18085,05;92
18086,05;13140
18087,05;82
18088,05;101
18089,05;114
18090,05;102
18091,05;108
18092,05;13129
18093,05;86
18094,05;98
18095,05;95
18096,05;92
18097,05;92
18098,05;13144
18099,05;86
18100,05;88
18101,05;75
18102,05;88
18103,05;103
18104,05;13122
18105,05;79
18106,05;104
18107,05;82
18108,05;90
18109,05;90
18110,05;13141
18111,05;83
18112,05;97
18113,05;94
18114,05;88
18115,05;93
18116,05;13141
18117,05;75
18118,05;70
18119,05;93
18120,05;89
18121,05;93
18122,05;13119
18123,05;85
18124,05;87
18125,05;101
18126,05;104
18127,05;102
18128,05;13105
18129,05;90
18130,05;77
18131,05;109
18132,05;94
18133,05;88
18134,05;13120
18135,05;86
18136,05;79
18137,05;97
18138,05;98
18139,05;88
18140,05;13142
18141,05;97
18142,05;91
18143,05;82
18144,05;115
18145,05;93
18146,05;13097
18147,05;81
18148,05;73
18149,05;94
18150,05;98
18151,05;96
18152,05;13132
18153,05;83
18154,05;87
18155,05;97
18156,05;88
18157,05;105
18158,05;13130
18159,05;82
18160,05;98
18161,05;75
18162,05;95
18163,05;109
18164,05;13108
18165,05;76
18166,05;87
18167,05;92
18168,05;90
18169,05;85
18170,05;13146
18171,05;94
18172,05;91
18173,05;84
18174,05;77
18175,05;95
18176,05;13157
18177,05;89
18178,05;84
18179,05;69
18180,05;88
18181,05;84
18182,05;13148
18182,663;81
18183,663;79
18184,663;79
18185,663;90
18186,663;76
18187,663;13134
18188,663;84
18189,663;80
18190,663;87
18191,663;74
18192,663;78
18193,663;13137
18194,663;81
18195,663;77
18196,663;67
18197,663;93
18198,663;81
18199,663;13133
18200,663;75
18201,663;77
18202,663;78
18203,663;94
18204,663;91
18205,663;13138
18206,663;81
18207,663;95
18208,663;86
18209,663;89
18210,663;117
18211,663;13078
18212,663;86
18213,663;87
18214,663;89
18215,663;84
18216,663;112
18217,663;13183
18218,663;104
18219,663;81
18220,663;81
18221,663;94
18222,663;81
18223,663;13135
18224,663;102
18225,663;78
18226,663;102
18227,663;87
18228,663;96
18229,663;13126
18230,663;99
18231,663;83
18232,663;73
18233,663;117
18234,663;100
18235,663;13076
18236,663;72
18237,663;94
18238,663;100
18239,663;88
18240,663;102
18241,663;13098
18242,663;84
18243,663;83
18244,663;81
18245,663;68
18246,663;100
18247,663;13128
18248,663;79
18249,663;90
18250,663;78
18251,663;103
18252,663;103
18253,663;13124
18254,663;73
18255,663;93
18256,663;90
18257,663;103
18258,663;88
18259,663;13108
18260,663;83
18261,663;111
18262,663;93
18263,663;80
18264,663;86
18265,663;13124
18266,663;85
18267,663;81
18268,663;87
18269,663;96
18270,663;84
18271,663;13115
18272,663;77
18273,663;69
18274,663;74
18275,663;99
18276,663;76
18277,663;13129
18278,663;78
18279,663;71
18280,663;86
18281,663;80
18282,663;88
18282,663;13121
18283,663;71
18284,663;61
18285,663;77
18286,663;70
18287,663;95
18288,663;13148
18289,663;80
18290,663;83
18291,663;85
18292,663;84
18293,663;92
18294,663;13154
18295,663;86
18296,663;79
18297,663;96
18298,663;99
18299,663;85
18300,663;13123
18301,663;87
18302,663;82
18303,663;76
18304,663;77
18305,663;80
18306,663;13148
18307,663;83
18308,663;64
18309,663;75
18310,663;87
18311,663;89
18312,663;13124
18313,663;80
18314,663;83
18315,663;85
18316,663;78
18317,663;97
18318,663;13131
18319,663;76
18320,663;72
18321,663;86
18322,663;76
18323,663;85
18324,663;13106
18325,663;79
18326,663;63
18327,663;80
18328,663;80
18329,663;86
18330,663;13120
18331,663;74
18332,663;78
18333,663;84
18334,663;93
18335,663;89
18336,663;13106
18337,663;80
18338,663;72
18339,663;74
18340,663;75
18341,663;84
18342,663;13133
18343,663;73
18344,663;71
18345,663;96
18346,663;74
18347,663;89
18348,663;12805
18349,663;70
18350,663;79
18351,663;79
18352,663;64
18353,663;74
18354,663;13078
18355,663;80
18356,663;87
18357,663;72
18358,663;70
18359,663;76
18360,663;13086
18361,663;78
18362,663;67
18363,663;69
18364,663;88
18365,663;73
18366,663;13112
18367,663;72
18368,663;87
18369,663;67
18370,663;79
18371,663;86
18372,663;13086
18373,663;73
18374,663;75
18375,663;60
18376,663;85
18377,663;86
18378,663;13128
18379,663;96
18380,663;71
18381,663;81
18382,663;79
18383,277;75
18384,277;13130
18385,277;67
18386,277;88
18387,277;72
18388,277;100
18389,277;86
18390,277;13127
18391,277;70
18392,277;68
18393,277;74
18394,277;89
18395,277;90
18396,277;13119
18397,277;75
18398,277;86
18399,277;82
18400,277;92
18401,277;94
18402,277;13117
18403,277;78
18404,277;72
18405,277;89
18406,277;101
18407,277;94
18408,277;13109
18409,277;74
18410,277;88
18411,277;75
18412,277;74
18413,277;69
18414,277;13140
18415,277;75
18416,277;85
18417,277;93
18418,277;95
18419,277;88
18420,277;13104
18421,277;91
18422,277;85
18423,277;92
18424,277;84
18425,277;105
18426,277;13159
18427,277;98
18428,277;89
18429,277;84
18430,277;91
18431,277;82
18432,277;13124
18433,277;80
18434,277;81
18435,277;99
18436,277;82
18437,277;98
18438,277;13124
18439,277;76
18440,277;86
18441,277;72
18442,277;104
18443,277;97
18444,277;13103
18445,277;72
18446,277;76
18447,277;96
18448,277;88
18449,277;104
18450,277;13127
18451,277;88
18452,277;85
18453,277;97
18454,277;91
18455,277;73
18456,277;13139
18457,277;75
18458,277;81
18459,277;82
18460,277;78
18461,277;99
18462,277;13111
18463,277;77
18464,277;71
18465,277;81
18466,277;94
18467,277;80
18468,277;13109
18469,277;98
18470,277;90
18471,277;80
18472,277;91
18473,277;97
18474,277;13123
18475,277;75
18476,277;79
18477,277;86
18478,277;95
18479,277;103
18480,277;13141
18481,277;89
18482,277;98
18483,277;99
18485,318;77
18486,318;103
18487,318;13109
18488,318;75
18489,318;85
18490,318;85
18491,318;93
18492,318;96
18493,318;13133
18494,318;80
18495,318;83
18496,318;74
18497,318;100
18498,318;87
18499,318;13114
18500,318;82
18501,318;93
18502,318;94
18503,318;88
18504,318;84
18505,318;13135
18506,318;81
18507,318;82
18508,318;87
18509,318;99
18510,318;94
18511,318;13122
18512,318;78
18513,318;83
18514,318;89
18515,318;83
18516,318;100
18517,318;13113
18518,318;91
18519,318;94
18520,318;124
18521,318;94
18522,318;106
18523,318;13124
18524,318;89
18525,318;83
18526,318;99
18527,318;101
18528,318;99
18529,318;13139
18530,318;71
18531,318;79
18532,318;102
18533,318;94
18534,318;85
18535,318;13111
18536,318;83
18537,318;94
18538,318;90
18539,318;94
18540,318;87
18541,318;13154
18542,318;97
18543,318;108
18544,318;88
18545,318;83
18546,318;102
18547,318;13102
18548,318;78
18549,318;100
18550,318;90
18551,318;97
18552,318;93
18553,318;13105
18554,318;72
18555,318;98
18556,318;96
18557,318;89
18558,318;82
18559,318;13128
18560,318;70
18561,318;74
18562,318;88
18563,318;93
18564,318;82
18565,318;13132
18566,318;79
18567,318;95
18568,318;106
18569,318;100
18570,318;108
18571,318;13143
18572,318;81
18573,318;71
18574,318;91
18575,318;76
18576,318;83
18577,318;13148
18578,318;81
18579,318;104
18580,318;106
18581,318;85
18582,318;75
18583,318;13125
18584,318;71
18585,318;82
18586,525;106
18587,525;108
18588,525;89
18589,525;13158
18590,525;82
18591,525;75
18592,525;94
18593,525;88
18594,525;85
18595,525;13146
18596,525;96
18597,525;78
18598,525;89
18599,525;95
18600,525;86
18601,525;13125
18602,525;98
18603,525;81
18604,525;93
18605,525;89
18606,525;81
18607,525;13150
18608,525;81
18609,525;94
18610,525;95
18611,525;108
18612,525;97
18613,525;13106
18614,525;86
18615,525;98
18616,525;91
18617,525;95
18618,525;98
18619,525;13146
18620,525;87
18621,525;73
18622,525;87
18623,525;94
18624,525;92
18625,525;13142
18626,525;108
18627,525;101
18628,525;80
18629,525;94
18630,525;80
18631,525;13121
18632,525;86
18633,525;89
18634,525;108
18635,525;123
18636,525;83
18637,525;13110
18638,525;81
18639,525;106
18640,525;86
18641,525;121
18642,525;94
18643,525;13148
18644,525;89
18645,525;79
18646,525;102
18647,525;106
18648,525;116
18649,525;13111
18650,525;99
18651,525;95
18652,525;92
18653,525;89
18654,525;94
18655,525;13116
18656,525;76
18657,525;83
18658,525;91
18659,525;110
18660,525;98
18661,525;12800
18662,525;89
18663,525;88
18664,525;91
18665,525;89
18666,525;91
18667,525;13072
18668,525;79
18669,525;97
18670,525;91
18671,525;111
18672,525;112
18673,525;13105
18674,525;98
18675,525;85
18676,525;89
18677,525;106
18678,525;91
18679,525;13124
18680,525;97
18681,525;85
18682,525;91
18683,525;87
18684,525;91
18685,525;13115
18686,525;93
18687,115;111
18688,115;98
18689,115;104
18690,115;91
18691,115;13123
18692,115;100
18693,115;108
18694,115;113
18695,115;101
18696,115;104
18697,115;13119
18698,115;99
18699,115;76
18700,115;109
18701,115;97
18702,115;95
18703,115;13097
18704,115;74
18705,115;84
18706,115;87
18707,115;98
18708,115;95
18709,115;13129
18710,115;80
18711,115;80
18712,115;89
18713,115;97
18714,115;97
18715,115;13106
18716,115;84
18717,115;91
18718,115;93
18719,115;95
18720,115;101
18721,115;13135
18722,115;101
18723,115;82
18724,115;113
18725,115;95
18726,115;85
18727,115;13158
18728,115;69
18729,115;92
18730,115;92
18731,115;90
18732,115;99
18733,115;13130
18734,115;95
18735,115;106
18736,115;90
18737,115;100
18738,115;100
18739,115;13140
18740,115;98
18741,115;106
18742,115;97
18743,115;97
18744,115;126
18745,115;13090
18746,115;84
18747,115;88
18748,115;86
18749,115;108
18750,115;94
18751,115;13091
18752,115;98
18753,115;109
18754,115;83
18755,115;91
18756,115;89
18757,115;13097
18758,115;88
18759,115;103
18760,115;75
18761,115;99
18762,115;105
18763,115;13121
18764,115;66
18765,115;84
18766,115;82
18767,115;105
18768,115;71
18769,115;13119
18770,115;96
18771,115;82
18772,115;84
18773,115;92
18774,115;89
18775,115;13099
18776,115;92
18777,115;86
18778,115;91
18779,115;82
18780,115;102
18781,115;13107
18782,115;94
18783,115;84
18784,115;68
18785,115;82
18786,115;97
18787,115;13132
18788,115;93
18789,115;76
18790,115;92
18791,115;98
18792,115;82
18793,115;13099
18794,115;79
18795,115;76
18796,115;112
18797,115;70
18798,115;102
18799,115;13107
18800,115;92
18801,115;78
18802,115;93
18803,115;82
18804,115;87
18805,115;13139
18806,115;75
18807,115;86
18808,115;92
18809,115;80
18810,115;107
18811,115;13082
18812,115;89
18813,115;70
18814,115;114
18815,115;85
18816,115;77
18817,115;13101
18818,115;87
18819,115;107
18820,115;83
18821,115;84
18822,115;107
18823,115;13088
18824,115;85
18825,115;82
18826,115;92
18827,115;86
18828,115;90
18829,115;13114
18830,115;83
18831,115;102
18832,115;90
18833,115;85
18834,115;76
18835,115;13114
18836,115;93
18837,115;87
18838,115;89
18839,115;104
18840,115;120
18841,115;13072
18842,115;80
18843,115;85
18844,115;87
18845,115;101
18846,115;88
18847,115;13094
18848,115;77
18849,115;78
18850,115;97
18851,115;90
18852,115;114
18853,115;13078
18854,115;84
18855,115;75
18856,115;108
18857,115;89
18858,115;100
18859,115;13138
18860,115;81
18861,115;90
18862,115;87
18863,115;95
18864,115;95
18865,115;13120
18866,115;72
18867,115;76
18868,115;87
18869,115;104
18870,115;74
18871,115;13118
18872,115;84
18873,115;68
18874,115;93
18875,115;81
18876,115;96
18877,115;13086
18878,115;80
18879,115;82
18880,115;73
18881,115;84
18882,115;101
18883,115;13117
18884,115;80
18885,115;86
18886,115;113
18887,115;94
18888,115;87
18889,101;13134
18890,101;88
18891,101;98
18892,101;92
18893,101;84
18894,101;92
18895,101;13157
18896,101;85
18897,101;86
18898,101;64
18899,101;81
18900,101;103
18901,101;13129
18902,101;80
18903,101;100
18904,101;95
18905,101;99
18906,101;91
18907,101;13113
18908,101;92
18909,101;88
18910,101;80
18911,101;88
18912,101;101
18913,101;13149
18914,101;84
18915,101;83
18916,101;82
18917,101;93
18918,101;75
18919,101;13146
18920,101;91
18921,101;76
18922,101;76
18923,101;88
18924,101;88
18925,101;13106
18926,101;74
18927,101;63
18928,101;73
18929,101;64
18930,101;101
18931,101;13128
18932,101;73
18933,101;64
18934,101;77
18935,101;86
18936,101;86
18937,101;13117
18938,101;71
18939,101;77
18940,101;55
18941,101;67
18942,101;97
18943,101;13127
18944,101;78
18945,101;73
18946,101;89
18947,101;86
18948,101;82
18949,101;13126
18950,101;63
18951,101;69
18952,101;76
18953,101;77
18954,101;99
18955,101;13163
18956,101;74
18957,101;73
18958,101;69
18959,101;67
18960,101;86
18961,101;13118
18962,101;70
18963,101;78
18964,101;83
18965,101;75
18966,101;88
18967,101;13103
