2641,93;66
2642,93;5413
2643,93;54
2644,93;57
2645,93;58
2646,93;65
2647,93;2442
2648,93;7725
2649,93;59
2650,93;66
2651,93;54
2652,93;65
2653,93;3419
2654,93;7693
2655,93;67
2656,93;60
2657,93;54
2658,93;60
2659,93;3615
2660,93;7683
2661,93;68
2662,93;70
2663,93;72
2664,93;75
2665,93;3644
2666,93;7673
2667,93;62
2668,93;60
2669,93;51
2670,93;71
2671,93;3657
2672,93;7656
2673,93;70
2674,93;56
2675,93;62
2676,93;69
2677,93;3675
2678,93;7646
2679,93;59
2680,93;65
2681,93;60
2682,93;61
2683,93;3674
2684,93;7642
2685,93;70
2686,93;79
2687,93;58
2688,93;81
2689,93;3679
2690,93;7631
2691,93;58
2692,93;71
2693,93;78
2694,93;63
2695,93;3673
2696,93;7653
2697,93;64
2698,93;72
2699,93;68
2700,93;52
2701,93;3726
2702,93;7577
2703,93;74
2704,93;56
2705,93;48
2706,93;75
2707,93;3667
2708,93;7642
2709,93;65
2710,93;62
2711,93;75
2712,93;81
2713,93;3655
2714,93;7625
2715,93;70
2716,93;62
2717,93;80
2718,93;60
2719,93;3654
2720,93;7610
2721,93;57
2722,93;62
2723,93;69
2724,93;74
2725,93;3640
2726,93;7622
2727,93;65
2728,93;78
2730,294;64
2731,294;84
2732,294;3653
2733,294;7595
2734,294;63
2735,294;76
2736,294;73
2737,294;80
2738,294;3699
2739,294;7561
2740,294;84
2741,294;59
2742,294;63
2743,294;75
2744,294;3699
2745,294;7558
2746,294;72
2747,294;71
2748,294;68
2749,294;78
2750,294;3651
2751,294;7578
2752,294;50
2753,294;59
2754,294;60
2755,294;74
2756,294;3645
2757,294;7620
2758,294;68
2759,294;78
2760,294;75
2761,294;59
2762,294;3611
2763,294;7628
2764,294;72
2765,294;69
2766,294;63
2767,294;87
2768,294;3643
2769,294;7586
2770,294;65
2771,294;73
2772,294;63
2773,294;71
2774,294;3632
2775,294;7595
2776,294;70
2777,294;65
2778,294;75
2779,294;72
2780,294;3634
2781,294;7593
2782,294;74
2783,294;60
2784,294;58
2785,294;64
2786,294;3637
2787,294;7611
2788,294;67
2789,294;64
2790,294;63
2791,294;63
2792,294;3624
2793,294;7597
2794,294;64
2795,294;55
2796,294;65
2797,294;82
2798,294;3654
2799,294;7617
2800,294;64
2801,294;54
2802,294;72
2803,294;69
2804,294;3647
2805,294;7611
2806,294;72
2807,294;79
2808,294;74
2809,294;68
2810,294;3629
2811,294;7623
2812,294;75
2813,294;79
2814,294;75
2815,294;60
2816,294;3612
2817,294;7616
2818,294;74
2819,294;78
2820,294;92
2821,294;67
2822,294;3760
2823,294;7484
2824,294;56
2825,294;53
2826,294;67
2827,294;77
2828,294;3628
2829,294;7606
2830,294;61
2831,086;78
2832,086;59
2833,086;62
2834,086;3631
2835,086;7599
2836,086;65
2837,086;91
2838,086;74
2839,086;71
2840,086;3617
2841,086;7580
2842,086;66
2843,086;72
2844,086;74
2845,086;77
2846,086;3615
2847,086;7589
2848,086;74
2849,086;55
2850,086;82
2851,086;65
2852,086;3614
2853,086;7606
2854,086;65
2855,086;48
2856,086;59
2857,086;61
2858,086;3613
2859,086;7568
2860,086;66
2861,086;58
2862,086;71
2863,086;59
2864,086;3612
2865,086;7580
2866,086;51
2867,086;60
2868,086;68
2869,086;63
2870,086;3622
2871,086;7578
2872,086;68
2873,086;53
2874,086;62
2875,086;58
2876,086;3604
2877,086;7602
2878,086;63
2879,086;58
2880,086;68
2881,086;58
2882,086;3619
2883,086;7596
2884,086;67
2885,086;54
2886,086;75
2887,086;72
2888,086;3610
2889,086;7600
2890,086;48
2891,086;68
2892,086;50
2893,086;51
2894,086;3626
2895,086;7604
2896,086;49
2897,086;71
2898,086;47
2899,086;72
2900,086;3607
2901,086;7579
2902,086;56
2903,086;51
2904,086;45
2905,086;54
2906,086;3576
2907,086;7599
2908,086;50
2909,086;57
2910,086;57
2911,086;50
2912,086;3613
2913,086;7616
2914,086;55
2915,086;42
2916,086;61
2917,086;58
2918,086;3697
2919,086;7484
2920,086;51
2921,086;45
2922,086;57
2923,086;51
2924,086;3598
2925,086;7571
2926,086;59
2927,086;46
2928,086;47
2929,086;49
2930,086;3602
2931,086;7583
2932,086;37
2933,086;52
2934,086;53
2935,086;58
2936,086;3597
2937,086;7606
2938,086;44
2939,086;50
2940,086;52
2941,086;60
2942,086;3600
2943,086;7571
2944,086;53
2945,086;40
2946,086;68
2947,086;54
2948,086;3597
2949,086;7581
2950,086;43
2951,086;47
2952,086;45
2953,086;57
2954,086;3257
2955,086;7607
2956,086;50
2957,086;45
2958,086;38
2959,086;45
2960,086;3551
2961,086;7589
2962,086;58
2963,086;50
2964,086;57
2965,086;41
2966,086;3566
2967,086;7587
2968,086;57
2969,086;58
2970,086;52
2971,086;48
2972,086;3616
2973,086;7597
2974,086;52
2975,086;43
2976,086;49
2977,086;46
2978,086;3592
2979,086;7579
2980,086;62
2981,086;51
2982,086;42
2983,086;61
2984,086;3577
2985,086;7588
2986,086;48
2987,086;57
2988,086;50
2989,086;60
2990,086;3627
2991,086;7557
2992,086;46
2993,086;46
2994,086;59
2995,086;56
2996,086;3711
2997,086;7494
2998,086;60
2999,086;59
3000,086;60
3001,086;59
3002,086;3586
3003,086;7628
3004,086;45
3005,086;67
3006,086;60
3007,086;54
3008,086;3607
3009,086;7599
3010,086;63
3011,086;67
3012,086;68
3013,086;53
3014,086;3591
3015,086;7594
3016,086;48
3017,086;50
3018,086;57
3019,086;48
3020,086;3535
3021,086;7588
3022,086;53
3023,086;52
3024,086;65
3025,086;60
3026,086;3573
3027,086;7594
3028,086;54
3029,086;58
3030,086;55
3031,086;71
3032,086;3600
3033,416;7595
3034,416;59
3035,416;70
3036,416;53
3037,416;65
3038,416;3597
3039,416;7575
3040,416;55
3041,416;67
3042,416;69
3043,416;59
3044,416;3593
3045,416;7552
3046,416;55
3047,416;69
3048,416;65
3049,416;66
3050,416;3593
3051,416;7599
3052,416;57
3053,416;70
3054,416;67
3055,416;66
3056,416;3655
3057,416;7548
3058,416;66
3059,416;63
3060,416;66
3061,416;50
3062,416;3579
3063,416;7616
3064,416;64
3065,416;63
3066,416;61
3067,416;66
3068,416;3598
3069,416;7602
3070,416;59
3071,416;61
3072,416;62
3073,416;76
3074,416;3597
3075,416;7589
3076,416;70
3077,416;58
3078,416;87
3079,416;70
3080,416;3588
3081,416;7617
3082,416;57
3083,416;79
3084,416;57
3085,416;76
3086,416;3568
3087,416;7612
3088,416;52
3089,416;54
3090,416;72
3091,416;75
3092,416;3585
3093,416;7615
3094,416;61
3095,416;58
3096,416;87
3097,416;65
3098,416;3586
3099,416;7629
3100,416;61
3101,416;76
3102,416;80
3103,416;72
3104,416;3554
3105,416;7624
3106,416;61
3107,416;72
3108,416;71
3109,416;64
3110,416;3589
3111,416;7624
3112,416;77
3113,416;70
3114,416;71
3115,416;79
3116,416;3588
3117,416;7620
3118,416;62
3119,416;71
3120,416;61
3121,416;70
3122,416;3558
3123,416;7620
3124,416;75
3125,416;55
3126,416;79
3127,416;63
3128,416;3581
3129,416;7607
3130,416;42
3131,416;56
3132,416;74
3133,416;73
3133,841;3559
3134,841;7622
3135,841;49
3136,841;52
3137,841;92
3138,841;70
3139,841;3584
3140,841;7602
3141,841;66
3142,841;73
3143,841;63
3144,841;68
3145,841;3577
3146,841;7610
3147,841;68
3148,841;68
3149,841;74
3150,841;64
3151,841;3561
3152,841;7636
3153,841;70
3154,841;69
3155,841;60
3156,841;79
3157,841;3559
3158,841;7651
3159,841;76
3160,841;58
3161,841;72
3162,841;74
3163,841;3542
3164,841;7609
3165,841;59
3166,841;93
3167,841;64
3168,841;76
3169,841;3569
3170,841;7633
3171,841;68
3172,841;52
3173,841;65
3174,841;65
3175,841;3550
3176,841;7649
3177,841;71
3178,841;68
3179,841;77
3180,841;68
3181,841;3564
3182,841;7642
3183,841;56
3184,841;83
3185,841;82
3186,841;76
3187,841;3565
3188,841;7643
3189,841;63
3190,841;64
3191,841;57
3192,841;54
3193,841;3545
3194,841;7636
3195,841;57
3196,841;59
3197,841;63
3198,841;70
3199,841;3562
3200,841;7631
3201,841;61
3202,841;52
3203,841;65
3204,841;71
3205,841;3538
3206,841;7609
3207,841;84
3208,841;67
3209,841;49
3210,841;71
3211,841;3538
3212,841;7646
3213,841;80
3214,841;50
3215,841;65
3216,841;81
3217,841;3535
3218,841;7641
3219,841;67
3220,841;80
3221,841;83
3222,841;64
3223,841;3542
3224,841;7627
3225,841;69
3226,841;65
3227,841;59
3228,841;56
3229,841;3551
3230,841;7638
3231,841;53
3232,841;60
3233,841;63
3234,523;80
3235,523;3535
3236,523;7622
3237,523;58
3238,523;61
3239,523;63
3240,523;57
3241,523;3527
3242,523;7610
3243,523;76
3244,523;65
3245,523;65
3246,523;78
3247,523;3678
3248,523;7527
3249,523;67
3250,523;77
3251,523;54
3252,523;59
3253,523;3526
3254,523;7626
3255,523;58
3256,523;60
3257,523;63
3258,523;53
3259,523;3568
3260,523;7658
3261,523;69
3262,523;76
3263,523;54
3264,523;77
3265,523;3174
3266,523;7653
3267,523;76
3268,523;60
3269,523;68
3270,523;66
3271,523;3499
3272,523;7650
3273,523;55
3274,523;60
3275,523;72
3276,523;69
3277,523;3510
3278,523;7620
3279,523;67
3280,523;68
3281,523;69
3282,523;70
3283,523;3506
3284,523;7627
3285,523;46
3286,523;63
3287,523;60
3288,523;66
3289,523;3540
3290,523;7644
3291,523;64
3292,523;59
3293,523;57
3294,523;73
3295,523;3518
3296,523;7654
3297,523;44
3298,523;55
3299,523;69
3300,523;78
3301,523;3528
3302,523;7647
3303,523;60
3304,523;59
3305,523;65
3306,523;72
3307,523;3537
3308,523;7629
3309,523;67
3310,523;70
3311,523;72
3312,523;70
3313,523;3526
3314,523;7654
3315,523;72
3316,523;56
3317,523;72
3318,523;70
3319,523;3581
3320,523;7604
3321,523;58
3322,523;80
3323,523;64
3324,523;72
3325,523;3526
3326,523;7641
3327,523;62
3328,523;59
3329,523;53
3330,523;68
3331,523;3521
3332,523;7663
3333,523;50
3334,523;54
3335,611;61
3336,611;67
3337,611;3516
3338,611;7661
3339,611;61
3340,611;55
3341,611;69
3342,611;75
3343,611;3516
3344,611;7636
3345,611;70
3346,611;60
3347,611;77
3348,611;62
3349,611;3534
3350,611;7655
3351,611;64
3352,611;59
3353,611;65
3354,611;40
3355,611;3567
3356,611;7628
3357,611;70
3358,611;65
3359,611;89
3360,611;73
3361,611;3526
3362,611;7627
3363,611;59
3364,611;57
3365,611;51
3366,611;50
3367,611;3546
3368,611;7641
3369,611;60
3370,611;72
3371,611;86
3372,611;77
3373,611;3531
3374,611;7665
3375,611;65
3376,611;59
3377,611;74
3378,611;57
3379,611;3537
3380,611;7634
3381,611;74
3382,611;70
3383,611;57
3384,611;59
3385,611;3518
3386,611;7634
3387,611;60
3388,611;71
3389,611;66
3390,611;68
3391,611;3521
3392,611;7648
3393,611;59
3394,611;77
3395,611;72
3396,611;73
3397,611;3515
3398,611;7669
3399,611;75
3400,611;74
3401,611;59
3402,611;69
3403,611;3573
3404,611;7571
3405,611;61
3406,611;77
3407,611;72
3408,611;70
3409,611;3510
3410,611;7662
3411,611;71
3412,611;60
3413,611;62
3414,611;63
3415,611;3520
3416,611;7661
3417,611;61
3418,611;57
3419,611;55
3420,611;71
3421,611;3534
3422,611;7653
3423,611;75
3424,611;71
3425,611;73
3426,611;78
3427,611;3509
3428,611;7657
3429,611;53
3430,611;76
3431,611;84
3432,611;54
3433,611;3503
3434,611;7683
3435,611;57
3436,611;87
3437,611;69
3438,611;73
3439,611;3528
3440,611;7648
3441,611;63
3442,611;54
3443,611;52
3444,611;68
3445,611;3545
3446,611;7632
3447,611;56
3448,611;59
3449,611;70
3450,611;67
3451,611;3524
3452,611;7674
3453,611;52
3454,611;76
3455,611;76
3456,611;80
3457,611;3527
3458,611;7644
3459,611;71
3460,611;65
3461,611;71
3462,611;71
3463,611;3524
3464,611;7657
3465,611;67
3466,611;83
3467,611;72
3468,611;72
3469,611;3495
3470,611;7668
3471,611;53
3472,611;75
3473,611;70
3474,611;58
3475,611;3523
3476,611;7661
3477,611;65
3478,611;76
3479,611;64
3480,611;71
3481,611;3503
3482,611;7671
3483,611;52
3484,611;64
3485,611;78
3486,611;61
3487,611;3521
3488,611;7668
3489,611;70
3490,611;64
3491,611;73
3492,611;60
3493,611;3536
3494,611;7674
3495,611;54
3496,611;58
3497,611;66
3498,611;56
3499,611;3511
3500,611;7662
3501,611;68
3502,611;47
3503,611;63
3504,611;61
3505,611;3529
3506,611;7665
3507,611;48
3508,611;58
3509,611;63
3510,611;57
3511,611;3505
3512,611;7666
3513,611;65
3514,611;63
3515,611;66
3516,611;69
3517,611;3490
3518,611;7666
3519,611;59
3520,611;68
3521,611;67
3522,611;50
3523,611;3507
3524,611;7662
3525,611;50
3526,611;59
3527,611;69
3528,611;53
3529,611;3516
3530,611;7649
3531,611;57
3532,611;49
3533,611;66
3534,611;57
3535,611;3503
3536,611;7685
3537,775;53
3538,775;54
3539,775;54
3540,775;62
3541,775;3508
3542,775;7668
3543,775;40
3544,775;50
3545,775;57
3546,775;53
3547,775;3514
3548,775;7677
3549,775;52
3550,775;37
3551,775;61
3552,775;60
3553,775;3525
3554,775;7662
3555,775;45
3556,775;55
3557,775;34
3558,775;41
3559,775;3493
3560,775;7656
3561,775;42
3562,775;41
3563,775;44
3564,775;46
3565,775;3507
3566,775;7665
3567,775;61
3568,775;57
3569,775;61
3570,775;45
3571,775;3477
3572,775;7666
3573,775;45
3574,775;48
3575,775;56
3576,775;50
3577,775;3126
3578,775;7686
3579,775;44
3580,775;51
3581,775;49
3582,775;59
3583,775;3450
3584,775;7650
3585,775;39
3586,775;49
3587,775;49
3588,775;51
3589,775;3506
3590,775;7647
3591,775;47
3592,775;46
3593,775;37
3594,775;61
3595,775;3489
3596,775;7664
3597,775;39
3598,775;59
3599,775;37
3600,775;49
3601,775;3476
3602,775;7686
3603,775;58
3604,775;38
3605,775;58
3606,775;65
3607,775;3500
3608,775;7672
3609,775;82
3610,775;54
3611,775;51
3612,775;50
3613,775;3487
3614,775;7670
3615,775;48
3616,775;51
3617,775;47
3618,775;64
3619,775;3472
3620,775;7687
3621,775;51
3622,775;70
3623,775;65
3624,775;45
3625,775;3494
3626,775;7684
3627,775;45
3628,775;61
3629,775;61
3630,775;54
3631,775;3496
3632,775;7676
3633,775;63
3634,775;57
3635,775;54
3636,775;52
3637,775;3493
3639,31;7667
3640,31;51
3641,31;63
3642,31;65
3643,31;60
3644,31;3489
3645,31;7684
3646,31;60
3647,31;58
3648,31;60
3649,31;74
3650,31;3495
3651,31;7686
3652,31;66
3653,31;60
3654,31;59
3655,31;67
3656,31;3501
3657,31;7677
3658,31;55
3659,31;61
3660,31;63
3661,31;47
3662,31;3507
3663,31;7673
3664,31;70
3665,31;62
3666,31;58
3667,31;65
3668,31;3495
3669,31;7675
3670,31;66
3671,31;67
3672,31;72
3673,31;72
3674,31;3477
3675,31;7690
3676,31;66
3677,31;73
3678,31;76
3679,31;68
3680,31;3463
3681,31;7709
3682,31;57
3683,31;76
3684,31;77
3685,31;61
3686,31;3492
3687,31;7694
3688,31;60
3689,31;66
3690,31;73
3691,31;59
3692,31;3486
3693,31;7709
3694,31;61
3695,31;71
3696,31;52
3697,31;68
3698,31;3467
3699,31;7669
3700,31;76
3701,31;60
3702,31;57
3703,31;86
3704,31;3567
3705,31;7619
3706,31;75
3707,31;67
3708,31;76
3709,31;70
3710,31;3506
3711,31;7690
3712,31;66
3713,31;70
3714,31;62
3715,31;75
3716,31;3451
3717,31;7731
3718,31;87
3719,31;59
3720,31;76
3721,31;71
3722,31;3463
3723,31;7708
3724,31;48
3725,31;68
3726,31;64
3727,31;65
3728,31;3475
3729,31;7674
3730,31;64
3731,31;84
3732,31;78
3733,31;81
3734,31;3579
3735,31;7613
3736,31;62
3737,31;74
3738,31;68
3739,31;70
3740,015;3467
3741,015;7692
3742,015;61
3743,015;65
3744,015;69
3745,015;89
3746,015;3472
3747,015;7691
3748,015;68
3749,015;66
3750,015;76
3751,015;61
3752,015;3462
3753,015;7709
3754,015;53
3755,015;78
3756,015;82
3757,015;74
3758,015;3483
3759,015;7697
3760,015;59
3761,015;70
3762,015;73
3763,015;73
3764,015;3472
3765,015;7699
3766,015;66
3767,015;75
3768,015;57
3769,015;68
3770,015;3438
3771,015;7703
3772,015;57
3773,015;74
3774,015;85
3775,015;68
3776,015;3471
3777,015;7704
3778,015;71
3779,015;47
3780,015;68
3781,015;51
3782,015;3450
3783,015;7695
3784,015;69
3785,015;61
3786,015;58
3787,015;65
3788,015;3450
3789,015;7702
3790,015;63
3791,015;67
3792,015;63
3793,015;79
3794,015;3476
3795,015;7723
3796,015;65
3797,015;73
3798,015;45
3799,015;73
3800,015;3446
3801,015;7686
3802,015;65
3803,015;76
3804,015;65
3805,015;60
3806,015;3465
3807,015;7707
3808,015;55
3809,015;56
3810,015;72
3811,015;62
3812,015;3517
3813,015;7656
3814,015;64
3815,015;73
3816,015;63
3817,015;69
3818,015;3454
3819,015;7713
3820,015;64
3821,015;79
3822,015;73
3823,015;83
3824,015;3459
3825,015;7682
3826,015;56
3827,015;72
3828,015;74
3829,015;62
3830,015;3450
3831,015;7724
3832,015;68
3833,015;68
3834,015;66
3835,015;70
3836,015;3487
3837,015;7657
3838,015;59
3839,015;50
3840,015;66
3841,24;72
3842,24;3440
3843,24;7714
3844,24;53
3845,24;61
3846,24;70
3847,24;66
3848,24;3567
3849,24;7596
3850,24;58
3851,24;59
3852,24;66
3853,24;65
3854,24;3437
3855,24;7720
3856,24;56
3857,24;63
3858,24;73
3859,24;66
3860,24;3436
3861,24;7715
3862,24;59
3863,24;57
3864,24;45
3865,24;68
3866,24;3451
3867,24;7702
3868,24;79
3869,24;63
3870,24;71
3871,24;62
3872,24;3447
3873,24;7699
3874,24;71
3875,24;54
3876,24;70
3877,24;66
3878,24;3486
3879,24;7652
3880,24;66
3881,24;85
3882,24;78
3883,24;59
3884,24;3448
3885,24;7727
3886,24;50
3887,24;62
3888,24;54
3889,24;63
3890,24;3090
3891,24;7758
3892,24;54
3893,24;51
3894,24;61
3895,24;73
3896,24;3372
3897,24;7729
3898,24;60
3899,24;47
3900,24;54
3901,24;65
3902,24;3425
3903,24;7710
3904,24;66
3905,24;65
3906,24;58
3907,24;80
3908,24;3444
3909,24;7724
3910,24;50
3911,24;61
3912,24;52
3913,24;69
3914,24;3428
3915,24;7733
3916,24;65
3917,24;58
3918,24;59
3919,24;66
3920,24;3456
3921,24;7707
3922,24;51
3923,24;82
3924,24;59
3925,24;65
3926,24;3436
3927,24;7718
3928,24;59
3929,24;52
3930,24;56
3931,24;73
3932,24;3419
3933,24;7700
3934,24;62
3935,24;63
3936,24;59
3937,24;55
3938,24;3439
3939,24;7718
3940,24;73
3941,24;60
3942,24;70
3943,24;64
3944,24;3434
3945,24;7704
3946,24;63
3947,24;63
3948,24;59
3949,24;64
3950,24;3423
3951,24;7718
3952,24;58
3953,24;74
3954,24;60
3955,24;62
3956,24;3495
3957,24;7667
3958,24;61
3959,24;82
3960,24;70
3961,24;76
3962,24;3444
3963,24;7729
3964,24;62
3965,24;68
3966,24;65
3967,24;74
3968,24;3407
3969,24;7731
3970,24;60
3971,24;55
3972,24;65
3973,24;62
3974,24;3429
3975,24;7720
3976,24;50
3977,24;58
3978,24;66
3979,24;58
3980,24;3463
3981,24;7727
3982,24;57
3983,24;63
3984,24;66
3985,24;59
3986,24;3461
3987,24;7706
3988,24;65
3989,24;68
3990,24;78
3991,24;57
3992,24;3430
3993,24;7728
3994,24;54
3995,24;64
3996,24;70
3997,24;64
3998,24;3447
3999,24;7733
4000,24;66
4001,24;55
4002,24;72
4003,24;71
4004,24;3413
4005,24;7716
4006,24;54
4007,24;60
4008,24;65
4009,24;62
4010,24;3500
4011,24;7668
4012,24;56
4013,24;59
4014,24;59
4015,24;69
4016,24;3427
4017,24;7747
4018,24;67
4019,24;71
4020,24;75
4021,24;71
4022,24;3421
4023,24;7747
4024,24;74
4025,24;57
4026,24;60
4027,24;77
4028,24;3434
4029,24;7742
4030,24;73
4031,24;66
4032,24;72
4033,24;63
4034,24;3423
4035,24;7772
4036,24;59
4037,24;72
4038,24;80
4039,24;66
4040,24;3427
4041,24;7727
4042,24;83
4043,164;57
4044,164;83
4045,164;63
4046,164;3419
4047,164;7734
4048,164;78
4049,164;82
4050,164;56
4051,164;70
4052,164;3422
4053,164;7747
4054,164;58
4055,164;65
4056,164;79
4057,164;76
4058,164;3410
4059,164;7720
4060,164;57
4061,164;87
4062,164;76
4063,164;77
4064,164;3468
4065,164;7698
4066,164;86
4067,164;72
4068,164;87
4069,164;79
4070,164;3404
4071,164;7746
4072,164;73
4073,164;74
4074,164;67
4075,164;74
4076,164;3433
4077,164;7706
4078,164;72
4079,164;70
4080,164;70
4081,164;90
4082,164;3416
4083,164;7728
4084,164;71
4085,164;69
4086,164;67
4087,164;73
4088,164;3403
4089,164;7776
4090,164;50
4091,164;62
4092,164;73
4093,164;68
4094,164;3431
4095,164;7742
4096,164;64
4097,164;59
4098,164;69
4099,164;63
4100,164;3397
4101,164;7739
4102,164;67
4103,164;65
4104,164;68
4105,164;69
4106,164;3406
4107,164;7732
4108,164;66
4109,164;45
4110,164;54
4111,164;66
4112,164;3459
4113,164;7746
4114,164;71
4115,164;68
4116,164;58
4117,164;68
4118,164;3437
4119,164;7747
4120,164;60
4121,164;59
4122,164;59
4123,164;59
4124,164;3458
4125,164;7698
4126,164;60
4127,164;58
4128,164;52
4129,164;65
4130,164;3411
4131,164;7749
4132,164;65
4133,164;55
4134,164;68
4135,164;84
4136,164;3446
4137,164;7742
4138,164;63
4139,164;73
4140,164;51
4141,164;56
4142,164;3423
4143,164;7761
4143,884;67
4144,884;57
4145,884;66
4146,884;47
4147,884;3398
4148,884;7734
4149,884;55
4150,884;50
4151,884;72
4152,884;67
4153,884;3448
4154,884;7701
4155,884;42
4156,884;50
4157,884;62
4158,884;57
4159,884;3406
4160,884;7751
4161,884;39
4162,884;41
4163,884;68
4164,884;52
4165,884;3395
4166,884;7768
4167,884;59
4168,884;49
4169,884;61
4170,884;60
4171,884;3398
4172,884;7755
4173,884;39
4174,884;41
4175,884;50
4176,884;48
4177,884;3397
4178,884;7720
4179,884;57
4180,884;46
4181,884;67
4182,884;57
4183,884;3402
4184,884;7747
4185,884;43
4186,884;45
4187,884;46
4188,884;60
4189,884;3409
4190,884;7759
4191,884;57
4192,884;56
4193,884;51
4194,884;31
4195,884;3386
4196,884;7755
4197,884;60
4198,884;47
4199,884;45
4200,884;50
4201,884;3100
4202,884;7720
4203,884;51
4204,884;50
4205,884;48
4206,884;52
4207,884;3331
4208,884;7756
4209,884;55
4210,884;41
4211,884;45
4212,884;61
4213,884;3390
4214,884;7768
4215,884;49
4216,884;48
4217,884;42
4218,884;65
4219,884;3385
4220,884;7747
4221,884;50
4222,884;47
4223,884;62
4224,884;50
4225,884;3447
4226,884;7662
4227,884;46
4228,884;49
4229,884;51
4230,884;52
4231,884;3401
4232,884;7758
4233,884;47
4234,884;59
4235,884;54
4236,884;54
4237,884;3481
4238,884;7722
4239,884;50
4240,884;50
4241,884;62
4242,884;52
4243,884;3403
4244,849;7756
4245,849;42
4246,849;52
4247,849;61
4248,849;57
4249,849;3410
4250,849;7744
4251,849;56
4252,849;53
4253,849;61
4254,849;65
4255,849;3402
4256,849;7778
4257,849;56
4258,849;75
4259,849;62
4260,849;49
4261,849;3472
4262,849;7706
4263,849;56
4264,849;54
4265,849;59
4266,849;61
4267,849;3405
4268,849;7754
4269,849;64
4270,849;61
4271,849;65
4272,849;67
4273,849;3460
4274,849;7683
4275,849;64
4276,849;67
4277,849;74
4278,849;59
4279,849;3398
4280,849;7774
4281,849;64
4282,849;62
4283,849;80
4284,849;59
4285,849;3385
4286,849;7784
4287,849;55
4288,849;62
4289,849;61
4290,849;73
4291,849;3359
4292,849;7769
4293,849;68
4294,849;64
4295,849;58
4296,849;77
4297,849;3389
4298,849;7773
4299,849;81
4300,849;66
4301,849;71
4302,849;74
4303,849;3383
4304,849;7798
4305,849;60
4306,849;55
4307,849;71
4308,849;82
4309,849;3375
4310,849;7799
4311,849;68
4312,849;77
4313,849;67
4314,849;71
4315,849;3376
4316,849;7763
4317,849;66
4318,849;65
4319,849;73
4320,849;70
4321,849;3398
4322,849;7781
4323,849;59
4324,849;61
4325,849;85
4326,849;68
4327,849;3379
4328,849;7772
4329,849;59
4330,849;72
4331,849;64
4332,849;94
4333,849;3377
4334,849;7770
4335,849;68
4336,849;43
4337,849;64
4338,849;70
4339,849;3363
4340,849;7753
4341,849;71
4342,849;79
4343,849;73
4344,849;69
4346,112;3386
4347,112;7791
4348,112;67
4349,112;76
4350,112;72
4351,112;64
4352,112;3381
4353,112;7769
4354,112;70
4355,112;66
4356,112;75
4357,112;68
4358,112;3376
4359,112;7793
4360,112;60
4361,112;56
4362,112;73
4363,112;80
4364,112;3348
4365,112;7776
4366,112;51
4367,112;68
4368,112;80
4369,112;63
4370,112;3380
4371,112;7772
4372,112;52
4373,112;69
4374,112;64
4375,112;66
4376,112;3362
4377,112;7794
4378,112;66
4379,112;73
4380,112;92
4381,112;73
4382,112;3338
4383,112;7793
4384,112;62
4385,112;71
4386,112;63
4387,112;67
4388,112;3378
4389,112;7767
4390,112;69
4391,112;76
4392,112;59
4393,112;63
4394,112;3377
4395,112;7778
4396,112;60
4397,112;66
4398,112;78
4399,112;75
4400,112;3374
4401,112;7812
4402,112;68
4403,112;68
4404,112;65
4405,112;68
4406,112;3389
4407,112;7784
4408,112;66
4409,112;70
4410,112;66
4411,112;54
4412,112;3366
4413,112;7777
4414,112;65
4415,112;67
4416,112;57
4417,112;79
4418,112;3393
4419,112;7809
4420,112;77
4421,112;75
4422,112;72
4423,112;69
4424,112;3370
4425,112;7797
4426,112;67
4427,112;72
4428,112;65
4429,112;81
4430,112;3349
4431,112;7763
4432,112;62
4433,112;50
4434,112;62
4435,112;80
4436,112;3384
4437,112;7782
4438,112;56
4439,112;70
4440,112;78
4441,112;68
4442,112;3425
4443,112;7707
4444,112;73
4445,112;66
4446,112;67
4447,112;58
4448,112;3358
4449,112;7777
4450,112;59
4451,112;74
4452,112;75
4453,112;68
4454,112;3360
4455,112;7795
4456,112;64
4457,112;58
4458,112;66
4459,112;76
4460,112;3361
4461,112;7793
4462,112;65
4463,112;73
4464,112;70
4465,112;73
4466,112;3341
4467,112;7800
4468,112;58
4469,112;57
4470,112;65
4471,112;55
4472,112;3340
4473,112;7805
4474,112;57
4475,112;63
4476,112;61
4477,112;64
4478,112;3356
4479,112;7777
4480,112;63
4481,112;51
4482,112;64
4483,112;66
4484,112;3351
4485,112;7783
4486,112;71
4487,112;56
4488,112;58
4489,112;62
4490,112;3362
4491,112;7807
4492,112;72
4493,112;70
4494,112;69
4495,112;73
4496,112;3345
4497,112;7778
4498,112;51
4499,112;56
4500,112;62
4501,112;62
4502,112;3437
4503,112;7697
4504,112;55
4505,112;71
4506,112;58
4507,112;59
4508,112;3356
4509,112;7829
4510,112;73
4511,112;44
4512,112;56
4513,112;57
4514,112;3007
4515,112;7813
4516,112;53
4517,112;60
4518,112;81
4519,112;53
4520,112;3280
4521,112;7808
4522,112;44
4523,112;74
4524,112;81
4525,112;50
4526,112;3323
4527,112;7819
4528,112;66
4529,112;69
4530,112;66
4531,112;52
4532,112;3346
4533,112;7792
4534,112;47
4535,112;67
4536,112;56
4537,112;76
4538,112;3339
4539,112;7782
4540,112;64
4541,112;60
4542,112;64
4543,112;76
4544,112;3341
4545,112;7792
4546,112;63
4547,112;70
4548,432;57
4549,432;70
4550,432;3359
4551,432;7831
4552,432;65
4553,432;64
4554,432;53
4555,432;48
4556,432;3321
4557,432;7821
4558,432;63
4559,432;46
4560,432;68
4561,432;64
4562,432;3350
4563,432;7788
4564,432;59
4565,432;63
4566,432;55
4567,432;79
4568,432;3342
4569,432;7837
4570,432;67
4571,432;61
4572,432;65
4573,432;79
4574,432;3347
4575,432;7791
4576,432;64
4577,432;65
4578,432;60
4579,432;74
4580,432;3327
4581,432;7787
4582,432;47
4583,432;75
4584,432;71
4585,432;55
4586,432;3350
4587,432;7805
4588,432;49
4589,432;80
4590,432;64
4591,432;64
4592,432;3350
4593,432;7845
4594,432;59
4595,432;53
4596,432;67
4597,432;67
4598,432;3318
4599,432;7828
4600,432;63
4601,432;67
4602,432;69
4603,432;73
4604,432;3333
4605,432;7801
4606,432;81
4607,432;65
4608,432;63
4609,432;68
4610,432;3353
4611,432;7805
4612,432;64
4613,432;81
4614,432;60
4615,432;75
4616,432;3324
4617,432;7839
4618,432;65
4619,432;53
4620,432;57
4621,432;86
4622,432;3324
4623,432;7811
4624,432;69
4625,432;63
4626,432;75
4627,432;76
4628,432;3334
4629,432;7839
4630,432;61
4631,432;68
4632,432;77
4633,432;82
4634,432;3347
4635,432;7825
4636,432;71
4637,432;66
4638,432;79
4639,432;86
4640,432;3349
4641,432;7817
4642,432;74
4643,432;69
4644,432;68
4645,432;68
4646,432;3335
4647,432;7839
4648,432;65
4649,408;74
4650,408;73
4651,408;65
4652,408;3316
4653,408;7786
4654,408;61
4655,408;69
4656,408;69
4657,408;82
4658,408;3326
4659,408;7852
4660,408;61
4661,408;55
4662,408;65
4663,408;82
4664,408;3340
4665,408;7827
4666,408;56
4667,408;64
4668,408;89
4669,408;67
4670,408;3347
4671,408;7813
4672,408;54
4673,408;59
4674,408;75
4675,408;67
4676,408;3352
4677,408;7847
4678,408;67
4679,408;62
4680,408;60
4681,408;76
4682,408;3328
4683,408;7815
4684,408;50
4685,408;70
4686,408;71
4687,408;79
4688,408;3333
4689,408;7839
4690,408;57
4691,408;81
4692,408;72
4693,408;67
4694,408;3321
4695,408;7811
4696,408;67
4697,408;63
4698,408;81
4699,408;90
4700,408;3334
4701,408;7843
4702,408;54
4703,408;63
4704,408;79
4705,408;61
4706,408;3345
4707,408;7832
4708,408;53
4709,408;67
4710,408;65
4711,408;66
4712,408;3339
4713,408;7863
4714,408;71
4715,408;62
4716,408;74
4717,408;73
4718,408;3311
4719,408;7865
4720,408;76
4721,408;57
4722,408;66
4723,408;72
4724,408;3321
4725,408;7840
4726,408;77
4727,408;69
4728,408;86
4729,408;67
4730,408;3352
4731,408;7838
4732,408;76
4733,408;68
4734,408;74
4735,408;62
4736,408;3316
4737,408;7849
4738,408;64
4739,408;74
4740,408;74
4741,408;72
4742,408;3333
4743,408;7836
4744,408;69
4745,408;65
4746,408;65
4747,408;73
4748,408;3344
4749,408;7861
4749,595;58
4750,595;70
4751,595;64
4752,595;59
4753,595;3371
4754,595;7784
4755,595;62
4756,595;64
4757,595;55
4758,595;48
4759,595;3339
4760,595;7858
4761,595;66
4762,595;43
4763,595;68
4764,595;69
4765,595;3328
4766,595;7842
4767,595;64
4768,595;59
4769,595;77
4770,595;72
4771,595;3330
4772,595;7803
4773,595;64
4774,595;60
4775,595;63
4776,595;62
4777,595;3324
4778,595;7847
4779,595;51
4780,595;76
4781,595;58
4782,595;67
4783,595;3301
4784,595;7858
4785,595;57
4786,595;68
4787,595;55
4788,595;60
4789,595;3325
4790,595;7834
4791,595;61
4792,595;54
4793,595;55
4794,595;49
4795,595;3331
4796,595;7849
4797,595;49
4798,595;59
4799,595;59
4800,595;47
4801,595;3316
4802,595;7842
4803,595;56
4804,595;53
4805,595;47
4806,595;44
4807,595;3306
4808,595;7839
4809,595;66
4810,595;53
4811,595;49
4812,595;57
4813,595;3291
4814,595;7853
4815,595;46
4816,595;54
4817,595;61
4818,595;55
4819,595;3293
4820,595;7859
4821,595;52
4822,595;50
4823,595;52
4824,595;45
4825,595;2946
4826,595;7870
4827,595;50
4828,595;50
4829,595;60
4830,595;56
4831,595;3337
4832,595;7763
4833,595;39
4834,595;46
4835,595;56
4836,595;50
4837,595;3310
4838,595;7864
4839,595;67
4840,595;75
4841,595;63
4842,595;73
4843,595;3293
4844,595;7845
4845,595;51
4846,595;51
4847,595;53
4848,595;54
4849,595;3315
4850,34;7850
4851,34;59
4852,34;59
4853,34;60
4854,34;50
4855,34;3288
4856,34;7880
4857,34;39
4858,34;52
4859,34;45
4860,34;58
4861,34;3307
4862,34;7839
4863,34;42
4864,34;60
4865,34;54
4866,34;62
4867,34;3313
4868,34;7870
4869,34;66
4870,34;51
4871,34;70
4872,34;55
4873,34;3430
4874,34;7750
4875,34;58
4876,34;61
4877,34;47
4878,34;68
4879,34;3353
4880,34;7848
4881,34;61
4882,34;62
4883,34;69
4884,34;63
4885,34;3307
4886,34;7842
4887,34;62
4888,34;74
4889,34;57
4890,34;50
4891,34;3315
4892,34;7867
4893,34;52
4894,34;73
4895,34;76
4896,34;72
4897,34;3317
4898,34;7856
4899,34;65
4900,34;72
4901,34;66
4902,34;52
4903,34;3288
4904,34;7851
4905,34;54
4906,34;61
4907,34;60
4908,34;74
4909,34;3319
4910,34;7842
4911,34;67
4912,34;52
4913,34;67
4914,34;73
4915,34;3286
4916,34;7874
4917,34;63
4918,34;69
4919,34;63
4920,34;52
4921,34;3280
4922,34;7891
4923,34;67
4924,34;66
4925,34;59
4926,34;78
4927,34;3365
4928,34;7791
4929,34;61
4930,34;71
4931,34;79
4932,34;63
4933,34;3281
4934,34;7864
4935,34;69
4936,34;77
4937,34;65
4938,34;71
4939,34;3289
4940,34;7869
4941,34;61
4942,34;55
4943,34;60
4944,34;63
4945,34;3282
4946,34;7857
4947,34;72
4948,34;69
4949,34;59
4950,34;77
4951,967;3299
4952,967;7884
4953,967;62
4954,967;66
4955,967;75
4956,967;68
4957,967;3293
4958,967;7891
4959,967;66
4960,967;62
4961,967;55
4962,967;70
4963,967;3306
4964,967;7870
4965,967;64
4966,967;65
4967,967;56
4968,967;76
4969,967;3288
4970,967;7868
4971,967;65
4972,967;66
4973,967;79
4974,967;71
4975,967;3301
4976,967;7904
4977,967;67
4978,967;75
4979,967;69
4980,967;66
4981,967;3289
4982,967;7900
4983,967;73
4984,967;61
4985,967;64
4986,967;65
4987,967;3274
4988,967;7878
4989,967;79
4990,967;54
4991,967;70
4992,967;58
4993,967;3301
4994,967;7877
4995,967;66
4996,967;67
4997,967;70
4998,967;80
4999,967;3347
5000,967;7824
5001,967;62
5002,967;68
5003,967;82
5004,967;62
5005,967;3288
5006,967;7881
5007,967;62
5008,967;48
5009,967;73
5010,967;66
5011,967;3267
5012,967;7863
5013,967;77
5014,967;60
5015,967;61
5016,967;52
5017,967;3280
5018,967;7895
5019,967;50
5020,967;61
5021,967;84
5022,967;87
5023,967;3289
5024,967;7864
5025,967;59
5026,967;68
5027,967;60
5028,967;72
5029,967;3254
5030,967;7903
5031,967;62
5032,967;62
5033,967;66
5034,967;73
5035,967;3265
5036,967;7867
5037,967;73
5038,967;62
5039,967;69
5040,967;69
5041,967;3274
5042,967;7889
5043,967;58
5044,967;81
5045,967;64
5046,967;71
5047,967;3258
5048,967;7868
5049,967;51
5050,967;48
5051,967;66
5052,967;68
5053,967;3338
5054,967;7797
5055,967;64
5056,967;55
5057,967;66
5058,967;61
5059,967;3257
5060,967;7871
5061,967;69
5062,967;53
5063,967;69
5064,967;70
5065,967;3267
5066,967;7894
5067,967;60
5068,967;71
5069,967;56
5070,967;69
5071,967;3256
5072,967;7887
5073,967;52
5074,967;58
5075,967;66
5076,967;79
5077,967;3260
5078,967;7915
5079,967;59
5080,967;70
5081,967;77
5082,967;59
5083,967;3264
5084,967;7895
5085,967;61
5086,967;66
5087,967;73
5088,967;65
5089,967;3262
5090,967;7901
5091,967;45
5092,967;62
5093,967;75
5094,967;73
5095,967;3254
5096,967;7890
5097,967;56
5098,967;72
5099,967;72
5100,967;68
5101,967;3269
5102,967;7915
5103,967;59
5104,967;64
5105,967;74
5106,967;77
5107,967;3252
5108,967;7915
5109,967;60
5110,967;51
5111,967;59
5112,967;65
5113,967;3287
5114,967;7911
5115,967;66
5116,967;59
5117,967;66
5118,967;56
5119,967;3301
5120,967;7821
5121,967;45
5122,967;68
5123,967;73
5124,967;73
5125,967;3253
5126,967;7907
5127,967;62
5128,967;62
5129,967;61
5130,967;52
5131,967;3242
5132,967;7881
5133,967;50
5134,967;63
5135,967;63
5136,967;54
5137,967;2857
5138,967;7924
5139,967;51
5140,967;54
5141,967;51
5142,967;56
5143,967;3181
5144,967;7895
5145,967;48
5146,967;59
5147,967;67
5148,967;63
5149,967;3236
5150,967;7904
5151,967;67
5152,967;62
5154,417;77
5155,417;70
5156,417;3292
5157,417;7869
5158,417;64
5159,417;57
5160,417;77
5161,417;56
5162,417;3244
5163,417;7892
5164,417;65
5165,417;58
5166,417;71
5167,417;63
5168,417;3245
5169,417;7923
5170,417;59
5171,417;66
5172,417;57
5173,417;60
5174,417;3232
5175,417;7911
5176,417;63
5177,417;64
5178,417;73
5179,417;62
5180,417;3239
5181,417;7894
5182,417;67
5183,417;75
5184,417;60
5185,417;51
5186,417;3261
5187,417;7923
5188,417;72
5189,417;64
5190,417;54
5191,417;68
5192,417;3228
5193,417;7950
5194,417;53
5195,417;55
5196,417;78
5197,417;86
5198,417;3260
5199,417;7932
5200,417;74
5201,417;54
5202,417;51
5203,417;69
5204,417;3235
5205,417;7911
5206,417;73
5207,417;75
5208,417;57
5209,417;62
5210,417;3231
5211,417;7920
5212,417;59
5213,417;57
5214,417;72
5215,417;52
5216,417;3245
5217,417;7929
5218,417;65
5219,417;61
5220,417;63
5221,417;64
5222,417;3242
5223,417;7896
5224,417;70
5225,417;69
5226,417;65
5227,417;72
5228,417;3204
5229,417;7884
5230,417;66
5231,417;54
5232,417;69
5233,417;54
5234,417;3260
5235,417;7937
5236,417;53
5237,417;59
5238,417;69
5239,417;57
5240,417;3240
5241,417;7890
5242,417;73
5243,417;65
5244,417;79
5245,417;74
5246,417;3255
5247,417;7950
5248,417;61
5249,417;77
5250,417;78
5251,417;76
5252,417;3244
5253,417;7926
5254,417;75
5254,638;67
5255,638;61
5256,638;70
5257,638;3246
5258,638;7903
5259,638;61
5260,638;75
5261,638;63
5262,638;79
5263,638;3232
5264,638;7927
5265,638;57
5266,638;72
5267,638;58
5268,638;69
5269,638;3255
5270,638;7934
5271,638;61
5272,638;59
5273,638;70
5274,638;78
5275,638;3218
5276,638;7890
5277,638;53
5278,638;65
5279,638;78
5280,638;65
5281,638;3233
5282,638;7905
5283,638;61
5284,638;61
5285,638;81
5286,638;69
5287,638;3249
5288,638;7913
5289,638;56
5290,638;77
5291,638;80
5292,638;74
5293,638;3232
5294,638;7913
5295,638;71
5296,638;53
5297,638;65
5298,638;73
5299,638;3254
5300,638;7907
5301,638;67
5302,638;76
5303,638;69
5304,638;85
5305,638;3245
5306,638;7890
5307,638;70
5308,638;62
5309,638;63
5310,638;84
5311,638;3265
5312,638;7939
5313,638;78
5314,638;74
5315,638;76
5316,638;64
5317,638;3220
5318,638;7927
5319,638;67
5320,638;78
5321,638;63
5322,638;74
5323,638;3230
5324,638;7925
5325,638;70
5326,638;57
5327,638;75
5328,638;65
5329,638;3220
5330,638;7900
5331,638;58
5332,638;64
5333,638;91
5334,638;72
5335,638;3242
5336,638;7943
5337,638;63
5338,638;51
5339,638;55
5340,638;75
5341,638;3220
5342,638;7972
5343,638;64
5344,638;82
5345,638;75
5346,638;72
5347,638;3228
5348,638;7949
5349,638;69
5350,638;68
5351,638;69
5352,638;68
5353,638;3231
5354,638;7941
5356,142;59
5357,142;59
5358,142;75
5359,142;70
5360,142;3209
5361,142;7943
5362,142;53
5363,142;70
5364,142;70
5365,142;74
5366,142;3206
5367,142;7905
5368,142;68
5369,142;71
5370,142;57
5371,142;59
5372,142;3212
5373,142;7943
5374,142;57
5375,142;60
5376,142;79
5377,142;82
5378,142;3222
5379,142;7943
5380,142;66
5381,142;53
5382,142;78
5383,142;53
5384,142;3226
5385,142;7950
5386,142;57
5387,142;65
5388,142;64
5389,142;79
5390,142;3225
5391,142;7964
5392,142;79
5393,142;59
5394,142;57
5395,142;67
5396,142;3233
5397,142;7940
5398,142;67
5399,142;60
5400,142;72
5401,142;60
5402,142;3227
5403,142;7949
5404,142;77
5405,142;63
5406,142;72
5407,142;52
5408,142;3224
5409,142;7945
5410,142;70
5411,142;63
5412,142;66
5413,142;51
5414,142;3215
5415,142;7955
5416,142;51
5417,142;61
5418,142;61
5419,142;50
5420,142;3212
5421,142;7899
5422,142;62
5423,142;56
5424,142;62
5425,142;69
5426,142;3196
5427,142;7932
5428,142;63
5429,142;47
5430,142;55
5431,142;54
5432,142;3223
5433,142;7927
5434,142;53
5435,142;58
5436,142;65
5437,142;59
5438,142;3231
5439,142;7938
5440,142;53
5441,142;56
5442,142;44
5443,142;58
5444,142;3201
5445,142;7963
5446,142;48
5447,142;54
5448,142;46
5449,142;62
5450,142;2890
5451,142;7922
5452,142;50
5453,142;60
5454,142;55
5455,142;69
5456,142;3127
5457,24;7958
5458,24;59
5459,24;51
5460,24;55
5461,24;57
5462,24;3213
5463,24;7972
5464,24;60
5465,24;50
5466,24;46
5467,24;65
5468,24;3202
5469,24;7944
5470,24;48
5471,24;62
5472,24;59
5473,24;63
5474,24;3196
5475,24;7972
5476,24;53
5477,24;61
5478,24;59
5479,24;54
5480,24;3206
5481,24;7933
5482,24;66
5483,24;55
5484,24;51
5485,24;60
5486,24;3201
5487,24;7964
5488,24;75
5489,24;66
5490,24;61
5491,24;58
5492,24;3209
5493,24;7928
5494,24;54
5495,24;59
5496,24;64
5497,24;72
5498,24;3209
5499,24;7938
5500,24;58
5501,24;87
5502,24;66
5503,24;72
5504,24;3207
5505,24;7945
5506,24;61
5507,24;58
5508,24;60
5509,24;71
5510,24;3219
5511,24;7960
5512,24;58
5513,24;66
5514,24;74
5515,24;68
5516,24;3219
5517,24;7952
5518,24;63
5519,24;73
5520,24;72
5521,24;69
5522,24;3201
5523,24;7964
5524,24;65
5525,24;57
5526,24;74
5527,24;88
5528,24;3178
5529,24;7935
5530,24;61
5531,24;69
5532,24;63
5533,24;68
5534,24;3198
5535,24;7969
5536,24;71
5537,24;62
5538,24;64
5539,24;84
5540,24;3224
5541,24;7943
5542,24;66
5543,24;66
5544,24;60
5545,24;67
5546,24;3187
5547,24;7979
5548,24;51
5549,24;62
5550,24;66
5551,24;82
5552,24;3206
5553,24;7957
5554,24;63
5555,24;69
5556,24;67
5557,24;72
5558,24;3194
5559,24;7967
5560,24;63
5561,24;60
5562,24;68
5563,24;77
5564,24;3203
5565,24;7965
5566,24;66
5567,24;67
5568,24;67
5569,24;73
5570,24;3185
5571,24;7989
5572,24;65
5573,24;73
5574,24;79
5575,24;96
5576,24;3186
5577,24;7962
5578,24;74
5579,24;69
5580,24;72
5581,24;67
5582,24;3181
5583,24;7971
5584,24;79
5585,24;76
5586,24;73
5587,24;78
5588,24;3185
5589,24;7985
5590,24;62
5591,24;81
5592,24;77
5593,24;66
5594,24;3201
5595,24;7998
5596,24;61
5597,24;73
5598,24;85
5599,24;90
5600,24;3203
5601,24;7988
5602,24;66
5603,24;61
5604,24;61
5605,24;76
5606,24;3205
5607,24;7969
5608,24;55
5609,24;60
5610,24;62
5611,24;77
5612,24;3180
5613,24;7966
5614,24;71
5615,24;77
5616,24;65
5617,24;77
5618,24;3180
5619,24;7974
5620,24;56
5621,24;79
5622,24;71
5623,24;76
5624,24;3185
5625,24;7979
5626,24;60
5627,24;67
5628,24;55
5629,24;76
5630,24;3165
5631,24;7969
5632,24;65
5633,24;76
5634,24;64
5635,24;67
5636,24;3200
5637,24;7986
5638,24;53
5639,24;78
5640,24;93
5641,24;80
5642,24;3180
5643,24;7958
5644,24;70
5645,24;71
5646,24;63
5647,24;74
5648,24;3172
5649,24;7975
5650,24;67
5651,24;84
5652,24;61
5653,24;64
5654,24;3197
5655,24;7962
5656,24;65
5657,24;76
5658,24;63
5658,98;74
5659,98;3193
5660,98;7981
5661,98;65
5662,98;57
5663,98;66
5664,98;82
5665,98;3182
5666,98;7941
5667,98;66
5668,98;53
5669,98;64
5670,98;74
5671,98;3171
5672,98;7985
5673,98;53
5674,98;68
5675,98;85
5676,98;74
5677,98;3181
5678,98;7999
5679,98;49
5680,98;84
5681,98;69
5682,98;84
5683,98;3177
5684,98;7988
5685,98;63
5686,98;65
5687,98;78
5688,98;66
5689,98;3179
5690,98;7995
5691,98;68
5692,98;56
5693,98;67
5694,98;77
5695,98;3180
5696,98;7951
5697,98;70
5698,98;83
5699,98;77
5700,98;75
5701,98;3167
5702,98;7977
5703,98;65
5704,98;60
5705,98;65
5706,98;68
5707,98;3180
5708,98;7989
5709,98;61
5710,98;78
5711,98;71
5712,98;57
5713,98;3160
5714,98;7987
5715,98;55
5716,98;68
5717,98;46
5718,98;61
5719,98;3162
5720,98;7964
5721,98;66
5722,98;63
5723,98;69
5724,98;69
5725,98;3181
5726,98;7974
5727,98;55
5728,98;69
5729,98;63
5730,98;83
5731,98;3210
5732,98;7960
5733,98;75
5734,98;65
5735,98;75
5736,98;70
5737,98;3147
5738,98;8006
5739,98;69
5740,98;58
5741,98;71
5742,98;59
5743,98;3159
5744,98;7986
5745,98;67
5746,98;71
5747,98;67
5748,98;61
5749,98;3147
5750,98;7983
5751,98;68
5752,98;61
5753,98;78
5754,98;64
5755,98;3143
5756,98;7992
5757,98;64
5758,98;74
5759,399;77
5760,399;73
5761,399;2755
5762,399;8030
5763,399;68
5764,399;59
5765,399;62
5766,399;71
5767,399;3082
5768,399;7992
5769,399;65
5770,399;58
5771,399;65
5772,399;70
5773,399;3144
5774,399;8018
5775,399;64
5776,399;59
5777,399;60
5778,399;60
5779,399;3151
5780,399;8016
5781,399;61
5782,399;53
5783,399;70
5784,399;59
5785,399;3142
5786,399;7981
5787,399;55
5788,399;75
5789,399;55
5790,399;71
5791,399;3147
5792,399;7992
5793,399;66
5794,399;67
5795,399;64
5796,399;54
5797,399;3138
5798,399;8018
5799,399;55
5800,399;68
5801,399;62
5802,399;65
5803,399;3160
5804,399;7994
5805,399;56
5806,399;68
5807,399;60
5808,399;55
5809,399;3155
5810,399;8011
5811,399;73
5812,399;65
5813,399;61
5814,399;69
5815,399;3144
5816,399;8003
5817,399;69
5818,399;59
5819,399;71
5820,399;82
5821,399;3137
5822,399;7966
5823,399;71
5824,399;65
5825,399;75
5826,399;64
5827,399;3152
5828,399;8013
5829,399;63
5830,399;63
5831,399;71
5832,399;59
5833,399;3148
5834,399;8007
5835,399;60
5836,399;65
5837,399;61
5838,399;73
5839,399;3167
5840,399;8009
5841,399;60
5842,399;62
5843,399;71
5844,399;54
5845,399;3280
5846,399;7870
5847,399;63
5848,399;58
5849,399;59
5850,399;78
5851,399;3155
5852,399;8013
5853,399;74
5854,399;80
5855,399;69
5856,399;69
5857,399;3173
5858,399;7990
5859,399;68
5861,275;57
5862,275;85
5863,275;68
5864,275;3145
5865,275;7999
5866,275;67
5867,275;74
5868,275;81
5869,275;64
5870,275;3158
5871,275;7993
5872,275;71
5873,275;76
5874,275;83
5875,275;73
5876,275;3138
5877,275;7995
5878,275;64
5879,275;74
5880,275;72
5881,275;62
5882,275;3112
5883,275;8017
5884,275;63
5885,275;62
5886,275;74
5887,275;67
5888,275;3137
5889,275;8001
5890,275;64
5891,275;67
5892,275;74
5893,275;68
5894,275;3164
5895,275;8004
5896,275;58
5897,275;63
5898,275;78
5899,275;77
5900,275;3128
5901,275;7996
5902,275;66
5903,275;81
5904,275;72
5905,275;73
5906,275;3148
5907,275;8007
5908,275;57
5909,275;81
5910,275;54
5911,275;62
5912,275;3142
5913,275;8013
5914,275;68
5915,275;63
5916,275;70
5917,275;78
5918,275;3131
5919,275;8038
5920,275;64
5921,275;71
5922,275;49
5923,275;61
5924,275;3148
5925,275;7989
5926,275;58
5927,275;63
5928,275;68
5929,275;67
5930,275;3160
5931,275;7992
5932,275;65
5933,275;65
5934,275;78
5935,275;62
5936,275;3140
5937,275;8027
5938,275;59
5939,275;73
5940,275;79
5941,275;68
5942,275;3132
5943,275;8035
5944,275;72
5945,275;73
5946,275;77
5947,275;69
5948,275;3138
5949,275;8020
5950,275;66
5951,275;67
5952,275;79
5953,275;68
5954,275;3129
5955,275;7980
5956,275;84
5957,275;67
5958,275;68
5959,275;70
5960,275;3149
5961,275;8014
5961,009;56
5962,009;60
5963,009;76
5964,009;65
5965,009;3134
5966,009;8031
5967,009;79
5968,009;75
5969,009;69
5970,009;69
5971,009;3109
5972,009;8012
5973,009;67
5974,009;70
5975,009;60
5976,009;77
5977,009;3137
5978,009;8005
5979,009;53
5980,009;76
5981,009;79
5982,009;71
5983,009;3128
5984,009;8028
5985,009;65
5986,009;77
5987,009;74
5988,009;62
5989,009;3138
5990,009;8020
5991,009;74
5992,009;68
5993,009;65
5994,009;74
5995,009;3140
5996,009;8048
5997,009;50
5998,009;71
5999,009;69
6000,009;60
6001,009;3151
6002,009;8021
6003,009;53
6004,009;61
6005,009;61
6006,009;65
6007,009;3161
6008,009;8057
6009,009;54
6010,009;66
6011,009;68
6012,009;59
6013,009;3141
6014,009;8037
6015,009;64
6016,009;72
6017,009;75
6018,009;65
6019,009;3102
6020,009;8038
6021,009;64
6022,009;69
6023,009;64
6024,009;74
6025,009;3141
6026,009;8030
6027,009;59
6028,009;65
6029,009;66
6030,009;61
6031,009;3098
6032,009;8013
6033,009;57
6034,009;57
6035,009;63
6036,009;65
6037,009;3119
6038,009;8009
6039,009;50
6040,009;56
6041,009;72
6042,009;58
6043,009;3227
6044,009;7920
6045,009;62
6046,009;57
6047,009;55
6048,009;57
6049,009;3127
6050,009;8050
6051,009;60
6052,009;48
6053,009;54
6054,009;51
6055,009;3126
6056,009;8033
6057,009;66
6058,009;62
6059,009;67
6060,009;60
6061,009;3101
6062,009;8038
6063,009;44
6064,009;57
6065,009;50
6066,009;56
6067,009;3107
6068,009;8026
6069,009;47
6070,009;41
6071,009;53
6072,009;52
6073,009;2748
6074,009;8077
6075,009;56
6076,009;56
6077,009;55
6078,009;44
6079,009;3056
6080,009;8035
6081,009;36
6082,009;69
6083,009;65
6084,009;51
6085,009;3108
6086,009;8039
6087,009;58
6088,009;65
6089,009;69
6090,009;60
6091,009;3118
6092,009;8034
6093,009;59
6094,009;58
6095,009;67
6096,009;56
6097,009;3112
6098,009;8042
6099,009;57
6100,009;57
6101,009;72
6102,009;66
6103,009;3109
6104,009;8023
6105,009;59
6106,009;76
6107,009;60
6108,009;58
6109,009;3128
6110,009;8022
6111,009;64
6112,009;48
6113,009;50
6114,009;72
6115,009;3103
6116,009;8050
6117,009;69
6118,009;71
6119,009;47
6120,009;69
6121,009;3114
6122,009;8041
6123,009;58
6124,009;50
6125,009;70
6126,009;66
6127,009;3128
6128,009;8013
6129,009;55
6130,009;64
6131,009;53
6132,009;65
6133,009;3134
6134,009;8036
6135,009;78
6136,009;67
6137,009;69
6138,009;79
6139,009;3124
6140,009;8052
6141,009;68
6142,009;77
6143,009;66
6144,009;76
6145,009;3125
6146,009;8014
6147,009;60
6148,009;50
6149,009;69
6150,009;62
6151,009;3119
6152,009;8063
6153,009;55
6154,009;74
6155,009;69
6156,009;77
6157,009;3119
6158,009;8030
6159,009;76
6160,009;76
6161,009;73
6162,009;76
6163,719;3097
6164,719;8044
6165,719;64
6166,719;63
6167,719;72
6168,719;67
6169,719;3103
6170,719;8058
6171,719;72
6172,719;66
6173,719;78
6174,719;64
6175,719;3127
6176,719;8063
6177,719;76
6178,719;71
6179,719;71
6180,719;64
6181,719;3174
6182,719;7984
6183,719;68
6184,719;63
6185,719;65
6186,719;59
6187,719;3110
6188,719;8069
6189,719;63
6190,719;57
6191,719;63
6192,719;65
6193,719;3077
6194,719;8046
6195,719;72
6196,719;58
6197,719;69
6198,719;65
6199,719;3099
6200,719;8074
6201,719;66
6202,719;81
6203,719;64
6204,719;69
6205,719;3129
6206,719;8028
6207,719;67
6208,719;71
6209,719;74
6210,719;71
6211,719;3178
6212,719;7982
6213,719;62
6214,719;79
6215,719;72
6216,719;73
6217,719;3080
6218,719;8056
6219,719;58
6220,719;75
6221,719;82
6222,719;82
6223,719;3073
6224,719;8070
6225,719;63
6226,719;69
6227,719;59
6228,719;56
6229,719;3086
6230,719;8068
6231,719;67
6232,719;74
6233,719;62
6234,719;78
6235,719;3077
6236,719;8079
6237,719;75
6238,719;68
6239,719;73
6240,719;74
6241,719;3097
6242,719;8069
6243,719;58
6244,719;76
6245,719;70
6246,719;61
6247,719;3091
6248,719;8055
6249,719;61
6250,719;59
6251,719;71
6252,719;58
6253,719;3095
6254,719;8065
6255,719;68
6256,719;52
6257,719;48
6258,719;78
6259,719;3098
6260,719;8055
6261,719;53
6262,719;68
6263,719;72
6264,253;67
6265,253;3085
6266,253;8064
6267,253;70
6268,253;71
6269,253;65
6270,253;65
6271,253;3082
6272,253;8088
6273,253;65
6274,253;68
6275,253;75
6276,253;75
6277,253;3081
6278,253;8046
6279,253;69
6280,253;70
6281,253;62
6282,253;68
6283,253;3078
6284,253;8072
6285,253;70
6286,253;64
6287,253;59
6288,253;67
6289,253;3190
6290,253;7972
6291,253;53
6292,253;57
6293,253;56
6294,253;74
6295,253;3078
6296,253;8061
6297,253;75
6298,253;90
6299,253;69
6300,253;71
6301,253;3069
6302,253;8068
6303,253;60
6304,253;57
6305,253;64
6306,253;65
6307,253;3057
6308,253;8081
6309,253;39
6310,253;74
6311,253;74
6312,253;77
6313,253;3084
6314,253;8055
6315,253;61
6316,253;64
6317,253;63
6318,253;71
6319,253;3084
6320,253;8059
6321,253;55
6322,253;65
6323,253;58
6324,253;66
6325,253;3078
6326,253;8091
6327,253;61
6328,253;62
6329,253;60
6330,253;66
6331,253;3095
6332,253;8072
6333,253;64
6334,253;59
6335,253;67
6336,253;84
6337,253;3050
6338,253;8080
6339,253;72
6340,253;61
6341,253;56
6342,253;65
6343,253;3174
6344,253;7941
6345,253;66
6346,253;72
6347,253;71
6348,253;59
6349,253;3104
6350,253;8089
6351,253;69
6352,253;64
6353,253;71
6354,253;52
6355,253;3040
6356,253;8069
6357,253;57
6358,253;49
6359,253;69
6360,253;79
6361,253;3060
6362,253;8112
6363,253;60
6364,253;60
6365,561;59
6366,561;62
6367,561;3053
6368,561;8090
6369,561;54
6370,561;46
6371,561;62
6372,561;71
6373,561;3056
6374,561;8098
6375,561;67
6376,561;70
6377,561;65
6378,561;68
6379,561;3043
6380,561;8054
6381,561;68
6382,561;62
6383,561;53
6384,561;54
6385,561;2696
6386,561;8102
6387,561;60
6388,561;62
6389,561;65
6390,561;45
6391,561;2981
6392,561;8071
6393,561;77
6394,561;57
6395,561;47
6396,561;68
6397,561;3030
6398,561;8107
6399,561;62
6400,561;56
6401,561;63
6402,561;51
6403,561;3047
6404,561;8071
6405,561;71
6406,561;64
6407,561;60
6408,561;61
6409,561;3057
6410,561;8063
6411,561;56
6412,561;57
6413,561;62
6414,561;59
6415,561;3043
6416,561;8113
6417,561;68
6418,561;63
6419,561;68
6420,561;70
6421,561;3053
6422,561;8105
6423,561;60
6424,561;69
6425,561;66
6426,561;60
6427,561;3061
6428,561;8076
6429,561;63
6430,561;53
6431,561;72
6432,561;63
6433,561;3064
6434,561;8069
6435,561;62
6436,561;68
6437,561;66
6438,561;81
6439,561;3058
6440,561;8105
6441,561;63
6442,561;64
6443,561;61
6444,561;61
6445,561;3083
6446,561;8066
6447,561;47
6448,561;78
6449,561;60
6450,561;73
6451,561;3053
6452,561;8087
6453,561;74
6454,561;67
6455,561;72
6456,561;73
6457,561;3055
6458,561;8099
6459,561;82
6460,561;63
6461,561;64
6462,561;65
6463,561;3057
6464,561;8083
6465,561;51
6466,292;64
6467,292;79
6468,292;68
6469,292;3067
6470,292;8119
6471,292;64
6472,292;72
6473,292;76
6474,292;74
6475,292;3059
6476,292;8081
6477,292;63
6478,292;72
6479,292;59
6480,292;68
6481,292;3045
6482,292;8109
6483,292;68
6484,292;78
6485,292;77
6486,292;67
6487,292;3056
6488,292;8107
6489,292;46
6490,292;69
6491,292;78
6492,292;73
6493,292;3038
6494,292;8112
6495,292;61
6496,292;75
6497,292;76
6498,292;74
6499,292;3042
6500,292;8100
6501,292;56
6502,292;80
6503,292;77
6504,292;78
6505,292;3046
6506,292;8107
6507,292;63
6508,292;62
6509,292;69
6510,292;73
6511,292;3050
6512,292;8117
6513,292;81
6514,292;63
6515,292;63
6516,292;65
6517,292;3038
6518,292;8091
6519,292;71
6520,292;69
6521,292;78
6522,292;65
6523,292;3031
6524,292;8125
6525,292;68
6526,292;85
6527,292;79
6528,292;68
6529,292;3052
6530,292;8102
6531,292;73
6532,292;65
6533,292;73
6534,292;66
6535,292;3071
6536,292;8102
6537,292;86
6538,292;66
6539,292;54
6540,292;70
6541,292;3020
6542,292;8110
6543,292;70
6544,292;65
6545,292;76
6546,292;71
6547,292;3043
6548,292;8116
6549,292;72
6550,292;83
6551,292;66
6552,292;58
6553,292;3038
6554,292;8101
6555,292;65
6556,292;65
6557,292;67
6558,292;71
6559,292;3033
6560,292;8101
6561,292;56
6562,292;67
6563,292;75
6564,292;70
6565,292;3035
6566,292;8091
6567,292;78
6568,292;66
6569,292;78
6570,292;72
6571,292;3039
6572,292;8135
6573,292;74
6574,292;75
6575,292;77
6576,292;57
6577,292;3034
6578,292;8089
6579,292;64
6580,292;74
6581,292;64
6582,292;67
6583,292;3031
6584,292;8121
6585,292;56
6586,292;81
6587,292;69
6588,292;62
6589,292;3040
6590,292;8105
6591,292;56
6592,292;79
6593,292;66
6594,292;69
6595,292;3039
6596,292;8153
6597,292;67
6598,292;58
6599,292;90
6600,292;84
6601,292;3043
6602,292;8142
6603,292;65
6604,292;68
6605,292;67
6606,292;90
6607,292;3045
6608,292;8130
6609,292;57
6610,292;76
6611,292;56
6612,292;78
6613,292;3177
6614,292;7997
6615,292;66
6616,292;62
6617,292;65
6618,292;60
6619,292;3070
6620,292;8094
6621,292;63
6622,292;73
6623,292;66
6624,292;63
6625,292;3036
6626,292;8122
6627,292;70
6628,292;67
6629,292;83
6630,292;55
6631,292;3046
6632,292;8118
6633,292;54
6634,292;55
6635,292;74
6636,292;74
6637,292;3041
6638,292;8110
6639,292;54
6640,292;70
6641,292;56
6642,292;66
6643,292;3035
6644,292;8126
6645,292;76
6646,292;58
6647,292;83
6648,292;71
6649,292;3047
6650,292;8137
6651,292;64
6652,292;62
6653,292;68
6654,292;71
6655,292;3043
6656,292;8130
6657,292;60
6658,292;73
6659,292;79
6660,292;63
6661,292;3024
6662,292;8179
6663,292;57
6664,292;80
6665,292;65
6666,292;55
6667,292;3043
6669,401;8122
6670,401;68
6671,401;68
6672,401;73
6673,401;62
6674,401;3020
6675,401;8145
6676,401;62
6677,401;64
6678,401;64
6679,401;59
6680,401;3023
6681,401;8134
6682,401;61
6683,401;70
6684,401;56
6685,401;53
6686,401;3005
6687,401;8120
6688,401;45
6689,401;52
6690,401;51
6691,401;57
6692,401;3019
6693,401;8132
6694,401;58
6695,401;66
6696,401;53
6697,401;64
6698,401;2648
6699,401;8134
6700,401;46
6701,401;62
6702,401;62
6703,401;57
6704,401;3060
6705,401;8031
6706,401;60
6707,401;59
6708,401;65
6709,401;72
6710,401;3017
6711,401;8140
6712,401;53
6713,401;55
6714,401;64
6715,401;64
6716,401;3007
6717,401;8137
6718,401;48
6719,401;64
6720,401;58
6721,401;65
6722,401;3034
6723,401;8132
6724,401;76
6725,401;64
6726,401;67
6727,401;65
6728,401;3021
6729,401;8124
6730,401;49
6731,401;61
6732,401;65
6733,401;67
6734,401;3030
6735,401;8172
6736,401;82
6737,401;59
6738,401;65
6739,401;64
6740,401;3013
6741,401;8134
6742,401;67
6743,401;62
6744,401;63
6745,401;61
6746,401;3014
6747,401;8140
6748,401;66
6749,401;64
6750,401;66
6751,401;75
6752,401;3148
6753,401;8017
6754,401;57
6755,401;55
6756,401;80
6757,401;82
6758,401;3054
6759,401;8117
6760,401;49
6761,401;70
6762,401;66
6763,401;88
6764,401;3029
6765,401;8134
6766,401;56
6767,401;83
6768,401;67
6769,401;59
6769,929;3148
6770,929;8047
6771,929;68
6772,929;64
6773,929;76
6774,929;65
6775,929;2999
6776,929;8164
6777,929;69
6778,929;76
6779,929;75
6780,929;75
6781,929;2997
6782,929;8150
6783,929;57
6784,929;72
6785,929;88
6786,929;67
6787,929;3045
6788,929;8117
6789,929;60
6790,929;75
6791,929;82
6792,929;64
6793,929;2988
6794,929;8147
6795,929;65
6796,929;72
6797,929;72
6798,929;78
6799,929;3026
6800,929;8143
6801,929;63
6802,929;68
6803,929;74
6804,929;66
6805,929;2989
6806,929;8151
6807,929;63
6808,929;73
6809,929;77
6810,929;97
6811,929;2999
6812,929;8130
6813,929;63
6814,929;58
6815,929;66
6816,929;60
6817,929;3053
6818,929;8078
6819,929;65
6820,929;70
6821,929;69
6822,929;70
6823,929;2999
6824,929;8150
6825,929;66
6826,929;69
6827,929;86
6828,929;86
6829,929;3007
6830,929;8156
6831,929;55
6832,929;69
6833,929;74
6834,929;82
6835,929;2996
6836,929;8166
6837,929;63
6838,929;75
6839,929;67
6840,929;66
6841,929;2980
6842,929;8176
6843,929;83
6844,929;71
6845,929;75
6846,929;60
6847,929;2987
6848,929;8174
6849,929;46
6850,929;67
6851,929;73
6852,929;73
6853,929;2990
6854,929;8180
6855,929;79
6856,929;73
6857,929;53
6858,929;67
6859,929;2950
6860,929;8163
6861,929;63
6862,929;63
6863,929;65
6864,929;67
6865,929;3011
6866,929;8156
6867,929;77
6868,929;82
6869,929;89
6871,059;66
6872,059;2999
6873,059;8168
6874,059;75
6875,059;67
6876,059;74
6877,059;74
6878,059;2998
6879,059;8156
6880,059;63
6881,059;57
6882,059;62
6883,059;67
6884,059;2989
6885,059;8154
6886,059;50
6887,059;61
6888,059;73
6889,059;81
6890,059;2971
6891,059;8203
6892,059;64
6893,059;65
6894,059;61
6895,059;96
6896,059;3007
6897,059;8167
6898,059;67
6899,059;54
6900,059;60
6901,059;71
6902,059;2972
6903,059;8165
6904,059;64
6905,059;65
6906,059;79
6907,059;65
6908,059;2965
6909,059;8173
6910,059;69
6911,059;62
6912,059;87
6913,059;90
6914,059;2962
6915,059;8174
6916,059;58
6917,059;78
6918,059;64
6919,059;73
6920,059;2976
6921,059;8167
6922,059;66
6923,059;60
6924,059;81
6925,059;68
6926,059;3004
6927,059;8177
6928,059;62
6929,059;71
6930,059;59
6931,059;67
6932,059;2978
6933,059;8185
6934,059;57
6935,059;62
6936,059;56
6937,059;69
6938,059;2981
6939,059;8176
6940,059;59
6941,059;70
6942,059;58
6943,059;50
6944,059;2982
6945,059;8164
6946,059;69
6947,059;64
6948,059;64
6949,059;82
6950,059;2965
6951,059;8163
6952,059;61
6953,059;81
6954,059;89
6955,059;81
6956,059;2959
6957,059;8170
6958,059;68
6959,059;60
6960,059;73
6961,059;64
6962,059;2940
6963,059;8188
6964,059;53
6965,059;72
6966,059;54
6967,059;61
6968,059;2971
6969,059;8208
6970,059;56
6971,059;76
6972,313;51
6973,313;77
6974,313;3019
6975,313;8129
6976,313;71
6977,313;74
6978,313;72
6979,313;78
6980,313;2963
6981,313;8179
6982,313;61
6983,313;52
6984,313;60
6985,313;70
6986,313;2949
6987,313;8167
6988,313;60
6989,313;57
6990,313;62
6991,313;55
6992,313;2977
6993,313;8199
6994,313;71
6995,313;68
6996,313;62
6997,313;80
6998,313;2945
6999,313;8154
7000,313;68
7001,313;71
7002,313;49
7003,313;63
7004,313;2955
7005,313;8149
7006,313;64
7007,313;58
7008,313;52
7009,313;74
7010,313;2586
7011,313;8210
7012,313;66
7013,313;45
7014,313;69
7015,313;60
7016,313;2885
7017,313;8185
7018,313;59
7019,313;69
7020,313;54
7021,313;89
7022,313;2925
7023,313;8176
7024,313;72
7025,313;73
7026,313;53
7027,313;59
7028,313;2941
7029,313;8212
7030,313;62
7031,313;65
7032,313;60
7033,313;63
7034,313;2952
7035,313;8200
7036,313;74
7037,313;67
7038,313;63
7039,313;73
7040,313;2941
7041,313;8168
7042,313;68
7043,313;46
7044,313;81
7045,313;67
7046,313;2948
7047,313;8177
7048,313;64
7049,313;58
7050,313;69
7051,313;60
7052,313;2941
7053,313;8163
7054,313;77
7055,313;67
7056,313;68
7057,313;78
7058,313;2951
7059,313;8187
7060,313;72
7061,313;72
7062,313;56
7063,313;62
7064,313;2946
7065,313;8197
7066,313;67
7067,313;69
7068,313;60
7069,313;73
7070,313;2917
7071,313;8200
7072,313;69
7072,941;64
7073,941;69
7074,941;83
7075,941;2935
7076,941;8181
7077,941;75
7078,941;54
7079,941;64
7080,941;79
7081,941;2940
7082,941;8228
7083,941;53
7084,941;53
7085,941;67
7086,941;82
7087,941;2954
7088,941;8199
7089,941;62
7090,941;69
7091,941;65
7092,941;67
7093,941;2949
7094,941;8185
7095,941;77
7096,941;71
7097,941;73
7098,941;69
7099,941;3080
7100,941;8088
7101,941;66
7102,941;70
7103,941;74
7104,941;79
7105,941;2952
7106,941;8204
7107,941;54
7108,941;76
7109,941;77
7110,941;79
7111,941;2947
7112,941;8196
7113,941;65
7114,941;61
7115,941;79
7116,941;65
7117,941;2950
7118,941;8193
7119,941;59
7120,941;63
7121,941;56
7122,941;87
7123,941;2944
7124,941;8211
7125,941;73
7126,941;88
7127,941;71
7128,941;76
7129,941;2937
7130,941;8195
7131,941;55
7132,941;69
7133,941;87
7134,941;67
7135,941;2948
7136,941;8217
7137,941;74
7138,941;54
7139,941;60
7140,941;68
7141,941;2960
7142,941;8216
7143,941;67
7144,941;70
7145,941;63
7146,941;71
7147,941;2938
7148,941;8199
7149,941;63
7150,941;73
7151,941;62
7152,941;71
7153,941;3019
7154,941;8126
7155,941;67
7156,941;74
7157,941;63
7158,941;70
7159,941;2945
7160,941;8183
7161,941;60
7162,941;49
7163,941;63
7164,941;65
7165,941;2947
7166,941;8194
7167,941;71
7168,941;69
7169,941;68
7170,941;82
7171,941;2938
7172,941;8215
7173,941;71
7174,941;71
7175,941;76
7176,941;69
7177,941;2936
7178,941;8227
7179,941;63
7180,941;68
7181,941;58
7182,941;66
7183,941;2944
7184,941;8226
7185,941;57
7186,941;69
7187,941;68
7188,941;79
7189,941;2926
7190,941;8202
7191,941;68
7192,941;76
7193,941;64
7194,941;81
7195,941;2934
7196,941;8221
7197,941;57
7198,941;72
7199,941;65
7200,941;76
7201,941;2934
7202,941;8242
7203,941;68
7204,941;58
7205,941;74
7206,941;78
7207,941;2941
7208,941;8217
7209,941;71
7210,941;73
7211,941;75
7212,941;86
7213,941;2919
7214,941;8242
7215,941;56
7216,941;77
7217,941;79
7218,941;85
7219,941;2943
7220,941;8227
7221,941;80
7222,941;61
7223,941;64
7224,941;82
7225,941;2937
7226,941;8217
7227,941;64
7228,941;74
7229,941;67
7230,941;76
7231,941;2934
7232,941;8209
7233,941;65
7234,941;57
7235,941;73
7236,941;61
7237,941;2945
7238,941;8230
7239,941;62
7240,941;71
7241,941;72
7242,941;58
7243,941;2941
7244,941;8211
7245,941;61
7246,941;53
7247,941;71
7248,941;64
7249,941;3046
7250,941;8142
7251,941;76
7252,941;65
7253,941;79
7254,941;79
7255,941;2947
7256,941;8206
7257,941;68
7258,941;62
7259,941;70
7260,941;84
7261,941;2934
7262,941;8228
7263,941;56
7264,941;70
7265,941;71
7266,941;71
7267,941;2946
7268,941;8210
7269,941;61
7270,941;67
7271,941;79
7272,941;52
7273,941;2951
7275,376;8224
7276,376;60
7277,376;69
7278,376;79
7279,376;51
7280,376;2935
7281,376;8211
7282,376;63
7283,376;70
7284,376;69
7285,376;60
7286,376;2947
7287,376;8249
7288,376;56
7289,376;58
7290,376;72
7291,376;72
7292,376;2922
7293,376;8216
7294,376;64
7295,376;70
7296,376;63
7297,376;75
7298,376;2926
7299,376;8218
7300,376;68
7301,376;80
7302,376;64
7303,376;69
7304,376;2946
7305,376;8230
7306,376;59
7307,376;46
7308,376;67
7309,376;71
7310,376;2911
7311,376;8245
7312,376;60
7313,376;78
7314,376;53
7315,376;66
7316,376;2974
7317,376;8152
7318,376;56
7319,376;47
7320,376;59
7321,376;54
7322,376;2524
7323,376;8280
7324,376;65
7325,376;54
7326,376;61
7327,376;55
7328,376;2866
7329,376;8233
7330,376;60
7331,376;59
7332,376;73
7333,376;42
7334,376;2893
7335,376;8253
7336,376;56
7337,376;68
7338,376;62
7339,376;67
7340,376;2915
7341,376;8231
7342,376;55
7343,376;60
7344,376;67
7345,376;59
7346,376;2994
7347,376;8179
7348,376;51
7349,376;71
7350,376;73
7351,376;77
7352,376;2912
7353,376;8224
7354,376;69
7355,376;52
7356,376;66
7357,376;68
7358,376;3026
7359,376;8146
7360,376;56
7361,376;80
7362,376;82
7363,376;63
7364,376;2927
7365,376;8229
7366,376;66
7367,376;63
7368,376;70
7369,376;68
7370,376;2920
7371,376;8232
7372,376;62
7373,376;64
7374,376;65
7375,376;59
7375,919;2963
7376,919;8207
7377,919;52
7378,919;73
7379,919;68
7380,919;61
7381,919;2891
7382,919;8241
7383,919;49
7384,919;65
7385,919;77
7386,919;84
7387,919;2914
7388,919;8239
7389,919;63
7390,919;70
7391,919;68
7392,919;61
7393,919;2888
7394,919;8247
7395,919;76
7396,919;74
7397,919;57
7398,919;77
7399,919;2902
7400,919;8256
7401,919;70
7402,919;85
7403,919;64
7404,919;72
7405,919;2916
7406,919;8257
7407,919;63
7408,919;68
7409,919;79
7410,919;83
7411,919;2901
7412,919;8270
7413,919;69
7414,919;64
7415,919;80
7416,919;82
7417,919;2897
7418,919;8258
7419,919;56
7420,919;64
7421,919;79
7422,919;76
7423,919;2906
7424,919;8234
7425,919;68
7426,919;76
7427,919;75
7428,919;87
7429,919;2894
7430,919;8277
7431,919;65
7432,919;62
7433,919;64
7434,919;72
7435,919;2899
7436,919;8260
7437,919;76
7438,919;62
7439,919;66
7440,919;85
7441,919;2900
7442,919;8249
7443,919;67
7444,919;62
7445,919;60
7446,919;67
7447,919;2984
7448,919;8222
7449,919;75
7450,919;81
7451,919;61
7452,919;76
7453,919;2895
7454,919;8251
7455,919;54
7456,919;65
7457,919;85
7458,919;67
7459,919;2890
7460,919;8237
7461,919;73
7462,919;68
7463,919;72
7464,919;74
7465,919;2967
7466,919;8205
7467,919;61
7468,919;74
7469,919;70
7470,919;66
7471,919;2882
7472,919;8242
7473,919;68
7474,919;69
7475,919;67
7476,969;66
7477,969;2915
7478,969;8268
7479,969;76
7480,969;62
7481,969;65
7482,969;62
7483,969;2892
7484,969;8247
7485,969;78
7486,969;65
7487,969;67
7488,969;83
7489,969;2892
7490,969;8242
7491,969;73
7492,969;70
7493,969;94
7494,969;72
7495,969;2886
7496,969;8262
7497,969;70
7498,969;83
7499,969;70
7500,969;79
7501,969;2860
7502,969;8226
7503,969;75
7504,969;74
7505,969;68
7506,969;85
7507,969;2880
7508,969;8256
7509,969;60
7510,969;66
7511,969;51
7512,969;77
7513,969;2886
7514,969;8251
7515,969;77
7516,969;49
7517,969;59
7518,969;70
7519,969;2880
7520,969;8254
7521,969;49
7522,969;79
7523,969;67
7524,969;63
7525,969;2902
7526,969;8248
7527,969;61
7528,969;69
7529,969;72
7530,969;75
7531,969;2887
7532,969;8266
7533,969;58
7534,969;63
7535,969;59
7536,969;67
7537,969;2896
7538,969;8248
7539,969;59
7540,969;67
7541,969;65
7542,969;48
7543,969;2865
7544,969;8282
7545,969;63
7546,969;74
7547,969;70
7548,969;75
7549,969;2996
7550,969;8150
7551,969;68
7552,969;81
7553,969;67
7554,969;59
7555,969;2859
7556,969;8277
7557,969;60
7558,969;73
7559,969;67
7560,969;67
7561,969;2866
7562,969;8266
7563,969;70
7564,969;62
7565,969;73
7566,969;67
7567,969;2888
7568,969;8267
7569,969;48
7570,969;78
7571,969;64
7572,969;56
7573,969;2852
7574,969;8257
7575,969;69
7576,969;60
7577,236;58
7578,236;78
7579,236;2833
7580,236;8285
7581,236;60
7582,236;49
7583,236;67
7584,236;52
7585,236;2870
7586,236;8214
7587,236;62
7588,236;78
7589,236;75
7590,236;62
7591,236;2916
7592,236;8232
7593,236;74
7594,236;75
7595,236;66
7596,236;62
7597,236;2853
7598,236;8293
7599,236;72
7600,236;77
7601,236;70
7602,236;76
7603,236;2830
7604,236;8281
7605,236;48
7606,236;60
7607,236;60
7608,236;75
7609,236;2852
7610,236;8254
7611,236;62
7612,236;56
7613,236;67
7614,236;85
7615,236;2868
7616,236;8249
7617,236;57
7618,236;68
7619,236;68
7620,236;67
7621,236;2869
7622,236;8274
7623,236;64
7624,236;61
7625,236;61
7626,236;63
7627,236;2864
7628,236;8286
7629,236;50
7630,236;65
7631,236;72
7632,236;66
7633,236;2464
7634,236;8304
7635,236;59
7636,236;62
7637,236;49
7638,236;58
7639,236;2784
7640,236;8292
7641,236;63
7642,236;64
7643,236;61
7644,236;63
7645,236;2849
7646,236;8272
7647,236;47
7648,236;93
7649,236;70
7650,236;62
7651,236;2847
7652,236;8293
7653,236;62
7654,236;53
7655,236;63
7656,236;77
7657,236;2974
7658,236;8167
7659,236;65
7660,236;67
7661,236;64
7662,236;56
7663,236;2851
7664,236;8288
7665,236;61
7666,236;62
7667,236;81
7668,236;73
7669,236;2893
7670,236;8228
7671,236;54
7672,236;65
7673,236;60
7674,236;48
7675,236;2844
7676,236;8280
7677,236;68
7678,236;70
7679,236;69
7680,236;68
7681,236;2836
7682,236;8260
7683,236;80
7684,236;85
7685,236;58
7686,236;72
7687,236;2851
7688,236;8309
7689,236;62
7690,236;71
7691,236;72
7692,236;74
7693,236;2859
7694,236;8267
7695,236;48
7696,236;70
7697,236;53
7698,236;71
7699,236;2832
7700,236;8285
7701,236;74
7702,236;64
7703,236;80
7704,236;65
7705,236;2829
7706,236;8312
7707,236;75
7708,236;61
7709,236;75
7710,236;51
7711,236;2858
7712,236;8278
7713,236;62
7714,236;55
7715,236;53
7716,236;72
7717,236;2850
7718,236;8309
7719,236;62
7720,236;66
7721,236;66
7722,236;63
7723,236;2842
7724,236;8294
7725,236;67
7726,236;52
7727,236;82
7728,236;74
7729,236;2841
7730,236;8280
7731,236;70
7732,236;52
7733,236;70
7734,236;68
7735,236;2860
7736,236;8304
7737,236;71
7738,236;69
7739,236;72
7740,236;77
7741,236;2895
7742,236;8256
7743,236;67
7744,236;85
7745,236;65
7746,236;69
7747,236;2844
7748,236;8296
7749,236;66
7750,236;62
7751,236;70
7752,236;70
7753,236;2847
7754,236;8290
7755,236;67
7756,236;73
7757,236;83
7758,236;62
7759,236;2851
7760,236;8289
7761,236;67
7762,236;60
7763,236;60
7764,236;68
7765,236;2820
7766,236;8316
7767,236;68
7768,236;64
7769,236;64
7770,236;82
7771,236;2834
7772,236;8320
7773,236;68
7774,236;75
7775,236;69
7776,236;69
7777,236;2836
7778,236;8314
7780,334;70
7781,334;61
7782,334;78
7783,334;74
7784,334;2855
7785,334;8267
7786,334;67
7787,334;59
7788,334;65
7789,334;75
7790,334;2847
7791,334;8302
7792,334;64
7793,334;62
7794,334;80
7795,334;60
7796,334;2919
7797,334;8236
7798,334;76
7799,334;68
7800,334;67
7801,334;75
7802,334;2836
7803,334;8294
7804,334;68
7805,334;66
7806,334;75
7807,334;75
7808,334;2843
7809,334;8340
7810,334;74
7811,334;65
7812,334;76
7813,334;93
7814,334;2863
7815,334;8316
7816,334;68
7817,334;72
7818,334;67
7819,334;57
7820,334;2837
7821,334;8302
7822,334;81
7823,334;73
7824,334;76
7825,334;62
7826,334;2845
7827,334;8312
7828,334;62
7829,334;64
7830,334;72
7831,334;68
7832,334;2839
7833,334;8303
7834,334;64
7835,334;82
7836,334;62
7837,334;64
7838,334;2836
7839,334;8299
7840,334;58
7841,334;63
7842,334;74
7843,334;73
7844,334;2841
7845,334;8288
7846,334;72
7847,334;77
7848,334;84
7849,334;66
7850,334;2854
7851,334;8302
7852,334;73
7853,334;56
7854,334;67
7855,334;66
7856,334;2847
7857,334;8296
7858,334;78
7859,334;78
7860,334;72
7861,334;74
7862,334;2832
7863,334;8306
7864,334;77
7865,334;73
7866,334;58
7867,334;76
7868,334;2851
7869,334;8298
7870,334;68
7871,334;82
7872,334;74
7873,334;78
7874,334;2843
7875,334;8300
7876,334;71
7877,334;80
7878,334;55
7879,334;72
7880,334;2919
7880,891;8252
7881,891;72
7882,891;70
7883,891;79
7884,891;75
7885,891;2861
7886,891;8325
7887,891;58
7888,891;63
7889,891;77
7890,891;73
7891,891;2816
7892,891;8341
7893,891;61
7894,891;58
7895,891;69
7896,891;71
7897,891;2859
7898,891;8331
7899,891;74
7900,891;62
7901,891;88
7902,891;77
7903,891;2846
7904,891;8306
7905,891;64
7906,891;67
7907,891;59
7908,891;77
7909,891;2830
7910,891;8331
7911,891;67
7912,891;79
7913,891;64
7914,891;70
7915,891;2847
7916,891;8328
7917,891;56
7918,891;55
7919,891;75
7920,891;60
7921,891;2833
7922,891;8322
7923,891;67
7924,891;60
7925,891;66
7926,891;80
7927,891;2848
7928,891;8325
7929,891;51
7930,891;70
7931,891;68
7932,891;71
7933,891;2830
7934,891;8303
7935,891;67
7936,891;65
7937,891;75
7938,891;68
7939,891;2829
7940,891;8317
7941,891;50
7942,891;61
7943,891;70
7944,891;63
7945,891;2424
7946,891;8378
7947,891;52
7948,891;57
7949,891;60
7950,891;63
7951,891;2768
7952,891;8336
7953,891;69
7954,891;46
7955,891;68
7956,891;59
7957,891;2836
7958,891;8341
7959,891;63
7960,891;61
7961,891;66
7962,891;70
7963,891;2813
7964,891;8323
7965,891;62
7966,891;63
7967,891;82
7968,891;84
7969,891;2831
7970,891;8353
7971,891;59
7972,891;77
7973,891;53
7974,891;80
7975,891;2966
7976,891;8211
7977,891;46
7978,891;68
7979,891;61
7980,891;63
7981,823;2936
7982,823;8210
7983,823;59
7984,823;72
7985,823;82
7986,823;67
7987,823;2822
7988,823;8335
7989,823;63
7990,823;58
7991,823;69
7992,823;73
7993,823;2835
7994,823;8323
7995,823;67
7996,823;79
7997,823;64
7998,823;60
7999,823;2832
8000,823;8326
8001,823;80
8002,823;60
8003,823;72
8004,823;82
8005,823;2824
8006,823;8307
8007,823;71
8008,823;71
8009,823;68
8010,823;71
8011,823;2911
8012,823;8253
8013,823;70
8014,823;78
8015,823;59
8016,823;82
8017,823;2842
8018,823;8355
8019,823;71
8020,823;67
8021,823;65
8022,823;60
8023,823;2833
8024,823;8339
8025,823;71
8026,823;78
8027,823;76
8028,823;76
8029,823;2822
8030,823;8334
8031,823;58
8032,823;58
8033,823;64
8034,823;68
8035,823;2834
8036,823;8341
8037,823;58
8038,823;82
8039,823;80
8040,823;69
8041,823;2796
8042,823;8332
8043,823;65
8044,823;65
8045,823;73
8046,823;67
8047,823;2919
8048,823;8213
8049,823;77
8050,823;77
8051,823;74
8052,823;93
8053,823;2831
8054,823;8314
8055,823;64
8056,823;84
8057,823;69
8058,823;69
8059,823;2880
8060,823;8250
8061,823;63
8062,823;65
8063,823;76
8064,823;81
8065,823;2808
8066,823;8335
8067,823;59
8068,823;81
8069,823;74
8070,823;64
8071,823;2808
8072,823;8361
8073,823;77
8074,823;77
8075,823;73
8076,823;79
8077,823;2808
8078,823;8374
8079,823;62
8080,823;68
8081,823;83
8083,148;64
8084,148;2807
8085,148;8374
8086,148;64
8087,148;67
8088,148;64
8089,148;78
8090,148;2794
8091,148;8359
8092,148;66
8093,148;59
8094,148;64
8095,148;79
8096,148;2799
8097,148;8335
8098,148;65
8099,148;60
8100,148;77
8101,148;72
8102,148;2787
8103,148;8356
8104,148;67
8105,148;62
8106,148;56
8107,148;77
8108,148;2791
8109,148;8358
8110,148;68
8111,148;64
8112,148;78
8113,148;48
8114,148;2776
8115,148;8385
8116,148;51
8117,148;70
8118,148;72
8119,148;83
8120,148;2795
8121,148;8339
8122,148;50
8123,148;75
8124,148;70
8125,148;71
8126,148;2795
8127,148;8341
8128,148;63
8129,148;58
8130,148;75
8131,148;65
8132,148;2828
8133,148;8320
8134,148;72
8135,148;63
8136,148;63
8137,148;72
8138,148;2784
8139,148;8342
8140,148;58
8141,148;70
8142,148;86
8143,148;86
8144,148;2774
8145,148;8368
8146,148;57
8147,148;70
8148,148;71
8149,148;73
8150,148;2793
8151,148;8365
8152,148;46
8153,148;55
8154,148;73
8155,148;67
8156,148;2808
8157,148;8350
8158,148;72
8159,148;63
8160,148;75
8161,148;83
8162,148;2770
8163,148;8357
8164,148;60
8165,148;59
8166,148;61
8167,148;67
8168,148;2786
8169,148;8360
8170,148;57
8171,148;64
8172,148;77
8173,148;68
8174,148;2785
8175,148;8348
8176,148;75
8177,148;49
8178,148;56
8179,148;63
8180,148;2763
8181,148;8396
8182,148;54
8183,148;61
8184,148;81
8185,148;68
8186,148;2909
8187,148;8240
8188,148;57
8189,148;69
8190,148;59
8191,148;56
8192,148;2874
8193,148;8274
8194,148;53
8195,148;71
8196,148;76
8197,148;73
8198,148;2785
8199,148;8357
8200,148;64
8201,148;52
8202,148;59
8203,148;52
8204,148;2778
8205,148;8358
8206,148;63
8207,148;73
8208,148;74
8209,148;70
8210,148;2766
8211,148;8344
8212,148;56
8213,148;62
8214,148;66
8215,148;68
8216,148;2751
8217,148;8397
8218,148;66
8219,148;76
8220,148;60
8221,148;80
8222,148;2753
8223,148;8355
8224,148;49
8225,148;65
8226,148;59
8227,148;63
8228,148;2749
8229,148;8348
8230,148;61
8231,148;61
8232,148;68
8233,148;63
8234,148;2766
8235,148;8379
8236,148;68
8237,148;75
8238,148;68
8239,148;33
8240,148;2754
8241,148;8371
8242,148;51
8243,148;74
8244,148;57
8245,148;74
8246,148;2785
8247,148;8390
8248,148;59
8249,148;70
8250,148;71
8251,148;74
8252,148;2759
8253,148;8355
8254,148;44
8255,148;74
8256,148;53
8257,148;69
8258,148;2374
8259,148;8395
8260,148;58
8261,148;61
8262,148;72
8263,148;72
8264,148;2673
8265,148;8366
8266,148;47
8267,148;56
8268,148;60
8269,148;63
8270,148;2748
8271,148;8384
8272,148;56
8273,148;71
8274,148;52
8275,148;67
8276,148;2749
8277,148;8366
8278,148;69
8279,148;77
8280,148;61
8281,148;68
8282,148;2758
8283,148;8403
8284,148;66
8284,527;67
8285,527;61
8286,527;58
8287,527;2743
8288,527;8393
8289,527;66
8290,527;76
8291,527;55
8292,527;66
8293,527;2748
8294,527;8359
8295,527;66
8296,527;56
8297,527;70
8298,527;65
8299,527;2735
8300,527;8396
8301,527;76
8302,527;66
8303,527;66
8304,527;67
8305,527;2736
8306,527;8366
8307,527;64
8308,527;63
8309,527;55
8310,527;58
8311,527;2800
8312,527;8330
8313,527;62
8314,527;67
8315,527;74
8316,527;72
8317,527;2740
8318,527;8375
8319,527;70
8320,527;54
8321,527;63
8322,527;58
8323,527;2789
8324,527;8338
8325,527;56
8326,527;59
8327,527;61
8328,527;57
8329,527;2725
8330,527;8384
8331,527;60
8332,527;78
8333,527;70
8334,527;72
8335,527;2765
8336,527;8364
8337,527;67
8338,527;61
8339,527;64
8340,527;77
8341,527;2733
8342,527;8395
8343,527;63
8344,527;64
8345,527;61
8346,527;62
8347,527;2851
8348,527;8312
8349,527;59
8350,527;77
8351,527;49
8352,527;72
8353,527;2743
8354,527;8379
8355,527;67
8356,527;71
8357,527;79
8358,527;71
8359,527;2745
8360,527;8383
8361,527;61
8362,527;71
8363,527;59
8364,527;67
8365,527;2840
8366,527;8288
8367,527;66
8368,527;61
8369,527;62
8370,527;71
8371,527;2753
8372,527;8417
8373,527;65
8374,527;61
8375,527;77
8376,527;81
8377,527;2759
8378,527;8395
8379,527;70
8380,527;67
8381,527;77
8382,527;70
8383,527;2740
8384,527;8421
8386,09;71
8387,09;78
8388,09;66
8389,09;64
8390,09;2759
8391,09;8379
8392,09;63
8393,09;64
8394,09;68
8395,09;68
8396,09;2736
8397,09;8393
8398,09;59
8399,09;64
8400,09;69
8401,09;78
8402,09;2749
8403,09;8406
8404,09;72
8405,09;68
8406,09;82
8407,09;64
8408,09;2762
8409,09;8390
8410,09;83
8411,09;61
8412,09;58
8413,09;72
8414,09;2746
8415,09;8406
8416,09;80
8417,09;74
8418,09;81
8419,09;84
8420,09;2748
8421,09;8409
8422,09;68
8423,09;53
8424,09;67
8425,09;73
8426,09;2749
8427,09;8412
8428,09;84
8429,09;71
8430,09;74
8431,09;82
8432,09;2737
8433,09;8421
8434,09;76
8435,09;73
8436,09;69
8437,09;67
8438,09;2742
8439,09;8396
8440,09;69
8441,09;68
8442,09;74
8443,09;61
8444,09;2717
8445,09;8407
8446,09;53
8447,09;73
8448,09;70
8449,09;51
8450,09;2739
8451,09;8417
8452,09;57
8453,09;71
8454,09;77
8455,09;70
8456,09;2737
8457,09;8410
8458,09;75
8459,09;56
8460,09;70
8461,09;87
8462,09;2732
8463,09;8393
8464,09;79
8465,09;69
8466,09;61
8467,09;50
8468,09;2729
8469,09;8412
8470,09;68
8471,09;83
8472,09;62
8473,09;64
8474,09;2737
8475,09;8408
8476,09;59
8477,09;66
8478,09;70
8479,09;69
8480,09;2755
8481,09;8390
8482,09;72
8483,09;66
8484,09;74
8485,09;70
8486,09;2752
8486,689;8433
8487,689;53
8488,689;66
8489,689;68
8490,689;78
8491,689;2739
8492,689;8427
8493,689;60
8494,689;69
8495,689;63
8496,689;77
8497,689;2748
8498,689;8430
8499,689;56
8500,689;75
8501,689;94
8502,689;85
8503,689;2754
8504,689;8413
8505,689;68
8506,689;57
8507,689;73
8508,689;95
8509,689;2752
8510,689;8434
8511,689;85
8512,689;68
8513,689;62
8514,689;77
8515,689;2736
8516,689;8423
8517,689;64
8518,689;80
8519,689;81
8520,689;79
8521,689;2754
8522,689;8442
8523,689;63
8524,689;81
8525,689;78
8526,689;66
8527,689;2757
8528,689;8403
8529,689;62
8530,689;60
8531,689;71
8532,689;74
8533,689;2725
8534,689;8406
8535,689;60
8536,689;77
8537,689;65
8538,689;66
8539,689;2740
8540,689;8395
8541,689;59
8542,689;79
8543,689;65
8544,689;76
8545,689;2748
8546,689;8400
8547,689;73
8548,689;69
8549,689;52
8550,689;67
8551,689;2750
8552,689;8431
8553,689;58
8554,689;76
8555,689;66
8556,689;75
8557,689;2763
8558,689;8403
8559,689;68
8560,689;63
8561,689;56
8562,689;59
8563,689;2702
8564,689;8434
8565,689;60
8566,689;68
8567,689;66
8568,689;76
8569,689;2358
8570,689;8459
8571,689;60
8572,689;55
8573,689;71
8574,689;77
8575,689;2683
8576,689;8389
8577,689;88
8578,689;77
8579,689;63
8580,689;60
8581,689;2700
8582,689;8413
8583,689;58
8584,689;56
8585,689;59
8586,689;57
8588,517;2869
8589,517;8322
8590,517;68
8591,517;71
8592,517;81
8593,517;70
8594,517;2735
8595,517;8427
8596,517;64
8597,517;68
8598,517;75
8599,517;82
8600,517;2737
8601,517;8405
8602,517;73
8603,517;53
8604,517;86
8605,517;74
8606,517;2824
8607,517;8332
8608,517;61
8609,517;86
8610,517;71
8611,517;72
8612,517;2741
8613,517;8433
8614,517;67
8615,517;74
8616,517;72
8617,517;83
8618,517;2729
8619,517;8444
8620,517;67
8621,517;65
8622,517;70
8623,517;70
8624,517;2722
8625,517;8433
8626,517;56
8627,517;75
8628,517;79
8629,517;87
8630,517;2745
8631,517;8453
8632,517;66
8633,517;54
8634,517;68
8635,517;61
8636,517;2735
8637,517;8444
8638,517;74
8639,517;68
8640,517;61
8641,517;65
8642,517;2729
8643,517;8426
8644,517;60
8645,517;62
8646,517;61
8647,517;78
8648,517;2707
8649,517;8434
8650,517;60
8651,517;62
8652,517;64
8653,517;85
8654,517;2725
8655,517;8419
8656,517;59
8657,517;64
8658,517;65
8659,517;67
8660,517;2730
8661,517;8402
8662,517;77
8663,517;74
8664,517;67
8665,517;70
8666,517;2750
8667,517;8443
8668,517;58
8669,517;69
8670,517;73
8671,517;79
8672,517;2707
8673,517;8448
8674,517;60
8675,517;76
8676,517;77
8677,517;75
8678,517;2716
8679,517;8441
8680,517;68
8681,517;61
8682,517;71
8683,517;66
8684,517;2684
8685,517;8411
8686,517;62
8687,517;62
8688,517;77
8688,517;83
8689,517;2704
8690,517;8447
8691,517;53
8692,517;66
8693,517;76
8694,517;79
8695,517;2730
8696,517;8442
8697,517;60
8698,517;81
8699,517;74
8700,517;69
8701,517;2691
8702,517;8445
8703,517;54
8704,517;55
8705,517;75
8706,517;86
8707,517;2714
8708,517;8449
8709,517;57
8710,517;75
8711,517;64
8712,517;80
8713,517;2685
8714,517;8426
8715,517;61
8716,517;71
8717,517;62
8718,517;87
8719,517;2701
8720,517;8435
8721,517;58
8722,517;80
8723,517;70
8724,517;81
8725,517;2702
8726,517;8475
8727,517;73
8728,517;65
8729,517;66
8730,517;85
8731,517;2708
8732,517;8478
8733,517;63
8734,517;60
8735,517;56
8736,517;69
8737,517;2707
8738,517;8425
8739,517;71
8740,517;68
8741,517;56
8742,517;89
8743,517;2773
8744,517;8378
8745,517;80
8746,517;68
8747,517;77
8748,517;74
8749,517;2686
8750,517;8459
8751,517;55
8752,517;73
8753,517;79
8754,517;69
8755,517;2693
8756,517;8440
8757,517;63
8758,517;64
8759,517;68
8760,517;70
8761,517;2672
8762,517;8449
8763,517;62
8764,517;69
8765,517;66
8766,517;81
8767,517;2686
8768,517;8443
8769,517;70
8770,517;67
8771,517;53
8772,517;68
8773,517;2692
8774,517;8452
8775,517;67
8776,517;57
8777,517;81
8778,517;69
8779,517;2676
8780,517;8447
8781,517;70
8782,517;64
8783,517;81
8784,517;88
8785,517;2688
8786,517;8464
8787,517;58
8788,517;73
8790,351;61
8791,351;86
8792,351;2700
8793,351;8460
8794,351;80
8795,351;62
8796,351;85
8797,351;71
8798,351;2674
8799,351;8476
8800,351;56
8801,351;62
8802,351;65
8803,351;72
8804,351;2660
8805,351;8457
8806,351;55
8807,351;71
8808,351;63
8809,351;63
8810,351;2692
8811,351;8463
8812,351;71
8813,351;63
8814,351;64
8815,351;77
8816,351;2668
8817,351;8465
8818,351;69
8819,351;59
8820,351;62
8821,351;62
8822,351;2680
8823,351;8477
8824,351;56
8825,351;66
8826,351;82
8827,351;88
8828,351;2686
8829,351;8438
8830,351;50
8831,351;73
8832,351;75
8833,351;62
8834,351;2663
8835,351;8432
8836,351;61
8837,351;68
8838,351;74
8839,351;64
8840,351;2664
8841,351;8465
8842,351;63
8843,351;59
8844,351;67
8845,351;60
8846,351;2684
8847,351;8478
8848,351;64
8849,351;61
8850,351;63
8851,351;61
8852,351;2675
8853,351;8452
8854,351;60
8855,351;71
8856,351;42
8857,351;76
8858,351;2666
8859,351;8484
8860,351;56
8861,351;65
8862,351;67
8863,351;66
8864,351;2638
8865,351;8474
8866,351;52
8867,351;61
8868,351;58
8869,351;55
8870,351;2646
8871,351;8474
8872,351;67
8873,351;62
8874,351;47
8875,351;68
8876,351;2658
8877,351;8488
8878,351;49
8879,351;74
8880,351;69
8881,351;59
8882,351;2281
8883,351;8497
8884,351;37
8885,351;70
8886,351;85
8887,351;49
8888,351;2594
8889,351;8446
8890,351;52
8891,331;63
8892,331;55
8893,331;58
8894,331;2654
8895,331;8473
8896,331;67
8897,331;67
8898,331;69
8899,331;70
8900,331;2651
8901,331;8489
8902,331;74
8903,331;55
8904,331;60
8905,331;66
8906,331;2654
8907,331;8456
8908,331;54
8909,331;61
8910,331;55
8911,331;58
8912,331;2656
8913,331;8482
8914,331;58
8915,331;63
8916,331;63
8917,331;74
8918,331;2647
8919,331;8471
8920,331;64
8921,331;52
8922,331;76
8923,331;54
8924,331;2652
8925,331;8487
8926,331;63
8927,331;59
8928,331;60
8929,331;58
8930,331;2653
8931,331;8508
8932,331;95
8933,331;64
8934,331;72
8935,331;59
8936,331;2662
8937,331;8481
8938,331;83
8939,331;70
8940,331;68
8941,331;55
8942,331;2663
8943,331;8504
8944,331;67
8945,331;74
8946,331;64
8947,331;76
8948,331;2659
8949,331;8481
8950,331;67
8951,331;55
8952,331;70
8953,331;70
8954,331;2658
8955,331;8488
8956,331;56
8957,331;62
8958,331;63
8959,331;68
8960,331;2676
8961,331;8497
8962,331;70
8963,331;86
8964,331;74
8965,331;67
8966,331;2659
8967,331;8494
8968,331;60
8969,331;78
8970,331;75
8971,331;77
8972,331;2651
8973,331;8497
8974,331;65
8975,331;79
8976,331;58
8977,331;61
8978,331;2664
8979,331;8486
8980,331;67
8981,331;65
8982,331;67
8983,331;67
8984,331;2665
8985,331;8483
8986,331;58
8987,331;85
8988,331;71
8989,331;71
8990,331;2676
8991,331;8506
8992,144;73
8993,144;79
8994,144;60
8995,144;69
8996,144;2656
8997,144;8491
8998,144;65
8999,144;69
9000,144;74
9001,144;71
9002,144;2648
9003,144;8492
9004,144;67
9005,144;72
9006,144;76
9007,144;77
9008,144;2666
9009,144;8474
9010,144;64
9011,144;73
9012,144;79
9013,144;86
9014,144;2717
9015,144;8422
9016,144;69
9017,144;62
9018,144;65
9019,144;62
9020,144;2654
9021,144;8430
9022,144;52
9023,144;73
9024,144;70
9025,144;62
9026,144;2657
9027,144;8510
9028,144;59
9029,144;61
9030,144;80
9031,144;77
9032,144;2625
9033,144;8488
9034,144;67
9035,144;55
9036,144;60
9037,144;72
9038,144;2658
9039,144;8479
9040,144;76
9041,144;68
9042,144;78
9043,144;82
9044,144;2643
9045,144;8493
9046,144;64
9047,144;78
9048,144;69
9049,144;61
9050,144;2647
9051,144;8513
9052,144;78
9053,144;70
9054,144;75
9055,144;70
9056,144;2642
9057,144;8494
9058,144;65
9059,144;65
9060,144;71
9061,144;93
9062,144;2629
9063,144;8507
9064,144;75
9065,144;73
9066,144;70
9067,144;79
9068,144;2677
9069,144;8492
9070,144;66
9071,144;70
9072,144;74
9073,144;82
9074,144;2646
9075,144;8513
9076,144;70
9077,144;92
9078,144;85
9079,144;76
9080,144;2634
9081,144;8508
9082,144;53
9083,144;69
9084,144;63
9085,144;78
9086,144;2642
9087,144;8508
9088,144;80
9089,144;73
9090,144;61
9091,144;88
9092,144;2637
9093,397;8505
9094,397;80
9095,397;65
9096,397;70
9097,397;64
9098,397;2632
9099,397;8514
9100,397;79
9101,397;67
9102,397;57
9103,397;75
9104,397;2634
9105,397;8487
9106,397;66
9107,397;54
9108,397;62
9109,397;72
9110,397;2666
9111,397;8520
9112,397;65
9113,397;71
9114,397;75
9115,397;71
9116,397;2658
9117,397;8524
9118,397;64
9119,397;57
9120,397;77
9121,397;68
9122,397;2630
9123,397;8542
9124,397;64
9125,397;67
9126,397;78
9127,397;77
9128,397;2644
9129,397;8513
9130,397;61
9131,397;59
9132,397;73
9133,397;71
9134,397;2655
9135,397;8522
9136,397;72
9137,397;68
9138,397;79
9139,397;70
9140,397;2654
9141,397;8521
9142,397;66
9143,397;79
9144,397;69
9145,397;72
9146,397;2652
9147,397;8531
9148,397;66
9149,397;77
9150,397;76
9151,397;66
9152,397;2644
9153,397;8505
9154,397;60
9155,397;72
9156,397;84
9157,397;83
9158,397;2646
9159,397;8520
9160,397;75
9161,397;58
9162,397;70
9163,397;62
9164,397;2624
9165,397;8523
9166,397;68
9167,397;72
9168,397;65
9169,397;78
9170,397;2640
9171,397;8540
9172,397;58
9173,397;65
9174,397;81
9175,397;62
9176,397;2647
9177,397;8523
9178,397;56
9179,397;59
9180,397;67
9181,397;65
9182,397;2630
9183,397;8506
9184,397;57
9185,397;69
9186,397;79
9187,397;82
9188,397;2763
9189,397;8403
9190,397;54
9191,397;58
9192,397;67
9193,397;66
9192,985;2249
9193,985;8550
9194,985;61
9195,985;67
9196,985;66
9197,985;69
9198,985;2545
9199,985;8515
9200,985;58
9201,985;55
9202,985;75
9203,985;65
9204,985;2644
9205,985;8533
9206,985;75
9207,985;81
9208,985;63
9209,985;56
9210,985;2639
9211,985;8543
9212,985;69
9213,985;70
9214,985;67
9215,985;76
9216,985;2625
9217,985;8549
9218,985;67
9219,985;71
9220,985;70
9221,985;68
9222,985;2660
9223,985;8496
9224,985;48
9225,985;71
9226,985;66
9227,985;71
9228,985;2640
9229,985;8505
9230,985;74
9231,985;77
9232,985;66
9233,985;89
9234,985;2661
9235,985;8532
9236,985;77
9237,985;64
9238,985;67
9239,985;80
9240,985;2640
9241,985;8550
9242,985;62
9243,985;65
9244,985;70
9245,985;69
9246,985;2634
9247,985;8540
9248,985;70
9249,985;67
9250,985;66
9251,985;86
9252,985;2625
9253,985;8516
9254,985;69
9255,985;70
9256,985;74
9257,985;81
9258,985;2645
9259,985;8516
9260,985;64
9261,985;58
9262,985;62
9263,985;73
9264,985;2642
9265,985;8560
9266,985;78
9267,985;63
9268,985;64
9269,985;68
9270,985;2639
9271,985;8560
9272,985;75
9273,985;84
9274,985;72
9275,985;60
9276,985;2616
9277,985;8549
9278,985;76
9279,985;67
9280,985;66
9281,985;71
9282,985;2593
9283,985;8525
9284,985;68
9285,985;70
9286,985;69
9287,985;78
9288,985;2621
9289,985;8520
9290,985;76
9291,985;81
9292,985;79
9294,985;65
9295,985;2717
9296,985;8399
9297,985;79
9298,985;77
9299,985;66
9300,985;92
9301,985;2598
9302,985;8562
9303,985;66
9304,985;71
9305,985;74
9306,985;80
9307,985;2612
9308,985;8551
9309,985;75
9310,985;68
9311,985;71
9312,985;61
9313,985;2612
9314,985;8532
9315,985;53
9316,985;74
9317,985;89
9318,985;82
9319,985;2582
9320,985;8541
9321,985;64
9322,985;73
9323,985;73
9324,985;63
9325,985;2593
9326,985;8550
9327,985;62
9328,985;57
9329,985;67
9330,985;70
9331,985;2605
9332,985;8518
9333,985;65
9334,985;75
9335,985;72
9336,985;67
9337,985;2594
9338,985;8543
9339,985;57
9340,985;61
9341,985;76
9342,985;57
9343,985;2603
9344,985;8535
9345,985;72
9346,985;74
9347,985;81
9348,985;65
9349,985;2575
9350,985;8517
9351,985;71
9352,985;61
9353,985;73
9354,985;70
9355,985;2591
9356,985;8560
9357,985;57
9358,985;74
9359,985;56
9360,985;76
9361,985;2594
9362,985;8567
9363,985;57
9364,985;63
9365,985;67
9366,985;63
9367,985;2607
9368,985;8558
9369,985;63
9370,985;62
9371,985;67
9372,985;77
9373,985;2604
9374,985;8537
9375,985;59
9376,985;73
9377,985;64
9378,985;61
9379,985;2659
9380,985;8452
9381,985;75
9382,985;75
9383,985;74
9384,985;73
9385,985;2597
9386,985;8532
9387,985;59
9388,985;68
9389,985;76
9390,985;70
9391,985;2604
9392,985;8563
9393,985;75
9394,985;82
9395,317;71
9396,317;77
9397,317;2564
9398,317;8571
9399,317;69
9400,317;78
9401,317;76
9402,317;78
9403,317;2596
9404,317;8556
9405,317;58
9406,317;57
9407,317;81
9408,317;61
9409,317;2593
9410,317;8552
9411,317;57
9412,317;57
9413,317;82
9414,317;66
9415,317;2608
9416,317;8556
9417,317;65
9418,317;72
9419,317;80
9420,317;67
9421,317;2578
9422,317;8570
9423,317;67
9424,317;52
9425,317;73
9426,317;68
9427,317;2593
9428,317;8556
9429,317;72
9430,317;53
9431,317;67
9432,317;67
9433,317;2580
9434,317;8551
9435,317;74
9436,317;64
9437,317;79
9438,317;71
9439,317;2591
9440,317;8567
9441,317;58
9442,317;78
9443,317;64
9444,317;65
9445,317;2577
9446,317;8559
9447,317;70
9448,317;64
9449,317;71
9450,317;70
9451,317;2590
9452,317;8547
9453,317;61
9454,317;51
9455,317;65
9456,317;70
9457,317;2591
9458,317;8565
9459,317;60
9460,317;54
9461,317;68
9462,317;76
9463,317;2569
9464,317;8592
9465,317;52
9466,317;74
9467,317;56
9468,317;75
9469,317;2576
9470,317;8563
9471,317;66
9472,317;53
9473,317;66
9474,317;69
9475,317;2549
9476,317;8574
9477,317;60
9478,317;72
9479,317;54
9480,317;63
9481,317;2574
9482,317;8562
9483,317;54
9484,317;72
9485,317;74
9486,317;66
9487,317;2570
9488,317;8561
9489,317;55
9490,317;58
9491,317;59
9492,317;59
9493,317;2566
9494,317;8569
9495,317;55
9496,963;68
9497,963;67
9498,963;68
9499,963;2585
9500,963;8550
9501,963;52
9502,963;44
9503,963;55
9504,963;76
9505,963;2181
9506,963;8608
9507,963;64
9508,963;62
9509,963;63
9510,963;55
9511,963;2482
9512,963;8596
9513,963;61
9514,963;61
9515,963;57
9516,963;80
9517,963;2551
9518,963;8551
9519,963;52
9520,963;57
9521,963;59
9522,963;67
9523,963;2567
9524,963;8573
9525,963;55
9526,963;66
9527,963;71
9528,963;52
9529,963;2573
9530,963;8565
9531,963;69
9532,963;78
9533,963;57
9534,963;87
9535,963;2574
9536,963;8552
9537,963;63
9538,963;68
9539,963;75
9540,963;58
9541,963;2550
9542,963;8574
9543,963;57
9544,963;73
9545,963;66
9546,963;65
9547,963;2567
9548,963;8590
9549,963;60
9550,963;56
9551,963;66
9552,963;65
9553,963;2598
9554,963;8567
9555,963;58
9556,963;57
9557,963;75
9558,963;70
9559,963;2548
9560,963;8588
9561,963;62
9562,963;66
9563,963;51
9564,963;72
9565,963;2541
9566,963;8576
9567,963;73
9568,963;61
9569,963;74
9570,963;67
9571,963;2554
9572,963;8575
9573,963;82
9574,963;64
9575,963;73
9576,963;66
9577,963;2552
9578,963;8602
9579,963;74
9580,963;72
9581,963;56
9582,963;64
9583,963;2549
9584,963;8585
9585,963;62
9586,963;51
9587,963;51
9588,963;64
9589,963;2564
9590,963;8570
9591,963;62
9592,963;59
9593,963;77
9594,963;65
9595,963;2553
9596,963;8590
9601,742;59
9602,742;58
9603,742;73
9604,742;62
9605,742;2547
9606,742;8588
9607,742;62
9608,742;64
9609,742;57
9610,742;80
9611,742;2550
9612,742;8577
9613,742;71
9614,742;69
9615,742;70
9616,742;62
9617,742;2538
9618,742;8600
9619,742;70
9620,742;65
9621,742;78
9622,742;71
9623,742;2560
9624,742;8574
9625,742;60
9626,742;64
9627,742;67
9628,742;70
9629,742;2568
9630,742;8582
9631,742;62
9632,742;55
9633,742;57
9634,742;67
9635,742;2562
9636,742;8590
9637,742;69
9638,742;68
9639,742;76
9640,742;81
9641,742;2550
9642,742;8592
9643,742;67
9644,742;58
9645,742;75
9646,742;66
9647,742;2553
9648,742;8571
9649,742;71
9650,742;74
9651,742;61
9652,742;66
9653,742;2575
9654,742;8623
9655,742;62
9656,742;65
9657,742;66
9658,742;97
9659,742;2536
9660,742;8619
9661,742;52
9662,742;67
9663,742;72
9664,742;64
9665,742;2542
9666,742;8606
9667,742;66
9668,742;83
9669,742;70
9670,742;59
9671,742;2552
9672,742;8605
9673,742;62
9674,742;66
9675,742;58
9676,742;74
9677,742;2561
9678,742;8614
9679,742;74
9680,742;67
9681,742;77
9682,742;74
9683,742;2562
9684,742;8575
9685,742;78
9686,742;55
9687,742;59
9688,742;84
9689,742;2558
9690,742;8599
9691,742;76
9692,742;59
9693,742;69
9694,742;72
9695,742;2577
9696,742;8607
9697,742;66
9698,742;75
9699,742;88
9700,742;79
9701,742;2546
9698,515;8592
9699,515;67
9700,515;70
9701,515;61
9702,515;80
9703,515;2556
9704,515;8608
9705,515;71
9706,515;59
9707,515;84
9708,515;54
9709,515;2538
9710,515;8604
9711,515;63
9712,515;56
9713,515;76
9714,515;65
9715,515;2562
9716,515;8631
9717,515;68
9718,515;88
9719,515;70
9720,515;86
9721,515;2536
9722,515;8627
9723,515;74
9724,515;76
9725,515;69
9726,515;77
9727,515;2579
9728,515;8620
9729,515;78
9730,515;67
9731,515;58
9732,515;83
9733,515;2549
9734,515;8598
9735,515;70
9736,515;81
9737,515;68
9738,515;63
9739,515;2554
9740,515;8630
9741,515;64
9742,515;61
9743,515;65
9744,515;57
9745,515;2545
9746,515;8605
9747,515;71
9748,515;71
9749,515;71
9750,515;82
9751,515;2569
9752,515;8611
9753,515;58
9754,515;51
9755,515;78
9756,515;63
9757,515;2573
9758,515;8567
9759,515;71
9760,515;74
9761,515;83
9762,515;80
9763,515;2549
9764,515;8597
9765,515;93
9766,515;71
9767,515;67
9768,515;74
9769,515;2564
9770,515;8615
9771,515;76
9772,515;66
9773,515;80
9774,515;63
9775,515;2564
9776,515;8617
9777,515;53
9778,515;71
9779,515;87
9780,515;84
9781,515;2545
9782,515;8607
9783,515;71
9784,515;74
9785,515;54
9786,515;72
9787,515;2560
9788,515;8628
9789,515;79
9790,515;59
9791,515;70
9792,515;67
9793,515;2552
9794,515;8630
9795,515;72
9796,515;74
9797,515;80
9798,515;75
9800,515;2532
9801,515;8580
9802,515;79
9803,515;70
9804,515;56
9805,515;80
9806,515;2555
9807,515;8606
9808,515;66
9809,515;55
9810,515;78
9811,515;71
9812,515;2531
9813,515;8609
9814,515;70
9815,515;46
9816,515;64
9817,515;59
9818,515;2157
9819,515;8669
9820,515;84
9821,515;68
9822,515;76
9823,515;67
9824,515;2447
9825,515;8599
9826,515;57
9827,515;87
9828,515;82
9829,515;67
9830,515;2528
9831,515;8614
9832,515;80
9833,515;66
9834,515;72
9835,515;69
9836,515;2535
9837,515;8636
9838,515;73
9839,515;73
9840,515;57
9841,515;67
9842,515;2550
9843,515;8628
9844,515;58
9845,515;79
9846,515;70
9847,515;76
9848,515;2543
9849,515;8649
9850,515;73
9851,515;73
9852,515;66
9853,515;73
9854,515;2523
9855,515;8627
9856,515;80
9857,515;72
9858,515;66
9859,515;67
9860,515;2542
9861,515;8623
9862,515;73
9863,515;71
9864,515;96
9865,515;72
9866,515;2557
9867,515;8630
9868,515;83
9869,515;78
9870,515;68
9871,515;58
9872,515;2528
9873,515;8639
9874,515;55
9875,515;82
9876,515;69
9877,515;86
9878,515;2556
9879,515;8639
9880,515;72
9881,515;84
9882,515;68
9883,515;64
9884,515;2529
9885,515;8636
9886,515;56
9887,515;66
9888,515;73
9889,515;71
9890,515;2548
9891,515;8625
9892,515;61
9893,515;85
9894,515;73
9895,515;68
9896,515;2536
9897,515;8598
9898,515;59
9899,515;71
9900,515;57
9901,237;88
9902,237;2514
9903,237;8631
9904,237;67
9905,237;70
9906,237;68
9907,237;80
9908,237;2506
9909,237;8618
9910,237;52
9911,237;74
9912,237;82
9913,237;70
9914,237;2518
9915,237;8640
9916,237;68
9917,237;66
9918,237;77
9919,237;67
9920,237;2515
9921,237;8666
9922,237;62
9923,237;72
9924,237;69
9925,237;77
9926,237;2505
9927,237;8646
9928,237;70
9929,237;72
9930,237;65
9931,237;81
9932,237;2491
9933,237;8635
9934,237;57
9935,237;71
9936,237;79
9937,237;73
9938,237;2509
9939,237;8634
9940,237;62
9941,237;75
9942,237;58
9943,237;81
9944,237;2495
9945,237;8658
9946,237;77
9947,237;88
9948,237;81
9949,237;63
9950,237;2530
9951,237;8666
9952,237;78
9953,237;62
9954,237;68
9955,237;78
9956,237;2503
9957,237;8647
9958,237;50
9959,237;68
9960,237;82
9961,237;76
9962,237;2494
9963,237;8644
9964,237;74
9965,237;70
9966,237;71
9967,237;53
9968,237;2500
9969,237;8627
9970,237;71
9971,237;77
9972,237;78
9973,237;69
9974,237;2493
9975,237;8640
9976,237;63
9977,237;67
9978,237;79
9979,237;74
9980,237;2463
9981,237;8628
9982,237;77
9983,237;85
9984,237;56
9985,237;69
9986,237;2512
9987,237;8649
9988,237;75
9989,237;76
9990,237;78
9991,237;70
9992,237;2506
9993,237;8625
9994,237;64
9995,237;63
9996,237;59
9997,237;78
9998,237;2485
9999,237;8662
10000,237;58
10001,237;48
10001,104;53
10002,104;55
10003,104;2504
10004,104;8655
10005,104;72
10006,104;68
10007,104;69
10008,104;56
10009,104;2489
10010,104;8632
10011,104;82
10012,104;75
10013,104;65
10014,104;84
10015,104;2481
10016,104;8642
10017,104;83
10018,104;64
10019,104;71
10020,104;63
10021,104;2486
10022,104;8653
10023,104;66
10024,104;80
10025,104;69
10026,104;64
10027,104;2520
10028,104;8651
10029,104;68
10030,104;71
10031,104;73
10032,104;65
10033,104;2506
10034,104;8658
10035,104;76
10036,104;59
10037,104;61
10038,104;75
10039,104;2487
10040,104;8635
10041,104;64
10042,104;75
10043,104;70
10044,104;79
10045,104;2513
10046,104;8659
10047,104;61
10048,104;70
10049,104;76
10050,104;81
10051,104;2473
10052,104;8666
10053,104;67
10054,104;72
10055,104;63
10056,104;64
10057,104;2482
10058,104;8665
10059,104;40
10060,104;66
10061,104;79
10062,104;79
10063,104;2484
10064,104;8663
10065,104;51
10066,104;81
10067,104;77
10068,104;64
10069,104;2482
10070,104;8670
10071,104;53
10072,104;56
10073,104;81
10074,104;73
10075,104;2477
10076,104;8659
10077,104;59
10078,104;63
10079,104;74
10080,104;83
10081,104;2487
10082,104;8641
10083,104;66
10084,104;47
10085,104;85
10086,104;65
10087,104;2459
10088,104;8666
10089,104;50
10090,104;76
10091,104;66
10092,104;67
10093,104;2464
10094,104;8702
10095,104;52
10096,104;73
10097,104;67
10098,104;58
10099,104;2456
10100,104;8670
10101,104;56
10103,44;52
10104,44;77
10105,44;62
10106,44;2451
10107,44;8685
10108,44;62
10109,44;67
10110,44;74
10111,44;74
10112,44;2490
10113,44;8661
10114,44;76
10115,44;61
10116,44;67
10117,44;60
10118,44;2481
10119,44;8656
10120,44;69
10121,44;67
10122,44;68
10123,44;72
10124,44;2456
10125,44;8668
10126,44;30
10127,44;63
10128,44;65
10129,44;56
10130,44;2080
10131,44;8716
10132,44;68
10133,44;51
10134,44;64
10135,44;64
10136,44;2386
10137,44;8667
10138,44;54
10139,44;60
10140,44;61
10141,44;61
10142,44;2461
10143,44;8630
10144,44;70
10145,44;62
10146,44;67
10147,44;67
10148,44;2452
10149,44;8666
10150,44;48
10151,44;49
10152,44;50
10153,44;77
10154,44;2480
10155,44;8654
10156,44;69
10157,44;64
10158,44;66
10159,44;67
10160,44;2446
10161,44;8658
10162,44;59
10163,44;75
10164,44;61
10165,44;65
10166,44;2482
10167,44;8657
10168,44;59
10169,44;64
10170,44;57
10171,44;66
10172,44;2477
10173,44;8668
10174,44;62
10175,44;61
10176,44;54
10177,44;70
10178,44;2471
10179,44;8652
10180,44;59
10181,44;63
10182,44;71
10183,44;59
10184,44;2453
10185,44;8689
10186,44;56
10187,44;56
10188,44;60
10189,44;70
10190,44;2449
10191,44;8651
10192,44;69
10193,44;65
10194,44;63
10195,44;72
10196,44;2487
10197,44;8681
10198,44;74
10199,44;69
10200,44;68
10201,44;71
10202,44;2449
10203,44;8676
10203,853;58
10204,853;75
10205,853;84
10206,853;61
10207,853;2453
10208,853;8695
10209,853;62
10210,853;68
10211,853;73
10212,853;60
10213,853;2452
10214,853;8689
10215,853;70
10216,853;74
10217,853;81
10218,853;61
10219,853;2482
10220,853;8682
10221,853;57
10222,853;66
10223,853;70
10224,853;70
10225,853;2474
10226,853;8691
10227,853;68
10228,853;60
10229,853;57
10230,853;60
10231,853;2457
10232,853;8690
10233,853;62
10234,853;74
10235,853;70
10236,853;62
10237,853;2461
10238,853;8675
10239,853;71
10240,853;60
10241,853;75
10242,853;61
10243,853;2446
10244,853;8710
10245,853;60
10246,853;60
10247,853;64
10248,853;72
10249,853;2458
10250,853;8696
10251,853;66
10252,853;73
10253,853;56
10254,853;68
10255,853;2460
10256,853;8702
10257,853;52
10258,853;86
10259,853;72
10260,853;75
10261,853;2448
10262,853;8681
10263,853;62
10264,853;76
10265,853;78
10266,853;80
10267,853;2469
10268,853;8647
10269,853;65
10270,853;64
10271,853;67
10272,853;76
10273,853;2468
10274,853;8683
10275,853;78
10276,853;69
10277,853;57
10278,853;68
10279,853;2460
10280,853;8690
10281,853;53
10282,853;77
10283,853;78
10284,853;73
10285,853;2465
10286,853;8677
10287,853;62
10288,853;66
10289,853;63
10290,853;73
10291,853;2463
10292,853;8680
10293,853;58
10294,853;72
10295,853;73
10296,853;72
10297,853;2438
10298,853;8714
10299,853;51
10300,853;71
10301,853;61
10302,853;67
10303,853;2468
10304,853;8698
10305,853;69
10306,853;89
10307,853;65
10308,853;79
10309,853;2449
10310,853;8691
10311,853;63
10312,853;87
10313,853;69
10314,853;83
10315,853;2455
10316,853;8701
10317,853;72
10318,853;66
10319,853;64
10320,853;64
10321,853;2445
10322,853;8685
10323,853;66
10324,853;58
10325,853;69
10326,853;66
10327,853;2441
10328,853;8688
10329,853;64
10330,853;59
10331,853;65
10332,853;66
10333,853;2444
10334,853;8725
10335,853;66
10336,853;81
10337,853;59
10338,853;72
10339,853;2465
10340,853;8717
10341,853;84
10342,853;70
10343,853;73
10344,853;65
10345,853;2440
10346,853;8721
10347,853;61
10348,853;70
10349,853;79
10350,853;73
10351,853;2484
10352,853;8702
10353,853;66
10354,853;61
10355,853;72
10356,853;77
10357,853;2434
10358,853;8710
10359,853;75
10360,853;86
10361,853;61
10362,853;72
10363,853;2444
10364,853;8700
10365,853;83
10366,853;55
10367,853;85
10368,853;68
10369,853;2464
10370,853;8689
10371,853;55
10372,853;60
10373,853;83
10374,853;74
10375,853;2459
10376,853;8699
10377,853;68
10378,853;67
10379,853;77
10380,853;79
10381,853;2441
10382,853;8703
10383,853;58
10384,853;71
10385,853;69
10386,853;65
10387,853;2460
10388,853;8710
10389,853;70
10390,853;68
10391,853;66
10392,853;71
10393,853;2461
10394,853;8707
10395,853;61
10396,853;75
10397,853;83
10398,853;65
10399,853;2484
10400,853;8698
10401,853;72
10402,853;69
10403,853;56
10404,853;85
10406,14;2573
10407,14;8598
10408,14;75
10409,14;95
10410,14;73
10411,14;71
10412,14;2471
10413,14;8706
10414,14;54
10415,14;80
10416,14;84
10417,14;70
10418,14;2438
10419,14;8689
10420,14;76
10421,14;59
10422,14;67
10423,14;93
10424,14;2449
10425,14;8697
10426,14;80
10427,14;62
10428,14;81
10429,14;81
10430,14;2457
10431,14;8725
10432,14;54
10433,14;63
10434,14;67
10435,14;61
10436,14;2425
10437,14;8690
10438,14;76
10439,14;74
10440,14;81
10441,14;72
10442,14;2054
10443,14;8749
10444,14;59
10445,14;58
10446,14;67
10447,14;77
10448,14;2366
10449,14;8728
10450,14;67
10451,14;73
10452,14;86
10453,14;71
10454,14;2430
10455,14;8713
10456,14;73
10457,14;58
10458,14;78
10459,14;68
10460,14;2450
10461,14;8708
10462,14;66
10463,14;83
10464,14;67
10465,14;74
10466,14;2444
10467,14;8723
10468,14;59
10469,14;74
10470,14;71
10471,14;71
10472,14;2446
10473,14;8745
10474,14;51
10475,14;86
10476,14;68
10477,14;71
10478,14;2447
10479,14;8716
10480,14;69
10481,14;70
10482,14;79
10483,14;68
10484,14;2439
10485,14;8725
10486,14;74
10487,14;61
10488,14;74
10489,14;67
10490,14;2443
10491,14;8690
10492,14;57
10493,14;74
10494,14;76
10495,14;69
10496,14;2446
10497,14;8740
10498,14;77
10499,14;59
10500,14;79
10501,14;60
10502,14;2443
10503,14;8752
10504,14;65
10505,14;66
10506,14;69
10506,751;69
10507,751;2433
10508,751;8724
10509,751;65
10510,751;69
10511,751;54
10512,751;64
10513,751;2435
10514,751;8727
10515,751;62
10516,751;60
10517,751;88
10518,751;74
10519,751;2450
10520,751;8724
10521,751;63
10522,751;70
10523,751;68
10524,751;81
10525,751;2424
10526,751;8729
10527,751;63
10528,751;57
10529,751;61
10530,751;64
10531,751;2507
10532,751;8656
10533,751;64
10534,751;71
10535,751;80
10536,751;69
10537,751;2414
10538,751;8735
10539,751;75
10540,751;73
10541,751;74
10542,751;79
10543,751;2421
10544,751;8733
10545,751;75
10546,751;70
10547,751;81
10548,751;74
10549,751;2433
10550,751;8709
10551,751;77
10552,751;73
10553,751;75
10554,751;76
10555,751;2396
10556,751;8723
10557,751;72
10558,751;76
10559,751;68
10560,751;84
10561,751;2409
10562,751;8739
10563,751;63
10564,751;65
10565,751;96
10566,751;77
10567,751;2406
10568,751;8728
10569,751;71
10570,751;82
10571,751;73
10572,751;70
10573,751;2378
10574,751;8748
10575,751;54
10576,751;60
10577,751;73
10578,751;69
10579,751;2415
10580,751;8715
10581,751;64
10582,751;61
10583,751;76
10584,751;67
10585,751;2431
10586,751;8732
10587,751;58
10588,751;59
10589,751;73
10590,751;70
10591,751;2434
10592,751;8734
10593,751;71
10594,751;69
10595,751;70
10596,751;65
10597,751;2401
10598,751;8744
10599,751;56
10600,751;63
10601,751;86
10602,751;70
10603,751;2404
10604,751;8771
10605,751;59
10606,751;65
10608,417;70
10609,417;77
10610,417;2385
10611,417;8744
10612,417;62
10613,417;76
10614,417;66
10615,417;83
10616,417;2404
10617,417;8765
10618,417;51
10619,417;65
10620,417;95
10621,417;72
10622,417;2412
10623,417;8738
10624,417;65
10625,417;79
10626,417;72
10627,417;82
10628,417;2411
10629,417;8725
10630,417;59
10631,417;79
10632,417;73
10633,417;75
10634,417;2395
10635,417;8747
10636,417;61
10637,417;52
10638,417;66
10639,417;61
10640,417;2405
10641,417;8754
10642,417;59
10643,417;65
10644,417;52
10645,417;67
10646,417;2416
10647,417;8761
10648,417;69
10649,417;45
10650,417;63
10651,417;63
10652,417;2409
10653,417;8762
10654,417;62
10655,417;67
10656,417;68
10657,417;81
10658,417;2411
10659,417;8727
10660,417;75
10661,417;65
10662,417;60
10663,417;65
10664,417;2393
10665,417;8766
10666,417;64
10667,417;73
10668,417;66
10669,417;64
10670,417;2391
10671,417;8769
10672,417;60
10673,417;53
10674,417;70
10675,417;71
10676,417;2377
10677,417;8755
10678,417;57
10679,417;73
10680,417;70
10681,417;73
10682,417;2405
10683,417;8761
10684,417;43
10685,417;65
10686,417;62
10687,417;65
10688,417;2398
10689,417;8785
10690,417;59
10691,417;77
10692,417;63
10693,417;66
10694,417;2369
10695,417;8757
10696,417;90
10697,417;80
10698,417;72
10699,417;79
10700,417;2351
10701,417;8761
10702,417;60
10703,417;79
10704,417;57
10705,417;93
10706,417;2387
10707,417;8761
10708,417;55
10708,118;54
10709,118;65
10710,118;69
10711,118;2370
10712,118;8757
10713,118;59
10714,118;66
10715,118;77
10716,118;73
10717,118;2392
10718,118;8754
10719,118;65
10720,118;58
10721,118;50
10722,118;59
10723,118;2373
10724,118;8758
10725,118;56
10726,118;72
10727,118;59
10728,118;79
10729,118;2388
10730,118;8724
10731,118;43
10732,118;52
10733,118;70
10734,118;67
10735,118;2362
10736,118;8742
10737,118;63
10738,118;61
10739,118;68
10740,118;58
10741,118;2363
10742,118;8766
10743,118;57
10744,118;67
10745,118;59
10746,118;68
10747,118;2378
10748,118;8763
10749,118;69
10750,118;64
10751,118;66
10752,118;58
10753,118;2010
10754,118;8786
10755,118;59
10756,118;65
10757,118;76
10758,118;65
10759,118;2303
10760,118;8752
10761,118;53
10762,118;65
10763,118;63
10764,118;64
10765,118;2363
10766,118;8769
10767,118;68
10768,118;83
10769,118;67
10770,118;73
10771,118;2353
10772,118;8785
10773,118;67
10774,118;54
10775,118;58
10776,118;75
10777,118;2362
10778,118;8745
10779,118;55
10780,118;59
10781,118;80
10782,118;75
10783,118;2365
10784,118;8750
10785,118;46
10786,118;70
10787,118;76
10788,118;62
10789,118;2344
10790,118;8787
10791,118;80
10792,118;61
10793,118;48
10794,118;80
10795,118;2344
10796,118;8786
10797,118;55
10798,118;71
10799,118;73
10800,118;68
10801,118;2346
10802,118;8781
10803,118;61
10804,118;75
10805,118;70
10806,118;60
10807,118;2351
10808,118;8782
10809,118;62
10810,118;57
10811,118;65
10812,118;88
10813,118;2350
10814,118;8758
10815,118;69
10816,118;76
10817,118;63
10818,118;82
10819,118;2355
10820,118;8766
10821,118;79
10822,118;74
10823,118;81
10824,118;62
10825,118;2353
10826,118;8753
10827,118;61
10828,118;69
10829,118;70
10830,118;64
10831,118;2378
10832,118;8772
10833,118;54
10834,118;71
10835,118;75
10836,118;83
10837,118;2404
10838,118;8796
10839,118;55
10840,118;73
10841,118;61
10842,118;80
10843,118;2373
10844,118;8779
10845,118;61
10846,118;78
10847,118;73
10848,118;67
10849,118;2358
10850,118;8774
10851,118;70
10852,118;54
10853,118;72
10854,118;86
10855,118;2386
10856,118;8775
10857,118;75
10858,118;67
10859,118;81
10860,118;52
10861,118;2356
10862,118;8803
10863,118;53
10864,118;67
10865,118;75
10866,118;77
10867,118;2355
10868,118;8763
10869,118;67
10870,118;61
10871,118;63
10872,118;74
10873,118;2372
10874,118;8789
10875,118;55
10876,118;67
10877,118;74
10878,118;72
10879,118;2371
10880,118;8788
10881,118;65
10882,118;74
10883,118;57
10884,118;79
10885,118;2389
10886,118;8787
10887,118;68
10888,118;74
10889,118;72
10890,118;70
10891,118;2378
10892,118;8762
10893,118;57
10894,118;52
10895,118;74
10896,118;76
10897,118;2339
10898,118;8809
10899,118;66
10900,118;77
10901,118;77
10902,118;79
10903,118;2359
10904,118;8785
10905,118;68
10906,118;73
10907,118;70
10908,118;63
10909,118;2357
10911,231;8802
10912,231;53
10913,231;66
10914,231;78
10915,231;77
10916,231;2354
10917,231;8809
10918,231;53
10919,231;72
10920,231;80
10921,231;76
10922,231;2355
10923,231;8774
10924,231;65
10925,231;81
10926,231;74
10927,231;77
10928,231;2356
10929,231;8808
10930,231;57
10931,231;64
10932,231;73
10933,231;77
10934,231;2347
10935,231;8796
10936,231;68
10937,231;64
10938,231;81
10939,231;82
10940,231;2363
10941,231;8819
10942,231;62
10943,231;57
10944,231;78
10945,231;69
10946,231;2360
10947,231;8791
10948,231;65
10949,231;61
10950,231;78
10951,231;82
10952,231;2356
10953,231;8807
10954,231;74
10955,231;61
10956,231;69
10957,231;84
10958,231;2356
10959,231;8815
10960,231;58
10961,231;67
10962,231;70
10963,231;86
10964,231;2365
10965,231;8811
10966,231;64
10967,231;62
10968,231;81
10969,231;66
10970,231;2356
10971,231;8808
10972,231;76
10973,231;79
10974,231;77
10975,231;70
10976,231;2374
10977,231;8786
10978,231;61
10979,231;75
10980,231;64
10981,231;83
10982,231;2367
10983,231;8797
10984,231;53
10985,231;76
10986,231;68
10987,231;72
10988,231;2368
10989,231;8785
10990,231;65
10991,231;76
10992,231;60
10993,231;62
10994,231;2366
10995,231;8816
10996,231;69
10997,231;61
10998,231;67
10999,231;78
11000,231;2348
11001,231;8789
11002,231;82
11003,231;74
11004,231;86
11005,231;77
11006,231;2380
11007,231;8795
11008,231;80
11009,231;78
11010,231;67
11011,231;99
11011,526;2485
11012,526;8701
11013,526;61
11014,526;79
11015,526;70
11016,526;82
11017,526;2364
11018,526;8825
11019,526;60
11020,526;68
11021,526;61
11022,526;74
11023,526;2356
11024,526;8792
11025,526;69
11026,526;64
11027,526;72
11028,526;61
11029,526;2375
11030,526;8823
11031,526;77
11032,526;67
11033,526;81
11034,526;70
11035,526;2375
11036,526;8848
11037,526;73
11038,526;72
11039,526;68
11040,526;62
11041,526;2364
11042,526;8812
11043,526;64
11044,526;69
11045,526;64
11046,526;68
11047,526;2367
11048,526;8807
11049,526;73
11050,526;71
11051,526;75
11052,526;73
11053,526;2364
11054,526;8851
11055,526;62
11056,526;60
11057,526;70
11058,526;63
11059,526;2368
11060,526;8801
11061,526;66
11062,526;83
11063,526;67
11064,526;77
11065,526;1980
11066,526;8835
11067,526;69
11068,526;61
11069,526;82
11070,526;85
11071,526;2279
11072,526;8816
11073,526;69
11074,526;59
11075,526;76
11076,526;86
11077,526;2313
11078,526;8817
11079,526;65
11080,526;85
11081,526;76
11082,526;66
11083,526;2343
11084,526;8834
11085,526;59
11086,526;80
11087,526;66
11088,526;70
11089,526;2350
11090,526;8824
11091,526;71
11092,526;74
11093,526;76
11094,526;70
11095,526;2341
11096,526;8809
11097,526;81
11098,526;68
11099,526;84
11100,526;78
11101,526;2342
11102,526;8804
11103,526;46
11104,526;69
11105,526;86
11106,526;64
11107,526;2345
11108,526;8818
11109,526;92
11110,526;70
11111,526;73
11113,255;68
11114,255;2355
11115,255;8817
11116,255;69
11117,255;68
11118,255;80
11119,255;72
11120,255;2360
11121,255;8804
11122,255;65
11123,255;70
11124,255;67
11125,255;71
11126,255;2353
11127,255;8841
11128,255;65
11129,255;70
11130,255;69
11131,255;68
11132,255;2379
11133,255;8845
11134,255;85
11135,255;76
11136,255;79
11137,255;62
11138,255;2353
11139,255;8826
11140,255;79
11141,255;76
11142,255;68
11143,255;90
11144,255;2322
11145,255;8841
11146,255;66
11147,255;73
11148,255;90
11149,255;80
11150,255;2383
11151,255;8810
11152,255;73
11153,255;71
11154,255;82
11155,255;81
11156,255;2329
11157,255;8800
11158,255;55
11159,255;61
11160,255;67
11161,255;66
11162,255;2323
11163,255;8836
11164,255;75
11165,255;72
11166,255;72
11167,255;62
11168,255;2332
11169,255;8832
11170,255;68
11171,255;76
11172,255;71
11173,255;99
11174,255;2303
11175,255;8830
11176,255;65
11177,255;62
11178,255;83
11179,255;69
11180,255;2366
11181,255;8783
11182,255;76
11183,255;72
11184,255;72
11185,255;82
11186,255;2290
11187,255;8834
11188,255;60
11189,255;73
11190,255;65
11191,255;79
11192,255;2313
11193,255;8853
11194,255;59
11195,255;62
11196,255;63
11197,255;86
11198,255;2332
11199,255;8828
11200,255;53
11201,255;64
11202,255;56
11203,255;61
11204,255;2308
11205,255;8837
11206,255;54
11207,255;63
11208,255;67
11209,255;79
11210,255;2327
11211,255;8838
11212,255;82
11213,255;70
11213,572;80
11214,572;52
11215,572;2307
11216,572;8830
11217,572;60
11218,572;70
11219,572;67
11220,572;75
11221,572;2315
11222,572;8862
11223,572;82
11224,572;81
11225,572;63
11226,572;60
11227,572;2320
11228,572;8821
11229,572;66
11230,572;69
11231,572;68
11232,572;67
11233,572;2337
11234,572;8835
11235,572;71
11236,572;77
11237,572;64
11238,572;72
11239,572;2317
11240,572;8846
11241,572;72
11242,572;74
11243,572;57
11244,572;72
11245,572;2292
11246,572;8861
11247,572;59
11248,572;64
11249,572;64
11250,572;69
11251,572;2298
11252,572;8843
11253,572;67
11254,572;68
11255,572;71
11256,572;65
11257,572;2290
11258,572;8847
11259,572;60
11260,572;79
11261,572;67
11262,572;74
11263,572;2279
11264,572;8856
11265,572;67
11266,572;62
11267,572;69
11268,572;71
11269,572;2330
11270,572;8834
11271,572;57
11272,572;69
11273,572;64
11274,572;69
11275,572;2307
11276,572;8824
11277,572;73
11278,572;70
11279,572;70
11280,572;66
11281,572;2302
11282,572;8850
11283,572;86
11284,572;62
11285,572;81
11286,572;65
11287,572;2304
11288,572;8861
11289,572;67
11290,572;61
11291,572;82
11292,572;73
11293,572;2302
11294,572;8860
11295,572;62
11296,572;60
11297,572;81
11298,572;59
11299,572;2288
11300,572;8841
11301,572;69
11302,572;69
11303,572;68
11304,572;61
11305,572;2313
11306,572;8806
11307,572;64
11308,572;64
11309,572;70
11310,572;50
11311,572;2322
11312,572;8873
11313,572;81
11314,574;56
11315,574;62
11316,574;63
11317,574;2292
11318,574;8896
11319,574;53
11320,574;73
11321,574;69
11322,574;69
11323,574;2291
11324,574;8833
11325,574;65
11326,574;63
11327,574;66
11328,574;73
11329,574;2272
11330,574;8862
11331,574;69
11332,574;69
11333,574;75
11334,574;65
11335,574;2278
11336,574;8863
11337,574;58
11338,574;56
11339,574;69
11340,574;70
11341,574;2273
11342,574;8849
11343,574;64
11344,574;67
11345,574;56
11346,574;73
11347,574;2297
11348,574;8876
11349,574;53
11350,574;68
11351,574;63
11352,574;58
11353,574;2271
11354,574;8870
11355,574;65
11356,574;67
11357,574;67
11358,574;72
11359,574;2294
11360,574;8841
11361,574;51
11362,574;67
11363,574;66
11364,574;74
11365,574;2276
11366,574;8849
11367,574;71
11368,574;70
11369,574;52
11370,574;74
11371,574;2286
11372,574;8855
11373,574;63
11374,574;68
11375,574;62
11376,574;71
11377,574;1916
11378,574;8888
11379,574;55
11380,574;53
11381,574;69
11382,574;72
11383,574;2220
11384,574;8880
11385,574;56
11386,574;52
11387,574;69
11388,574;67
11389,574;2259
11390,574;8875
11391,574;55
11392,574;79
11393,574;58
11394,574;61
11395,574;2261
11396,574;8872
11397,574;41
11398,574;55
11399,574;55
11400,574;57
11401,574;2337
11402,574;8797
11403,574;56
11404,574;67
11405,574;61
11406,574;70
11407,574;2301
11408,574;8861
11409,574;57
11410,574;46
11411,574;64
11412,574;66
11413,574;2281
11414,574;8879
11415,574;45
11416,574;70
11417,574;73
11418,574;72
11419,574;2258
11420,574;8855
11421,574;55
11422,574;63
11423,574;66
11424,574;77
11425,574;2298
11426,574;8869
11427,574;64
11428,574;68
11429,574;62
11430,574;63
11431,574;2279
11432,574;8861
11433,574;65
11434,574;59
11435,574;73
11436,574;70
11437,574;2286
11438,574;8875
11439,574;59
11440,574;60
11441,574;67
11442,574;69
11443,574;2268
11444,574;8879
11445,574;54
11446,574;77
11447,574;66
11448,574;57
11449,574;2263
11450,574;8882
11451,574;74
11452,574;50
11453,574;66
11454,574;80
11455,574;2245
11456,574;8857
11457,574;62
11458,574;50
11459,574;68
11460,574;84
11461,574;2270
11462,574;8878
11463,574;76
11464,574;63
11465,574;62
11466,574;61
11467,574;2265
11468,574;8914
11469,574;69
11470,574;72
11471,574;54
11472,574;65
11473,574;2351
11474,574;8797
11475,574;56
11476,574;59
11477,574;55
11478,574;74
11479,574;2307
11480,574;8811
11481,574;61
11482,574;70
11483,574;67
11484,574;59
11485,574;2278
11486,574;8890
11487,574;52
11488,574;72
11489,574;70
11490,574;75
11491,574;2293
11492,574;8876
11493,574;66
11494,574;60
11495,574;75
11496,574;68
11497,574;2341
11498,574;8770
11499,574;67
11500,574;77
11501,574;71
11502,574;65
11503,574;2263
11504,574;8889
11505,574;61
11506,574;64
11507,574;70
11508,574;61
11509,574;2282
11510,574;8876
11511,574;71
11512,574;63
11513,574;65
11514,574;55
11515,574;2290
11517,082;8875
11518,082;63
11519,082;75
11520,082;74
11521,082;53
11522,082;2352
11523,082;8812
11524,082;60
11525,082;71
11526,082;78
11527,082;68
11528,082;2262
11529,082;8865
11530,082;62
11531,082;63
11532,082;64
11533,082;78
11534,082;2264
11535,082;8877
11536,082;73
11537,082;73
11538,082;75
11539,082;69
11540,082;2290
11541,082;8874
11542,082;67
11543,082;66
11544,082;70
11545,082;70
11546,082;2261
11547,082;8889
11548,082;66
11549,082;65
11550,082;86
11551,082;75
11552,082;2253
11553,082;8893
11554,082;66
11555,082;69
11556,082;71
11557,082;67
11558,082;2266
11559,082;8891
11560,082;78
11561,082;68
11562,082;72
11563,082;84
11564,082;2276
11565,082;8901
11566,082;70
11567,082;66
11568,082;63
11569,082;67
11570,082;2273
11571,082;8884
11572,082;88
11573,082;77
11574,082;73
11575,082;76
11576,082;2269
11577,082;8891
11578,082;66
11579,082;84
11580,082;71
11581,082;72
11582,082;2261
11583,082;8881
11584,082;72
11585,082;83
11586,082;72
11587,082;85
11588,082;2270
11589,082;8885
11590,082;57
11591,082;90
11592,082;73
11593,082;66
11594,082;2267
11595,082;8872
11596,082;82
11597,082;66
11598,082;67
11599,082;74
11600,082;2259
11601,082;8900
11602,082;66
11603,082;66
11604,082;70
11605,082;71
11606,082;2286
11607,082;8896
11608,082;70
11609,082;59
11610,082;65
11611,082;82
11612,082;2281
11613,082;8906
11614,082;78
11615,082;72
11616,082;71
11617,082;79
11618,357;2273
11619,357;8922
11620,357;73
11621,357;86
11622,357;79
11623,357;90
11624,357;2252
11625,357;8901
11626,357;71
11627,357;65
11628,357;69
11629,357;66
11630,357;2253
11631,357;8900
11632,357;62
11633,357;67
11634,357;71
11635,357;70
11636,357;2268
11637,357;8911
11638,357;81
11639,357;69
11640,357;76
11641,357;81
11642,357;2254
11643,357;8903
11644,357;87
11645,357;92
11646,357;66
11647,357;50
11648,357;2253
11649,357;8927
11650,357;74
11651,357;74
11652,357;74
11653,357;60
11654,357;2269
11655,357;8908
11656,357;61
11657,357;63
11658,357;85
11659,357;89
11660,357;2268
11661,357;8898
11662,357;72
11663,357;69
11664,357;74
11665,357;71
11666,357;2369
11667,357;8816
11668,357;73
11669,357;49
11670,357;67
11671,357;78
11672,357;2252
11673,357;8924
11674,357;66
11675,357;64
11676,357;73
11677,357;73
11678,357;2257
11679,357;8889
11680,357;64
11681,357;70
11682,357;70
11683,357;72
11684,357;2260
11685,357;8895
11686,357;68
11687,357;68
11688,357;73
11689,357;63
11690,357;1891
11691,357;8955
11692,357;54
11693,357;78
11694,357;69
11695,357;88
11696,357;2155
11697,357;8916
11698,357;58
11699,357;77
11700,357;56
11701,357;78
11702,357;2233
11703,357;8904
11704,357;66
11705,357;84
11706,357;85
11707,357;80
11708,357;2252
11709,357;8936
11710,357;56
11711,357;73
11712,357;84
11713,357;70
11714,357;2252
11715,357;8911
11716,357;76
11717,357;68
11718,357;77
11718,93;48
11719,93;2257
11720,93;8899
11721,93;71
11722,93;66
11723,93;88
11724,93;75
11725,93;2224
11726,93;8939
11727,93;73
11728,93;67
11729,93;65
11730,93;72
11731,93;2254
11732,93;8923
11733,93;85
11734,93;72
11735,93;82
11736,93;62
11737,93;2244
11738,93;8937
11739,93;76
11740,93;68
11741,93;86
11742,93;80
11743,93;2245
11744,93;8900
11745,93;63
11746,93;68
11747,93;78
11748,93;75
11749,93;2252
11750,93;8920
11751,93;80
11752,93;70
11753,93;65
11754,93;92
11755,93;2251
11756,93;8913
11757,93;64
11758,93;83
11759,93;70
11760,93;64
11761,93;2250
11762,93;8912
11763,93;70
11764,93;62
11765,93;66
11766,93;80
11767,93;2233
11768,93;8918
11769,93;66
11770,93;80
11771,93;74
11772,93;78
11773,93;2237
11774,93;8942
11775,93;64
11776,93;69
11777,93;71
11778,93;76
11779,93;2242
11780,93;8907
11781,93;73
11782,93;58
11783,93;65
11784,93;66
11785,93;2221
11786,93;8923
11787,93;69
11788,93;65
11789,93;67
11790,93;86
11791,93;2237
11792,93;8941
11793,93;66
11794,93;58
11795,93;79
11796,93;67
11797,93;2228
11798,93;8938
11799,93;69
11800,93;63
11801,93;79
11802,93;76
11803,93;2211
11804,93;8921
11805,93;82
11806,93;44
11807,93;62
11808,93;78
11809,93;2208
11810,93;8932
11811,93;72
11812,93;68
11813,93;78
11814,93;68
11815,93;2188
11816,93;8930
11817,93;83
11818,93;78
11819,385;81
11820,385;64
11821,385;2199
11822,385;8921
11823,385;80
11824,385;65
11825,385;76
11826,385;62
11827,385;2226
11828,385;8921
11829,385;65
11830,385;61
11831,385;79
11832,385;70
11833,385;2264
11834,385;8872
11835,385;62
11836,385;61
11837,385;63
11838,385;76
11839,385;2230
11840,385;8927
11841,385;71
11842,385;78
11843,385;73
11844,385;71
11845,385;2213
11846,385;8937
11847,385;69
11848,385;70
11849,385;66
11850,385;69
11851,385;2224
11852,385;8916
11853,385;45
11854,385;62
11855,385;65
11856,385;71
11857,385;2219
11858,385;8957
11859,385;58
11860,385;73
11861,385;64
11862,385;82
11863,385;2205
11864,385;8944
11865,385;61
11866,385;67
11867,385;72
11868,385;72
11869,385;2200
11870,385;8942
11871,385;64
11872,385;62
11873,385;81
11874,385;60
11875,385;2219
11876,385;8938
11877,385;68
11878,385;70
11879,385;66
11880,385;65
11881,385;2251
11882,385;8887
11883,385;65
11884,385;52
11885,385;72
11886,385;62
11887,385;2216
11888,385;8938
11889,385;68
11890,385;64
11891,385;70
11892,385;74
11893,385;2206
11894,385;8927
11895,385;61
11896,385;68
11897,385;75
11898,385;70
11899,385;2202
11900,385;8931
11901,385;65
11902,385;64
11903,385;61
11904,385;75
11905,385;2241
11906,385;8950
11907,385;59
11908,385;54
11909,385;77
11910,385;67
11911,385;2206
11912,385;8940
11913,385;66
11914,385;73
11915,385;74
11916,385;62
11917,385;2196
11918,385;8949
11919,385;63
11920,385;61
11921,385;56
11922,385;76
11923,385;2192
11924,385;8956
11925,385;65
11926,385;61
11927,385;78
11928,385;74
11929,385;2210
11930,385;8967
11931,385;68
11932,385;71
11933,385;70
11934,385;68
11935,385;2178
11936,385;8971
11937,385;77
11938,385;45
11939,385;63
11940,385;79
11941,385;2195
11942,385;8937
11943,385;57
11944,385;73
11945,385;78
11946,385;57
11947,385;2196
11948,385;8960
11949,385;76
11950,385;51
11951,385;59
11952,385;58
11953,385;2177
11954,385;8914
11955,385;61
11956,385;68
11957,385;80
11958,385;69
11959,385;2190
11960,385;8956
11961,385;65
11962,385;61
11963,385;71
11964,385;73
11965,385;2191
11966,385;8939
11967,385;63
11968,385;52
11969,385;66
11970,385;65
11971,385;2179
11972,385;8938
11973,385;63
11974,385;56
11975,385;70
11976,385;57
11977,385;2168
11978,385;8949
11979,385;49
11980,385;56
11981,385;62
11982,385;48
11983,385;2160
11984,385;8973
11985,385;62
11986,385;57
11987,385;73
11988,385;57
11989,385;2185
11990,385;8951
11991,385;76
11992,385;66
11993,385;71
11994,385;65
11995,385;2176
11996,385;8928
11997,385;42
11998,385;61
11999,385;67
12000,385;70
12001,385;1792
12002,385;9017
12003,385;49
12004,385;56
12005,385;52
12006,385;52
12007,385;2112
12008,385;8969
12009,385;49
12010,385;71
12011,385;66
12012,385;49
12013,385;2151
12014,385;8963
12015,385;51
12016,385;76
12017,385;56
12018,385;64
12019,385;2146
12020,385;8985
12021,962;51
12022,962;67
12023,962;62
12024,962;66
12025,962;2166
12026,962;8984
12027,962;62
12028,962;61
12029,962;60
12030,962;59
12031,962;2185
12032,962;8987
12033,962;66
12034,962;69
12035,962;50
12036,962;71
12037,962;2163
12038,962;8980
12039,962;67
12040,962;60
12041,962;69
12042,962;65
12043,962;2151
12044,962;8975
12045,962;49
12046,962;56
12047,962;70
12048,962;71
12049,962;2185
12050,962;8965
12051,962;60
12052,962;64
12053,962;69
12054,962;77
12055,962;2167
12056,962;8981
12057,962;64
12058,962;64
12059,962;67
12060,962;76
12061,962;2168
12062,962;8945
12063,962;63
12064,962;64
12065,962;76
12066,962;84
12067,962;2170
12068,962;8962
12069,962;53
12070,962;68
12071,962;66
12072,962;74
12073,962;2160
12074,962;8987
12075,962;67
12076,962;60
12077,962;67
12078,962;72
12079,962;2166
12080,962;8954
12081,962;51
12082,962;64
12083,962;71
12084,962;68
12085,962;2167
12086,962;8972
12087,962;70
12088,962;71
12089,962;65
12090,962;78
12091,962;2176
12092,962;8987
12093,962;57
12094,962;68
12095,962;66
12096,962;72
12097,962;2178
12098,962;8995
12099,962;79
12100,962;51
12101,962;63
12102,962;60
12103,962;2179
12104,962;8959
12105,962;70
12106,962;63
12107,962;74
12108,962;70
12109,962;2186
12110,962;8962
12111,962;74
12112,962;65
12113,962;70
12114,962;74
12115,962;2170
12116,962;8968
12117,962;56
12118,962;86
12119,962;59
12120,962;65
12121,962;2220
12122,185;8864
12123,185;67
12124,185;70
12125,185;71
12126,185;55
12127,185;2156
12128,185;9003
12129,185;70
12130,185;67
12131,185;57
12132,185;55
12133,185;2169
12134,185;8970
12135,185;61
12136,185;90
12137,185;58
12138,185;89
12139,185;2170
12140,185;8969
12141,185;62
12142,185;72
12143,185;71
12144,185;74
12145,185;2169
12146,185;8997
12147,185;72
12148,185;69
12149,185;51
12150,185;73
12151,185;2167
12152,185;8978
12153,185;80
12154,185;64
12155,185;88
12156,185;78
12157,185;2159
12158,185;9013
12159,185;62
12160,185;59
12161,185;59
12162,185;81
12163,185;2166
12164,185;8977
12165,185;78
12166,185;64
12167,185;68
12168,185;63
12169,185;2181
12170,185;9011
12171,185;64
12172,185;71
12173,185;82
12174,185;62
12175,185;2201
12176,185;8957
12177,185;70
12178,185;81
12179,185;67
12180,185;61
12181,185;2166
12182,185;8994
12183,185;53
12184,185;71
12185,185;69
12186,185;76
12187,185;2159
12188,185;9008
12189,185;84
12190,185;71
12191,185;77
12192,185;79
12193,185;2143
12194,185;8999
12195,185;75
12196,185;83
12197,185;69
12198,185;53
12199,185;2200
12200,185;8996
12201,185;70
12202,185;70
12203,185;67
12204,185;68
12205,185;2166
12206,185;8977
12207,185;69
12208,185;58
12209,185;55
12210,185;91
12211,185;2139
12212,185;8974
12213,185;77
12214,185;75
12215,185;67
12216,185;57
12217,185;2135
12218,185;8973
12219,185;69
12220,185;63
12221,185;61
12222,185;69
12223,745;2166
12224,745;9004
12225,745;67
12226,745;61
12227,745;62
12228,745;76
12229,745;2188
12230,745;8976
12231,745;64
12232,745;71
12233,745;71
12234,745;85
12235,745;2154
12236,745;9018
12237,745;62
12238,745;86
12239,745;78
12240,745;84
12241,745;2296
12242,745;8873
12243,745;55
12244,745;67
12245,745;61
12246,745;64
12247,745;2155
12248,745;9007
12249,745;76
12250,745;71
12251,745;88
12252,745;69
12253,745;2147
12254,745;8999
12255,745;54
12256,745;58
12257,745;78
12258,745;73
12259,745;2155
12260,745;9017
12261,745;73
12262,745;71
12263,745;81
12264,745;65
12265,745;2152
12266,745;8992
12267,745;60
12268,745;82
12269,745;70
12270,745;84
12271,745;2177
12272,745;9023
12273,745;80
12274,745;59
12275,745;72
12276,745;74
12277,745;2148
12278,745;9012
12279,745;80
12280,745;79
12281,745;65
12282,745;79
12283,745;2147
12284,745;9038
12285,745;64
12286,745;66
12287,745;75
12288,745;78
12289,745;2152
12290,745;9008
12291,745;71
12292,745;63
12293,745;74
12294,745;76
12295,745;2278
12296,745;8874
12297,745;73
12298,745;90
12299,745;64
12300,745;67
12301,745;2204
12302,745;8961
12303,745;68
12304,745;59
12305,745;71
12306,745;68
12307,745;2145
12308,745;9015
12309,745;63
12310,745;63
12311,745;68
12312,745;78
12313,745;1769
12314,745;9070
12315,745;71
12316,745;69
12317,745;70
12318,745;64
12319,745;2077
12320,745;9018
12321,745;74
12322,745;84
12323,745;61
12324,85;91
12325,85;2149
12326,85;9008
12327,85;58
12328,85;70
12329,85;59
12330,85;60
12331,85;2153
12332,85;9001
12333,85;82
12334,85;62
12335,85;73
12336,85;87
12337,85;2144
12338,85;9017
12339,85;57
12340,85;61
12341,85;60
12342,85;67
12343,85;2162
12344,85;9016
12345,85;66
12346,85;71
12347,85;62
12348,85;70
12349,85;2143
12350,85;9037
12351,85;80
12352,85;74
12353,85;71
12354,85;79
12355,85;2151
12356,85;9016
12357,85;79
12358,85;63
12359,85;87
12360,85;74
12361,85;2147
12362,85;9003
12363,85;65
12364,85;84
12365,85;73
12366,85;70
12367,85;2150
12368,85;9021
12369,85;72
12370,85;72
12371,85;70
12372,85;77
12373,85;2134
12374,85;8999
12375,85;74
12376,85;67
12377,85;71
12378,85;84
12379,85;2131
12380,85;9010
12381,85;75
12382,85;67
12383,85;63
12384,85;75
12385,85;2144
12386,85;9008
12387,85;79
12388,85;75
12389,85;65
12390,85;54
12391,85;2146
12392,85;9039
12393,85;61
12394,85;83
12395,85;69
12396,85;71
12397,85;2148
12398,85;9042
12399,85;64
12400,85;72
12401,85;66
12402,85;81
12403,85;2111
12404,85;9022
12405,85;67
12406,85;66
12407,85;76
12408,85;72
12409,85;2115
12410,85;9033
12411,85;68
12412,85;74
12413,85;69
12414,85;76
12415,85;2128
12416,85;9033
12417,85;60
12418,85;77
12419,85;59
12420,85;59
12421,85;2106
12422,85;9040
12423,85;67
12424,85;81
12425,85;67
12426,85;68
12427,85;2105
12428,85;9044
12429,85;72
12430,85;72
12431,85;88
12432,85;63
12433,85;2111
12434,85;9037
12435,85;65
12436,85;63
12437,85;87
12438,85;69
12439,85;2102
12440,85;9019
12441,85;63
12442,85;71
12443,85;70
12444,85;84
12445,85;2127
12446,85;9060
12447,85;57
12448,85;51
12449,85;71
12450,85;66
12451,85;2103
12452,85;9016
12453,85;66
12454,85;65
12455,85;81
12456,85;78
12457,85;2128
12458,85;9017
12459,85;71
12460,85;70
12461,85;73
12462,85;54
12463,85;2093
12464,85;9074
12465,85;57
12466,85;79
12467,85;60
12468,85;74
12469,85;2114
12470,85;9032
12471,85;72
12472,85;59
12473,85;77
12474,85;80
12475,85;2138
12476,85;9044
12477,85;68
12478,85;75
12479,85;77
12480,85;75
12481,85;2113
12482,85;9040
12483,85;74
12484,85;57
12485,85;78
12486,85;59
12487,85;2132
12488,85;9049
12489,85;72
12490,85;76
12491,85;85
12492,85;67
12493,85;2122
12494,85;9012
12495,85;70
12496,85;70
12497,85;66
12498,85;72
12499,85;2110
12500,85;9028
12501,85;57
12502,85;57
12503,85;71
12504,85;88
12505,85;2111
12506,85;9004
12507,85;60
12508,85;59
12509,85;76
12510,85;58
12511,85;2115
12512,85;9056
12513,85;44
12514,85;68
12515,85;67
12516,85;55
12517,85;2105
12518,85;9038
12519,85;65
12520,85;71
12521,85;77
12522,85;72
12523,85;2106
12524,85;9055
12525,85;59
12526,71;53
12527,71;60
12528,71;72
12529,71;2108
12530,71;9038
12531,71;73
12532,71;68
12533,71;68
12534,71;70
12535,71;2101
12536,71;9041
12537,71;62
12538,71;59
12539,71;55
12540,71;58
12541,71;2077
12542,71;9041
12543,71;54
12544,71;57
12545,71;78
12546,71;80
12547,71;2106
12548,71;9009
12549,71;61
12550,71;73
12551,71;68
12552,71;69
12553,71;2095
12554,71;9061
12555,71;70
12556,71;69
12557,71;83
12558,71;70
12559,71;2092
12560,71;9044
12561,71;65
12562,71;64
12563,71;76
12564,71;67
12565,71;2101
12566,71;9061
12567,71;73
12568,71;73
12569,71;67
12570,71;68
12571,71;2078
12572,71;9054
12573,71;48
12574,71;63
12575,71;71
12576,71;72
12577,71;2069
12578,71;9069
12579,71;58
12580,71;54
12581,71;64
12582,71;75
12583,71;2074
12584,71;9056
12585,71;46
12586,71;70
12587,71;57
12588,71;74
12589,71;2094
12590,71;9059
12591,71;68
12592,71;63
12593,71;83
12594,71;64
12595,71;2076
12596,71;9061
12597,71;73
12598,71;60
12599,71;76
12600,71;47
12601,71;2099
12602,71;9044
12603,71;52
12604,71;62
12605,71;67
12606,71;81
12607,71;2071
12608,71;9046
12609,71;61
12610,71;65
12611,71;53
12612,71;80
12613,71;2122
12614,71;8997
12615,71;49
12616,71;69
12617,71;62
12618,71;57
12619,71;2076
12620,71;9045
12621,71;67
12622,71;67
12623,71;56
12624,71;72
12625,71;1719
12626,71;9072
12627,89;54
12628,89;64
12629,89;61
12630,89;65
12631,89;1992
12632,89;9057
12633,89;62
12634,89;53
12635,89;75
12636,89;60
12637,89;2049
12638,89;9051
12639,89;59
12640,89;63
12641,89;58
12642,89;61
12643,89;2062
12644,89;9091
12645,89;66
12646,89;54
12647,89;82
12648,89;69
12649,89;2076
12650,89;9029
12651,89;59
12652,89;82
12653,89;67
12654,89;85
12655,89;2073
12656,89;9071
12657,89;58
12658,89;68
12659,89;64
12660,89;67
12661,89;2081
12662,89;9073
12663,89;65
12664,89;71
12665,89;64
12666,89;47
12667,89;2067
12668,89;9062
12669,89;58
12670,89;61
12671,89;57
12672,89;61
12673,89;2048
12674,89;9055
12675,89;74
12676,89;70
12677,89;63
12678,89;58
12679,89;2052
12680,89;9066
12681,89;61
12682,89;65
12683,89;66
12684,89;65
12685,89;2055
12686,89;9080
12687,89;56
12688,89;56
12689,89;81
12690,89;80
12691,89;2099
12692,89;9059
12693,89;63
12694,89;84
12695,89;56
12696,89;67
12697,89;2071
12698,89;9063
12699,89;70
12700,89;68
12701,89;52
12702,89;60
12703,89;2081
12704,89;9068
12705,89;61
12706,89;66
12707,89;70
12708,89;77
12709,89;2062
12710,89;9074
12711,89;64
12712,89;68
12713,89;65
12714,89;74
12715,89;2074
12716,89;9073
12717,89;65
12718,89;60
12719,89;69
12720,89;58
12721,89;2075
12722,89;9088
12723,89;71
12724,89;80
12725,89;75
12726,89;70
12727,89;2073
12728,36;9061
12729,36;58
12730,36;82
12731,36;70
12732,36;66
12733,36;2072
12734,36;9083
12735,36;78
12736,36;66
12737,36;66
12738,36;65
12739,36;2085
12740,36;9088
12741,36;78
12742,36;57
12743,36;71
12744,36;74
12745,36;2072
12746,36;9073
12747,36;64
12748,36;72
12749,36;85
12750,36;71
12751,36;2060
12752,36;9105
12753,36;80
12754,36;103
12755,36;78
12756,36;61
12757,36;2051
12758,36;9093
12759,36;63
12760,36;50
12761,36;76
12762,36;66
12763,36;2049
12764,36;9087
12765,36;61
12766,36;72
12767,36;65
12768,36;82
12769,36;2073
12770,36;9057
12771,36;62
12772,36;77
12773,36;73
12774,36;73
12775,36;2077
12776,36;9111
12777,36;67
12778,36;59
12779,36;68
12780,36;82
12781,36;2059
12782,36;9071
12783,36;67
12784,36;68
12785,36;64
12786,36;64
12787,36;2067
12788,36;9060
12789,36;61
12790,36;66
12791,36;77
12792,36;76
12793,36;2053
12794,36;9078
12795,36;71
12796,36;71
12797,36;84
12798,36;83
12799,36;2071
12800,36;9078
12801,36;59
12802,36;74
12803,36;70
12804,36;56
12805,36;2074
12806,36;9097
12807,36;72
12808,36;56
12809,36;62
12810,36;60
12811,36;2050
12812,36;9073
12813,36;78
12814,36;70
12815,36;73
12816,36;81
12817,36;2062
12818,36;9073
12819,36;61
12820,36;57
12821,36;56
12822,36;76
12823,36;2040
12824,36;9090
12825,36;69
12826,36;65
12827,36;62
12828,36;71
12829,839;2051
12830,839;9087
12831,839;75
12832,839;74
12833,839;75
12834,839;69
12835,839;2056
12836,839;9110
12837,839;70
12838,839;75
12839,839;79
12840,839;72
12841,839;2101
12842,839;9040
12843,839;65
12844,839;77
12845,839;82
12846,839;66
12847,839;2090
12848,839;9092
12849,839;78
12850,839;72
12851,839;67
12852,839;88
12853,839;2066
12854,839;9102
12855,839;74
12856,839;77
12857,839;80
12858,839;72
12859,839;2079
12860,839;9097
12861,839;74
12862,839;73
12863,839;67
12864,839;84
12865,839;2098
12866,839;9105
12867,839;58
12868,839;69
12869,839;78
12870,839;83
12871,839;2064
12872,839;9076
12873,839;71
12874,839;63
12875,839;72
12876,839;84
12877,839;2062
12878,839;9103
12879,839;60
12880,839;48
12881,839;59
12882,839;71
12883,839;2047
12884,839;9120
12885,839;58
12886,839;57
12887,839;74
12888,839;89
12889,839;2068
12890,839;9106
12891,839;60
12892,839;52
12893,839;73
12894,839;76
12895,839;2060
12896,839;9080
12897,839;59
12898,839;73
12899,839;57
12900,839;79
12901,839;2060
12902,839;9084
12903,839;56
12904,839;82
12905,839;60
12906,839;78
12907,839;2085
12908,839;9102
12909,839;61
12910,839;89
12911,839;68
12912,839;100
12913,839;2043
12914,839;9129
12915,839;70
12916,839;64
12917,839;72
12918,839;88
12919,839;2054
12920,839;9123
12921,839;74
12922,839;53
12923,839;72
12924,839;83
12925,839;2062
12926,839;9109
12927,839;64
12928,839;84
12929,839;89
12930,839;82
12931,839;2049
12932,839;9096
12933,839;69
12934,839;71
12935,839;87
12936,839;69
12937,839;1683
12938,839;9159
12939,839;67
12940,839;68
12941,839;70
12942,839;63
12943,839;1973
12944,839;9150
12945,839;72
12946,839;73
12947,839;73
12948,839;93
12949,839;2022
12950,839;9121
12951,839;67
12952,839;63
12953,839;79
12954,839;73
12955,839;2048
12956,839;9153
12957,839;64
12958,839;68
12959,839;49
12960,839;93
12961,839;2049
12962,839;9121
12963,839;55
12964,839;58
12965,839;89
12966,839;72
12967,839;2048
12968,839;9122
12969,839;58
12970,839;66
12971,839;63
12972,839;66
12973,839;2046
12974,839;9110
12975,839;66
12976,839;70
12977,839;71
12978,839;78
12979,839;2028
12980,839;9096
12981,839;76
12982,839;65
12983,839;76
12984,839;73
12985,839;2060
12986,839;9129
12987,839;66
12988,839;73
12989,839;90
12990,839;81
12991,839;2071
12992,839;9120
12993,839;67
12994,839;82
12995,839;76
12996,839;70
12997,839;2012
12998,839;9129
12999,839;66
13000,839;80
13001,839;75
13002,839;69
13003,839;2033
13004,839;9119
13005,839;69
13006,839;72
13007,839;75
13008,839;71
13009,839;2063
13010,839;9122
13011,839;76
13012,839;51
13013,839;72
13014,839;73
13015,839;2027
13016,839;9119
13017,839;64
13018,839;51
13019,839;67
13020,839;56
13021,839;2004
13022,839;9135
13023,839;80
13024,839;89
13025,839;67
13026,839;79
13027,839;2024
13028,839;9110
13029,839;78
13030,839;70
13031,917;88
13032,917;74
13033,917;2027
13034,917;9106
13035,917;72
13036,917;76
13037,917;86
13038,917;53
13039,917;2020
13040,917;9151
13041,917;66
13042,917;71
13043,917;72
13044,917;66
13045,917;2024
13046,917;9141
13047,917;56
13048,917;55
13049,917;85
13050,917;63
13051,917;2007
13052,917;9116
13053,917;66
13054,917;69
13055,917;63
13056,917;83
13057,917;2017
13058,917;9129
13059,917;75
13060,917;75
13061,917;56
13062,917;80
13063,917;2006
13064,917;9142
13065,917;68
13066,917;59
13067,917;66
13068,917;62
13069,917;2027
13070,917;9165
13071,917;61
13072,917;73
13073,917;75
13074,917;76
13075,917;2028
13076,917;9124
13077,917;56
13078,917;74
13079,917;79
13080,917;72
13081,917;2015
13082,917;9121
13083,917;61
13084,917;68
13085,917;80
13086,917;85
13087,917;2010
13088,917;9102
13089,917;71
13090,917;61
13091,917;71
13092,917;93
13093,917;2008
13094,917;9149
13095,917;77
13096,917;74
13097,917;84
13098,917;81
13099,917;2015
13100,917;9115
13101,917;59
13102,917;70
13103,917;60
13104,917;78
13105,917;1990
13106,917;9128
13107,917;66
13108,917;78
13109,917;62
13110,917;81
13111,917;2010
13112,917;9124
13113,917;67
13114,917;76
13115,917;82
13116,917;89
13117,917;1999
13118,917;9153
13119,917;64
13120,917;67
13121,917;86
13122,917;74
13123,917;2004
13124,917;9088
13125,917;61
13126,917;72
13127,917;65
13128,917;52
13129,917;2015
13130,917;9099
13131,917;66
13132,224;62
13133,224;67
13134,224;74
13135,224;2010
13136,224;9119
13137,224;64
13138,224;58
13139,224;69
13140,224;73
13141,224;1987
13142,224;9152
13143,224;46
13144,224;75
13145,224;85
13146,224;72
13147,224;2017
13148,224;9138
13149,224;57
13150,224;80
13151,224;76
13152,224;75
13153,224;1997
13154,224;9152
13155,224;65
13156,224;64
13157,224;83
13158,224;72
13159,224;1996
13160,224;9152
13161,224;67
13162,224;56
13163,224;77
13164,224;69
13165,224;2007
13166,224;9154
13167,224;65
13168,224;67
13169,224;69
13170,224;66
13171,224;2001
13172,224;9173
13173,224;73
13174,224;64
13175,224;77
13176,224;76
13177,224;1992
13178,224;9143
13179,224;65
13180,224;63
13181,224;77
13182,224;70
13183,224;1988
13184,224;9168
13185,224;54
13186,224;64
13187,224;68
13188,224;66
13189,224;2000
13190,224;9145
13191,224;58
13192,224;60
13193,224;62
13194,224;70
13195,224;1985
13196,224;9140
13197,224;58
13198,224;68
13199,224;53
13200,224;53
13201,224;1996
13202,224;9139
13203,224;58
13204,224;58
13205,224;62
13206,224;65
13207,224;2007
13208,224;9157
13209,224;55
13210,224;71
13211,224;52
13212,224;61
13213,224;1964
13214,224;9147
13215,224;66
13216,224;56
13217,224;75
13218,224;78
13219,224;1946
13220,224;9144
13221,224;62
13222,224;53
13223,224;61
13224,224;59
13225,224;2002
13226,224;9141
13227,224;54
13228,224;51
13229,224;62
13230,224;75
13231,224;1985
13232,224;9171
13233,6;64
13234,6;64
13235,6;66
13236,6;70
13237,6;1977
13238,6;9138
13239,6;58
13240,6;53
13241,6;57
13242,6;67
13243,6;1969
13244,6;9176
13245,6;68
13246,6;56
13247,6;68
13248,6;71
13249,6;1613
13250,6;9200
13251,6;64
13252,6;60
13253,6;60
13254,6;67
13255,6;1901
13256,6;9166
13257,6;51
13258,6;66
13259,6;65
13260,6;64
13261,6;1947
13262,6;9137
13263,6;55
13264,6;70
13265,6;72
13266,6;66
13267,6;1978
13268,6;9163
13269,6;63
13270,6;55
13271,6;62
13272,6;68
13273,6;1961
13274,6;9152
13275,6;57
13276,6;61
13277,6;58
13278,6;80
13279,6;1986
13280,6;9137
13281,6;80
13282,6;68
13283,6;86
13284,6;68
13285,6;1970
13286,6;9152
13287,6;61
13288,6;52
13289,6;52
13290,6;70
13291,6;1967
13292,6;9153
13293,6;66
13294,6;60
13295,6;61
13296,6;71
13297,6;1960
13298,6;9139
13299,6;60
13300,6;66
13301,6;67
13302,6;75
13303,6;1979
13304,6;9139
13305,6;48
13306,6;50
13307,6;76
13308,6;57
13309,6;1985
13310,6;9136
13311,6;49
13312,6;53
13313,6;62
13314,6;59
13315,6;1945
13316,6;9189
13317,6;61
13318,6;71
13319,6;61
13320,6;59
13321,6;1954
13322,6;9181
13323,6;69
13324,6;68
13325,6;66
13326,6;72
13327,6;1969
13328,6;9170
13329,6;52
13330,6;59
13331,6;49
13332,6;73
13333,6;1970
13334,942;9160
13335,942;65
13336,942;62
13337,942;59
13338,942;66
13339,942;1948
13340,942;9162
13341,942;57
13342,942;80
13343,942;64
13344,942;61
13345,942;1997
13346,942;9182
13347,942;55
13348,942;68
13349,942;74
13350,942;73
13351,942;1963
13352,942;9190
13353,942;83
13354,942;66
13355,942;59
13356,942;72
13357,942;1952
13358,942;9170
13359,942;87
13360,942;89
13361,942;68
13362,942;78
13363,942;1951
13364,942;9187
13365,942;49
13366,942;83
13367,942;62
13368,942;82
13369,942;1982
13370,942;9146
13371,942;74
13372,942;67
13373,942;64
13374,942;68
13375,942;1942
13376,942;9188
13377,942;56
13378,942;66
13379,942;59
13380,942;68
13381,942;1968
13382,942;9183
13383,942;63
13384,942;68
13385,942;63
13386,942;72
13387,942;1957
13388,942;9189
13389,942;58
13390,942;48
13391,942;60
13392,942;68
13393,942;1951
13394,942;9185
13395,942;74
13396,942;55
13397,942;66
13398,942;65
13399,942;1958
13400,942;9214
13401,942;77
13402,942;62
13403,942;71
13404,942;76
13405,942;1953
13406,942;9178
13407,942;69
13408,942;71
13409,942;84
13410,942;63
13411,942;1953
13412,942;9191
13413,942;67
13414,942;70
13415,942;70
13416,942;66
13417,942;1961
13418,942;9198
13419,942;69
13420,942;79
13421,942;58
13422,942;73
13423,942;1976
13424,942;9186
13425,942;72
13426,942;63
13427,942;67
13428,942;70
13429,942;1944
13430,942;9198
13431,942;62
13432,942;83
13433,942;78
13434,942;80
13435,593;1941
13436,593;9200
13437,593;56
13438,593;72
13439,593;67
13440,593;74
13441,593;2054
13442,593;9117
13443,593;61
13444,593;73
13445,593;57
13446,593;73
13447,593;1978
13448,593;9213
13449,593;74
13450,593;74
13451,593;86
13452,593;62
13453,593;1960
13454,593;9216
13455,593;70
13456,593;69
13457,593;70
13458,593;62
13459,593;1956
13460,593;9159
13461,593;60
13462,593;73
13463,593;78
13464,593;69
13465,593;1934
13466,593;9193
13467,593;57
13468,593;84
13469,593;74
13470,593;61
13471,593;1964
13472,593;9170
13473,593;69
13474,593;63
13475,593;72
13476,593;77
13477,593;1944
13478,593;9190
13479,593;68
13480,593;73
13481,593;79
13482,593;75
13483,593;1937
13484,593;9166
13485,593;72
13486,593;69
13487,593;83
13488,593;80
13489,593;1972
13490,593;9213
13491,593;60
13492,593;49
13493,593;75
13494,593;73
13495,593;1962
13496,593;9206
13497,593;62
13498,593;73
13499,593;71
13500,593;64
13501,593;1963
13502,593;9204
13503,593;77
13504,593;59
13505,593;76
13506,593;73
13507,593;1956
13508,593;9219
13509,593;60
13510,593;65
13511,593;69
13512,593;70
13513,593;1959
13514,593;9190
13515,593;74
13516,593;66
13517,593;73
13518,593;73
13519,593;1952
13520,593;9223
13521,593;57
13522,593;68
13523,593;80
13524,593;68
13525,593;1970
13526,593;9210
13527,593;76
13528,593;81
13529,593;73
13530,593;78
13531,593;1971
13532,593;9171
13533,593;61
13534,593;65
13535,593;94
13536,593;77
13537,593;1970
13538,593;9204
13539,593;69
13540,593;75
13541,593;67
13542,593;71
13543,593;1972
13544,593;9182
13545,593;61
13546,593;76
13547,593;72
13548,593;80
13549,593;1965
13550,593;9199
13551,593;71
13552,593;69
13553,593;64
13554,593;61
13555,593;1924
13556,593;9208
13557,593;85
13558,593;88
13559,593;75
13560,593;73
13561,593;1574
13562,593;9254
13563,593;82
13564,593;66
13565,593;71
13566,593;90
13567,593;1901
13568,593;9250
13569,593;65
13570,593;69
13571,593;65
13572,593;82
13573,593;1932
13574,593;9233
13575,593;61
13576,593;83
13577,593;71
13578,593;74
13579,593;1949
13580,593;9214
13581,593;72
13582,593;70
13583,593;76
13584,593;80
13585,593;2020
13586,593;9164
13587,593;70
13588,593;74
13589,593;66
13590,593;58
13591,593;2017
13592,593;9170
13593,593;70
13594,593;77
13595,593;85
13596,593;66
13597,593;1985
13598,593;9162
13599,593;53
13600,593;58
13601,593;86
13602,593;58
13603,593;2015
13604,593;9138
13605,593;63
13606,593;67
13607,593;81
13608,593;66
13609,593;1947
13610,593;9191
13611,593;70
13612,593;66
13613,593;76
13614,593;89
13615,593;1945
13616,593;9174
13617,593;63
13618,593;68
13619,593;73
13620,593;76
13621,593;1936
13622,593;9179
13623,593;69
13624,593;66
13625,593;71
13626,593;78
13627,593;1962
13628,593;9245
13629,593;60
13630,593;80
13631,593;76
13632,593;66
13633,593;1935
13634,593;9251
13635,593;53
13636,593;77
13637,472;76
13638,472;97
13639,472;1908
13640,472;9201
13641,472;66
13642,472;84
13643,472;71
13644,472;81
13645,472;1932
13646,472;9177
13647,472;54
13648,472;60
13649,472;75
13650,472;78
13651,472;1931
13652,472;9210
13653,472;75
13654,472;68
13655,472;78
13656,472;73
13657,472;1925
13658,472;9223
13659,472;66
13660,472;66
13661,472;73
13662,472;61
13663,472;1930
13664,472;9214
13665,472;62
13666,472;71
13667,472;66
13668,472;74
13669,472;1919
13670,472;9214
13671,472;64
13672,472;69
13673,472;75
13674,472;50
13675,472;1916
13676,472;9229
13677,472;64
13678,472;62
13679,472;86
13680,472;59
13681,472;1907
13682,472;9196
13683,472;66
13684,472;82
13685,472;84
13686,472;72
13687,472;1905
13688,472;9251
13689,472;70
13690,472;68
13691,472;66
13692,472;63
13693,472;1909
13694,472;9232
13695,472;86
13696,472;70
13697,472;60
13698,472;83
13699,472;1896
13700,472;9231
13701,472;68
13702,472;86
13703,472;60
13704,472;81
13705,472;1916
13706,472;9274
13707,472;66
13708,472;66
13709,472;63
13710,472;71
13711,472;1939
13712,472;9189
13713,472;62
13714,472;59
13715,472;69
13716,472;68
13717,472;1934
13718,472;9178
13719,472;71
13720,472;54
13721,472;68
13722,472;76
13723,472;1914
13724,472;9230
13725,472;68
13726,472;74
13727,472;81
13728,472;69
13729,472;1929
13730,472;9217
13731,472;68
13732,472;69
13733,472;69
13734,472;78
13735,472;1927
13736,472;9214
13737,472;65
13739,076;71
13740,076;58
13741,076;78
13742,076;1895
13743,076;9205
13744,076;61
13745,076;74
13746,076;74
13747,076;72
13748,076;1899
13749,076;9231
13750,076;62
13751,076;62
13752,076;82
13753,076;72
13754,076;1917
13755,076;9203
13756,076;64
13757,076;60
13758,076;48
13759,076;69
13760,076;1902
13761,076;9237
13762,076;59
13763,076;82
13764,076;80
13765,076;67
13766,076;1919
13767,076;9240
13768,076;70
13769,076;71
13770,076;72
13771,076;77
13772,076;1890
13773,076;9233
13774,076;76
13775,076;66
13776,076;64
13777,076;76
13778,076;1911
13779,076;9218
13780,076;63
13781,076;77
13782,076;65
13783,076;54
13784,076;1910
13785,076;9264
13786,076;47
13787,076;71
13788,076;75
13789,076;70
13790,076;1909
13791,076;9226
13792,076;61
13793,076;67
13794,076;85
13795,076;60
13796,076;1896
13797,076;9225
13798,076;62
13799,076;53
13800,076;62
13801,076;60
13802,076;1888
13803,076;9251
13804,076;74
13805,076;64
13806,076;62
13807,076;58
13808,076;1892
13809,076;9256
13810,076;58
13811,076;58
13812,076;72
13813,076;71
13814,076;1906
13815,076;9266
13816,076;53
13817,076;71
13818,076;72
13819,076;66
13820,076;1886
13821,076;9258
13822,076;72
13823,076;54
13824,076;73
13825,076;73
13826,076;1907
13827,076;9217
13828,076;55
13829,076;48
13830,076;67
13831,076;71
13832,076;1874
13833,076;9239
13834,076;51
13835,076;59
13836,076;74
13837,076;60
13838,076;1878
13839,076;9230
13838,995;61
13839,995;61
13840,995;70
13841,995;59
13842,995;1863
13843,995;9246
13844,995;53
13845,995;74
13846,995;55
13847,995;80
13848,995;1870
13849,995;9273
13850,995;59
13851,995;64
13852,995;59
13853,995;60
13854,995;1869
13855,995;9250
13856,995;70
13857,995;70
13858,995;73
13859,995;67
13860,995;1843
13861,995;9255
13862,995;61
13863,995;73
13864,995;71
13865,995;63
13866,995;1874
13867,995;9229
13868,995;61
13869,995;65
13870,995;72
13871,995;55
13872,995;1514
13873,995;9298
13874,995;76
13875,995;56
13876,995;58
13877,995;70
13878,995;1799
13879,995;9280
13880,995;57
13881,995;60
13882,995;67
13883,995;61
13884,995;1841
13885,995;9234
13886,995;59
13887,995;67
13888,995;62
13889,995;69
13890,995;1847
13891,995;9264
13892,995;61
13893,995;87
13894,995;57
13895,995;74
13896,995;1862
13897,995;9258
13898,995;66
13899,995;60
13900,995;57
13901,995;71
13902,995;1860
13903,995;9250
13904,995;69
13905,995;87
13906,995;43
13907,995;60
13908,995;1868
13909,995;9280
13910,995;69
13911,995;55
13912,995;62
13913,995;66
13914,995;1892
13915,995;9247
13916,995;60
13917,995;58
13918,995;67
13919,995;62
13920,995;1873
13921,995;9266
13922,995;60
13923,995;68
13924,995;61
13925,995;52
13926,995;1884
13927,995;9274
13928,995;46
13929,995;56
13930,995;57
13931,995;73
13932,995;1878
13933,995;9286
13934,995;71
13935,995;64
13936,995;70
13937,995;66
13938,995;1840
13940,225;9244
13941,225;59
13942,225;60
13943,225;74
13944,225;67
13945,225;1881
13946,225;9281
13947,225;57
13948,225;71
13949,225;67
13950,225;55
13951,225;1874
13952,225;9269
13953,225;70
13954,225;65
13955,225;55
13956,225;72
13957,225;1875
13958,225;9291
13959,225;59
13960,225;62
13961,225;63
13962,225;75
13963,225;1873
13964,225;9275
13965,225;65
13966,225;57
13967,225;77
13968,225;83
13969,225;1889
13970,225;9271
13971,225;60
13972,225;67
13973,225;75
13974,225;60
13975,225;1869
13976,225;9275
13977,225;69
13978,225;69
13979,225;76
13980,225;68
13981,225;1866
13982,225;9288
13983,225;66
13984,225;63
13985,225;69
13986,225;75
13987,225;1949
13988,225;9195
13989,225;56
13990,225;82
13991,225;64
13992,225;75
13993,225;1864
13994,225;9253
13995,225;76
13996,225;62
13997,225;66
13998,225;64
13999,225;1864
14000,225;9236
14001,225;62
14002,225;62
14003,225;63
14004,225;70
14005,225;1857
14006,225;9274
14007,225;55
14008,225;69
14009,225;77
14010,225;64
14011,225;1876
14012,225;9300
14013,225;75
14014,225;54
14015,225;73
14016,225;67
14017,225;1834
14018,225;9268
14019,225;57
14020,225;69
14021,225;69
14022,225;64
14023,225;1842
14024,225;9259
14025,225;61
14026,225;84
14027,225;65
14028,225;74
14029,225;1866
14030,225;9318
14031,225;61
14032,225;74
14033,225;63
14034,225;65
14035,225;1853
14036,225;9286
14037,225;68
14038,225;71
14039,225;77
14040,225;90
14041,225;1849
14042,225;9280
14043,225;67
14044,225;56
14045,225;55
14046,225;64
14047,225;1860
14048,225;9276
14049,225;66
14050,225;58
14051,225;89
14052,225;79
14053,225;1847
14054,225;9281
14055,225;66
14056,225;73
14057,225;72
14058,225;73
14059,225;1854
14060,225;9266
14061,225;70
14062,225;78
14063,225;69
14064,225;77
14065,225;1875
14066,225;9313
14067,225;73
14068,225;76
14069,225;77
14070,225;76
14071,225;1874
14072,225;9267
14073,225;64
14074,225;86
14075,225;56
14076,225;72
14077,225;1845
14078,225;9282
14079,225;67
14080,225;59
14081,225;76
14082,225;67
14083,225;1857
14084,225;9296
14085,225;58
14086,225;68
14087,225;78
14088,225;70
14089,225;1864
14090,225;9269
14091,225;68
14092,225;79
14093,225;81
14094,225;86
14095,225;1853
14096,225;9268
14097,225;66
14098,225;69
14099,225;74
14100,225;59
14101,225;1848
14102,225;9282
14103,225;67
14104,225;59
14105,225;88
14106,225;75
14107,225;1862
14108,225;9279
14109,225;65
14110,225;77
14111,225;60
14112,225;62
14113,225;1874
14114,225;9307
14115,225;66
14116,225;67
14117,225;71
14118,225;67
14119,225;1845
14120,225;9277
14121,225;59
14122,225;78
14123,225;74
14124,225;57
14125,225;1867
14126,225;9285
14127,225;66
14128,225;84
14129,225;75
14130,225;82
14131,225;1876
14132,225;9293
14133,225;73
14134,225;67
14135,225;77
14136,225;83
14137,225;1869
14138,225;9253
14139,225;77
14140,225;68
14141,225;64
14142,886;75
14143,886;1847
14144,886;9315
14145,886;64
14146,886;84
14147,886;70
14148,886;65
14149,886;1861
14150,886;9317
14151,886;67
14152,886;83
14153,886;69
14154,886;77
14155,886;1831
14156,886;9291
14157,886;78
14158,886;61
14159,886;69
14160,886;67
14161,886;1851
14162,886;9288
14163,886;54
14164,886;76
14165,886;79
14166,886;81
14167,886;1839
14168,886;9309
14169,886;60
14170,886;59
14171,886;65
14172,886;75
14173,886;1924
14174,886;9258
14175,886;71
14176,886;77
14177,886;61
14178,886;73
14179,886;1833
14180,886;9308
14181,886;69
14182,886;74
14183,886;86
14184,886;72
14185,886;1490
14186,886;9347
14187,886;65
14188,886;62
14189,886;90
14190,886;71
14191,886;1781
14192,886;9318
14193,886;75
14194,886;81
14195,886;66
14196,886;75
14197,886;1822
14198,886;9311
14199,886;57
14200,886;66
14201,886;67
14202,886;79
14203,886;1824
14204,886;9314
14205,886;81
14206,886;87
14207,886;69
14208,886;77
14209,886;1840
14210,886;9303
14211,886;89
14212,886;73
14213,886;96
14214,886;81
14215,886;1859
14216,886;9298
14217,886;73
14218,886;72
14219,886;64
14220,886;68
14221,886;1900
14222,886;9238
14223,886;68
14224,886;70
14225,886;62
14226,886;63
14227,886;1861
14228,886;9308
14229,886;48
14230,886;65
14231,886;72
14232,886;85
14233,886;1834
14234,886;9315
14235,886;83
14236,886;68
14237,886;78
14238,886;66
14239,886;1834
14240,886;9309
14241,886;71
14242,886;73
14243,652;65
14244,652;84
14245,652;1838
14246,652;9317
14247,652;74
14248,652;61
14249,652;68
14250,652;65
14251,652;1832
14252,652;9329
14253,652;71
14254,652;60
14255,652;69
14256,652;71
14257,652;1844
14258,652;9308
14259,652;62
14260,652;63
14261,652;73
14262,652;72
14263,652;1855
14264,652;9342
14265,652;63
14266,652;62
14267,652;59
14268,652;83
14269,652;1839
14270,652;9312
14271,652;92
14272,652;73
14273,652;68
14274,652;86
14275,652;1828
14276,652;9312
14277,652;72
14278,652;63
14279,652;57
14280,652;72
14281,652;1806
14282,652;9314
14283,652;64
14284,652;57
14285,652;73
14286,652;90
14287,652;1843
14288,652;9324
14289,652;69
14290,652;71
14291,652;70
14292,652;69
14293,652;1819
14294,652;9328
14295,652;65
14296,652;74
14297,652;83
14298,652;68
14299,652;1793
14300,652;9347
14301,652;62
14302,652;65
14303,652;72
14304,652;66
14305,652;1819
14306,652;9309
14307,652;70
14308,652;67
14309,652;55
14310,652;76
14311,652;1805
14312,652;9330
14313,652;65
14314,652;68
14315,652;56
14316,652;50
14317,652;1813
14318,652;9307
14319,652;69
14320,652;77
14321,652;59
14322,652;70
14323,652;1839
14324,652;9319
14325,652;72
14326,652;62
14327,652;65
14328,652;62
14329,652;1846
14330,652;9276
14331,652;72
14332,652;70
14333,652;61
14334,652;80
14335,652;1859
14336,652;9267
14337,652;67
14338,652;50
14339,652;61
14340,652;72
14341,652;1829
14342,652;9261
14343,652;64
14344,386;75
14345,386;57
14346,386;68
14347,386;1826
14348,386;9287
14349,386;73
14350,386;50
14351,386;67
14352,386;67
14353,386;1865
14354,386;9244
14355,386;59
14356,386;73
14357,386;66
14358,386;70
14359,386;1800
14360,386;9317
14361,386;78
14362,386;54
14363,386;74
14364,386;70
14365,386;1855
14366,386;9304
14367,386;66
14368,386;65
14369,386;76
14370,386;71
14371,386;1882
14372,386;9262
14373,386;70
14374,386;61
14375,386;69
14376,386;69
14377,386;1854
14378,386;9238
14379,386;70
14380,386;58
14381,386;66
14382,386;67
14383,386;1928
14384,386;9194
14385,386;79
14386,386;72
14387,386;70
14388,386;84
14389,386;1875
14390,386;9307
14391,386;52
14392,386;68
14393,386;66
14394,386;73
14395,386;1805
14396,386;9382
14397,386;60
14398,386;86
14399,386;65
14400,386;79
14401,386;1858
14402,386;9287
14403,386;70
14404,386;64
14405,386;72
14406,386;62
14407,386;1874
14408,386;9260
14409,386;67
14410,386;51
14411,386;70
14412,386;71
14413,386;1876
14414,386;9246
14415,386;79
14416,386;60
14417,386;58
14418,386;75
14419,386;1772
14420,386;9382
14421,386;64
14422,386;79
14423,386;71
14424,386;66
14425,386;1865
14426,386;9293
14427,386;66
14428,386;51
14429,386;75
14430,386;70
14431,386;1837
14432,386;9304
14433,386;74
14434,386;79
14435,386;67
14436,386;71
14437,386;1857
14438,386;9290
14439,386;64
14440,386;75
14441,386;64
14442,386;60
14443,386;1850
14444,386;9296
14445,555;73
14446,555;72
14447,555;74
14448,555;56
14449,555;1829
14450,555;9294
14451,555;44
14452,555;55
14453,555;56
14454,555;74
14455,555;1836
14456,555;9312
14457,555;64
14458,555;52
14459,555;61
14460,555;54
14461,555;1841
14462,555;9285
14463,555;58
14464,555;64
14465,555;77
14466,555;72
14467,555;1821
14468,555;9318
14469,555;63
14470,555;65
14471,555;68
14472,555;73
14473,555;1818
14474,555;9300
14475,555;67
14476,555;59
14477,555;69
14478,555;64
14479,555;1829
14480,555;9287
14481,555;56
14482,555;72
14483,555;78
14484,555;48
14485,555;1868
14486,555;9257
14487,555;61
14488,555;53
14489,555;70
14490,555;60
14491,555;1837
14492,555;9238
14493,555;62
14494,555;72
14495,555;68
14496,555;62
14497,555;1475
14498,555;9303
14499,555;59
14500,555;55
14501,555;55
14502,555;50
14503,555;1780
14504,555;9244
14505,555;59
14506,555;56
14507,555;69
14508,555;52
14509,555;1822
14510,555;9318
14511,555;50
14512,555;67
14513,555;60
14514,555;53
14515,555;1806
14516,555;9314
14517,555;62
14518,555;60
14519,555;72
14520,555;53
14521,555;1781
14522,555;9307
14523,555;46
14524,555;68
14525,555;70
14526,555;66
14527,555;1778
14528,555;9324
14529,555;61
14530,555;56
14531,555;63
14532,555;67
14533,555;1760
14534,555;9377
14535,555;72
14536,555;71
14537,555;64
14538,555;70
14539,555;1754
14540,555;9348
14541,555;53
14542,555;58
14543,555;71
14544,555;63
14545,555;1759
14546,555;9359
14547,555;62
14548,555;45
14549,555;68
14550,555;67
14551,555;1896
14552,555;9230
14553,555;65
14554,555;42
14555,555;77
14556,555;72
14557,555;1889
14558,555;9237
14559,555;79
14560,555;59
14561,555;68
14562,555;69
14563,555;1784
14564,555;9352
14565,555;54
14566,555;75
14567,555;70
14568,555;79
14569,555;1858
14570,555;9246
14571,555;68
14572,555;65
14573,555;87
14574,555;62
14575,555;1766
14576,555;9362
14577,555;64
14578,555;61
14579,555;73
14580,555;70
14581,555;1806
14582,555;9316
14583,555;68
14584,555;70
14585,555;72
14586,555;63
14587,555;1805
14588,555;9336
14589,555;61
14590,555;65
14591,555;75
14592,555;68
14593,555;1818
14594,555;9339
14595,555;74
14596,555;52
14597,555;66
14598,555;73
14599,555;1773
14600,555;9378
14601,555;62
14602,555;63
14603,555;85
14604,555;56
14605,555;1807
14606,555;9292
14607,555;61
14608,555;61
14609,555;59
14610,555;69
14611,555;1781
14612,555;9346
14613,555;75
14614,555;74
14615,555;60
14616,555;65
14617,555;1856
14618,555;9260
14619,555;64
14620,555;77
14621,555;69
14622,555;52
14623,555;1863
14624,555;9290
14625,555;70
14626,555;59
14627,555;49
14628,555;63
14629,555;1751
14630,555;9377
14631,555;59
14632,555;65
14633,555;70
14634,555;68
14635,555;1839
14636,555;9295
14637,555;70
14638,555;79
14639,555;55
14640,555;72
14641,555;1823
14642,555;9277
14643,555;73
14644,555;56
14645,555;77
14646,555;60
14647,28;1750
14648,28;9393
14649,28;56
14650,28;55
14651,28;59
14652,28;59
14653,28;1788
14654,28;9376
14655,28;66
14656,28;80
14657,28;58
14658,28;58
14659,28;1735
14660,28;9396
14661,28;66
14662,28;83
14663,28;66
14664,28;66
14665,28;1768
14666,28;9374
14667,28;61
14668,28;73
14669,28;62
14670,28;50
14671,28;1791
14672,28;9355
14673,28;65
14674,28;63
14675,28;55
14676,28;65
14677,28;1734
14678,28;9391
14679,28;61
14680,28;68
14681,28;82
14682,28;69
14683,28;1739
14684,28;9374
14685,28;53
14686,28;67
14687,28;68
14688,28;58
14689,28;1763
14690,28;9334
14691,28;51
14692,28;65
14693,28;63
14694,28;69
14695,28;1746
14696,28;9375
14697,28;68
14698,28;75
14699,28;70
14700,28;65
14701,28;1757
14702,28;9381
14703,28;54
14704,28;73
14705,28;78
14706,28;67
14707,28;1756
14708,28;9358
14709,28;50
14710,28;67
14711,28;64
14712,28;80
14713,28;1735
14714,28;9359
14715,28;64
14716,28;59
14717,28;77
14718,28;86
14719,28;1745
14720,28;9389
14721,28;69
14722,28;76
14723,28;70
14724,28;59
14725,28;1733
14726,28;9386
14727,28;63
14728,28;80
14729,28;75
14730,28;66
14731,28;1783
14732,28;9384
14733,28;71
14734,28;63
14735,28;90
14736,28;70
14737,28;1753
14738,28;9367
14739,28;58
14740,28;73
14741,28;68
14742,28;71
14743,28;1750
14744,28;9394
14745,28;47
14746,28;78
14747,28;59
14749,007;79
14750,007;1771
14751,007;9384
14752,007;71
14753,007;62
14754,007;67
14755,007;70
14756,007;1771
14757,007;9377
14758,007;54
14759,007;80
14760,007;82
14761,007;69
14762,007;1752
14763,007;9400
14764,007;59
14765,007;74
14766,007;81
14767,007;68
14768,007;1754
14769,007;9389
14770,007;73
14771,007;75
14772,007;79
14773,007;70
14774,007;1753
14775,007;9388
14776,007;66
14777,007;80
14778,007;64
14779,007;73
14780,007;1769
14781,007;9403
14782,007;72
14783,007;65
14784,007;64
14785,007;75
14786,007;1748
14787,007;9422
14788,007;80
14789,007;74
14790,007;63
14791,007;71
14792,007;1756
14793,007;9387
14794,007;72
14795,007;76
14796,007;78
14797,007;90
14798,007;1750
14799,007;9390
14800,007;70
14801,007;79
14802,007;76
14803,007;69
14804,007;1729
14805,007;9415
14806,007;61
14807,007;85
14808,007;57
14809,007;53
14810,007;1378
14811,007;9423
14812,007;68
14813,007;69
14814,007;71
14815,007;76
14816,007;1684
14817,007;9433
14818,007;63
14819,007;70
14820,007;70
14821,007;79
14822,007;1743
14823,007;9415
14824,007;86
14825,007;58
14826,007;69
14827,007;63
14828,007;1740
14829,007;9397
14830,007;59
14831,007;60
14832,007;62
14833,007;84
14834,007;1793
14835,007;9379
14836,007;58
14837,007;75
14838,007;68
14839,007;88
14840,007;1747
14841,007;9437
14842,007;61
14843,007;61
14844,007;72
14845,007;85
14846,007;1765
14847,007;9371
14848,007;86
14849,007;79
14849,739;64
14850,739;73
14851,739;1756
14852,739;9407
14853,739;76
14854,739;60
14855,739;68
14856,739;84
14857,739;1782
14858,739;9368
14859,739;68
14860,739;62
14861,739;91
14862,739;83
14863,739;1749
14864,739;9408
14865,739;61
14866,739;61
14867,739;83
14868,739;72
14869,739;1746
14870,739;9375
14871,739;70
14872,739;62
14873,739;69
14874,739;72
14875,739;1747
14876,739;9422
14877,739;72
14878,739;81
14879,739;61
14880,739;73
14881,739;1716
14882,739;9412
14883,739;72
14884,739;59
14885,739;74
14886,739;67
14887,739;1752
14888,739;9405
14889,739;73
14890,739;72
14891,739;71
14892,739;81
14893,739;1729
14894,739;9397
14895,739;64
14896,739;64
14897,739;62
14898,739;67
14899,739;1760
14900,739;9394
14901,739;56
14902,739;60
14903,739;80
14904,739;81
14905,739;1715
14906,739;9402
14907,739;83
14908,739;65
14909,739;80
14910,739;77
14911,739;1735
14912,739;9388
14913,739;64
14914,739;69
14915,739;63
14916,739;67
14917,739;1725
14918,739;9409
14919,739;71
14920,739;61
14921,739;85
14922,739;81
14923,739;1706
14924,739;9393
14925,739;68
14926,739;61
14927,739;74
14928,739;62
14929,739;1702
14930,739;9430
14931,739;50
14932,739;65
14933,739;61
14934,739;80
14935,739;1717
14936,739;9422
14937,739;63
14938,739;72
14939,739;85
14940,739;83
14941,739;1712
14942,739;9417
14943,739;58
14944,739;71
14945,739;62
14946,739;78
14947,739;1722
14948,739;9441
14949,739;63
14950,473;73
14951,473;83
14952,473;76
14953,473;1717
14954,473;9410
14955,473;66
14956,473;80
14957,473;65
14958,473;58
14959,473;1705
14960,473;9468
14961,473;64
14962,473;71
14963,473;82
14964,473;72
14965,473;1710
14966,473;9452
14967,473;74
14968,473;73
14969,473;73
14970,473;71
14971,473;1710
14972,473;9414
14973,473;59
14974,473;63
14975,473;62
14976,473;58
14977,473;1690
14978,473;9450
14979,473;65
14980,473;59
14981,473;53
14982,473;76
14983,473;1705
14984,473;9406
14985,473;65
14986,473;74
14987,473;65
14988,473;64
14989,473;1736
14990,473;9434
14991,473;68
14992,473;66
14993,473;62
14994,473;76
14995,473;1706
14996,473;9450
14997,473;51
14998,473;61
14999,473;65
15000,473;79
15001,473;1762
15002,473;9366
15003,473;80
15004,473;55
15005,473;60
15006,473;58
15007,473;1792
15008,473;9349
15009,473;61
15010,473;74
15011,473;81
15012,473;81
15013,473;1694
15014,473;9440
15015,473;67
15016,473;76
15017,473;71
15018,473;77
15019,473;1700
15020,473;9438
15021,473;74
15022,473;55
15023,473;80
15024,473;81
15025,473;1702
15026,473;9443
15027,473;56
15028,473;59
15029,473;71
15030,473;74
15031,473;1708
15032,473;9424
15033,473;48
15034,473;77
15035,473;77
15036,473;73
15037,473;1700
15038,473;9427
15039,473;75
15040,473;70
15041,473;67
15042,473;64
15043,473;1697
15044,473;9437
15045,473;75
15046,473;76
15047,473;64
15048,473;62
15049,473;1696
15050,473;9434
15051,473;67
15052,473;59
15053,473;66
15054,473;63
15055,473;1700
15056,473;9422
15057,473;73
15058,473;62
15059,473;65
15060,473;62
15061,473;1692
15062,473;9449
15063,473;51
15064,473;65
15065,473;87
15066,473;70
15067,473;1761
15068,473;9373
15069,473;56
15070,473;79
15071,473;68
15072,473;78
15073,473;1651
15074,473;9448
15075,473;53
15076,473;63
15077,473;61
15078,473;56
15079,473;1681
15080,473;9445
15081,473;63
15082,473;71
15083,473;67
15084,473;62
15085,473;1729
15086,473;9397
15087,473;59
15088,473;68
15089,473;59
15090,473;70
15091,473;1656
15092,473;9439
15093,473;54
15094,473;50
15095,473;59
15096,473;66
15097,473;1707
15098,473;9418
15099,473;61
15100,473;46
15101,473;73
15102,473;72
15103,473;1686
15104,473;9424
15105,473;62
15106,473;69
15107,473;81
15108,473;67
15109,473;1694
15110,473;9423
15111,473;60
15112,473;64
15113,473;70
15114,473;65
15115,473;1667
15116,473;9451
15117,473;70
15118,473;62
15119,473;53
15120,473;67
15121,473;1372
15122,473;9415
15123,473;55
15124,473;42
15125,473;71
15126,473;60
15127,473;1639
15128,473;9447
15129,473;46
15130,473;76
15131,473;57
15132,473;74
15133,473;1704
15134,473;9425
15135,473;53
15136,473;69
15137,473;65
15138,473;60
15139,473;1683
15140,473;9465
15141,473;61
15142,473;45
15143,473;53
15144,473;61
15145,473;1675
15146,473;9439
15147,473;58
15148,473;56
15149,473;72
15150,473;73
15151,473;1809
15152,3;9331
15153,3;60
15154,3;59
15155,3;64
15156,3;61
15157,3;1799
15158,3;9357
15159,3;49
15160,3;66
15161,3;70
15162,3;72
15163,3;1726
15164,3;9412
15165,3;57
15166,3;67
15167,3;69
15168,3;71
15169,3;1707
15170,3;9458
15171,3;60
15172,3;59
15173,3;65
15174,3;64
15175,3;1683
15176,3;9433
15177,3;57
15178,3;77
15179,3;64
15180,3;62
15181,3;1796
15182,3;9309
15183,3;61
15184,3;62
15185,3;59
15186,3;84
15187,3;1797
15188,3;9324
15189,3;61
15190,3;59
15191,3;55
15192,3;69
15193,3;1813
15194,3;9322
15195,3;65
15196,3;58
15197,3;74
15198,3;69
15199,3;1669
15200,3;9479
15201,3;64
15202,3;70
15203,3;62
15204,3;78
15205,3;1701
15206,3;9446
15207,3;85
15208,3;67
15209,3;58
15210,3;62
15211,3;1705
15212,3;9419
15213,3;64
15214,3;79
15215,3;73
15216,3;55
15217,3;1671
15218,3;9469
15219,3;63
15220,3;90
15221,3;62
15222,3;52
15223,3;1690
15224,3;9475
15225,3;64
15226,3;96
15227,3;55
15228,3;65
15229,3;1691
15230,3;9450
15231,3;73
15232,3;66
15233,3;65
15234,3;67
15235,3;1686
15236,3;9453
15237,3;56
15238,3;63
15239,3;69
15240,3;61
15241,3;1808
15242,3;9349
15243,3;60
15244,3;71
15245,3;77
15246,3;70
15247,3;1660
15248,3;9483
15249,3;71
15250,3;58
15251,3;81
15252,3;64
15253,993;1675
15254,993;9486
15255,993;72
15256,993;57
15257,993;84
15258,993;82
15259,993;1676
15260,993;9456
15261,993;66
15262,993;71
15263,993;73
15264,993;68
15265,993;1681
15266,993;9475
15267,993;61
15268,993;73
15269,993;66
15270,993;58
15271,993;1650
15272,993;9478
15273,993;62
15274,993;70
15275,993;68
15276,993;79
15277,993;1677
15278,993;9420
15279,993;76
15280,993;78
15281,993;75
15282,993;83
15283,993;1716
15284,993;9423
15285,993;75
15286,993;83
15287,993;61
15288,993;63
15289,993;1656
15290,993;9490
15291,993;64
15292,993;68
15293,993;64
15294,993;51
15295,993;1720
15296,993;9375
15297,993;56
15298,993;86
15299,993;69
15300,993;79
15301,993;1654
15302,993;9440
15303,993;62
15304,993;86
15305,993;78
15306,993;76
15307,993;1654
15308,993;9456
15309,993;64
15310,993;71
15311,993;66
15312,993;67
15313,993;1652
15314,993;9473
15315,993;59
15316,993;67
15317,993;82
15318,993;58
15319,993;1704
15320,993;9418
15321,993;86
15322,993;60
15323,993;74
15324,993;67
15325,993;1734
15326,993;9394
15327,993;79
15328,993;72
15329,993;71
15330,993;72
15331,993;1629
15332,993;9494
15333,993;58
15334,993;78
15335,993;67
15336,993;68
15337,993;1648
15338,993;9500
15339,993;68
15340,993;75
15341,993;56
15342,993;61
15343,993;1674
15344,993;9494
15345,993;68
15346,993;57
15347,993;65
15348,993;66
15349,993;1685
15350,993;9470
15351,993;69
15352,993;63
15353,993;70
15354,723;54
15355,723;1686
15356,723;9493
15357,723;49
15358,723;67
15359,723;74
15360,723;69
15361,723;1767
15362,723;9386
15363,723;63
15364,723;66
15365,723;72
15366,723;84
15367,723;1662
15368,723;9443
15369,723;62
15370,723;81
15371,723;76
15372,723;71
15373,723;1653
15374,723;9502
15375,723;81
15376,723;73
15377,723;60
15378,723;79
15379,723;1644
15380,723;9521
15381,723;43
15382,723;78
15383,723;86
15384,723;65
15385,723;1639
15386,723;9481
15387,723;71
15388,723;60
15389,723;70
15390,723;53
15391,723;1672
15392,723;9477
15393,723;68
15394,723;71
15395,723;79
15396,723;73
15397,723;1649
15398,723;9481
15399,723;58
15400,723;64
15401,723;63
15402,723;82
15403,723;1783
15404,723;9390
15405,723;55
15406,723;78
15407,723;70
15408,723;63
15409,723;1665
15410,723;9497
15411,723;63
15412,723;74
15413,723;77
15414,723;62
15415,723;1663
15416,723;9507
15417,723;66
15418,723;71
15419,723;60
15420,723;80
15421,723;1656
15422,723;9492
15423,723;47
15424,723;62
15425,723;71
15426,723;88
15427,723;1712
15428,723;9408
15429,723;72
15430,723;69
15431,723;72
15432,723;76
15433,723;1274
15434,723;9561
15435,723;48
15436,723;72
15437,723;69
15438,723;87
15439,723;1585
15440,723;9524
15441,723;74
15442,723;71
15443,723;70
15444,723;67
15445,723;1644
15446,723;9523
15447,723;72
15448,723;71
15449,723;93
15450,723;66
15451,723;1647
15452,723;9489
15453,723;66
15454,723;74
15455,49;83
15456,49;64
15457,49;1746
15458,49;9363
15459,49;58
15460,49;88
15461,49;73
15462,49;71
15463,49;1655
15464,49;9504
15465,49;76
15466,49;57
15467,49;69
15468,49;78
15469,49;1649
15470,49;9496
15471,49;66
15472,49;80
15473,49;67
15474,49;64
15475,49;1674
15476,49;9467
15477,49;70
15478,49;74
15479,49;83
15480,49;105
15481,49;1655
15482,49;9527
15483,49;58
15484,49;68
15485,49;81
15486,49;95
15487,49;1654
15488,49;9505
15489,49;67
15490,49;72
15491,49;68
15492,49;70
15493,49;1785
15494,49;9381
15495,49;71
15496,49;71
15497,49;57
15498,49;66
15499,49;1643
15500,49;9527
15501,49;71
15502,49;56
15503,49;78
15504,49;70
15505,49;1653
15506,49;9502
15507,49;66
15508,49;72
15509,49;73
15510,49;100
15511,49;1661
15512,49;9465
15513,49;64
15514,49;60
15515,49;73
15516,49;84
15517,49;1632
15518,49;9499
15519,49;69
15520,49;69
15521,49;66
15522,49;73
15523,49;1644
15524,49;9499
15525,49;49
15526,49;74
15527,49;69
15528,49;72
15529,49;1631
15530,49;9545
15531,49;57
15532,49;63
15533,49;56
15534,49;75
15535,49;1708
15536,49;9406
15537,49;70
15538,49;63
15539,49;53
15540,49;70
15541,49;1625
15542,49;9537
15543,49;66
15544,49;63
15545,49;75
15546,49;72
15547,49;1747
15548,49;9396
15549,49;62
15550,49;69
15551,49;75
15552,49;57
15553,49;1625
15554,49;9542
15555,49;58
15556,317;66
15557,317;71
15558,317;78
15559,317;1646
15560,317;9536
15561,317;71
15562,317;70
15563,317;66
15564,317;67
15565,317;1670
15566,317;9477
15567,317;56
15568,317;76
15569,317;67
15570,317;56
15571,317;1609
15572,317;9529
15573,317;63
15574,317;59
15575,317;59
15576,317;72
15577,317;1699
15578,317;9440
15579,317;71
15580,317;65
15581,317;59
15582,317;84
15583,317;1715
15584,317;9409
15585,317;60
15586,317;68
15587,317;58
15588,317;71
15589,317;1623
15590,317;9505
15591,317;58
15592,317;56
15593,317;50
15594,317;49
15595,317;1607
15596,317;9519
15597,317;81
15598,317;53
15599,317;82
15600,317;62
15601,317;1603
15602,317;9536
15603,317;71
15604,317;69
15605,317;76
15606,317;76
15607,317;1624
15608,317;9529
15609,317;55
15610,317;72
15611,317;65
15612,317;62
15613,317;1714
15614,317;9407
15615,317;74
15616,317;66
15617,317;74
15618,317;74
15619,317;1610
15620,317;9571
15621,317;77
15622,317;68
15623,317;55
15624,317;71
15625,317;1617
15626,317;9532
15627,317;61
15628,317;54
15629,317;63
15630,317;65
15631,317;1600
15632,317;9535
15633,317;65
15634,317;61
15635,317;57
15636,317;90
15637,317;1624
15638,317;9547
15639,317;64
15640,317;83
15641,317;75
15642,317;68
15643,317;1656
15644,317;9533
15645,317;57
15646,317;58
15647,317;75
15648,317;66
15649,317;1614
15650,317;9522
15651,317;65
15652,317;71
15653,317;80
15654,317;75
15655,317;1642
15656,317;9523
15657,317;54
15658,317;77
15659,317;77
15660,317;72
15661,317;1610
15662,317;9524
15663,317;64
15664,317;56
15665,317;82
15666,317;77
15667,317;1610
15668,317;9538
15669,317;58
15670,317;64
15671,317;75
15672,317;77
15673,317;1627
15674,317;9541
15675,317;60
15676,317;67
15677,317;77
15678,317;58
15679,317;1602
15680,317;9538
15681,317;58
15682,317;56
15683,317;68
15684,317;62
15685,317;1598
15686,317;9546
15687,317;56
15688,317;74
15689,317;67
15690,317;61
15691,317;1602
15692,317;9527
15693,317;65
15694,317;69
15695,317;61
15696,317;66
15697,317;1606
15698,317;9521
15699,317;59
15700,317;82
15701,317;74
15702,317;70
15703,317;1618
15704,317;9551
15705,317;60
15706,317;73
15707,317;71
15708,317;80
15709,317;1608
15710,317;9558
15711,317;70
15712,317;62
15713,317;69
15714,317;61
15715,317;1601
15716,317;9517
15717,317;76
15718,317;71
15719,317;77
15720,317;63
15721,317;1583
15722,317;9519
15723,317;55
15724,317;71
15725,317;61
15726,317;74
15727,317;1563
15728,317;9540
15729,317;44
15730,317;66
15731,317;44
15732,317;84
15733,317;1552
15734,317;9543
15735,317;57
15736,317;60
15737,317;63
15738,317;69
15739,317;1577
15740,317;9563
15741,317;57
15742,317;84
15743,317;76
15744,317;62
15745,317;1204
15746,317;9579
15747,317;60
15748,317;50
15749,317;54
15750,317;50
15751,317;1506
15752,317;9571
15753,317;65
15754,317;88
15755,317;52
15756,317;61
15757,317;1609
15759,259;9525
15760,259;57
15761,259;64
15762,259;56
15763,259;51
15764,259;1671
15765,259;9425
15766,259;62
15767,259;53
15768,259;58
15769,259;70
15770,259;1697
15771,259;9449
15772,259;47
15773,259;73
15774,259;68
15775,259;78
15776,259;1582
15777,259;9571
15778,259;55
15779,259;78
15780,259;69
15781,259;62
15782,259;1555
15783,259;9566
15784,259;52
15785,259;67
15786,259;75
15787,259;68
15788,259;1602
15789,259;9554
15790,259;57
15791,259;53
15792,259;63
15793,259;57
15794,259;1600
15795,259;9558
15796,259;57
15797,259;63
15798,259;81
15799,259;75
15800,259;1574
15801,259;9582
15802,259;48
15803,259;57
15804,259;72
15805,259;61
15806,259;1733
15807,259;9403
15808,259;72
15809,259;65
15810,259;64
15811,259;60
15812,259;1645
15813,259;9519
15814,259;60
15815,259;78
15816,259;59
15817,259;77
15818,259;1587
15819,259;9542
15820,259;51
15821,259;61
15822,259;65
15823,259;69
15824,259;1572
15825,259;9551
15826,259;60
15827,259;70
15828,259;77
15829,259;64
15830,259;1605
15831,259;9550
15832,259;70
15833,259;72
15834,259;64
15835,259;74
15836,259;1611
15837,259;9570
15838,259;47
15839,259;61
15840,259;68
15841,259;58
15842,259;1575
15843,259;9561
15844,259;74
15845,259;60
15846,259;71
15847,259;78
15848,259;1590
15849,259;9543
15850,259;50
15851,259;70
15852,259;64
15853,259;65
15854,259;1573
15855,259;9535
15856,259;56
15857,259;68
15858,259;83
15859,259;76
15860,183;1585
15861,183;9553
15862,183;64
15863,183;64
15864,183;61
15865,183;59
15866,183;1577
15867,183;9579
15868,183;64
15869,183;63
15870,183;65
15871,183;72
15872,183;1575
15873,183;9554
15874,183;69
15875,183;61
15876,183;73
15877,183;59
15878,183;1570
15879,183;9579
15880,183;62
15881,183;61
15882,183;47
15883,183;58
15884,183;1583
15885,183;9555
15886,183;70
15887,183;69
15888,183;72
15889,183;71
15890,183;1567
15891,183;9545
15892,183;57
15893,183;84
15894,183;65
15895,183;74
15896,183;1577
15897,183;9552
15898,183;58
15899,183;68
15900,183;78
15901,183;71
15902,183;1561
15903,183;9589
15904,183;69
15905,183;59
15906,183;75
15907,183;65
15908,183;1574
15909,183;9597
15910,183;65
15911,183;66
15912,183;64
15913,183;57
15914,183;1552
15915,183;9603
15916,183;56
15917,183;63
15918,183;80
15919,183;79
15920,183;1554
15921,183;9582
15922,183;44
15923,183;57
15924,183;64
15925,183;66
15926,183;1576
15927,183;9598
15928,183;66
15929,183;69
15930,183;74
15931,183;65
15932,183;1660
15933,183;9504
15934,183;64
15935,183;65
15936,183;54
15937,183;73
15938,183;1555
15939,183;9595
15940,183;50
15941,183;59
15942,183;70
15943,183;74
15944,183;1559
15945,183;9605
15946,183;70
15947,183;52
15948,183;61
15949,183;83
15950,183;1602
15951,183;9537
15952,183;80
15953,183;72
15954,183;68
15955,183;58
15956,183;1569
15957,183;9576
15958,183;72
15959,183;76
15960,183;61
15959,917;60
15960,917;1605
15961,917;9579
15962,917;67
15963,917;88
15964,917;70
15965,917;79
15966,917;1572
15967,917;9594
15968,917;76
15969,917;82
15970,917;77
15971,917;61
15972,917;1605
15973,917;9553
15974,917;68
15975,917;70
15976,917;65
15977,917;81
15978,917;1572
15979,917;9560
15980,917;57
15981,917;74
15982,917;82
15983,917;56
15984,917;1568
15985,917;9594
15986,917;61
15987,917;78
15988,917;62
15989,917;84
15990,917;1586
15991,917;9600
15992,917;58
15993,917;57
15994,917;72
15995,917;71
15996,917;1668
15997,917;9478
15998,917;71
15999,917;69
16000,917;69
16001,917;87
16002,917;1680
16003,917;9463
16004,917;73
16005,917;82
16006,917;83
16007,917;77
16008,917;1562
16009,917;9590
16010,917;70
16011,917;76
16012,917;67
16013,917;75
16014,917;1566
16015,917;9593
16016,917;62
16017,917;91
16018,917;64
16019,917;72
16020,917;1560
16021,917;9580
16022,917;72
16023,917;60
16024,917;67
16025,917;81
16026,917;1572
16027,917;9586
16028,917;62
16029,917;63
16030,917;76
16031,917;72
16032,917;1538
16033,917;9576
16034,917;70
16035,917;84
16036,917;69
16037,917;69
16038,917;1555
16039,917;9598
16040,917;67
16041,917;84
16042,917;80
16043,917;80
16044,917;1608
16045,917;9537
16046,917;63
16047,917;80
16048,917;77
16049,917;68
16050,917;1624
16051,917;9514
16052,917;74
16053,917;77
16054,917;62
16055,917;68
16056,917;1295
16057,917;9539
16058,917;61
16059,917;64
16062,111;75
16063,111;66
16064,111;1475
16065,111;9611
16066,111;54
16067,111;72
16068,111;63
16069,111;73
16070,111;1559
16071,111;9604
16072,111;60
16073,111;64
16074,111;77
16075,111;79
16076,111;1555
16077,111;9599
16078,111;63
16079,111;74
16080,111;76
16081,111;71
16082,111;1539
16083,111;9609
16084,111;75
16085,111;70
16086,111;70
16087,111;86
16088,111;1541
16089,111;9595
16090,111;69
16091,111;72
16092,111;73
16093,111;74
16094,111;1552
16095,111;9607
16096,111;70
16097,111;61
16098,111;62
16099,111;76
16100,111;1557
16101,111;9575
16102,111;70
16103,111;51
16104,111;63
16105,111;69
16106,111;1576
16107,111;9592
16108,111;69
16109,111;66
16110,111;63
16111,111;66
16112,111;1563
16113,111;9593
16114,111;61
16115,111;75
16116,111;88
16117,111;84
16118,111;1552
16119,111;9623
16120,111;79
16121,111;83
16122,111;79
16123,111;77
16124,111;1559
16125,111;9641
16126,111;56
16127,111;72
16128,111;74
16129,111;72
16130,111;1548
16131,111;9614
16132,111;78
16133,111;67
16134,111;76
16135,111;80
16136,111;1554
16137,111;9591
16138,111;74
16139,111;65
16140,111;56
16141,111;81
16142,111;1528
16143,111;9642
16144,111;72
16145,111;84
16146,111;69
16147,111;85
16148,111;1542
16149,111;9599
16150,111;58
16151,111;59
16152,111;74
16153,111;76
16154,111;1532
16155,111;9644
16156,111;53
16157,111;79
16158,111;68
16159,111;64
16160,111;1531
16161,111;9610
16162,111;58
16163,111;69
16164,111;63
16165,111;76
16166,111;1539
16167,111;9603
16168,111;73
16169,111;64
16170,111;61
16171,111;68
16172,111;1528
16173,111;9645
16174,111;76
16175,111;58
16176,111;69
16177,111;68
16178,111;1518
16179,111;9638
16180,111;51
16181,111;62
16182,111;74
16183,111;69
16184,111;1536
16185,111;9635
16186,111;69
16187,111;63
16188,111;78
16189,111;78
16190,111;1510
16191,111;9633
16192,111;64
16193,111;63
16194,111;72
16195,111;73
16196,111;1506
16197,111;9606
16198,111;69
16199,111;67
16200,111;61
16201,111;68
16202,111;1528
16203,111;9639
16204,111;67
16205,111;75
16206,111;76
16207,111;73
16208,111;1530
16209,111;9647
16210,111;68
16211,111;80
16212,111;71
16213,111;75
16214,111;1521
16215,111;9622
16216,111;68
16217,111;49
16218,111;77
16219,111;63
16220,111;1509
16221,111;9605
16222,111;68
16223,111;68
16224,111;57
16225,111;57
16226,111;1525
16227,111;9614
16228,111;55
16229,111;63
16230,111;65
16231,111;76
16232,111;1546
16233,111;9614
16234,111;58
16235,111;78
16236,111;71
16237,111;79
16238,111;1510
16239,111;9621
16240,111;91
16241,111;76
16242,111;80
16243,111;78
16244,111;1515
16245,111;9660
16246,111;66
16247,111;46
16248,111;50
16249,111;84
16250,111;1523
16251,111;9643
16252,111;68
16253,111;83
16254,111;70
16255,111;65
16256,111;1505
16257,111;9621
16258,111;69
16259,111;72
16260,111;50
16261,111;60
16262,111;1513
16263,111;9637
16263,783;66
16264,783;84
16265,783;59
16266,783;69
16267,783;1541
16268,783;9617
16269,783;66
16270,783;72
16271,783;63
16272,783;65
16273,783;1524
16274,783;9634
16275,783;54
16276,783;69
16277,783;68
16278,783;73
16279,783;1537
16280,783;9599
16281,783;56
16282,783;59
16283,783;60
16284,783;71
16285,783;1542
16286,783;9619
16287,783;60
16288,783;80
16289,783;68
16290,783;65
16291,783;1501
16292,783;9613
16293,783;59
16294,783;60
16295,783;62
16296,783;75
16297,783;1526
16298,783;9638
16299,783;57
16300,783;62
16301,783;56
16302,783;74
16303,783;1514
16304,783;9610
16305,783;68
16306,783;59
16307,783;77
16308,783;68
16309,783;1508
16310,783;9648
16311,783;53
16312,783;61
16313,783;55
16314,783;73
16315,783;1573
16316,783;9549
16317,783;65
16318,783;65
16319,783;67
16320,783;69
16321,783;1525
16322,783;9646
16323,783;65
16324,783;66
16325,783;65
16326,783;63
16327,783;1514
16328,783;9625
16329,783;58
16330,783;54
16331,783;61
16332,783;62
16333,783;1515
16334,783;9662
16335,783;67
16336,783;60
16337,783;68
16338,783;63
16339,783;1485
16340,783;9633
16341,783;69
16342,783;69
16343,783;45
16344,783;65
16345,783;1490
16346,783;9663
16347,783;52
16348,783;50
16349,783;60
16350,783;60
16351,783;1469
16352,783;9635
16353,783;64
16354,783;63
16355,783;60
16356,783;62
16357,783;1506
16358,783;9621
16359,783;59
16360,783;63
16361,783;51
16362,783;61
16363,783;1477
16364,84;9633
16365,84;66
16366,84;73
16367,84;57
16368,84;70
16369,84;1117
16370,84;9701
16371,84;43
16372,84;69
16373,84;59
16374,84;73
16375,84;1392
16376,84;9665
16377,84;63
16378,84;61
16379,84;70
16380,84;58
16381,84;1429
16382,84;9653
16383,84;62
16384,84;60
16385,84;57
16386,84;59
16387,84;1497
16388,84;9639
16389,84;50
16390,84;62
16391,84;72
16392,84;60
16393,84;1490
16394,84;9662
16395,84;66
16396,84;54
16397,84;68
16398,84;72
16399,84;1492
16400,84;9654
16401,84;55
16402,84;72
16403,84;56
16404,84;55
16405,84;1497
16406,84;9645
16407,84;70
16408,84;55
16409,84;57
16410,84;63
16411,84;1519
16412,84;9650
16413,84;68
16414,84;77
16415,84;52
16416,84;56
16417,84;1493
16418,84;9664
16419,84;68
16420,84;60
16421,84;76
16422,84;62
16423,84;1499
16424,84;9656
16425,84;77
16426,84;60
16427,84;50
16428,84;77
16429,84;1505
16430,84;9667
16431,84;64
16432,84;78
16433,84;64
16434,84;67
16435,84;1476
16436,84;9654
16437,84;57
16438,84;55
16439,84;73
16440,84;49
16441,84;1494
16442,84;9697
16443,84;65
16444,84;51
16445,84;67
16446,84;81
16447,84;1502
16448,84;9670
16449,84;61
16450,84;79
16451,84;58
16452,84;60
16453,84;1499
16454,84;9651
16455,84;61
16456,84;63
16457,84;68
16458,84;69
16459,84;1498
16460,84;9663
16461,84;63
16462,84;68
16463,84;73
16464,84;63
16465,93;1486
16466,93;9659
16467,93;64
16468,93;56
16469,93;59
16470,93;61
16471,93;1487
16472,93;9704
16473,93;63
16474,93;63
16475,93;70
16476,93;86
16477,93;1480
16478,93;9659
16479,93;59
16480,93;58
16481,93;60
16482,93;66
16483,93;1474
16484,93;9656
16485,93;58
16486,93;57
16487,93;62
16488,93;56
16489,93;1488
16490,93;9667
16491,93;59
16492,93;46
16493,93;73
16494,93;86
16495,93;1462
16496,93;9664
16497,93;71
16498,93;77
16499,93;63
16500,93;61
16501,93;1466
16502,93;9663
16503,93;74
16504,93;55
16505,93;82
16506,93;71
16507,93;1448
16508,93;9684
16509,93;72
16510,93;70
16511,93;72
16512,93;69
16513,93;1469
16514,93;9661
16515,93;63
16516,93;61
16517,93;76
16518,93;67
16519,93;1463
16520,93;9655
16521,93;67
16522,93;79
16523,93;72
16524,93;66
16525,93;1482
16526,93;9679
16527,93;61
16528,93;60
16529,93;68
16530,93;67
16531,93;1450
16532,93;9699
16533,93;67
16534,93;72
16535,93;58
16536,93;58
16537,93;1482
16538,93;9683
16539,93;65
16540,93;72
16541,93;62
16542,93;62
16543,93;1453
16544,93;9695
16545,93;60
16546,93;59
16547,93;64
16548,93;72
16549,93;1454
16550,93;9686
16551,93;67
16552,93;66
16553,93;75
16554,93;65
16555,93;1465
16556,93;9679
16557,93;56
16558,93;75
16559,93;72
16560,93;60
16561,93;1460
16562,93;9668
16563,93;73
16564,93;75
16565,93;67
16566,107;62
16567,107;1463
16568,107;9651
16569,107;54
16570,107;76
16571,107;57
16572,107;73
16573,107;1452
16574,107;9690
16575,107;73
16576,107;68
16577,107;76
16578,107;54
16579,107;1471
16580,107;9690
16581,107;63
16582,107;64
16583,107;66
16584,107;78
16585,107;1468
16586,107;9698
16587,107;58
16588,107;63
16589,107;78
16590,107;82
16591,107;1474
16592,107;9689
16593,107;62
16594,107;65
16595,107;71
16596,107;78
16597,107;1461
16598,107;9681
16599,107;58
16600,107;64
16601,107;84
16602,107;59
16603,107;1469
16604,107;9673
16605,107;56
16606,107;69
16607,107;76
16608,107;63
16609,107;1477
16610,107;9650
16611,107;72
16612,107;74
16613,107;57
16614,107;86
16615,107;1457
16616,107;9688
16617,107;70
16618,107;69
16619,107;86
16620,107;78
16621,107;1509
16622,107;9622
16623,107;66
16624,107;74
16625,107;64
16626,107;73
16627,107;1543
16628,107;9598
16629,107;61
16630,107;79
16631,107;82
16632,107;61
16633,107;1462
16634,107;9689
16635,107;80
16636,107;68
16637,107;70
16638,107;67
16639,107;1591
16640,107;9582
16641,107;63
16642,107;68
16643,107;76
16644,107;80
16645,107;1539
16646,107;9610
16647,107;72
16648,107;74
16649,107;70
16650,107;85
16651,107;1473
16652,107;9678
16653,107;63
16654,107;84
16655,107;65
16656,107;73
16657,107;1472
16658,107;9687
16659,107;64
16660,107;62
16661,107;81
16662,107;69
16663,107;1473
16664,107;9696
16665,107;56
16666,107;72
16668,107;82
16669,107;69
16670,107;1495
16671,107;9678
16672,107;69
16673,107;59
16674,107;64
16675,107;69
16676,107;1459
16677,107;9694
16678,107;80
16679,107;73
16680,107;59
16681,107;74
16682,107;1130
16683,107;9719
16684,107;65
16685,107;76
16686,107;67
16687,107;55
16688,107;1408
16689,107;9700
16690,107;84
16691,107;57
16692,107;68
16693,107;79
16694,107;1466
16695,107;9707
16696,107;70
16697,107;72
16698,107;83
16699,107;63
16700,107;1465
16701,107;9705
16702,107;63
16703,107;68
16704,107;73
16705,107;77
16706,107;1489
16707,107;9726
16708,107;59
16709,107;69
16710,107;69
16711,107;74
16712,107;1454
16713,107;9732
16714,107;78
16715,107;73
16716,107;71
16717,107;71
16718,107;1483
16719,107;9692
16720,107;92
16721,107;70
16722,107;72
16723,107;81
16724,107;1458
16725,107;9699
16726,107;76
16727,107;72
16728,107;80
16729,107;65
16730,107;1474
16731,107;9712
16732,107;72
16733,107;79
16734,107;90
16735,107;78
16736,107;1484
16737,107;9704
16738,107;60
16739,107;60
16740,107;64
16741,107;76
16742,107;1459
16743,107;9713
16744,107;69
16745,107;73
16746,107;67
16747,107;80
16748,107;1475
16749,107;9693
16750,107;64
16751,107;59
16752,107;75
16753,107;89
16754,107;1477
16755,107;9706
16756,107;71
16757,107;66
16758,107;70
16759,107;74
16760,107;1454
16761,107;9708
16762,107;72
16763,107;65
16764,107;76
16765,107;74
16766,107;1466
16767,107;9712
16768,107;66
16768,009;49
16769,009;74
16770,009;73
16771,009;1455
16772,009;9701
16773,009;58
16774,009;69
16775,009;68
16776,009;89
16777,009;1484
16778,009;9721
16779,009;62
16780,009;75
16781,009;69
16782,009;82
16783,009;1473
16784,009;9683
16785,009;67
16786,009;49
16787,009;69
16788,009;60
16789,009;1465
16790,009;9694
16791,009;57
16792,009;63
16793,009;68
16794,009;51
16795,009;1452
16796,009;9704
16797,009;49
16798,009;68
16799,009;61
16800,009;75
16801,009;1436
16802,009;9725
16803,009;67
16804,009;60
16805,009;54
16806,009;75
16807,009;1455
16808,009;9716
16809,009;79
16810,009;65
16811,009;62
16812,009;68
16813,009;1437
16814,009;9707
16815,009;59
16816,009;65
16817,009;59
16818,009;83
16819,009;1439
16820,009;9731
16821,009;58
16822,009;78
16823,009;63
16824,009;58
16825,009;1448
16826,009;9741
16827,009;58
16828,009;81
16829,009;67
16830,009;67
16831,009;1428
16832,009;9725
16833,009;61
16834,009;65
16835,009;60
16836,009;63
16837,009;1413
16838,009;9727
16839,009;73
16840,009;58
16841,009;62
16842,009;76
16843,009;1417
16844,009;9720
16845,009;57
16846,009;60
16847,009;63
16848,009;76
16849,009;1436
16850,009;9714
16851,009;56
16852,009;60
16853,009;61
16854,009;70
16855,009;1441
16856,009;9695
16857,009;63
16858,009;79
16859,009;65
16860,009;76
16861,009;1418
16862,009;9726
16863,009;73
16864,009;59
16865,009;79
16866,009;80
16867,009;1493
16868,009;9664
16869,332;73
16870,332;52
16871,332;78
16872,332;67
16873,332;1441
16874,332;9732
16875,332;53
16876,332;68
16877,332;72
16878,332;61
16879,332;1422
16880,332;9744
16881,332;69
16882,332;61
16883,332;66
16884,332;74
16885,332;1482
16886,332;9668
16887,332;78
16888,332;61
16889,332;51
16890,332;66
16891,332;1438
16892,332;9717
16893,332;64
16894,332;73
16895,332;62
16896,332;71
16897,332;1432
16898,332;9718
16899,332;65
16900,332;64
16901,332;69
16902,332;64
16903,332;1439
16904,332;9750
16905,332;46
16906,332;66
16907,332;66
16908,332;68
16909,332;1490
16910,332;9666
16911,332;55
16912,332;75
16913,332;66
16914,332;52
16915,332;1436
16916,332;9700
16917,332;65
16918,332;80
16919,332;71
16920,332;64
16921,332;1405
16922,332;9744
16923,332;65
16924,332;68
16925,332;63
16926,332;85
16927,332;1501
16928,332;9657
16929,332;61
16930,332;52
16931,332;64
16932,332;69
16933,332;1423
16934,332;9737
16935,332;67
16936,332;72
16937,332;56
16938,332;73
16939,332;1424
16940,332;9742
16941,332;58
16942,332;71
16943,332;67
16944,332;69
16945,332;1413
16946,332;9759
16947,332;69
16948,332;61
16949,332;65
16950,332;70
16951,332;1411
16952,332;9735
16953,332;61
16954,332;50
16955,332;78
16956,332;67
16957,332;1409
16958,332;9735
16959,332;56
16960,332;68
16961,332;80
16962,332;68
16963,332;1405
16964,332;9733
16965,332;60
16966,332;60
16967,332;64
16968,332;76
16969,332;1417
16971,301;9720
16972,301;46
16973,301;57
16974,301;52
16975,301;77
16976,301;1454
16977,301;9687
16978,301;63
16979,301;43
16980,301;59
16981,301;76
16982,301;1471
16983,301;9622
16984,301;66
16985,301;59
16986,301;66
16987,301;59
16988,301;1432
16989,301;9678
16990,301;58
16991,301;66
16992,301;70
16993,301;67
16994,301;1025
16995,301;9792
16996,301;59
16997,301;50
16998,301;54
16999,301;66
17000,301;1439
17001,301;9608
17002,301;56
17003,301;52
17004,301;61
17005,301;60
17006,301;1405
17007,301;9774
17008,301;56
17009,301;73
17010,301;74
17011,301;55
17012,301;1403
17013,301;9758
17014,301;70
17015,301;71
17016,301;65
17017,301;55
17018,301;1389
17019,301;9735
17020,301;56
17021,301;72
17022,301;69
17023,301;64
17024,301;1390
17025,301;9743
17026,301;53
17027,301;63
17028,301;61
17029,301;81
17030,301;1394
17031,301;9768
17032,301;60
17033,301;52
17034,301;66
17035,301;60
17036,301;1406
17037,301;9745
17038,301;63
17039,301;64
17040,301;75
17041,301;68
17042,301;1389
17043,301;9738
17044,301;54
17045,301;47
17046,301;52
17047,301;65
17048,301;1403
17049,301;9754
17050,301;48
17051,301;65
17052,301;71
17053,301;70
17054,301;1391
17055,301;9768
17056,301;48
17057,301;69
17058,301;68
17059,301;80
17060,301;1386
17061,301;9770
17062,301;63
17063,301;87
17064,301;71
17065,301;58
17066,301;1386
17067,301;9765
17068,301;69
17069,301;72
17070,301;76
17071,301;72
17071,852;1394
17072,852;9762
17073,852;61
17074,852;53
17075,852;78
17076,852;65
17077,852;1384
17078,852;9757
17079,852;58
17080,852;68
17081,852;65
17082,852;80
17083,852;1402
17084,852;9736
17085,852;58
17086,852;67
17087,852;72
17088,852;73
17089,852;1379
17090,852;9760
17091,852;71
17092,852;66
17093,852;65
17094,852;68
17095,852;1402
17096,852;9768
17097,852;59
17098,852;60
17099,852;75
17100,852;75
17101,852;1393
17102,852;9764
17103,852;64
17104,852;74
17105,852;58
17106,852;57
17107,852;1411
17108,852;9757
17109,852;69
17110,852;57
17111,852;72
17112,852;70
17113,852;1382
17114,852;9724
17115,852;71
17116,852;82
17117,852;62
17118,852;65
17119,852;1389
17120,852;9761
17121,852;63
17122,852;52
17123,852;70
17124,852;60
17125,852;1388
17126,852;9764
17127,852;74
17128,852;74
17129,852;69
17130,852;74
17131,852;1401
17132,852;9764
17133,852;74
17134,852;52
17135,852;60
17136,852;60
17137,852;1385
17138,852;9763
17139,852;61
17140,852;59
17141,852;65
17142,852;60
17143,852;1394
17144,852;9760
17145,852;56
17146,852;65
17147,852;75
17148,852;62
17149,852;1396
17150,852;9739
17151,852;69
17152,852;73
17153,852;81
17154,852;61
17155,852;1386
17156,852;9786
17157,852;64
17158,852;66
17159,852;71
17160,852;56
17161,852;1386
17162,852;9775
17163,852;62
17164,852;79
17165,852;64
17166,852;66
17167,852;1388
17168,852;9783
17169,852;65
17170,852;69
17171,852;71
17172,852;66
17173,852;1379
17174,852;9795
17175,852;76
17176,852;67
17177,852;76
17178,852;79
17179,852;1382
17180,852;9798
17181,852;67
17182,852;69
17183,852;81
17184,852;57
17185,852;1389
17186,852;9766
17187,852;56
17188,852;64
17189,852;62
17190,852;75
17191,852;1387
17192,852;9751
17193,852;62
17194,852;76
17195,852;77
17196,852;76
17197,852;1375
17198,852;9785
17199,852;73
17200,852;54
17201,852;63
17202,852;69
17203,852;1382
17204,852;9763
17205,852;70
17206,852;69
17207,852;64
17208,852;72
17209,852;1389
17210,852;9743
17211,852;73
17212,852;61
17213,852;65
17214,852;60
17215,852;1390
17216,852;9764
17217,852;58
17218,852;61
17219,852;91
17220,852;87
17221,852;1375
17222,852;9767
17223,852;62
17224,852;59
17225,852;81
17226,852;52
17227,852;1395
17228,852;9800
17229,852;58
17230,852;75
17231,852;66
17232,852;75
17233,852;1395
17234,852;9762
17235,852;81
17236,852;80
17237,852;75
17238,852;54
17239,852;1391
17240,852;9789
17241,852;63
17242,852;71
17243,852;78
17244,852;69
17245,852;1392
17246,852;9754
17247,852;70
17248,852;57
17249,852;59
17250,852;72
17251,852;1364
17252,852;9793
17253,852;62
17254,852;74
17255,852;78
17256,852;76
17257,852;1396
17258,852;9789
17259,852;71
17260,852;68
17261,852;74
17262,852;69
17263,852;1393
17264,852;9782
17265,852;67
17266,852;72
17267,852;62
17268,852;75
17269,852;1407
17270,852;9750
17271,852;51
17272,852;61
17273,995;63
17274,995;81
17275,995;1404
17276,995;9788
17277,995;75
17278,995;66
17279,995;52
17280,995;87
17281,995;1368
17282,995;9785
17283,995;64
17284,995;51
17285,995;65
17286,995;76
17287,995;1374
17288,995;9801
17289,995;65
17290,995;60
17291,995;88
17292,995;69
17293,995;1393
17294,995;9787
17295,995;59
17296,995;65
17297,995;75
17298,995;62
17299,995;1373
17300,995;9823
17301,995;65
17302,995;62
17303,995;67
17304,995;79
17305,995;992
17306,995;9836
17307,995;67
17308,995;77
17309,995;67
17310,995;80
17311,995;1323
17312,995;9807
17313,995;63
17314,995;70
17315,995;69
17316,995;82
17317,995;1348
17318,995;9795
17319,995;55
17320,995;52
17321,995;55
17322,995;83
17323,995;1344
17324,995;9806
17325,995;62
17326,995;63
17327,995;84
17328,995;85
17329,995;1373
17330,995;9784
17331,995;65
17332,995;46
17333,995;70
17334,995;81
17335,995;1373
17336,995;9821
17337,995;64
17338,995;64
17339,995;78
17340,995;70
17341,995;1373
17342,995;9780
17343,995;76
17344,995;72
17345,995;66
17346,995;63
17347,995;1365
17348,995;9813
17349,995;58
17350,995;72
17351,995;69
17352,995;72
17353,995;1364
17354,995;9812
17355,995;64
17356,995;70
17357,995;77
17358,995;61
17359,995;1374
17360,995;9814
17361,995;63
17362,995;62
17363,995;80
17364,995;66
17365,995;1362
17366,995;9806
17367,995;84
17368,995;67
17369,995;62
17370,995;63
17371,995;1384
17372,995;9822
17373,995;70
17374,697;65
17375,697;73
17376,697;70
17377,697;1362
17378,697;9795
17379,697;63
17380,697;58
17381,697;69
17382,697;85
17383,697;1354
17384,697;9824
17385,697;54
17386,697;62
17387,697;63
17388,697;75
17389,697;1372
17390,697;9809
17391,697;68
17392,697;63
17393,697;65
17394,697;68
17395,697;1336
17396,697;9822
17397,697;73
17398,697;79
17399,697;74
17400,697;83
17401,697;1345
17402,697;9767
17403,697;63
17404,697;56
17405,697;72
17406,697;74
17407,697;1355
17408,697;9821
17409,697;82
17410,697;63
17411,697;63
17412,697;80
17413,697;1318
17414,697;9819
17415,697;70
17416,697;70
17417,697;78
17418,697;75
17419,697;1341
17420,697;9842
17421,697;68
17422,697;74
17423,697;63
17424,697;66
17425,697;1357
17426,697;9761
17427,697;61
17428,697;62
17429,697;65
17430,697;82
17431,697;1340
17432,697;9789
17433,697;61
17434,697;67
17435,697;56
17436,697;71
17437,697;1333
17438,697;9857
17439,697;83
17440,697;72
17441,697;70
17442,697;80
17443,697;1343
17444,697;9818
17445,697;62
17446,697;58
17447,697;72
17448,697;63
17449,697;1324
17450,697;9808
17451,697;50
17452,697;61
17453,697;64
17454,697;64
17455,697;1356
17456,697;9803
17457,697;72
17458,697;61
17459,697;77
17460,697;68
17461,697;1321
17462,697;9813
17463,697;60
17464,697;75
17465,697;51
17466,697;83
17467,697;1334
17468,697;9817
17469,697;57
17470,697;61
17471,697;85
17472,697;65
17473,697;1335
17474,697;9817
17475,046;64
17476,046;66
17477,046;69
17478,046;61
17479,046;1311
17480,046;9800
17481,046;62
17482,046;69
17483,046;71
17484,046;75
17485,046;1333
17486,046;9800
17487,046;59
17488,046;54
17489,046;71
17490,046;70
17491,046;1338
17492,046;9809
17493,046;68
17494,046;78
17495,046;70
17496,046;80
17497,046;1340
17498,046;9813
17499,046;75
17500,046;81
17501,046;75
17502,046;65
17503,046;1344
17504,046;9811
17505,046;53
17506,046;76
17507,046;74
17508,046;59
17509,046;1345
17510,046;9840
17511,046;62
17512,046;60
17513,046;74
17514,046;73
17515,046;1319
17516,046;9850
17517,046;61
17518,046;74
17519,046;53
17520,046;68
17521,046;1313
17522,046;9845
17523,046;67
17524,046;72
17525,046;67
17526,046;74
17527,046;1309
17528,046;9837
17529,046;54
17530,046;58
17531,046;69
17532,046;64
17533,046;1419
17534,046;9735
17535,046;61
17536,046;75
17537,046;64
17538,046;62
17539,046;1325
17540,046;9828
17541,046;57
17542,046;57
17543,046;61
17544,046;57
17545,046;1307
17546,046;9846
17547,046;60
17548,046;60
17549,046;54
17550,046;62
17551,046;1324
17552,046;9825
17553,046;70
17554,046;65
17555,046;59
17556,046;85
17557,046;1335
17558,046;9806
17559,046;67
17560,046;60
17561,046;97
17562,046;62
17563,046;1327
17564,046;9849
17565,046;67
17566,046;71
17567,046;71
17568,046;71
17569,046;1318
17570,046;9843
17571,046;60
17572,046;43
17573,046;74
17574,046;83
17575,046;1315
17576,812;9800
17577,812;74
17578,812;60
17579,812;62
17580,812;47
17581,812;1306
17582,812;9859
17583,812;72
17584,812;81
17585,812;67
17586,812;59
17587,812;1327
17588,812;9809
17589,812;44
17590,812;53
17591,812;64
17592,812;71
17593,812;1305
17594,812;9825
17595,812;66
17596,812;62
17597,812;70
17598,812;71
17599,812;1284
17600,812;9854
17601,812;59
17602,812;70
17603,812;75
17604,812;53
17605,812;1318
17606,812;9845
17607,812;53
17608,812;59
17609,812;73
17610,812;74
17611,812;1283
17612,812;9834
17613,812;74
17614,812;65
17615,812;60
17616,812;59
17617,812;929
17618,812;9860
17619,812;54
17620,812;54
17621,812;45
17622,812;61
17623,812;1224
17624,812;9847
17625,812;53
17626,812;62
17627,812;64
17628,812;58
17629,812;1291
17630,812;9846
17631,812;52
17632,812;59
17633,812;56
17634,812;69
17635,812;1293
17636,812;9846
17637,812;60
17638,812;56
17639,812;70
17640,812;78
17641,812;1293
17642,812;9871
17643,812;69
17644,812;60
17645,812;54
17646,812;52
17647,812;1305
17648,812;9829
17649,812;53
17650,812;68
17651,812;58
17652,812;71
17653,812;1292
17654,812;9854
17655,812;61
17656,812;63
17657,812;68
17658,812;56
17659,812;1282
17660,812;9844
17661,812;66
17662,812;64
17663,812;52
17664,812;80
17665,812;1314
17666,812;9844
17667,812;41
17668,812;77
17669,812;74
17670,812;56
17671,812;1315
17672,812;9856
17673,812;64
17674,812;77
17675,812;66
17676,812;58
17677,521;1305
17678,521;9845
17679,521;51
17680,521;65
17681,521;62
17682,521;81
17683,521;1311
17684,521;9835
17685,521;54
17686,521;58
17687,521;69
17688,521;60
17689,521;1280
17690,521;9866
17691,521;59
17692,521;59
17693,521;67
17694,521;63
17695,521;1283
17696,521;9836
17697,521;72
17698,521;70
17699,521;64
17700,521;62
17701,521;1271
17702,521;9896
17703,521;72
17704,521;54
17705,521;52
17706,521;61
17707,521;1290
17708,521;9888
17709,521;64
17710,521;73
17711,521;69
17712,521;66
17713,521;1283
17714,521;9860
17715,521;66
17716,521;65
17717,521;59
17718,521;69
17719,521;1405
17720,521;9739
17721,521;61
17722,521;56
17723,521;73
17724,521;69
17725,521;1298
17726,521;9845
17727,521;66
17728,521;72
17729,521;72
17730,521;78
17731,521;1285
17732,521;9858
17733,521;65
17734,521;65
17735,521;65
17736,521;69
17737,521;1275
17738,521;9898
17739,521;63
17740,521;66
17741,521;68
17742,521;61
17743,521;1282
17744,521;9871
17745,521;57
17746,521;54
17747,521;74
17748,521;62
17749,521;1291
17750,521;9851
17751,521;63
17752,521;67
17753,521;58
17754,521;68
17755,521;1279
17756,521;9876
17757,521;64
17758,521;68
17759,521;68
17760,521;62
17761,521;1284
17762,521;9867
17763,521;65
17764,521;60
17765,521;83
17766,521;65
17767,521;1278
17768,521;9872
17769,521;73
17770,521;63
17771,521;57
17772,521;63
17773,521;1280
17774,521;9877
17775,521;55
17776,521;75
17777,521;78
17778,521;73
17779,521;1276
17780,521;9881
17781,521;65
17782,521;54
17783,521;76
17784,521;57
17785,521;1286
17786,521;9884
17787,521;56
17788,521;54
17789,521;67
17790,521;65
17791,521;1273
17792,521;9875
17793,521;76
17794,521;76
17795,521;62
17796,521;63
17797,521;1292
17798,521;9875
17799,521;57
17800,521;61
17801,521;61
17802,521;59
17803,521;1278
17804,521;9891
17805,521;78
17806,521;67
17807,521;62
17808,521;63
17809,521;1294
17810,521;9841
17811,521;76
17812,521;60
17813,521;67
17814,521;64
17815,521;1298
17816,521;9881
17817,521;79
17818,521;59
17819,521;61
17820,521;55
17821,521;1276
17822,521;9855
17823,521;54
17824,521;75
17825,521;68
17826,521;68
17827,521;1285
17828,521;9853
17829,521;72
17830,521;68
17831,521;64
17832,521;73
17833,521;1293
17834,521;9899
17835,521;57
17836,521;64
17837,521;81
17838,521;77
17839,521;1284
17840,521;9892
17841,521;72
17842,521;56
17843,521;66
17844,521;78
17845,521;1277
17846,521;9868
17847,521;75
17848,521;75
17849,521;72
17850,521;58
17851,521;1275
17852,521;9877
17853,521;51
17854,521;77
17855,521;82
17856,521;76
17857,521;1279
17858,521;9864
17859,521;68
17860,521;71
17861,521;64
17862,521;67
17863,521;1280
17864,521;9899
17865,521;67
17866,521;67
17867,521;57
17868,521;67
17869,521;1304
17870,521;9831
17871,521;65
17872,521;62
17873,521;78
17874,521;73
17875,521;1304
17876,521;9883
17877,521;59
17878,521;72
17879,174;65
17880,174;81
17881,174;1281
17882,174;9919
17883,174;76
17884,174;68
17885,174;69
17886,174;84
17887,174;1279
17888,174;9868
17889,174;70
17890,174;77
17891,174;74
17892,174;95
17893,174;1284
17894,174;9895
17895,174;78
17896,174;77
17897,174;69
17898,174;66
17899,174;1265
17900,174;9895
17901,174;63
17902,174;75
17903,174;68
17904,174;83
17905,174;1280
17906,174;9878
17907,174;78
17908,174;65
17909,174;71
17910,174;74
17911,174;1266
17912,174;9897
17913,174;87
17914,174;70
17915,174;71
17916,174;81
17917,174;1271
17918,174;9906
17919,174;70
17920,174;63
17921,174;73
17922,174;65
17923,174;1264
17924,174;9904
17925,174;72
17926,174;70
17927,174;76
17928,174;77
17929,174;906
17930,174;9936
17931,174;79
17932,174;64
17933,174;67
17934,174;71
17935,174;1182
17936,174;9911
17937,174;78
17938,174;76
17939,174;84
17940,174;67
17941,174;1236
17942,174;9899
17943,174;79
17944,174;83
17945,174;71
17946,174;64
17947,174;1269
17948,174;9891
17949,174;83
17950,174;86
17951,174;83
17952,174;83
17953,174;1260
17954,174;9912
17955,174;49
17956,174;70
17957,174;87
17958,174;79
17959,174;1247
17960,174;9886
17961,174;64
17962,174;79
17963,174;66
17964,174;52
17965,174;1261
17966,174;9913
17967,174;82
17968,174;57
17969,174;59
17970,174;77
17971,174;1250
17972,174;9889
17973,174;73
17974,174;47
17975,174;63
17976,174;79
17977,174;1271
17978,174;9900
17979,174;67
17980,902;81
17981,902;72
17982,902;69
17983,902;1252
17984,902;9909
17985,902;68
17986,902;66
17987,902;67
17988,902;64
17989,902;1266
17990,902;9907
17991,902;62
17992,902;84
17993,902;70
17994,902;77
17995,902;1256
17996,902;9910
17997,902;66
17998,902;60
17999,902;68
18000,902;91
18001,902;1247
18002,902;9929
18003,902;57
18004,902;61
18005,902;58
18006,902;65
18007,902;1259
18008,902;9923
18009,902;61
18010,902;65
18011,902;69
18012,902;62
18013,902;1261
18014,902;9890
18015,902;51
18016,902;59
18017,902;80
18018,902;46
18019,902;1221
18020,902;9913
18021,902;68
18022,902;68
18023,902;76
18024,902;69
18025,902;1231
18026,902;9899
18027,902;56
18028,902;65
18029,902;66
18030,902;82
18031,902;1228
18032,902;9924
18033,902;75
18034,902;70
18035,902;80
18036,902;77
18037,902;1192
18038,902;9938
18039,902;51
18040,902;64
18041,902;67
18042,902;58
18043,902;1223
18044,902;9880
18045,902;59
18046,902;67
18047,902;68
18048,902;75
18049,902;1234
18050,902;9906
18051,902;64
18052,902;79
18053,902;87
18054,902;66
18055,902;1212
18056,902;9929
18057,902;73
18058,902;73
18059,902;77
18060,902;72
18061,902;1223
18062,902;9929
18063,902;71
18064,902;69
18065,902;74
18066,902;65
18067,902;1247
18068,902;9919
18069,902;83
18070,902;63
18071,902;81
18072,902;60
18073,902;1232
18074,902;9909
18075,902;74
18076,902;65
18077,902;66
18078,902;59
18079,902;1220
18080,902;9956
18081,618;63
18082,618;62
18083,618;65
18084,618;65
18085,618;1223
18086,618;9943
18087,618;67
18088,618;65
18089,618;73
18090,618;84
18091,618;1223
18092,618;9916
18093,618;59
18094,618;71
18095,618;63
18096,618;77
18097,618;1210
18098,618;9891
18099,618;75
18100,618;60
18101,618;76
18102,618;70
18103,618;1222
18104,618;9927
18105,618;67
18106,618;66
18107,618;76
18108,618;74
18109,618;1236
18110,618;9951
18111,618;76
18112,618;80
18113,618;69
18114,618;71
18115,618;1207
18116,618;9939
18117,618;56
18118,618;56
18119,618;69
18120,618;61
18121,618;1229
18122,618;9931
18123,618;58
18124,618;74
18125,618;61
18126,618;70
18127,618;1230
18128,618;9910
18129,618;68
18130,618;57
18131,618;62
18132,618;66
18133,618;1197
18134,618;9937
18135,618;55
18136,618;76
18137,618;63
18138,618;63
18139,618;1210
18140,618;9905
18141,618;70
18142,618;68
18143,618;72
18144,618;83
18145,618;1196
18146,618;9937
18147,618;53
18148,618;57
18149,618;69
18150,618;76
18151,618;1211
18152,618;9921
18153,618;77
18154,618;59
18155,618;68
18156,618;74
18157,618;1222
18158,618;9942
18159,618;67
18160,618;56
18161,618;65
18162,618;79
18163,618;1208
18164,618;9925
18165,618;61
18166,618;71
18167,618;58
18168,618;67
18169,618;1211
18170,618;9929
18171,618;71
18172,618;62
18173,618;66
18174,618;62
18175,618;1208
18176,618;9948
18177,618;60
18178,618;47
18179,618;59
18180,618;68
18181,618;1219
18182,944;9943
18183,944;58
18184,944;70
18185,944;68
18186,944;66
18187,944;1218
18188,944;9942
18189,944;63
18190,944;56
18191,944;73
18192,944;58
18193,944;1200
18194,944;9926
18195,944;69
18196,944;90
18197,944;64
18198,944;70
18199,944;1211
18200,944;9952
18201,944;64
18202,944;62
18203,944;67
18204,944;63
18205,944;1207
18206,944;9933
18207,944;52
18208,944;59
18209,944;79
18210,944;58
18211,944;1233
18212,944;9927
18213,944;56
18214,944;65
18215,944;78
18216,944;65
18217,944;1196
18218,944;9968
18219,944;62
18220,944;57
18221,944;71
18222,944;49
18223,944;1203
18224,944;9926
18225,944;52
18226,944;68
18227,944;67
18228,944;60
18229,944;1172
18230,944;9955
18231,944;68
18232,944;54
18233,944;65
18234,944;64
18235,944;1187
18236,944;9945
18237,944;54
18238,944;50
18239,944;66
18240,944;59
18241,944;814
18242,944;9991
18243,944;48
18244,944;52
18245,944;78
18246,944;67
18247,944;1121
18248,944;9920
18249,944;49
18250,944;53
18251,944;58
18252,944;47
18253,944;1154
18254,944;9967
18255,944;63
18256,944;75
18257,944;66
18258,944;57
18259,944;1197
18260,944;9888
18261,944;62
18262,944;47
18263,944;71
18264,944;56
18265,944;1173
18266,944;9934
18267,944;61
18268,944;68
18269,944;74
18270,944;59
18271,944;1162
18272,944;9928
18273,944;51
18274,944;71
18275,944;60
18276,944;62
18277,944;1181
18278,944;9962
18279,944;71
18280,944;54
18281,944;72
18282,944;59
18283,944;1191
18284,944;9969
18285,944;49
18286,944;61
18287,944;65
18288,944;67
18289,944;1186
18290,944;9973
18291,944;64
18292,944;61
18293,944;64
18294,944;68
18295,944;1179
18296,944;9955
18297,944;44
18298,944;58
18299,944;58
18300,944;73
18301,944;1183
18302,944;9965
18303,944;66
18304,944;60
18305,944;54
18306,944;69
18307,944;1177
18308,944;9975
18309,944;66
18310,944;56
18311,944;66
18312,944;72
18313,944;1160
18314,944;9955
18315,944;68
18316,944;64
18317,944;57
18318,944;69
18319,944;1163
18320,944;9945
18321,944;68
18322,944;80
18323,944;63
18324,944;81
18325,944;1155
18326,944;9927
18327,944;68
18328,944;71
18329,944;50
18330,944;67
18331,944;1164
18332,944;9984
18333,944;57
18334,944;75
18335,944;58
18336,944;79
18337,944;1202
18338,944;9893
18339,944;57
18340,944;79
18341,944;63
18342,944;72
18343,944;1168
18344,944;9975
18345,944;57
18346,944;68
18347,944;83
18348,944;65
18349,944;1208
18350,944;9895
18351,944;67
18352,944;75
18353,944;70
18354,944;80
18355,944;1183
18356,944;9947
18357,944;65
18358,944;80
18359,944;73
18360,944;80
18361,944;1153
18362,944;9977
18363,944;68
18364,944;69
18365,944;85
18366,944;66
18367,944;1185
18368,944;9986
18369,944;69
18370,944;70
18371,944;71
18372,944;70
18373,944;1161
18374,944;9962
18375,944;72
18376,944;77
18377,944;61
18378,944;67
18379,944;1144
18380,944;9978
18381,944;73
18382,944;80
18383,944;66
18384,33;49
18385,33;1183
18386,33;9967
18387,33;74
18388,33;70
18389,33;70
18390,33;75
18391,33;1163
18392,33;9985
18393,33;66
18394,33;63
18395,33;83
18396,33;72
18397,33;1165
18398,33;9947
18399,33;56
18400,33;63
18401,33;63
18402,33;69
18403,33;1163
18404,33;9973
18405,33;57
18406,33;71
18407,33;72
18408,33;56
18409,33;1147
18410,33;9996
18411,33;60
18412,33;75
18413,33;68
18414,33;72
18415,33;1149
18416,33;9993
18417,33;50
18418,33;72
18419,33;73
18420,33;79
18421,33;1167
18422,33;9972
18423,33;70
18424,33;70
18425,33;57
18426,33;63
18427,33;1147
18428,33;9983
18429,33;65
18430,33;54
18431,33;66
18432,33;66
18433,33;1147
18434,33;9958
18435,33;56
18436,33;68
18437,33;71
18438,33;85
18439,33;1226
18440,33;9909
18441,33;67
18442,33;79
18443,33;76
18444,33;57
18445,33;1212
18446,33;9922
18447,33;63
18448,33;72
18449,33;82
18450,33;76
18451,33;1198
18452,33;9948
18453,33;76
18454,33;76
18455,33;76
18456,33;62
18457,33;1160
18458,33;9965
18459,33;63
18460,33;72
18461,33;64
18462,33;67
18463,33;1157
18464,33;9988
18465,33;60
18466,33;67
18467,33;54
18468,33;70
18469,33;1154
18470,33;9969
18471,33;75
18472,33;71
18473,33;68
18474,33;66
18475,33;1153
18476,33;10001
18477,33;71
18478,33;68
18479,33;52
18480,33;73
18481,33;1155
18482,33;9951
18483,33;71
18484,33;80
18485,151;58
18486,151;83
18487,151;1176
18488,151;9976
18489,151;68
18490,151;73
18491,151;67
18492,151;67
18493,151;1231
18494,151;9905
18495,151;68
18496,151;62
18497,151;59
18498,151;69
18499,151;1181
18500,151;9978
18501,151;72
18502,151;85
18503,151;87
18504,151;69
18505,151;1164
18506,151;9966
18507,151;64
18508,151;69
18509,151;77
18510,151;74
18511,151;1175
18512,151;9965
18513,151;71
18514,151;62
18515,151;70
18516,151;60
18517,151;1157
18518,151;10000
18519,151;65
18520,151;68
18521,151;75
18522,151;51
18523,151;1173
18524,151;9996
18525,151;72
18526,151;74
18527,151;58
18528,151;69
18529,151;1153
18530,151;9994
18531,151;62
18532,151;69
18533,151;64
18534,151;76
18535,151;1147
18536,151;10031
18537,151;65
18538,151;66
18539,151;79
18540,151;71
18541,151;1138
18542,151;10004
18543,151;67
18544,151;85
18545,151;77
18546,151;82
18547,151;1155
18548,151;9976
18549,151;62
18550,151;73
18551,151;83
18552,151;76
18553,151;751
18554,151;10068
18555,151;70
18556,151;65
18557,151;74
18558,151;65
18559,151;1047
18560,151;10017
18561,151;68
18562,151;84
18563,151;67
18564,151;81
18565,151;1129
18566,151;9986
18567,151;76
18568,151;59
18569,151;55
18570,151;72
18571,151;1149
18572,151;10002
18573,151;66
18574,151;70
18575,151;67
18576,151;74
18577,151;1147
18578,151;9997
18579,151;73
18580,151;68
18581,151;68
18582,151;72
18583,151;1133
18584,151;10009
18585,151;60
18586,304;68
18587,304;79
18588,304;77
18589,304;1125
18590,304;10007
18591,304;70
18592,304;79
18593,304;82
18594,304;94
18595,304;1124
18596,304;9998
18597,304;53
18598,304;73
18599,304;79
18600,304;79
18601,304;1143
18602,304;10007
18603,304;62
18604,304;70
18605,304;82
18606,304;64
18607,304;1130
18608,304;10000
18609,304;63
18610,304;64
18611,304;79
18612,304;69
18613,304;1129
18614,304;10030
18615,304;51
18616,304;69
18617,304;72
18618,304;58
18619,304;1127
18620,304;10056
18621,304;62
18622,304;67
18623,304;79
18624,304;59
18625,304;1130
18626,304;10001
18627,304;72
18628,304;58
18629,304;77
18630,304;57
18631,304;1174
18632,304;9981
18633,304;66
18634,304;67
18635,304;58
18636,304;70
18637,304;1113
18638,304;10009
18639,304;78
18640,304;81
18641,304;66
18642,304;69
18643,304;1102
18644,304;9980
18645,304;74
18646,304;72
18647,304;72
18648,304;81
18649,304;1106
18650,304;10024
18651,304;57
18652,304;70
18653,304;71
18654,304;74
18655,304;1085
18656,304;10021
18657,304;69
18658,304;60
18659,304;66
18660,304;51
18661,304;1117
18662,304;10037
18663,304;66
18664,304;73
18665,304;70
18666,304;76
18667,304;1114
18668,304;9979
18669,304;71
18670,304;71
18671,304;61
18672,304;63
18673,304;1112
18674,304;10010
18675,304;65
18676,304;70
18677,304;67
18678,304;85
18679,304;1090
18680,304;10006
18681,304;72
18682,304;68
18683,304;74
18684,304;57
18685,304;1119
18686,304;10011
18687,532;53
18688,532;65
18689,532;59
18690,532;68
18691,532;1103
18692,532;10002
18693,532;66
18694,532;61
18695,532;71
18696,532;80
18697,532;1098
18698,532;10039
18699,532;77
18700,532;69
18701,532;68
18702,532;73
18703,532;1199
18704,532;9914
18705,532;71
18706,532;58
18707,532;70
18708,532;66
18709,532;1105
18710,532;10018
18711,532;82
18712,532;70
18713,532;56
18714,532;61
18715,532;1104
18716,532;10011
18717,532;72
18718,532;72
18719,532;74
18720,532;73
18721,532;1082
18722,532;10027
18723,532;68
18724,532;82
18725,532;66
18726,532;75
18727,532;1116
18728,532;10022
18729,532;71
18730,532;55
18731,532;73
18732,532;60
18733,532;1082
18734,532;10034
18735,532;71
18736,532;60
18737,532;71
18738,532;70
18739,532;1085
18740,532;10054
18741,532;66
18742,532;66
18743,532;90
18744,532;73
18745,532;1095
18746,532;10015
18747,532;54
18748,532;74
18749,532;75
18750,532;76
18751,532;1096
18752,532;10021
18753,532;57
18754,532;60
18755,532;80
18756,532;62
18757,532;1068
18758,532;10026
18759,532;62
18760,532;51
18761,532;75
18762,532;68
18763,532;1100
18764,532;10057
18765,532;55
18766,532;74
18767,532;69
18768,532;71
18769,532;1101
18770,532;10027
18771,532;57
18772,532;78
18773,532;65
18774,532;71
18775,532;1158
18776,532;9961
18777,532;67
18778,532;63
18779,532;49
18780,532;61
18781,532;1067
18782,532;10016
18783,532;55
18784,532;70
18785,532;59
18786,532;61
18787,532;1073
18788,532;10025
18789,532;57
18790,532;83
18791,532;70
18792,532;68
18793,532;1062
18794,532;10037
18795,532;70
18796,532;71
18797,532;62
18798,532;58
18799,532;1084
18800,532;10009
18801,532;55
18802,532;52
18803,532;81
18804,532;76
18805,532;1103
18806,532;10039
18807,532;54
18808,532;66
18809,532;66
18810,532;56
18811,532;1084
18812,532;10036
18813,532;73
18814,532;57
18815,532;63
18816,532;59
18817,532;1059
18818,532;10061
18819,532;59
18820,532;69
18821,532;59
18822,532;77
18823,532;1065
18824,532;10042
18825,532;55
18826,532;54
18827,532;59
18828,532;69
18829,532;1086
18830,532;9998
18831,532;52
18832,532;51
18833,532;68
18834,532;72
18835,532;1058
18836,532;10011
18837,532;47
18838,532;58
18839,532;62
18840,532;78
18841,532;1081
18842,532;10059
18843,532;60
18844,532;59
18845,532;55
18846,532;52
18847,532;1072
18848,532;10013
18849,532;51
18850,532;71
18851,532;54
18852,532;75
18853,532;1073
18854,532;10051
18855,532;69
18856,532;52
18857,532;65
18858,532;86
18859,532;1051
18860,532;10038
