2766,332;81
2767,332;7980
2768,332;73
2769,332;89
2770,332;84
2771,332;90
2772,332;83
2773,332;12515
2774,332;81
2775,332;89
2776,332;84
2777,332;93
2778,332;96
2779,332;13303
2780,332;88
2781,332;93
2782,332;111
2783,332;119
2784,332;227
2785,332;13323
2786,332;85
2787,332;94
2788,332;91
2789,332;83
2790,332;254
2791,332;13352
2792,332;80
2793,332;95
2794,332;73
2795,332;90
2796,332;267
2797,332;13300
2798,332;96
2799,332;84
2800,332;87
2801,332;85
2802,332;285
2803,332;13320
2804,332;61
2805,332;101
2806,332;71
2807,332;96
2808,332;291
2809,332;13290
2810,332;73
2811,332;95
2812,332;95
2813,332;97
2814,332;283
2815,332;13303
2816,332;66
2817,332;95
2818,332;108
2819,332;94
2820,332;281
2821,332;13288
2822,332;85
2823,332;92
2824,332;104
2825,332;117
2826,332;273
2827,332;13265
2828,332;89
2829,332;91
2830,332;101
2831,206;86
2832,206;296
2833,206;13246
2834,206;85
2835,206;92
2836,206;89
2837,206;99
2838,206;300
2839,206;13234
2840,206;88
2841,206;89
2842,206;97
2843,206;97
2844,206;294
2845,206;13249
2846,206;81
2847,206;92
2848,206;87
2849,206;88
2850,206;283
2851,206;13241
2852,206;71
2853,206;76
2854,206;97
2855,206;82
2856,206;302
2857,206;13245
2858,206;81
2859,206;91
2860,206;94
2861,206;79
2862,206;266
2863,206;13237
2864,206;106
2865,206;93
2866,206;98
2867,206;96
2868,206;297
2869,206;13226
2870,206;98
2871,206;99
2872,206;85
2873,206;103
2874,206;299
2875,206;13213
2876,206;91
2877,206;95
2878,206;96
2879,206;104
2880,206;305
2881,206;13218
2882,206;105
2883,206;97
2884,206;88
2885,206;76
2886,206;280
2887,206;13214
2888,206;98
2889,206;90
2890,206;106
2891,206;92
2892,206;278
2893,206;13199
2894,206;99
2895,206;93
2896,206;115
2897,206;87
2898,206;298
2899,206;13218
2900,206;91
2901,206;88
2902,206;112
2903,206;100
2904,206;283
2905,206;13145
2906,206;81
2907,206;102
2908,206;106
2909,206;100
2910,206;360
2911,206;13098
2912,206;91
2913,206;105
2914,206;96
2915,206;102
2916,206;289
2917,206;13199
2918,206;91
2919,206;85
2920,206;95
2921,206;110
2922,206;261
2923,206;13167
2924,206;96
2925,206;110
2926,206;102
2927,206;90
2928,206;275
2929,206;13156
2930,206;97
2931,206;93
2931,423;98
2932,423;86
2933,423;289
2934,423;13168
2935,423;78
2936,423;84
2937,423;115
2938,423;89
2939,423;257
2940,423;13168
2941,423;90
2942,423;88
2943,423;81
2944,423;113
2945,423;259
2946,423;13187
2947,423;81
2948,423;108
2949,423;78
2950,423;84
2951,423;252
2952,423;13174
2953,423;95
2954,423;103
2955,423;92
2956,423;99
2957,423;289
2958,423;13153
2959,423;95
2960,423;84
2961,423;101
2962,423;95
2963,423;265
2964,423;13181
2965,423;86
2966,423;104
2967,423;90
2968,423;84
2969,423;254
2970,423;13153
2971,423;81
2972,423;83
2973,423;76
2974,423;80
2975,423;281
2976,423;13142
2977,423;77
2978,423;77
2979,423;108
2980,423;96
2981,423;279
2982,423;13146
2983,423;86
2984,423;80
2985,423;78
2986,423;93
2987,423;275
2988,423;13160
2989,423;75
2990,423;77
2991,423;87
2992,423;86
2993,423;274
2994,423;13167
2995,423;74
2996,423;85
2997,423;70
2998,423;90
2999,423;274
3000,423;13195
3001,423;73
3002,423;82
3003,423;85
3004,423;92
3005,423;262
3006,423;13167
3007,423;80
3008,423;76
3009,423;87
3010,423;92
3011,423;240
3012,423;13170
3013,423;84
3014,423;72
3015,423;84
3016,423;75
3017,423;274
3018,423;13144
3019,423;76
3020,423;75
3021,423;67
3022,423;83
3023,423;253
3024,423;13152
3025,423;64
3026,423;71
3027,423;86
3028,423;74
3029,423;236
3030,423;13146
3031,423;69
3032,223;72
3033,223;83
3034,223;78
3035,223;240
3036,223;13147
3037,223;71
3038,223;74
3039,223;75
3040,223;87
3041,223;246
3042,223;13167
3043,223;80
3044,223;68
3045,223;91
3046,223;73
3047,223;264
3048,223;13177
3049,223;65
3050,223;67
3051,223;83
3052,223;80
3053,223;267
3054,223;13157
3055,223;67
3056,223;73
3057,223;69
3058,223;73
3059,223;250
3060,223;13180
3061,223;56
3062,223;66
3063,223;69
3064,223;81
3065,223;207
3066,223;13141
3067,223;74
3068,223;53
3069,223;72
3070,223;76
3071,223;214
3072,223;13155
3073,223;57
3074,223;70
3075,223;76
3076,223;77
3077,223;73
3078,223;13008
3079,223;51
3080,223;51
3081,223;74
3082,223;69
3083,223;179
3084,223;13172
3085,223;70
3086,223;72
3087,223;71
3088,223;94
3089,223;205
3090,223;13167
3091,223;75
3092,223;69
3093,223;65
3094,223;77
3095,223;240
3096,223;13152
3097,223;72
3098,223;58
3099,223;73
3100,223;80
3101,223;277
3102,223;13138
3103,223;72
3104,223;78
3105,223;73
3106,223;75
3107,223;248
3108,223;13186
3109,223;71
3110,223;81
3111,223;83
3112,223;80
3113,223;290
3114,223;13100
3115,223;75
3116,223;78
3117,223;81
3118,223;79
3119,223;234
3120,223;13169
3121,223;77
3122,223;90
3123,223;101
3124,223;76
3125,223;237
3126,223;13172
3127,223;72
3128,223;81
3129,223;80
3130,223;74
3131,223;216
3132,223;13143
3133,223;75
3134,223;84
3135,223;84
3136,223;82
3137,223;240
3138,223;13167
3139,223;82
3140,223;89
3141,223;65
3142,223;77
3143,223;233
3144,223;13177
3145,223;75
3146,223;73
3147,223;68
3148,223;81
3149,223;225
3150,223;13196
3151,223;84
3152,223;82
3153,223;96
3154,223;79
3155,223;238
3156,223;13148
3157,223;88
3158,223;83
3159,223;88
3160,223;66
3161,223;225
3162,223;13165
3163,223;83
3164,223;97
3165,223;78
3166,223;81
3167,223;230
3168,223;13180
3169,223;80
3170,223;95
3171,223;102
3172,223;86
3173,223;243
3174,223;13179
3175,223;87
3176,223;86
3177,223;84
3178,223;107
3179,223;231
3180,223;13188
3181,223;101
3182,223;92
3183,223;97
3184,223;97
3185,223;212
3186,223;13171
3187,223;89
3188,223;93
3189,223;91
3190,223;82
3191,223;230
3192,223;13170
3193,223;69
3194,223;65
3195,223;79
3196,223;96
3197,223;237
3198,223;13157
3199,223;74
3200,223;89
3201,223;88
3202,223;120
3203,223;238
3204,223;13149
3205,223;105
3206,223;100
3207,223;77
3208,223;100
3209,223;199
3210,223;13181
3211,223;76
3212,223;73
3213,223;101
3214,223;95
3215,223;239
3216,223;13142
3217,223;83
3218,223;105
3219,223;110
3220,223;99
3221,223;237
3222,223;13186
3223,223;90
3224,223;112
3225,223;83
3226,223;92
3227,223;227
3228,223;13185
3229,223;77
3230,223;89
3231,223;93
3232,223;100
3233,223;248
3235,134;13200
3236,134;102
3237,134;86
3238,134;99
3239,134;102
3240,134;215
3241,134;13176
3242,134;74
3243,134;88
3244,134;105
3245,134;114
3246,134;230
3247,134;13187
3248,134;71
3249,134;89
3250,134;86
3251,134;89
3252,134;213
3253,134;13184
3254,134;102
3255,134;80
3256,134;98
3257,134;105
3258,134;237
3259,134;13193
3260,134;76
3261,134;104
3262,134;98
3263,134;74
3264,134;205
3265,134;13163
3266,134;89
3267,134;85
3268,134;103
3269,134;101
3270,134;186
3271,134;13194
3272,134;98
3273,134;90
3274,134;100
3275,134;90
3276,134;222
3277,134;13170
3278,134;79
3279,134;97
3280,134;103
3281,134;97
3282,134;223
3283,134;13154
3284,134;80
3285,134;106
3286,134;100
3287,134;102
3288,134;217
3289,134;13209
3290,134;69
3291,134;95
3292,134;104
3293,134;92
3294,134;209
3295,134;13163
3296,134;87
3297,134;87
3298,134;101
3299,134;87
3300,134;210
3301,134;13146
3302,134;91
3303,134;103
3304,134;101
3305,134;95
3306,134;209
3307,134;13164
3308,134;86
3309,134;87
3310,134;103
3311,134;79
3312,134;210
3313,134;13178
3314,134;90
3315,134;89
3316,134;75
3317,134;100
3318,134;204
3319,134;13157
3320,134;88
3321,134;95
3322,134;89
3323,134;86
3324,134;183
3325,134;13186
3326,134;86
3327,134;76
3328,134;84
3329,134;82
3330,134;192
3331,134;13199
3332,134;82
3333,134;100
3334,134;89
3335,134;76
3336,126;205
3337,126;13190
3338,126;84
3339,126;78
3340,126;93
3341,126;94
3342,126;175
3343,126;13197
3344,126;99
3345,126;76
3346,126;98
3347,126;101
3348,126;197
3349,126;13193
3350,126;81
3351,126;75
3352,126;90
3353,126;79
3354,126;194
3355,126;13168
3356,126;76
3357,126;87
3358,126;102
3359,126;99
3360,126;191
3361,126;13153
3362,126;64
3363,126;73
3364,126;95
3365,126;87
3366,126;167
3367,126;13221
3368,126;88
3369,126;92
3370,126;84
3371,126;99
3372,126;193
3373,126;13184
3374,126;85
3375,126;88
3376,126;88
3377,126;87
3378,126;195
3379,126;13186
3380,126;71
3381,126;67
3382,126;95
3383,126;90
3384,126;169
3385,126;13173
3386,126;81
3387,126;94
3388,126;89
3389,126;86
3390,126;82
3391,126;12989
3392,126;69
3393,126;76
3394,126;68
3395,126;91
3396,126;127
3397,126;13168
3398,126;72
3399,126;85
3400,126;91
3401,126;80
3402,126;153
3403,126;13197
3404,126;73
3405,126;74
3406,126;73
3407,126;79
3408,126;195
3409,126;13177
3410,126;95
3411,126;76
3412,126;87
3413,126;99
3414,126;215
3415,126;13201
3416,126;110
3417,126;78
3418,126;100
3419,126;88
3420,126;195
3421,126;13141
3422,126;88
3423,126;89
3424,126;89
3425,126;95
3426,126;170
3427,126;13198
3428,126;63
3429,126;95
3430,126;77
3431,126;100
3432,126;190
3433,126;13174
3434,126;87
3435,126;92
3436,126;83
3437,332;95
3438,332;179
3439,332;13185
3440,332;87
3441,332;74
3442,332;87
3443,332;85
3444,332;176
3445,332;13215
3446,332;93
3447,332;85
3448,332;89
3449,332;92
3450,332;163
3451,332;13187
3452,332;95
3453,332;104
3454,332;74
3455,332;92
3456,332;183
3457,332;13208
3458,332;78
3459,332;100
3460,332;88
3461,332;93
3462,332;159
3463,332;13233
3464,332;86
3465,332;89
3466,332;83
3467,332;88
3468,332;188
3469,332;13206
3470,332;74
3471,332;92
3472,332;99
3473,332;99
3474,332;290
3475,332;13094
3476,332;85
3477,332;82
3478,332;106
3479,332;81
3480,332;201
3481,332;13191
3482,332;92
3483,332;77
3484,332;85
3485,332;115
3486,332;174
3487,332;13192
3488,332;98
3489,332;97
3490,332;106
3491,332;91
3492,332;157
3493,332;13191
3494,332;96
3495,332;82
3496,332;81
3497,332;93
3498,332;189
3499,332;13225
3500,332;110
3501,332;105
3502,332;82
3503,332;122
3504,332;231
3505,332;13173
3506,332;111
3507,332;101
3508,332;79
3509,332;92
3510,332;140
3511,332;13238
3512,332;76
3513,332;80
3514,332;95
3515,332;90
3516,332;173
3517,332;13180
3518,332;90
3519,332;97
3520,332;97
3521,332;119
3522,332;181
3523,332;13212
3524,332;86
3525,332;91
3526,332;105
3527,332;82
3528,332;160
3529,332;13197
3530,332;106
3531,332;92
3532,332;100
3533,332;97
3534,332;184
3535,332;13202
3536,332;104
3537,332;72
3536,977;90
3537,977;80
3538,977;171
3539,977;13211
3540,977;101
3541,977;99
3542,977;101
3543,977;98
3544,977;158
3545,977;13187
3546,977;83
3547,977;95
3548,977;113
3549,977;92
3550,977;182
3551,977;13216
3552,977;77
3553,977;88
3554,977;93
3555,977;126
3556,977;174
3557,977;13220
3558,977;94
3559,977;94
3560,977;100
3561,977;109
3562,977;177
3563,977;13212
3564,977;82
3565,977;120
3566,977;100
3567,977;104
3568,977;160
3569,977;13222
3570,977;68
3571,977;88
3572,977;105
3573,977;118
3574,977;154
3575,977;13245
3576,977;92
3577,977;83
3578,977;93
3579,977;84
3580,977;175
3581,977;13250
3582,977;90
3583,977;110
3584,977;84
3585,977;90
3586,977;165
3587,977;13195
3588,977;83
3589,977;107
3590,977;106
3591,977;89
3592,977;201
3593,977;13219
3594,977;92
3595,977;110
3596,977;83
3597,977;99
3598,977;195
3599,977;13213
3600,977;96
3601,977;93
3602,977;95
3603,977;83
3604,977;142
3605,977;13246
3606,977;90
3607,977;93
3608,977;93
3609,977;95
3610,977;160
3611,977;13228
3612,977;101
3613,977;101
3614,977;86
3615,977;88
3616,977;209
3617,977;13181
3618,977;81
3619,977;87
3620,977;83
3621,977;84
3622,977;165
3623,977;13204
3624,977;80
3625,977;71
3626,977;91
3627,977;92
3628,977;141
3629,977;13194
3630,977;71
3631,977;91
3632,977;93
3633,977;89
3634,977;162
3635,977;13227
3636,977;80
3637,977;99
3638,977;92
3639,977;101
3640,977;137
3641,977;13218
3642,977;67
3643,977;82
3644,977;70
3645,977;81
3646,977;156
3647,977;13209
3648,977;65
3649,977;72
3650,977;95
3651,977;90
3652,977;179
3653,977;13207
3654,977;71
3655,977;87
3656,977;69
3657,977;79
3658,977;171
3659,977;13184
3660,977;74
3661,977;74
3662,977;81
3663,977;70
3664,977;135
3665,977;13243
3666,977;64
3667,977;71
3668,977;86
3669,977;61
3670,977;136
3671,977;13218
3672,977;88
3673,977;62
3674,977;71
3675,977;75
3676,977;158
3677,977;13203
3678,977;65
3679,977;59
3680,977;71
3681,977;69
3682,977;132
3683,977;13248
3684,977;58
3685,977;62
3686,977;74
3687,977;73
3688,977;121
3689,977;13222
3690,977;57
3691,977;71
3692,977;68
3693,977;79
3694,977;151
3695,977;13222
3696,977;66
3697,977;65
3698,977;67
3699,977;74
3700,977;60
3701,977;12961
3702,977;68
3703,977;81
3704,977;75
3705,977;66
3706,977;94
3707,977;13197
3708,977;70
3709,977;74
3710,977;77
3711,977;69
3712,977;141
3713,977;13221
3714,977;73
3715,977;62
3716,977;69
3717,977;68
3718,977;129
3719,977;13209
3720,977;74
3721,977;63
3722,977;79
3723,977;73
3724,977;114
3725,977;13227
3726,977;80
3727,977;64
3728,977;72
3729,977;78
3730,977;133
3731,977;13232
3732,977;69
3733,977;79
3734,977;88
3735,977;71
3736,977;139
3737,977;13226
3739,339;71
3740,339;63
3741,339;81
3742,339;90
3743,339;208
3744,339;13191
3745,339;62
3746,339;85
3747,339;91
3748,339;75
3749,339;139
3750,339;13208
3751,339;63
3752,339;79
3753,339;76
3754,339;90
3755,339;145
3756,339;13247
3757,339;73
3758,339;75
3759,339;81
3760,339;108
3761,339;146
3762,339;13229
3763,339;73
3764,339;103
3765,339;82
3766,339;98
3767,339;175
3768,339;13203
3769,339;84
3770,339;81
3771,339;89
3772,339;93
3773,339;133
3774,339;13268
3775,339;73
3776,339;97
3777,339;91
3778,339;90
3779,339;168
3780,339;13232
3781,339;91
3782,339;77
3783,339;87
3784,339;81
3785,339;127
3786,339;13251
3787,339;98
3788,339;81
3789,339;95
3790,339;87
3791,339;135
3792,339;13192
3793,339;87
3794,339;94
3795,339;95
3796,339;95
3797,339;144
3798,339;13249
3799,339;77
3800,339;76
3801,339;97
3802,339;113
3803,339;133
3804,339;13252
3805,339;97
3806,339;98
3807,339;88
3808,339;98
3809,339;133
3810,339;13254
3811,339;91
3812,339;102
3813,339;94
3814,339;95
3815,339;150
3816,339;13244
3817,339;65
3818,339;94
3819,339;88
3820,339;85
3821,339;132
3822,339;13242
3823,339;84
3824,339;98
3825,339;98
3826,339;99
3827,339;127
3828,339;13269
3829,339;76
3830,339;87
3831,339;102
3832,339;88
3833,339;123
3834,339;13212
3835,339;89
3836,339;102
3837,339;103
3838,339;82
3839,339;130
3841,59;13240
3842,59;88
3843,59;77
3844,59;85
3845,59;89
3846,59;126
3847,59;13249
3848,59;93
3849,59;79
3850,59;115
3851,59;94
3852,59;118
3853,59;13259
3854,59;78
3855,59;92
3856,59;103
3857,59;96
3858,59;143
3859,59;13238
3860,59;94
3861,59;93
3862,59;90
3863,59;92
3864,59;145
3865,59;13244
3866,59;84
3867,59;94
3868,59;104
3869,59;94
3870,59;107
3871,59;13264
3872,59;82
3873,59;108
3874,59;98
3875,59;115
3876,59;99
3877,59;13278
3878,59;99
3879,59;94
3880,59;96
3881,59;113
3882,59;136
3883,59;13230
3884,59;81
3885,59;83
3886,59;89
3887,59;93
3888,59;107
3889,59;13266
3890,59;93
3891,59;89
3892,59;88
3893,59;102
3894,59;118
3895,59;13289
3896,59;83
3897,59;86
3898,59;115
3899,59;94
3900,59;130
3901,59;13278
3902,59;88
3903,59;107
3904,59;87
3905,59;103
3906,59;129
3907,59;13234
3908,59;84
3909,59;85
3910,59;111
3911,59;79
3912,59;112
3913,59;13277
3914,59;91
3915,59;91
3916,59;92
3917,59;102
3918,59;133
3919,59;13221
3920,59;79
3921,59;82
3922,59;105
3923,59;95
3924,59;106
3925,59;13270
3926,59;75
3927,59;90
3928,59;82
3929,59;93
3930,59;164
3931,59;13216
3932,59;67
3933,59;95
3934,59;93
3935,59;89
3936,59;95
3937,59;13278
3938,59;97
3939,59;94
3940,59;102
3941,59;91
3942,055;99
3943,055;13271
3944,055;84
3945,055;83
3946,055;85
3947,055;96
3948,055;115
3949,055;13250
3950,055;95
3951,055;96
3952,055;91
3953,055;75
3954,055;111
3955,055;13251
3956,055;80
3957,055;74
3958,055;88
3959,055;83
3960,055;103
3961,055;13318
3962,055;80
3963,055;101
3964,055;98
3965,055;99
3966,055;108
3967,055;13267
3968,055;86
3969,055;86
3970,055;89
3971,055;90
3972,055;104
3973,055;13264
3974,055;78
3975,055;82
3976,055;87
3977,055;54
3978,055;100
3979,055;13272
3980,055;87
3981,055;94
3982,055;88
3983,055;87
3984,055;109
3985,055;13224
3986,055;70
3987,055;88
3988,055;92
3989,055;100
3990,055;94
3991,055;13261
3992,055;77
3993,055;79
3994,055;89
3995,055;84
3996,055;83
3997,055;13266
3998,055;78
3999,055;84
4000,055;91
4001,055;91
4002,055;109
4003,055;13241
4004,055;65
4005,055;74
4006,055;83
4007,055;86
4008,055;115
4009,055;13221
4010,055;71
4011,055;81
4012,055;87
4013,055;85
4014,055;91
4015,055;12941
4016,055;68
4017,055;87
4018,055;84
4019,055;86
4020,055;90
4021,055;13227
4022,055;79
4023,055;88
4024,055;70
4025,055;93
4026,055;94
4027,055;13247
4028,055;86
4029,055;90
4030,055;93
4031,055;95
4032,055;93
4033,055;13265
4034,055;79
4035,055;91
4036,055;87
4037,055;87
4038,055;115
4039,055;13259
4040,055;88
4041,055;80
4042,055;86
4042,925;92
4043,925;100
4044,925;13252
4045,925;79
4046,925;82
4047,925;89
4048,925;106
4049,925;98
4050,925;13268
4051,925;88
4052,925;79
4053,925;101
4054,925;102
4055,925;101
4056,925;13233
4057,925;88
4058,925;98
4059,925;86
4060,925;82
4061,925;100
4062,925;13240
4063,925;96
4064,925;79
4065,925;77
4066,925;85
4067,925;105
4068,925;13249
4069,925;97
4070,925;87
4071,925;95
4072,925;86
4073,925;118
4074,925;13276
4075,925;80
4076,925;101
4077,925;90
4078,925;82
4079,925;107
4080,925;13251
4081,925;80
4082,925;86
4083,925;90
4084,925;105
4085,925;94
4086,925;13236
4087,925;79
4088,925;98
4089,925;95
4090,925;81
4091,925;89
4092,925;13251
4093,925;82
4094,925;89
4095,925;85
4096,925;96
4097,925;103
4098,925;13261
4099,925;82
4100,925;78
4101,925;77
4102,925;90
4103,925;119
4104,925;13262
4105,925;78
4106,925;81
4107,925;90
4108,925;108
4109,925;92
4110,925;13276
4111,925;91
4112,925;102
4113,925;99
4114,925;97
4115,925;98
4116,925;13234
4117,925;108
4118,925;86
4119,925;98
4120,925;75
4121,925;100
4122,925;13277
4123,925;86
4124,925;99
4125,925;105
4126,925;106
4127,925;105
4128,925;13274
4129,925;70
4130,925;93
4131,925;88
4132,925;90
4133,925;168
4134,925;13190
4135,925;79
4136,925;78
4137,925;95
4138,925;90
4139,925;102
4140,925;13298
4141,925;90
4142,925;77
4143,925;90
4144,925;101
4145,925;97
4146,925;13278
4147,925;77
4148,925;82
4149,925;79
4150,925;99
4151,925;99
4152,925;13287
4153,925;99
4154,925;93
4155,925;104
4156,925;126
4157,925;110
4158,925;13267
4159,925;91
4160,925;95
4161,925;95
4162,925;106
4163,925;100
4164,925;13249
4165,925;83
4166,925;102
4167,925;87
4168,925;98
4169,925;98
4170,925;13230
4171,925;76
4172,925;109
4173,925;100
4174,925;99
4175,925;91
4176,925;13253
4177,925;93
4178,925;92
4179,925;90
4180,925;72
4181,925;111
4182,925;13266
4183,925;78
4184,925;109
4185,925;104
4186,925;98
4187,925;97
4188,925;13277
4189,925;98
4190,925;115
4191,925;89
4192,925;95
4193,925;102
4194,925;13266
4195,925;88
4196,925;89
4197,925;100
4198,925;89
4199,925;82
4200,925;13282
4201,925;80
4202,925;87
4203,925;93
4204,925;95
4205,925;97
4206,925;13254
4207,925;92
4208,925;101
4209,925;87
4210,925;94
4211,925;128
4212,925;13233
4213,925;106
4214,925;93
4215,925;107
4216,925;79
4217,925;110
4218,925;13270
4219,925;96
4220,925;84
4221,925;86
4222,925;112
4223,925;99
4224,925;13294
4225,925;102
4226,925;88
4227,925;89
4228,925;82
4229,925;95
4230,925;13235
4231,925;85
4232,925;104
4233,925;82
4234,925;91
4235,925;110
4236,925;13290
4237,925;83
4238,925;90
4239,925;93
4240,925;99
4241,925;118
4242,925;13248
4243,925;99
4245,332;76
4246,332;89
4247,332;96
4248,332;97
4249,332;13318
4250,332;78
4251,332;83
4252,332;86
4253,332;95
4254,332;135
4255,332;13243
4256,332;83
4257,332;98
4258,332;89
4259,332;82
4260,332;95
4261,332;13274
4262,332;66
4263,332;75
4264,332;84
4265,332;90
4266,332;81
4267,332;13267
4268,332;87
4269,332;92
4270,332;88
4271,332;77
4272,332;99
4273,332;13296
4274,332;66
4275,332;88
4276,332;81
4277,332;75
4278,332;93
4279,332;13294
4280,332;74
4281,332;73
4282,332;77
4283,332;88
4284,332;155
4285,332;13211
4286,332;56
4287,332;87
4288,332;84
4289,332;96
4290,332;76
4291,332;13244
4292,332;76
4293,332;84
4294,332;68
4295,332;88
4296,332;83
4297,332;13282
4298,332;60
4299,332;79
4300,332;81
4301,332;81
4302,332;77
4303,332;13265
4304,332;77
4305,332;70
4306,332;62
4307,332;78
4308,332;82
4309,332;13261
4310,332;69
4311,332;67
4312,332;57
4313,332;80
4314,332;74
4315,332;13228
4316,332;62
4317,332;62
4318,332;66
4319,332;67
4320,332;74
4321,332;13230
4322,332;63
4323,332;71
4324,332;78
4325,332;82
4326,332;68
4327,332;12922
4328,332;76
4329,332;79
4330,332;79
4331,332;84
4332,332;65
4333,332;13213
4334,332;61
4335,332;68
4336,332;66
4337,332;69
4338,332;71
4339,332;13269
4340,332;68
4341,332;76
4342,332;85
4343,332;72
4344,332;80
4345,332;13274
4346,333;73
4347,333;76
4348,333;68
4349,333;59
4350,333;91
4351,333;13295
4352,333;70
4353,333;86
4354,333;68
4355,333;77
4356,333;98
4357,333;13272
4358,333;75
4359,333;76
4360,333;85
4361,333;75
4362,333;71
4363,333;13321
4364,333;76
4365,333;68
4366,333;64
4367,333;102
4368,333;83
4369,333;13283
4370,333;68
4371,333;81
4372,333;93
4373,333;72
4374,333;93
4375,333;13272
4376,333;86
4377,333;74
4378,333;75
4379,333;77
4380,333;99
4381,333;13310
4382,333;67
4383,333;79
4384,333;97
4385,333;86
4386,333;87
4387,333;13281
4388,333;81
4389,333;87
4390,333;81
4391,333;76
4392,333;103
4393,333;13280
4394,333;76
4395,333;80
4396,333;90
4397,333;92
4398,333;82
4399,333;13272
4400,333;76
4401,333;78
4402,333;91
4403,333;95
4404,333;105
4405,333;13270
4406,333;100
4407,333;101
4408,333;102
4409,333;111
4410,333;92
4411,333;13275
4412,333;98
4413,333;104
4414,333;104
4415,333;109
4416,333;169
4417,333;13182
4418,333;77
4419,333;110
4420,333;85
4421,333;92
4422,333;94
4423,333;13287
4424,333;76
4425,333;89
4426,333;93
4427,333;107
4428,333;107
4429,333;13245
4430,333;89
4431,333;91
4432,333;85
4433,333;104
4434,333;106
4435,333;13239
4436,333;86
4437,333;103
4438,333;102
4439,333;96
4440,333;121
4441,333;13279
4442,333;104
4443,333;83
4444,333;102
4445,333;99
4446,333;102
4446,827;13304
4447,827;88
4448,827;96
4449,827;111
4450,827;102
4451,827;97
4452,827;13269
4453,827;93
4454,827;89
4455,827;98
4456,827;112
4457,827;94
4458,827;13244
4459,827;100
4460,827;102
4461,827;91
4462,827;102
4463,827;83
4464,827;13279
4465,827;81
4466,827;86
4467,827;78
4468,827;106
4469,827;93
4470,827;13222
4471,827;92
4472,827;85
4473,827;97
4474,827;97
4475,827;92
4476,827;13264
4477,827;106
4478,827;83
4479,827;124
4480,827;85
4481,827;113
4482,827;13271
4483,827;84
4484,827;100
4485,827;101
4486,827;95
4487,827;109
4488,827;13239
4489,827;89
4490,827;93
4491,827;111
4492,827;82
4493,827;120
4494,827;13290
4495,827;94
4496,827;116
4497,827;86
4498,827;104
4499,827;99
4500,827;13270
4501,827;92
4502,827;89
4503,827;113
4504,827;86
4505,827;117
4506,827;13245
4507,827;83
4508,827;106
4509,827;83
4510,827;118
4511,827;98
4512,827;13223
4513,827;99
4514,827;83
4515,827;97
4516,827;88
4517,827;96
4518,827;13300
4519,827;98
4520,827;91
4521,827;107
4522,827;94
4523,827;89
4524,827;13267
4525,827;90
4526,827;102
4527,827;99
4528,827;92
4529,827;85
4530,827;13236
4531,827;98
4532,827;87
4533,827;105
4534,827;88
4535,827;106
4536,827;13244
4537,827;78
4538,827;96
4539,827;93
4540,827;97
4541,827;102
4542,827;13240
4543,827;78
4544,827;83
4545,827;104
4546,827;94
4548,156;107
4549,156;13260
4550,156;75
4551,156;78
4552,156;81
4553,156;73
4554,156;95
4555,156;13280
4556,156;99
4557,156;107
4558,156;90
4559,156;99
4560,156;100
4561,156;13256
4562,156;89
4563,156;90
4564,156;97
4565,156;91
4566,156;87
4567,156;13276
4568,156;78
4569,156;88
4570,156;82
4571,156;81
4572,156;111
4573,156;13253
4574,156;72
4575,156;78
4576,156;105
4577,156;97
4578,156;94
4579,156;13242
4580,156;89
4581,156;83
4582,156;82
4583,156;90
4584,156;88
4585,156;13262
4586,156;90
4587,156;84
4588,156;109
4589,156;102
4590,156;92
4591,156;13251
4592,156;80
4593,156;105
4594,156;98
4595,156;79
4596,156;97
4597,156;13236
4598,156;83
4599,156;90
4600,156;78
4601,156;92
4602,156;86
4603,156;13272
4604,156;74
4605,156;94
4606,156;92
4607,156;90
4608,156;82
4609,156;13285
4610,156;51
4611,156;85
4612,156;96
4613,156;88
4614,156;97
4615,156;13263
4616,156;82
4617,156;74
4618,156;88
4619,156;92
4620,156;93
4621,156;13287
4622,156;85
4623,156;78
4624,156;92
4625,156;96
4626,156;90
4627,156;13247
4628,156;70
4629,156;91
4630,156;93
4631,156;67
4632,156;94
4633,156;13301
4634,156;75
4635,156;85
4636,156;67
4637,156;84
4638,156;76
4639,156;12938
4640,156;72
4641,156;90
4642,156;60
4643,156;86
4644,156;73
4645,156;13184
4646,156;90
4647,156;74
4648,156;80
4647,795;86
4648,795;89
4649,795;13271
4650,795;78
4651,795;85
4652,795;91
4653,795;91
4654,795;94
4655,795;13264
4656,795;77
4657,795;66
4658,795;87
4659,795;92
4660,795;71
4661,795;13289
4662,795;68
4663,795;92
4664,795;100
4665,795;87
4666,795;82
4667,795;13256
4668,795;84
4669,795;89
4670,795;99
4671,795;82
4672,795;85
4673,795;13283
4674,795;89
4675,795;93
4676,795;105
4677,795;104
4678,795;101
4679,795;13252
4680,795;72
4681,795;81
4682,795;84
4683,795;84
4684,795;95
4685,795;13255
4686,795;87
4687,795;91
4688,795;100
4689,795;104
4690,795;94
4691,795;13242
4692,795;86
4693,795;98
4694,795;93
4695,795;99
4696,795;89
4697,795;13280
4698,795;92
4699,795;83
4700,795;113
4701,795;91
4702,795;81
4703,795;13258
4704,795;95
4705,795;85
4706,795;103
4707,795;96
4708,795;106
4709,795;13247
4710,795;65
4711,795;101
4712,795;84
4713,795;91
4714,795;92
4715,795;13266
4716,795;82
4717,795;67
4718,795;91
4719,795;90
4720,795;87
4721,795;13240
4722,795;81
4723,795;96
4724,795;78
4725,795;85
4726,795;111
4727,795;13273
4728,795;93
4729,795;90
4730,795;104
4731,795;94
4732,795;88
4733,795;13276
4734,795;95
4735,795;93
4736,795;99
4737,795;100
4738,795;102
4739,795;13282
4740,795;77
4741,795;98
4742,795;98
4743,795;87
4744,795;116
4745,795;13259
4746,795;83
4747,795;92
4748,795;97
4749,795;114
4750,795;123
4751,795;13248
4752,795;91
4753,795;92
4754,795;103
4755,795;84
4756,795;87
4757,795;13240
4758,795;71
4759,795;84
4760,795;90
4761,795;107
4762,795;89
4763,795;13272
4764,795;68
4765,795;80
4766,795;94
4767,795;84
4768,795;93
4769,795;13279
4770,795;64
4771,795;96
4772,795;114
4773,795;107
4774,795;138
4775,795;13278
4776,795;97
4777,795;92
4778,795;92
4779,795;119
4780,795;108
4781,795;13248
4782,795;97
4783,795;91
4784,795;103
4785,795;95
4786,795;94
4787,795;13254
4788,795;95
4789,795;83
4790,795;107
4791,795;114
4792,795;93
4793,795;13276
4794,795;98
4795,795;88
4796,795;95
4797,795;104
4798,795;98
4799,795;13256
4800,795;89
4801,795;104
4802,795;91
4803,795;92
4804,795;99
4805,795;13242
4806,795;104
4807,795;87
4808,795;97
4809,795;104
4810,795;98
4811,795;13261
4812,795;86
4813,795;92
4814,795;104
4815,795;87
4816,795;112
4817,795;13289
4818,795;72
4819,795;84
4820,795;97
4821,795;102
4822,795;101
4823,795;13292
4824,795;73
4825,795;106
4826,795;104
4827,795;101
4828,795;99
4829,795;13267
4830,795;92
4831,795;99
4832,795;97
4833,795;95
4834,795;98
4835,795;13287
4836,795;86
4837,795;92
4838,795;90
4839,795;95
4840,795;101
4841,795;13244
4842,795;88
4843,795;99
4844,795;110
4845,795;87
4846,795;100
4847,795;13233
4848,795;73
4851,222;90
4852,222;94
4853,222;107
4854,222;99
4855,222;13259
4856,222;83
4857,222;87
4858,222;99
4859,222;95
4860,222;84
4861,222;13269
4862,222;72
4863,222;92
4864,222;97
4865,222;92
4866,222;113
4867,222;13263
4868,222;91
4869,222;86
4870,222;76
4871,222;94
4872,222;113
4873,222;13247
4874,222;77
4875,222;84
4876,222;98
4877,222;90
4878,222;106
4879,222;13284
4880,222;94
4881,222;89
4882,222;86
4883,222;94
4884,222;93
4885,222;13284
4886,222;75
4887,222;82
4888,222;92
4889,222;92
4890,222;99
4891,222;13248
4892,222;81
4893,222;93
4894,222;94
4895,222;92
4896,222;96
4897,222;13261
4898,222;72
4899,222;65
4900,222;74
4901,222;94
4902,222;99
4903,222;13239
4904,222;75
4905,222;96
4906,222;88
4907,222;105
4908,222;78
4909,222;13276
4910,222;79
4911,222;87
4912,222;73
4913,222;68
4914,222;81
4915,222;13242
4916,222;78
4917,222;81
4918,222;72
4919,222;80
4920,222;69
4921,222;13294
4922,222;80
4923,222;69
4924,222;71
4925,222;92
4926,222;84
4927,222;13290
4928,222;69
4929,222;50
4930,222;72
4931,222;86
4932,222;91
4933,222;13262
4934,222;74
4935,222;73
4936,222;71
4937,222;81
4938,222;78
4939,222;13249
4940,222;71
4941,222;80
4942,222;60
4943,222;70
4944,222;64
4945,222;13262
4946,222;73
4947,222;57
4948,222;76
4949,222;75
4950,222;82
4951,222;12912
4952,193;61
4953,193;67
4954,193;71
4955,193;67
4956,193;62
4957,193;13208
4958,193;80
4959,193;62
4960,193;69
4961,193;66
4962,193;93
4963,193;13270
4964,193;57
4965,193;82
4966,193;88
4967,193;77
4968,193;76
4969,193;13284
4970,193;88
4971,193;75
4972,193;58
4973,193;96
4974,193;91
4975,193;13281
4976,193;68
4977,193;70
4978,193;91
4979,193;60
4980,193;86
4981,193;13256
4982,193;71
4983,193;85
4984,193;80
4985,193;82
4986,193;76
4987,193;13270
4988,193;68
4989,193;88
4990,193;81
4991,193;80
4992,193;79
4993,193;13277
4994,193;80
4995,193;82
4996,193;107
4997,193;82
4998,193;81
4999,193;13309
5000,193;73
5001,193;95
5002,193;82
5003,193;91
5004,193;100
5005,193;13272
5006,193;77
5007,193;87
5008,193;92
5009,193;95
5010,193;108
5011,193;13268
5012,193;83
5013,193;85
5014,193;91
5015,193;95
5016,193;94
5017,193;13282
5018,193;90
5019,193;98
5020,193;84
5021,193;100
5022,193;78
5023,193;13271
5024,193;85
5025,193;93
5026,193;87
5027,193;104
5028,193;98
5029,193;13283
5030,193;74
5031,193;88
5032,193;85
5033,193;104
5034,193;108
5035,193;13302
5036,193;89
5037,193;83
5038,193;86
5039,193;102
5040,193;83
5041,193;13271
5042,193;88
5043,193;92
5044,193;104
5045,193;76
5046,193;95
5047,193;13265
5048,193;90
5049,193;92
5050,193;115
5051,193;99
5052,193;88
5052,235;13285
5053,235;77
5054,235;86
5055,235;102
5056,235;89
5057,235;94
5058,235;13251
5059,235;85
5060,235;84
5061,235;99
5062,235;94
5063,235;110
5064,235;13241
5065,235;93
5066,235;85
5067,235;110
5068,235;105
5069,235;108
5070,235;13284
5071,235;78
5072,235;91
5073,235;89
5074,235;102
5075,235;146
5076,235;13252
5077,235;68
5078,235;93
5079,235;117
5080,235;93
5081,235;90
5082,235;13227
5083,235;85
5084,235;83
5085,235;97
5086,235;87
5087,235;111
5088,235;13208
5089,235;105
5090,235;106
5091,235;100
5092,235;111
5093,235;99
5094,235;13294
5095,235;86
5096,235;119
5097,235;107
5098,235;87
5099,235;95
5100,235;13262
5101,235;94
5102,235;92
5103,235;83
5104,235;87
5105,235;102
5106,235;13254
5107,235;91
5108,235;101
5109,235;87
5110,235;94
5111,235;87
5112,235;13217
5113,235;87
5114,235;85
5115,235;101
5116,235;84
5117,235;99
5118,235;13276
5119,235;88
5120,235;87
5121,235;111
5122,235;91
5123,235;114
5124,235;13261
5125,235;90
5126,235;82
5127,235;84
5128,235;102
5129,235;102
5130,235;13233
5131,235;90
5132,235;103
5133,235;94
5134,235;91
5135,235;100
5136,235;13256
5137,235;86
5138,235;106
5139,235;96
5140,235;80
5141,235;96
5142,235;13274
5143,235;94
5144,235;92
5145,235;106
5146,235;99
5147,235;100
5148,235;13246
5149,235;94
5150,235;83
5151,235;102
5152,235;110
5154,173;90
5155,173;13255
5156,173;101
5157,173;85
5158,173;82
5159,173;103
5160,173;89
5161,173;13254
5162,173;91
5163,173;93
5164,173;89
5165,173;112
5166,173;101
5167,173;13244
5168,173;83
5169,173;85
5170,173;97
5171,173;95
5172,173;101
5173,173;13252
5174,173;75
5175,173;87
5176,173;102
5177,173;109
5178,173;103
5179,173;13256
5180,173;94
5181,173;90
5182,173;84
5183,173;98
5184,173;98
5185,173;13288
5186,173;77
5187,173;83
5188,173;84
5189,173;93
5190,173;116
5191,173;13213
5192,173;79
5193,173;89
5194,173;88
5195,173;92
5196,173;100
5197,173;13225
5198,173;91
5199,173;75
5200,173;89
5201,173;93
5202,173;102
5203,173;13257
5204,173;83
5205,173;91
5206,173;100
5207,173;106
5208,173;97
5209,173;13247
5210,173;81
5211,173;99
5212,173;87
5213,173;98
5214,173;88
5215,173;13263
5216,173;84
5217,173;93
5218,173;102
5219,173;94
5220,173;93
5221,173;13232
5222,173;85
5223,173;77
5224,173;97
5225,173;85
5226,173;104
5227,173;13249
5228,173;67
5229,173;80
5230,173;95
5231,173;86
5232,173;81
5233,173;13260
5234,173;85
5235,173;74
5236,173;92
5237,173;88
5238,173;77
5239,173;13254
5240,173;73
5241,173;78
5242,173;81
5243,173;74
5244,173;71
5245,173;13262
5246,173;93
5247,173;76
5248,173;86
5249,173;80
5250,173;84
5251,173;13246
5252,173;77
5253,173;78
5254,173;90
5255,173;101
5256,173;95
5257,173;13237
5258,173;70
5259,173;78
5260,173;88
5261,173;76
5262,173;86
5263,173;12903
5264,173;88
5265,173;86
5266,173;91
5267,173;74
5268,173;84
5269,173;13150
5270,173;95
5271,173;80
5272,173;76
5273,173;92
5274,173;91
5275,173;13273
5276,173;70
5277,173;76
5278,173;76
5279,173;78
5280,173;84
5281,173;13238
5282,173;86
5283,173;75
5284,173;76
5285,173;86
5286,173;91
5287,173;13268
5288,173;89
5289,173;93
5290,173;76
5291,173;103
5292,173;96
5293,173;13189
5294,173;68
5295,173;92
5296,173;83
5297,173;71
5298,173;104
5299,173;13263
5300,173;96
5301,173;81
5302,173;94
5303,173;87
5304,173;87
5305,173;13255
5306,173;75
5307,173;91
5308,173;92
5309,173;85
5310,173;90
5311,173;13260
5312,173;102
5313,173;84
5314,173;86
5315,173;108
5316,173;92
5317,173;13242
5318,173;83
5319,173;93
5320,173;90
5321,173;88
5322,173;90
5323,173;13242
5324,173;93
5325,173;71
5326,173;100
5327,173;74
5328,173;110
5329,173;13243
5330,173;102
5331,173;102
5332,173;97
5333,173;84
5334,173;88
5335,173;13261
5336,173;74
5337,173;86
5338,173;90
5339,173;70
5340,173;114
5341,173;13281
5342,173;105
5343,173;97
5344,173;88
5345,173;109
5346,173;100
5347,173;13223
5348,173;81
5349,173;91
5350,173;77
5351,173;90
5352,173;106
5353,173;13263
5354,173;77
5355,173;99
5356,211;97
5357,211;124
5358,211;101
5359,211;13267
5360,211;79
5361,211;103
5362,211;94
5363,211;87
5364,211;106
5365,211;13263
5366,211;75
5367,211;108
5368,211;95
5369,211;87
5370,211;101
5371,211;13244
5372,211;86
5373,211;88
5374,211;77
5375,211;86
5376,211;102
5377,211;13212
5378,211;93
5379,211;88
5380,211;81
5381,211;97
5382,211;97
5383,211;13268
5384,211;84
5385,211;91
5386,211;93
5387,211;98
5388,211;98
5389,211;13275
5390,211;73
5391,211;101
5392,211;111
5393,211;117
5394,211;95
5395,211;13266
5396,211;100
5397,211;97
5398,211;99
5399,211;101
5400,211;100
5401,211;13253
5402,211;93
5403,211;98
5404,211;98
5405,211;116
5406,211;105
5407,211;13225
5408,211;92
5409,211;100
5410,211;88
5411,211;99
5412,211;107
5413,211;13265
5414,211;84
5415,211;99
5416,211;92
5417,211;97
5418,211;119
5419,211;13277
5420,211;99
5421,211;110
5422,211;85
5423,211;96
5424,211;108
5425,211;13271
5426,211;91
5427,211;94
5428,211;81
5429,211;102
5430,211;95
5431,211;13232
5432,211;88
5433,211;89
5434,211;98
5435,211;125
5436,211;98
5437,211;13245
5438,211;99
5439,211;99
5440,211;105
5441,211;100
5442,211;98
5443,211;13255
5444,211;72
5445,211;93
5446,211;88
5447,211;103
5448,211;99
5449,211;13258
5450,211;90
5451,211;89
5452,211;121
5453,211;92
5454,211;99
5455,211;13305
5456,211;77
5456,879;103
5457,879;91
5458,879;93
5459,879;91
5460,879;13262
5461,879;74
5462,879;89
5463,879;101
5464,879;105
5465,879;87
5466,879;13237
5467,879;101
5468,879;85
5469,879;117
5470,879;81
5471,879;104
5472,879;13237
5473,879;64
5474,879;87
5475,879;95
5476,879;87
5477,879;109
5478,879;13274
5479,879;83
5480,879;106
5481,879;104
5482,879;88
5483,879;84
5484,879;13291
5485,879;81
5486,879;97
5487,879;83
5488,879;91
5489,879;108
5490,879;13223
5491,879;109
5492,879;82
5493,879;98
5494,879;75
5495,879;94
5496,879;13270
5497,879;84
5498,879;93
5499,879;103
5500,879;103
5501,879;90
5502,879;13238
5503,879;77
5504,879;88
5505,879;99
5506,879;87
5507,879;102
5508,879;13272
5509,879;79
5510,879;93
5511,879;93
5512,879;94
5513,879;101
5514,879;13224
5515,879;74
5516,879;92
5517,879;68
5518,879;119
5519,879;100
5520,879;13270
5521,879;79
5522,879;72
5523,879;74
5524,879;95
5525,879;85
5526,879;13279
5527,879;65
5528,879;82
5529,879;90
5530,879;88
5531,879;93
5532,879;13270
5533,879;79
5534,879;79
5535,879;81
5536,879;78
5537,879;82
5538,879;13302
5539,879;62
5540,879;90
5541,879;87
5542,879;80
5543,879;79
5544,879;13256
5545,879;63
5546,879;69
5547,879;65
5548,879;88
5549,879;72
5550,879;13230
5551,879;67
5552,879;76
5553,879;77
5554,879;90
5555,879;96
5556,879;13238
5557,912;84
5558,912;65
5559,912;82
5560,912;66
5561,912;93
5562,912;13243
5563,912;64
5564,912;67
5565,912;67
5566,912;76
5567,912;80
5568,912;13225
5569,912;56
5570,912;90
5571,912;66
5572,912;83
5573,912;76
5574,912;12951
5575,912;58
5576,912;68
5577,912;78
5578,912;74
5579,912;69
5580,912;13207
5581,912;73
5582,912;65
5583,912;60
5584,912;85
5585,912;90
5586,912;13213
5587,912;75
5588,912;64
5589,912;83
5590,912;76
5591,912;69
5592,912;13260
5593,912;69
5594,912;73
5595,912;83
5596,912;94
5597,912;82
5598,912;13226
5599,912;72
5600,912;77
5601,912;96
5602,912;76
5603,912;80
5604,912;13240
5605,912;80
5606,912;82
5607,912;81
5608,912;80
5609,912;78
5610,912;13247
5611,912;66
5612,912;77
5613,912;83
5614,912;92
5615,912;80
5616,912;13307
5617,912;75
5618,912;91
5619,912;101
5620,912;99
5621,912;108
5622,912;13281
5623,912;94
5624,912;82
5625,912;73
5626,912;91
5627,912;89
5628,912;13281
5629,912;87
5630,912;90
5631,912;97
5632,912;89
5633,912;102
5634,912;13270
5635,912;89
5636,912;87
5637,912;88
5638,912;97
5639,912;91
5640,912;13254
5641,912;75
5642,912;82
5643,912;79
5644,912;101
5645,912;99
5646,912;13221
5647,912;81
5648,912;84
5649,912;109
5650,912;98
5651,912;96
5652,912;13266
5653,912;88
5654,912;77
5655,912;102
5656,912;102
5657,912;75
5658,904;13272
5659,904;87
5660,904;95
5661,904;101
5662,904;103
5663,904;114
5664,904;13291
5665,904;99
5666,904;86
5667,904;90
5668,904;99
5669,904;90
5670,904;13254
5671,904;70
5672,904;91
5673,904;111
5674,904;101
5675,904;108
5676,904;13226
5677,904;100
5678,904;84
5679,904;95
5680,904;107
5681,904;90
5682,904;13213
5683,904;91
5684,904;87
5685,904;118
5686,904;73
5687,904;88
5688,904;13253
5689,904;91
5690,904;95
5691,904;108
5692,904;98
5693,904;70
5694,904;13224
5695,904;78
5696,904;92
5697,904;94
5698,904;84
5699,904;100
5700,904;13256
5701,904;86
5702,904;84
5703,904;88
5704,904;115
5705,904;110
5706,904;13231
5707,904;90
5708,904;82
5709,904;101
5710,904;106
5711,904;93
5712,904;13261
5713,904;102
5714,904;87
5715,904;91
5716,904;94
5717,904;96
5718,904;13239
5719,904;81
5720,904;91
5721,904;105
5722,904;87
5723,904;95
5724,904;13240
5725,904;88
5726,904;99
5727,904;107
5728,904;73
5729,904;101
5730,904;13282
5731,904;98
5732,904;83
5733,904;119
5734,904;93
5735,904;122
5736,904;13265
5737,904;106
5738,904;66
5739,904;86
5740,904;113
5741,904;111
5742,904;13234
5743,904;83
5744,904;89
5745,904;88
5746,904;101
5747,904;116
5748,904;13244
5749,904;97
5750,904;87
5751,904;100
5752,904;91
5753,904;72
5754,904;13224
5755,904;104
5756,904;97
5757,904;95
5758,904;91
5759,904;113
5760,904;13240
5761,904;83
5762,904;97
5763,904;78
5764,904;102
5765,904;94
5766,904;13257
5767,904;87
5768,904;87
5769,904;93
5770,904;104
5771,904;120
5772,904;13220
5773,904;89
5774,904;115
5775,904;112
5776,904;95
5777,904;100
5778,904;13243
5779,904;89
5780,904;97
5781,904;88
5782,904;100
5783,904;95
5784,904;13240
5785,904;83
5786,904;80
5787,904;87
5788,904;78
5789,904;92
5790,904;13248
5791,904;76
5792,904;90
5793,904;100
5794,904;91
5795,904;103
5796,904;13281
5797,904;88
5798,904;86
5799,904;87
5800,904;83
5801,904;93
5802,904;13234
5803,904;72
5804,904;96
5805,904;100
5806,904;107
5807,904;82
5808,904;13237
5809,904;99
5810,904;108
5811,904;95
5812,904;89
5813,904;113
5814,904;13210
5815,904;85
5816,904;102
5817,904;95
5818,904;102
5819,904;99
5820,904;13230
5821,904;86
5822,904;80
5823,904;82
5824,904;89
5825,904;94
5826,904;13249
5827,904;88
5828,904;78
5829,904;85
5830,904;89
5831,904;106
5832,904;13244
5833,904;85
5834,904;87
5835,904;92
5836,904;94
5837,904;107
5838,904;13274
5839,904;89
5840,904;86
5841,904;83
5842,904;85
5843,904;85
5844,904;13280
5845,904;81
5846,904;71
5847,904;97
5848,904;89
5849,904;80
5850,904;13198
5851,904;91
5852,904;74
5853,904;82
5854,904;91
5855,904;95
5856,904;13229
5857,904;93
5858,904;87
5859,904;110
5861,333;86
5862,333;80
5863,333;13206
5864,333;86
5865,333;73
5866,333;96
5867,333;94
5868,333;102
5869,333;13241
5870,333;66
5871,333;71
5872,333;76
5873,333;93
5874,333;92
5875,333;13255
5876,333;77
5877,333;71
5878,333;81
5879,333;67
5880,333;105
5881,333;13249
5882,333;73
5883,333;75
5884,333;82
5885,333;90
5886,333;104
5887,333;12916
5888,333;78
5889,333;79
5890,333;84
5891,333;84
5892,333;91
5893,333;13154
5894,333;77
5895,333;89
5896,333;88
5897,333;87
5898,333;93
5899,333;13209
5900,333;99
5901,333;88
5902,333;79
5903,333;67
5904,333;90
5905,333;13226
5906,333;109
5907,333;98
5908,333;105
5909,333;95
5910,333;80
5911,333;13235
5912,333;70
5913,333;83
5914,333;93
5915,333;90
5916,333;101
5917,333;13276
5918,333;69
5919,333;88
5920,333;75
5921,333;74
5922,333;98
5923,333;13259
5924,333;80
5925,333;90
5926,333;101
5927,333;67
5928,333;91
5929,333;13235
5930,333;81
5931,333;94
5932,333;98
5933,333;92
5934,333;95
5935,333;13238
5936,333;83
5937,333;92
5938,333;77
5939,333;89
5940,333;97
5941,333;13231
5942,333;98
5943,333;84
5944,333;73
5945,333;95
5946,333;89
5947,333;13223
5948,333;80
5949,333;83
5950,333;82
5951,333;98
5952,333;83
5953,333;13243
5954,333;77
5955,333;84
5956,333;81
5957,333;91
5958,333;86
5959,333;13233
5960,333;88
5961,333;83
5962,121;73
5963,121;106
5964,121;126
5965,121;13222
5966,121;84
5967,121;96
5968,121;90
5969,121;94
5970,121;79
5971,121;13228
5972,121;75
5973,121;97
5974,121;92
5975,121;102
5976,121;101
5977,121;13238
5978,121;84
5979,121;98
5980,121;85
5981,121;94
5982,121;101
5983,121;13257
5984,121;81
5985,121;89
5986,121;101
5987,121;74
5988,121;97
5989,121;13222
5990,121;87
5991,121;105
5992,121;105
5993,121;80
5994,121;81
5995,121;13274
5996,121;105
5997,121;91
5998,121;71
5999,121;79
6000,121;86
6001,121;13257
6002,121;97
6003,121;80
6004,121;96
6005,121;85
6006,121;92
6007,121;13254
6008,121;89
6009,121;90
6010,121;108
6011,121;87
6012,121;88
6013,121;13219
6014,121;95
6015,121;99
6016,121;101
6017,121;90
6018,121;109
6019,121;13262
6020,121;86
6021,121;78
6022,121;92
6023,121;96
6024,121;115
6025,121;13250
6026,121;78
6027,121;90
6028,121;73
6029,121;104
6030,121;103
6031,121;13220
6032,121;86
6033,121;97
6034,121;99
6035,121;89
6036,121;111
6037,121;13227
6038,121;74
6039,121;110
6040,121;83
6041,121;90
6042,121;102
6043,121;13221
6044,121;80
6045,121;84
6046,121;113
6047,121;89
6048,121;99
6049,121;13265
6050,121;90
6051,121;78
6052,121;95
6053,121;85
6054,121;95
6055,121;13253
6056,121;79
6057,121;67
6058,121;105
6059,121;91
6060,121;97
6061,121;13266
6062,121;80
6062,676;97
6063,676;103
6064,676;101
6065,676;92
6066,676;13262
6067,676;88
6068,676;82
6069,676;84
6070,676;79
6071,676;112
6072,676;13223
6073,676;76
6074,676;95
6075,676;89
6076,676;104
6077,676;91
6078,676;13253
6079,676;79
6080,676;88
6081,676;88
6082,676;119
6083,676;92
6084,676;13241
6085,676;91
6086,676;85
6087,676;104
6088,676;90
6089,676;102
6090,676;13227
6091,676;95
6092,676;98
6093,676;91
6094,676;101
6095,676;120
6096,676;13305
6097,676;76
6098,676;104
6099,676;82
6100,676;108
6101,676;108
6102,676;13262
6103,676;75
6104,676;120
6105,676;98
6106,676;108
6107,676;99
6108,676;13287
6109,676;78
6110,676;89
6111,676;92
6112,676;108
6113,676;119
6114,676;13298
6115,676;72
6116,676;89
6117,676;108
6118,676;93
6119,676;105
6120,676;13298
6121,676;87
6122,676;113
6123,676;93
6124,676;100
6125,676;85
6126,676;13268
6127,676;81
6128,676;84
6129,676;86
6130,676;84
6131,676;99
6132,676;13267
6133,676;96
6134,676;93
6135,676;90
6136,676;97
6137,676;82
6138,676;13283
6139,676;91
6140,676;91
6141,676;90
6142,676;88
6143,676;88
6144,676;13249
6145,676;70
6146,676;70
6147,676;89
6148,676;98
6149,676;101
6150,676;13264
6151,676;83
6152,676;88
6153,676;102
6154,676;72
6155,676;104
6156,676;13246
6157,676;69
6158,676;83
6159,676;91
6160,676;90
6161,676;108
6162,676;13253
6163,062;71
6164,062;89
6165,062;93
6166,062;92
6167,062;98
6168,062;13247
6169,062;71
6170,062;82
6171,062;92
6172,062;75
6173,062;87
6174,062;13266
6175,062;82
6176,062;80
6177,062;73
6178,062;87
6179,062;77
6180,062;13289
6181,062;73
6182,062;63
6183,062;84
6184,062;90
6185,062;81
6186,062;13248
6187,062;66
6188,062;78
6189,062;83
6190,062;73
6191,062;77
6192,062;13230
6193,062;72
6194,062;69
6195,062;89
6196,062;68
6197,062;81
6198,062;12933
6199,062;68
6200,062;74
6201,062;82
6202,062;72
6203,062;67
6204,062;13186
6205,062;62
6206,062;68
6207,062;57
6208,062;84
6209,062;73
6210,062;13230
6211,062;70
6212,062;93
6213,062;91
6214,062;88
6215,062;92
6216,062;13289
6217,062;65
6218,062;74
6219,062;90
6220,062;97
6221,062;83
6222,062;13252
6223,062;82
6224,062;82
6225,062;93
6226,062;91
6227,062;88
6228,062;13290
6229,062;96
6230,062;80
6231,062;88
6232,062;103
6233,062;94
6234,062;13289
6235,062;83
6236,062;84
6237,062;96
6238,062;87
6239,062;114
6240,062;13286
6241,062;83
6242,062;70
6243,062;91
6244,062;90
6245,062;95
6246,062;13252
6247,062;75
6248,062;70
6249,062;91
6250,062;96
6251,062;88
6252,062;13237
6253,062;97
6254,062;99
6255,062;76
6256,062;97
6257,062;90
6258,062;13282
6259,062;75
6260,062;73
6261,062;90
6262,062;85
6263,062;108
6264,062;13245
6265,062;82
6266,062;110
6267,062;103
6268,062;88
6269,062;101
6270,062;13250
6271,062;85
6272,062;111
6273,062;104
6274,062;111
6275,062;119
6276,062;13270
6277,062;93
6278,062;92
6279,062;102
6280,062;96
6281,062;105
6282,062;13237
6283,062;89
6284,062;83
6285,062;83
6286,062;96
6287,062;86
6288,062;13227
6289,062;109
6290,062;108
6291,062;98
6292,062;111
6293,062;85
6294,062;13273
6295,062;87
6296,062;101
6297,062;86
6298,062;99
6299,062;91
6300,062;13247
6301,062;84
6302,062;103
6303,062;90
6304,062;101
6305,062;97
6306,062;13243
6307,062;79
6308,062;119
6309,062;112
6310,062;109
6311,062;100
6312,062;13248
6313,062;86
6314,062;81
6315,062;105
6316,062;94
6317,062;96
6318,062;13281
6319,062;83
6320,062;84
6321,062;83
6322,062;99
6323,062;120
6324,062;13252
6325,062;93
6326,062;111
6327,062;107
6328,062;122
6329,062;99
6330,062;13213
6331,062;83
6332,062;114
6333,062;75
6334,062;90
6335,062;107
6336,062;13260
6337,062;91
6338,062;92
6339,062;96
6340,062;119
6341,062;115
6342,062;13245
6343,062;96
6344,062;92
6345,062;91
6346,062;95
6347,062;94
6348,062;13238
6349,062;84
6350,062;85
6351,062;78
6352,062;101
6353,062;103
6354,062;13277
6355,062;73
6356,062;103
6357,062;98
6358,062;91
6359,062;93
6360,062;13270
6361,062;78
6362,062;80
6363,062;112
6364,062;106
6366,149;101
6367,149;13233
6368,149;91
6369,149;109
6370,149;106
6371,149;106
6372,149;87
6373,149;13213
6374,149;96
6375,149;96
6376,149;105
6377,149;92
6378,149;86
6379,149;13250
6380,149;75
6381,149;69
6382,149;99
6383,149;105
6384,149;89
6385,149;13244
6386,149;86
6387,149;92
6388,149;93
6389,149;102
6390,149;107
6391,149;13253
6392,149;97
6393,149;98
6394,149;110
6395,149;81
6396,149;69
6397,149;13227
6398,149;96
6399,149;90
6400,149;98
6401,149;89
6402,149;103
6403,149;13270
6404,149;84
6405,149;94
6406,149;92
6407,149;105
6408,149;107
6409,149;13275
6410,149;83
6411,149;87
6412,149;76
6413,149;81
6414,149;107
6415,149;13245
6416,149;79
6417,149;95
6418,149;86
6419,149;98
6420,149;108
6421,149;13254
6422,149;84
6423,149;88
6424,149;87
6425,149;80
6426,149;95
6427,149;13263
6428,149;75
6429,149;96
6430,149;84
6431,149;89
6432,149;76
6433,149;13224
6434,149;91
6435,149;93
6436,149;81
6437,149;100
6438,149;92
6439,149;13249
6440,149;84
6441,149;101
6442,149;87
6443,149;100
6444,149;115
6445,149;13218
6446,149;77
6447,149;100
6448,149;82
6449,149;86
6450,149;112
6451,149;13226
6452,149;83
6453,149;111
6454,149;86
6455,149;93
6456,149;112
6457,149;13254
6458,149;90
6459,149;91
6460,149;78
6461,149;84
6462,149;86
6463,149;13241
6464,149;91
6465,149;84
6466,149;93
6467,239;89
6468,239;74
6469,239;13204
6470,239;87
6471,239;68
6472,239;89
6473,239;87
6474,239;88
6475,239;13243
6476,239;82
6477,239;90
6478,239;98
6479,239;82
6480,239;105
6481,239;13285
6482,239;69
6483,239;91
6484,239;86
6485,239;79
6486,239;108
6487,239;13264
6488,239;82
6489,239;76
6490,239;88
6491,239;99
6492,239;92
6493,239;13240
6494,239;83
6495,239;77
6496,239;91
6497,239;91
6498,239;89
6499,239;13238
6500,239;77
6501,239;82
6502,239;69
6503,239;83
6504,239;82
6505,239;13228
6506,239;78
6507,239;82
6508,239;75
6509,239;80
6510,239;97
6511,239;12894
6512,239;89
6513,239;87
6514,239;93
6515,239;90
6516,239;95
6517,239;13159
6518,239;92
6519,239;82
6520,239;78
6521,239;75
6522,239;94
6523,239;13228
6524,239;79
6525,239;66
6526,239;90
6527,239;79
6528,239;91
6529,239;13230
6530,239;67
6531,239;77
6532,239;79
6533,239;95
6534,239;101
6535,239;13227
6536,239;60
6537,239;71
6538,239;87
6539,239;77
6540,239;89
6541,239;13207
6542,239;78
6543,239;71
6544,239;100
6545,239;80
6546,239;70
6547,239;13230
6548,239;80
6549,239;84
6550,239;99
6551,239;100
6552,239;87
6553,239;13240
6554,239;87
6555,239;90
6556,239;89
6557,239;78
6558,239;95
6559,239;13243
6560,239;88
6561,239;115
6562,239;90
6563,239;87
6564,239;112
6565,239;13265
6566,239;96
6567,239;91
6567,983;111
6568,983;100
6569,983;102
6570,983;13227
6571,983;93
6572,983;95
6573,983;83
6574,983;85
6575,983;100
6576,983;13233
6577,983;73
6578,983;76
6579,983;92
6580,983;86
6581,983;92
6582,983;13266
6583,983;90
6584,983;90
6585,983;87
6586,983;101
6587,983;98
6588,983;13243
6589,983;79
6590,983;95
6591,983;74
6592,983;88
6593,983;94
6594,983;13257
6595,983;81
6596,983;91
6597,983;108
6598,983;103
6599,983;88
6600,983;13259
6601,983;101
6602,983;91
6603,983;92
6604,983;108
6605,983;96
6606,983;13235
6607,983;96
6608,983;81
6609,983;110
6610,983;94
6611,983;111
6612,983;13227
6613,983;74
6614,983;97
6615,983;96
6616,983;112
6617,983;90
6618,983;13248
6619,983;86
6620,983;100
6621,983;75
6622,983;98
6623,983;96
6624,983;13240
6625,983;82
6626,983;96
6627,983;101
6628,983;82
6629,983;109
6630,983;13231
6631,983;91
6632,983;85
6633,983;74
6634,983;95
6635,983;93
6636,983;13276
6637,983;75
6638,983;96
6639,983;101
6640,983;98
6641,983;104
6642,983;13265
6643,983;79
6644,983;99
6645,983;102
6646,983;95
6647,983;98
6648,983;13248
6649,983;92
6650,983;91
6651,983;94
6652,983;99
6653,983;111
6654,983;13246
6655,983;93
6656,983;99
6657,983;112
6658,983;107
6659,983;105
6660,983;13256
6661,983;72
6662,983;94
6663,983;114
6664,983;88
6665,983;92
6666,983;13217
6667,983;85
6667,821;87
6668,821;102
6669,821;86
6670,821;100
6671,821;13247
6672,821;92
6673,821;80
6674,821;81
6675,821;98
6676,821;109
6677,821;13230
6678,821;84
6679,821;100
6680,821;96
6681,821;93
6682,821;88
6683,821;13222
6684,821;80
6685,821;104
6686,821;96
6687,821;80
6688,821;112
6689,821;13248
6690,821;84
6691,821;109
6692,821;92
6693,821;94
6694,821;107
6695,821;13270
6696,821;104
6697,821;109
6698,821;96
6699,821;104
6700,821;113
6701,821;13216
6702,821;93
6703,821;91
6704,821;86
6705,821;94
6706,821;88
6707,821;13248
6708,821;87
6709,821;99
6710,821;93
6711,821;93
6712,821;102
6713,821;13241
6714,821;88
6715,821;104
6716,821;95
6717,821;95
6718,821;93
6719,821;13259
6720,821;83
6721,821;91
6722,821;79
6723,821;107
6724,821;103
6725,821;13258
6726,821;89
6727,821;96
6728,821;106
6729,821;110
6730,821;111
6731,821;13269
6732,821;93
6733,821;107
6734,821;89
6735,821;83
6736,821;105
6737,821;13260
6738,821;86
6739,821;76
6740,821;103
6741,821;115
6742,821;89
6743,821;13281
6744,821;84
6745,821;98
6746,821;88
6747,821;100
6748,821;111
6749,821;13230
6750,821;87
6751,821;112
6752,821;89
6753,821;111
6754,821;85
6755,821;13263
6756,821;96
6757,821;97
6758,821;102
6759,821;92
6760,821;90
6761,821;13245
6762,821;83
6763,821;80
6764,821;87
6765,821;113
6766,821;81
6767,821;13269
6770,023;86
6771,023;88
6772,023;84
6773,023;109
6774,023;105
6775,023;13252
6776,023;71
6777,023;92
6778,023;101
6779,023;89
6780,023;108
6781,023;13237
6782,023;85
6783,023;94
6784,023;79
6785,023;98
6786,023;99
6787,023;13251
6788,023;80
6789,023;90
6790,023;91
6791,023;86
6792,023;90
6793,023;13229
6794,023;82
6795,023;86
6796,023;93
6797,023;75
6798,023;95
6799,023;13260
6800,023;67
6801,023;79
6802,023;98
6803,023;94
6804,023;84
6805,023;13242
6806,023;67
6807,023;87
6808,023;83
6809,023;93
6810,023;93
6811,023;13248
6812,023;77
6813,023;75
6814,023;80
6815,023;80
6816,023;77
6817,023;13259
6818,023;65
6819,023;72
6820,023;76
6821,023;76
6822,023;78
6823,023;12876
6824,023;59
6825,023;89
6826,023;84
6827,023;80
6828,023;76
6829,023;13194
6830,023;82
6831,023;78
6832,023;88
6833,023;84
6834,023;106
6835,023;13261
6836,023;67
6837,023;70
6838,023;76
6839,023;88
6840,023;96
6841,023;13244
6842,023;83
6843,023;81
6844,023;88
6845,023;100
6846,023;92
6847,023;13250
6848,023;73
6849,023;89
6850,023;98
6851,023;95
6852,023;95
6853,023;13243
6854,023;72
6855,023;79
6856,023;73
6857,023;96
6858,023;83
6859,023;13248
6860,023;77
6861,023;81
6862,023;80
6863,023;104
6864,023;100
6865,023;13254
6866,023;79
6867,023;104
6868,023;101
6869,023;108
6870,023;115
6871,023;13270
6872,023;66
6873,023;83
6874,023;97
6875,023;103
6876,023;93
6877,023;13281
6878,023;74
6879,023;93
6880,023;96
6881,023;83
6882,023;86
6883,023;13262
6884,023;79
6885,023;101
6886,023;88
6887,023;105
6888,023;86
6889,023;13239
6890,023;95
6891,023;97
6892,023;94
6893,023;104
6894,023;98
6895,023;13270
6896,023;82
6897,023;80
6898,023;99
6899,023;94
6900,023;105
6901,023;13258
6902,023;82
6903,023;102
6904,023;91
6905,023;112
6906,023;89
6907,023;13246
6908,023;88
6909,023;95
6910,023;87
6911,023;112
6912,023;89
6913,023;13251
6914,023;90
6915,023;87
6916,023;82
6917,023;92
6918,023;105
6919,023;13246
6920,023;94
6921,023;86
6922,023;106
6923,023;95
6924,023;88
6925,023;13245
6926,023;86
6927,023;115
6928,023;103
6929,023;106
6930,023;97
6931,023;13270
6932,023;95
6933,023;81
6934,023;82
6935,023;89
6936,023;98
6937,023;13257
6938,023;92
6939,023;83
6940,023;84
6941,023;79
6942,023;101
6943,023;13237
6944,023;88
6945,023;76
6946,023;89
6947,023;103
6948,023;115
6949,023;13262
6950,023;87
6951,023;78
6952,023;119
6953,023;109
6954,023;104
6955,023;13277
6956,023;84
6957,023;106
6958,023;86
6959,023;103
6960,023;98
6961,023;13264
6962,023;96
6963,023;107
6964,023;103
6965,023;110
6966,023;96
6967,023;13218
6968,023;94
6969,023;103
6970,023;112
6971,023;95
6971,378;94
6972,378;13207
6973,378;97
6974,378;96
6975,378;97
6976,378;93
6977,378;118
6978,378;13240
6979,378;89
6980,378;99
6981,378;108
6982,378;91
6983,378;96
6984,378;13254
6985,378;82
6986,378;98
6987,378;98
6988,378;88
6989,378;104
6990,378;13221
6991,378;86
6992,378;100
6993,378;92
6994,378;103
6995,378;109
6996,378;13281
6997,378;74
6998,378;103
6999,378;103
7000,378;99
7001,378;102
7002,378;13185
7003,378;96
7004,378;95
7005,378;83
7006,378;97
7007,378;91
7008,378;13219
7009,378;90
7010,378;103
7011,378;81
7012,378;112
7013,378;100
7014,378;13253
7015,378;86
7016,378;85
7017,378;82
7018,378;109
7019,378;107
7020,378;13248
7021,378;95
7022,378;91
7023,378;109
7024,378;100
7025,378;95
7026,378;13240
7027,378;82
7028,378;82
7029,378;101
7030,378;99
7031,378;96
7032,378;13207
7033,378;76
7034,378;98
7035,378;95
7036,378;101
7037,378;85
7038,378;13218
7039,378;95
7040,378;99
7041,378;95
7042,378;80
7043,378;92
7044,378;13220
7045,378;74
7046,378;92
7047,378;93
7048,378;85
7049,378;104
7050,378;13245
7051,378;79
7052,378;88
7053,378;94
7054,378;73
7055,378;100
7056,378;13259
7057,378;93
7058,378;73
7059,378;76
7060,378;101
7061,378;83
7062,378;13248
7063,378;83
7064,378;82
7065,378;72
7066,378;76
7067,378;96
7068,378;13234
7069,378;83
7070,378;104
7071,378;93
7073,142;97
7074,142;88
7075,142;13237
7076,142;99
7077,142;88
7078,142;82
7079,142;85
7080,142;118
7081,142;13267
7082,142;79
7083,142;92
7084,142;93
7085,142;110
7086,142;89
7087,142;13253
7088,142;96
7089,142;73
7090,142;102
7091,142;87
7092,142;88
7093,142;13243
7094,142;93
7095,142;75
7096,142;85
7097,142;88
7098,142;108
7099,142;13258
7100,142;79
7101,142;98
7102,142;81
7103,142;78
7104,142;97
7105,142;13239
7106,142;67
7107,142;82
7108,142;101
7109,142;76
7110,142;88
7111,142;13232
7112,142;84
7113,142;98
7114,142;87
7115,142;80
7116,142;85
7117,142;13223
7118,142;67
7119,142;84
7120,142;92
7121,142;100
7122,142;89
7123,142;13236
7124,142;77
7125,142;73
7126,142;73
7127,142;64
7128,142;91
7129,142;13230
7130,142;92
7131,142;69
7132,142;92
7133,142;78
7134,142;78
7135,142;12913
7136,142;81
7137,142;74
7138,142;87
7139,142;64
7140,142;80
7141,142;13154
7142,142;71
7143,142;70
7144,142;81
7145,142;87
7146,142;101
7147,142;13245
7148,142;87
7149,142;96
7150,142;82
7151,142;77
7152,142;87
7153,142;13242
7154,142;88
7155,142;80
7156,142;91
7157,142;85
7158,142;87
7159,142;13222
7160,142;68
7161,142;79
7162,142;86
7163,142;82
7164,142;82
7165,142;13244
7166,142;83
7167,142;93
7168,142;86
7169,142;109
7170,142;98
7171,142;13233
7172,142;83
7173,142;85
7173,835;95
7174,835;73
7175,835;93
7176,835;13257
7177,835;82
7178,835;99
7179,835;99
7180,835;75
7181,835;72
7182,835;13227
7183,835;95
7184,835;74
7185,835;108
7186,835;116
7187,835;86
7188,835;13235
7189,835;84
7190,835;83
7191,835;86
7192,835;104
7193,835;111
7194,835;13242
7195,835;74
7196,835;105
7197,835;94
7198,835;92
7199,835;104
7200,835;13194
7201,835;79
7202,835;77
7203,835;80
7204,835;93
7205,835;91
7206,835;13245
7207,835;81
7208,835;112
7209,835;99
7210,835;93
7211,835;92
7212,835;13254
7213,835;85
7214,835;93
7215,835;101
7216,835;83
7217,835;109
7218,835;13242
7219,835;86
7220,835;96
7221,835;98
7222,835;97
7223,835;91
7224,835;13250
7225,835;79
7226,835;85
7227,835;95
7228,835;87
7229,835;101
7230,835;13221
7231,835;99
7232,835;86
7233,835;78
7234,835;79
7235,835;97
7236,835;13271
7237,835;99
7238,835;80
7239,835;72
7240,835;99
7241,835;99
7242,835;13241
7243,835;94
7244,835;86
7245,835;88
7246,835;95
7247,835;103
7248,835;13233
7249,835;79
7250,835;86
7251,835;92
7252,835;117
7253,835;81
7254,835;13241
7255,835;76
7256,835;87
7257,835;103
7258,835;96
7259,835;103
7260,835;13259
7261,835;66
7262,835;77
7263,835;100
7264,835;87
7265,835;105
7266,835;13237
7267,835;90
7268,835;78
7269,835;78
7270,835;101
7271,835;86
7272,835;13249
7273,835;92
7274,591;74
7275,591;91
7276,591;125
7277,591;93
7278,591;13250
7279,591;77
7280,591;108
7281,591;85
7282,591;112
7283,591;98
7284,591;13245
7285,591;80
7286,591;101
7287,591;91
7288,591;94
7289,591;90
7290,591;13246
7291,591;92
7292,591;81
7293,591;110
7294,591;99
7295,591;96
7296,591;13259
7297,591;84
7298,591;90
7299,591;92
7300,591;106
7301,591;101
7302,591;13234
7303,591;79
7304,591;101
7305,591;113
7306,591;105
7307,591;101
7308,591;13230
7309,591;98
7310,591;96
7311,591;87
7312,591;95
7313,591;104
7314,591;13266
7315,591;90
7316,591;85
7317,591;106
7318,591;106
7319,591;109
7320,591;13264
7321,591;70
7322,591;81
7323,591;81
7324,591;102
7325,591;93
7326,591;13190
7327,591;107
7328,591;90
7329,591;93
7330,591;85
7331,591;112
7332,591;13245
7333,591;90
7334,591;106
7335,591;110
7336,591;104
7337,591;95
7338,591;13245
7339,591;75
7340,591;100
7341,591;111
7342,591;102
7343,591;122
7344,591;13231
7345,591;91
7346,591;86
7347,591;83
7348,591;99
7349,591;112
7350,591;13238
7351,591;92
7352,591;100
7353,591;100
7354,591;105
7355,591;101
7356,591;13231
7357,591;89
7358,591;97
7359,591;98
7360,591;108
7361,591;93
7362,591;13237
7363,591;100
7364,591;102
7365,591;103
7366,591;105
7367,591;97
7368,591;13257
7369,591;77
7370,591;86
7371,591;106
7372,591;105
7373,591;98
7374,591;13224
7375,591;79
7376,591;88
7377,591;94
7378,591;105
7379,591;107
7380,591;13257
7381,591;106
7382,591;93
7383,591;101
7384,591;75
7385,591;101
7386,591;13257
7387,591;89
7388,591;77
7389,591;82
7390,591;101
7391,591;92
7392,591;13257
7393,591;70
7394,591;84
7395,591;94
7396,591;120
7397,591;94
7398,591;13273
7399,591;90
7400,591;76
7401,591;87
7402,591;102
7403,591;110
7404,591;13261
7405,591;67
7406,591;91
7407,591;103
7408,591;94
7409,591;98
7410,591;13239
7411,591;86
7412,591;76
7413,591;84
7414,591;83
7415,591;108
7416,591;13273
7417,591;80
7418,591;82
7419,591;85
7420,591;88
7421,591;86
7422,591;13260
7423,591;73
7424,591;88
7425,591;94
7426,591;75
7427,591;87
7428,591;13268
7429,591;81
7430,591;67
7431,591;71
7432,591;85
7433,591;91
7434,591;13255
7435,591;60
7436,591;84
7437,591;87
7438,591;88
7439,591;70
7440,591;13261
7441,591;81
7442,591;75
7443,591;94
7444,591;85
7445,591;80
7446,591;12917
7447,591;89
7448,591;80
7449,591;75
7450,591;110
7451,591;96
7452,591;13220
7453,591;86
7454,591;78
7455,591;82
7456,591;91
7457,591;82
7458,591;13275
7459,591;77
7460,591;79
7461,591;69
7462,591;91
7463,591;86
7464,591;13252
7465,591;92
7466,591;74
7467,591;90
7468,591;91
7469,591;85
7470,591;13235
7471,591;64
7472,591;102
7473,591;106
7474,591;104
7475,591;96
7476,928;13260
7477,928;74
7478,928;100
7479,928;94
7480,928;103
7481,928;107
7482,928;13231
7483,928;88
7484,928;93
7485,928;96
7486,928;102
7487,928;85
7488,928;13262
7489,928;91
7490,928;91
7491,928;108
7492,928;107
7493,928;75
7494,928;13271
7495,928;86
7496,928;98
7497,928;89
7498,928;81
7499,928;87
7500,928;13269
7501,928;106
7502,928;89
7503,928;98
7504,928;112
7505,928;99
7506,928;13222
7507,928;88
7508,928;87
7509,928;117
7510,928;98
7511,928;113
7512,928;13262
7513,928;77
7514,928;104
7515,928;103
7516,928;90
7517,928;112
7518,928;13238
7519,928;74
7520,928;110
7521,928;107
7522,928;102
7523,928;104
7524,928;13258
7525,928;91
7526,928;100
7527,928;98
7528,928;95
7529,928;84
7530,928;13232
7531,928;96
7532,928;87
7533,928;98
7534,928;106
7535,928;111
7536,928;13283
7537,928;88
7538,928;94
7539,928;81
7540,928;99
7541,928;101
7542,928;13273
7543,928;98
7544,928;84
7545,928;77
7546,928;99
7547,928;109
7548,928;13233
7549,928;103
7550,928;95
7551,928;109
7552,928;101
7553,928;96
7554,928;13250
7555,928;111
7556,928;100
7557,928;106
7558,928;84
7559,928;87
7560,928;13253
7561,928;83
7562,928;96
7563,928;85
7564,928;112
7565,928;93
7566,928;13238
7567,928;81
7568,928;92
7569,928;96
7570,928;108
7571,928;109
7572,928;13259
7573,928;95
7574,928;88
7575,928;109
7576,928;97
7578,333;94
7579,333;13244
7580,333;87
7581,333;88
7582,333;99
7583,333;94
7584,333;98
7585,333;13238
7586,333;90
7587,333;90
7588,333;103
7589,333;94
7590,333;101
7591,333;13208
7592,333;89
7593,333;88
7594,333;98
7595,333;90
7596,333;103
7597,333;13274
7598,333;84
7599,333;117
7600,333;100
7601,333;75
7602,333;94
7603,333;13235
7604,333;94
7605,333;79
7606,333;89
7607,333;93
7608,333;95
7609,333;13244
7610,333;59
7611,333;96
7612,333;99
7613,333;91
7614,333;95
7615,333;13252
7616,333;75
7617,333;97
7618,333;116
7619,333;103
7620,333;90
7621,333;13266
7622,333;83
7623,333;91
7624,333;102
7625,333;90
7626,333;107
7627,333;13225
7628,333;69
7629,333;93
7630,333;89
7631,333;113
7632,333;92
7633,333;13217
7634,333;84
7635,333;87
7636,333;101
7637,333;81
7638,333;110
7639,333;13243
7640,333;81
7641,333;101
7642,333;99
7643,333;95
7644,333;111
7645,333;13243
7646,333;76
7647,333;98
7648,333;94
7649,333;75
7650,333;84
7651,333;13210
7652,333;100
7653,333;92
7654,333;96
7655,333;96
7656,333;103
7657,333;13210
7658,333;95
7659,333;83
7660,333;98
7661,333;114
7662,333;85
7663,333;13224
7664,333;94
7665,333;86
7666,333;94
7667,333;97
7668,333;87
7669,333;13250
7670,333;87
7671,333;94
7672,333;94
7673,333;93
7674,333;86
7675,333;13254
7676,333;78
7677,333;88
7678,333;87
7679,234;97
7680,234;103
7681,234;13232
7682,234;73
7683,234;88
7684,234;96
7685,234;98
7686,234;97
7687,234;13218
7688,234;80
7689,234;86
7690,234;117
7691,234;92
7692,234;95
7693,234;13209
7694,234;70
7695,234;86
7696,234;93
7697,234;85
7698,234;83
7699,234;13198
7700,234;91
7701,234;80
7702,234;83
7703,234;93
7704,234;97
7705,234;13201
7706,234;66
7707,234;59
7708,234;79
7709,234;101
7710,234;98
7711,234;13226
7712,234;79
7713,234;91
7714,234;90
7715,234;89
7716,234;101
7717,234;13223
7718,234;78
7719,234;92
7720,234;90
7721,234;84
7722,234;85
7723,234;13228
7724,234;88
7725,234;90
7726,234;76
7727,234;99
7728,234;84
7729,234;13225
7730,234;91
7731,234;87
7732,234;86
7733,234;89
7734,234;106
7735,234;13205
7736,234;73
7737,234;84
7738,234;96
7739,234;87
7740,234;119
7741,234;13252
7742,234;73
7743,234;99
7744,234;109
7745,234;90
7746,234;82
7747,234;13233
7748,234;79
7749,234;71
7750,234;74
7751,234;71
7752,234;92
7753,234;13251
7754,234;88
7755,234;85
7756,234;73
7757,234;97
7758,234;83
7759,234;12915
7760,234;70
7761,234;79
7762,234;88
7763,234;84
7764,234;86
7765,234;13149
7766,234;61
7767,234;95
7768,234;96
7769,234;68
7770,234;90
7771,234;13224
7772,234;77
7773,234;87
7774,234;78
7775,234;87
7776,234;91
7777,234;13231
7778,234;79
7779,234;93
7780,33;84
7781,33;79
7782,33;94
7783,33;13244
7784,33;71
7785,33;82
7786,33;93
7787,33;93
7788,33;85
7789,33;13216
7790,33;85
7791,33;89
7792,33;102
7793,33;95
7794,33;89
7795,33;13254
7796,33;96
7797,33;78
7798,33;82
7799,33;91
7800,33;92
7801,33;13197
7802,33;95
7803,33;99
7804,33;104
7805,33;87
7806,33;103
7807,33;13221
7808,33;92
7809,33;92
7810,33;81
7811,33;99
7812,33;104
7813,33;13231
7814,33;77
7815,33;85
7816,33;99
7817,33;83
7818,33;94
7819,33;13222
7820,33;85
7821,33;84
7822,33;76
7823,33;99
7824,33;101
7825,33;13244
7826,33;74
7827,33;80
7828,33;91
7829,33;92
7830,33;112
7831,33;13208
7832,33;81
7833,33;99
7834,33;93
7835,33;90
7836,33;84
7837,33;13232
7838,33;87
7839,33;82
7840,33;80
7841,33;90
7842,33;101
7843,33;13236
7844,33;71
7845,33;105
7846,33;107
7847,33;102
7848,33;89
7849,33;13212
7850,33;94
7851,33;98
7852,33;94
7853,33;84
7854,33;90
7855,33;13240
7856,33;75
7857,33;97
7858,33;92
7859,33;91
7860,33;101
7861,33;13222
7862,33;99
7863,33;79
7864,33;89
7865,33;98
7866,33;102
7867,33;13253
7868,33;91
7869,33;84
7870,33;98
7871,33;89
7872,33;107
7873,33;13209
7874,33;83
7875,33;81
7876,33;85
7877,33;87
7878,33;107
7879,33;13262
7880,33;81
7881,33;87
7882,33;89
7883,33;104
7884,33;91
7885,33;13226
7886,33;104
7887,33;92
7888,33;102
7889,33;93
7890,33;100
7891,33;13194
7892,33;84
7893,33;87
7894,33;100
7895,33;90
7896,33;102
7897,33;13277
7898,33;67
7899,33;93
7900,33;98
7901,33;92
7902,33;98
7903,33;13227
7904,33;90
7905,33;89
7906,33;94
7907,33;100
7908,33;92
7909,33;13232
7910,33;77
7911,33;102
7912,33;92
7913,33;87
7914,33;96
7915,33;13239
7916,33;91
7917,33;94
7918,33;88
7919,33;94
7920,33;105
7921,33;13249
7922,33;90
7923,33;97
7924,33;86
7925,33;92
7926,33;110
7927,33;13225
7928,33;88
7929,33;92
7930,33;97
7931,33;93
7932,33;115
7933,33;13250
7934,33;93
7935,33;99
7936,33;91
7937,33;87
7938,33;86
7939,33;13237
7940,33;79
7941,33;79
7942,33;85
7943,33;100
7944,33;109
7945,33;13228
7946,33;88
7947,33;92
7948,33;97
7949,33;87
7950,33;95
7951,33;13198
7952,33;84
7953,33;83
7954,33;93
7955,33;93
7956,33;95
7957,33;13209
7958,33;91
7959,33;99
7960,33;109
7961,33;88
7962,33;104
7963,33;13271
7964,33;84
7965,33;104
7966,33;120
7967,33;101
7968,33;100
7969,33;13207
7970,33;87
7971,33;93
7972,33;89
7973,33;108
7974,33;87
7975,33;13237
7976,33;91
7977,33;90
7978,33;103
7979,33;102
7980,33;89
7981,33;13266
7982,08;76
7983,08;94
7984,08;79
7985,08;99
7986,08;113
7987,08;13253
7988,08;92
7989,08;112
7990,08;93
7991,08;96
7992,08;83
7993,08;13234
7994,08;114
7995,08;85
7996,08;97
7997,08;94
7998,08;98
7999,08;13253
8000,08;81
8001,08;83
8002,08;95
8003,08;84
8004,08;97
8005,08;13252
8006,08;92
8007,08;86
8008,08;92
8009,08;109
8010,08;117
8011,08;13214
8012,08;111
8013,08;122
8014,08;89
8015,08;98
8016,08;115
8017,08;13252
8018,08;108
8019,08;89
8020,08;98
8021,08;94
8022,08;93
8023,08;13248
8024,08;89
8025,08;87
8026,08;100
8027,08;98
8028,08;95
8029,08;13276
8030,08;88
8031,08;92
8032,08;98
8033,08;92
8034,08;105
8035,08;13261
8036,08;92
8037,08;89
8038,08;95
8039,08;110
8040,08;93
8041,08;13244
8042,08;87
8043,08;86
8044,08;88
8045,08;84
8046,08;85
8047,08;13217
8048,08;82
8049,08;101
8050,08;87
8051,08;96
8052,08;90
8053,08;13247
8054,08;77
8055,08;77
8056,08;84
8057,08;84
8058,08;115
8059,08;13267
8060,08;74
8061,08;96
8062,08;92
8063,08;97
8064,08;87
8065,08;13231
8066,08;79
8067,08;73
8068,08;81
8069,08;71
8070,08;85
8071,08;12930
8072,08;79
8073,08;77
8074,08;86
8075,08;80
8076,08;82
8077,08;13210
8078,08;90
8079,08;78
8080,08;99
8081,08;89
8082,08;95
8082,9;13216
8083,9;68
8084,9;86
8085,9;87
8086,9;81
8087,9;101
8088,9;13239
8089,9;76
8090,9;97
8091,9;88
8092,9;106
8093,9;95
8094,9;13243
8095,9;85
8096,9;91
8097,9;87
8098,9;87
8099,9;89
8100,9;13236
8101,9;94
8102,9;90
8103,9;83
8104,9;94
8105,9;89
8106,9;13234
8107,9;81
8108,9;106
8109,9;106
8110,9;95
8111,9;83
8112,9;13265
8113,9;85
8114,9;84
8115,9;89
8116,9;114
8117,9;87
8118,9;13227
8119,9;80
8120,9;76
8121,9;105
8122,9;103
8123,9;87
8124,9;13262
8125,9;71
8126,9;112
8127,9;99
8128,9;90
8129,9;97
8130,9;13212
8131,9;100
8132,9;112
8133,9;77
8134,9;108
8135,9;101
8136,9;13250
8137,9;94
8138,9;98
8139,9;100
8140,9;105
8141,9;111
8142,9;13240
8143,9;85
8144,9;100
8145,9;94
8146,9;109
8147,9;91
8148,9;13213
8149,9;80
8150,9;105
8151,9;79
8152,9;102
8153,9;121
8154,9;13257
8155,9;92
8156,9;87
8157,9;114
8158,9;92
8159,9;110
8160,9;13237
8161,9;65
8162,9;79
8163,9;119
8164,9;90
8165,9;100
8166,9;13276
8167,9;88
8168,9;80
8169,9;90
8170,9;104
8171,9;110
8172,9;13206
8173,9;95
8174,9;86
8175,9;85
8176,9;93
8177,9;98
8178,9;13224
8179,9;95
8180,9;86
8181,9;90
8182,9;83
8184,212;102
8185,212;13258
8186,212;93
8187,212;107
8188,212;104
8189,212;84
8190,212;98
8191,212;13194
8192,212;91
8193,212;85
8194,212;99
8195,212;96
8196,212;108
8197,212;13232
8198,212;82
8199,212;82
8200,212;107
8201,212;101
8202,212;90
8203,212;13231
8204,212;92
8205,212;88
8206,212;97
8207,212;97
8208,212;107
8209,212;13213
8210,212;89
8211,212;79
8212,212;103
8213,212;97
8214,212;106
8215,212;13235
8216,212;76
8217,212;85
8218,212;88
8219,212;103
8220,212;103
8221,212;13249
8222,212;88
8223,212;106
8224,212;99
8225,212;85
8226,212;111
8227,212;13250
8228,212;86
8229,212;100
8230,212;99
8231,212;93
8232,212;105
8233,212;13210
8234,212;81
8235,212;93
8236,212;97
8237,212;84
8238,212;103
8239,212;13247
8240,212;90
8241,212;66
8242,212;89
8243,212;95
8244,212;106
8245,212;13212
8246,212;101
8247,212;92
8248,212;108
8249,212;84
8250,212;94
8251,212;13234
8252,212;94
8253,212;96
8254,212;85
8255,212;107
8256,212;106
8257,212;13233
8258,212;84
8259,212;90
8260,212;100
8261,212;85
8262,212;94
8263,212;13223
8264,212;97
8265,212;89
8266,212;95
8267,212;97
8268,212;94
8269,212;13229
8270,212;83
8271,212;92
8272,212;85
8273,212;81
8274,212;93
8275,212;13201
8276,212;94
8277,212;88
8278,212;103
8279,212;106
8280,212;103
8281,212;13241
8282,212;87
8283,212;75
8284,212;90
8285,224;91
8286,224;99
8287,224;13245
8288,224;77
8289,224;93
8290,224;100
8291,224;89
8292,224;91
8293,224;13220
8294,224;102
8295,224;85
8296,224;107
8297,224;91
8298,224;88
8299,224;13229
8300,224;80
8301,224;95
8302,224;82
8303,224;103
8304,224;85
8305,224;13223
8306,224;82
8307,224;81
8308,224;84
8309,224;116
8310,224;106
8311,224;13192
8312,224;72
8313,224;78
8314,224;95
8315,224;103
8316,224;89
8317,224;13263
8318,224;76
8319,224;108
8320,224;98
8321,224;100
8322,224;103
8323,224;13218
8324,224;85
8325,224;81
8326,224;88
8327,224;98
8328,224;99
8329,224;13236
8330,224;95
8331,224;103
8332,224;94
8333,224;89
8334,224;89
8335,224;13231
8336,224;76
8337,224;83
8338,224;99
8339,224;87
8340,224;102
8341,224;13236
8342,224;76
8343,224;80
8344,224;93
8345,224;75
8346,224;79
8347,224;13255
8348,224;89
8349,224;90
8350,224;87
8351,224;97
8352,224;103
8353,224;13261
8354,224;77
8355,224;73
8356,224;82
8357,224;95
8358,224;84
8359,224;13244
8360,224;78
8361,224;96
8362,224;77
8363,224;83
8364,224;78
8365,224;13213
8366,224;79
8367,224;84
8368,224;103
8369,224;94
8370,224;88
8371,224;13200
8372,224;80
8373,224;75
8374,224;99
8375,224;75
8376,224;93
8377,224;13246
8378,224;76
8379,224;79
8380,224;87
8381,224;85
8382,224;93
8383,224;12916
8384,224;90
8385,224;78
8386,208;74
8387,208;96
8388,208;75
8389,208;13178
8390,208;70
8391,208;94
8392,208;86
8393,208;95
8394,208;102
8395,208;13202
8396,208;78
8397,208;88
8398,208;97
8399,208;100
8400,208;88
8401,208;13252
8402,208;85
8403,208;100
8404,208;83
8405,208;82
8406,208;98
8407,208;13199
8408,208;59
8409,208;91
8410,208;83
8411,208;115
8412,208;98
8413,208;13219
8414,208;81
8415,208;97
8416,208;84
8417,208;80
8418,208;90
8419,208;13216
8420,208;97
8421,208;84
8422,208;93
8423,208;102
8424,208;81
8425,208;13264
8426,208;73
8427,208;97
8428,208;91
8429,208;95
8430,208;93
8431,208;13224
8432,208;87
8433,208;69
8434,208;98
8435,208;109
8436,208;78
8437,208;13236
8438,208;67
8439,208;91
8440,208;96
8441,208;96
8442,208;88
8443,208;13242
8444,208;107
8445,208;67
8446,208;84
8447,208;110
8448,208;89
8449,208;13220
8450,208;94
8451,208;89
8452,208;95
8453,208;70
8454,208;93
8455,208;13241
8456,208;114
8457,208;85
8458,208;91
8459,208;89
8460,208;98
8461,208;13237
8462,208;86
8463,208;98
8464,208;84
8465,208;82
8466,208;92
8467,208;13221
8468,208;90
8469,208;84
8470,208;84
8471,208;97
8472,208;82
8473,208;13215
8474,208;93
8475,208;93
8476,208;70
8477,208;87
8478,208;99
8479,208;13242
8480,208;94
8481,208;91
8482,208;81
8483,208;89
8484,208;110
8485,208;13236
8486,208;83
8487,208;100
8488,208;104
8489,208;96
8490,208;92
8491,208;13237
8492,208;68
8493,208;103
8494,208;85
8495,208;88
8496,208;84
8497,208;13228
8498,208;84
8499,208;90
8500,208;91
8501,208;99
8502,208;94
8503,208;13230
8504,208;92
8505,208;92
8506,208;95
8507,208;93
8508,208;100
8509,208;13239
8510,208;89
8511,208;91
8512,208;103
8513,208;91
8514,208;103
8515,208;13212
8516,208;82
8517,208;80
8518,208;98
8519,208;97
8520,208;98
8521,208;13232
8522,208;101
8523,208;85
8524,208;104
8525,208;98
8526,208;95
8527,208;13230
8528,208;83
8529,208;104
8530,208;94
8531,208;89
8532,208;86
8533,208;13244
8534,208;85
8535,208;84
8536,208;100
8537,208;95
8538,208;93
8539,208;13229
8540,208;93
8541,208;97
8542,208;85
8543,208;90
8544,208;78
8545,208;13199
8546,208;88
8547,208;103
8548,208;91
8549,208;111
8550,208;103
8551,208;13195
8552,208;78
8553,208;104
8554,208;105
8555,208;99
8556,208;108
8557,208;13240
8558,208;86
8559,208;115
8560,208;93
8561,208;110
8562,208;97
8563,208;13269
8564,208;85
8565,208;95
8566,208;84
8567,208;86
8568,208;115
8569,208;13226
8570,208;101
8571,208;102
8572,208;78
8573,208;114
8574,208;85
8575,208;13262
8576,208;74
8577,208;99
8578,208;102
8579,208;93
8580,208;90
8581,208;13264
8582,208;92
8583,208;95
8584,208;102
8585,208;104
8586,208;94
8587,208;13209
8588,153;95
8589,153;98
8590,153;90
8591,153;108
8592,153;83
8593,153;13226
8594,153;98
8595,153;99
8596,153;112
8597,153;125
8598,153;129
8599,153;13235
8600,153;89
8601,153;92
8602,153;88
8603,153;98
8604,153;91
8605,153;13224
8606,153;98
8607,153;83
8608,153;106
8609,153;110
8610,153;103
8611,153;13237
8612,153;77
8613,153;94
8614,153;91
8615,153;105
8616,153;106
8617,153;13262
8618,153;84
8619,153;96
8620,153;87
8621,153;99
8622,153;98
8623,153;13188
8624,153;93
8625,153;108
8626,153;107
8627,153;105
8628,153;102
8629,153;13220
8630,153;86
8631,153;107
8632,153;82
8633,153;98
8634,153;114
8635,153;13273
8636,153;90
8637,153;92
8638,153;110
8639,153;105
8640,153;114
8641,153;13287
8642,153;93
8643,153;96
8644,153;92
8645,153;117
8646,153;115
8647,153;13246
8648,153;84
8649,153;94
8650,153;92
8651,153;105
8652,153;93
8653,153;13224
8654,153;97
8655,153;80
8656,153;98
8657,153;88
8658,153;80
8659,153;13239
8660,153;64
8661,153;113
8662,153;95
8663,153;78
8664,153;96
8665,153;13245
8666,153;73
8667,153;67
8668,153;100
8669,153;74
8670,153;91
8671,153;13209
8672,153;93
8673,153;82
8674,153;100
8675,153;123
8676,153;97
8677,153;13241
8678,153;90
8679,153;83
8680,153;90
8681,153;77
8682,153;96
8683,153;13210
8684,153;75
8685,153;91
8686,153;91
8687,153;99
8688,153;85
8688,048;13236
8689,048;84
8690,048;78
8691,048;76
8692,048;89
8693,048;103
8694,048;12875
8695,048;75
8696,048;70
8697,048;105
8698,048;95
8699,048;102
8700,048;13194
8701,048;93
8702,048;95
8703,048;111
8704,048;80
8705,048;96
8706,048;13241
8707,048;88
8708,048;82
8709,048;94
8710,048;86
8711,048;91
8712,048;13229
8713,048;90
8714,048;93
8715,048;87
8716,048;87
8717,048;97
8718,048;13252
8719,048;82
8720,048;100
8721,048;95
8722,048;99
8723,048;103
8724,048;13260
8725,048;91
8726,048;80
8727,048;85
8728,048;105
8729,048;87
8730,048;13223
8731,048;75
8732,048;91
8733,048;107
8734,048;99
8735,048;87
8736,048;13255
8737,048;90
8738,048;79
8739,048;93
8740,048;109
8741,048;92
8742,048;13232
8743,048;107
8744,048;85
8745,048;103
8746,048;101
8747,048;120
8748,048;13248
8749,048;92
8750,048;107
8751,048;85
8752,048;111
8753,048;99
8754,048;13244
8755,048;101
8756,048;93
8757,048;83
8758,048;82
8759,048;97
8760,048;13241
8761,048;91
8762,048;105
8763,048;110
8764,048;87
8765,048;91
8766,048;13264
8767,048;106
8768,048;93
8769,048;103
8770,048;89
8771,048;96
8772,048;13270
8773,048;100
8774,048;97
8775,048;107
8776,048;99
8777,048;107
8778,048;13252
8779,048;89
8780,048;77
8781,048;95
8782,048;85
8783,048;105
8784,048;13227
8785,048;77
8786,048;73
8787,048;91
8788,048;101
8790,156;92
8791,156;13212
8792,156;95
8793,156;108
8794,156;116
8795,156;96
8796,156;109
8797,156;13246
8798,156;85
8799,156;94
8800,156;93
8801,156;80
8802,156;102
8803,156;13213
8804,156;102
8805,156;72
8806,156;102
8807,156;106
8808,156;103
8809,156;13233
8810,156;83
8811,156;90
8812,156;88
8813,156;104
8814,156;101
8815,156;13264
8816,156;84
8817,156;83
8818,156;94
8819,156;95
8820,156;94
8821,156;13240
8822,156;110
8823,156;99
8824,156;94
8825,156;102
8826,156;108
8827,156;13226
8828,156;96
8829,156;91
8830,156;102
8831,156;114
8832,156;98
8833,156;13233
8834,156;85
8835,156;78
8836,156;100
8837,156;99
8838,156;106
8839,156;13223
8840,156;106
8841,156;93
8842,156;85
8843,156;92
8844,156;100
8845,156;13245
8846,156;102
8847,156;85
8848,156;90
8849,156;103
8850,156;107
8851,156;13221
8852,156;91
8853,156;79
8854,156;89
8855,156;94
8856,156;103
8857,156;13253
8858,156;91
8859,156;92
8860,156;94
8861,156;96
8862,156;94
8863,156;13262
8864,156;81
8865,156;98
8866,156;85
8867,156;94
8868,156;99
8869,156;13205
8870,156;83
8871,156;82
8872,156;105
8873,156;104
8874,156;92
8875,156;13254
8876,156;85
8877,156;99
8878,156;85
8879,156;100
8880,156;92
8881,156;13250
8882,156;98
8883,156;109
8884,156;86
8885,156;106
8886,156;114
8887,156;13247
8888,156;93
8889,156;99
8890,156;110
8891,212;88
8892,212;94
8893,212;13243
8894,212;89
8895,212;103
8896,212;79
8897,212;82
8898,212;90
8899,212;13248
8900,212;84
8901,212;105
8902,212;93
8903,212;85
8904,212;81
8905,212;13204
8906,212;83
8907,212;88
8908,212;93
8909,212;94
8910,212;100
8911,212;13229
8912,212;94
8913,212;79
8914,212;99
8915,212;94
8916,212;93
8917,212;13243
8918,212;69
8919,212;71
8920,212;77
8921,212;89
8922,212;95
8923,212;13232
8924,212;73
8925,212;93
8926,212;76
8927,212;84
8928,212;93
8929,212;13218
8930,212;83
8931,212;97
8932,212;79
8933,212;92
8934,212;89
8935,212;13217
8936,212;83
8937,212;105
8938,212;81
8939,212;102
8940,212;103
8941,212;13219
8942,212;89
8943,212;75
8944,212;82
8945,212;104
8946,212;86
8947,212;13215
8948,212;70
8949,212;97
8950,212;104
8951,212;81
8952,212;105
8953,212;13231
8954,212;81
8955,212;78
8956,212;84
8957,212;93
8958,212;103
8959,212;13218
8960,212;74
8961,212;85
8962,212;95
8963,212;66
8964,212;98
8965,212;13255
8966,212;91
8967,212;80
8968,212;91
8969,212;99
8970,212;108
8971,212;13225
8972,212;96
8973,212;102
8974,212;73
8975,212;99
8976,212;106
8977,212;13228
8978,212;72
8979,212;73
8980,212;97
8981,212;108
8982,212;83
8983,212;13250
8984,212;85
8985,212;75
8986,212;103
8987,212;83
8988,212;88
8989,212;13238
8990,212;93
8991,212;83
8992,212;100
8993,212;100
8994,212;86
8995,212;13255
8996,212;76
8997,212;81
8998,212;85
8999,212;96
9000,212;84
9001,212;13207
9002,212;75
9003,212;80
9004,212;93
9005,212;83
9006,212;85
9007,212;12876
9008,212;76
9009,212;80
9010,212;82
9011,212;78
9012,212;91
9013,212;13159
9014,212;73
9015,212;83
9016,212;88
9017,212;94
9018,212;106
9019,212;13227
9020,212;81
9021,212;90
9022,212;68
9023,212;90
9024,212;111
9025,212;13197
9026,212;69
9027,212;84
9028,212;88
9029,212;76
9030,212;98
9031,212;13204
9032,212;70
9033,212;98
9034,212;85
9035,212;89
9036,212;77
9037,212;13243
9038,212;72
9039,212;89
9040,212;101
9041,212;92
9042,212;77
9043,212;13205
9044,212;81
9045,212;95
9046,212;83
9047,212;78
9048,212;98
9049,212;13224
9050,212;86
9051,212;90
9052,212;100
9053,212;91
9054,212;78
9055,212;13246
9056,212;86
9057,212;100
9058,212;91
9059,212;98
9060,212;88
9061,212;13238
9062,212;80
9063,212;96
9064,212;77
9065,212;101
9066,212;70
9067,212;13241
9068,212;83
9069,212;78
9070,212;87
9071,212;94
9072,212;94
9073,212;13215
9074,212;77
9075,212;90
9076,212;81
9077,212;99
9078,212;109
9079,212;13260
9080,212;88
9081,212;93
9082,212;97
9083,212;94
9084,212;91
9085,212;13249
9086,212;100
9087,212;99
9088,212;108
9089,212;101
9090,212;90
9091,212;13184
9092,212;99
9092,898;97
9093,898;89
9094,898;90
9095,898;111
9096,898;13242
9097,898;81
9098,898;88
9099,898;86
9100,898;99
9101,898;101
9102,898;13214
9103,898;92
9104,898;83
9105,898;97
9106,898;71
9107,898;94
9108,898;13232
9109,898;68
9110,898;110
9111,898;83
9112,898;96
9113,898;120
9114,898;13211
9115,898;98
9116,898;99
9117,898;100
9118,898;107
9119,898;106
9120,898;13227
9121,898;86
9122,898;88
9123,898;110
9124,898;102
9125,898;114
9126,898;13276
9127,898;76
9128,898;109
9129,898;94
9130,898;98
9131,898;105
9132,898;13252
9133,898;94
9134,898;76
9135,898;95
9136,898;106
9137,898;84
9138,898;13227
9139,898;80
9140,898;90
9141,898;107
9142,898;87
9143,898;97
9144,898;13266
9145,898;98
9146,898;86
9147,898;103
9148,898;100
9149,898;103
9150,898;13222
9151,898;95
9152,898;77
9153,898;96
9154,898;91
9155,898;109
9156,898;13241
9157,898;91
9158,898;88
9159,898;81
9160,898;83
9161,898;104
9162,898;13210
9163,898;89
9164,898;67
9165,898;108
9166,898;90
9167,898;98
9168,898;13240
9169,898;82
9170,898;80
9171,898;98
9172,898;117
9173,898;115
9174,898;13194
9175,898;85
9176,898;88
9177,898;112
9178,898;84
9179,898;109
9180,898;13253
9181,898;70
9182,898;83
9183,898;103
9184,898;87
9185,898;93
9186,898;13244
9187,898;96
9188,898;83
9189,898;88
9190,898;99
9191,898;103
9192,898;13230
9194,247;89
9195,247;108
9196,247;92
9197,247;103
9198,247;96
9199,247;13236
9200,247;84
9201,247;104
9202,247;102
9203,247;100
9204,247;101
9205,247;13208
9206,247;99
9207,247;99
9208,247;94
9209,247;79
9210,247;107
9211,247;13186
9212,247;95
9213,247;73
9214,247;89
9215,247;114
9216,247;80
9217,247;13225
9218,247;84
9219,247;113
9220,247;94
9221,247;123
9222,247;81
9223,247;13255
9224,247;95
9225,247;103
9226,247;83
9227,247;106
9228,247;92
9229,247;13245
9230,247;80
9231,247;93
9232,247;88
9233,247;98
9234,247;102
9235,247;13255
9236,247;87
9237,247;102
9238,247;83
9239,247;87
9240,247;99
9241,247;13279
9242,247;76
9243,247;83
9244,247;87
9245,247;78
9246,247;109
9247,247;13244
9248,247;88
9249,247;86
9250,247;116
9251,247;100
9252,247;98
9253,247;13238
9254,247;104
9255,247;103
9256,247;96
9257,247;97
9258,247;120
9259,247;13246
9260,247;97
9261,247;82
9262,247;106
9263,247;94
9264,247;107
9265,247;13233
9266,247;84
9267,247;100
9268,247;97
9269,247;64
9270,247;119
9271,247;13222
9272,247;87
9273,247;91
9274,247;107
9275,247;97
9276,247;110
9277,247;13276
9278,247;118
9279,247;104
9280,247;102
9281,247;107
9282,247;103
9283,247;13245
9284,247;87
9285,247;96
9286,247;94
9287,247;107
9288,247;104
9289,247;13259
9290,247;89
9291,247;98
9292,247;104
9293,247;94
9294,247;99
9294,514;13248
9295,514;99
9296,514;98
9297,514;107
9298,514;92
9299,514;110
9300,514;13262
9301,514;76
9302,514;94
9303,514;81
9304,514;80
9305,514;107
9306,514;13232
9307,514;69
9308,514;102
9309,514;108
9310,514;87
9311,514;100
9312,514;13226
9313,514;78
9314,514;83
9315,514;89
9316,514;96
9317,514;82
9318,514;12928
9319,514;82
9320,514;84
9321,514;87
9322,514;77
9323,514;94
9324,514;13177
9325,514;62
9326,514;79
9327,514;102
9328,514;113
9329,514;107
9330,514;13198
9331,514;73
9332,514;83
9333,514;70
9334,514;91
9335,514;95
9336,514;13248
9337,514;86
9338,514;104
9339,514;87
9340,514;84
9341,514;98
9342,514;13257
9343,514;94
9344,514;80
9345,514;103
9346,514;98
9347,514;87
9348,514;13252
9349,514;82
9350,514;97
9351,514;94
9352,514;92
9353,514;102
9354,514;13246
9355,514;79
9356,514;69
9357,514;92
9358,514;99
9359,514;105
9360,514;13234
9361,514;92
9362,514;90
9363,514;81
9364,514;92
9365,514;98
9366,514;13240
9367,514;85
9368,514;78
9369,514;95
9370,514;101
9371,514;96
9372,514;13227
9373,514;94
9374,514;88
9375,514;105
9376,514;109
9377,514;94
9378,514;13263
9379,514;91
9380,514;90
9381,514;90
9382,514;87
9383,514;104
9384,514;13244
9385,514;94
9386,514;95
9387,514;88
9388,514;98
9389,514;94
9390,514;13257
9391,514;85
9392,514;96
9393,514;79
9394,514;102
9395,669;103
9396,669;13244
9397,669;93
9398,669;103
9399,669;110
9400,669;107
9401,669;98
9402,669;13213
9403,669;95
9404,669;107
9405,669;114
9406,669;96
9407,669;99
9408,669;13229
9409,669;71
9410,669;94
9411,669;86
9412,669;118
9413,669;94
9414,669;13236
9415,669;74
9416,669;101
9417,669;90
9418,669;92
9419,669;107
9420,669;13234
9421,669;100
9422,669;103
9423,669;98
9424,669;81
9425,669;103
9426,669;13252
9427,669;85
9428,669;83
9429,669;110
9430,669;117
9431,669;106
9432,669;13230
9433,669;80
9434,669;99
9435,669;86
9436,669;89
9437,669;105
9438,669;13242
9439,669;88
9440,669;88
9441,669;93
9442,669;112
9443,669;96
9444,669;13262
9445,669;90
9446,669;106
9447,669;91
9448,669;109
9449,669;105
9450,669;13203
9451,669;80
9452,669;85
9453,669;111
9454,669;114
9455,669;85
9456,669;13211
9457,669;73
9458,669;87
9459,669;103
9460,669;99
9461,669;81
9462,669;13229
9463,669;91
9464,669;96
9465,669;99
9466,669;100
9467,669;98
9468,669;13227
9469,669;87
9470,669;99
9471,669;92
9472,669;109
9473,669;112
9474,669;13257
9475,669;95
9476,669;92
9477,669;103
9478,669;108
9479,669;100
9480,669;13243
9481,669;91
9482,669;105
9483,669;104
9484,669;122
9485,669;105
9486,669;13244
9487,669;81
9488,669;78
9489,669;111
9490,669;85
9491,669;97
9492,669;13229
9493,669;85
9494,669;97
9495,669;102
9496,669;106
9497,669;107
9498,669;13225
9499,669;81
9500,669;98
9501,669;109
9502,669;112
9503,669;98
9504,669;13224
9505,669;87
9506,669;104
9507,669;106
9508,669;93
9509,669;97
9510,669;13199
9511,669;81
9512,669;74
9513,669;95
9514,669;83
9515,669;116
9516,669;13253
9517,669;65
9518,669;93
9519,669;84
9520,669;94
9521,669;114
9522,669;13236
9523,669;71
9524,669;104
9525,669;90
9526,669;73
9527,669;95
9528,669;13214
9529,669;73
9530,669;79
9531,669;109
9532,669;99
9533,669;93
9534,669;13271
9535,669;85
9536,669;93
9537,669;105
9538,669;83
9539,669;92
9540,669;13247
9541,669;79
9542,669;104
9543,669;85
9544,669;105
9545,669;110
9546,669;13212
9547,669;81
9548,669;87
9549,669;86
9550,669;101
9551,669;103
9552,669;13199
9553,669;91
9554,669;90
9555,669;76
9556,669;81
9557,669;84
9558,669;13231
9559,669;79
9560,669;93
9561,669;95
9562,669;94
9563,669;95
9564,669;13217
9565,669;93
9566,669;87
9567,669;76
9568,669;88
9569,669;104
9570,669;13212
9571,669;89
9572,669;71
9573,669;80
9574,669;109
9575,669;88
9576,669;13236
9577,669;92
9578,669;78
9579,669;99
9580,669;92
9581,669;108
9582,669;13221
9583,669;93
9584,669;111
9585,669;92
9586,669;102
9587,669;84
9588,669;13215
9589,669;67
9590,669;95
9591,669;82
9592,669;87
9593,669;97
9594,669;13233
9595,669;84
9596,669;76
9597,829;85
9598,829;78
9599,829;96
9600,829;13223
9601,829;75
9602,829;94
9603,829;84
9604,829;78
9605,829;98
9606,829;13205
9607,829;83
9608,829;77
9609,829;78
9610,829;108
9611,829;86
9612,829;13214
9613,829;82
9614,829;78
9615,829;62
9616,829;80
9617,829;87
9618,829;13243
9619,829;75
9620,829;92
9621,829;92
9622,829;75
9623,829;100
9624,829;13211
9625,829;85
9626,829;74
9627,829;81
9628,829;77
9629,829;77
9630,829;12894
9631,829;76
9632,829;89
9633,829;75
9634,829;88
9635,829;109
9636,829;13151
9637,829;74
9638,829;77
9639,829;92
9640,829;80
9641,829;92
9642,829;13180
9643,829;75
9644,829;84
9645,829;88
9646,829;85
9647,829;94
9648,829;13243
9649,829;75
9650,829;87
9651,829;87
9652,829;77
9653,829;89
9654,829;13237
9655,829;76
9656,829;76
9657,829;103
9658,829;85
9659,829;100
9660,829;13225
9661,829;80
9662,829;86
9663,829;81
9664,829;102
9665,829;96
9666,829;13220
9667,829;71
9668,829;88
9669,829;81
9670,829;93
9671,829;85
9672,829;13233
9673,829;85
9674,829;74
9675,829;94
9676,829;97
9677,829;85
9678,829;13238
9679,829;70
9680,829;97
9681,829;79
9682,829;83
9683,829;87
9684,829;13213
9685,829;95
9686,829;76
9687,829;87
9688,829;98
9689,829;111
9690,829;13184
9691,829;89
9692,829;77
9693,829;101
9694,829;98
9695,829;92
9696,829;13235
9697,829;76
9698,678;70
9699,678;91
9700,678;90
9701,678;100
9702,678;13242
9703,678;74
9704,678;78
9705,678;98
9706,678;107
9707,678;77
9708,678;13243
9709,678;70
9710,678;88
9711,678;108
9712,678;97
9713,678;90
9714,678;13234
9715,678;70
9716,678;104
9717,678;92
9718,678;82
9719,678;99
9720,678;13233
9721,678;87
9722,678;89
9723,678;87
9724,678;104
9725,678;89
9726,678;13214
9727,678;73
9728,678;93
9729,678;85
9730,678;89
9731,678;102
9732,678;13227
9733,678;67
9734,678;77
9735,678;105
9736,678;86
9737,678;92
9738,678;13219
9739,678;85
9740,678;87
9741,678;78
9742,678;98
9743,678;95
9744,678;13230
9745,678;84
9746,678;99
9747,678;105
9748,678;95
9749,678;97
9750,678;13227
9751,678;100
9752,678;97
9753,678;72
9754,678;105
9755,678;92
9756,678;13249
9757,678;80
9758,678;101
9759,678;95
9760,678;106
9761,678;89
9762,678;13212
9763,678;85
9764,678;94
9765,678;106
9766,678;98
9767,678;101
9768,678;13247
9769,678;88
9770,678;89
9771,678;109
9772,678;98
9773,678;85
9774,678;13264
9775,678;95
9776,678;82
9777,678;100
9778,678;104
9779,678;108
9780,678;13263
9781,678;96
9782,678;86
9783,678;100
9784,678;97
9785,678;90
9786,678;13192
9787,678;102
9788,678;100
9789,678;93
9790,678;106
9791,678;105
9792,678;13226
9793,678;85
9794,678;117
9795,678;110
9796,678;94
9797,678;100
9798,678;13204
9798,932;99
9799,932;109
9800,932;102
9801,932;98
9802,932;102
9803,932;13208
9804,932;93
9805,932;98
9806,932;98
9807,932;102
9808,932;112
9809,932;13234
9810,932;91
9811,932;73
9812,932;102
9813,932;122
9814,932;110
9815,932;13225
9816,932;97
9817,932;96
9818,932;79
9819,932;99
9820,932;92
9821,932;13230
9822,932;92
9823,932;79
9824,932;82
9825,932;124
9826,932;115
9827,932;13194
9828,932;87
9829,932;100
9830,932;92
9831,932;109
9832,932;111
9833,932;13237
9834,932;76
9835,932;96
9836,932;94
9837,932;93
9838,932;86
9839,932;13214
9840,932;84
9841,932;112
9842,932;81
9843,932;117
9844,932;112
9845,932;13218
9846,932;95
9847,932;103
9848,932;113
9849,932;106
9850,932;116
9851,932;13205
9852,932;90
9853,932;101
9854,932;98
9855,932;123
9856,932;95
9857,932;13215
9858,932;85
9859,932;91
9860,932;85
9861,932;105
9862,932;110
9863,932;13214
9864,932;94
9865,932;106
9866,932;115
9867,932;120
9868,932;103
9869,932;13231
9870,932;75
9871,932;99
9872,932;116
9873,932;100
9874,932;103
9875,932;13254
9876,932;78
9877,932;79
9878,932;90
9879,932;114
9880,932;98
9881,932;13255
9882,932;92
9883,932;96
9884,932;103
9885,932;82
9886,932;105
9887,932;13230
9888,932;68
9889,932;86
9890,932;102
9891,932;96
9892,932;120
9893,932;13241
9894,932;85
9895,932;95
9896,932;104
9897,932;104
9898,932;89
9900,53;13231
9901,53;76
9902,53;98
9903,53;92
9904,53;106
9905,53;125
9906,53;13218
9907,53;99
9908,53;87
9909,53;89
9910,53;106
9911,53;109
9912,53;13228
9913,53;101
9914,53;103
9915,53;97
9916,53;95
9917,53;101
9918,53;13227
9919,53;77
9920,53;109
9921,53;86
9922,53;90
9923,53;113
9924,53;13222
9925,53;85
9926,53;87
9927,53;99
9928,53;116
9929,53;95
9930,53;13241
9931,53;90
9932,53;105
9933,53;98
9934,53;86
9935,53;109
9936,53;13232
9937,53;100
9938,53;85
9939,53;105
9940,53;102
9941,53;92
9942,53;12850
9943,53;100
9944,53;92
9945,53;88
9946,53;98
9947,53;87
9948,53;13165
9949,53;79
9950,53;91
9951,53;109
9952,53;103
9953,53;112
9954,53;13219
9955,53;93
9956,53;111
9957,53;88
9958,53;98
9959,53;101
9960,53;13223
9961,53;89
9962,53;96
9963,53;96
9964,53;86
9965,53;102
9966,53;13210
9967,53;92
9968,53;110
9969,53;104
9970,53;85
9971,53;92
9972,53;13217
9973,53;96
9974,53;95
9975,53;109
9976,53;108
9977,53;100
9978,53;13231
9979,53;84
9980,53;90
9981,53;108
9982,53;85
9983,53;110
9984,53;13217
9985,53;90
9986,53;73
9987,53;106
9988,53;100
9989,53;104
9990,53;13219
9991,53;83
9992,53;111
9993,53;101
9994,53;98
9995,53;91
9996,53;13243
9997,53;82
9998,53;84
9999,53;100
10000,53;104
10001,53;126
10002,53;13227
10003,53;82
10004,53;75
10005,53;86
10006,53;108
10007,53;91
10008,53;13240
10009,53;87
10010,53;95
10011,53;101
10012,53;107
10013,53;113
10014,53;13267
10015,53;85
10016,53;93
10017,53;98
10018,53;110
10019,53;106
10020,53;13263
10021,53;102
10022,53;104
10023,53;94
10024,53;88
10025,53;112
10026,53;13230
10027,53;88
10028,53;89
10029,53;94
10030,53;122
10031,53;104
10032,53;13193
10033,53;80
10034,53;89
10035,53;96
10036,53;109
10037,53;126
10038,53;13215
10039,53;81
10040,53;101
10041,53;110
10042,53;96
10043,53;94
10044,53;13209
10045,53;82
10046,53;91
10047,53;94
10048,53;105
10049,53;118
10050,53;13219
10051,53;91
10052,53;83
10053,53;92
10054,53;104
10055,53;98
10056,53;13241
10057,53;91
10058,53;105
10059,53;86
10060,53;87
10061,53;93
10062,53;13248
10063,53;72
10064,53;100
10065,53;75
10066,53;100
10067,53;109
10068,53;13221
10069,53;83
10070,53;82
10071,53;110
10072,53;85
10073,53;121
10074,53;13209
10075,53;92
10076,53;94
10077,53;94
10078,53;89
10079,53;85
10080,53;13245
10081,53;74
10082,53;93
10083,53;83
10084,53;94
10085,53;88
10086,53;13241
10087,53;94
10088,53;83
10089,53;102
10090,53;93
10091,53;106
10092,53;13206
10093,53;93
10094,53;88
10095,53;85
10096,53;93
10097,53;99
10098,53;13250
10099,53;85
10100,53;90
10101,53;102
10102,891;111
10103,891;91
10104,891;13232
10105,891;104
10106,891;81
10107,891;86
10108,891;103
10109,891;126
10110,891;13234
10111,891;90
10112,891;88
10113,891;92
10114,891;95
10115,891;115
10116,891;13251
10117,891;75
10118,891;79
10119,891;106
10120,891;109
10121,891;94
10122,891;13212
10123,891;78
10124,891;101
10125,891;93
10126,891;83
10127,891;111
10128,891;13221
10129,891;85
10130,891;92
10131,891;89
10132,891;95
10133,891;91
10134,891;13213
10135,891;87
10136,891;99
10137,891;86
10138,891;79
10139,891;120
10140,891;13264
10141,891;85
10142,891;82
10143,891;78
10144,891;99
10145,891;96
10146,891;13211
10147,891;81
10148,891;89
10149,891;91
10150,891;87
10151,891;88
10152,891;13206
10153,891;81
10154,891;91
10155,891;109
10156,891;94
10157,891;98
10158,891;13236
10159,891;85
10160,891;95
10161,891;97
10162,891;108
10163,891;108
10164,891;13227
10165,891;88
10166,891;75
10167,891;94
10168,891;101
10169,891;80
10170,891;13230
10171,891;93
10172,891;94
10173,891;95
10174,891;102
10175,891;85
10176,891;13215
10177,891;83
10178,891;98
10179,891;105
10180,891;93
10181,891;101
10182,891;13196
10183,891;72
10184,891;71
10185,891;104
10186,891;98
10187,891;91
10188,891;13229
10189,891;80
10190,891;108
10191,891;90
10192,891;93
10193,891;92
10194,891;13225
10195,891;85
10196,891;83
10197,891;84
10198,891;99
10199,891;92
10200,891;13212
10201,891;88
10202,891;87
10204,224;79
10205,224;73
10206,224;98
10207,224;13183
10208,224;71
10209,224;75
10210,224;89
10211,224;81
10212,224;79
10213,224;13235
10214,224;77
10215,224;93
10216,224;86
10217,224;85
10218,224;89
10219,224;13205
10220,224;79
10221,224;77
10222,224;71
10223,224;81
10224,224;91
10225,224;13229
10226,224;75
10227,224;63
10228,224;79
10229,224;85
10230,224;82
10231,224;13209
10232,224;70
10233,224;66
10234,224;69
10235,224;81
10236,224;90
10237,224;13208
10238,224;77
10239,224;87
10240,224;104
10241,224;85
10242,224;91
10243,224;13207
10244,224;73
10245,224;94
10246,224;93
10247,224;76
10248,224;96
10249,224;13181
10250,224;73
10251,224;75
10252,224;87
10253,224;100
10254,224;72
10255,224;12889
10256,224;67
10257,224;73
10258,224;90
10259,224;90
10260,224;84
10261,224;13178
10262,224;65
10263,224;72
10264,224;82
10265,224;96
10266,224;89
10267,224;13203
10268,224;64
10269,224;99
10270,224;84
10271,224;80
10272,224;89
10273,224;13175
10274,224;99
10275,224;84
10276,224;75
10277,224;87
10278,224;79
10279,224;13241
10280,224;78
10281,224;88
10282,224;90
10283,224;84
10284,224;92
10285,224;13226
10286,224;66
10287,224;74
10288,224;100
10289,224;87
10290,224;78
10291,224;13213
10292,224;79
10293,224;87
10294,224;101
10295,224;77
10296,224;83
10297,224;13255
10298,224;88
10299,224;93
10300,224;110
10301,224;79
10302,224;92
10303,224;13204
10304,224;78
10305,334;72
10306,334;87
10307,334;81
10308,334;85
10309,334;13216
10310,334;79
10311,334;93
10312,334;82
10313,334;92
10314,334;86
10315,334;13220
10316,334;82
10317,334;88
10318,334;100
10319,334;96
10320,334;103
10321,334;13227
10322,334;69
10323,334;72
10324,334;96
10325,334;100
10326,334;89
10327,334;13193
10328,334;80
10329,334;79
10330,334;81
10331,334;90
10332,334;100
10333,334;13222
10334,334;80
10335,334;87
10336,334;89
10337,334;111
10338,334;108
10339,334;13201
10340,334;89
10341,334;93
10342,334;112
10343,334;94
10344,334;102
10345,334;13205
10346,334;72
10347,334;96
10348,334;75
10349,334;100
10350,334;101
10351,334;13204
10352,334;72
10353,334;92
10354,334;108
10355,334;93
10356,334;103
10357,334;13232
10358,334;88
10359,334;91
10360,334;97
10361,334;89
10362,334;96
10363,334;13195
10364,334;87
10365,334;97
10366,334;87
10367,334;108
10368,334;87
10369,334;13231
10370,334;91
10371,334;107
10372,334;83
10373,334;112
10374,334;103
10375,334;13227
10376,334;79
10377,334;94
10378,334;81
10379,334;91
10380,334;108
10381,334;13226
10382,334;84
10383,334;68
10384,334;101
10385,334;118
10386,334;100
10387,334;13209
10388,334;88
10389,334;74
10390,334;84
10391,334;110
10392,334;88
10393,334;13250
10394,334;87
10395,334;80
10396,334;89
10397,334;96
10398,334;82
10399,334;13225
10400,334;95
10401,334;96
10402,334;104
10403,334;97
10404,334;117
10405,334;13219
10405,931;96
10406,931;89
10407,931;105
10408,931;117
10409,931;87
10410,931;13203
10411,931;102
10412,931;84
10413,931;95
10414,931;97
10415,931;105
10416,931;13243
10417,931;84
10418,931;97
10419,931;85
10420,931;100
10421,931;112
10422,931;13213
10423,931;90
10424,931;99
10425,931;96
10426,931;107
10427,931;94
10428,931;13237
10429,931;88
10430,931;107
10431,931;91
10432,931;94
10433,931;78
10434,931;13238
10435,931;81
10436,931;80
10437,931;97
10438,931;86
10439,931;100
10440,931;13236
10441,931;86
10442,931;93
10443,931;102
10444,931;102
10445,931;97
10446,931;13191
10447,931;76
10448,931;85
10449,931;99
10450,931;97
10451,931;103
10452,931;13214
10453,931;84
10454,931;95
10455,931;85
10456,931;88
10457,931;97
10458,931;13189
10459,931;97
10460,931;83
10461,931;106
10462,931;108
10463,931;102
10464,931;13189
10465,931;81
10466,931;104
10467,931;104
10468,931;99
10469,931;110
10470,931;13212
10471,931;86
10472,931;96
10473,931;104
10474,931;95
10475,931;116
10476,931;13229
10477,931;79
10478,931;118
10479,931;104
10480,931;111
10481,931;138
10482,931;13241
10483,931;86
10484,931;97
10485,931;81
10486,931;98
10487,931;116
10488,931;13249
10489,931;88
10490,931;82
10491,931;113
10492,931;107
10493,931;104
10494,931;13234
10495,931;97
10496,931;98
10497,931;97
10498,931;90
10499,931;108
10500,931;13238
10501,931;80
10502,931;111
10503,931;102
10504,931;108
10505,931;111
10506,569;13208
10507,569;90
10508,569;99
10509,569;103
10510,569;107
10511,569;114
10512,569;13243
10513,569;101
10514,569;96
10515,569;79
10516,569;85
10517,569;101
10518,569;13250
10519,569;92
10520,569;97
10521,569;102
10522,569;87
10523,569;120
10524,569;13227
10525,569;81
10526,569;95
10527,569;80
10528,569;108
10529,569;91
10530,569;13244
10531,569;94
10532,569;97
10533,569;105
10534,569;90
10535,569;110
10536,569;13256
10537,569;91
10538,569;90
10539,569;112
10540,569;95
10541,569;95
10542,569;13224
10543,569;84
10544,569;117
10545,569;95
10546,569;109
10547,569;125
10548,569;13263
10549,569;89
10550,569;88
10551,569;104
10552,569;85
10553,569;115
10554,569;13217
10555,569;77
10556,569;96
10557,569;88
10558,569;109
10559,569;110
10560,569;13227
10561,569;90
10562,569;101
10563,569;91
10564,569;94
10565,569;101
10566,569;12912
10567,569;96
10568,569;124
10569,569;84
10570,569;94
10571,569;113
10572,569;13176
10573,569;81
10574,569;98
10575,569;93
10576,569;103
10577,569;107
10578,569;13214
10579,569;95
10580,569;66
10581,569;83
10582,569;109
10583,569;97
10584,569;13215
10585,569;100
10586,569;91
10587,569;99
10588,569;101
10589,569;108
10590,569;13234
10591,569;86
10592,569;76
10593,569;100
10594,569;104
10595,569;91
10596,569;13200
10597,569;89
10598,569;104
10599,569;85
10600,569;105
10601,569;102
10602,569;13233
10603,569;99
10604,569;115
10605,569;76
10606,569;111
10608,569;92
10609,569;13224
10610,569;103
10611,569;102
10612,569;99
10613,569;100
10614,569;112
10615,569;13263
10616,569;84
10617,569;89
10618,569;118
10619,569;99
10620,569;104
10621,569;13283
10622,569;87
10623,569;88
10624,569;96
10625,569;95
10626,569;117
10627,569;13241
10628,569;112
10629,569;99
10630,569;115
10631,569;105
10632,569;110
10633,569;13261
10634,569;84
10635,569;114
10636,569;88
10637,569;98
10638,569;100
10639,569;13256
10640,569;84
10641,569;103
10642,569;100
10643,569;86
10644,569;94
10645,569;13245
10646,569;93
10647,569;98
10648,569;112
10649,569;94
10650,569;107
10651,569;13210
10652,569;96
10653,569;94
10654,569;89
10655,569;92
10656,569;84
10657,569;13246
10658,569;102
10659,569;97
10660,569;99
10661,569;108
10662,569;101
10663,569;13229
10664,569;85
10665,569;100
10666,569;107
10667,569;83
10668,569;95
10669,569;13202
10670,569;78
10671,569;100
10672,569;81
10673,569;93
10674,569;114
10675,569;13246
10676,569;78
10677,569;110
10678,569;95
10679,569;107
10680,569;95
10681,569;13222
10682,569;87
10683,569;97
10684,569;102
10685,569;104
10686,569;94
10687,569;13239
10688,569;87
10689,569;90
10690,569;103
10691,569;86
10692,569;92
10693,569;13251
10694,569;101
10695,569;81
10696,569;104
10697,569;109
10698,569;113
10699,569;13221
10700,569;78
10701,569;94
10702,569;80
10703,569;100
10704,569;91
10705,569;13236
10706,569;89
10707,569;98
10708,569;80
10709,092;97
10710,092;115
10711,092;13208
10712,092;92
10713,092;76
10714,092;106
10715,092;106
10716,092;100
10717,092;13172
10718,092;91
10719,092;81
10720,092;103
10721,092;106
10722,092;108
10723,092;13205
10724,092;93
10725,092;100
10726,092;103
10727,092;75
10728,092;111
10729,092;13209
10730,092;97
10731,092;91
10732,092;106
10733,092;110
10734,092;112
10735,092;13250
10736,092;84
10737,092;93
10738,092;95
10739,092;85
10740,092;106
10741,092;13205
10742,092;87
10743,092;85
10744,092;113
10745,092;96
10746,092;92
10747,092;13205
10748,092;91
10749,092;89
10750,092;88
10751,092;90
10752,092;82
10753,092;13177
10754,092;89
10755,092;87
10756,092;93
10757,092;81
10758,092;99
10759,092;13240
10760,092;87
10761,092;102
10762,092;95
10763,092;99
10764,092;94
10765,092;13214
10766,092;94
10767,092;85
10768,092;88
10769,092;93
10770,092;109
10771,092;13214
10772,092;99
10773,092;86
10774,092;82
10775,092;100
10776,092;90
10777,092;13201
10778,092;86
10779,092;98
10780,092;84
10781,092;73
10782,092;95
10783,092;13241
10784,092;64
10785,092;85
10786,092;113
10787,092;84
10788,092;84
10789,092;13215
10790,092;73
10791,092;101
10792,092;101
10793,092;91
10794,092;85
10795,092;13216
10796,092;82
10797,092;83
10798,092;97
10799,092;90
10800,092;78
10801,092;13221
10802,092;78
10803,092;107
10804,092;85
10805,092;83
10806,092;94
10807,092;13187
10808,092;98
10809,092;94
10809,713;89
10810,713;87
10811,713;105
10812,713;13236
10813,713;85
10814,713;89
10815,713;83
10816,713;91
10817,713;84
10818,713;13225
10819,713;94
10820,713;75
10821,713;81
10822,713;88
10823,713;65
10824,713;13199
10825,713;97
10826,713;89
10827,713;88
10828,713;103
10829,713;92
10830,713;13187
10831,713;78
10832,713;104
10833,713;84
10834,713;100
10835,713;96
10836,713;13213
10837,713;89
10838,713;96
10839,713;73
10840,713;100
10841,713;94
10842,713;13196
10843,713;73
10844,713;87
10845,713;85
10846,713;99
10847,713;108
10848,713;13219
10849,713;63
10850,713;93
10851,713;87
10852,713;94
10853,713;78
10854,713;13207
10855,713;104
10856,713;91
10857,713;81
10858,713;87
10859,713;88
10860,713;13198
10861,713;81
10862,713;64
10863,713;92
10864,713;102
10865,713;92
10866,713;13216
10867,713;84
10868,713;95
10869,713;84
10870,713;85
10871,713;87
10872,713;13210
10873,713;72
10874,713;79
10875,713;67
10876,713;84
10877,713;90
10878,713;12896
10879,713;74
10880,713;81
10881,713;82
10882,713;76
10883,713;72
10884,713;13148
10885,713;69
10886,713;61
10887,713;61
10888,713;87
10889,713;94
10890,713;13176
10891,713;101
10892,713;83
10893,713;85
10894,713;75
10895,713;89
10896,713;13219
10897,713;91
10898,713;90
10899,713;69
10900,713;81
10901,713;82
10902,713;13216
10903,713;81
10904,713;91
10905,713;77
10906,713;104
10907,713;86
10908,713;13179
10909,713;93
10911,082;93
10912,082;64
10913,082;78
10914,082;104
10915,082;13242
10916,082;72
10917,082;79
10918,082;78
10919,082;86
10920,082;75
10921,082;13224
10922,082;93
10923,082;107
10924,082;102
10925,082;102
10926,082;92
10927,082;13243
10928,082;86
10929,082;74
10930,082;86
10931,082;106
10932,082;98
10933,082;13208
10934,082;79
10935,082;73
10936,082;70
10937,082;82
10938,082;119
10939,082;13226
10940,082;77
10941,082;92
10942,082;122
10943,082;93
10944,082;89
10945,082;13198
10946,082;91
10947,082;78
10948,082;81
10949,082;96
10950,082;104
10951,082;13236
10952,082;70
10953,082;88
10954,082;87
10955,082;98
10956,082;98
10957,082;13192
10958,082;91
10959,082;87
10960,082;91
10961,082;88
10962,082;94
10963,082;13213
10964,082;76
10965,082;79
10966,082;99
10967,082;125
10968,082;87
10969,082;13215
10970,082;84
10971,082;111
10972,082;96
10973,082;86
10974,082;95
10975,082;13216
10976,082;94
10977,082;99
10978,082;98
10979,082;103
10980,082;89
10981,082;13206
10982,082;99
10983,082;83
10984,082;116
10985,082;93
10986,082;99
10987,082;13193
10988,082;92
10989,082;87
10990,082;74
10991,082;122
10992,082;104
10993,082;13178
10994,082;89
10995,082;91
10996,082;88
10997,082;89
10998,082;106
10999,082;13222
11000,082;92
11001,082;89
11002,082;86
11003,082;103
11004,082;95
11005,082;13187
11006,082;100
11007,082;90
11008,082;87
11009,082;106
11010,082;106
11011,082;13208
11011,406;89
11012,406;98
11013,406;119
11014,406;97
11015,406;83
11016,406;13215
11017,406;80
11018,406;85
11019,406;99
11020,406;100
11021,406;108
11022,406;13211
11023,406;106
11024,406;87
11025,406;93
11026,406;95
11027,406;131
11028,406;13181
11029,406;92
11030,406;96
11031,406;72
11032,406;96
11033,406;102
11034,406;13206
11035,406;98
11036,406;95
11037,406;84
11038,406;112
11039,406;105
11040,406;13245
11041,406;76
11042,406;94
11043,406;98
11044,406;103
11045,406;117
11046,406;13192
11047,406;100
11048,406;102
11049,406;93
11050,406;82
11051,406;85
11052,406;13245
11053,406;92
11054,406;87
11055,406;85
11056,406;89
11057,406;102
11058,406;13195
11059,406;104
11060,406;104
11061,406;86
11062,406;96
11063,406;97
11064,406;13235
11065,406;74
11066,406;91
11067,406;87
11068,406;108
11069,406;96
11070,406;13199
11071,406;91
11072,406;91
11073,406;80
11074,406;103
11075,406;103
11076,406;13198
11077,406;99
11078,406;97
11079,406;85
11080,406;105
11081,406;102
11082,406;13205
11083,406;83
11084,406;102
11085,406;80
11086,406;103
11087,406;106
11088,406;13193
11089,406;81
11090,406;87
11091,406;101
11092,406;94
11093,406;106
11094,406;13223
11095,406;96
11096,406;95
11097,406;105
11098,406;105
11099,406;111
11100,406;13210
11101,406;77
11102,406;105
11103,406;103
11104,406;113
11105,406;111
11106,406;13225
11107,406;83
11108,406;96
11109,406;109
11110,406;106
11111,406;109
11112,406;13222
11113,406;91
11114,406;95
11115,406;96
11116,406;87
11117,406;96
11118,406;13246
11119,406;85
11120,406;95
11121,406;79
11122,406;91
11123,406;94
11124,406;13219
11125,406;81
11126,406;99
11127,406;82
11128,406;119
11129,406;117
11130,406;13219
11131,406;80
11132,406;103
11133,406;121
11134,406;96
11135,406;122
11136,406;13215
11137,406;83
11138,406;112
11139,406;85
11140,406;103
11141,406;105
11142,406;13246
11143,406;95
11144,406;100
11145,406;97
11146,406;106
11147,406;86
11148,406;13253
11149,406;102
11150,406;99
11151,406;100
11152,406;97
11153,406;88
11154,406;13232
11155,406;91
11156,406;92
11157,406;99
11158,406;88
11159,406;96
11160,406;13246
11161,406;91
11162,406;108
11163,406;98
11164,406;109
11165,406;115
11166,406;13228
11167,406;91
11168,406;93
11169,406;111
11170,406;93
11171,406;110
11172,406;13192
11173,406;91
11174,406;84
11175,406;70
11176,406;102
11177,406;114
11178,406;13234
11179,406;73
11180,406;107
11181,406;99
11182,406;113
11183,406;95
11184,406;13222
11185,406;85
11186,406;98
11187,406;88
11188,406;100
11189,406;102
11190,406;12916
11191,406;99
11192,406;105
11193,406;93
11194,406;106
11195,406;107
11196,406;13154
11197,406;102
11198,406;93
11199,406;108
11200,406;111
11201,406;112
11202,406;13173
11203,406;95
11204,406;95
11205,406;95
11206,406;112
11207,406;94
11208,406;13210
11209,406;83
11210,406;90
11211,406;104
11212,406;99
11214,334;96
11215,334;13235
11216,334;89
11217,334;101
11218,334;98
11219,334;99
11220,334;120
11221,334;13217
11222,334;95
11223,334;103
11224,334;100
11225,334;97
11226,334;97
11227,334;13216
11228,334;79
11229,334;104
11230,334;99
11231,334;105
11232,334;105
11233,334;13206
11234,334;113
11235,334;90
11236,334;90
11237,334;119
11238,334;103
11239,334;13266
11240,334;81
11241,334;93
11242,334;93
11243,334;87
11244,334;128
11245,334;13219
11246,334;84
11247,334;85
11248,334;99
11249,334;95
11250,334;96
11251,334;13236
11252,334;97
11253,334;103
11254,334;77
11255,334;99
11256,334;105
11257,334;13224
11258,334;97
11259,334;99
11260,334;93
11261,334;95
11262,334;102
11263,334;13223
11264,334;97
11265,334;79
11266,334;107
11267,334;97
11268,334;122
11269,334;13258
11270,334;95
11271,334;83
11272,334;113
11273,334;97
11274,334;101
11275,334;13211
11276,334;79
11277,334;110
11278,334;114
11279,334;98
11280,334;100
11281,334;13246
11282,334;89
11283,334;77
11284,334;99
11285,334;91
11286,334;110
11287,334;13227
11288,334;77
11289,334;91
11290,334;103
11291,334;106
11292,334;104
11293,334;13235
11294,334;90
11295,334;79
11296,334;101
11297,334;102
11298,334;101
11299,334;13237
11300,334;91
11301,334;107
11302,334;105
11303,334;107
11304,334;100
11305,334;13200
11306,334;73
11307,334;80
11308,334;99
11309,334;114
11310,334;90
11311,334;13198
11312,334;96
11313,334;85
11314,334;100
11315,334;99
11316,334;99
11317,334;13227
11318,334;83
11319,334;92
11320,334;95
11321,334;91
11322,334;85
11323,334;13208
11324,334;95
11325,334;83
11326,334;109
11327,334;108
11328,334;108
11329,334;13233
11330,334;85
11331,334;87
11332,334;82
11333,334;85
11334,334;103
11335,334;13217
11336,334;69
11337,334;100
11338,334;80
11339,334;99
11340,334;103
11341,334;13253
11342,334;71
11343,334;86
11344,334;106
11345,334;93
11346,334;98
11347,334;13198
11348,334;91
11349,334;84
11350,334;117
11351,334;101
11352,334;114
11353,334;13238
11354,334;102
11355,334;79
11356,334;93
11357,334;92
11358,334;82
11359,334;13205
11360,334;83
11361,334;91
11362,334;85
11363,334;92
11364,334;108
11365,334;13201
11366,334;90
11367,334;96
11368,334;89
11369,334;109
11370,334;78
11371,334;13177
11372,334;79
11373,334;90
11374,334;104
11375,334;101
11376,334;105
11377,334;13227
11378,334;99
11379,334;90
11380,334;100
11381,334;106
11382,334;104
11383,334;13208
11384,334;90
11385,334;100
11386,334;96
11387,334;99
11388,334;114
11389,334;13215
11390,334;94
11391,334;86
11392,334;86
11393,334;89
11394,334;98
11395,334;13228
11396,334;90
11397,334;84
11398,334;80
11399,334;103
11400,334;91
11401,334;13188
11402,334;88
11403,334;98
11404,334;84
11405,334;88
11406,334;94
11407,334;13201
11408,334;90
11409,334;106
11410,334;101
11411,334;99
11412,334;95
11413,334;13229
11414,334;80
11415,334;83
11416,39;92
11417,39;100
11418,39;92
11419,39;13201
11420,39;83
11421,39;100
11422,39;109
11423,39;102
11424,39;85
11425,39;13219
11426,39;95
11427,39;101
11428,39;86
11429,39;85
11430,39;92
11431,39;13191
11432,39;88
11433,39;89
11434,39;109
11435,39;120
11436,39;89
11437,39;13239
11438,39;81
11439,39;100
11440,39;108
11441,39;103
11442,39;98
11443,39;13200
11444,39;86
11445,39;87
11446,39;82
11447,39;87
11448,39;93
11449,39;13186
11450,39;83
11451,39;86
11452,39;89
11453,39;95
11454,39;74
11455,39;13235
11456,39;80
11457,39;89
11458,39;82
11459,39;83
11460,39;109
11461,39;13197
11462,39;65
11463,39;86
11464,39;93
11465,39;82
11466,39;93
11467,39;13200
11468,39;74
11469,39;92
11470,39;84
11471,39;71
11472,39;100
11473,39;13199
11474,39;85
11475,39;79
11476,39;103
11477,39;84
11478,39;83
11479,39;13213
11480,39;87
11481,39;61
11482,39;68
11483,39;90
11484,39;80
11485,39;13186
11486,39;77
11487,39;82
11488,39;82
11489,39;74
11490,39;80
11491,39;13199
11492,39;68
11493,39;86
11494,39;80
11495,39;91
11496,39;82
11497,39;13218
11498,39;63
11499,39;76
11500,39;93
11501,39;71
11502,39;100
11503,39;12871
11504,39;77
11505,39;82
11506,39;111
11507,39;72
11508,39;76
11509,39;13165
11510,39;87
11511,39;91
11512,39;80
11513,39;79
11514,39;86
11515,39;13197
11516,39;76
11516,966;96
11517,966;74
11518,966;83
11519,966;85
11520,966;13195
11521,966;80
11522,966;92
11523,966;86
11524,966;80
11525,966;79
11526,966;13220
11527,966;71
11528,966;81
11529,966;78
11530,966;83
11531,966;101
11532,966;13169
11533,966;86
11534,966;80
11535,966;91
11536,966;104
11537,966;80
11538,966;13233
11539,966;75
11540,966;79
11541,966;82
11542,966;78
11543,966;88
11544,966;13212
11545,966;84
11546,966;91
11547,966;94
11548,966;90
11549,966;97
11550,966;13194
11551,966;82
11552,966;87
11553,966;118
11554,966;84
11555,966;88
11556,966;13177
11557,966;85
11558,966;87
11559,966;78
11560,966;91
11561,966;107
11562,966;13212
11563,966;96
11564,966;90
11565,966;87
11566,966;90
11567,966;101
11568,966;13192
11569,966;81
11570,966;76
11571,966;92
11572,966;110
11573,966;103
11574,966;13201
11575,966;73
11576,966;87
11577,966;83
11578,966;97
11579,966;89
11580,966;13200
11581,966;97
11582,966;92
11583,966;73
11584,966;88
11585,966;95
11586,966;13203
11587,966;88
11588,966;99
11589,966;80
11590,966;92
11591,966;98
11592,966;13204
11593,966;104
11594,966;107
11595,966;97
11596,966;99
11597,966;100
11598,966;13196
11599,966;96
11600,966;84
11601,966;99
11602,966;97
11603,966;99
11604,966;13198
11605,966;86
11606,966;101
11607,966;99
11608,966;76
11609,966;101
11610,966;13186
11611,966;93
11612,966;82
11613,966;93
11614,966;95
11615,966;115
11616,966;13204
11617,966;96
11618,966;80
11619,966;87
11620,966;89
11621,966;105
11622,966;13229
11623,966;93
11624,966;99
11625,966;99
11626,966;95
11627,966;101
11628,966;13201
11629,966;98
11630,966;105
11631,966;90
11632,966;85
11633,966;103
11634,966;13205
11635,966;75
11636,966;97
11637,966;83
11638,966;95
11639,966;89
11640,966;13215
11641,966;76
11642,966;96
11643,966;107
11644,966;89
11645,966;105
11646,966;13208
11647,966;88
11648,966;83
11649,966;86
11650,966;106
11651,966;96
11652,966;13190
11653,966;100
11654,966;100
11655,966;91
11656,966;115
11657,966;105
11658,966;13188
11659,966;72
11660,966;97
11661,966;103
11662,966;97
11663,966;109
11664,966;13208
11665,966;82
11666,966;92
11667,966;92
11668,966;107
11669,966;107
11670,966;13218
11671,966;80
11672,966;88
11673,966;115
11674,966;109
11675,966;87
11676,966;13235
11677,966;76
11678,966;90
11679,966;85
11680,966;107
11681,966;98
11682,966;13208
11683,966;89
11684,966;82
11685,966;97
11686,966;80
11687,966;98
11688,966;13215
11689,966;93
11690,966;96
11691,966;91
11692,966;118
11693,966;92
11694,966;13209
11695,966;81
11696,966;107
11697,966;91
11698,966;108
11699,966;101
11700,966;13207
11701,966;114
11702,966;104
11703,966;74
11704,966;105
11705,966;121
11706,966;13203
11707,966;80
11708,966;87
11709,966;102
11710,966;86
11711,966;100
11712,966;13190
11713,966;83
11714,966;100
11715,966;101
11716,966;88
11717,966;98
11719,031;13246
11720,031;87
11721,031;75
11722,031;96
11723,031;95
11724,031;136
11725,031;13234
11726,031;73
11727,031;107
11728,031;104
11729,031;89
11730,031;99
11731,031;13171
11732,031;86
11733,031;109
11734,031;106
11735,031;114
11736,031;95
11737,031;13221
11738,031;79
11739,031;90
11740,031;108
11741,031;110
11742,031;103
11743,031;13226
11744,031;108
11745,031;110
11746,031;102
11747,031;87
11748,031;106
11749,031;13204
11750,031;82
11751,031;100
11752,031;82
11753,031;95
11754,031;102
11755,031;13253
11756,031;86
11757,031;98
11758,031;91
11759,031;98
11760,031;106
11761,031;13233
11762,031;99
11763,031;78
11764,031;113
11765,031;103
11766,031;94
11767,031;13195
11768,031;87
11769,031;79
11770,031;99
11771,031;94
11772,031;112
11773,031;13212
11774,031;96
11775,031;95
11776,031;102
11777,031;121
11778,031;94
11779,031;13202
11780,031;99
11781,031;92
11782,031;124
11783,031;91
11784,031;112
11785,031;13226
11786,031;84
11787,031;87
11788,031;106
11789,031;93
11790,031;113
11791,031;13195
11792,031;96
11793,031;92
11794,031;85
11795,031;93
11796,031;96
11797,031;13202
11798,031;90
11799,031;119
11800,031;92
11801,031;104
11802,031;106
11803,031;13221
11804,031;94
11805,031;79
11806,031;100
11807,031;96
11808,031;112
11809,031;13196
11810,031;89
11811,031;97
11812,031;114
11813,031;90
11814,031;104
11815,031;12886
11816,031;101
11817,031;76
11818,031;101
11819,031;104
11820,176;93
11821,176;13154
11822,176;85
11823,176;111
11824,176;95
11825,176;109
11826,176;95
11827,176;13208
11828,176;97
11829,176;110
11830,176;91
11831,176;109
11832,176;93
11833,176;13219
11834,176;103
11835,176;89
11836,176;114
11837,176;117
11838,176;120
11839,176;13247
11840,176;75
11841,176;93
11842,176;102
11843,176;91
11844,176;107
11845,176;13216
11846,176;91
11847,176;92
11848,176;103
11849,176;115
11850,176;109
11851,176;13240
11852,176;91
11853,176;105
11854,176;94
11855,176;103
11856,176;96
11857,176;13266
11858,176;92
11859,176;88
11860,176;96
11861,176;106
11862,176;118
11863,176;13222
11864,176;96
11865,176;101
11866,176;109
11867,176;87
11868,176;101
11869,176;13231
11870,176;102
11871,176;104
11872,176;116
11873,176;87
11874,176;112
11875,176;13218
11876,176;102
11877,176;98
11878,176;109
11879,176;103
11880,176;118
11881,176;13224
11882,176;75
11883,176;81
11884,176;86
11885,176;108
11886,176;96
11887,176;13205
11888,176;89
11889,176;82
11890,176;101
11891,176;99
11892,176;109
11893,176;13251
11894,176;91
11895,176;100
11896,176;92
11897,176;113
11898,176;100
11899,176;13225
11900,176;88
11901,176;88
11902,176;75
11903,176;111
11904,176;118
11905,176;13230
11906,176;97
11907,176;95
11908,176;86
11909,176;111
11910,176;107
11911,176;13183
11912,176;68
11913,176;93
11914,176;92
11915,176;101
11916,176;103
11917,176;13173
11918,176;80
11919,176;88
11920,176;81
11921,401;101
11922,401;103
11923,401;13206
11924,401;96
11925,401;76
11926,401;96
11927,401;106
11928,401;109
11929,401;13193
11930,401;101
11931,401;105
11932,401;95
11933,401;97
11934,401;111
11935,401;13205
11936,401;92
11937,401;83
11938,401;102
11939,401;100
11940,401;97
11941,401;13206
11942,401;83
11943,401;85
11944,401;92
11945,401;111
11946,401;97
11947,401;13174
11948,401;104
11949,401;112
11950,401;109
11951,401;113
11952,401;112
11953,401;13169
11954,401;79
11955,401;78
11956,401;101
11957,401;116
11958,401;93
11959,401;13216
11960,401;87
11961,401;99
11962,401;91
11963,401;105
11964,401;110
11965,401;13235
11966,401;89
11967,401;92
11968,401;101
11969,401;97
11970,401;90
11971,401;13180
11972,401;85
11973,401;93
11974,401;93
11975,401;83
11976,401;84
11977,401;13233
11978,401;94
11979,401;100
11980,401;101
11981,401;95
11982,401;98
11983,401;13219
11984,401;76
11985,401;102
11986,401;108
11987,401;122
11988,401;92
11989,401;13190
11990,401;70
11991,401;86
11992,401;87
11993,401;88
11994,401;93
11995,401;13209
11996,401;82
11997,401;91
11998,401;70
11999,401;87
12000,401;98
12001,401;13177
12002,401;98
12003,401;87
12004,401;104
12005,401;93
12006,401;119
12007,401;13190
12008,401;75
12009,401;84
12010,401;83
12011,401;81
12012,401;89
12013,401;13204
12014,401;80
12015,401;85
12016,401;85
12017,401;105
12018,401;100
12019,401;13175
12020,401;86
12021,401;110
12021,143;90
12022,143;115
12023,143;99
12024,143;13206
12025,143;88
12026,143;107
12027,143;78
12028,143;91
12029,143;98
12030,143;13206
12031,143;85
12032,143;103
12033,143;97
12034,143;100
12035,143;97
12036,143;13202
12037,143;81
12038,143;78
12039,143;97
12040,143;86
12041,143;100
12042,143;13238
12043,143;92
12044,143;68
12045,143;93
12046,143;98
12047,143;108
12048,143;13216
12049,143;88
12050,143;86
12051,143;95
12052,143;108
12053,143;108
12054,143;13184
12055,143;87
12056,143;95
12057,143;95
12058,143;95
12059,143;94
12060,143;13239
12061,143;69
12062,143;83
12063,143;101
12064,143;100
12065,143;94
12066,143;13214
12067,143;76
12068,143;85
12069,143;83
12070,143;86
12071,143;86
12072,143;13186
12073,143;86
12074,143;82
12075,143;94
12076,143;97
12077,143;76
12078,143;13192
12079,143;85
12080,143;80
12081,143;103
12082,143;88
12083,143;96
12084,143;13148
12085,143;78
12086,143;90
12087,143;87
12088,143;84
12089,143;93
12090,143;13173
12091,143;74
12092,143;82
12093,143;73
12094,143;97
12095,143;115
12096,143;13190
12097,143;91
12098,143;81
12099,143;78
12100,143;70
12101,143;100
12102,143;13204
12103,143;66
12104,143;77
12105,143;91
12106,143;78
12107,143;77
12108,143;13168
12109,143;73
12110,143;87
12111,143;83
12112,143;82
12113,143;95
12114,143;13176
12115,143;68
12116,143;78
12117,143;91
12118,143;81
12119,143;102
12120,143;13199
12121,143;68
12122,143;77
12123,143;110
12124,143;87
12125,143;78
12126,143;12863
12127,143;89
12128,143;79
12129,143;93
12130,143;94
12131,143;88
12132,143;13109
12133,143;83
12134,143;76
12135,143;101
12136,143;83
12137,143;91
12138,143;13188
12139,143;85
12140,143;94
12141,143;103
12142,143;95
12143,143;74
12144,143;13205
12145,143;86
12146,143;74
12147,143;94
12148,143;75
12149,143;85
12150,143;13158
12151,143;82
12152,143;75
12153,143;86
12154,143;76
12155,143;86
12156,143;13200
12157,143;89
12158,143;77
12159,143;86
12160,143;96
12161,143;67
12162,143;13247
12163,143;78
12164,143;82
12165,143;89
12166,143;70
12167,143;101
12168,143;13200
12169,143;88
12170,143;92
12171,143;115
12172,143;78
12173,143;90
12174,143;13181
12175,143;75
12176,143;90
12177,143;82
12178,143;96
12179,143;86
12180,143;13195
12181,143;76
12182,143;94
12183,143;104
12184,143;99
12185,143;94
12186,143;13199
12187,143;89
12188,143;92
12189,143;91
12190,143;72
12191,143;82
12192,143;13210
12193,143;81
12194,143;99
12195,143;94
12196,143;101
12197,143;100
12198,143;13205
12199,143;89
12200,143;95
12201,143;98
12202,143;91
12203,143;90
12204,143;13210
12205,143;86
12206,143;89
12207,143;88
12208,143;82
12209,143;86
12210,143;13190
12211,143;87
12212,143;93
12213,143;84
12214,143;86
12215,143;82
12216,143;13184
12217,143;83
12218,143;84
12219,143;75
12220,143;109
12221,143;107
12222,143;13210
12224,405;88
12225,405;95
12226,405;94
12227,405;95
12228,405;105
12229,405;13235
12230,405;77
12231,405;75
12232,405;95
12233,405;113
12234,405;90
12235,405;13209
12236,405;77
12237,405;88
12238,405;106
12239,405;85
12240,405;94
12241,405;13184
12242,405;90
12243,405;75
12244,405;75
12245,405;100
12246,405;87
12247,405;13213
12248,405;83
12249,405;83
12250,405;102
12251,405;98
12252,405;104
12253,405;13199
12254,405;79
12255,405;93
12256,405;105
12257,405;123
12258,405;97
12259,405;13193
12260,405;93
12261,405;97
12262,405;94
12263,405;98
12264,405;92
12265,405;13219
12266,405;82
12267,405;94
12268,405;105
12269,405;100
12270,405;103
12271,405;13180
12272,405;100
12273,405;78
12274,405;85
12275,405;87
12276,405;95
12277,405;13199
12278,405;96
12279,405;82
12280,405;85
12281,405;99
12282,405;90
12283,405;13210
12284,405;88
12285,405;102
12286,405;86
12287,405;104
12288,405;110
12289,405;13194
12290,405;101
12291,405;67
12292,405;104
12293,405;97
12294,405;91
12295,405;13203
12296,405;84
12297,405;89
12298,405;98
12299,405;106
12300,405;91
12301,405;13233
12302,405;111
12303,405;71
12304,405;83
12305,405;96
12306,405;99
12307,405;13180
12308,405;95
12309,405;100
12310,405;86
12311,405;102
12312,405;100
12313,405;13204
12314,405;97
12315,405;77
12316,405;87
12317,405;95
12318,405;107
12319,405;13192
12320,405;73
12321,405;75
12322,405;99
12323,405;93
12324,405;120
12324,9;13235
12325,9;103
12326,9;100
12327,9;92
12328,9;92
12329,9;100
12330,9;13204
12331,9;94
12332,9;103
12333,9;91
12334,9;110
12335,9;105
12336,9;13190
12337,9;90
12338,9;84
12339,9;115
12340,9;92
12341,9;99
12342,9;13199
12343,9;88
12344,9;82
12345,9;112
12346,9;113
12347,9;105
12348,9;13198
12349,9;85
12350,9;105
12351,9;89
12352,9;91
12353,9;101
12354,9;13242
12355,9;72
12356,9;101
12357,9;103
12358,9;84
12359,9;116
12360,9;13218
12361,9;101
12362,9;85
12363,9;99
12364,9;94
12365,9;103
12366,9;13211
12367,9;89
12368,9;92
12369,9;100
12370,9;102
12371,9;84
12372,9;13220
12373,9;86
12374,9;91
12375,9;90
12376,9;76
12377,9;105
12378,9;13205
12379,9;95
12380,9;87
12381,9;98
12382,9;86
12383,9;110
12384,9;13214
12385,9;83
12386,9;89
12387,9;88
12388,9;110
12389,9;98
12390,9;13198
12391,9;91
12392,9;98
12393,9;90
12394,9;101
12395,9;104
12396,9;13226
12397,9;78
12398,9;100
12399,9;110
12400,9;103
12401,9;100
12402,9;13200
12403,9;91
12404,9;90
12405,9;83
12406,9;108
12407,9;106
12408,9;13206
12409,9;91
12410,9;108
12411,9;94
12412,9;90
12413,9;100
12414,9;13204
12415,9;101
12416,9;90
12417,9;107
12418,9;89
12419,9;96
12420,9;13201
12421,9;77
12422,9;93
12423,9;88
12424,9;101
12424,875;102
12425,875;13190
12426,875;96
12427,875;98
12428,875;108
12429,875;88
12430,875;90
12431,875;13193
12432,875;88
12433,875;97
12434,875;91
12435,875;114
12436,875;110
12437,875;12859
12438,875;91
12439,875;107
12440,875;99
12441,875;96
12442,875;106
12443,875;13145
12444,875;101
12445,875;107
12446,875;95
12447,875;80
12448,875;104
12449,875;13193
12450,875;104
12451,875;104
12452,875;100
12453,875;90
12454,875;98
12455,875;13231
12456,875;96
12457,875;92
12458,875;105
12459,875;105
12460,875;88
12461,875;13210
12462,875;81
12463,875;83
12464,875;101
12465,875;102
12466,875;102
12467,875;13248
12468,875;83
12469,875;104
12470,875;100
12471,875;91
12472,875;92
12473,875;13213
12474,875;110
12475,875;99
12476,875;90
12477,875;95
12478,875;95
12479,875;13194
12480,875;99
12481,875;95
12482,875;92
12483,875;120
12484,875;110
12485,875;13185
12486,875;97
12487,875;90
12488,875;117
12489,875;96
12490,875;111
12491,875;13208
12492,875;78
12493,875;87
12494,875;93
12495,875;99
12496,875;111
12497,875;13221
12498,875;76
12499,875;101
12500,875;97
12501,875;117
12502,875;104
12503,875;13212
12504,875;96
12505,875;96
12506,875;116
12507,875;93
12508,875;90
12509,875;13215
12510,875;61
12511,875;100
12512,875;108
12513,875;93
12514,875;114
12515,875;13167
12516,875;83
12517,875;110
12518,875;95
12519,875;81
12520,875;91
12521,875;13209
12522,875;73
12523,875;92
12524,875;102
12526,546;105
12527,546;103
12528,546;13218
12529,546;83
12530,546;95
12531,546;108
12532,546;102
12533,546;103
12534,546;13201
12535,546;81
12536,546;93
12537,546;99
12538,546;97
12539,546;101
12540,546;13178
12541,546;97
12542,546;97
12543,546;98
12544,546;108
12545,546;108
12546,546;13182
12547,546;84
12548,546;114
12549,546;91
12550,546;100
12551,546;97
12552,546;13214
12553,546;73
12554,546;88
12555,546;91
12556,546;106
12557,546;113
12558,546;13231
12559,546;82
12560,546;91
12561,546;86
12562,546;91
12563,546;94
12564,546;13198
12565,546;92
12566,546;96
12567,546;102
12568,546;90
12569,546;86
12570,546;13182
12571,546;92
12572,546;97
12573,546;97
12574,546;97
12575,546;105
12576,546;13219
12577,546;97
12578,546;84
12579,546;77
12580,546;92
12581,546;104
12582,546;13189
12583,546;83
12584,546;89
12585,546;95
12586,546;99
12587,546;93
12588,546;13184
12589,546;78
12590,546;98
12591,546;85
12592,546;73
12593,546;105
12594,546;13232
12595,546;99
12596,546;72
12597,546;92
12598,546;93
12599,546;95
12600,546;13226
12601,546;97
12602,546;100
12603,546;88
12604,546;95
12605,546;101
12606,546;13218
12607,546;94
12608,546;100
12609,546;100
12610,546;89
12611,546;106
12612,546;13171
12613,546;78
12614,546;80
12615,546;84
12616,546;102
12617,546;96
12618,546;13188
12619,546;87
12620,546;91
12621,546;89
12622,546;91
12623,546;106
12624,546;13181
12625,546;78
12626,546;78
12627,494;84
12628,494;99
12629,494;103
12630,494;13177
12631,494;78
12632,494;91
12633,494;106
12634,494;94
12635,494;86
12636,494;13174
12637,494;92
12638,494;82
12639,494;100
12640,494;93
12641,494;86
12642,494;13194
12643,494;92
12644,494;76
12645,494;69
12646,494;97
12647,494;95
12648,494;13204
12649,494;83
12650,494;90
12651,494;85
12652,494;99
12653,494;88
12654,494;13224
12655,494;77
12656,494;83
12657,494;89
12658,494;104
12659,494;98
12660,494;13186
12661,494;93
12662,494;88
12663,494;99
12664,494;98
12665,494;82
12666,494;13233
12667,494;71
12668,494;77
12669,494;92
12670,494;93
12671,494;94
12672,494;13209
12673,494;88
12674,494;96
12675,494;87
12676,494;113
12677,494;99
12678,494;13174
12679,494;71
12680,494;90
12681,494;94
12682,494;80
12683,494;100
12684,494;13218
12685,494;91
12686,494;89
12687,494;94
12688,494;90
12689,494;86
12690,494;13186
12691,494;74
12692,494;89
12693,494;84
12694,494;99
12695,494;99
12696,494;13208
12697,494;85
12698,494;101
12699,494;92
12700,494;83
12701,494;96
12702,494;13166
12703,494;75
12704,494;95
12705,494;80
12706,494;98
12707,494;112
12708,494;13181
12709,494;61
12710,494;89
12711,494;89
12712,494;80
12713,494;103
12714,494;13214
12715,494;69
12716,494;86
12717,494;88
12718,494;85
12719,494;87
12720,494;13213
12721,494;89
12722,494;108
12723,494;83
12724,494;86
12725,494;98
12726,494;13167
12727,494;80
12728,494;85
12729,494;85
12730,494;73
12731,494;93
12732,494;13195
12733,494;69
12734,494;82
12735,494;92
12736,494;94
12737,494;86
12738,494;13189
12739,494;92
12740,494;73
12741,494;86
12742,494;92
12743,494;92
12744,494;13144
12745,494;75
12746,494;62
12747,494;73
12748,494;93
12749,494;79
12750,494;12876
12751,494;67
12752,494;78
12753,494;99
12754,494;88
12755,494;97
12756,494;13151
12757,494;77
12758,494;93
12759,494;82
12760,494;105
12761,494;78
12762,494;13148
12763,494;73
12764,494;70
12765,494;72
12766,494;82
12767,494;105
12768,494;13189
12769,494;79
12770,494;65
12771,494;76
12772,494;82
12773,494;96
12774,494;13215
12775,494;76
12776,494;94
12777,494;86
12778,494;98
12779,494;78
12780,494;13206
12781,494;88
12782,494;98
12783,494;90
12784,494;97
12785,494;84
12786,494;13156
12787,494;83
12788,494;64
12789,494;78
12790,494;96
12791,494;77
12792,494;13229
12793,494;74
12794,494;91
12795,494;101
12796,494;102
12797,494;94
12798,494;13212
12799,494;65
12800,494;85
12801,494;87
12802,494;103
12803,494;93
12804,494;13196
12805,494;74
12806,494;84
12807,494;95
12808,494;100
12809,494;102
12810,494;13187
12811,494;84
12812,494;75
12813,494;89
12814,494;92
12815,494;111
12816,494;13207
12817,494;92
12818,494;89
12819,494;88
12820,494;85
12821,494;93
12822,494;13160
12823,494;77
12824,494;82
12825,494;87
12826,494;95
12827,494;113
12828,494;13199
12830,061;87
12831,061;91
12832,061;93
12833,061;98
12834,061;77
12835,061;13204
12836,061;82
12837,061;80
12838,061;100
12839,061;97
12840,061;99
12841,061;13197
12842,061;79
12843,061;99
12844,061;104
12845,061;97
12846,061;115
12847,061;13219
12848,061;100
12849,061;86
12850,061;107
12851,061;110
12852,061;96
12853,061;13204
12854,061;83
12855,061;91
12856,061;97
12857,061;81
12858,061;105
12859,061;13222
12860,061;71
12861,061;91
12862,061;91
12863,061;82
12864,061;81
12865,061;13217
12866,061;85
12867,061;100
12868,061;96
12869,061;93
12870,061;90
12871,061;13189
12872,061;93
12873,061;99
12874,061;87
12875,061;89
12876,061;95
12877,061;13182
12878,061;82
12879,061;81
12880,061;82
12881,061;101
12882,061;98
12883,061;13188
12884,061;82
12885,061;86
12886,061;79
12887,061;100
12888,061;89
12889,061;13194
12890,061;94
12891,061;99
12892,061;93
12893,061;89
12894,061;111
12895,061;13182
12896,061;74
12897,061;102
12898,061;85
12899,061;94
12900,061;107
12901,061;13169
12902,061;93
12903,061;105
12904,061;104
12905,061;88
12906,061;123
12907,061;13164
12908,061;97
12909,061;90
12910,061;83
12911,061;115
12912,061;108
12913,061;13161
12914,061;89
12915,061;94
12916,061;106
12917,061;87
12918,061;92
12919,061;13223
12920,061;102
12921,061;91
12922,061;111
12923,061;96
12924,061;109
12925,061;13198
12926,061;95
12927,061;85
12928,061;102
12929,061;119
12930,061;89
12930,587;13196
12931,587;79
12932,587;89
12933,587;94
12934,587;96
12935,587;100
12936,587;13197
12937,587;97
12938,587;78
12939,587;93
12940,587;103
12941,587;76
12942,587;13205
12943,587;87
12944,587;103
12945,587;111
12946,587;100
12947,587;107
12948,587;13208
12949,587;89
12950,587;95
12951,587;91
12952,587;111
12953,587;91
12954,587;13214
12955,587;73
12956,587;91
12957,587;75
12958,587;92
12959,587;111
12960,587;13197
12961,587;86
12962,587;87
12963,587;88
12964,587;89
12965,587;93
12966,587;13191
12967,587;66
12968,587;94
12969,587;80
12970,587;101
12971,587;105
12972,587;13221
12973,587;101
12974,587;88
12975,587;94
12976,587;91
12977,587;104
12978,587;13194
12979,587;72
12980,587;92
12981,587;72
12982,587;95
12983,587;127
12984,587;13244
12985,587;97
12986,587;105
12987,587;88
12988,587;105
12989,587;101
12990,587;13195
12991,587;89
12992,587;84
12993,587;96
12994,587;102
12995,587;88
12996,587;13216
12997,587;82
12998,587;90
12999,587;108
13000,587;95
13001,587;119
13002,587;13174
13003,587;100
13004,587;96
13005,587;87
13006,587;119
13007,587;108
13008,587;13216
13009,587;99
13010,587;78
13011,587;103
13012,587;84
13013,587;131
13014,587;13218
13015,587;83
13016,587;93
13017,587;102
13018,587;105
13019,587;100
13020,587;13217
13021,587;88
13022,587;94
13023,587;87
13024,587;113
13025,587;109
13026,587;13214
13027,587;71
13028,587;92
13029,587;89
13030,587;80
13030,829;113
13031,829;13209
13032,829;91
13033,829;90
13034,829;91
13035,829;104
13036,829;102
13037,829;13205
13038,829;90
13039,829;97
13040,829;91
13041,829;111
13042,829;127
13043,829;13178
13044,829;105
13045,829;116
13046,829;101
13047,829;90
13048,829;99
13049,829;13197
13050,829;95
13051,829;110
13052,829;91
13053,829;112
13054,829;96
13055,829;13204
13056,829;86
13057,829;98
13058,829;104
13059,829;106
13060,829;108
13061,829;12861
13062,829;89
13063,829;99
13064,829;92
13065,829;110
13066,829;115
13067,829;13129
13068,829;79
13069,829;87
13070,829;100
13071,829;104
13072,829;108
13073,829;13188
13074,829;99
13075,829;108
13076,829;116
13077,829;103
13078,829;109
13079,829;13212
13080,829;98
13081,829;94
13082,829;90
13083,829;106
13084,829;102
13085,829;13181
13086,829;81
13087,829;89
13088,829;89
13089,829;104
13090,829;101
13091,829;13181
13092,829;78
13093,829;91
13094,829;94
13095,829;121
13096,829;130
13097,829;13188
13098,829;91
13099,829;84
13100,829;88
13101,829;95
13102,829;88
13103,829;13195
13104,829;71
13105,829;122
13106,829;92
13107,829;94
13108,829;102
13109,829;13171
13110,829;99
13111,829;86
13112,829;97
13113,829;85
13114,829;120
13115,829;13149
13116,829;87
13117,829;92
13118,829;97
13119,829;120
13120,829;88
13121,829;13197
13122,829;92
13123,829;82
13124,829;97
13125,829;85
13126,829;121
13127,829;13233
13128,829;80
13129,829;86
13130,829;91
13131,988;99
13132,988;108
13133,988;13218
13134,988;101
13135,988;106
13136,988;102
13137,988;96
13138,988;91
13139,988;13217
13140,988;87
13141,988;105
13142,988;99
13143,988;94
13144,988;104
13145,988;13236
13146,988;81
13147,988;94
13148,988;99
13149,988;101
13150,988;102
13151,988;13194
13152,988;89
13153,988;101
13154,988;86
13155,988;81
13156,988;95
13157,988;13210
13158,988;87
13159,988;91
13160,988;93
13161,988;108
13162,988;93
13163,988;13200
13164,988;90
13165,988;93
13166,988;104
13167,988;106
13168,988;91
13169,988;13176
13170,988;70
13171,988;77
13172,988;96
13173,988;107
13174,988;96
13175,988;13205
13176,988;89
13177,988;102
13178,988;90
13179,988;102
13180,988;95
13181,988;13206
13182,988;79
13183,988;93
13184,988;84
13185,988;96
13186,988;99
13187,988;13185
13188,988;83
13189,988;94
13190,988;109
13191,988;95
13192,988;89
13193,988;13205
13194,988;103
13195,988;83
13196,988;112
13197,988;94
13198,988;103
13199,988;13171
13200,988;86
13201,988;79
13202,988;100
13203,988;111
13204,988;92
13205,988;13179
13206,988;92
13207,988;105
13208,988;77
13209,988;85
13210,988;104
13211,988;13196
13212,988;76
13213,988;96
13214,988;109
13215,988;88
13216,988;95
13217,988;13167
13218,988;77
13219,988;94
13220,988;101
13221,988;134
13222,988;103
13223,988;13198
13224,988;95
13225,988;107
13226,988;83
13227,988;113
13228,988;114
13229,988;13212
13230,988;97
13231,988;86
13232,988;100
13233,988;91
13234,988;94
13235,988;13198
13236,988;77
13237,988;98
13238,988;95
13239,988;103
13240,988;113
13241,988;13173
13242,988;73
13243,988;96
13244,988;99
13245,988;100
13246,988;104
13247,988;13154
13248,988;99
13249,988;103
13250,988;97
13251,988;75
13252,988;86
13253,988;13183
13254,988;87
13255,988;83
13256,988;100
13257,988;90
13258,988;98
13259,988;13188
13260,988;101
13261,988;93
13262,988;105
13263,988;112
13264,988;113
13265,988;13148
13266,988;100
13267,988;90
13268,988;86
13269,988;94
13270,988;82
13271,988;13225
13272,988;89
13273,988;109
13274,988;94
13275,988;77
13276,988;111
13277,988;13216
13278,988;85
13279,988;82
13280,988;99
13281,988;100
13282,988;102
13283,988;13195
13284,988;80
13285,988;74
13286,988;96
13287,988;104
13288,988;86
13289,988;13182
13290,988;83
13291,988;100
13292,988;92
13293,988;85
13294,988;107
13295,988;13188
13296,988;88
13297,988;82
13298,988;99
13299,988;78
13300,988;91
13301,988;13183
13302,988;87
13303,988;69
13304,988;91
13305,988;112
13306,988;104
13307,988;13239
13308,988;70
13309,988;84
13310,988;100
13311,988;91
13312,988;96
13313,988;13212
13314,988;85
13315,988;91
13316,988;100
13317,988;93
13318,988;99
13319,988;13208
13320,988;87
13321,988;82
13322,988;90
13323,988;112
13324,988;103
13325,988;13201
13326,988;74
13327,988;65
13328,988;95
13329,988;82
13330,988;100
13331,988;13209
13332,988;74
13335,046;84
13336,046;90
13337,046;77
13338,046;105
13339,046;13178
13340,046;91
13341,046;93
13342,046;84
13343,046;82
13344,046;98
13345,046;13204
13346,046;61
13347,046;81
13348,046;98
13349,046;87
13350,046;82
13351,046;13171
13352,046;94
13353,046;79
13354,046;89
13355,046;100
13356,046;82
13357,046;13224
13358,046;71
13359,046;73
13360,046;84
13361,046;88
13362,046;85
13363,046;13185
13364,046;74
13365,046;84
13366,046;92
13367,046;86
13368,046;86
13369,046;13160
13370,046;74
13371,046;76
13372,046;89
13373,046;83
13374,046;81
13375,046;12876
13376,046;77
13377,046;86
13378,046;67
13379,046;74
13380,046;78
13381,046;13152
13382,046;87
13383,046;75
13384,046;80
13385,046;77
13386,046;104
13387,046;13153
13388,046;73
13389,046;87
13390,046;96
13391,046;89
13392,046;86
13393,046;13157
13394,046;88
13395,046;82
13396,046;83
13397,046;83
13398,046;94
13399,046;13185
13400,046;86
13401,046;76
13402,046;89
13403,046;85
13404,046;73
13405,046;13190
13406,046;76
13407,046;87
13408,046;79
13409,046;87
13410,046;89
13411,046;13167
13412,046;90
13413,046;84
13414,046;81
13415,046;107
13416,046;86
13417,046;13204
13418,046;83
13419,046;90
13420,046;92
13421,046;89
13422,046;93
13423,046;13202
13424,046;89
13425,046;80
13426,046;109
13427,046;93
13428,046;100
13429,046;13200
13430,046;75
13431,046;68
13432,046;81
13433,046;89
13434,046;101
13435,046;13211
13435,154;77
13436,154;75
13437,154;102
13438,154;102
13439,154;87
13440,154;13182
13441,154;79
13442,154;91
13443,154;81
13444,154;86
13445,154;88
13446,154;13195
13447,154;91
13448,154;84
13449,154;87
13450,154;94
13451,154;100
13452,154;13170
13453,154;78
13454,154;94
13455,154;96
13456,154;93
13457,154;109
13458,154;13170
13459,154;95
13460,154;92
13461,154;97
13462,154;83
13463,154;93
13464,154;13192
13465,154;83
13466,154;92
13467,154;105
13468,154;93
13469,154;99
13470,154;13180
13471,154;84
13472,154;82
13473,154;109
13474,154;108
13475,154;113
13476,154;13207
13477,154;86
13478,154;95
13479,154;115
13480,154;85
13481,154;103
13482,154;13211
13483,154;89
13484,154;94
13485,154;98
13486,154;92
13487,154;96
13488,154;13158
13489,154;77
13490,154;89
13491,154;102
13492,154;80
13493,154;99
13494,154;13242
13495,154;89
13496,154;99
13497,154;95
13498,154;95
13499,154;84
13500,154;13201
13501,154;75
13502,154;85
13503,154;120
13504,154;96
13505,154;99
13506,154;13214
13507,154;84
13508,154;93
13509,154;82
13510,154;87
13511,154;103
13512,154;13167
13513,154;70
13514,154;95
13515,154;77
13516,154;85
13517,154;96
13518,154;13182
13519,154;96
13520,154;105
13521,154;101
13522,154;104
13523,154;100
13524,154;13178
13525,154;77
13526,154;88
13527,154;95
13528,154;109
13529,154;94
13530,154;13160
13531,154;78
13532,154;88
13533,154;98
13534,154;91
13535,154;84
13537,173;13208
13538,173;85
13539,173;92
13540,173;94
13541,173;115
13542,173;84
13543,173;13155
13544,173;88
13545,173;72
13546,173;115
13547,173;92
13548,173;102
13549,173;13181
13550,173;101
13551,173;84
13552,173;116
13553,173;104
13554,173;107
13555,173;13228
13556,173;90
13557,173;104
13558,173;98
13559,173;97
13560,173;95
13561,173;13214
13562,173;82
13563,173;113
13564,173;95
13565,173;107
13566,173;107
13567,173;13207
13568,173;114
13569,173;94
13570,173;108
13571,173;97
13572,173;85
13573,173;13186
13574,173;97
13575,173;97
13576,173;106
13577,173;95
13578,173;114
13579,173;13164
13580,173;91
13581,173;83
13582,173;80
13583,173;86
13584,173;102
13585,173;13176
13586,173;103
13587,173;88
13588,173;91
13589,173;113
13590,173;95
13591,173;13186
13592,173;89
13593,173;95
13594,173;83
13595,173;95
13596,173;90
13597,173;13203
13598,173;88
13599,173;82
13600,173;89
13601,173;80
13602,173;109
13603,173;13177
13604,173;81
13605,173;93
13606,173;91
13607,173;92
13608,173;84
13609,173;13181
13610,173;80
13611,173;83
13612,173;110
13613,173;118
13614,173;97
13615,173;13214
13616,173;83
13617,173;103
13618,173;96
13619,173;116
13620,173;95
13621,173;13203
13622,173;92
13623,173;87
13624,173;101
13625,173;104
13626,173;102
13627,173;13178
13628,173;96
13629,173;99
13630,173;98
13631,173;100
13632,173;86
13633,173;13188
13634,173;99
13635,173;108
13636,173;96
13637,173;99
13638,162;105
13639,162;13192
13640,162;98
13641,162;101
13642,162;94
13643,162;95
13644,162;101
13645,162;13183
13646,162;96
13647,162;85
13648,162;99
13649,162;102
13650,162;101
13651,162;13176
13652,162;104
13653,162;89
13654,162;92
13655,162;107
13656,162;84
13657,162;13197
13658,162;88
13659,162;91
13660,162;88
13661,162;95
13662,162;126
13663,162;13196
13664,162;88
13665,162;97
13666,162;92
13667,162;92
13668,162;110
13669,162;13205
13670,162;99
13671,162;98
13672,162;107
13673,162;86
13674,162;94
13675,162;13209
13676,162;87
13677,162;90
13678,162;103
13679,162;122
13680,162;101
13681,162;13225
13682,162;97
13683,162;99
13684,162;119
13685,162;111
13686,162;109
13687,162;12905
13688,162;84
13689,162;99
13690,162;94
13691,162;99
13692,162;119
13693,162;13133
13694,162;92
13695,162;102
13696,162;93
13697,162;98
13698,162;104
13699,162;13199
13700,162;118
13701,162;91
13702,162;99
13703,162;129
13704,162;116
13705,162;13188
13706,162;90
13707,162;100
13708,162;97
13709,162;102
13710,162;91
13711,162;13182
13712,162;95
13713,162;101
13714,162;94
13715,162;108
13716,162;93
13717,162;13209
13718,162;74
13719,162;98
13720,162;100
13721,162;91
13722,162;102
13723,162;13207
13724,162;93
13725,162;109
13726,162;101
13727,162;109
13728,162;101
13729,162;13188
13730,162;76
13731,162;93
13732,162;105
13733,162;100
13734,162;112
13735,162;13196
13736,162;91
13737,162;94
13738,162;92
13739,162;94
13740,162;99
13741,162;13197
13742,162;71
13743,162;95
13744,162;95
13745,162;101
13746,162;94
13747,162;13181
13748,162;92
13749,162;89
13750,162;88
13751,162;110
13752,162;96
13753,162;13207
13754,162;86
13755,162;102
13756,162;86
13757,162;84
13758,162;105
13759,162;13201
13760,162;87
13761,162;91
13762,162;97
13763,162;95
13764,162;113
13765,162;13194
13766,162;97
13767,162;83
13768,162;109
13769,162;84
13770,162;116
13771,162;13197
13772,162;77
13773,162;78
13774,162;104
13775,162;95
13776,162;105
13777,162;13209
13778,162;89
13779,162;89
13780,162;94
13781,162;107
13782,162;90
13783,162;13188
13784,162;86
13785,162;90
13786,162;102
13787,162;82
13788,162;91
13789,162;13196
13790,162;96
13791,162;92
13792,162;105
13793,162;101
13794,162;95
13795,162;13192
13796,162;84
13797,162;85
13798,162;100
13799,162;109
13800,162;98
13801,162;13200
13802,162;91
13803,162;83
13804,162;89
13805,162;112
13806,162;91
13807,162;13163
13808,162;96
13809,162;107
13810,162;91
13811,162;92
13812,162;108
13813,162;13182
13814,162;75
13815,162;73
13816,162;116
13817,162;111
13818,162;95
13819,162;13215
13820,162;79
13821,162;84
13822,162;82
13823,162;98
13824,162;89
13825,162;13211
13826,162;81
13827,162;101
13828,162;97
13829,162;94
13830,162;103
13831,162;13154
13832,162;71
13833,162;89
13834,162;91
13835,162;97
13836,162;79
13837,162;13195
13838,162;82
13839,162;97
13839,67;93
13840,67;90
13841,67;101
13842,67;13167
13843,67;73
13844,67;103
13845,67;116
13846,67;96
13847,67;81
13848,67;13203
13849,67;87
13850,67;87
13851,67;81
13852,67;96
13853,67;99
13854,67;13228
13855,67;77
13856,67;81
13857,67;112
13858,67;91
13859,67;94
13860,67;13231
13861,67;111
13862,67;79
13863,67;79
13864,67;106
13865,67;88
13866,67;13158
13867,67;105
13868,67;83
13869,67;98
13870,67;88
13871,67;117
13872,67;13220
13873,67;98
13874,67;85
13875,67;103
13876,67;99
13877,67;98
13878,67;13180
13879,67;94
13880,67;105
13881,67;99
13882,67;95
13883,67;111
13884,67;13206
13885,67;102
13886,67;95
13887,67;71
13888,67;95
13889,67;97
13890,67;13199
13891,67;79
13892,67;110
13893,67;91
13894,67;100
13895,67;108
13896,67;13178
13897,67;98
13898,67;80
13899,67;104
13900,67;103
13901,67;107
13902,67;13194
13903,67;93
13904,67;83
13905,67;99
13906,67;102
13907,67;90
13908,67;13167
13909,67;101
13910,67;89
13911,67;88
13912,67;87
13913,67;116
13914,67;13215
13915,67;92
13916,67;82
13917,67;102
13918,67;107
13919,67;103
13920,67;13184
13921,67;80
13922,67;99
13923,67;92
13924,67;83
13925,67;91
13926,67;13208
13927,67;64
13928,67;89
13929,67;74
13930,67;85
13931,67;83
13932,67;13195
13933,67;79
13934,67;55
13935,67;81
13936,67;105
13937,67;91
13938,67;13208
13939,67;87
13941,769;95
13942,769;112
13943,769;90
13944,769;100
13945,769;13198
13946,769;80
13947,769;74
13948,769;83
13949,769;100
13950,769;93
13951,769;13224
13952,769;105
13953,769;99
13954,769;99
13955,769;89
13956,769;93
13957,769;13216
13958,769;87
13959,769;78
13960,769;81
13961,769;83
13962,769;98
13963,769;13153
13964,769;72
13965,769;82
13966,769;92
13967,769;99
13968,769;102
13969,769;13168
13970,769;77
13971,769;96
13972,769;82
13973,769;88
13974,769;102
13975,769;13185
13976,769;61
13977,769;85
13978,769;79
13979,769;83
13980,769;85
13981,769;13190
13982,769;71
13983,769;85
13984,769;94
13985,769;89
13986,769;82
13987,769;13177
13988,769;69
13989,769;82
13990,769;73
13991,769;114
13992,769;103
13993,769;13216
13994,769;77
13995,769;67
13996,769;74
13997,769;94
13998,769;84
13999,769;12847
14000,769;78
14001,769;88
14002,769;84
14003,769;90
14004,769;90
14005,769;13112
14006,769;74
14007,769;91
14008,769;82
14009,769;74
14010,769;74
14011,769;13131
14012,769;59
14013,769;70
14014,769;87
14015,769;86
14016,769;100
14017,769;13213
14018,769;70
14019,769;78
14020,769;87
14021,769;72
14022,769;74
14023,769;13204
14024,769;69
14025,769;82
14026,769;97
14027,769;100
14028,769;96
14029,769;13212
14030,769;80
14031,769;87
14032,769;87
14033,769;83
14034,769;74
14035,769;13208
14036,769;80
14037,769;73
14038,769;77
14039,769;103
14040,769;105
14041,769;13229
14042,225;72
14043,225;63
14044,225;79
14045,225;94
14046,225;106
14047,225;13201
14048,225;90
14049,225;85
14050,225;83
14051,225;72
14052,225;95
14053,225;13210
14054,225;63
14055,225;97
14056,225;91
14057,225;88
14058,225;101
14059,225;13202
14060,225;94
14061,225;89
14062,225;100
14063,225;106
14064,225;95
14065,225;13205
14066,225;70
14067,225;85
14068,225;94
14069,225;83
14070,225;100
14071,225;13197
14072,225;82
14073,225;99
14074,225;104
14075,225;99
14076,225;110
14077,225;13216
14078,225;83
14079,225;81
14080,225;92
14081,225;89
14082,225;85
14083,225;13202
14084,225;67
14085,225;88
14086,225;90
14087,225;111
14088,225;96
14089,225;13164
14090,225;100
14091,225;87
14092,225;88
14093,225;79
14094,225;119
14095,225;13188
14096,225;79
14097,225;85
14098,225;90
14099,225;90
14100,225;112
14101,225;13188
14102,225;78
14103,225;71
14104,225;108
14105,225;109
14106,225;98
14107,225;13168
14108,225;68
14109,225;88
14110,225;95
14111,225;95
14112,225;108
14113,225;13184
14114,225;67
14115,225;82
14116,225;99
14117,225;93
14118,225;93
14119,225;13171
14120,225;86
14121,225;90
14122,225;92
14123,225;85
14124,225;103
14125,225;13183
14126,225;78
14127,225;89
14128,225;76
14129,225;108
14130,225;95
14131,225;13187
14132,225;80
14133,225;72
14134,225;83
14135,225;96
14136,225;112
14137,225;13210
14138,225;74
14139,225;88
14140,225;113
14141,225;110
14142,225;107
14142,9;13158
14143,9;83
14144,9;105
14145,9;102
14146,9;89
14147,9;95
14148,9;13180
14149,9;81
14150,9;87
14151,9;101
14152,9;102
14153,9;85
14154,9;13222
14155,9;104
14156,9;85
14157,9;97
14158,9;99
14159,9;114
14160,9;13168
14161,9;81
14162,9;91
14163,9;97
14164,9;102
14165,9;85
14166,9;13162
14167,9;74
14168,9;88
14169,9;103
14170,9;86
14171,9;101
14172,9;13175
14173,9;91
14174,9;81
14175,9;94
14176,9;96
14177,9;120
14178,9;13205
14179,9;79
14180,9;100
14181,9;87
14182,9;123
14183,9;109
14184,9;13196
14185,9;73
14186,9;88
14187,9;93
14188,9;99
14189,9;89
14190,9;13161
14191,9;103
14192,9;96
14193,9;109
14194,9;91
14195,9;102
14196,9;13187
14197,9;75
14198,9;85
14199,9;111
14200,9;83
14201,9;104
14202,9;13193
14203,9;98
14204,9;87
14205,9;103
14206,9;101
14207,9;108
14208,9;13214
14209,9;83
14210,9;88
14211,9;97
14212,9;101
14213,9;95
14214,9;13194
14215,9;94
14216,9;94
14217,9;90
14218,9;101
14219,9;100
14220,9;13179
14221,9;85
14222,9;98
14223,9;84
14224,9;106
14225,9;106
14226,9;13182
14227,9;92
14228,9;92
14229,9;116
14230,9;93
14231,9;96
14232,9;13208
14233,9;108
14234,9;83
14235,9;97
14236,9;81
14237,9;105
14238,9;13215
14239,9;77
14240,9;92
14241,9;88
14242,9;83
14243,9;85
14244,9;13226
14245,9;91
14246,9;105
14247,9;97
14248,9;98
14249,9;99
14250,9;13183
14251,9;102
14252,9;92
14253,9;91
14254,9;98
14255,9;100
14256,9;13227
14257,9;92
14258,9;97
14259,9;103
14260,9;100
14261,9;106
14262,9;13203
14263,9;90
14264,9;109
14265,9;96
14266,9;93
14267,9;113
14268,9;13220
14269,9;80
14270,9;96
14271,9;137
14272,9;87
14273,9;109
14274,9;13220
14275,9;104
14276,9;93
14277,9;92
14278,9;94
14279,9;115
14280,9;13217
14281,9;81
14282,9;117
14283,9;107
14284,9;114
14285,9;108
14286,9;13169
14287,9;91
14288,9;107
14289,9;110
14290,9;96
14291,9;96
14292,9;13192
14293,9;96
14294,9;82
14295,9;90
14296,9;107
14297,9;109
14298,9;13167
14299,9;89
14300,9;100
14301,9;102
14302,9;92
14303,9;98
14304,9;13201
14305,9;89
14306,9;93
14307,9;103
14308,9;117
14309,9;101
14310,9;12876
14311,9;78
14312,9;101
14313,9;94
14314,9;90
14315,9;96
14316,9;13177
14317,9;90
14318,9;103
14319,9;107
14320,9;108
14321,9;110
14322,9;13182
14323,9;99
14324,9;89
14325,9;96
14326,9;102
14327,9;106
14328,9;13208
14329,9;90
14330,9;93
14331,9;107
14332,9;109
14333,9;113
14334,9;13171
14335,9;86
14336,9;100
14337,9;85
14338,9;109
14339,9;96
14340,9;13232
14341,9;77
14342,9;90
14343,9;80
14344,488;117
14345,488;125
14346,488;13210
14347,488;88
14348,488;90
14349,488;85
14350,488;96
14351,488;93
14352,488;13233
14353,488;74
14354,488;92
14355,488;100
14356,488;97
14357,488;88
14358,488;13231
14359,488;79
14360,488;101
14361,488;120
14362,488;97
14363,488;87
14364,488;13201
14365,488;93
14366,488;92
14367,488;89
14368,488;101
14369,488;98
14370,488;13215
14371,488;106
14372,488;93
14373,488;87
14374,488;90
14375,488;90
14376,488;13240
14377,488;93
14378,488;97
14379,488;76
14380,488;113
14381,488;93
14382,488;13221
14383,488;94
14384,488;100
14385,488;118
14386,488;120
14387,488;105
14388,488;13225
14389,488;95
14390,488;89
14391,488;89
14392,488;106
14393,488;103
14394,488;13240
14395,488;96
14396,488;97
14397,488;92
14398,488;94
14399,488;94
14400,488;13221
14401,488;95
14402,488;93
14403,488;96
14404,488;112
14405,488;84
14406,488;13207
14407,488;92
14408,488;89
14409,488;90
14410,488;96
14411,488;97
14412,488;13174
14413,488;93
14414,488;97
14415,488;95
14416,488;95
14417,488;100
14418,488;13250
14419,488;88
14420,488;90
14421,488;91
14422,488;92
14423,488;92
14424,488;13149
14425,488;97
14426,488;91
14427,488;113
14428,488;101
14429,488;89
14430,488;13182
14431,488;77
14432,488;100
14433,488;94
14434,488;105
14435,488;100
14436,488;13207
14437,488;97
14438,488;81
14439,488;100
14440,488;93
14441,488;88
14442,488;13213
14443,488;112
14444,488;91
14445,512;90
14446,512;101
14447,512;100
14448,512;13194
14449,512;95
14450,512;96
14451,512;99
14452,512;92
14453,512;89
14454,512;13195
14455,512;80
14456,512;84
14457,512;98
14458,512;112
14459,512;84
14460,512;13205
14461,512;83
14462,512;102
14463,512;85
14464,512;87
14465,512;100
14466,512;13216
14467,512;66
14468,512;83
14469,512;94
14470,512;99
14471,512;97
14472,512;13228
14473,512;94
14474,512;81
14475,512;89
14476,512;86
14477,512;100
14478,512;13257
14479,512;79
14480,512;86
14481,512;105
14482,512;100
14483,512;106
14484,512;13183
14485,512;81
14486,512;81
14487,512;89
14488,512;96
14489,512;80
14490,512;13201
14491,512;71
14492,512;92
14493,512;91
14494,512;79
14495,512;100
14496,512;13215
14497,512;84
14498,512;93
14499,512;108
14500,512;100
14501,512;100
14502,512;13209
14503,512;95
14504,512;88
14505,512;68
14506,512;103
14507,512;119
14508,512;13191
14509,512;84
14510,512;100
14511,512;93
14512,512;98
14513,512;110
14514,512;13202
14515,512;83
14516,512;93
14517,512;100
14518,512;90
14519,512;104
14520,512;13215
14521,512;83
14522,512;88
14523,512;102
14524,512;108
14525,512;101
14526,512;13226
14527,512;90
14528,512;97
14529,512;89
14530,512;89
14531,512;108
14532,512;13188
14533,512;80
14534,512;80
14535,512;77
14536,512;94
14537,512;87
14538,512;13196
14539,512;83
14540,512;71
14541,512;89
14542,512;102
14543,512;102
14544,512;13199
14545,512;73
14546,648;67
14547,648;82
14548,648;89
14549,648;106
14550,648;13219
14551,648;73
14552,648;84
14553,648;113
14554,648;114
14555,648;86
14556,648;13195
14557,648;86
14558,648;96
14559,648;77
14560,648;90
14561,648;101
14562,648;13203
14563,648;86
14564,648;70
14565,648;102
14566,648;94
14567,648;90
14568,648;13220
14569,648;81
14570,648;85
14571,648;84
14572,648;94
14573,648;93
14574,648;13210
14575,648;72
14576,648;86
14577,648;93
14578,648;76
14579,648;95
14580,648;13231
14581,648;86
14582,648;92
14583,648;93
14584,648;101
14585,648;94
14586,648;13200
14587,648;74
14588,648;73
14589,648;92
14590,648;82
14591,648;96
14592,648;13221
14593,648;72
14594,648;86
14595,648;82
14596,648;94
14597,648;79
14598,648;13209
14599,648;78
14600,648;75
14601,648;83
14602,648;91
14603,648;93
14604,648;13206
14605,648;92
14606,648;81
14607,648;80
14608,648;88
14609,648;107
14610,648;13190
14611,648;86
14612,648;80
14613,648;99
14614,648;74
14615,648;87
14616,648;13197
14617,648;71
14618,648;86
14619,648;91
14620,648;79
14621,648;99
14622,648;12851
14623,648;72
14624,648;83
14625,648;69
14626,648;86
14627,648;88
14628,648;13126
14629,648;77
14630,648;83
14631,648;75
14632,648;71
14633,648;89
14634,648;13201
14635,648;88
14636,648;88
14637,648;86
14638,648;70
14639,648;88
14640,648;13217
14641,648;76
14642,648;89
14643,648;92
14644,648;86
14645,648;96
14646,648;13157
14647,754;86
14648,754;74
14649,754;70
14650,754;73
14651,754;87
14652,754;13187
14653,754;81
14654,754;77
14655,754;96
14656,754;84
14657,754;79
14658,754;13221
14659,754;92
14660,754;69
14661,754;90
14662,754;76
14663,754;88
14664,754;13219
14665,754;87
14666,754;84
14667,754;89
14668,754;83
14669,754;95
14670,754;13160
14671,754;67
14672,754;75
14673,754;114
14674,754;79
14675,754;103
14676,754;13198
14677,754;90
14678,754;92
14679,754;92
14680,754;78
14681,754;106
14682,754;13205
14683,754;83
14684,754;76
14685,754;74
14686,754;86
14687,754;89
14688,754;13195
14689,754;75
14690,754;80
14691,754;95
14692,754;92
14693,754;86
14694,754;13218
14695,754;80
14696,754;88
14697,754;116
14698,754;96
14699,754;85
14700,754;13202
14701,754;84
14702,754;87
14703,754;102
14704,754;100
14705,754;91
14706,754;13190
14707,754;69
14708,754;92
14709,754;100
14710,754;94
14711,754;108
14712,754;13200
14713,754;80
14714,754;77
14715,754;97
14716,754;114
14717,754;98
14718,754;13200
14719,754;91
14720,754;107
14721,754;71
14722,754;96
14723,754;96
14724,754;13227
14725,754;88
14726,754;92
14727,754;103
14728,754;92
14729,754;107
14730,754;13179
14731,754;80
14732,754;87
14733,754;89
14734,754;76
14735,754;79
14736,754;13237
14737,754;96
14738,754;105
14739,754;103
14740,754;81
14741,754;89
14742,754;13192
14743,754;99
14744,754;101
14745,754;83
14746,754;99
14747,754;97
14748,49;13206
14749,49;77
14750,49;93
14751,49;86
14752,49;86
14753,49;92
14754,49;13215
14755,49;97
14756,49;79
14757,49;95
14758,49;90
14759,49;100
14760,49;13216
14761,49;86
14762,49;90
14763,49;88
14764,49;102
14765,49;103
14766,49;13210
14767,49;94
14768,49;94
14769,49;98
14770,49;84
14771,49;87
14772,49;13200
14773,49;91
14774,49;85
14775,49;114
14776,49;110
14777,49;105
14778,49;13235
14779,49;94
14780,49;112
14781,49;91
14782,49;86
14783,49;102
14784,49;13215
14785,49;78
14786,49;76
14787,49;114
14788,49;94
14789,49;84
14790,49;13229
14791,49;92
14792,49;99
14793,49;104
14794,49;93
14795,49;107
14796,49;13189
14797,49;70
14798,49;83
14799,49;80
14800,49;102
14801,49;118
14802,49;13180
14803,49;92
14804,49;105
14805,49;91
14806,49;95
14807,49;89
14808,49;13244
14809,49;97
14810,49;86
14811,49;106
14812,49;101
14813,49;119
14814,49;13225
14815,49;86
14816,49;101
14817,49;99
14818,49;80
14819,49;114
14820,49;13205
14821,49;80
14822,49;90
14823,49;102
14824,49;86
14825,49;108
14826,49;13225
14827,49;80
14828,49;82
14829,49;84
14830,49;104
14831,49;94
14832,49;13224
14833,49;77
14834,49;98
14835,49;105
14836,49;100
14837,49;110
14838,49;13259
14839,49;77
14840,49;102
14841,49;91
14842,49;73
14843,49;110
14844,49;13241
14845,49;85
14846,49;84
14847,49;114
14848,49;98
14849,49;91
14850,49;13198
14851,49;121
14852,49;89
14853,49;89
14854,49;101
14855,49;92
14856,49;13225
14857,49;82
14858,49;79
14859,49;97
14860,49;107
14861,49;96
14862,49;13197
14863,49;90
14864,49;81
14865,49;97
14866,49;96
14867,49;113
14868,49;13242
14869,49;84
14870,49;93
14871,49;104
14872,49;89
14873,49;99
14874,49;13218
14875,49;107
14876,49;95
14877,49;99
14878,49;91
14879,49;94
14880,49;13237
14881,49;87
14882,49;103
14883,49;93
14884,49;100
14885,49;94
14886,49;13206
14887,49;85
14888,49;119
14889,49;103
14890,49;94
14891,49;111
14892,49;13231
14893,49;84
14894,49;95
14895,49;99
14896,49;115
14897,49;107
14898,49;13249
14899,49;101
14900,49;81
14901,49;86
14902,49;131
14903,49;104
14904,49;13223
14905,49;83
14906,49;108
14907,49;85
14908,49;107
14909,49;115
14910,49;13192
14911,49;84
14912,49;94
14913,49;89
14914,49;90
14915,49;112
14916,49;13236
14917,49;85
14918,49;95
14919,49;115
14920,49;91
14921,49;95
14922,49;13207
14923,49;86
14924,49;97
14925,49;73
14926,49;82
14927,49;118
14928,49;13212
14929,49;93
14930,49;97
14931,49;92
14932,49;105
14933,49;88
14934,49;12917
14935,49;94
14936,49;76
14937,49;102
14938,49;107
14939,49;99
14940,49;13180
14941,49;97
14942,49;99
14943,49;109
14944,49;93
14945,49;92
14946,49;13226
14947,49;78
14948,49;92
14949,49;93
14950,752;89
14951,752;87
14952,752;13237
14953,752;86
14954,752;92
14955,752;97
14956,752;103
14957,752;109
14958,752;13198
14959,752;87
14960,752;88
14961,752;99
14962,752;109
14963,752;99
14964,752;13223
14965,752;85
14966,752;100
14967,752;85
14968,752;92
14969,752;104
14970,752;13220
14971,752;80
14972,752;106
14973,752;70
14974,752;105
14975,752;94
14976,752;13224
14977,752;90
14978,752;101
14979,752;110
14980,752;91
14981,752;92
14982,752;13221
14983,752;88
14984,752;100
14985,752;96
14986,752;96
14987,752;110
14988,752;13201
14989,752;91
14990,752;97
14991,752;88
14992,752;79
14993,752;96
14994,752;13241
14995,752;93
14996,752;85
14997,752;100
14998,752;97
14999,752;104
15000,752;13220
15001,752;91
15002,752;112
15003,752;93
15004,752;100
15005,752;90
15006,752;13237
15007,752;95
15008,752;94
15009,752;101
15010,752;108
15011,752;85
15012,752;13222
15013,752;68
15014,752;98
15015,752;114
15016,752;102
15017,752;72
15018,752;13233
15019,752;114
15020,752;87
15021,752;94
15022,752;109
15023,752;108
15024,752;13211
15025,752;84
15026,752;107
15027,752;93
15028,752;99
15029,752;94
15030,752;13211
15031,752;94
15032,752;100
15033,752;65
15034,752;101
15035,752;96
15036,752;13213
15037,752;93
15038,752;102
15039,752;93
15040,752;91
15041,752;81
15042,752;13252
15043,752;105
15044,752;104
15045,752;86
15046,752;77
15047,752;89
15048,752;13214
15049,752;73
15050,752;99
15051,586;110
15052,586;98
15053,586;86
15054,586;13230
15055,586;87
15056,586;90
15057,586;99
15058,586;96
15059,586;87
15060,586;13202
15061,586;83
15062,586;107
15063,586;105
15064,586;104
15065,586;111
15066,586;13207
15067,586;91
15068,586;92
15069,586;84
15070,586;94
15071,586;95
15072,586;13230
15073,586;90
15074,586;99
15075,586;75
15076,586;107
15077,586;99
15078,586;13228
15079,586;69
15080,586;85
15081,586;86
15082,586;97
15083,586;88
15084,586;13217
15085,586;65
15086,586;94
15087,586;98
15088,586;93
15089,586;95
15090,586;13192
15091,586;80
15092,586;92
15093,586;89
15094,586;98
15095,586;96
15096,586;13194
15097,586;99
15098,586;79
15099,586;105
15100,586;94
15101,586;104
15102,586;13237
15103,586;77
15104,586;84
15105,586;100
15106,586;105
15107,586;105
15108,586;13184
15109,586;77
15110,586;81
15111,586;80
15112,586;120
15113,586;89
15114,586;13244
15115,586;88
15116,586;99
15117,586;98
15118,586;98
15119,586;130
15120,586;13201
15121,586;89
15122,586;92
15123,586;80
15124,586;98
15125,586;97
15126,586;13219
15127,586;69
15128,586;89
15129,586;94
15130,586;87
15131,586;96
15132,586;13226
15133,586;74
15134,586;86
15135,586;86
15136,586;93
15137,586;87
15138,586;13194
15139,586;88
15140,586;90
15141,586;89
15142,586;87
15143,586;103
15144,586;13200
15145,586;85
15146,586;101
15147,586;97
15148,586;91
15149,586;102
15150,586;13184
15151,586;90
15152,679;88
15153,679;100
15154,679;84
15155,679;92
15156,679;13203
15157,679;75
15158,679;103
15159,679;71
15160,679;93
15161,679;97
15162,679;13216
15163,679;97
15164,679;101
15165,679;92
15166,679;84
15167,679;97
15168,679;13194
15169,679;87
15170,679;110
15171,679;95
15172,679;82
15173,679;95
15174,679;13223
15175,679;87
15176,679;78
15177,679;78
15178,679;87
15179,679;104
15180,679;13181
15181,679;92
15182,679;97
15183,679;93
15184,679;90
15185,679;88
15186,679;13180
15187,679;92
15188,679;100
15189,679;100
15190,679;89
15191,679;98
15192,679;13188
15193,679;87
15194,679;65
15195,679;88
15196,679;96
15197,679;104
15198,679;13225
15199,679;90
15200,679;85
15201,679;102
15202,679;103
15203,679;86
15204,679;13203
15205,679;76
15206,679;62
15207,679;87
15208,679;86
15209,679;94
15210,679;13190
15211,679;75
15212,679;81
15213,679;96
15214,679;80
15215,679;102
15216,679;13193
15217,679;74
15218,679;99
15219,679;93
15220,679;94
15221,679;93
15222,679;13208
15223,679;80
15224,679;79
15225,679;97
15226,679;82
15227,679;95
15228,679;13192
15229,679;74
15230,679;73
15231,679;66
15232,679;81
15233,679;75
15234,679;13232
15235,679;89
15236,679;84
15237,679;85
15238,679;95
15239,679;88
15240,679;13192
15241,679;73
15242,679;72
15243,679;82
15244,679;107
15245,679;84
15246,679;12876
15247,679;73
15248,679;79
15249,679;71
15250,679;64
15251,679;81
15252,679;13147
15253,943;62
15254,943;74
15255,943;84
15256,943;66
15257,943;73
15258,943;13220
15259,943;69
15260,943;78
15261,943;87
15262,943;83
15263,943;89
15264,943;13217
15265,943;74
15266,943;98
15267,943;75
15268,943;98
15269,943;97
15270,943;13180
15271,943;79
15272,943;62
15273,943;87
15274,943;71
15275,943;102
15276,943;13241
15277,943;76
15278,943;85
15279,943;80
15280,943;95
15281,943;96
15282,943;13214
15283,943;70
15284,943;79
15285,943;87
15286,943;89
15287,943;114
15288,943;13243
15289,943;98
15290,943;93
15291,943;84
15292,943;89
15293,943;75
15294,943;13217
15295,943;77
15296,943;87
15297,943;99
15298,943;95
15299,943;81
15300,943;13229
15301,943;103
15302,943;82
15303,943;99
15304,943;96
15305,943;99
15306,943;13228
15307,943;90
15308,943;92
15309,943;92
15310,943;102
15311,943;86
15312,943;13205
15313,943;68
15314,943;82
15315,943;100
15316,943;105
15317,943;108
15318,943;13234
15319,943;79
15320,943;71
15321,943;83
15322,943;106
15323,943;99
15324,943;13245
15325,943;75
15326,943;90
15327,943;78
15328,943;95
15329,943;73
15330,943;13199
15331,943;67
15332,943;94
15333,943;93
15334,943;94
15335,943;98
15336,943;13206
15337,943;80
15338,943;84
15339,943;103
15340,943;95
15341,943;99
15342,943;13237
15343,943;70
15344,943;99
15345,943;91
15346,943;93
15347,943;81
15348,943;13192
15349,943;74
15350,943;86
15351,943;104
15352,943;82
15353,943;107
15354,943;13213
15355,943;85
15356,943;86
15357,943;87
15358,943;101
15359,943;92
15360,943;13230
15361,943;76
15362,943;84
15363,943;105
15364,943;110
15365,943;99
15366,943;13190
15367,943;76
15368,943;106
15369,943;86
15370,943;106
15371,943;91
15372,943;13197
15373,943;86
15374,943;91
15375,943;80
15376,943;89
15377,943;102
15378,943;13196
15379,943;71
15380,943;106
15381,943;69
15382,943;100
15383,943;98
15384,943;13209
15385,943;93
15386,943;101
15387,943;90
15388,943;105
15389,943;103
15390,943;13181
15391,943;74
15392,943;86
15393,943;100
15394,943;78
15395,943;90
15396,943;13177
15397,943;83
15398,943;106
15399,943;104
15400,943;95
15401,943;97
15402,943;13226
15403,943;88
15404,943;112
15405,943;96
15406,943;97
15407,943;95
15408,943;13218
15409,943;79
15410,943;83
15411,943;106
15412,943;93
15413,943;117
15414,943;13200
15415,943;92
15416,943;92
15417,943;111
15418,943;66
15419,943;109
15420,943;13220
15421,943;77
15422,943;101
15423,943;101
15424,943;108
15425,943;88
15426,943;13235
15427,943;78
15428,943;93
15429,943;122
15430,943;100
15431,943;92
15432,943;13220
15433,943;86
15434,943;70
15435,943;94
15436,943;84
15437,943;104
15438,943;13189
15439,943;55
15440,943;108
15441,943;83
15442,943;97
15443,943;112
15444,943;13238
15445,943;100
15446,943;79
15447,943;116
15448,943;102
15449,943;88
15450,943;13203
15451,943;84
15452,943;85
15453,943;102
15454,943;90
15456,293;96
15457,293;13205
15458,293;80
15459,293;86
15460,293;93
15461,293;101
15462,293;100
15463,293;13208
15464,293;86
15465,293;91
15466,293;89
15467,293;96
15468,293;94
15469,293;13218
15470,293;91
15471,293;105
15472,293;92
15473,293;103
15474,293;114
15475,293;13239
15476,293;96
15477,293;91
15478,293;104
15479,293;86
15480,293;107
15481,293;13226
15482,293;93
15483,293;79
15484,293;84
15485,293;97
15486,293;110
15487,293;13186
15488,293;89
15489,293;89
15490,293;95
15491,293;115
15492,293;100
15493,293;13249
15494,293;82
15495,293;113
15496,293;94
15497,293;109
15498,293;85
15499,293;13237
15500,293;89
15501,293;105
15502,293;92
15503,293;113
15504,293;116
15505,293;13211
15506,293;93
15507,293;90
15508,293;102
15509,293;115
15510,293;99
15511,293;13222
15512,293;94
15513,293;89
15514,293;83
15515,293;104
15516,293;98
15517,293;13230
15518,293;105
15519,293;88
15520,293;105
15521,293;96
15522,293;99
15523,293;13253
15524,293;88
15525,293;95
15526,293;91
15527,293;85
15528,293;96
15529,293;13226
15530,293;92
15531,293;98
15532,293;81
15533,293;110
15534,293;109
15535,293;13193
15536,293;108
15537,293;93
15538,293;114
15539,293;109
15540,293;110
15541,293;13220
15542,293;101
15543,293;101
15544,293;99
15545,293;111
15546,293;104
15547,293;13217
15548,293;89
15549,293;107
15550,293;114
15551,293;88
15552,293;95
15553,293;13211
15554,293;111
15555,293;98
15556,293;104
15557,208;87
15558,208;104
15559,208;12872
15560,208;88
15561,208;90
15562,208;105
15563,208;106
15564,208;92
15565,208;13159
15566,208;100
15567,208;84
15568,208;91
15569,208;102
15570,208;106
15571,208;13217
15572,208;93
15573,208;83
15574,208;101
15575,208;108
15576,208;111
15577,208;13252
15578,208;92
15579,208;89
15580,208;95
15581,208;106
15582,208;111
15583,208;13202
15584,208;94
15585,208;95
15586,208;102
15587,208;105
15588,208;99
15589,208;13248
15590,208;93
15591,208;104
15592,208;98
15593,208;96
15594,208;108
15595,208;13224
15596,208;73
15597,208;95
15598,208;109
15599,208;69
15600,208;110
15601,208;13209
15602,208;92
15603,208;97
15604,208;107
15605,208;85
15606,208;114
15607,208;13233
15608,208;78
15609,208;99
15610,208;98
15611,208;99
15612,208;118
15613,208;13242
15614,208;79
15615,208;90
15616,208;116
15617,208;107
15618,208;119
15619,208;13219
15620,208;86
15621,208;88
15622,208;101
15623,208;106
15624,208;85
15625,208;13207
15626,208;85
15627,208;91
15628,208;114
15629,208;96
15630,208;126
15631,208;13222
15632,208;97
15633,208;91
15634,208;90
15635,208;114
15636,208;79
15637,208;13227
15638,208;85
15639,208;102
15640,208;91
15641,208;105
15642,208;96
15643,208;13201
15644,208;69
15645,208;87
15646,208;112
15647,208;110
15648,208;88
15649,208;13214
15650,208;95
15651,208;99
15652,208;93
15653,208;90
15654,208;110
15655,208;13229
15656,208;92
15657,208;106
15658,141;105
15659,141;97
15660,141;98
15661,141;13185
15662,141;93
15663,141;84
15664,141;100
15665,141;89
15666,141;89
15667,141;13220
15668,141;69
15669,141;88
15670,141;99
15671,141;106
15672,141;113
15673,141;13207
15674,141;95
15675,141;99
15676,141;103
15677,141;102
15678,141;94
15679,141;13207
15680,141;83
15681,141;103
15682,141;102
15683,141;91
15684,141;96
15685,141;13212
15686,141;83
15687,141;104
15688,141;107
15689,141;94
15690,141;109
15691,141;13161
15692,141;90
15693,141;77
15694,141;102
15695,141;108
15696,141;89
15697,141;13205
15698,141;82
15699,141;92
15700,141;93
15701,141;92
15702,141;115
15703,141;13193
15704,141;94
15705,141;84
15706,141;94
15707,141;105
15708,141;86
15709,141;13219
15710,141;71
15711,141;90
15712,141;96
15713,141;93
15714,141;112
15715,141;13209
15716,141;66
15717,141;84
15718,141;93
15719,141;81
15720,141;103
15721,141;13196
15722,141;104
15723,141;94
15724,141;86
15725,141;113
15726,141;93
15727,141;13167
15728,141;86
15729,141;103
15730,141;97
15731,141;87
15732,141;99
15733,141;13232
15734,141;92
15735,141;70
15736,141;100
15737,141;93
15738,141;113
15739,141;13268
15740,141;104
15741,141;85
15742,141;89
15743,141;90
15744,141;95
15745,141;13204
15746,141;102
15747,141;88
15748,141;83
15749,141;92
15750,141;92
15751,141;13196
15752,141;94
15753,141;79
15754,141;94
15755,141;113
15756,141;82
15757,141;13216
15758,141;86
15759,254;84
15760,254;93
15761,254;97
15762,254;75
15763,254;13228
15764,254;96
15765,254;102
15766,254;87
15767,254;95
15768,254;103
15769,254;13192
15770,254;86
15771,254;86
15772,254;81
15773,254;96
15774,254;95
15775,254;13229
15776,254;93
15777,254;92
15778,254;106
15779,254;75
15780,254;80
15781,254;13218
15782,254;70
15783,254;86
15784,254;81
15785,254;103
15786,254;98
15787,254;13194
15788,254;100
15789,254;89
15790,254;90
15791,254;88
15792,254;91
15793,254;13212
15794,254;78
15795,254;74
15796,254;80
15797,254;84
15798,254;110
15799,254;13246
15800,254;75
15801,254;84
15802,254;90
15803,254;86
15804,254;94
15805,254;13172
15806,254;89
15807,254;86
15808,254;74
15809,254;88
15810,254;78
15811,254;13202
15812,254;92
15813,254;86
15814,254;92
15815,254;98
15816,254;110
15817,254;13239
15818,254;73
15819,254;81
15820,254;101
15821,254;77
15822,254;87
15823,254;13200
15824,254;77
15825,254;86
15826,254;88
15827,254;81
15828,254;102
15829,254;13220
15830,254;87
15831,254;82
15832,254;82
15833,254;88
15834,254;90
15835,254;13224
15836,254;77
15837,254;62
15838,254;86
15839,254;83
15840,254;76
15841,254;13226
15842,254;65
15843,254;79
15844,254;84
15845,254;87
15846,254;97
15847,254;13209
15848,254;81
15849,254;93
15850,254;95
15851,254;75
15852,254;89
15853,254;13223
15854,254;72
15855,254;67
15856,254;71
15857,254;80
15858,254;87
15859,254;13192
15860,254;57
15861,254;89
15862,254;80
15863,254;96
15864,254;97
15865,254;13213
15866,254;75
15867,254;68
15868,254;92
15869,254;79
15870,254;92
15871,254;12875
15872,254;83
15873,254;72
15874,254;79
15875,254;83
15876,254;91
15877,254;13113
15878,254;85
15879,254;64
15880,254;78
15881,254;104
15882,254;93
15883,254;13199
15884,254;71
15885,254;86
15886,254;76
15887,254;86
15888,254;71
15889,254;13164
15890,254;98
15891,254;95
15892,254;80
15893,254;80
15894,254;106
15895,254;13205
15896,254;83
15897,254;74
15898,254;93
15899,254;83
15900,254;96
15901,254;13208
15902,254;63
15903,254;78
15904,254;75
15905,254;79
15906,254;83
15907,254;13203
15908,254;75
15909,254;98
15910,254;104
15911,254;104
15912,254;85
15913,254;13185
15914,254;77
15915,254;79
15916,254;67
15917,254;86
15918,254;89
15919,254;13229
15920,254;84
15921,254;91
15922,254;88
15923,254;83
15924,254;99
15925,254;13205
15926,254;70
15927,254;94
15928,254;96
15929,254;95
15930,254;84
15931,254;13185
15932,254;73
15933,254;86
15934,254;117
15935,254;101
15936,254;88
15937,254;13214
15938,254;88
15939,254;94
15940,254;82
15941,254;91
15942,254;85
15943,254;13193
15944,254;83
15945,254;77
15946,254;87
15947,254;96
15948,254;86
15949,254;13186
15950,254;72
15951,254;99
15952,254;101
15953,254;93
15954,254;84
15955,254;13213
15956,254;81
15957,254;73
15958,254;80
15959,254;102
15960,254;96
15959,872;13203
15960,872;85
15961,872;79
15962,872;94
15963,872;90
15964,872;98
15965,872;13221
15966,872;82
15967,872;102
15968,872;83
15969,872;83
15970,872;86
15971,872;13218
15972,872;83
15973,872;110
15974,872;95
15975,872;69
15976,872;93
15977,872;13200
15978,872;85
15979,872;94
15980,872;92
15981,872;78
15982,872;88
15983,872;13222
15984,872;78
15985,872;86
15986,872;99
15987,872;113
15988,872;101
15989,872;13226
15990,872;85
15991,872;97
15992,872;97
15993,872;85
15994,872;110
15995,872;13223
15996,872;83
15997,872;77
15998,872;92
15999,872;105
16000,872;102
16001,872;13189
16002,872;86
16003,872;98
16004,872;100
16005,872;95
16006,872;89
16007,872;13218
16008,872;90
16009,872;107
16010,872;93
16011,872;89
16012,872;104
16013,872;13196
16014,872;91
16015,872;81
16016,872;86
16017,872;96
16018,872;81
16019,872;13233
16020,872;82
16021,872;77
16022,872;96
16023,872;105
16024,872;79
16025,872;13220
16026,872;85
16027,872;83
16028,872;89
16029,872;90
16030,872;85
16031,872;13226
16032,872;85
16033,872;84
16034,872;98
16035,872;114
16036,872;104
16037,872;13211
16038,872;81
16039,872;85
16040,872;102
16041,872;121
16042,872;103
16043,872;13220
16044,872;96
16045,872;95
16046,872;90
16047,872;106
16048,872;100
16049,872;13216
16050,872;88
16051,872;99
16052,872;109
16053,872;79
16054,872;112
16055,872;13243
16056,872;91
16057,872;86
16058,872;78
16059,872;106
16060,649;99
16061,649;13221
16062,649;95
16063,649;80
16064,649;88
16065,649;102
16066,649;94
16067,649;13203
16068,649;81
16069,649;99
16070,649;99
16071,649;121
16072,649;106
16073,649;13178
16074,649;92
16075,649;111
16076,649;98
16077,649;97
16078,649;95
16079,649;13215
16080,649;93
16081,649;81
16082,649;99
16083,649;93
16084,649;82
16085,649;13211
16086,649;98
16087,649;98
16088,649;102
16089,649;92
16090,649;95
16091,649;13235
16092,649;82
16093,649;102
16094,649;97
16095,649;106
16096,649;113
16097,649;13211
16098,649;98
16099,649;99
16100,649;86
16101,649;105
16102,649;94
16103,649;13209
16104,649;91
16105,649;88
16106,649;84
16107,649;86
16108,649;94
16109,649;13207
16110,649;65
16111,649;92
16112,649;84
16113,649;98
16114,649;106
16115,649;13233
16116,649;93
16117,649;84
16118,649;95
16119,649;99
16120,649;101
16121,649;13227
16122,649;95
16123,649;107
16124,649;89
16125,649;98
16126,649;121
16127,649;13231
16128,649;91
16129,649;88
16130,649;112
16131,649;94
16132,649;108
16133,649;13250
16134,649;97
16135,649;95
16136,649;114
16137,649;105
16138,649;98
16139,649;13212
16140,649;78
16141,649;93
16142,649;86
16143,649;92
16144,649;112
16145,649;13204
16146,649;87
16147,649;95
16148,649;102
16149,649;113
16150,649;116
16151,649;13184
16152,649;98
16153,649;96
16154,649;89
16155,649;99
16156,649;98
16157,649;13240
16158,649;99
16159,649;97
16160,649;88
16162,89;89
16163,89;99
16164,89;13242
16165,89;104
16166,89;92
16167,89;113
16168,89;107
16169,89;100
16170,89;13212
16171,89;84
16172,89;93
16173,89;89
16174,89;88
16175,89;120
16176,89;13232
16177,89;71
16178,89;85
16179,89;104
16180,89;97
16181,89;97
16182,89;12906
16183,89;98
16184,89;103
16185,89;106
16186,89;89
16187,89;91
16188,89;13168
16189,89;84
16190,89;94
16191,89;95
16192,89;104
16193,89;123
16194,89;13206
16195,89;83
16196,89;101
16197,89;109
16198,89;99
16199,89;96
16200,89;13227
16201,89;99
16202,89;71
16203,89;105
16204,89;97
16205,89;104
16206,89;13263
16207,89;77
16208,89;97
16209,89;103
16210,89;101
16211,89;113
16212,89;13225
16213,89;80
16214,89;84
16215,89;94
16216,89;101
16217,89;109
16218,89;13208
16219,89;76
16220,89;94
16221,89;90
16222,89;112
16223,89;98
16224,89;13219
16225,89;86
16226,89;85
16227,89;92
16228,89;96
16229,89;122
16230,89;13196
16231,89;83
16232,89;91
16233,89;99
16234,89;91
16235,89;78
16236,89;13199
16237,89;76
16238,89;101
16239,89;107
16240,89;111
16241,89;100
16242,89;13236
16243,89;100
16244,89;98
16245,89;89
16246,89;88
16247,89;93
16248,89;13198
16249,89;90
16250,89;77
16251,89;103
16252,89;95
16253,89;95
16254,89;13254
16255,89;91
16256,89;109
16257,89;93
16258,89;95
16259,89;102
16260,89;13248
16261,89;83
16262,89;91
16263,659;85
16264,659;103
16265,659;102
16266,659;13221
16267,659;80
16268,659;73
16269,659;102
16270,659;102
16271,659;88
16272,659;13199
16273,659;97
16274,659;90
16275,659;87
16276,659;104
16277,659;106
16278,659;13202
16279,659;94
16280,659;82
16281,659;116
16282,659;95
16283,659;95
16284,659;13244
16285,659;86
16286,659;90
16287,659;99
16288,659;92
16289,659;102
16290,659;13218
16291,659;89
16292,659;97
16293,659;105
16294,659;95
16295,659;104
16296,659;13222
16297,659;92
16298,659;92
16299,659;84
16300,659;91
16301,659;75
16302,659;13219
16303,659;93
16304,659;107
16305,659;123
16306,659;104
16307,659;108
16308,659;13212
16309,659;88
16310,659;86
16311,659;98
16312,659;90
16313,659;99
16314,659;13230
16315,659;82
16316,659;98
16317,659;92
16318,659;110
16319,659;73
16320,659;13208
16321,659;94
16322,659;87
16323,659;105
16324,659;79
16325,659;89
16326,659;13213
16327,659;76
16328,659;86
16329,659;97
16330,659;103
16331,659;103
16332,659;13182
16333,659;86
16334,659;74
16335,659;96
16336,659;87
16337,659;96
16338,659;13226
16339,659;65
16340,659;80
16341,659;97
16342,659;104
16343,659;104
16344,659;13197
16345,659;101
16346,659;86
16347,659;105
16348,659;94
16349,659;103
16350,659;13198
16351,659;85
16352,659;93
16353,659;84
16354,659;77
16355,659;89
16356,659;13210
16357,659;79
16358,659;87
16359,659;93
16360,659;83
16361,659;105
16362,659;13204
16363,659;92
16364,659;104
16365,659;94
16366,659;106
16367,659;94
16368,659;13244
16369,659;84
16370,659;78
16371,659;90
16372,659;81
16373,659;91
16374,659;13204
16375,659;80
16376,659;88
16377,659;76
16378,659;118
16379,659;81
16380,659;13198
16381,659;86
16382,659;94
16383,659;89
16384,659;92
16385,659;114
16386,659;13196
16387,659;79
16388,659;86
16389,659;92
16390,659;87
16391,659;95
16392,659;13199
16393,659;85
16394,659;91
16395,659;87
16396,659;92
16397,659;86
16398,659;13191
16399,659;80
16400,659;84
16401,659;85
16402,659;100
16403,659;93
16404,659;13244
16405,659;96
16406,659;100
16407,659;99
16408,659;90
16409,659;83
16410,659;13195
16411,659;83
16412,659;70
16413,659;97
16414,659;102
16415,659;85
16416,659;13208
16417,659;83
16418,659;86
16419,659;97
16420,659;95
16421,659;116
16422,659;13211
16423,659;89
16424,659;68
16425,659;83
16426,659;100
16427,659;96
16428,659;13230
16429,659;88
16430,659;85
16431,659;106
16432,659;74
16433,659;97
16434,659;13232
16435,659;82
16436,659;79
16437,659;78
16438,659;83
16439,659;93
16440,659;13226
16441,659;92
16442,659;78
16443,659;61
16444,659;95
16445,659;92
16446,659;13192
16447,659;90
16448,659;76
16449,659;102
16450,659;96
16451,659;87
16452,659;13215
16453,659;91
16454,659;87
16455,659;96
16456,659;89
16457,659;84
16458,659;13238
16459,659;76
16460,659;79
16461,659;87
16462,659;78
16463,659;105
16464,659;13223
16466,319;75
16467,319;73
16468,319;86
16469,319;91
16470,319;85
16471,319;13190
16472,319;85
16473,319;102
16474,319;81
16475,319;66
16476,319;101
16477,319;13242
16478,319;80
16479,319;72
16480,319;73
16481,319;76
16482,319;89
16483,319;13198
16484,319;71
16485,319;79
16486,319;70
16487,319;84
16488,319;71
16489,319;13208
16490,319;97
16491,319;74
16492,319;74
16493,319;73
16494,319;94
16495,319;12868
16496,319;80
16497,319;77
16498,319;76
16499,319;79
16500,319;77
16501,319;13146
16502,319;76
16503,319;87
16504,319;99
16505,319;87
16506,319;83
16507,319;13192
16508,319;80
16509,319;72
16510,319;81
16511,319;85
16512,319;104
16513,319;13190
16514,319;78
16515,319;99
16516,319;93
16517,319;75
16518,319;101
16519,319;13200
16520,319;80
16521,319;86
16522,319;88
16523,319;112
16524,319;115
16525,319;13177
16526,319;89
16527,319;74
16528,319;100
16529,319;71
16530,319;83
16531,319;13188
16532,319;91
16533,319;89
16534,319;71
16535,319;95
16536,319;75
16537,319;13221
16538,319;75
16539,319;67
16540,319;84
16541,319;97
16542,319;80
16543,319;13230
16544,319;90
16545,319;83
16546,319;91
16547,319;76
16548,319;101
16549,319;13208
16550,319;80
16551,319;107
16552,319;88
16553,319;84
16554,319;75
16555,319;13253
16556,319;80
16557,319;94
16558,319;83
16559,319;99
16560,319;100
16561,319;13208
16562,319;84
16563,319;78
16564,319;95
16565,319;93
16566,319;84
16566,464;13205
16567,464;78
16568,464;83
16569,464;94
16570,464;89
16571,464;95
16572,464;13190
16573,464;75
16574,464;111
16575,464;109
16576,464;90
16577,464;111
16578,464;13212
16579,464;70
16580,464;92
16581,464;100
16582,464;82
16583,464;75
16584,464;13182
16585,464;77
16586,464;82
16587,464;87
16588,464;102
16589,464;93
16590,464;13211
16591,464;103
16592,464;87
16593,464;88
16594,464;81
16595,464;108
16596,464;13190
16597,464;90
16598,464;94
16599,464;98
16600,464;106
16601,464;87
16602,464;13163
16603,464;80
16604,464;97
16605,464;78
16606,464;76
16607,464;104
16608,464;13239
16609,464;91
16610,464;89
16611,464;88
16612,464;90
16613,464;97
16614,464;13231
16615,464;91
16616,464;83
16617,464;98
16618,464;108
16619,464;119
16620,464;13255
16621,464;75
16622,464;101
16623,464;81
16624,464;95
16625,464;88
16626,464;13221
16627,464;89
16628,464;95
16629,464;85
16630,464;114
16631,464;80
16632,464;13208
16633,464;84
16634,464;97
16635,464;73
16636,464;87
16637,464;96
16638,464;13204
16639,464;92
16640,464;101
16641,464;99
16642,464;94
16643,464;114
16644,464;13192
16645,464;92
16646,464;96
16647,464;87
16648,464;97
16649,464;86
16650,464;13229
16651,464;78
16652,464;65
16653,464;86
16654,464;83
16655,464;97
16656,464;13188
16657,464;70
16658,464;99
16659,464;93
16660,464;98
16661,464;86
16662,464;13209
16663,464;87
16664,464;89
16665,464;102
16666,464;100
16668,447;91
16669,447;13183
16670,447;85
16671,447;85
16672,447;90
16673,447;97
16674,447;106
16675,447;13248
16676,447;76
16677,447;85
16678,447;91
16679,447;104
16680,447;103
16681,447;13179
16682,447;87
16683,447;94
16684,447;91
16685,447;114
16686,447;83
16687,447;13178
16688,447;94
16689,447;95
16690,447;99
16691,447;105
16692,447;93
16693,447;13196
16694,447;91
16695,447;76
16696,447;99
16697,447;111
16698,447;90
16699,447;13198
16700,447;84
16701,447;94
16702,447;101
16703,447;91
16704,447;113
16705,447;13174
16706,447;102
16707,447;77
16708,447;104
16709,447;111
16710,447;103
16711,447;13230
16712,447;89
16713,447;103
16714,447;95
16715,447;97
16716,447;93
16717,447;13224
16718,447;86
16719,447;93
16720,447;95
16721,447;115
16722,447;92
16723,447;13229
16724,447;76
16725,447;94
16726,447;94
16727,447;110
16728,447;89
16729,447;13246
16730,447;102
16731,447;113
16732,447;96
16733,447;92
16734,447;85
16735,447;13209
16736,447;90
16737,447;83
16738,447;108
16739,447;96
16740,447;105
16741,447;13247
16742,447;98
16743,447;83
16744,447;107
16745,447;107
16746,447;120
16747,447;13221
16748,447;94
16749,447;95
16750,447;105
16751,447;103
16752,447;114
16753,447;13201
16754,447;74
16755,447;92
16756,447;102
16757,447;105
16758,447;104
16759,447;13228
16760,447;77
16761,447;108
16762,447;95
16763,447;99
16764,447;92
16765,447;13237
16766,447;83
16767,447;97
16768,447;84
16769,382;88
16770,382;95
16771,382;13189
16772,382;89
16773,382;86
16774,382;88
16775,382;74
16776,382;124
16777,382;13209
16778,382;103
16779,382;110
16780,382;88
16781,382;81
16782,382;101
16783,382;13210
16784,382;113
16785,382;117
16786,382;117
16787,382;111
16788,382;117
16789,382;13223
16790,382;93
16791,382;91
16792,382;125
16793,382;106
16794,382;96
16795,382;13206
16796,382;88
16797,382;82
16798,382;92
16799,382;97
16800,382;93
16801,382;13227
16802,382;85
16803,382;102
16804,382;124
16805,382;73
16806,382;87
16807,382;12894
16808,382;78
16809,382;100
16810,382;82
16811,382;107
16812,382;107
16813,382;13167
16814,382;85
16815,382;108
16816,382;102
16817,382;105
16818,382;100
16819,382;13234
16820,382;92
16821,382;91
16822,382;94
16823,382;88
16824,382;107
16825,382;13210
16826,382;81
16827,382;98
16828,382;105
16829,382;85
16830,382;113
16831,382;13180
16832,382;89
16833,382;106
16834,382;105
16835,382;85
16836,382;89
16837,382;13242
16838,382;95
16839,382;71
16840,382;96
16841,382;88
16842,382;106
16843,382;13220
16844,382;98
16845,382;99
16846,382;102
16847,382;105
16848,382;107
16849,382;13189
16850,382;93
16851,382;96
16852,382;88
16853,382;89
16854,382;102
16855,382;13242
16856,382;94
16857,382;79
16858,382;87
16859,382;116
16860,382;86
16861,382;13246
16862,382;91
16863,382;112
16864,382;88
16865,382;91
16866,382;91
16867,382;13232
16868,382;91
16869,382;95
16869,11;102
16870,11;104
16871,11;102
16872,11;13234
16873,11;87
16874,11;92
16875,11;90
16876,11;83
16877,11;94
16878,11;13213
16879,11;85
16880,11;95
16881,11;105
16882,11;85
16883,11;103
16884,11;13219
16885,11;79
16886,11;81
16887,11;108
16888,11;89
16889,11;89
16890,11;13181
16891,11;90
16892,11;92
16893,11;109
16894,11;104
16895,11;93
16896,11;13216
16897,11;94
16898,11;89
16899,11;97
16900,11;107
16901,11;107
16902,11;13200
16903,11;87
16904,11;89
16905,11;96
16906,11;82
16907,11;106
16908,11;13202
16909,11;80
16910,11;80
16911,11;94
16912,11;88
16913,11;99
16914,11;13228
16915,11;66
16916,11;84
16917,11;117
16918,11;87
16919,11;107
16920,11;13193
16921,11;84
16922,11;87
16923,11;94
16924,11;122
16925,11;108
16926,11;13190
16927,11;84
16928,11;88
16929,11;87
16930,11;95
16931,11;108
16932,11;13243
16933,11;75
16934,11;98
16935,11;89
16936,11;103
16937,11;93
16938,11;13177
16939,11;98
16940,11;95
16941,11;104
16942,11;105
16943,11;99
16944,11;13245
16945,11;74
16946,11;95
16947,11;97
16948,11;88
16949,11;101
16950,11;13204
16951,11;88
16952,11;97
16953,11;95
16954,11;98
16955,11;109
16956,11;13215
16957,11;95
16958,11;91
16959,11;99
16960,11;108
16961,11;91
16962,11;13210
16963,11;75
16964,11;82
16965,11;92
16966,11;101
16967,11;104
16968,11;13197
16969,11;76
16970,11;87
16971,11;107
16972,11;97
16973,11;99
16974,11;13212
16975,11;80
16976,11;84
16977,11;100
16978,11;93
16979,11;80
16980,11;13261
16981,11;87
16982,11;123
16983,11;107
16984,11;105
16985,11;109
16986,11;13188
16987,11;86
16988,11;88
16989,11;80
16990,11;76
16991,11;98
16992,11;13210
16993,11;86
16994,11;85
16995,11;94
16996,11;92
16997,11;93
16998,11;13174
16999,11;99
17000,11;89
17001,11;106
17002,11;108
17003,11;86
17004,11;13233
17005,11;84
17006,11;93
17007,11;96
17008,11;83
17009,11;112
17010,11;13208
17011,11;111
17012,11;92
17013,11;86
17014,11;93
17015,11;94
17016,11;13207
17017,11;82
17018,11;102
17019,11;85
17020,11;100
17021,11;96
17022,11;13221
17023,11;75
17024,11;93
17025,11;90
17026,11;112
17027,11;113
17028,11;13234
17029,11;70
17030,11;98
17031,11;85
17032,11;87
17033,11;111
17034,11;13157
17035,11;75
17036,11;87
17037,11;84
17038,11;105
17039,11;71
17040,11;13200
17041,11;83
17042,11;81
17043,11;86
17044,11;104
17045,11;94
17046,11;13164
17047,11;82
17048,11;82
17049,11;95
17050,11;79
17051,11;91
17052,11;13196
17053,11;108
17054,11;91
17055,11;92
17056,11;81
17057,11;105
17058,11;13254
17059,11;79
17060,11;89
17061,11;95
17062,11;92
17063,11;93
17064,11;13209
17065,11;74
17066,11;91
17067,11;102
17068,11;86
17069,11;88
17070,11;13202
17070,733;82
17071,733;86
17072,733;91
17073,733;100
17074,733;88
17075,733;13215
17076,733;83
17077,733;85
17078,733;91
17079,733;102
17080,733;88
17081,733;13178
17082,733;67
17083,733;92
17084,733;95
17085,733;73
17086,733;99
17087,733;13212
17088,733;77
17089,733;77
17090,733;82
17091,733;95
17092,733;90
17093,733;13206
17094,733;89
17095,733;98
17096,733;89
17097,733;93
17098,733;91
17099,733;13231
17100,733;82
17101,733;84
17102,733;77
17103,733;90
17104,733;80
17105,733;13212
17106,733;95
17107,733;99
17108,733;66
17109,733;81
17110,733;82
17111,733;13169
17112,733;83
17113,733;77
17114,733;90
17115,733;88
17116,733;92
17117,733;12867
17118,733;67
17119,733;102
17120,733;83
17121,733;77
17122,733;71
17123,733;13114
17124,733;72
17125,733;75
17126,733;86
17127,733;83
17128,733;89
17129,733;13171
17130,733;93
17131,733;84
17132,733;79
17133,733;73
17134,733;80
17135,733;13190
17136,733;84
17137,733;84
17138,733;69
17139,733;85
17140,733;77
17141,733;13193
17142,733;94
17143,733;87
17144,733;78
17145,733;90
17146,733;98
17147,733;13163
17148,733;76
17149,733;88
17150,733;89
17151,733;91
17152,733;95
17153,733;13221
17154,733;76
17155,733;77
17156,733;92
17157,733;92
17158,733;80
17159,733;13218
17160,733;75
17161,733;85
17162,733;80
17163,733;83
17164,733;76
17165,733;13202
17166,733;74
17167,733;97
17168,733;89
17169,733;84
17170,733;79
17173,234;13196
17174,234;103
17175,234;93
17176,234;88
17177,234;104
17178,234;83
17179,234;13213
17180,234;69
17181,234;78
17182,234;83
17183,234;86
17184,234;98
17185,234;13196
17186,234;95
17187,234;90
17188,234;94
17189,234;90
17190,234;84
17191,234;13194
17192,234;93
17193,234;100
17194,234;87
17195,234;100
17196,234;102
17197,234;13209
17198,234;99
17199,234;81
17200,234;93
17201,234;105
17202,234;91
17203,234;13212
17204,234;75
17205,234;90
17206,234;97
17207,234;95
17208,234;98
17209,234;13231
17210,234;96
17211,234;97
17212,234;96
17213,234;104
17214,234;83
17215,234;13204
17216,234;87
17217,234;79
17218,234;85
17219,234;86
17220,234;103
17221,234;13217
17222,234;84
17223,234;82
17224,234;95
17225,234;96
17226,234;92
17227,234;13179
17228,234;85
17229,234;87
17230,234;83
17231,234;94
17232,234;106
17233,234;13208
17234,234;83
17235,234;63
17236,234;110
17237,234;110
17238,234;75
17239,234;13188
17240,234;101
17241,234;90
17242,234;82
17243,234;102
17244,234;88
17245,234;13195
17246,234;94
17247,234;74
17248,234;94
17249,234;103
17250,234;78
17251,234;13194
17252,234;108
17253,234;92
17254,234;94
17255,234;91
17256,234;111
17257,234;13229
17258,234;95
17259,234;102
17260,234;89
17261,234;114
17262,234;82
17263,234;13159
17264,234;88
17265,234;87
17266,234;76
17267,234;108
17268,234;93
17269,234;13208
17270,234;97
17271,234;83
17272,234;85
17273,234;99
17273,974;100
17274,974;13186
17275,974;104
17276,974;82
17277,974;84
17278,974;100
17279,974;97
17280,974;13223
17281,974;84
17282,974;98
17283,974;83
17284,974;106
17285,974;94
17286,974;13212
17287,974;98
17288,974;98
17289,974;73
17290,974;114
17291,974;89
17292,974;13219
17293,974;95
17294,974;96
17295,974;95
17296,974;94
17297,974;102
17298,974;13230
17299,974;99
17300,974;88
17301,974;97
17302,974;106
17303,974;89
17304,974;13211
17305,974;81
17306,974;76
17307,974;97
17308,974;87
17309,974;94
17310,974;13223
17311,974;97
17312,974;95
17313,974;105
17314,974;95
17315,974;104
17316,974;13215
17317,974;75
17318,974;86
17319,974;82
17320,974;98
17321,974;88
17322,974;13229
17323,974;95
17324,974;102
17325,974;91
17326,974;102
17327,974;101
17328,974;13242
17329,974;83
17330,974;107
17331,974;91
17332,974;105
17333,974;122
17334,974;13194
17335,974;93
17336,974;89
17337,974;94
17338,974;92
17339,974;100
17340,974;13215
17341,974;91
17342,974;97
17343,974;101
17344,974;111
17345,974;98
17346,974;13221
17347,974;89
17348,974;99
17349,974;101
17350,974;89
17351,974;104
17352,974;13226
17353,974;84
17354,974;82
17355,974;69
17356,974;96
17357,974;102
17358,974;13227
17359,974;88
17360,974;93
17361,974;110
17362,974;103
17363,974;122
17364,974;13233
17365,974;85
17366,974;96
17367,974;76
17368,974;100
17369,974;95
17370,974;13172
17371,974;83
17372,974;102
17373,974;93
17374,122;103
17375,122;98
17376,122;13203
17377,122;81
17378,122;96
17379,122;101
17380,122;108
17381,122;119
17382,122;13183
17383,122;78
17384,122;79
17385,122;94
17386,122;119
17387,122;98
17388,122;13211
17389,122;97
17390,122;83
17391,122;91
17392,122;129
17393,122;98
17394,122;13197
17395,122;87
17396,122;72
17397,122;104
17398,122;103
17399,122;106
17400,122;13207
17401,122;77
17402,122;93
17403,122;86
17404,122;108
17405,122;104
17406,122;13204
17407,122;66
17408,122;102
17409,122;106
17410,122;104
17411,122;98
17412,122;13209
17413,122;92
17414,122;112
17415,122;105
17416,122;87
17417,122;106
17418,122;13205
17419,122;75
17420,122;75
17421,122;95
17422,122;95
17423,122;113
17424,122;13217
17425,122;86
17426,122;78
17427,122;110
17428,122;85
17429,122;104
17430,122;12892
17431,122;83
17432,122;99
17433,122;112
17434,122;94
17435,122;88
17436,122;13153
17437,122;91
17438,122;98
17439,122;109
17440,122;95
17441,122;99
17442,122;13221
17443,122;92
17444,122;92
17445,122;91
17446,122;105
17447,122;101
17448,122;13198
17449,122;101
17450,122;108
17451,122;108
17452,122;95
17453,122;95
17454,122;13247
17455,122;108
17456,122;95
17457,122;91
17458,122;95
17459,122;116
17460,122;13241
17461,122;83
17462,122;107
17463,122;91
17464,122;93
17465,122;102
17466,122;13197
17467,122;70
17468,122;77
17469,122;95
17470,122;84
17471,122;97
17472,122;13196
17473,122;101
17474,122;90
17476,122;87
17477,122;88
17478,122;102
17479,122;13233
17480,122;94
17481,122;94
17482,122;93
17483,122;113
17484,122;103
17485,122;13232
17486,122;81
17487,122;81
17488,122;99
17489,122;87
17490,122;116
17491,122;13177
17492,122;84
17493,122;106
17494,122;104
17495,122;97
17496,122;105
17497,122;13187
17498,122;89
17499,122;92
17500,122;103
17501,122;93
17502,122;109
17503,122;13244
17504,122;93
17505,122;88
17506,122;101
17507,122;81
17508,122;94
17509,122;13245
17510,122;71
17511,122;85
17512,122;101
17513,122;85
17514,122;111
17515,122;13191
17516,122;78
17517,122;85
17518,122;101
17519,122;90
17520,122;111
17521,122;13222
17522,122;82
17523,122;114
17524,122;89
17525,122;103
17526,122;90
17527,122;13207
17528,122;86
17529,122;75
17530,122;94
17531,122;93
17532,122;85
17533,122;13151
17534,122;95
17535,122;85
17536,122;99
17537,122;93
17538,122;114
17539,122;13198
17540,122;75
17541,122;81
17542,122;94
17543,122;104
17544,122;123
17545,122;13191
17546,122;80
17547,122;96
17548,122;101
17549,122;99
17550,122;105
17551,122;13179
17552,122;92
17553,122;88
17554,122;93
17555,122;93
17556,122;97
17557,122;13208
17558,122;91
17559,122;98
17560,122;96
17561,122;108
17562,122;96
17563,122;13209
17564,122;92
17565,122;96
17566,122;97
17567,122;85
17568,122;93
17569,122;13189
17570,122;71
17571,122;103
17572,122;103
17573,122;102
17574,122;76
17575,122;13211
17576,122;85
17576,51;69
17577,51;101
17578,51;94
17579,51;97
17580,51;13213
17581,51;68
17582,51;77
17583,51;101
17584,51;94
17585,51;108
17586,51;13194
17587,51;98
17588,51;88
17589,51;68
17590,51;82
17591,51;90
17592,51;13186
17593,51;99
17594,51;99
17595,51;95
17596,51;93
17597,51;90
17598,51;13216
17599,51;84
17600,51;77
17601,51;85
17602,51;96
17603,51;95
17604,51;13164
17605,51;95
17606,51;87
17607,51;90
17608,51;101
17609,51;105
17610,51;13233
17611,51;81
17612,51;78
17613,51;99
17614,51;83
17615,51;92
17616,51;13167
17617,51;83
17618,51;99
17619,51;79
17620,51;97
17621,51;92
17622,51;13201
17623,51;72
17624,51;89
17625,51;84
17626,51;79
17627,51;95
17628,51;13225
17629,51;84
17630,51;89
17631,51;96
17632,51;94
17633,51;80
17634,51;13201
17635,51;83
17636,51;83
17637,51;84
17638,51;82
17639,51;111
17640,51;13222
17641,51;100
17642,51;92
17643,51;99
17644,51;86
17645,51;98
17646,51;13202
17647,51;79
17648,51;88
17649,51;88
17650,51;97
17651,51;116
17652,51;13222
17653,51;74
17654,51;107
17655,51;88
17656,51;102
17657,51;113
17658,51;13211
17659,51;84
17660,51;99
17661,51;92
17662,51;93
17663,51;109
17664,51;13180
17665,51;64
17666,51;94
17667,51;87
17668,51;73
17669,51;92
17670,51;13195
17671,51;68
17672,51;79
17673,51;100
17674,51;108
17675,51;83
17676,51;13218
17677,073;91
17678,073;99
17679,073;74
17680,073;106
17681,073;104
17682,073;13207
17683,073;99
17684,073;103
17685,073;84
17686,073;104
17687,073;90
17688,073;13178
17689,073;70
17690,073;72
17691,073;81
17692,073;119
17693,073;86
17694,073;13193
17695,073;86
17696,073;80
17697,073;95
17698,073;95
17699,073;83
17700,073;13196
17701,073;90
17702,073;75
17703,073;92
17704,073;74
17705,073;106
17706,073;13190
17707,073;79
17708,073;79
17709,073;85
17710,073;96
17711,073;88
17712,073;13194
17713,073;69
17714,073;88
17715,073;87
17716,073;86
17717,073;96
17718,073;13205
17719,073;88
17720,073;91
17721,073;88
17722,073;84
17723,073;76
17724,073;13215
17725,073;80
17726,073;70
17727,073;90
17728,073;71
17729,073;104
17730,073;13163
17731,073;69
17732,073;68
17733,073;82
17734,073;72
17735,073;78
17736,073;13181
17737,073;71
17738,073;83
17739,073;85
17740,073;76
17741,073;95
17742,073;12884
17743,073;79
17744,073;84
17745,073;89
17746,073;90
17747,073;73
17748,073;13118
17749,073;66
17750,073;76
17751,073;91
17752,073;96
17753,073;88
17754,073;13205
17755,073;79
17756,073;80
17757,073;81
17758,073;85
17759,073;110
17760,073;13207
17761,073;68
17762,073;76
17763,073;88
17764,073;90
17765,073;90
17766,073;13190
17767,073;81
17768,073;89
17769,073;88
17770,073;92
17771,073;93
17772,073;13222
17773,073;82
17774,073;93
17775,073;87
17776,073;89
17777,073;86
17778,305;13205
17779,305;82
17780,305;82
17781,305;89
17782,305;72
17783,305;91
17784,305;13157
17785,305;70
17786,305;82
17787,305;71
17788,305;78
17789,305;91
17790,305;13194
17791,305;84
17792,305;87
17793,305;87
17794,305;73
17795,305;83
17796,305;13233
17797,305;85
17798,305;100
17799,305;94
17800,305;94
17801,305;97
17802,305;13182
17803,305;87
17804,305;89
17805,305;103
17806,305;105
17807,305;78
17808,305;13196
17809,305;80
17810,305;90
17811,305;91
17812,305;83
17813,305;87
17814,305;13233
17815,305;95
17816,305;76
17817,305;90
17818,305;90
17819,305;89
17820,305;13202
17821,305;82
17822,305;92
17823,305;78
17824,305;78
17825,305;95
17826,305;13195
17827,305;87
17828,305;83
17829,305;110
17830,305;89
17831,305;96
17832,305;13205
17833,305;79
17834,305;85
17835,305;91
17836,305;103
17837,305;102
17838,305;13190
17839,305;98
17840,305;102
17841,305;87
17842,305;95
17843,305;102
17844,305;13207
17845,305;86
17846,305;91
17847,305;110
17848,305;84
17849,305;88
17850,305;13203
17851,305;87
17852,305;78
17853,305;95
17854,305;76
17855,305;95
17856,305;13208
17857,305;100
17858,305;88
17859,305;79
17860,305;92
17861,305;93
17862,305;13154
17863,305;90
17864,305;79
17865,305;84
17866,305;87
17867,305;106
17868,305;13168
17869,305;75
17870,305;88
17871,305;97
17872,305;83
17873,305;101
17874,305;13225
17875,305;115
17876,305;85
17877,305;100
17878,305;75
17882,092;115
17883,092;13235
17884,092;83
17885,092;87
17886,092;110
17887,092;86
17888,092;101
17889,092;13181
17890,092;75
17891,092;83
17892,092;98
17893,092;99
17894,092;91
17895,092;13208
17896,092;84
17897,092;77
17898,092;89
17899,092;101
17900,092;103
17901,092;13194
17902,092;84
17903,092;88
17904,092;80
17905,092;93
17906,092;93
17907,092;13185
17908,092;101
17909,092;100
17910,092;116
17911,092;95
17912,092;90
17913,092;13171
17914,092;87
17915,092;85
17916,092;93
17917,092;98
17918,092;110
17919,092;13198
17920,092;96
17921,092;82
17922,092;94
17923,092;79
17924,092;103
17925,092;13223
17926,092;89
17927,092;86
17928,092;96
17929,092;92
17930,092;103
17931,092;13172
17932,092;74
17933,092;99
17934,092;112
17935,092;92
17936,092;102
17937,092;13240
17938,092;87
17939,092;102
17940,092;99
17941,092;105
17942,092;87
17943,092;13208
17944,092;82
17945,092;97
17946,092;100
17947,092;95
17948,092;90
17949,092;13219
17950,092;83
17951,092;75
17952,092;90
17953,092;102
17954,092;96
17955,092;13206
17956,092;93
17957,092;84
17958,092;94
17959,092;107
17960,092;93
17961,092;13218
17962,092;87
17963,092;78
17964,092;98
17965,092;111
17966,092;95
17967,092;13195
17968,092;84
17969,092;88
17970,092;104
17971,092;100
17972,092;104
17973,092;13213
17974,092;94
17975,092;111
17976,092;81
17977,092;106
17978,092;92
17979,092;13209
17980,092;91
17981,092;85
17982,092;97
17981,092;89
17982,092;112
17983,092;13211
17984,092;88
17985,092;100
17986,092;97
17987,092;100
17988,092;91
17989,092;13222
17990,092;79
17991,092;97
17992,092;109
17993,092;92
17994,092;91
17995,092;13200
17996,092;84
17997,092;99
17998,092;97
17999,092;91
18000,092;98
18001,092;13236
18002,092;92
18003,092;79
18004,092;110
18005,092;113
18006,092;108
18007,092;13192
18008,092;93
18009,092;81
18010,092;101
18011,092;81
18012,092;86
18013,092;13210
18014,092;94
18015,092;92
18016,092;107
18017,092;96
18018,092;105
18019,092;13215
18020,092;90
18021,092;104
18022,092;101
18023,092;111
18024,092;110
18025,092;13221
18026,092;96
18027,092;92
18028,092;89
18029,092;92
18030,092;123
18031,092;13200
18032,092;87
18033,092;78
18034,092;104
18035,092;100
18036,092;101
18037,092;13218
18038,092;80
18039,092;85
18040,092;84
18041,092;110
18042,092;103
18043,092;13207
18044,092;68
18045,092;89
18046,092;112
18047,092;95
18048,092;91
18049,092;13184
18050,092;92
18051,092;101
18052,092;99
18053,092;96
18054,092;94
18055,092;12890
18056,092;100
18057,092;95
18058,092;99
18059,092;104
18060,092;101
18061,092;13115
18062,092;95
18063,092;95
18064,092;88
18065,092;88
18066,092;101
18067,092;13166
18068,092;91
18069,092;95
18070,092;109
18071,092;100
18072,092;117
18073,092;13206
18074,092;96
18075,092;101
18076,092;99
18077,092;108
18078,092;119
18079,092;13229
18080,092;97
18081,092;102
18081,524;102
18082,524;110
18083,524;102
18084,524;13210
18085,524;108
18086,524;77
18087,524;82
18088,524;98
18089,524;86
18090,524;13189
18091,524;84
18092,524;86
18093,524;106
18094,524;100
18095,524;118
18096,524;13230
18097,524;94
18098,524;94
18099,524;94
18100,524;100
18101,524;97
18102,524;13194
18103,524;85
18104,524;106
18105,524;96
18106,524;118
18107,524;89
18108,524;13197
18109,524;86
18110,524;98
18111,524;122
18112,524;88
18113,524;106
18114,524;13213
18115,524;73
18116,524;92
18117,524;96
18118,524;95
18119,524;107
18120,524;13226
18121,524;87
18122,524;97
18123,524;103
18124,524;89
18125,524;109
18126,524;13201
18127,524;76
18128,524;93
18129,524;95
18130,524;86
18131,524;100
18132,524;13216
18133,524;86
18134,524;80
18135,524;96
18136,524;96
18137,524;95
18138,524;13171
18139,524;76
18140,524;102
18141,524;73
18142,524;102
18143,524;91
18144,524;13187
18145,524;111
18146,524;104
18147,524;91
18148,524;100
18149,524;109
18150,524;13173
18151,524;89
18152,524;81
18153,524;95
18154,524;97
18155,524;122
18156,524;13167
18157,524;67
18158,524;101
18159,524;98
18160,524;97
18161,524;120
18162,524;13191
18163,524;77
18164,524;86
18165,524;110
18166,524;100
18167,524;110
18168,524;13175
18169,524;104
18170,524;88
18171,524;93
18172,524;74
18173,524;86
18174,524;13221
18175,524;92
18176,524;87
18177,524;96
18178,524;102
18179,524;93
18180,524;13220
18181,524;85
18182,805;100
18183,805;95
18184,805;83
18185,805;83
18186,805;13175
18187,805;80
18188,805;100
18189,805;77
18190,805;103
18191,805;98
18192,805;13201
18193,805;98
18194,805;89
18195,805;103
18196,805;84
18197,805;103
18198,805;13207
18199,805;81
18200,805;86
18201,805;88
18202,805;88
18203,805;82
18204,805;13234
18205,805;99
18206,805;87
18207,805;90
18208,805;113
18209,805;94
18210,805;13166
18211,805;81
18212,805;77
18213,805;91
18214,805;99
18215,805;95
18216,805;13214
18217,805;79
18218,805;87
18219,805;88
18220,805;84
18221,805;109
18222,805;13204
18223,805;97
18224,805;110
18225,805;112
18226,805;79
18227,805;101
18228,805;13233
18229,805;85
18230,805;86
18231,805;80
18232,805;120
18233,805;91
18234,805;13201
18235,805;85
18236,805;76
18237,805;85
18238,805;89
18239,805;83
18240,805;13197
18241,805;91
18242,805;82
18243,805;106
18244,805;97
18245,805;106
18246,805;13181
18247,805;72
18248,805;75
18249,805;87
18250,805;82
18251,805;95
18252,805;13199
18253,805;71
18254,805;88
18255,805;96
18256,805;100
18257,805;100
18258,805;13179
18259,805;86
18260,805;87
18261,805;98
18262,805;115
18263,805;98
18264,805;13201
18265,805;72
18266,805;77
18267,805;85
18268,805;97
18269,805;90
18270,805;13150
18271,805;90
18272,805;83
18273,805;96
18274,805;84
18275,805;93
18276,805;13191
18277,805;97
18278,805;97
18279,805;81
18280,805;87
18281,805;101
18282,805;13198
18284,041;89
18285,041;75
18286,041;92
18287,041;98
18288,041;89
18289,041;13209
18290,041;99
18291,041;80
18292,041;93
18293,041;109
18294,041;94
18295,041;13193
18296,041;84
18297,041;81
18298,041;79
18299,041;98
18300,041;99
18301,041;13207
18302,041;96
18303,041;83
18304,041;101
18305,041;89
18306,041;103
18307,041;13176
18308,041;84
18309,041;91
18310,041;88
18311,041;87
18312,041;87
18313,041;13189
18314,041;86
18315,041;80
18316,041;90
18317,041;90
18318,041;98
18319,041;13213
18320,041;78
18321,041;94
18322,041;90
18323,041;89
18324,041;92
18325,041;13183
18326,041;76
18327,041;78
18328,041;93
18329,041;80
18330,041;94
18331,041;13143
18332,041;76
18333,041;87
18334,041;111
18335,041;90
18336,041;76
18337,041;13173
18338,041;69
18339,041;85
18340,041;85
18341,041;88
18342,041;93
18343,041;13154
18344,041;82
18345,041;84
18346,041;81
18347,041;78
18348,041;93
18349,041;13216
18350,041;77
18351,041;69
18352,041;70
18353,041;86
18354,041;83
18355,041;13191
18356,041;82
18357,041;78
18358,041;90
18359,041;90
18360,041;77
18361,041;13208
18362,041;60
18363,041;71
18364,041;74
18365,041;84
18366,041;78
18367,041;12883
18368,041;71
18369,041;68
18370,041;79
18371,041;86
18372,041;90
18373,041;13117
18374,041;76
18375,041;62
18376,041;67
18377,041;75
18378,041;80
18379,041;13182
18380,041;69
18381,041;64
18382,041;92
18383,041;98
18384,041;67
18385,214;13179
18386,214;85
18387,214;84
18388,214;80
18389,214;88
18390,214;85
18391,214;13163
18392,214;90
18393,214;80
18394,214;89
18395,214;94
18396,214;82
18397,214;13206
18398,214;56
18399,214;83
18400,214;87
18401,214;97
18402,214;96
18403,214;13207
18404,214;77
18405,214;93
18406,214;90
18407,214;72
18408,214;88
18409,214;13194
18410,214;68
18411,214;86
18412,214;83
18413,214;90
18414,214;103
18415,214;13222
18416,214;92
18417,214;90
18418,214;78
18419,214;92
18420,214;85
18421,214;13174
18422,214;79
18423,214;87
18424,214;80
18425,214;95
18426,214;77
18427,214;13149
18428,214;82
18429,214;83
18430,214;83
18431,214;101
18432,214;93
18433,214;13199
18434,214;84
18435,214;88
18436,214;93
18437,214;81
18438,214;95
18439,214;13181
18440,214;96
18441,214;72
18442,214;109
18443,214;98
18444,214;75
18445,214;13158
18446,214;74
18447,214;87
18448,214;95
18449,214;83
18450,214;109
18451,214;13172
18452,214;85
18453,214;80
18454,214;94
18455,214;104
18456,214;83
18457,214;13182
18458,214;78
18459,214;75
18460,214;106
18461,214;87
18462,214;88
18463,214;13228
18464,214;65
18465,214;91
18466,214;84
18467,214;78
18468,214;104
18469,214;13199
18470,214;103
18471,214;100
18472,214;87
18473,214;109
18474,214;97
18475,214;13200
18476,214;68
18477,214;76
18478,214;77
18479,214;101
18480,214;91
18481,214;13168
18482,214;74
18483,214;102
18484,214;101
18485,214;79
18485,214;99
18486,214;13203
18487,214;79
18488,214;106
18489,214;96
18490,214;99
18491,214;108
18492,214;13192
18493,214;85
18494,214;116
18495,214;88
18496,214;96
18497,214;101
18498,214;13207
18499,214;71
18500,214;82
18501,214;93
18502,214;113
18503,214;98
18504,214;13190
18505,214;84
18506,214;89
18507,214;92
18508,214;116
18509,214;106
18510,214;13161
18511,214;91
18512,214;76
18513,214;100
18514,214;92
18515,214;96
18516,214;13188
18517,214;81
18518,214;87
18519,214;78
18520,214;110
18521,214;93
18522,214;13218
18523,214;100
18524,214;87
18525,214;112
18526,214;80
18527,214;93
18528,214;13192
18529,214;80
18530,214;82
18531,214;91
18532,214;101
18533,214;88
18534,214;13199
18535,214;75
18536,214;97
18537,214;87
18538,214;89
18539,214;110
18540,214;13207
18541,214;96
18542,214;98
18543,214;101
18544,214;88
18545,214;91
18546,214;13215
18547,214;73
18548,214;81
18549,214;93
18550,214;85
18551,214;102
18552,214;13200
18553,214;82
18554,214;93
18555,214;85
18556,214;84
18557,214;87
18558,214;13219
18559,214;88
18560,214;84
18561,214;67
18562,214;93
18563,214;96
18564,214;13196
18565,214;91
18566,214;85
18567,214;102
18568,214;97
18569,214;102
18570,214;13178
18571,214;91
18572,214;108
18573,214;86
18574,214;90
18575,214;95
18576,214;13176
18577,214;84
18578,214;93
18579,214;101
18580,214;75
18581,214;95
18582,214;13213
18583,214;106
18584,214;99
18585,214;99
18587,336;106
18588,336;108
18589,336;13173
18590,336;72
18591,336;86
18592,336;85
18593,336;88
18594,336;75
18595,336;13163
18596,336;106
18597,336;94
18598,336;94
18599,336;109
18600,336;92
18601,336;13193
18602,336;89
18603,336;85
18604,336;93
18605,336;80
18606,336;108
18607,336;13205
18608,336;80
18609,336;108
18610,336;75
18611,336;100
18612,336;110
18613,336;13224
18614,336;90
18615,336;85
18616,336;95
18617,336;94
18618,336;102
18619,336;13199
18620,336;86
18621,336;88
18622,336;109
18623,336;102
18624,336;100
18625,336;13181
18626,336;90
18627,336;82
18628,336;97
18629,336;95
18630,336;105
18631,336;13208
18632,336;83
18633,336;92
18634,336;105
18635,336;88
18636,336;113
18637,336;13239
18638,336;82
18639,336;106
18640,336;98
18641,336;84
18642,336;108
18643,336;13174
18644,336;80
18645,336;94
18646,336;99
18647,336;112
18648,336;101
18649,336;13199
18650,336;98
18651,336;92
18652,336;86
18653,336;95
18654,336;104
18655,336;13191
18656,336;93
18657,336;95
18658,336;85
18659,336;96
18660,336;93
18661,336;13185
18662,336;89
18663,336;87
18664,336;123
18665,336;97
18666,336;109
18667,336;13218
18668,336;92
18669,336;106
18670,336;90
18671,336;110
18672,336;99
18673,336;13192
18674,336;104
18675,336;98
18676,336;104
18677,336;99
18678,336;112
18679,336;12867
18680,336;101
18681,336;76
18682,336;87
18683,336;98
18684,336;106
18685,336;13154
18686,336;106
18687,336;101
18687,978;87
18688,978;105
18689,978;89
18690,978;13167
18691,978;90
18692,978;105
18693,978;114
18694,978;106
18695,978;95
18696,978;13223
18697,978;87
18698,978;104
18699,978;90
18700,978;88
18701,978;93
18702,978;13182
18703,978;91
18704,978;96
18705,978;90
18706,978;99
18707,978;98
18708,978;13181
18709,978;88
18710,978;83
18711,978;105
18712,978;95
18713,978;94
18714,978;13185
18715,978;93
18716,978;91
18717,978;114
18718,978;107
18719,978;128
18720,978;13177
18721,978;90
18722,978;114
18723,978;100
18724,978;90
18725,978;101
18726,978;13184
18727,978;74
18728,978;103
18729,978;101
18730,978;96
18731,978;83
18732,978;13182
18733,978;89
18734,978;85
18735,978;90
18736,978;88
18737,978;103
18738,978;13216
18739,978;91
18740,978;80
18741,978;100
18742,978;88
18743,978;105
18744,978;13158
18745,978;70
18746,978;99
18747,978;97
18748,978;93
18749,978;100
18750,978;13160
18751,978;100
18752,978;101
18753,978;97
18754,978;101
18755,978;115
18756,978;13181
18757,978;87
18758,978;100
18759,978;84
18760,978;98
18761,978;104
18762,978;13176
18763,978;84
18764,978;88
18765,978;98
18766,978;112
18767,978;119
18768,978;13177
18769,978;67
18770,978;103
18771,978;86
18772,978;94
18773,978;101
18774,978;13220
18775,978;86
18776,978;93
18777,978;89
18778,978;114
18779,978;110
18780,978;13174
18781,978;93
18782,978;92
18783,978;87
18784,978;89
18785,978;99
18786,978;13148
18787,978;103
18789,397;83
18790,397;100
18791,397;80
18792,397;106
18793,397;13212
18794,397;76
18795,397;93
18796,397;90
18797,397;104
18798,397;94
18799,397;13230
18800,397;85
18801,397;80
18802,397;112
18803,397;104
18804,397;88
18805,397;13164
18806,397;89
18807,397;108
18808,397;92
18809,397;86
18810,397;96
18811,397;13143
18812,397;76
18813,397;84
18814,397;103
18815,397;95
18816,397;104
18817,397;13184
18818,397;84
18819,397;91
18820,397;71
18821,397;94
18822,397;105
18823,397;13164
18824,397;96
18825,397;85
18826,397;108
18827,397;91
18828,397;103
18829,397;13192
18830,397;92
18831,397;111
18832,397;86
18833,397;110
18834,397;87
18835,397;13205
18836,397;97
18837,397;83
18838,397;93
18839,397;85
18840,397;92
18841,397;13204
18842,397;81
18843,397;104
18844,397;95
18845,397;80
18846,397;88
18847,397;13180
18848,397;93
18849,397;82
18850,397;95
18851,397;98
18852,397;105
18853,397;13168
18854,397;95
18855,397;89
18856,397;86
18857,397;95
18858,397;90
18859,397;13171
18860,397;97
18861,397;79
18862,397;98
18863,397;96
18864,397;96
18865,397;13186
18866,397;93
18867,397;100
18868,397;96
18869,397;99
18870,397;76
18871,397;13199
18872,397;87
18873,397;73
18874,397;91
18875,397;82
18876,397;85
18877,397;13178
18878,397;100
18879,397;88
18880,397;86
18881,397;104
18882,397;82
18883,397;13186
18884,397;78
18885,397;99
18886,397;83
18887,397;100
18888,397;131
18889,397;13156
18889,634;78
18890,634;93
18891,634;89
18892,634;103
18893,634;91
18894,634;13191
18895,634;89
18896,634;77
18897,634;88
18898,634;104
18899,634;125
18900,634;13198
18901,634;103
18902,634;83
18903,634;97
18904,634;78
18905,634;109
18906,634;13145
18907,634;87
18908,634;92
18909,634;85
18910,634;94
18911,634;93
18912,634;13182
18913,634;71
18914,634;87
18915,634;80
18916,634;86
18917,634;91
18918,634;13170
18919,634;62
18920,634;99
18921,634;89
18922,634;95
18923,634;104
18924,634;13189
18925,634;103
18926,634;112
18927,634;88
18928,634;91
18929,634;99
18930,634;13173
18931,634;65
18932,634;83
18933,634;109
18934,634;110
18935,634;92
18936,634;13168
18937,634;89
18938,634;81
18939,634;93
18940,634;84
18941,634;95
18942,634;13145
18943,634;81
18944,634;74
18945,634;88
18946,634;87
18947,634;93
18948,634;13169
18949,634;87
18950,634;83
18951,634;103
18952,634;78
18953,634;95
18954,634;13205
18955,634;86
18956,634;80
18957,634;88
18958,634;82
18959,634;94
18960,634;13172
18961,634;77
18962,634;91
18963,634;69
18964,634;89
18965,634;118
18966,634;13176
18967,634;87
18968,634;74
18969,634;85
18970,634;76
18971,634;80
18972,634;13170
18973,634;82
18974,634;68
18975,634;60
18976,634;98
18977,634;83
18978,634;13195
18979,634;63
18980,634;82
18981,634;96
18982,634;83
18983,634;91
18984,634;13173
