2908,53;7933
2909,53;107
2910,53;99
2911,53;80
2912,53;104
2913,53;71
2914,53;12483
2915,53;92
2916,53;92
2917,53;76
2918,53;86
2919,53;91
2920,53;13314
2921,53;95
2922,53;89
2923,53;94
2924,53;94
2925,53;86
2926,53;13486
2927,53;87
2928,53;91
2929,53;90
2930,53;103
2931,53;92
2932,53;13477
2932,465;81
2933,465;90
2934,465;83
2935,465;97
2936,465;104
2937,465;13484
2938,465;77
2939,465;94
2940,465;84
2941,465;98
2942,465;74
2943,465;13506
2944,465;82
2945,465;109
2946,465;95
2947,465;97
2948,465;105
2949,465;13467
2950,465;104
2951,465;86
2952,465;95
2953,465;81
2954,465;77
2955,465;13481
2956,465;101
2957,465;78
2958,465;93
2959,465;96
2960,465;111
2961,465;13464
2962,465;90
2963,465;83
2964,465;105
2965,465;86
2966,465;88
2967,465;13462
2968,465;94
2969,465;94
2970,465;82
2971,465;101
2972,465;109
2973,465;13388
2974,465;82
2975,465;95
2976,465;98
2977,465;103
2978,465;103
2979,465;13422
2980,465;87
2981,465;94
2982,465;78
2983,465;105
2984,465;90
2985,465;13440
2986,465;107
2987,465;87
2988,465;92
2989,465;119
2990,465;100
2991,465;13432
2992,465;110
2993,465;83
2994,465;106
2995,465;92
2996,465;109
2997,465;13400
2998,465;106
2999,465;95
3000,465;94
3001,465;91
3002,465;81
3003,465;13423
3004,465;105
3005,465;93
3006,465;97
3007,465;110
3008,465;119
3009,465;13416
3010,465;93
3011,465;93
3012,465;97
3013,465;103
3014,465;94
3015,465;13395
3016,465;86
3017,465;107
3018,465;112
3019,465;98
3020,465;103
3021,465;13372
3022,465;92
3023,465;97
3024,465;104
3025,465;101
3026,465;100
3027,465;13356
3028,465;89
3029,465;95
3030,465;113
3031,465;90
3032,465;104
3034,302;13395
3035,302;117
3036,302;114
3037,302;96
3038,302;103
3039,302;120
3040,302;13375
3041,302;76
3042,302;78
3043,302;74
3044,302;110
3045,302;90
3046,302;13349
3047,302;99
3048,302;84
3049,302;99
3050,302;76
3051,302;108
3052,302;13351
3053,302;91
3054,302;102
3055,302;98
3056,302;130
3057,302;82
3058,302;13338
3059,302;88
3060,302;99
3061,302;103
3062,302;99
3063,302;107
3064,302;13336
3065,302;84
3066,302;83
3067,302;85
3068,302;95
3069,302;101
3070,302;13362
3071,302;92
3072,302;79
3073,302;91
3074,302;91
3075,302;99
3076,302;13348
3077,302;105
3078,302;91
3079,302;85
3080,302;93
3081,302;111
3082,302;13369
3083,302;86
3084,302;95
3085,302;103
3086,302;104
3087,302;100
3088,302;13362
3089,302;91
3090,302;100
3091,302;102
3092,302;95
3093,302;82
3094,302;13317
3095,302;84
3096,302;81
3097,302;98
3098,302;101
3099,302;91
3100,302;13350
3101,302;109
3102,302;79
3103,302;91
3104,302;120
3105,302;86
3106,302;13350
3107,302;72
3108,302;102
3109,302;92
3110,302;80
3111,302;95
3112,302;13328
3113,302;102
3114,302;81
3115,302;87
3116,302;97
3117,302;102
3118,302;13318
3119,302;90
3120,302;87
3121,302;92
3122,302;91
3123,302;98
3124,302;13297
3125,302;85
3126,302;79
3127,302;95
3128,302;105
3129,302;91
3130,302;13279
3131,302;70
3132,302;84
3133,302;85
3134,302;81
3135,302;107
3136,302;13315
3137,302;87
3138,302;100
3139,302;102
3140,302;86
3141,302;94
3142,302;13300
3143,302;81
3144,302;81
3145,302;68
3146,302;89
3147,302;88
3148,302;13330
3149,302;82
3150,302;99
3151,302;76
3152,302;77
3153,302;79
3154,302;13313
3155,302;84
3156,302;69
3157,302;80
3158,302;88
3159,302;101
3160,302;13319
3161,302;78
3162,302;67
3163,302;71
3164,302;83
3165,302;76
3166,302;13267
3167,302;67
3168,302;75
3169,302;80
3170,302;71
3171,302;83
3172,302;13318
3173,302;88
3174,302;90
3175,302;74
3176,302;91
3177,302;86
3178,302;13332
3179,302;70
3180,302;82
3181,302;65
3182,302;69
3183,302;66
3184,302;13305
3185,302;78
3186,302;81
3187,302;93
3188,302;78
3189,302;78
3190,302;13333
3191,302;88
3192,302;67
3193,302;66
3194,302;74
3195,302;77
3196,302;13323
3197,302;84
3198,302;71
3199,302;72
3200,302;69
3201,302;75
3202,302;13302
3203,302;72
3204,302;77
3205,302;69
3206,302;71
3207,302;82
3208,302;13294
3209,302;85
3210,302;66
3211,302;78
3212,302;83
3213,302;65
3214,302;13320
3215,302;84
3216,302;82
3217,302;61
3218,302;71
3219,302;88
3220,302;12991
3221,302;65
3222,302;75
3223,302;63
3224,302;71
3225,302;68
3226,302;13243
3227,302;68
3228,302;70
3229,302;78
3230,302;75
3231,302;78
3232,302;13298
3233,302;76
3234,302;75
3235,302;63
3237,225;52
3238,225;68
3239,225;13282
3240,225;64
3241,225;62
3242,225;57
3243,225;77
3244,225;76
3245,225;13306
3246,225;71
3247,225;65
3248,225;69
3249,225;52
3250,225;78
3251,225;13300
3252,225;97
3253,225;80
3254,225;67
3255,225;82
3256,225;76
3257,225;13287
3258,225;67
3259,225;79
3260,225;71
3261,225;65
3262,225;76
3263,225;13311
3264,225;98
3265,225;85
3266,225;91
3267,225;86
3268,225;77
3269,225;13302
3270,225;84
3271,225;86
3272,225;87
3273,225;86
3274,225;88
3275,225;13320
3276,225;79
3277,225;75
3278,225;87
3279,225;79
3280,225;83
3281,225;13283
3282,225;89
3283,225;86
3284,225;85
3285,225;66
3286,225;101
3287,225;13314
3288,225;73
3289,225;78
3290,225;76
3291,225;98
3292,225;82
3293,225;13295
3294,225;101
3295,225;86
3296,225;86
3297,225;91
3298,225;84
3299,225;13289
3300,225;101
3301,225;76
3302,225;87
3303,225;86
3304,225;102
3305,225;13284
3306,225;96
3307,225;88
3308,225;89
3309,225;77
3310,225;109
3311,225;13310
3312,225;91
3313,225;93
3314,225;94
3315,225;88
3316,225;81
3317,225;13289
3318,225;93
3319,225;81
3320,225;88
3321,225;99
3322,225;103
3323,225;13306
3324,225;101
3325,225;94
3326,225;88
3327,225;101
3328,225;75
3329,225;13288
3330,225;81
3331,225;90
3332,225;86
3333,225;116
3334,225;104
3335,225;13292
3336,225;96
3337,225;95
3336,735;95
3337,735;78
3338,735;92
3339,735;13308
3340,735;80
3341,735;97
3342,735;105
3343,735;84
3344,735;92
3345,735;13289
3346,735;99
3347,735;102
3348,735;110
3349,735;117
3350,735;82
3351,735;13294
3352,735;94
3353,735;105
3354,735;102
3355,735;102
3356,735;104
3357,735;13283
3358,735;94
3359,735;69
3360,735;86
3361,735;108
3362,735;111
3363,735;13261
3364,735;87
3365,735;89
3366,735;100
3367,735;86
3368,735;100
3369,735;13281
3370,735;95
3371,735;89
3372,735;84
3373,735;95
3374,735;102
3375,735;13310
3376,735;87
3377,735;101
3378,735;110
3379,735;102
3380,735;99
3381,735;13323
3382,735;97
3383,735;79
3384,735;87
3385,735;82
3386,735;90
3387,735;13312
3388,735;82
3389,735;101
3390,735;102
3391,735;103
3392,735;124
3393,735;13317
3394,735;103
3395,735;91
3396,735;97
3397,735;95
3398,735;111
3399,735;13273
3400,735;97
3401,735;94
3402,735;93
3403,735;90
3404,735;106
3405,735;13302
3406,735;89
3407,735;98
3408,735;109
3409,735;103
3410,735;102
3411,735;13311
3412,735;102
3413,735;101
3414,735;91
3415,735;90
3416,735;111
3417,735;13274
3418,735;94
3419,735;101
3420,735;100
3421,735;113
3422,735;85
3423,735;13280
3424,735;93
3425,735;77
3426,735;110
3427,735;111
3428,735;83
3429,735;13290
3430,735;94
3431,735;93
3432,735;112
3433,735;121
3434,735;96
3435,735;13280
3436,735;89
3438,49;84
3439,49;91
3440,49;102
3441,49;125
3442,49;13286
3443,49;93
3444,49;98
3445,49;94
3446,49;86
3447,49;97
3448,49;13307
3449,49;102
3450,49;80
3451,49;82
3452,49;94
3453,49;87
3454,49;13288
3455,49;102
3456,49;112
3457,49;94
3458,49;83
3459,49;86
3460,49;13295
3461,49;94
3462,49;96
3463,49;92
3464,49;105
3465,49;102
3466,49;13289
3467,49;90
3468,49;89
3469,49;93
3470,49;105
3471,49;92
3472,49;13276
3473,49;100
3474,49;84
3475,49;81
3476,49;82
3477,49;84
3478,49;13272
3479,49;89
3480,49;90
3481,49;93
3482,49;72
3483,49;102
3484,49;13294
3485,49;83
3486,49;87
3487,49;95
3488,49;96
3489,49;95
3490,49;13293
3491,49;101
3492,49;82
3493,49;98
3494,49;107
3495,49;96
3496,49;13291
3497,49;93
3498,49;77
3499,49;89
3500,49;105
3501,49;100
3502,49;13268
3503,49;106
3504,49;82
3505,49;91
3506,49;82
3507,49;86
3508,49;13269
3509,49;85
3510,49;90
3511,49;81
3512,49;107
3513,49;80
3514,49;13317
3515,49;107
3516,49;77
3517,49;101
3518,49;90
3519,49;93
3520,49;13235
3521,49;51
3522,49;91
3523,49;72
3524,49;79
3525,49;84
3526,49;13264
3527,49;82
3528,49;83
3529,49;83
3530,49;85
3531,49;65
3532,49;12916
3533,49;93
3534,49;82
3535,49;97
3536,49;87
3537,49;109
3538,49;13209
3538,967;91
3539,967;86
3540,967;79
3541,967;74
3542,967;67
3543,967;13259
3544,967;94
3545,967;84
3546,967;85
3547,967;91
3548,967;89
3549,967;13288
3550,967;102
3551,967;81
3552,967;101
3553,967;82
3554,967;86
3555,967;13243
3556,967;84
3557,967;88
3558,967;87
3559,967;92
3560,967;98
3561,967;13291
3562,967;98
3563,967;101
3564,967;95
3565,967;88
3566,967;84
3567,967;13271
3568,967;84
3569,967;80
3570,967;92
3571,967;83
3572,967;96
3573,967;13289
3574,967;77
3575,967;84
3576,967;85
3577,967;109
3578,967;93
3579,967;13258
3580,967;93
3581,967;74
3582,967;88
3583,967;84
3584,967;94
3585,967;13224
3586,967;96
3587,967;92
3588,967;96
3589,967;104
3590,967;103
3591,967;13276
3592,967;92
3593,967;84
3594,967;116
3595,967;101
3596,967;97
3597,967;13277
3598,967;77
3599,967;102
3600,967;99
3601,967;100
3602,967;85
3603,967;13259
3604,967;95
3605,967;96
3606,967;84
3607,967;87
3608,967;104
3609,967;13287
3610,967;101
3611,967;78
3612,967;99
3613,967;96
3614,967;99
3615,967;13250
3616,967;95
3617,967;94
3618,967;87
3619,967;105
3620,967;112
3621,967;13289
3622,967;90
3623,967;74
3624,967;87
3625,967;91
3626,967;86
3627,967;13334
3628,967;105
3629,967;103
3630,967;113
3631,967;113
3632,967;90
3633,967;13273
3634,967;101
3635,967;103
3636,967;93
3637,967;86
3638,967;102
3639,967;13275
3640,967;103
3641,967;83
3642,967;80
3643,967;88
3644,967;86
3645,967;13266
3646,967;78
3647,967;89
3648,967;99
3649,967;102
3650,967;87
3651,967;13269
3652,967;97
3653,967;107
3654,967;94
3655,967;84
3656,967;99
3657,967;13270
3658,967;96
3659,967;95
3660,967;106
3661,967;95
3662,967;97
3663,967;13259
3664,967;120
3665,967;101
3666,967;98
3667,967;71
3668,967;101
3669,967;13267
3670,967;100
3671,967;87
3672,967;98
3673,967;107
3674,967;100
3675,967;13255
3676,967;101
3677,967;90
3678,967;96
3679,967;109
3680,967;106
3681,967;13296
3682,967;83
3683,967;90
3684,967;112
3685,967;110
3686,967;90
3687,967;13255
3688,967;104
3689,967;99
3690,967;100
3691,967;96
3692,967;87
3693,967;13257
3694,967;93
3695,967;96
3696,967;94
3697,967;96
3698,967;94
3699,967;13266
3700,967;100
3701,967;97
3702,967;98
3703,967;108
3704,967;103
3705,967;13271
3706,967;106
3707,967;106
3708,967;118
3709,967;93
3710,967;99
3711,967;13268
3712,967;107
3713,967;92
3714,967;85
3715,967;109
3716,967;94
3717,967;13287
3718,967;100
3719,967;105
3720,967;99
3721,967;95
3722,967;102
3723,967;13297
3724,967;100
3725,967;103
3726,967;92
3727,967;104
3728,967;86
3729,967;13263
3730,967;113
3731,967;92
3732,967;109
3733,967;108
3734,967;97
3735,967;13266
3736,967;105
3737,967;71
3738,967;99
3739,967;97
3740,712;92
3741,712;13303
3742,712;106
3743,712;84
3744,712;95
3745,712;85
3746,712;98
3747,712;13277
3748,712;88
3749,712;75
3750,712;85
3751,712;94
3752,712;97
3753,712;13268
3754,712;90
3755,712;94
3756,712;94
3757,712;88
3758,712;95
3759,712;13285
3760,712;81
3761,712;100
3762,712;64
3763,712;83
3764,712;92
3765,712;13253
3766,712;88
3767,712;90
3768,712;83
3769,712;92
3770,712;109
3771,712;13260
3772,712;110
3773,712;78
3774,712;100
3775,712;87
3776,712;96
3777,712;13307
3778,712;84
3779,712;77
3780,712;95
3781,712;77
3782,712;92
3783,712;13286
3784,712;91
3785,712;87
3786,712;83
3787,712;79
3788,712;82
3789,712;13294
3790,712;83
3791,712;83
3792,712;80
3793,712;71
3794,712;66
3795,712;13275
3796,712;90
3797,712;74
3798,712;68
3799,712;83
3800,712;92
3801,712;13269
3802,712;87
3803,712;71
3804,712;85
3805,712;79
3806,712;89
3807,712;13269
3808,712;77
3809,712;62
3810,712;65
3811,712;97
3812,712;89
3813,712;13276
3814,712;66
3815,712;74
3816,712;58
3817,712;79
3818,712;71
3819,712;13283
3820,712;79
3821,712;68
3822,712;75
3823,712;77
3824,712;73
3825,712;13247
3826,712;83
3827,712;60
3828,712;71
3829,712;77
3830,712;78
3831,712;13283
3832,712;78
3833,712;58
3834,712;60
3835,712;81
3836,712;81
3837,712;13268
3838,712;81
3839,712;75
3840,712;61
3841,96;62
3842,96;65
3843,96;12918
3844,96;64
3845,96;78
3846,96;62
3847,96;74
3848,96;64
3849,96;13206
3850,96;74
3851,96;86
3852,96;67
3853,96;75
3854,96;78
3855,96;13241
3856,96;89
3857,96;70
3858,96;78
3859,96;59
3860,96;67
3861,96;13273
3862,96;66
3863,96;78
3864,96;66
3865,96;89
3866,96;81
3867,96;13218
3868,96;85
3869,96;57
3870,96;75
3871,96;77
3872,96;78
3873,96;13284
3874,96;98
3875,96;70
3876,96;76
3877,96;76
3878,96;77
3879,96;13272
3880,96;74
3881,96;70
3882,96;74
3883,96;80
3884,96;97
3885,96;13276
3886,96;104
3887,96;82
3888,96;73
3889,96;89
3890,96;90
3891,96;13285
3892,96;89
3893,96;68
3894,96;66
3895,96;80
3896,96;88
3897,96;13288
3898,96;83
3899,96;78
3900,96;81
3901,96;98
3902,96;89
3903,96;13253
3904,96;88
3905,96;84
3906,96;85
3907,96;90
3908,96;78
3909,96;13281
3910,96;86
3911,96;98
3912,96;79
3913,96;91
3914,96;82
3915,96;13249
3916,96;83
3917,96;88
3918,96;97
3919,96;90
3920,96;87
3921,96;13275
3922,96;96
3923,96;74
3924,96;100
3925,96;91
3926,96;87
3927,96;13277
3928,96;96
3929,96;90
3930,96;110
3931,96;106
3932,96;90
3933,96;13256
3934,96;85
3935,96;92
3936,96;88
3937,96;91
3938,96;98
3939,96;13256
3940,96;86
3941,96;102
3942,896;100
3943,896;104
3944,896;99
3945,896;13252
3946,896;103
3947,896;84
3948,896;102
3949,896;105
3950,896;95
3951,896;13253
3952,896;96
3953,896;95
3954,896;97
3955,896;106
3956,896;101
3957,896;13274
3958,896;92
3959,896;88
3960,896;114
3961,896;108
3962,896;96
3963,896;13235
3964,896;100
3965,896;109
3966,896;101
3967,896;97
3968,896;98
3969,896;13280
3970,896;113
3971,896;79
3972,896;96
3973,896;97
3974,896;120
3975,896;13224
3976,896;123
3977,896;96
3978,896;94
3979,896;112
3980,896;94
3981,896;13277
3982,896;93
3983,896;97
3984,896;105
3985,896;111
3986,896;111
3987,896;13268
3988,896;95
3989,896;101
3990,896;102
3991,896;106
3992,896;112
3993,896;13274
3994,896;108
3995,896;126
3996,896;86
3997,896;87
3998,896;87
3999,896;13241
4000,896;112
4001,896;91
4002,896;82
4003,896;98
4004,896;92
4005,896;13256
4006,896;107
4007,896;102
4008,896;92
4009,896;97
4010,896;101
4011,896;13239
4012,896;89
4013,896;85
4014,896;89
4015,896;90
4016,896;98
4017,896;13279
4018,896;103
4019,896;91
4020,896;100
4021,896;97
4022,896;103
4023,896;13278
4024,896;101
4025,896;94
4026,896;103
4027,896;101
4028,896;119
4029,896;13262
4030,896;87
4031,896;101
4032,896;89
4033,896;100
4034,896;104
4035,896;13205
4036,896;94
4037,896;78
4038,896;82
4039,896;89
4040,896;77
4041,896;13239
4042,896;89
4044,491;87
4045,491;97
4046,491;103
4047,491;91
4048,491;13254
4049,491;84
4050,491;85
4051,491;94
4052,491;93
4053,491;91
4054,491;13267
4055,491;98
4056,491;84
4057,491;98
4058,491;86
4059,491;100
4060,491;13249
4061,491;88
4062,491;92
4063,491;96
4064,491;91
4065,491;115
4066,491;13269
4067,491;74
4068,491;119
4069,491;88
4070,491;92
4071,491;96
4072,491;13249
4073,491;84
4074,491;106
4075,491;96
4076,491;103
4077,491;91
4078,491;13247
4079,491;91
4080,491;81
4081,491;108
4082,491;88
4083,491;106
4084,491;13206
4085,491;99
4086,491;98
4087,491;85
4088,491;56
4089,491;102
4090,491;13268
4091,491;85
4092,491;92
4093,491;112
4094,491;92
4095,491;86
4096,491;13245
4097,491;79
4098,491;102
4099,491;98
4100,491;97
4101,491;77
4102,491;13217
4103,491;89
4104,491;105
4105,491;90
4106,491;87
4107,491;98
4108,491;13271
4109,491;99
4110,491;77
4111,491;84
4112,491;78
4113,491;98
4114,491;13242
4115,491;82
4116,491;75
4117,491;99
4118,491;85
4119,491;95
4120,491;13231
4121,491;91
4122,491;82
4123,491;71
4124,491;92
4125,491;114
4126,491;13245
4127,491;91
4128,491;85
4129,491;83
4130,491;91
4131,491;85
4132,491;13235
4133,491;108
4134,491;82
4135,491;106
4136,491;84
4137,491;91
4138,491;13234
4139,491;78
4140,491;85
4141,491;106
4142,491;73
4143,491;84
4144,491;13238
4145,491;83
4146,491;77
4147,491;84
4148,491;74
4149,491;84
4150,491;13260
4151,491;92
4152,491;92
4153,491;106
4154,491;70
4155,491;68
4156,491;12900
4157,491;92
4158,491;79
4159,491;82
4160,491;83
4161,491;71
4162,491;13184
4163,491;103
4164,491;75
4165,491;97
4166,491;93
4167,491;83
4168,491;13257
4169,491;92
4170,491;86
4171,491;79
4172,491;91
4173,491;76
4174,491;13242
4175,491;104
4176,491;102
4177,491;98
4178,491;96
4179,491;103
4180,491;13237
4181,491;102
4182,491;102
4183,491;84
4184,491;92
4185,491;93
4186,491;13223
4187,491;88
4188,491;89
4189,491;116
4190,491;87
4191,491;85
4192,491;13260
4193,491;82
4194,491;78
4195,491;83
4196,491;91
4197,491;93
4198,491;13244
4199,491;91
4200,491;105
4201,491;81
4202,491;91
4203,491;104
4204,491;13213
4205,491;90
4206,491;88
4207,491;80
4208,491;82
4209,491;99
4210,491;13245
4211,491;98
4212,491;93
4213,491;80
4214,491;84
4215,491;93
4216,491;13237
4217,491;113
4218,491;95
4219,491;100
4220,491;106
4221,491;83
4222,491;13238
4223,491;84
4224,491;86
4225,491;103
4226,491;91
4227,491;94
4228,491;13267
4229,491;87
4230,491;92
4231,491;87
4232,491;104
4233,491;104
4234,491;13247
4235,491;94
4236,491;97
4237,491;99
4238,491;95
4239,491;104
4240,491;13251
4241,491;108
4242,491;97
4243,491;108
4244,491;84
4245,491;95
4245,736;13210
4246,736;90
4247,736;94
4248,736;88
4249,736;101
4250,736;99
4251,736;13251
4252,736;99
4253,736;99
4254,736;104
4255,736;105
4256,736;77
4257,736;13257
4258,736;100
4259,736;81
4260,736;78
4261,736;90
4262,736;86
4263,736;13200
4264,736;94
4265,736;95
4266,736;96
4267,736;82
4268,736;89
4269,736;13264
4270,736;115
4271,736;81
4272,736;97
4273,736;109
4274,736;88
4275,736;13266
4276,736;87
4277,736;88
4278,736;99
4279,736;97
4280,736;112
4281,736;13229
4282,736;97
4283,736;80
4284,736;113
4285,736;105
4286,736;103
4287,736;13217
4288,736;104
4289,736;94
4290,736;102
4291,736;104
4292,736;99
4293,736;13264
4294,736;92
4295,736;91
4296,736;95
4297,736;109
4298,736;82
4299,736;13206
4300,736;102
4301,736;80
4302,736;110
4303,736;80
4304,736;89
4305,736;13218
4306,736;82
4307,736;111
4308,736;86
4309,736;99
4310,736;81
4311,736;13291
4312,736;90
4313,736;91
4314,736;89
4315,736;95
4316,736;98
4317,736;13247
4318,736;111
4319,736;97
4320,736;100
4321,736;107
4322,736;101
4323,736;13198
4324,736;115
4325,736;90
4326,736;106
4327,736;105
4328,736;100
4329,736;13245
4330,736;110
4331,736;97
4332,736;89
4333,736;100
4334,736;102
4335,736;13251
4336,736;103
4337,736;110
4338,736;109
4339,736;95
4340,736;95
4341,736;13226
4342,736;97
4343,736;89
4344,736;80
4345,736;92
4347,227;101
4348,227;13271
4349,227;99
4350,227;86
4351,227;102
4352,227;92
4353,227;90
4354,227;13241
4355,227;115
4356,227;86
4357,227;112
4358,227;84
4359,227;99
4360,227;13195
4361,227;99
4362,227;95
4363,227;94
4364,227;90
4365,227;99
4366,227;13236
4367,227;96
4368,227;90
4369,227;87
4370,227;83
4371,227;99
4372,227;13252
4373,227;90
4374,227;83
4375,227;93
4376,227;102
4377,227;100
4378,227;13241
4379,227;95
4380,227;82
4381,227;79
4382,227;76
4383,227;87
4384,227;13244
4385,227;89
4386,227;80
4387,227;83
4388,227;94
4389,227;98
4390,227;13270
4391,227;88
4392,227;95
4393,227;99
4394,227;105
4395,227;107
4396,227;13235
4397,227;100
4398,227;79
4399,227;95
4400,227;76
4401,227;82
4402,227;13246
4403,227;83
4404,227;78
4405,227;79
4406,227;88
4407,227;81
4408,227;13250
4409,227;77
4410,227;104
4411,227;88
4412,227;85
4413,227;80
4414,227;13254
4415,227;75
4416,227;64
4417,227;85
4418,227;93
4419,227;88
4420,227;13258
4421,227;92
4422,227;88
4423,227;86
4424,227;94
4425,227;94
4426,227;13245
4427,227;73
4428,227;64
4429,227;64
4430,227;84
4431,227;93
4432,227;13223
4433,227;91
4434,227;83
4435,227;67
4436,227;74
4437,227;75
4438,227;13278
4439,227;63
4440,227;70
4441,227;69
4442,227;87
4443,227;95
4444,227;13245
4445,227;94
4446,227;61
4447,227;75
4447,969;84
4448,969;64
4449,969;13230
4450,969;89
4451,969;68
4452,969;77
4453,969;75
4454,969;88
4455,969;13255
4456,969;82
4457,969;66
4458,969;70
4459,969;88
4460,969;62
4461,969;13230
4462,969;78
4463,969;63
4464,969;61
4465,969;103
4466,969;75
4467,969;12900
4468,969;79
4469,969;77
4470,969;59
4471,969;77
4472,969;69
4473,969;13183
4474,969;78
4475,969;72
4476,969;76
4477,969;85
4478,969;81
4479,969;13208
4480,969;87
4481,969;71
4482,969;69
4483,969;77
4484,969;85
4485,969;13216
4486,969;82
4487,969;60
4488,969;79
4489,969;68
4490,969;64
4491,969;13260
4492,969;99
4493,969;63
4494,969;78
4495,969;75
4496,969;84
4497,969;13244
4498,969;101
4499,969;77
4500,969;89
4501,969;98
4502,969;97
4503,969;13235
4504,969;94
4505,969;62
4506,969;67
4507,969;71
4508,969;98
4509,969;13256
4510,969;82
4511,969;74
4512,969;98
4513,969;104
4514,969;88
4515,969;13244
4516,969;103
4517,969;96
4518,969;91
4519,969;75
4520,969;90
4521,969;13218
4522,969;112
4523,969;89
4524,969;91
4525,969;100
4526,969;88
4527,969;13257
4528,969;119
4529,969;81
4530,969;89
4531,969;98
4532,969;78
4533,969;13244
4534,969;106
4535,969;83
4536,969;97
4537,969;95
4538,969;90
4539,969;13230
4540,969;92
4541,969;92
4542,969;84
4543,969;77
4544,969;100
4545,969;13249
4546,969;120
4547,969;98
4549,114;97
4550,114;109
4551,114;104
4552,114;13272
4553,114;110
4554,114;88
4555,114;86
4556,114;92
4557,114;103
4558,114;13229
4559,114;112
4560,114;95
4561,114;105
4562,114;93
4563,114;112
4564,114;13224
4565,114;117
4566,114;100
4567,114;70
4568,114;82
4569,114;81
4570,114;13229
4571,114;128
4572,114;86
4573,114;98
4574,114;99
4575,114;88
4576,114;13226
4577,114;128
4578,114;89
4579,114;105
4580,114;103
4581,114;109
4582,114;13211
4583,114;116
4584,114;104
4585,114;102
4586,114;102
4587,114;88
4588,114;13207
4589,114;93
4590,114;96
4591,114;97
4592,114;115
4593,114;89
4594,114;13233
4595,114;130
4596,114;83
4597,114;91
4598,114;103
4599,114;117
4600,114;13189
4601,114;133
4602,114;91
4603,114;89
4604,114;121
4605,114;112
4606,114;13206
4607,114;109
4608,114;89
4609,114;90
4610,114;118
4611,114;112
4612,114;13209
4613,114;113
4614,114;104
4615,114;90
4616,114;90
4617,114;100
4618,114;13210
4619,114;140
4620,114;94
4621,114;110
4622,114;90
4623,114;94
4624,114;13211
4625,114;126
4626,114;88
4627,114;93
4628,114;99
4629,114;112
4630,114;13220
4631,114;126
4632,114;92
4633,114;85
4634,114;90
4635,114;88
4636,114;13229
4637,114;124
4638,114;98
4639,114;91
4640,114;77
4641,114;103
4642,114;13189
4643,114;137
4644,114;81
4645,114;99
4646,114;102
4647,114;86
4648,114;13187
4649,114;144
4650,281;105
4651,281;93
4652,281;97
4653,281;100
4654,281;13200
4655,281;124
4656,281;107
4657,281;89
4658,281;94
4659,281;109
4660,281;13190
4661,281;102
4662,281;90
4663,281;116
4664,281;92
4665,281;101
4666,281;13167
4667,281;123
4668,281;101
4669,281;107
4670,281;96
4671,281;91
4672,281;13232
4673,281;124
4674,281;90
4675,281;102
4676,281;83
4677,281;98
4678,281;13208
4679,281;155
4680,281;91
4681,281;98
4682,281;99
4683,281;93
4684,281;13186
4685,281;147
4686,281;83
4687,281;113
4688,281;113
4689,281;84
4690,281;13207
4691,281;133
4692,281;95
4693,281;96
4694,281;91
4695,281;78
4696,281;13215
4697,281;126
4698,281;73
4699,281;94
4700,281;94
4701,281;99
4702,281;13199
4703,281;132
4704,281;67
4705,281;98
4706,281;84
4707,281;97
4708,281;13200
4709,281;128
4710,281;92
4711,281;103
4712,281;114
4713,281;92
4714,281;13180
4715,281;159
4716,281;85
4717,281;85
4718,281;104
4719,281;86
4720,281;13193
4721,281;150
4722,281;94
4723,281;103
4724,281;91
4725,281;89
4726,281;13148
4727,281;137
4728,281;93
4729,281;85
4730,281;92
4731,281;71
4732,281;13209
4733,281;131
4734,281;95
4735,281;76
4736,281;89
4737,281;71
4738,281;13201
4739,281;138
4740,281;87
4741,281;97
4742,281;109
4743,281;78
4744,281;13204
4745,281;114
4746,281;74
4747,281;82
4748,281;105
4749,281;99
4750,281;13170
4751,281;139
4752,281;75
4753,281;76
4754,281;83
4755,281;95
4756,281;13164
4757,281;140
4758,281;77
4759,281;98
4760,281;95
4761,281;92
4762,281;13167
4763,281;136
4764,281;82
4765,281;83
4766,281;97
4767,281;91
4768,281;13179
4769,281;137
4770,281;78
4771,281;82
4772,281;97
4773,281;72
4774,281;13204
4775,281;85
4776,281;83
4777,281;81
4778,281;87
4779,281;96
4780,281;12836
4781,281;133
4782,281;67
4783,281;88
4784,281;68
4785,281;77
4786,281;13121
4787,281;135
4788,281;76
4789,281;71
4790,281;94
4791,281;76
4792,281;13191
4793,281;135
4794,281;85
4795,281;97
4796,281;96
4797,281;80
4798,281;13142
4799,281;144
4800,281;103
4801,281;77
4802,281;89
4803,281;89
4804,281;13141
4805,281;146
4806,281;78
4807,281;87
4808,281;82
4809,281;74
4810,281;13150
4811,281;154
4812,281;86
4813,281;95
4814,281;89
4815,281;92
4816,281;13126
4817,281;155
4818,281;108
4819,281;95
4820,281;90
4821,281;87
4822,281;13156
4823,281;144
4824,281;81
4825,281;84
4826,281;116
4827,281;102
4828,281;13197
4829,281;149
4830,281;75
4831,281;102
4832,281;111
4833,281;96
4834,281;13192
4835,281;152
4836,281;73
4837,281;86
4838,281;97
4839,281;83
4840,281;13158
4841,281;145
4842,281;78
4843,281;100
4844,281;90
4845,281;110
4846,281;13197
4847,281;163
4848,281;91
4849,281;111
4850,281;98
4851,281;94
4852,101;13176
4853,101;181
4854,101;77
4855,101;101
4856,101;92
4857,101;101
4858,101;13146
4859,101;150
4860,101;85
4861,101;98
4862,101;89
4863,101;86
4864,101;13194
4865,101;87
4866,101;104
4867,101;83
4868,101;90
4869,101;104
4870,101;13163
4871,101;161
4872,101;102
4873,101;114
4874,101;96
4875,101;97
4876,101;13183
4877,101;172
4878,101;81
4879,101;94
4880,101;103
4881,101;93
4882,101;13146
4883,101;157
4884,101;92
4885,101;91
4886,101;102
4887,101;93
4888,101;13153
4889,101;163
4890,101;97
4891,101;97
4892,101;95
4893,101;70
4894,101;13190
4895,101;158
4896,101;91
4897,101;111
4898,101;95
4899,101;100
4900,101;13150
4901,101;153
4902,101;107
4903,101;78
4904,101;111
4905,101;84
4906,101;13185
4907,101;176
4908,101;89
4909,101;86
4910,101;95
4911,101;107
4912,101;13168
4913,101;165
4914,101;74
4915,101;97
4916,101;95
4917,101;113
4918,101;13134
4919,101;167
4920,101;89
4921,101;91
4922,101;103
4923,101;118
4924,101;13161
4925,101;164
4926,101;73
4927,101;104
4928,101;89
4929,101;97
4930,101;13175
4931,101;189
4932,101;94
4933,101;103
4934,101;101
4935,101;82
4936,101;13153
4937,101;170
4938,101;89
4939,101;111
4940,101;92
4941,101;103
4942,101;13163
4943,101;175
4944,101;93
4945,101;92
4946,101;101
4947,101;96
4948,101;13127
4949,101;175
4950,101;116
4951,101;103
4952,101;90
4952,55;103
4953,55;13139
4954,55;184
4955,55;80
4956,55;96
4957,55;104
4958,55;102
4959,55;13159
4960,55;180
4961,55;102
4962,55;98
4963,55;81
4964,55;95
4965,55;13157
4966,55;172
4967,55;88
4968,55;93
4969,55;114
4970,55;87
4971,55;13191
4972,55;172
4973,55;88
4974,55;95
4975,55;101
4976,55;119
4977,55;13158
4978,55;166
4979,55;93
4980,55;106
4981,55;102
4982,55;91
4983,55;13126
4984,55;172
4985,55;94
4986,55;112
4987,55;102
4988,55;101
4989,55;13154
4990,55;171
4991,55;97
4992,55;105
4993,55;91
4994,55;100
4995,55;13139
4996,55;163
4997,55;81
4998,55;85
4999,55;83
5000,55;92
5001,55;13133
5002,55;185
5003,55;93
5004,55;92
5005,55;91
5006,55;99
5007,55;13175
5008,55;191
5009,55;91
5010,55;91
5011,55;107
5012,55;102
5013,55;13158
5014,55;200
5015,55;94
5016,55;107
5017,55;91
5018,55;86
5019,55;13103
5020,55;177
5021,55;94
5022,55;97
5023,55;97
5024,55;76
5025,55;13178
5026,55;185
5027,55;99
5028,55;94
5029,55;91
5030,55;95
5031,55;13164
5032,55;196
5033,55;96
5034,55;84
5035,55;105
5036,55;88
5037,55;13166
5038,55;180
5039,55;81
5040,55;99
5041,55;92
5042,55;94
5043,55;13144
5044,55;179
5045,55;80
5046,55;89
5047,55;70
5048,55;71
5049,55;13132
5050,55;162
5051,55;69
5052,55;86
5053,93;94
5054,93;106
5055,93;13158
5056,93;167
5057,93;74
5058,93;84
5059,93;90
5060,93;90
5061,93;13104
5062,93;195
5063,93;73
5064,93;76
5065,93;64
5066,93;68
5067,93;13150
5068,93;177
5069,93;80
5070,93;83
5071,93;80
5072,93;94
5073,93;13146
5074,93;171
5075,93;87
5076,93;65
5077,93;97
5078,93;74
5079,93;13129
5080,93;178
5081,93;73
5082,93;67
5083,93;78
5084,93;75
5085,93;13133
5086,93;171
5087,93;72
5088,93;72
5089,93;70
5090,93;89
5091,93;12800
5092,93;180
5093,93;69
5094,93;68
5095,93;65
5096,93;70
5097,93;13095
5098,93;177
5099,93;68
5100,93;58
5101,93;78
5102,93;73
5103,93;13125
5104,93;172
5105,93;77
5106,93;96
5107,93;74
5108,93;73
5109,93;13134
5110,93;180
5111,93;77
5112,93;65
5113,93;78
5114,93;76
5115,93;13158
5116,93;173
5117,93;71
5118,93;78
5119,93;85
5120,93;88
5121,93;13095
5122,93;173
5123,93;80
5124,93;79
5125,93;72
5126,93;85
5127,93;13141
5128,93;195
5129,93;64
5130,93;96
5131,93;70
5132,93;83
5133,93;13187
5134,93;192
5135,93;55
5136,93;83
5137,93;74
5138,93;97
5139,93;13132
5140,93;203
5141,93;72
5142,93;84
5143,93;95
5144,93;100
5145,93;13125
5146,93;192
5147,93;83
5148,93;65
5149,93;87
5150,93;85
5151,93;13119
5152,93;203
5153,93;72
5155,687;72
5156,687;88
5157,687;93
5158,687;13139
5159,687;198
5160,687;98
5161,687;107
5162,687;96
5163,687;88
5164,687;13118
5165,687;197
5166,687;106
5167,687;90
5168,687;112
5169,687;81
5170,687;13135
5171,687;193
5172,687;96
5173,687;109
5174,687;93
5175,687;88
5176,687;13168
5177,687;205
5178,687;96
5179,687;88
5180,687;103
5181,687;76
5182,687;13185
5183,687;149
5184,687;94
5185,687;90
5186,687;98
5187,687;98
5188,687;13160
5189,687;192
5190,687;88
5191,687;105
5192,687;90
5193,687;98
5194,687;13155
5195,687;241
5196,687;81
5197,687;71
5198,687;111
5199,687;79
5200,687;13124
5201,687;224
5202,687;97
5203,687;105
5204,687;90
5205,687;96
5206,687;13119
5207,687;209
5208,687;92
5209,687;103
5210,687;105
5211,687;115
5212,687;13215
5213,687;133
5214,687;99
5215,687;103
5216,687;85
5217,687;110
5218,687;13114
5219,687;212
5220,687;75
5221,687;87
5222,687;91
5223,687;86
5224,687;13142
5225,687;207
5226,687;73
5227,687;76
5228,687;97
5229,687;90
5230,687;13128
5231,687;206
5232,687;85
5233,687;94
5234,687;93
5235,687;91
5236,687;13137
5237,687;238
5238,687;83
5239,687;100
5240,687;101
5241,687;99
5242,687;13121
5243,687;207
5244,687;87
5245,687;94
5246,687;103
5247,687;93
5248,687;13124
5249,687;206
5250,687;85
5251,687;102
5252,687;95
5253,687;102
5254,687;13125
5255,687;233
5256,687;82
5257,687;101
5258,687;101
5259,687;88
5260,687;13119
5261,687;205
5262,687;99
5263,687;98
5264,687;90
5265,687;88
5266,687;13103
5267,687;237
5268,687;105
5269,687;91
5270,687;105
5271,687;97
5272,687;13151
5273,687;178
5274,687;107
5275,687;77
5276,687;94
5277,687;101
5278,687;13114
5279,687;240
5280,687;95
5281,687;87
5282,687;97
5283,687;96
5284,687;13094
5285,687;217
5286,687;96
5287,687;97
5288,687;86
5289,687;96
5290,687;13138
5291,687;234
5292,687;75
5293,687;76
5294,687;119
5295,687;97
5296,687;13110
5297,687;220
5298,687;86
5299,687;98
5300,687;91
5301,687;71
5302,687;13158
5303,687;170
5304,687;95
5305,687;105
5306,687;96
5307,687;96
5308,687;13109
5309,687;213
5310,687;110
5311,687;76
5312,687;90
5313,687;111
5314,687;13147
5315,687;222
5316,687;82
5317,687;93
5318,687;103
5319,687;107
5320,687;13108
5321,687;213
5322,687;98
5323,687;103
5324,687;103
5325,687;89
5326,687;13111
5327,687;219
5328,687;89
5329,687;79
5330,687;102
5331,687;93
5332,687;13088
5333,687;214
5334,687;76
5335,687;89
5336,687;94
5337,687;94
5338,687;13096
5339,687;231
5340,687;94
5341,687;86
5342,687;95
5343,687;85
5344,687;13118
5345,687;214
5346,687;98
5347,687;85
5348,687;94
5349,687;80
5350,687;13185
5351,687;188
5352,687;77
5353,687;93
5354,687;104
5355,687;96
5356,687;13066
5357,285;217
5358,285;82
5359,285;86
5360,285;107
5361,285;78
5362,285;13083
5363,285;228
5364,285;78
5365,285;82
5366,285;84
5367,285;103
5368,285;13099
5369,285;232
5370,285;86
5371,285;90
5372,285;94
5373,285;98
5374,285;13101
5375,285;224
5376,285;94
5377,285;110
5378,285;91
5379,285;91
5380,285;13062
5381,285;223
5382,285;86
5383,285;70
5384,285;91
5385,285;101
5386,285;13046
5387,285;237
5388,285;78
5389,285;80
5390,285;92
5391,285;82
5392,285;13084
5393,285;233
5394,285;61
5395,285;92
5396,285;80
5397,285;98
5398,285;13075
5399,285;217
5400,285;73
5401,285;87
5402,285;90
5403,285;92
5404,285;12735
5405,285;244
5406,285;94
5407,285;89
5408,285;79
5409,285;91
5410,285;13039
5411,285;235
5412,285;86
5413,285;78
5414,285;70
5415,285;83
5416,285;13057
5417,285;228
5418,285;74
5419,285;96
5420,285;90
5421,285;99
5422,285;13079
5423,285;228
5424,285;71
5425,285;97
5426,285;100
5427,285;89
5428,285;13121
5429,285;241
5430,285;93
5431,285;90
5432,285;88
5433,285;104
5434,285;13109
5435,285;235
5436,285;95
5437,285;83
5438,285;82
5439,285;100
5440,285;13067
5441,285;244
5442,285;89
5443,285;83
5444,285;85
5445,285;95
5446,285;13064
5447,285;248
5448,285;84
5449,285;81
5450,285;90
5451,285;97
5452,285;13084
5453,285;254
5454,285;88
5455,285;89
5456,285;87
5457,285;108
5458,152;13074
5459,152;253
5460,152;96
5461,152;84
5462,152;88
5463,152;78
5464,152;13108
5465,152;258
5466,152;88
5467,152;88
5468,152;100
5469,152;64
5470,152;13082
5471,152;243
5472,152;77
5473,152;98
5474,152;81
5475,152;101
5476,152;13101
5477,152;256
5478,152;102
5479,152;95
5480,152;89
5481,152;82
5482,152;13118
5483,152;189
5484,152;80
5485,152;89
5486,152;92
5487,152;110
5488,152;13092
5489,152;252
5490,152;85
5491,152;86
5492,152;96
5493,152;97
5494,152;13101
5495,152;253
5496,152;94
5497,152;89
5498,152;88
5499,152;90
5500,152;13082
5501,152;260
5502,152;77
5503,152;101
5504,152;95
5505,152;104
5506,152;13075
5507,152;243
5508,152;77
5509,152;96
5510,152;98
5511,152;91
5512,152;13068
5513,152;243
5514,152;91
5515,152;95
5516,152;87
5517,152;101
5518,152;13076
5519,152;241
5520,152;92
5521,152;92
5522,152;87
5523,152;104
5524,152;13039
5525,152;244
5526,152;86
5527,152;95
5528,152;98
5529,152;104
5530,152;13083
5531,152;251
5532,152;96
5533,152;115
5534,152;98
5535,152;83
5536,152;13046
5537,152;247
5538,152;91
5539,152;96
5540,152;102
5541,152;104
5542,152;13101
5543,152;238
5544,152;97
5545,152;99
5546,152;98
5547,152;101
5548,152;13077
5549,152;259
5550,152;110
5551,152;109
5552,152;87
5553,152;106
5554,152;13060
5555,152;289
5556,152;80
5557,152;95
5558,152;109
5558,657;113
5559,657;13072
5560,657;261
5561,657;112
5562,657;110
5563,657;80
5564,657;95
5565,657;13094
5566,657;272
5567,657;105
5568,657;99
5569,657;104
5570,657;96
5571,657;13085
5572,657;242
5573,657;86
5574,657;96
5575,657;105
5576,657;96
5577,657;13060
5578,657;257
5579,657;91
5580,657;96
5581,657;89
5582,657;106
5583,657;13054
5584,657;266
5585,657;95
5586,657;94
5587,657;79
5588,657;94
5589,657;13045
5590,657;260
5591,657;102
5592,657;109
5593,657;108
5594,657;107
5595,657;13039
5596,657;273
5597,657;94
5598,657;100
5599,657;101
5600,657;108
5601,657;13061
5602,657;278
5603,657;103
5604,657;82
5605,657;92
5606,657;80
5607,657;13100
5608,657;268
5609,657;76
5610,657;101
5611,657;106
5612,657;85
5613,657;13091
5614,657;268
5615,657;97
5616,657;116
5617,657;87
5618,657;87
5619,657;13110
5620,657;259
5621,657;101
5622,657;105
5623,657;102
5624,657;105
5625,657;13090
5626,657;269
5627,657;103
5628,657;109
5629,657;79
5630,657;93
5631,657;13048
5632,657;262
5633,657;86
5634,657;92
5635,657;99
5636,657;94
5637,657;13067
5638,657;271
5639,657;86
5640,657;86
5641,657;120
5642,657;102
5643,657;13042
5644,657;265
5645,657;83
5646,657;106
5647,657;89
5648,657;119
5649,657;13072
5650,657;266
5651,657;85
5652,657;110
5653,657;113
5654,657;108
5655,657;13117
5656,657;258
5657,657;106
5658,657;75
5659,809;94
5660,809;93
5661,809;13061
5662,809;262
5663,809;85
5664,809;101
5665,809;85
5666,809;92
5667,809;13083
5668,809;286
5669,809;82
5670,809;90
5671,809;74
5672,809;93
5673,809;13072
5674,809;270
5675,809;67
5676,809;76
5677,809;73
5678,809;86
5679,809;13057
5680,809;251
5681,809;82
5682,809;86
5683,809;102
5684,809;73
5685,809;13061
5686,809;262
5687,809;61
5688,809;74
5689,809;73
5690,809;79
5691,809;13066
5692,809;256
5693,809;76
5694,809;79
5695,809;80
5696,809;89
5697,809;13066
5698,809;262
5699,809;77
5700,809;65
5701,809;86
5702,809;100
5703,809;13037
5704,809;258
5705,809;78
5706,809;82
5707,809;73
5708,809;66
5709,809;13035
5710,809;261
5711,809;64
5712,809;60
5713,809;77
5714,809;83
5715,809;12723
5716,809;261
5717,809;65
5718,809;88
5719,809;70
5720,809;63
5721,809;12987
5722,809;288
5723,809;61
5724,809;68
5725,809;77
5726,809;73
5727,809;13049
5728,809;276
5729,809;71
5730,809;81
5731,809;94
5732,809;72
5733,809;13024
5734,809;280
5735,809;65
5736,809;69
5737,809;80
5738,809;83
5739,809;13124
5740,809;215
5741,809;76
5742,809;68
5743,809;88
5744,809;83
5745,809;13038
5746,809;281
5747,809;68
5748,809;93
5749,809;89
5750,809;70
5751,809;13046
5752,809;289
5753,809;97
5754,809;78
5755,809;88
5756,809;71
5757,809;13020
5758,809;309
5759,809;81
5760,809;78
5761,809;101
5762,809;95
5763,809;13034
5764,809;290
5765,809;84
5766,809;102
5767,809;92
5768,809;102
5769,809;13059
5770,809;283
5771,809;84
5772,809;84
5773,809;99
5774,809;95
5775,809;13022
5776,809;297
5777,809;83
5778,809;77
5779,809;78
5780,809;90
5781,809;13056
5782,809;296
5783,809;89
5784,809;90
5785,809;113
5786,809;110
5787,809;13050
5788,809;305
5789,809;82
5790,809;88
5791,809;83
5792,809;100
5793,809;13042
5794,809;287
5795,809;92
5796,809;79
5797,809;97
5798,809;110
5799,809;13038
5800,809;305
5801,809;82
5802,809;93
5803,809;87
5804,809;119
5805,809;13059
5806,809;307
5807,809;78
5808,809;91
5809,809;88
5810,809;108
5811,809;13019
5812,809;310
5813,809;90
5814,809;96
5815,809;111
5816,809;96
5817,809;13023
5818,809;289
5819,809;104
5820,809;117
5821,809;101
5822,809;100
5823,809;13024
5824,809;325
5825,809;106
5826,809;97
5827,809;103
5828,809;88
5829,809;13018
5830,809;298
5831,809;87
5832,809;82
5833,809;91
5834,809;103
5835,809;13032
5836,809;305
5837,809;95
5838,809;102
5839,809;96
5840,809;84
5841,809;12998
5842,809;283
5843,809;96
5844,809;104
5845,809;117
5846,809;115
5847,809;13017
5848,809;304
5849,809;87
5850,809;113
5851,809;90
5852,809;84
5853,809;12998
5854,809;309
5855,809;73
5856,809;99
5857,809;114
5858,809;83
5859,809;13035
5860,809;319
5862,752;93
5863,752;88
5864,752;105
5865,752;100
5866,752;12982
5867,752;316
5868,752;88
5869,752;101
5870,752;100
5871,752;78
5872,752;13032
5873,752;309
5874,752;100
5875,752;102
5876,752;100
5877,752;104
5878,752;13021
5879,752;305
5880,752;94
5881,752;105
5882,752;101
5883,752;86
5884,752;12993
5885,752;307
5886,752;100
5887,752;97
5888,752;98
5889,752;102
5890,752;13009
5891,752;305
5892,752;107
5893,752;91
5894,752;91
5895,752;94
5896,752;12997
5897,752;313
5898,752;78
5899,752;119
5900,752;114
5901,752;103
5902,752;13010
5903,752;319
5904,752;95
5905,752;108
5906,752;85
5907,752;88
5908,752;13008
5909,752;310
5910,752;85
5911,752;95
5912,752;90
5913,752;105
5914,752;13011
5915,752;299
5916,752;93
5917,752;108
5918,752;103
5919,752;134
5920,752;13020
5921,752;308
5922,752;85
5923,752;115
5924,752;107
5925,752;87
5926,752;12974
5927,752;327
5928,752;87
5929,752;95
5930,752;98
5931,752;83
5932,752;13014
5933,752;332
5934,752;103
5935,752;84
5936,752;101
5937,752;103
5938,752;13010
5939,752;303
5940,752;96
5941,752;72
5942,752;80
5943,752;85
5944,752;13008
5945,752;311
5946,752;87
5947,752;105
5948,752;82
5949,752;107
5950,752;12996
5951,752;302
5952,752;77
5953,752;89
5954,752;96
5955,752;100
5956,752;12999
5957,752;306
5958,752;79
5959,752;82
5960,752;95
5961,752;100
5962,752;12999
5962,56;327
5963,56;96
5964,56;116
5965,56;96
5966,56;101
5967,56;13062
5968,56;264
5969,56;89
5970,56;120
5971,56;91
5972,56;105
5973,56;13000
5974,56;317
5975,56;85
5976,56;76
5977,56;94
5978,56;97
5979,56;12980
5980,56;312
5981,56;94
5982,56;91
5983,56;85
5984,56;103
5985,56;12983
5986,56;322
5987,56;88
5988,56;97
5989,56;87
5990,56;94
5991,56;12987
5992,56;326
5993,56;84
5994,56;81
5995,56;99
5996,56;90
5997,56;12970
5998,56;318
5999,56;91
6000,56;73
6001,56;94
6002,56;88
6003,56;12995
6004,56;318
6005,56;103
6006,56;82
6007,56;96
6008,56;107
6009,56;12986
6010,56;314
6011,56;82
6012,56;98
6013,56;84
6014,56;90
6015,56;12983
6016,56;322
6017,56;86
6018,56;80
6019,56;76
6020,56;85
6021,56;12992
6022,56;318
6023,56;86
6024,56;89
6025,56;100
6026,56;87
6027,56;12707
6028,56;320
6029,56;77
6030,56;78
6031,56;79
6032,56;95
6033,56;12920
6034,56;342
6035,56;82
6036,56;84
6037,56;86
6038,56;71
6039,56;12974
6040,56;319
6041,56;90
6042,56;102
6043,56;83
6044,56;103
6045,56;12995
6046,56;336
6047,56;96
6048,56;83
6049,56;73
6050,56;88
6051,56;13021
6052,56;315
6053,56;80
6054,56;82
6055,56;86
6056,56;92
6057,56;12981
6058,56;326
6059,56;96
6060,56;77
6061,56;107
6062,56;89
6064,36;12970
6065,36;330
6066,36;83
6067,36;95
6068,36;74
6069,36;99
6070,36;12995
6071,36;332
6072,36;95
6073,36;80
6074,36;82
6075,36;97
6076,36;12967
6077,36;336
6078,36;94
6079,36;83
6080,36;100
6081,36;100
6082,36;12988
6083,36;338
6084,36;86
6085,36;90
6086,36;85
6087,36;98
6088,36;13093
6089,36;228
6090,36;75
6091,36;80
6092,36;88
6093,36;85
6094,36;12975
6095,36;337
6096,36;96
6097,36;103
6098,36;100
6099,36;102
6100,36;12968
6101,36;334
6102,36;85
6103,36;93
6104,36;100
6105,36;88
6106,36;12979
6107,36;335
6108,36;105
6109,36;77
6110,36;103
6111,36;99
6112,36;12980
6113,36;364
6114,36;74
6115,36;103
6116,36;96
6117,36;96
6118,36;12979
6119,36;349
6120,36;80
6121,36;84
6122,36;101
6123,36;90
6124,36;12960
6125,36;352
6126,36;111
6127,36;103
6128,36;91
6129,36;101
6130,36;13013
6131,36;327
6132,36;103
6133,36;96
6134,36;106
6135,36;96
6136,36;12983
6137,36;369
6138,36;77
6139,36;96
6140,36;90
6141,36;97
6142,36;12948
6143,36;340
6144,36;80
6145,36;109
6146,36;103
6147,36;96
6148,36;12952
6149,36;341
6150,36;87
6151,36;114
6152,36;94
6153,36;95
6154,36;13006
6155,36;339
6156,36;102
6157,36;94
6158,36;91
6159,36;106
6160,36;12981
6161,36;337
6162,36;94
6163,36;104
6164,36;100
6165,517;105
6166,517;12949
6167,517;347
6168,517;85
6169,517;89
6170,517;94
6171,517;94
6172,517;12976
6173,517;356
6174,517;103
6175,517;99
6176,517;101
6177,517;94
6178,517;12998
6179,517;344
6180,517;85
6181,517;100
6182,517;115
6183,517;99
6184,517;13006
6185,517;354
6186,517;86
6187,517;76
6188,517;101
6189,517;97
6190,517;13012
6191,517;349
6192,517;85
6193,517;89
6194,517;88
6195,517;103
6196,517;12985
6197,517;349
6198,517;86
6199,517;105
6200,517;101
6201,517;107
6202,517;12974
6203,517;364
6204,517;88
6205,517;102
6206,517;91
6207,517;103
6208,517;12966
6209,517;366
6210,517;101
6211,517;109
6212,517;97
6213,517;108
6214,517;12963
6215,517;357
6216,517;87
6217,517;86
6218,517;78
6219,517;92
6220,517;12960
6221,517;352
6222,517;96
6223,517;101
6224,517;89
6225,517;109
6226,517;12954
6227,517;352
6228,517;78
6229,517;83
6230,517;91
6231,517;86
6232,517;12980
6233,517;359
6234,517;111
6235,517;102
6236,517;103
6237,517;103
6238,517;12969
6239,517;381
6240,517;93
6241,517;97
6242,517;108
6243,517;83
6244,517;12987
6245,517;378
6246,517;107
6247,517;89
6248,517;112
6249,517;112
6250,517;12959
6251,517;375
6252,517;86
6253,517;77
6254,517;97
6255,517;115
6256,517;12987
6257,517;363
6258,517;71
6259,517;130
6260,517;93
6261,517;91
6262,517;12971
6263,517;353
6264,517;81
6265,517;97
6265,517;115
6266,517;94
6267,517;12977
6268,517;364
6269,517;78
6270,517;80
6271,517;94
6272,517;96
6273,517;12967
6274,517;345
6275,517;72
6276,517;96
6277,517;87
6278,517;90
6279,517;12938
6280,517;366
6281,517;91
6282,517;99
6283,517;121
6284,517;100
6285,517;12974
6286,517;363
6287,517;101
6288,517;89
6289,517;98
6290,517;108
6291,517;12975
6292,517;363
6293,517;87
6294,517;100
6295,517;85
6296,517;74
6297,517;12977
6298,517;354
6299,517;90
6300,517;84
6301,517;97
6302,517;92
6303,517;12943
6304,517;353
6305,517;86
6306,517;91
6307,517;84
6308,517;89
6309,517;12977
6310,517;372
6311,517;64
6312,517;80
6313,517;74
6314,517;84
6315,517;12954
6316,517;350
6317,517;79
6318,517;75
6319,517;82
6320,517;78
6321,517;12940
6322,517;362
6323,517;83
6324,517;83
6325,517;67
6326,517;71
6327,517;12975
6328,517;363
6329,517;73
6330,517;63
6331,517;83
6332,517;97
6333,517;12938
6334,517;343
6335,517;69
6336,517;55
6337,517;68
6338,517;77
6339,517;12613
6340,517;371
6341,517;72
6342,517;93
6343,517;69
6344,517;70
6345,517;12888
6346,517;363
6347,517;74
6348,517;75
6349,517;75
6350,517;69
6351,517;12946
6352,517;348
6353,517;71
6354,517;71
6355,517;72
6356,517;79
6357,517;12947
6358,517;356
6359,517;83
6360,517;83
6361,517;83
6362,517;93
6363,517;12956
6364,517;360
6365,517;85
6366,924;84
6367,924;89
6368,924;95
6369,924;12972
6370,924;374
6371,924;102
6372,924;82
6373,924;96
6374,924;92
6375,924;12963
6376,924;375
6377,924;88
6378,924;85
6379,924;96
6380,924;78
6381,924;12972
6382,924;368
6383,924;88
6384,924;93
6385,924;104
6386,924;80
6387,924;12944
6388,924;377
6389,924;86
6390,924;88
6391,924;87
6392,924;105
6393,924;12964
6394,924;375
6395,924;86
6396,924;93
6397,924;94
6398,924;96
6399,924;12960
6400,924;385
6401,924;96
6402,924;86
6403,924;76
6404,924;84
6405,924;12947
6406,924;384
6407,924;101
6408,924;84
6409,924;99
6410,924;106
6411,924;12965
6412,924;377
6413,924;96
6414,924;105
6415,924;97
6416,924;96
6417,924;12939
6418,924;400
6419,924;84
6420,924;93
6421,924;94
6422,924;95
6423,924;12943
6424,924;363
6425,924;107
6426,924;95
6427,924;118
6428,924;112
6429,924;12991
6430,924;381
6431,924;108
6432,924;93
6433,924;105
6434,924;104
6435,924;12948
6436,924;384
6437,924;67
6438,924;110
6439,924;94
6440,924;113
6441,924;12926
6442,924;389
6443,924;84
6444,924;114
6445,924;105
6446,924;118
6447,924;12934
6448,924;380
6449,924;99
6450,924;107
6451,924;100
6452,924;90
6453,924;12936
6454,924;385
6455,924;78
6456,924;87
6457,924;103
6458,924;98
6459,924;12969
6460,924;404
6461,924;91
6462,924;103
6463,924;102
6464,924;124
6465,924;12929
6466,924;413
6468,227;84
6469,227;105
6470,227;114
6471,227;94
6472,227;12969
6473,227;384
6474,227;93
6475,227;81
6476,227;92
6477,227;101
6478,227;12905
6479,227;398
6480,227;88
6481,227;84
6482,227;108
6483,227;96
6484,227;12924
6485,227;415
6486,227;92
6487,227;100
6488,227;101
6489,227;86
6490,227;12971
6491,227;391
6492,227;97
6493,227;90
6494,227;109
6495,227;107
6496,227;12911
6497,227;397
6498,227;77
6499,227;76
6500,227;101
6501,227;105
6502,227;12961
6503,227;401
6504,227;88
6505,227;115
6506,227;128
6507,227;110
6508,227;12936
6509,227;389
6510,227;96
6511,227;103
6512,227;104
6513,227;93
6514,227;12959
6515,227;409
6516,227;88
6517,227;86
6518,227;105
6519,227;100
6520,227;12934
6521,227;387
6522,227;101
6523,227;96
6524,227;99
6525,227;95
6526,227;12900
6527,227;404
6528,227;88
6529,227;99
6530,227;107
6531,227;111
6532,227;12909
6533,227;392
6534,227;91
6535,227;96
6536,227;95
6537,227;83
6538,227;12933
6539,227;415
6540,227;80
6541,227;89
6542,227;105
6543,227;93
6544,227;12865
6545,227;391
6546,227;82
6547,227;74
6548,227;96
6549,227;112
6550,227;12933
6551,227;398
6552,227;91
6553,227;94
6554,227;99
6555,227;74
6556,227;12919
6557,227;400
6558,227;79
6559,227;99
6560,227;103
6561,227;88
6562,227;12903
6563,227;410
6564,227;78
6565,227;96
6566,227;98
6567,227;109
6568,227;12942
6569,12;399
6570,12;107
6571,12;84
6572,12;94
6573,12;98
6574,12;12903
6575,12;400
6576,12;75
6577,12;81
6578,12;98
6579,12;99
6580,12;12899
6581,12;410
6582,12;99
6583,12;88
6584,12;93
6585,12;98
6586,12;12895
6587,12;408
6588,12;100
6589,12;89
6590,12;89
6591,12;86
6592,12;12888
6593,12;396
6594,12;92
6595,12;82
6596,12;107
6597,12;100
6598,12;12939
6599,12;414
6600,12;85
6601,12;89
6602,12;98
6603,12;85
6604,12;12897
6605,12;405
6606,12;92
6607,12;90
6608,12;92
6609,12;85
6610,12;12916
6611,12;400
6612,12;77
6613,12;95
6614,12;90
6615,12;92
6616,12;12883
6617,12;425
6618,12;98
6619,12;93
6620,12;98
6621,12;90
6622,12;12937
6623,12;408
6624,12;83
6625,12;99
6626,12;93
6627,12;83
6628,12;12927
6629,12;400
6630,12;101
6631,12;88
6632,12;86
6633,12;87
6634,12;12910
6635,12;437
6636,12;91
6637,12;81
6638,12;94
6639,12;93
6640,12;12889
6641,12;393
6642,12;87
6643,12;65
6644,12;72
6645,12;77
6646,12;12905
6647,12;391
6648,12;75
6649,12;92
6650,12;87
6651,12;86
6652,12;12617
6653,12;363
6654,12;69
6655,12;97
6656,12;94
6657,12;88
6658,12;12822
6659,12;401
6660,12;78
6661,12;94
6662,12;73
6663,12;81
6664,12;12864
6665,12;412
6666,12;99
6667,12;93
6668,12;75
6669,12;98
6670,183;12999
6671,183;313
6672,183;81
6673,183;90
6674,183;72
6675,183;92
6676,183;12909
6677,183;412
6678,183;74
6679,183;83
6680,183;109
6681,183;77
6682,183;12910
6683,183;407
6684,183;86
6685,183;82
6686,183;87
6687,183;96
6688,183;12915
6689,183;428
6690,183;94
6691,183;85
6692,183;88
6693,183;93
6694,183;12896
6695,183;422
6696,183;78
6697,183;87
6698,183;113
6699,183;76
6700,183;12877
6701,183;426
6702,183;86
6703,183;78
6704,183;112
6705,183;97
6706,183;12906
6707,183;411
6708,183;83
6709,183;90
6710,183;91
6711,183;114
6712,183;12928
6713,183;437
6714,183;88
6715,183;87
6716,183;105
6717,183;88
6718,183;12917
6719,183;414
6720,183;91
6721,183;86
6722,183;78
6723,183;94
6724,183;12968
6725,183;365
6726,183;78
6727,183;83
6728,183;95
6729,183;84
6730,183;12856
6731,183;425
6732,183;79
6733,183;94
6734,183;91
6735,183;121
6736,183;12901
6737,183;439
6738,183;84
6739,183;87
6740,183;93
6741,183;92
6742,183;12851
6743,183;432
6744,183;84
6745,183;86
6746,183;93
6747,183;100
6748,183;12893
6749,183;426
6750,183;86
6751,183;98
6752,183;90
6753,183;106
6754,183;12878
6755,183;432
6756,183;96
6757,183;91
6758,183;97
6759,183;90
6760,183;12901
6761,183;430
6762,183;82
6763,183;105
6764,183;101
6765,183;90
6766,183;12874
6767,183;457
6768,183;91
6769,183;99
6770,183;104
6770,45;108
6771,45;12911
6772,45;433
6773,45;87
6774,45;91
6775,45;96
6776,45;107
6777,45;12877
6778,45;440
6779,45;98
6780,45;94
6781,45;90
6782,45;103
6783,45;12897
6784,45;425
6785,45;85
6786,45;80
6787,45;105
6788,45;101
6789,45;12891
6790,45;433
6791,45;100
6792,45;86
6793,45;84
6794,45;110
6795,45;12944
6796,45;386
6797,45;99
6798,45;112
6799,45;102
6800,45;108
6801,45;12864
6802,45;444
6803,45;90
6804,45;93
6805,45;84
6806,45;102
6807,45;12890
6808,45;444
6809,45;92
6810,45;96
6811,45;92
6812,45;85
6813,45;12872
6814,45;435
6815,45;98
6816,45;84
6817,45;92
6818,45;96
6819,45;12863
6820,45;448
6821,45;81
6822,45;101
6823,45;96
6824,45;109
6825,45;12874
6826,45;448
6827,45;123
6828,45;94
6829,45;105
6830,45;120
6831,45;12879
6832,45;448
6833,45;96
6834,45;85
6835,45;110
6836,45;118
6837,45;12888
6838,45;452
6839,45;99
6840,45;95
6841,45;106
6842,45;108
6843,45;12896
6844,45;442
6845,45;82
6846,45;109
6847,45;100
6848,45;96
6849,45;12864
6850,45;456
6851,45;100
6852,45;114
6853,45;88
6854,45;120
6855,45;12896
6856,45;444
6857,45;96
6858,45;92
6859,45;116
6860,45;107
6861,45;12888
6862,45;448
6863,45;93
6864,45;89
6865,45;102
6866,45;109
6867,45;12891
6868,45;452
6869,45;74
6870,45;114
6871,45;116
6872,45;118
6873,45;12883
6874,45;455
6875,45;75
6876,45;106
6877,45;97
6878,45;109
6879,45;12871
6880,45;454
6881,45;100
6882,45;92
6883,45;90
6884,45;95
6885,45;12898
6886,45;449
6887,45;87
6888,45;94
6889,45;112
6890,45;99
6891,45;12879
6892,45;458
6893,45;84
6894,45;98
6895,45;109
6896,45;87
6897,45;12883
6898,45;443
6899,45;82
6900,45;100
6901,45;94
6902,45;123
6903,45;12868
6904,45;450
6905,45;94
6906,45;91
6907,45;91
6908,45;85
6909,45;12898
6910,45;469
6911,45;94
6912,45;99
6913,45;80
6914,45;96
6915,45;12877
6916,45;442
6917,45;114
6918,45;85
6919,45;70
6920,45;98
6921,45;12864
6922,45;454
6923,45;91
6924,45;83
6925,45;84
6926,45;100
6927,45;12873
6928,45;478
6929,45;86
6930,45;87
6931,45;104
6932,45;87
6933,45;12886
6934,45;440
6935,45;88
6936,45;87
6937,45;89
6938,45;85
6939,45;12869
6940,45;454
6941,45;71
6942,45;94
6943,45;101
6944,45;102
6945,45;12861
6946,45;443
6947,45;95
6948,45;88
6949,45;88
6950,45;95
6951,45;12872
6952,45;434
6953,45;92
6954,45;90
6955,45;76
6956,45;78
6957,45;12868
6958,45;454
6959,45;75
6960,45;75
6961,45;70
6962,45;83
6963,45;12527
6964,45;464
6965,45;76
6966,45;71
6967,45;88
6968,45;76
6969,45;12809
6970,45;463
6971,45;71
6973,028;78
6974,028;72
6975,028;82
6976,028;12855
6977,028;447
6978,028;100
6979,028;86
6980,028;92
6981,028;97
6982,028;12851
6983,028;457
6984,028;88
6985,028;99
6986,028;95
6987,028;87
6988,028;12890
6989,028;454
6990,028;83
6991,028;76
6992,028;83
6993,028;90
6994,028;12893
6995,028;457
6996,028;77
6997,028;98
6998,028;80
6999,028;102
7000,028;12863
7001,028;461
7002,028;89
7003,028;95
7004,028;73
7005,028;111
7006,028;12865
7007,028;464
7008,028;78
7009,028;90
7010,028;99
7011,028;99
7012,028;12882
7013,028;473
7014,028;90
7015,028;111
7016,028;89
7017,028;84
7018,028;12908
7019,028;488
7020,028;93
7021,028;97
7022,028;93
7023,028;104
7024,028;12861
7025,028;492
7026,028;96
7027,028;94
7028,028;92
7029,028;117
7030,028;12865
7031,028;485
7032,028;104
7033,028;92
7034,028;103
7035,028;100
7036,028;12856
7037,028;482
7038,028;90
7039,028;94
7040,028;102
7041,028;93
7042,028;12845
7043,028;467
7044,028;100
7045,028;109
7046,028;102
7047,028;101
7048,028;12852
7049,028;468
7050,028;105
7051,028;99
7052,028;104
7053,028;108
7054,028;12859
7055,028;466
7056,028;99
7057,028;92
7058,028;104
7059,028;107
7060,028;12830
7061,028;491
7062,028;97
7063,028;81
7064,028;112
7065,028;100
7066,028;12865
7067,028;473
7068,028;92
7069,028;97
7070,028;94
7071,028;107
7072,028;12840
7073,028;481
7074,201;92
7075,201;88
7076,201;112
7077,201;109
7078,201;12810
7079,201;493
7080,201;88
7081,201;107
7082,201;111
7083,201;108
7084,201;12853
7085,201;491
7086,201;105
7087,201;102
7088,201;101
7089,201;102
7090,201;12884
7091,201;476
7092,201;103
7093,201;101
7094,201;91
7095,201;96
7096,201;12844
7097,201;493
7098,201;82
7099,201;88
7100,201;103
7101,201;99
7102,201;12790
7103,201;494
7104,201;111
7105,201;104
7106,201;87
7107,201;88
7108,201;12858
7109,201;495
7110,201;96
7111,201;98
7112,201;107
7113,201;99
7114,201;12844
7115,201;502
7116,201;109
7117,201;97
7118,201;81
7119,201;92
7120,201;12862
7121,201;477
7122,201;95
7123,201;97
7124,201;69
7125,201;110
7126,201;12849
7127,201;491
7128,201;99
7129,201;102
7130,201;91
7131,201;106
7132,201;12856
7133,201;491
7134,201;76
7135,201;91
7136,201;95
7137,201;100
7138,201;12906
7139,201;452
7140,201;96
7141,201;113
7142,201;113
7143,201;109
7144,201;12833
7145,201;490
7146,201;84
7147,201;80
7148,201;103
7149,201;115
7150,201;12837
7151,201;502
7152,201;103
7153,201;96
7154,201;104
7155,201;107
7156,201;12834
7157,201;488
7158,201;93
7159,201;89
7160,201;106
7161,201;107
7162,201;12834
7163,201;490
7164,201;94
7165,201;94
7166,201;96
7167,201;108
7168,201;12858
7169,201;501
7170,201;89
7171,201;82
7172,201;102
7173,201;99
7174,201;12845
7174,822;490
7175,822;90
7176,822;98
7177,822;103
7178,822;93
7179,822;12859
7180,822;499
7181,822;88
7182,822;102
7183,822;107
7184,822;108
7185,822;12804
7186,822;490
7187,822;88
7188,822;93
7189,822;91
7190,822;90
7191,822;12868
7192,822;488
7193,822;91
7194,822;101
7195,822;95
7196,822;100
7197,822;12808
7198,822;500
7199,822;78
7200,822;109
7201,822;113
7202,822;100
7203,822;12800
7204,822;504
7205,822;77
7206,822;87
7207,822;85
7208,822;88
7209,822;12820
7210,822;498
7211,822;84
7212,822;90
7213,822;95
7214,822;97
7215,822;12795
7216,822;500
7217,822;80
7218,822;91
7219,822;81
7220,822;100
7221,822;12828
7222,822;500
7223,822;83
7224,822;97
7225,822;92
7226,822;101
7227,822;12844
7228,822;518
7229,822;74
7230,822;81
7231,822;105
7232,822;75
7233,822;12850
7234,822;488
7235,822;85
7236,822;98
7237,822;81
7238,822;94
7239,822;12843
7240,822;503
7241,822;89
7242,822;91
7243,822;97
7244,822;82
7245,822;12818
7246,822;485
7247,822;81
7248,822;81
7249,822;78
7250,822;94
7251,822;12845
7252,822;491
7253,822;89
7254,822;94
7255,822;94
7256,822;73
7257,822;12796
7258,822;510
7259,822;65
7260,822;86
7261,822;95
7262,822;82
7263,822;12809
7264,822;484
7265,822;100
7266,822;83
7267,822;85
7268,822;105
7269,822;12822
7270,822;504
7271,822;84
7272,822;65
7273,822;89
7274,822;84
7276,218;12606
7277,218;391
7278,218;92
7279,218;75
7280,218;91
7281,218;86
7282,218;12736
7283,218;502
7284,218;74
7285,218;104
7286,218;77
7287,218;87
7288,218;12787
7289,218;537
7290,218;97
7291,218;87
7292,218;79
7293,218;83
7294,218;12806
7295,218;486
7296,218;79
7297,218;92
7298,218;79
7299,218;84
7300,218;12906
7301,218;396
7302,218;87
7303,218;92
7304,218;116
7305,218;78
7306,218;12793
7307,218;513
7308,218;78
7309,218;80
7310,218;83
7311,218;109
7312,218;12813
7313,218;525
7314,218;94
7315,218;96
7316,218;76
7317,218;72
7318,218;12778
7319,218;497
7320,218;90
7321,218;101
7322,218;75
7323,218;93
7324,218;12770
7325,218;510
7326,218;82
7327,218;102
7328,218;96
7329,218;102
7330,218;12787
7331,218;507
7332,218;87
7333,218;88
7334,218;104
7335,218;107
7336,218;12811
7337,218;514
7338,218;93
7339,218;87
7340,218;92
7341,218;103
7342,218;12808
7343,218;523
7344,218;90
7345,218;97
7346,218;88
7347,218;91
7348,218;12807
7349,218;511
7350,218;90
7351,218;96
7352,218;103
7353,218;97
7354,218;12787
7355,218;519
7356,218;99
7357,218;89
7358,218;93
7359,218;81
7360,218;12772
7361,218;509
7362,218;87
7363,218;96
7364,218;96
7365,218;113
7366,218;12820
7367,218;463
7368,218;101
7369,218;96
7370,218;109
7371,218;121
7372,218;12784
7373,218;527
7374,218;95
7375,218;85
7376,218;96
7377,218;93
7378,218;12837
7379,218;538
7380,218;115
7381,218;88
7382,218;92
7383,218;124
7384,218;12764
7385,218;529
7386,218;91
7387,218;90
7388,218;113
7389,218;96
7390,218;12781
7391,218;533
7392,218;91
7393,218;100
7394,218;90
7395,218;93
7396,218;12779
7397,218;532
7398,218;85
7399,218;117
7400,218;100
7401,218;93
7402,218;12780
7403,218;531
7404,218;90
7405,218;90
7406,218;96
7407,218;85
7408,218;12799
7409,218;528
7410,218;87
7411,218;106
7412,218;113
7413,218;95
7414,218;12757
7415,218;530
7416,218;102
7417,218;92
7418,218;102
7419,218;99
7420,218;12766
7421,218;522
7422,218;96
7423,218;86
7424,218;93
7425,218;99
7426,218;12788
7427,218;525
7428,218;101
7429,218;97
7430,218;115
7431,218;100
7432,218;12794
7433,218;530
7434,218;102
7435,218;113
7436,218;106
7437,218;96
7438,218;12795
7439,218;539
7440,218;95
7441,218;86
7442,218;101
7443,218;91
7444,218;12756
7445,218;533
7446,218;100
7447,218;99
7448,218;100
7449,218;107
7450,218;12802
7451,218;531
7452,218;97
7453,218;79
7454,218;98
7455,218;96
7456,218;12757
7457,218;541
7458,218;87
7459,218;101
7460,218;105
7461,218;97
7462,218;12754
7463,218;542
7464,218;98
7465,218;90
7466,218;104
7467,218;101
7468,218;12778
7469,218;557
7470,218;99
7471,218;93
7472,218;100
7473,218;115
7474,218;12815
7475,218;560
7476,218;83
7477,218;100
7478,174;95
7479,174;94
7480,174;12786
7481,174;537
7482,174;88
7483,174;79
7484,174;107
7485,174;94
7486,174;12780
7487,174;539
7488,174;93
7489,174;102
7490,174;92
7491,174;97
7492,174;12795
7493,174;534
7494,174;111
7495,174;91
7496,174;109
7497,174;90
7498,174;12792
7499,174;524
7500,174;102
7501,174;106
7502,174;87
7503,174;109
7504,174;12787
7505,174;528
7506,174;102
7507,174;107
7508,174;90
7509,174;93
7510,174;12773
7511,174;526
7512,174;81
7513,174;106
7514,174;126
7515,174;86
7516,174;12780
7517,174;533
7518,174;80
7519,174;88
7520,174;115
7521,174;107
7522,174;12775
7523,174;544
7524,174;100
7525,174;74
7526,174;111
7527,174;95
7528,174;12779
7529,174;545
7530,174;113
7531,174;100
7532,174;87
7533,174;102
7534,174;12793
7535,174;548
7536,174;83
7537,174;86
7538,174;98
7539,174;100
7540,174;12789
7541,174;543
7542,174;93
7543,174;107
7544,174;109
7545,174;96
7546,174;12765
7547,174;530
7548,174;82
7549,174;106
7550,174;92
7551,174;102
7552,174;12781
7553,174;537
7554,174;93
7555,174;99
7556,174;86
7557,174;83
7558,174;12798
7559,174;552
7560,174;81
7561,174;93
7562,174;96
7563,174;83
7564,174;12753
7565,174;545
7566,174;103
7567,174;72
7568,174;92
7569,174;89
7570,174;12811
7571,174;547
7572,174;65
7573,174;98
7574,174;100
7575,174;84
7576,174;12790
7577,174;536
7578,174;94
7578,889;80
7579,889;80
7580,889;85
7581,889;12769
7582,889;551
7583,889;87
7584,889;95
7585,889;85
7586,889;68
7587,889;12461
7588,889;557
7589,889;77
7590,889;84
7591,889;70
7592,889;74
7593,889;12713
7594,889;552
7595,889;89
7596,889;82
7597,889;76
7598,889;89
7599,889;12772
7600,889;555
7601,889;89
7602,889;86
7603,889;99
7604,889;83
7605,889;12765
7606,889;546
7607,889;93
7608,889;90
7609,889;88
7610,889;84
7611,889;12755
7612,889;545
7613,889;88
7614,889;86
7615,889;91
7616,889;93
7617,889;12761
7618,889;563
7619,889;97
7620,889;92
7621,889;92
7622,889;87
7623,889;12753
7624,889;548
7625,889;114
7626,889;75
7627,889;87
7628,889;104
7629,889;12779
7630,889;563
7631,889;85
7632,889;95
7633,889;94
7634,889;96
7635,889;12771
7636,889;556
7637,889;85
7638,889;102
7639,889;80
7640,889;91
7641,889;12775
7642,889;564
7643,889;92
7644,889;91
7645,889;101
7646,889;97
7647,889;12751
7648,889;564
7649,889;85
7650,889;83
7651,889;82
7652,889;80
7653,889;12781
7654,889;574
7655,889;95
7656,889;101
7657,889;76
7658,889;113
7659,889;12741
7660,889;593
7661,889;93
7662,889;91
7663,889;96
7664,889;101
7665,889;12723
7666,889;574
7667,889;107
7668,889;104
7669,889;100
7670,889;86
7671,889;12773
7672,889;564
7673,889;103
7674,889;91
7675,889;100
7676,889;104
7677,889;12755
7678,889;560
7680,019;104
7681,019;97
7682,019;115
7683,019;114
7684,019;12762
7685,019;574
7686,019;91
7687,019;103
7688,019;106
7689,019;123
7690,019;12735
7691,019;573
7692,019;83
7693,019;102
7694,019;97
7695,019;100
7696,019;12765
7697,019;587
7698,019;98
7699,019;92
7700,019;84
7701,019;94
7702,019;12766
7703,019;586
7704,019;90
7705,019;111
7706,019;100
7707,019;79
7708,019;12772
7709,019;578
7710,019;93
7711,019;108
7712,019;89
7713,019;112
7714,019;12768
7715,019;576
7716,019;100
7717,019;101
7718,019;101
7719,019;89
7720,019;12760
7721,019;583
7722,019;101
7723,019;100
7724,019;108
7725,019;111
7726,019;12733
7727,019;570
7728,019;105
7729,019;101
7730,019;85
7731,019;91
7732,019;12821
7733,019;574
7734,019;92
7735,019;79
7736,019;98
7737,019;106
7738,019;12732
7739,019;589
7740,019;90
7741,019;84
7742,019;86
7743,019;102
7744,019;12725
7745,019;576
7746,019;65
7747,019;101
7748,019;120
7749,019;122
7750,019;12757
7751,019;574
7752,019;84
7753,019;83
7754,019;115
7755,019;93
7756,019;12741
7757,019;579
7758,019;108
7759,019;98
7760,019;120
7761,019;101
7762,019;12743
7763,019;559
7764,019;89
7765,019;96
7766,019;104
7767,019;110
7768,019;12719
7769,019;599
7770,019;91
7771,019;99
7772,019;90
7773,019;90
7774,019;12759
7775,019;584
7776,019;87
7777,019;114
7778,019;89
7779,019;103
7780,019;12757
7780,8;590
7781,8;102
7782,8;80
7783,8;96
7784,8;85
7785,8;12691
7786,8;574
7787,8;98
7788,8;93
7789,8;94
7790,8;98
7791,8;12737
7792,8;572
7793,8;98
7794,8;101
7795,8;85
7796,8;72
7797,8;12756
7798,8;593
7799,8;85
7800,8;88
7801,8;93
7802,8;92
7803,8;12720
7804,8;597
7805,8;106
7806,8;107
7807,8;80
7808,8;98
7809,8;12721
7810,8;560
7811,8;82
7812,8;87
7813,8;82
7814,8;101
7815,8;12741
7816,8;590
7817,8;103
7818,8;90
7819,8;91
7820,8;106
7821,8;12734
7822,8;585
7823,8;90
7824,8;97
7825,8;116
7826,8;128
7827,8;12746
7828,8;570
7829,8;93
7830,8;103
7831,8;107
7832,8;109
7833,8;12756
7834,8;589
7835,8;92
7836,8;83
7837,8;99
7838,8;99
7839,8;12675
7840,8;601
7841,8;86
7842,8;90
7843,8;86
7844,8;104
7845,8;12715
7846,8;592
7847,8;78
7848,8;86
7849,8;79
7850,8;83
7851,8;12738
7852,8;584
7853,8;88
7854,8;93
7855,8;84
7856,8;85
7857,8;12710
7858,8;591
7859,8;101
7860,8;90
7861,8;74
7862,8;91
7863,8;12716
7864,8;589
7865,8;73
7866,8;98
7867,8;80
7868,8;99
7869,8;12701
7870,8;584
7871,8;99
7872,8;68
7873,8;98
7874,8;84
7875,8;12709
7876,8;591
7877,8;101
7878,8;97
7879,8;81
7880,8;103
7881,8;12677
7882,8;589
7883,8;93
7884,8;85
7885,8;87
7886,8;96
7887,8;12704
7888,8;581
7889,8;80
7890,8;88
7891,8;88
7892,8;77
7893,8;12722
7894,8;579
7895,8;77
7896,8;76
7897,8;90
7898,8;98
7899,8;12397
7900,8;591
7901,8;83
7902,8;91
7903,8;96
7904,8;96
7905,8;12608
7906,8;596
7907,8;82
7908,8;83
7909,8;81
7910,8;92
7911,8;12669
7912,8;600
7913,8;67
7914,8;95
7915,8;82
7916,8;78
7917,8;12702
7918,8;588
7919,8;98
7920,8;91
7921,8;91
7922,8;88
7923,8;12686
7924,8;599
7925,8;79
7926,8;82
7927,8;96
7928,8;94
7929,8;12713
7930,8;590
7931,8;89
7932,8;81
7933,8;89
7934,8;74
7935,8;12687
7936,8;625
7937,8;91
7938,8;102
7939,8;80
7940,8;101
7941,8;12784
7942,8;533
7943,8;79
7944,8;88
7945,8;92
7946,8;94
7947,8;12716
7948,8;605
7949,8;78
7950,8;98
7951,8;84
7952,8;91
7953,8;12717
7954,8;611
7955,8;88
7956,8;86
7957,8;90
7958,8;86
7959,8;12681
7960,8;606
7961,8;76
7962,8;77
7963,8;98
7964,8;91
7965,8;12682
7966,8;598
7967,8;88
7968,8;98
7969,8;90
7970,8;82
7971,8;12686
7972,8;614
7973,8;91
7974,8;91
7975,8;92
7976,8;98
7977,8;12715
7978,8;615
7979,8;103
7980,8;97
7981,8;87
7983,106;92
7984,106;12756
7985,106;561
7986,106;93
7987,106;93
7988,106;86
7989,106;115
7990,106;12711
7991,106;598
7992,106;93
7993,106;99
7994,106;88
7995,106;95
7996,106;12701
7997,106;618
7998,106;88
7999,106;116
8000,106;99
8001,106;99
8002,106;12679
8003,106;606
8004,106;102
8005,106;90
8006,106;109
8007,106;106
8008,106;12698
8009,106;614
8010,106;106
8011,106;96
8012,106;112
8013,106;90
8014,106;12668
8015,106;616
8016,106;89
8017,106;103
8018,106;113
8019,106;96
8020,106;12680
8021,106;622
8022,106;85
8023,106;95
8024,106;106
8025,106;90
8026,106;12690
8027,106;609
8028,106;100
8029,106;105
8030,106;119
8031,106;91
8032,106;12659
8033,106;618
8034,106;75
8035,106;85
8036,106;98
8037,106;89
8038,106;12690
8039,106;621
8040,106;101
8041,106;81
8042,106;96
8043,106;97
8044,106;12710
8045,106;617
8046,106;83
8047,106;83
8048,106;98
8049,106;98
8050,106;12687
8051,106;629
8052,106;86
8053,106;95
8054,106;95
8055,106;98
8056,106;12706
8057,106;621
8058,106;95
8059,106;103
8060,106;85
8061,106;106
8062,106;12728
8063,106;635
8064,106;95
8065,106;79
8066,106;97
8067,106;80
8068,106;12719
8069,106;619
8070,106;79
8071,106;103
8072,106;106
8073,106;108
8074,106;12705
8075,106;630
8076,106;96
8077,106;103
8078,106;91
8079,106;109
8080,106;12677
8081,106;641
8082,106;95
8083,106;90
8083,658;94
8084,658;97
8085,658;12698
8086,658;617
8087,658;101
8088,658;106
8089,658;110
8090,658;113
8091,658;12687
8092,658;618
8093,658;98
8094,658;90
8095,658;83
8096,658;119
8097,658;12679
8098,658;641
8099,658;101
8100,658;74
8101,658;97
8102,658;94
8103,658;12667
8104,658;639
8105,658;99
8106,658;106
8107,658;84
8108,658;94
8109,658;12706
8110,658;625
8111,658;109
8112,658;98
8113,658;102
8114,658;100
8115,658;12704
8116,658;637
8117,658;96
8118,658;93
8119,658;99
8120,658;83
8121,658;12673
8122,658;641
8123,658;87
8124,658;88
8125,658;103
8126,658;90
8127,658;12734
8128,658;635
8129,658;107
8130,658;105
8131,658;96
8132,658;113
8133,658;12708
8134,658;624
8135,658;103
8136,658;101
8137,658;107
8138,658;99
8139,658;12701
8140,658;644
8141,658;98
8142,658;101
8143,658;114
8144,658;105
8145,658;12654
8146,658;648
8147,658;87
8148,658;96
8149,658;99
8150,658;100
8151,658;12697
8152,658;652
8153,658;95
8154,658;90
8155,658;80
8156,658;87
8157,658;12699
8158,658;649
8159,658;89
8160,658;99
8161,658;98
8162,658;104
8163,658;12633
8164,658;624
8165,658;84
8166,658;85
8167,658;98
8168,658;89
8169,658;12687
8170,658;668
8171,658;95
8172,658;103
8173,658;79
8174,658;83
8175,658;12696
8176,658;640
8177,658;102
8178,658;81
8179,658;98
8180,658;105
8181,658;12670
8182,658;639
8183,658;74
8185,404;101
8186,404;103
8187,404;106
8188,404;12702
8189,404;679
8190,404;81
8191,404;104
8192,404;90
8193,404;84
8194,404;12655
8195,404;641
8196,404;72
8197,404;88
8198,404;83
8199,404;102
8200,404;12668
8201,404;636
8202,404;75
8203,404;87
8204,404;82
8205,404;96
8206,404;12670
8207,404;628
8208,404;103
8209,404;98
8210,404;97
8211,404;91
8212,404;12385
8213,404;650
8214,404;76
8215,404;93
8216,404;93
8217,404;87
8218,404;12602
8219,404;651
8220,404;87
8221,404;110
8222,404;88
8223,404;85
8224,404;12656
8225,404;628
8226,404;85
8227,404;91
8228,404;88
8229,404;81
8230,404;12691
8231,404;635
8232,404;97
8233,404;89
8234,404;116
8235,404;82
8236,404;12678
8237,404;644
8238,404;90
8239,404;103
8240,404;98
8241,404;101
8242,404;12679
8243,404;642
8244,404;85
8245,404;88
8246,404;81
8247,404;105
8248,404;12675
8249,404;649
8250,404;94
8251,404;89
8252,404;104
8253,404;85
8254,404;12682
8255,404;637
8256,404;88
8257,404;92
8258,404;105
8259,404;99
8260,404;12676
8261,404;645
8262,404;93
8263,404;89
8264,404;121
8265,404;97
8266,404;12685
8267,404;661
8268,404;79
8269,404;104
8270,404;102
8271,404;106
8272,404;12688
8273,404;654
8274,404;100
8275,404;95
8276,404;102
8277,404;114
8278,404;12657
8279,404;640
8280,404;100
8281,404;89
8282,404;99
8283,404;91
8284,404;12616
8285,404;656
8286,428;94
8287,428;93
8288,428;104
8289,428;107
8290,428;12692
8291,428;660
8292,428;98
8293,428;93
8294,428;100
8295,428;100
8296,428;12665
8297,428;661
8298,428;81
8299,428;94
8300,428;102
8301,428;83
8302,428;12640
8303,428;647
8304,428;100
8305,428;106
8306,428;93
8307,428;96
8308,428;12672
8309,428;666
8310,428;101
8311,428;87
8312,428;108
8313,428;104
8314,428;12676
8315,428;668
8316,428;84
8317,428;103
8318,428;89
8319,428;100
8320,428;12662
8321,428;652
8322,428;87
8323,428;104
8324,428;103
8325,428;111
8326,428;12651
8327,428;668
8328,428;102
8329,428;103
8330,428;88
8331,428;103
8332,428;12712
8333,428;675
8334,428;85
8335,428;111
8336,428;107
8337,428;80
8338,428;12659
8339,428;669
8340,428;85
8341,428;90
8342,428;89
8343,428;103
8344,428;12644
8345,428;662
8346,428;82
8347,428;88
8348,428;104
8349,428;88
8350,428;12694
8351,428;647
8352,428;90
8353,428;86
8354,428;102
8355,428;109
8356,428;12652
8357,428;667
8358,428;80
8359,428;114
8360,428;97
8361,428;101
8362,428;12644
8363,428;679
8364,428;92
8365,428;117
8366,428;101
8367,428;83
8368,428;12649
8369,428;679
8370,428;89
8371,428;107
8372,428;113
8373,428;117
8374,428;12656
8375,428;678
8376,428;76
8377,428;89
8378,428;105
8379,428;108
8380,428;12659
8381,428;671
8382,428;79
8383,428;112
8384,428;79
8385,428;105
8386,428;12716
8387,428;607
8388,428;103
8389,428;96
8390,428;88
8391,428;109
8392,428;12657
8393,428;677
8394,428;87
8395,428;98
8396,428;83
8397,428;103
8398,428;12626
8399,428;676
8400,428;100
8401,428;97
8402,428;86
8403,428;86
8404,428;12622
8405,428;660
8406,428;91
8407,428;102
8408,428;97
8409,428;112
8410,428;12646
8411,428;671
8412,428;85
8413,428;95
8414,428;83
8415,428;91
8416,428;12628
8417,428;697
8418,428;93
8419,428;95
8420,428;88
8421,428;92
8422,428;12641
8423,428;665
8424,428;97
8425,428;97
8426,428;88
8427,428;89
8428,428;12631
8429,428;687
8430,428;93
8431,428;93
8432,428;93
8433,428;101
8434,428;12638
8435,428;676
8436,428;94
8437,428;79
8438,428;92
8439,428;89
8440,428;12652
8441,428;694
8442,428;95
8443,428;110
8444,428;87
8445,428;96
8446,428;12629
8447,428;669
8448,428;78
8449,428;86
8450,428;82
8451,428;79
8452,428;12621
8453,428;705
8454,428;82
8455,428;73
8456,428;96
8457,428;86
8458,428;12639
8459,428;669
8460,428;88
8461,428;92
8462,428;95
8463,428;91
8464,428;12590
8465,428;680
8466,428;88
8467,428;79
8468,428;87
8469,428;91
8470,428;12634
8471,428;689
8472,428;78
8473,428;79
8474,428;105
8475,428;96
8476,428;12558
8477,428;683
8478,428;93
8479,428;84
8480,428;95
8481,428;87
8482,428;12617
8483,428;670
8484,428;105
8485,428;92
8486,428;86
8487,428;85
8488,245;12614
8489,245;709
8490,245;83
8491,245;80
8492,245;84
8493,245;86
8494,245;12722
8495,245;584
8496,245;73
8497,245;72
8498,245;85
8499,245;82
8500,245;12728
8501,245;606
8502,245;83
8503,245;87
8504,245;106
8505,245;113
8506,245;12618
8507,245;676
8508,245;91
8509,245;82
8510,245;74
8511,245;103
8512,245;12634
8513,245;679
8514,245;78
8515,245;77
8516,245;92
8517,245;90
8518,245;12603
8519,245;676
8520,245;66
8521,245;98
8522,245;80
8523,245;75
8524,245;12306
8525,245;683
8526,245;85
8527,245;82
8528,245;91
8529,245;91
8530,245;12556
8531,245;677
8532,245;80
8533,245;74
8534,245;78
8535,245;95
8536,245;12636
8537,245;683
8538,245;71
8539,245;69
8540,245;89
8541,245;87
8542,245;12607
8543,245;686
8544,245;76
8545,245;89
8546,245;81
8547,245;103
8548,245;12589
8549,245;691
8550,245;89
8551,245;81
8552,245;92
8553,245;93
8554,245;12619
8555,245;693
8556,245;95
8557,245;95
8558,245;87
8559,245;68
8560,245;12606
8561,245;674
8562,245;101
8563,245;89
8564,245;98
8565,245;85
8566,245;12572
8567,245;699
8568,245;84
8569,245;90
8570,245;101
8571,245;79
8572,245;12611
8573,245;697
8574,245;100
8575,245;103
8576,245;106
8577,245;94
8578,245;12608
8579,245;691
8580,245;83
8581,245;102
8582,245;101
8583,245;87
8584,245;12585
8585,245;707
8586,245;97
8587,245;83
8588,245;113
8589,029;96
8590,029;12616
8591,029;704
8592,029;89
8593,029;92
8594,029;96
8595,029;92
8596,029;12554
8597,029;714
8598,029;83
8599,029;92
8600,029;91
8601,029;99
8602,029;12610
8603,029;708
8604,029;106
8605,029;95
8606,029;93
8607,029;89
8608,029;12639
8609,029;700
8610,029;89
8611,029;95
8612,029;98
8613,029;78
8614,029;12610
8615,029;671
8616,029;82
8617,029;96
8618,029;108
8619,029;97
8620,029;12588
8621,029;706
8622,029;92
8623,029;98
8624,029;111
8625,029;85
8626,029;12582
8627,029;697
8628,029;94
8629,029;73
8630,029;105
8631,029;108
8632,029;12642
8633,029;675
8634,029;97
8635,029;95
8636,029;91
8637,029;99
8638,029;12622
8639,029;701
8640,029;93
8641,029;100
8642,029;81
8643,029;97
8644,029;12606
8645,029;709
8646,029;78
8647,029;106
8648,029;107
8649,029;92
8650,029;12605
8651,029;697
8652,029;78
8653,029;88
8654,029;92
8655,029;97
8656,029;12609
8657,029;696
8658,029;99
8659,029;92
8660,029;95
8661,029;86
8662,029;12627
8663,029;699
8664,029;82
8665,029;96
8666,029;117
8667,029;113
8668,029;12606
8669,029;709
8670,029;90
8671,029;89
8672,029;89
8673,029;86
8674,029;12589
8675,029;721
8676,029;101
8677,029;91
8678,029;111
8679,029;109
8680,029;12623
8681,029;712
8682,029;95
8683,029;108
8684,029;102
8685,029;93
8686,029;12576
8687,029;728
8688,029;104
8689,029;106
8690,024;93
8691,024;112
8692,024;12624
8693,024;704
8694,024;97
8695,024;81
8696,024;98
8697,024;126
8698,024;12574
8699,024;731
8700,024;86
8701,024;113
8702,024;103
8703,024;119
8704,024;12575
8705,024;703
8706,024;100
8707,024;94
8708,024;119
8709,024;96
8710,024;12621
8711,024;719
8712,024;106
8713,024;93
8714,024;116
8715,024;114
8716,024;12602
8717,024;724
8718,024;92
8719,024;88
8720,024;111
8721,024;88
8722,024;12594
8723,024;713
8724,024;100
8725,024;102
8726,024;103
8727,024;121
8728,024;12610
8729,024;713
8730,024;85
8731,024;95
8732,024;99
8733,024;93
8734,024;12589
8735,024;720
8736,024;90
8737,024;88
8738,024;116
8739,024;101
8740,024;12577
8741,024;721
8742,024;88
8743,024;93
8744,024;102
8745,024;104
8746,024;12578
8747,024;731
8748,024;123
8749,024;108
8750,024;108
8751,024;113
8752,024;12595
8753,024;725
8754,024;87
8755,024;100
8756,024;100
8757,024;97
8758,024;12602
8759,024;718
8760,024;75
8761,024;98
8762,024;98
8763,024;88
8764,024;12582
8765,024;711
8766,024;97
8767,024;93
8768,024;83
8769,024;93
8770,024;12610
8771,024;723
8772,024;86
8773,024;92
8774,024;94
8775,024;93
8776,024;12633
8777,024;721
8778,024;95
8779,024;109
8780,024;107
8781,024;85
8782,024;12610
8783,024;713
8784,024;94
8785,024;84
8786,024;112
8787,024;93
8788,024;12593
8789,024;700
8790,024;99
8791,295;84
8792,295;91
8793,295;103
8794,295;12597
8795,295;737
8796,295;67
8797,295;104
8798,295;117
8799,295;109
8800,295;12561
8801,295;720
8802,295;86
8803,295;85
8804,295;88
8805,295;102
8806,295;12577
8807,295;741
8808,295;85
8809,295;82
8810,295;98
8811,295;91
8812,295;12625
8813,295;718
8814,295;97
8815,295;94
8816,295;106
8817,295;100
8818,295;12550
8819,295;727
8820,295;79
8821,295;89
8822,295;91
8823,295;92
8824,295;12570
8825,295;728
8826,295;87
8827,295;82
8828,295;105
8829,295;94
8830,295;12602
8831,295;706
8832,295;85
8833,295;99
8834,295;97
8835,295;111
8836,295;12213
8837,295;718
8838,295;73
8839,295;86
8840,295;109
8841,295;91
8842,295;12476
8843,295;729
8844,295;94
8845,295;96
8846,295;86
8847,295;77
8848,295;12581
8849,295;743
8850,295;97
8851,295;95
8852,295;80
8853,295;78
8854,295;12587
8855,295;725
8856,295;107
8857,295;91
8858,295;83
8859,295;76
8860,295;12586
8861,295;724
8862,295;82
8863,295;80
8864,295;96
8865,295;99
8866,295;12597
8867,295;739
8868,295;103
8869,295;92
8870,295;75
8871,295;91
8872,295;12581
8873,295;739
8874,295;103
8875,295;110
8876,295;98
8877,295;87
8878,295;12576
8879,295;758
8880,295;97
8881,295;98
8882,295;97
8883,295;108
8884,295;12574
8885,295;736
8886,295;109
8887,295;92
8888,295;94
8889,295;95
8890,295;12539
8891,295;741
8890,917;88
8891,917;112
8892,917;123
8893,917;125
8894,917;12594
8895,917;743
8896,917;106
8897,917;119
8898,917;102
8899,917;96
8900,917;12559
8901,917;750
8902,917;119
8903,917;78
8904,917;94
8905,917;104
8906,917;12627
8907,917;680
8908,917;92
8909,917;109
8910,917;91
8911,917;98
8912,917;12683
8913,917;638
8914,917;104
8915,917;84
8916,917;122
8917,917;107
8918,917;12552
8919,917;752
8920,917;104
8921,917;125
8922,917;95
8923,917;95
8924,917;12574
8925,917;748
8926,917;99
8927,917;96
8928,917;97
8929,917;115
8930,917;12573
8931,917;772
8932,917;84
8933,917;111
8934,917;98
8935,917;107
8936,917;12548
8937,917;760
8938,917;99
8939,917;103
8940,917;110
8941,917;88
8942,917;12552
8943,917;762
8944,917;94
8945,917;86
8946,917;103
8947,917;100
8948,917;12549
8949,917;755
8950,917;100
8951,917;91
8952,917;83
8953,917;95
8954,917;12594
8955,917;699
8956,917;78
8957,917;95
8958,917;99
8959,917;116
8960,917;12526
8961,917;769
8962,917;94
8963,917;111
8964,917;107
8965,917;88
8966,917;12561
8967,917;765
8968,917;89
8969,917;98
8970,917;109
8971,917;93
8972,917;12545
8973,917;760
8974,917;103
8975,917;101
8976,917;93
8977,917;105
8978,917;12540
8979,917;757
8980,917;96
8981,917;103
8982,917;97
8983,917;98
8984,917;12546
8985,917;764
8986,917;82
8987,917;112
8988,917;95
8989,917;103
8990,917;12568
8991,917;773
8992,917;95
8993,917;92
8994,917;79
8995,917;100
8996,917;12575
8997,917;780
8998,917;83
8999,917;80
9000,917;88
9001,917;96
9002,917;12519
9003,917;763
9004,917;73
9005,917;107
9006,917;104
9007,917;95
9008,917;12526
9009,917;752
9010,917;93
9011,917;91
9012,917;98
9013,917;85
9014,917;12582
9015,917;704
9016,917;87
9017,917;90
9018,917;90
9019,917;96
9020,917;12537
9021,917;781
9022,917;89
9023,917;98
9024,917;81
9025,917;83
9026,917;12587
9027,917;715
9028,917;82
9029,917;91
9030,917;97
9031,917;86
9032,917;12555
9033,917;754
9034,917;87
9035,917;98
9036,917;91
9037,917;110
9038,917;12564
9039,917;764
9040,917;94
9041,917;88
9042,917;80
9043,917;88
9044,917;12528
9045,917;764
9046,917;98
9047,917;91
9048,917;101
9049,917;81
9050,917;12536
9051,917;749
9052,917;101
9053,917;81
9054,917;107
9055,917;115
9056,917;12530
9057,917;770
9058,917;77
9059,917;93
9060,917;100
9061,917;99
9062,917;12507
9063,917;777
9064,917;92
9065,917;93
9066,917;104
9067,917;74
9068,917;12534
9069,917;764
9070,917;74
9071,917;99
9072,917;119
9073,917;117
9074,917;12521
9075,917;753
9076,917;76
9077,917;102
9078,917;122
9079,917;105
9080,917;12619
9081,917;702
9082,917;104
9083,917;104
9084,917;102
9085,917;108
9086,917;12533
9087,917;791
9088,917;88
9089,917;73
9090,917;84
9091,917;84
9094,314;12544
9095,314;785
9096,314;85
9097,314;94
9098,314;84
9099,314;83
9100,314;12507
9101,314;762
9102,314;95
9103,314;106
9104,314;92
9105,314;90
9106,314;12544
9107,314;769
9108,314;86
9109,314;99
9110,314;83
9111,314;93
9112,314;12536
9113,314;766
9114,314;59
9115,314;92
9116,314;104
9117,314;81
9118,314;12547
9119,314;789
9120,314;94
9121,314;101
9122,314;90
9123,314;98
9124,314;12512
9125,314;793
9126,314;99
9127,314;71
9128,314;86
9129,314;84
9130,314;12552
9131,314;761
9132,314;60
9133,314;71
9134,314;71
9135,314;89
9136,314;12542
9137,314;755
9138,314;96
9139,314;78
9140,314;67
9141,314;82
9142,314;12528
9143,314;778
9144,314;76
9145,314;83
9146,314;107
9147,314;103
9148,314;12245
9149,314;762
9150,314;88
9151,314;86
9152,314;90
9153,314;84
9154,314;12568
9155,314;679
9156,314;78
9157,314;80
9158,314;95
9159,314;87
9160,314;12516
9161,314;781
9162,314;82
9163,314;88
9164,314;73
9165,314;73
9166,314;12515
9167,314;785
9168,314;76
9169,314;88
9170,314;101
9171,314;91
9172,314;12505
9173,314;771
9174,314;67
9175,314;83
9176,314;94
9177,314;118
9178,314;12509
9179,314;755
9180,314;102
9181,314;90
9182,314;85
9183,314;90
9184,314;12500
9185,314;792
9186,314;78
9187,314;80
9188,314;85
9189,314;94
9190,314;12486
9191,314;790
9192,314;86
9193,314;103
9194,314;104
9195,032;92
9196,032;12545
9197,032;802
9198,032;91
9199,032;86
9200,032;87
9201,032;92
9202,032;12532
9203,032;783
9204,032;93
9205,032;80
9206,032;97
9207,032;98
9208,032;12546
9209,032;798
9210,032;86
9211,032;118
9212,032;89
9213,032;65
9214,032;12508
9215,032;793
9216,032;80
9217,032;102
9218,032;93
9219,032;109
9220,032;12536
9221,032;791
9222,032;98
9223,032;96
9224,032;87
9225,032;85
9226,032;12530
9227,032;802
9228,032;96
9229,032;100
9230,032;100
9231,032;91
9232,032;12495
9233,032;786
9234,032;86
9235,032;80
9236,032;106
9237,032;91
9238,032;12508
9239,032;800
9240,032;78
9241,032;100
9242,032;91
9243,032;100
9244,032;12505
9245,032;804
9246,032;60
9247,032;80
9248,032;114
9249,032;103
9250,032;12532
9251,032;807
9252,032;93
9253,032;73
9254,032;93
9255,032;98
9256,032;12510
9257,032;811
9258,032;92
9259,032;86
9260,032;96
9261,032;95
9262,032;12510
9263,032;812
9264,032;104
9265,032;112
9266,032;101
9267,032;85
9268,032;12518
9269,032;808
9270,032;100
9271,032;84
9272,032;86
9273,032;99
9274,032;12544
9275,032;797
9276,032;95
9277,032;88
9278,032;100
9279,032;99
9280,032;12511
9281,032;812
9282,032;97
9283,032;101
9284,032;93
9285,032;106
9286,032;12490
9287,032;792
9288,032;65
9289,032;95
9290,032;107
9291,032;95
9292,032;12546
9293,032;818
9294,032;99
9295,032;92
9296,06;98
9297,06;92
9298,06;12501
9299,06;802
9300,06;76
9301,06;98
9302,06;114
9303,06;111
9304,06;12493
9305,06;821
9306,06;99
9307,06;106
9308,06;99
9309,06;98
9310,06;12538
9311,06;802
9312,06;85
9313,06;92
9314,06;114
9315,06;104
9316,06;12522
9317,06;799
9318,06;83
9319,06;78
9320,06;104
9321,06;106
9322,06;12529
9323,06;815
9324,06;102
9325,06;111
9326,06;90
9327,06;87
9328,06;12507
9329,06;804
9330,06;108
9331,06;99
9332,06;120
9333,06;90
9334,06;12522
9335,06;818
9336,06;97
9337,06;88
9338,06;109
9339,06;78
9340,06;12501
9341,06;811
9342,06;79
9343,06;102
9344,06;93
9345,06;88
9346,06;12489
9347,06;810
9348,06;93
9349,06;106
9350,06;88
9351,06;99
9352,06;12537
9353,06;839
9354,06;83
9355,06;96
9356,06;103
9357,06;94
9358,06;12518
9359,06;828
9360,06;107
9361,06;88
9362,06;106
9363,06;98
9364,06;12500
9365,06;804
9366,06;99
9367,06;103
9368,06;98
9369,06;111
9370,06;12485
9371,06;809
9372,06;103
9373,06;100
9374,06;93
9375,06;104
9376,06;12510
9377,06;806
9378,06;79
9379,06;86
9380,06;117
9381,06;91
9382,06;12497
9383,06;810
9384,06;90
9385,06;101
9386,06;106
9387,06;101
9388,06;12521
9389,06;820
9390,06;103
9391,06;118
9392,06;115
9393,06;94
9394,06;12544
9395,06;839
9396,06;106
9396,582;89
9397,582;115
9398,582;101
9399,582;12503
9400,582;825
9401,582;94
9402,582;95
9403,582;107
9404,582;93
9405,582;12484
9406,582;821
9407,582;82
9408,582;103
9409,582;99
9410,582;115
9411,582;12506
9412,582;824
9413,582;93
9414,582;88
9415,582;127
9416,582;104
9417,582;12497
9418,582;811
9419,582;106
9420,582;93
9421,582;89
9422,582;100
9423,582;12469
9424,582;818
9425,582;73
9426,582;85
9427,582;97
9428,582;95
9429,582;12523
9430,582;832
9431,582;87
9432,582;94
9433,582;93
9434,582;103
9435,582;12490
9436,582;829
9437,582;96
9438,582;108
9439,582;106
9440,582;77
9441,582;12497
9442,582;820
9443,582;89
9444,582;89
9445,582;99
9446,582;82
9447,582;12531
9448,582;834
9449,582;78
9450,582;89
9451,582;100
9452,582;77
9453,582;12522
9454,582;829
9455,582;83
9456,582;90
9457,582;85
9458,582;110
9459,582;12173
9460,582;832
9461,582;88
9462,582;92
9463,582;94
9464,582;104
9465,582;12435
9466,582;826
9467,582;100
9468,582;79
9469,582;105
9470,582;112
9471,582;12486
9472,582;825
9473,582;100
9474,582;102
9475,582;92
9476,582;101
9477,582;12500
9478,582;849
9479,582;99
9480,582;115
9481,582;89
9482,582;98
9483,582;12482
9484,582;828
9485,582;105
9486,582;116
9487,582;84
9488,582;107
9489,582;12492
9490,582;813
9491,582;103
9492,582;82
9493,582;94
9494,582;110
9495,582;12508
9496,582;849
9497,582;85
9498,582;87
9499,582;112
9500,582;104
9501,582;12482
9502,582;838
9503,582;85
9504,582;95
9505,582;104
9506,582;99
9507,582;12500
9508,582;832
9509,582;97
9510,582;98
9511,582;92
9512,582;93
9513,582;12478
9514,582;841
9515,582;80
9516,582;93
9517,582;117
9518,582;90
9519,582;12485
9520,582;855
9521,582;93
9522,582;95
9523,582;115
9524,582;94
9525,582;12499
9526,582;846
9527,582;89
9528,582;98
9529,582;90
9530,582;113
9531,582;12542
9532,582;813
9533,582;107
9534,582;86
9535,582;105
9536,582;120
9537,582;12473
9538,582;846
9539,582;100
9540,582;116
9541,582;94
9542,582;76
9543,582;12457
9544,582;828
9545,582;98
9546,582;101
9547,582;112
9548,582;85
9549,582;12446
9550,582;841
9551,582;80
9552,582;83
9553,582;99
9554,582;84
9555,582;12487
9556,582;831
9557,582;116
9558,582;93
9559,582;98
9560,582;93
9561,582;12470
9562,582;855
9563,582;87
9564,582;77
9565,582;106
9566,582;104
9567,582;12486
9568,582;856
9569,582;87
9570,582;106
9571,582;97
9572,582;96
9573,582;12502
9574,582;855
9575,582;92
9576,582;92
9577,582;87
9578,582;114
9579,582;12450
9580,582;861
9581,582;111
9582,582;109
9583,582;105
9584,582;85
9585,582;12460
9586,582;846
9587,582;84
9588,582;92
9589,582;88
9590,582;81
9591,582;12476
9592,582;861
9593,582;94
9594,582;88
9595,582;98
9596,582;92
9597,582;12437
9598,932;852
9599,932;81
9600,932;99
9601,932;104
9602,932;96
9603,932;12447
9604,932;839
9605,932;97
9606,932;106
9607,932;101
9608,932;97
9609,932;12493
9610,932;853
9611,932;87
9612,932;102
9613,932;105
9614,932;100
9615,932;12473
9616,932;852
9617,932;80
9618,932;96
9619,932;100
9620,932;85
9621,932;12480
9622,932;844
9623,932;94
9624,932;85
9625,932;91
9626,932;97
9627,932;12460
9628,932;868
9629,932;88
9630,932;89
9631,932;102
9632,932;90
9633,932;12477
9634,932;865
9635,932;90
9636,932;89
9637,932;81
9638,932;96
9639,932;12479
9640,932;831
9641,932;90
9642,932;108
9643,932;100
9644,932;109
9645,932;12449
9646,932;848
9647,932;86
9648,932;111
9649,932;95
9650,932;116
9651,932;12478
9652,932;859
9653,932;94
9654,932;88
9655,932;104
9656,932;94
9657,932;12452
9658,932;861
9659,932;90
9660,932;108
9661,932;98
9662,932;97
9663,932;12436
9664,932;851
9665,932;101
9666,932;86
9667,932;112
9668,932;108
9669,932;12470
9670,932;870
9671,932;90
9672,932;95
9673,932;91
9674,932;110
9675,932;12449
9676,932;863
9677,932;96
9678,932;95
9679,932;101
9680,932;105
9681,932;12418
9682,932;855
9683,932;94
9684,932;101
9685,932;91
9686,932;83
9687,932;12440
9688,932;852
9689,932;93
9690,932;97
9691,932;88
9692,932;101
9693,932;12452
9694,932;863
9695,932;103
9696,932;108
9697,932;93
9698,932;101
9698,694;12459
9699,694;855
9700,694;87
9701,694;101
9702,694;92
9703,694;100
9704,694;12463
9705,694;878
9706,694;89
9707,694;91
9708,694;98
9709,694;105
9710,694;12433
9711,694;849
9712,694;108
9713,694;90
9714,694;104
9715,694;80
9716,694;12440
9717,694;854
9718,694;108
9719,694;101
9720,694;91
9721,694;89
9722,694;12408
9723,694;861
9724,694;79
9725,694;75
9726,694;86
9727,694;94
9728,694;12441
9729,694;857
9730,694;71
9731,694;78
9732,694;92
9733,694;120
9734,694;12429
9735,694;852
9736,694;92
9737,694;82
9738,694;90
9739,694;101
9740,694;12405
9741,694;878
9742,694;88
9743,694;85
9744,694;96
9745,694;118
9746,694;12451
9747,694;866
9748,694;86
9749,694;96
9750,694;94
9751,694;102
9752,694;12454
9753,694;856
9754,694;81
9755,694;81
9756,694;74
9757,694;90
9758,694;12413
9759,694;869
9760,694;76
9761,694;86
9762,694;77
9763,694;62
9764,694;12450
9765,694;874
9766,694;86
9767,694;79
9768,694;73
9769,694;98
9770,694;12125
9771,694;858
9772,694;76
9773,694;72
9774,694;79
9775,694;72
9776,694;12386
9777,694;855
9778,694;85
9779,694;82
9780,694;84
9781,694;88
9782,694;12415
9783,694;875
9784,694;91
9785,694;98
9786,694;74
9787,694;79
9788,694;12409
9789,694;855
9790,694;96
9791,694;103
9792,694;86
9793,694;104
9794,694;12443
9795,694;868
9796,694;89
9797,694;91
9798,694;85
9800,535;83
9801,535;12428
9802,535;852
9803,535;85
9804,535;93
9805,535;89
9806,535;79
9807,535;12418
9808,535;885
9809,535;85
9810,535;97
9811,535;103
9812,535;73
9813,535;12423
9814,535;872
9815,535;65
9816,535;101
9817,535;78
9818,535;79
9819,535;12417
9820,535;886
9821,535;70
9822,535;83
9823,535;100
9824,535;116
9825,535;12369
9826,535;890
9827,535;91
9828,535;117
9829,535;92
9830,535;91
9831,535;12435
9832,535;868
9833,535;89
9834,535;101
9835,535;121
9836,535;109
9837,535;12424
9838,535;873
9839,535;87
9840,535;93
9841,535;103
9842,535;89
9843,535;12422
9844,535;870
9845,535;110
9846,535;104
9847,535;99
9848,535;90
9849,535;12418
9850,535;882
9851,535;76
9852,535;87
9853,535;90
9854,535;100
9855,535;12413
9856,535;888
9857,535;88
9858,535;80
9859,535;100
9860,535;105
9861,535;12417
9862,535;871
9863,535;84
9864,535;91
9865,535;77
9866,535;116
9867,535;12441
9868,535;888
9869,535;105
9870,535;89
9871,535;99
9872,535;85
9873,535;12454
9874,535;893
9875,535;95
9876,535;86
9877,535;83
9878,535;103
9879,535;12412
9880,535;889
9881,535;84
9882,535;93
9883,535;83
9884,535;107
9885,535;12409
9886,535;887
9887,535;89
9888,535;99
9889,535;86
9890,535;115
9891,535;12427
9892,535;901
9893,535;84
9894,535;90
9895,535;92
9896,535;93
9897,535;12452
9898,535;884
9899,535;79
9900,535;105
9902,131;97
9903,131;100
9904,131;12442
9905,131;872
9906,131;126
9907,131;82
9908,131;76
9909,131;100
9910,131;12417
9911,131;869
9912,131;92
9913,131;109
9914,131;101
9915,131;100
9916,131;12427
9917,131;888
9918,131;80
9919,131;88
9920,131;107
9921,131;105
9922,131;12421
9923,131;893
9924,131;91
9925,131;98
9926,131;113
9927,131;102
9928,131;12435
9929,131;903
9930,131;83
9931,131;85
9932,131;96
9933,131;91
9934,131;12416
9935,131;884
9936,131;91
9937,131;98
9938,131;113
9939,131;92
9940,131;12404
9941,131;907
9942,131;71
9943,131;98
9944,131;94
9945,131;119
9946,131;12411
9947,131;908
9948,131;103
9949,131;103
9950,131;89
9951,131;88
9952,131;12384
9953,131;899
9954,131;105
9955,131;101
9956,131;109
9957,131;107
9958,131;12425
9959,131;908
9960,131;84
9961,131;97
9962,131;104
9963,131;89
9964,131;12452
9965,131;914
9966,131;95
9967,131;120
9968,131;110
9969,131;81
9970,131;12407
9971,131;908
9972,131;93
9973,131;89
9974,131;84
9975,131;92
9976,131;12395
9977,131;910
9978,131;88
9979,131;95
9980,131;92
9981,131;108
9982,131;12398
9983,131;904
9984,131;91
9985,131;87
9986,131;110
9987,131;109
9988,131;12400
9989,131;913
9990,131;110
9991,131;96
9992,131;97
9993,131;107
9994,131;12398
9995,131;883
9996,131;104
9997,131;98
9998,131;102
9999,131;98
10000,131;12429
10001,131;916
10002,131;88
10004,131;84
10005,131;106
10006,131;101
10007,131;12426
10008,131;916
10009,131;85
10010,131;65
10011,131;106
10012,131;89
10013,131;12428
10014,131;888
10015,131;91
10016,131;93
10017,131;100
10018,131;95
10019,131;12417
10020,131;935
10021,131;99
10022,131;92
10023,131;110
10024,131;112
10025,131;12400
10026,131;927
10027,131;81
10028,131;84
10029,131;89
10030,131;97
10031,131;12430
10032,131;911
10033,131;80
10034,131;112
10035,131;116
10036,131;93
10037,131;12416
10038,131;933
10039,131;97
10040,131;96
10041,131;98
10042,131;106
10043,131;12441
10044,131;912
10045,131;90
10046,131;95
10047,131;94
10048,131;96
10049,131;12392
10050,131;911
10051,131;114
10052,131;93
10053,131;101
10054,131;104
10055,131;12392
10056,131;922
10057,131;92
10058,131;98
10059,131;108
10060,131;79
10061,131;12409
10062,131;925
10063,131;95
10064,131;94
10065,131;97
10066,131;99
10067,131;12428
10068,131;921
10069,131;84
10070,131;110
10071,131;84
10072,131;94
10073,131;12412
10074,131;910
10075,131;102
10076,131;86
10077,131;98
10078,131;84
10079,131;12384
10080,131;916
10081,131;88
10082,131;90
10083,131;96
10084,131;90
10085,131;12071
10086,131;932
10087,131;100
10088,131;88
10089,131;105
10090,131;111
10091,131;12315
10092,131;915
10093,131;99
10094,131;96
10095,131;97
10096,131;92
10097,131;12367
10098,131;928
10099,131;87
10100,131;98
10101,131;106
10102,131;86
10103,131;12364
10104,131;918
10104,126;99
10105,126;105
10106,126;101
10107,126;95
10108,126;12427
10109,126;919
10110,126;92
10111,126;100
10112,126;103
10113,126;97
10114,126;12400
10115,126;908
10116,126;92
10117,126;105
10118,126;85
10119,126;87
10120,126;12387
10121,126;921
10122,126;111
10123,126;87
10124,126;104
10125,126;110
10126,126;12375
10127,126;942
10128,126;101
10129,126;101
10130,126;102
10131,126;94
10132,126;12396
10133,126;926
10134,126;93
10135,126;101
10136,126;120
10137,126;87
10138,126;12390
10139,126;946
10140,126;83
10141,126;98
10142,126;92
10143,126;94
10144,126;12391
10145,126;931
10146,126;106
10147,126;98
10148,126;107
10149,126;104
10150,126;12394
10151,126;928
10152,126;94
10153,126;105
10154,126;100
10155,126;96
10156,126;12412
10157,126;931
10158,126;87
10159,126;78
10160,126;85
10161,126;103
10162,126;12383
10163,126;928
10164,126;94
10165,126;94
10166,126;104
10167,126;97
10168,126;12413
10169,126;926
10170,126;87
10171,126;108
10172,126;80
10173,126;107
10174,126;12391
10175,126;924
10176,126;103
10177,126;85
10178,126;129
10179,126;90
10180,126;12355
10181,126;932
10182,126;96
10183,126;99
10184,126;103
10185,126;91
10186,126;12392
10187,126;934
10188,126;84
10189,126;94
10190,126;95
10191,126;95
10192,126;12384
10193,126;922
10194,126;93
10195,126;87
10196,126;80
10197,126;107
10198,126;12335
10199,126;950
10200,126;79
10201,126;99
10202,126;92
10203,126;104
10204,126;12343
10203,972;948
10204,972;98
10205,972;76
10206,972;105
10207,972;104
10208,972;12348
10209,972;944
10210,972;94
10211,972;81
10212,972;108
10213,972;87
10214,972;12362
10215,972;935
10216,972;111
10217,972;74
10218,972;106
10219,972;110
10220,972;12397
10221,972;949
10222,972;118
10223,972;95
10224,972;93
10225,972;93
10226,972;12368
10227,972;910
10228,972;95
10229,972;90
10230,972;120
10231,972;99
10232,972;12322
10233,972;941
10234,972;105
10235,972;99
10236,972;108
10237,972;97
10238,972;12376
10239,972;937
10240,972;69
10241,972;94
10242,972;83
10243,972;107
10244,972;12383
10245,972;909
10246,972;92
10247,972;93
10248,972;94
10249,972;92
10250,972;12379
10251,972;946
10252,972;103
10253,972;110
10254,972;113
10255,972;120
10256,972;12366
10257,972;953
10258,972;76
10259,972;96
10260,972;106
10261,972;119
10262,972;12340
10263,972;941
10264,972;94
10265,972;86
10266,972;106
10267,972;120
10268,972;12405
10269,972;890
10270,972;105
10271,972;100
10272,972;102
10273,972;94
10274,972;12369
10275,972;950
10276,972;108
10277,972;82
10278,972;94
10279,972;81
10280,972;12369
10281,972;949
10282,972;91
10283,972;91
10284,972;94
10285,972;99
10286,972;12352
10287,972;973
10288,972;89
10289,972;92
10290,972;86
10291,972;97
10292,972;12368
10293,972;951
10294,972;97
10295,972;99
10296,972;88
10297,972;99
10298,972;12362
10299,972;966
10300,972;100
10301,972;97
10302,972;111
10303,972;101
10305,771;12338
10306,771;946
10307,771;93
10308,771;104
10309,771;90
10310,771;89
10311,771;12379
10312,771;944
10313,771;71
10314,771;101
10315,771;114
10316,771;95
10317,771;12315
10318,771;932
10319,771;89
10320,771;100
10321,771;88
10322,771;84
10323,771;12353
10324,771;967
10325,771;80
10326,771;90
10327,771;100
10328,771;106
10329,771;12351
10330,771;954
10331,771;93
10332,771;69
10333,771;84
10334,771;112
10335,771;12401
10336,771;938
10337,771;89
10338,771;93
10339,771;96
10340,771;95
10341,771;12378
10342,771;968
10343,771;77
10344,771;104
10345,771;100
10346,771;102
10347,771;12356
10348,771;945
10349,771;84
10350,771;73
10351,771;87
10352,771;101
10353,771;12357
10354,771;954
10355,771;80
10356,771;80
10357,771;95
10358,771;84
10359,771;12337
10360,771;965
10361,771;85
10362,771;86
10363,771;84
10364,771;88
10365,771;12353
10366,771;971
10367,771;71
10368,771;88
10369,771;91
10370,771;100
10371,771;12369
10372,771;960
10373,771;93
10374,771;83
10375,771;98
10376,771;79
10377,771;12329
10378,771;947
10379,771;82
10380,771;103
10381,771;81
10382,771;99
10383,771;12355
10384,771;939
10385,771;83
10386,771;82
10387,771;86
10388,771;87
10389,771;12320
10390,771;949
10391,771;78
10392,771;87
10393,771;89
10394,771;94
10395,771;12034
10396,771;903
10397,771;73
10398,771;86
10399,771;93
10400,771;89
10401,771;12270
10402,771;943
10403,771;89
10404,771;81
10405,771;86
10405,804;91
10406,804;12335
10407,804;955
10408,804;79
10409,804;93
10410,804;76
10411,804;70
10412,804;12316
10413,804;965
10414,804;105
10415,804;103
10416,804;67
10417,804;70
10418,804;12369
10419,804;962
10420,804;101
10421,804;99
10422,804;96
10423,804;99
10424,804;12333
10425,804;964
10426,804;83
10427,804;99
10428,804;108
10429,804;103
10430,804;12335
10431,804;952
10432,804;97
10433,804;88
10434,804;101
10435,804;78
10436,804;12373
10437,804;923
10438,804;83
10439,804;84
10440,804;101
10441,804;82
10442,804;12327
10443,804;964
10444,804;90
10445,804;76
10446,804;97
10447,804;77
10448,804;12359
10449,804;961
10450,804;88
10451,804;109
10452,804;98
10453,804;90
10454,804;12354
10455,804;954
10456,804;84
10457,804;96
10458,804;96
10459,804;108
10460,804;12356
10461,804;968
10462,804;97
10463,804;94
10464,804;94
10465,804;92
10466,804;12339
10467,804;980
10468,804;68
10469,804;85
10470,804;91
10471,804;85
10472,804;12372
10473,804;920
10474,804;97
10475,804;76
10476,804;105
10477,804;78
10478,804;12308
10479,804;978
10480,804;107
10481,804;74
10482,804;109
10483,804;93
10484,804;12299
10485,804;1007
10486,804;81
10487,804;97
10488,804;99
10489,804;105
10490,804;12342
10491,804;982
10492,804;80
10493,804;87
10494,804;104
10495,804;82
10496,804;12349
10497,804;1013
10498,804;98
10499,804;108
10500,804;92
10501,804;89
10502,804;12309
10503,804;981
10504,804;112
10505,804;89
10507,638;107
10508,638;121
10509,638;12330
10510,638;973
10511,638;93
10512,638;121
10513,638;97
10514,638;115
10515,638;12296
10516,638;979
10517,638;83
10518,638;92
10519,638;116
10520,638;113
10521,638;12307
10522,638;1001
10523,638;99
10524,638;92
10525,638;103
10526,638;92
10527,638;12321
10528,638;958
10529,638;84
10530,638;98
10531,638;110
10532,638;120
10533,638;12324
10534,638;993
10535,638;90
10536,638;86
10537,638;88
10538,638;87
10539,638;12326
10540,638;982
10541,638;96
10542,638;88
10543,638;112
10544,638;99
10545,638;12299
10546,638;1003
10547,638;96
10548,638;90
10549,638;80
10550,638;106
10551,638;12383
10552,638;986
10553,638;86
10554,638;88
10555,638;82
10556,638;115
10557,638;12306
10558,638;985
10559,638;99
10560,638;98
10561,638;99
10562,638;97
10563,638;12332
10564,638;986
10565,638;93
10566,638;107
10567,638;107
10568,638;101
10569,638;12322
10570,638;991
10571,638;95
10572,638;104
10573,638;105
10574,638;94
10575,638;12327
10576,638;985
10577,638;101
10578,638;105
10579,638;107
10580,638;92
10581,638;12339
10582,638;992
10583,638;89
10584,638;101
10585,638;101
10586,638;94
10587,638;12332
10588,638;991
10589,638;88
10590,638;85
10591,638;109
10592,638;101
10593,638;12348
10594,638;972
10595,638;99
10596,638;104
10597,638;100
10598,638;99
10599,638;12336
10600,638;1006
10601,638;78
10602,638;89
10603,638;105
10604,638;104
10605,638;12300
10606,638;989
10607,638;75
10608,638;105
10609,638;114
10610,638;112
10611,638;12308
10612,638;1007
10613,638;80
10614,638;100
10615,638;80
10616,638;99
10617,638;12310
10618,638;1011
10619,638;89
10620,638;105
10621,638;88
10622,638;117
10623,638;12291
10624,638;1033
10625,638;87
10626,638;88
10627,638;95
10628,638;84
10629,638;12344
10630,638;1002
10631,638;86
10632,638;82
10633,638;90
10634,638;106
10635,638;12290
10636,638;990
10637,638;91
10638,638;89
10639,638;96
10640,638;108
10641,638;12305
10642,638;1015
10643,638;79
10644,638;109
10645,638;96
10646,638;99
10647,638;12296
10648,638;1004
10649,638;116
10650,638;88
10651,638;79
10652,638;93
10653,638;12368
10654,638;999
10655,638;85
10656,638;96
10657,638;105
10658,638;119
10659,638;12343
10660,638;1002
10661,638;116
10662,638;90
10663,638;93
10664,638;98
10665,638;12302
10666,638;1022
10667,638;86
10668,638;75
10669,638;99
10670,638;87
10671,638;12311
10672,638;1004
10673,638;119
10674,638;100
10675,638;96
10676,638;99
10677,638;12295
10678,638;1015
10679,638;99
10680,638;110
10681,638;94
10682,638;86
10683,638;12289
10684,638;1006
10685,638;87
10686,638;104
10687,638;112
10688,638;103
10689,638;12361
10690,638;958
10691,638;87
10692,638;89
10693,638;113
10694,638;82
10695,638;12312
10696,638;981
10697,638;95
10698,638;90
10699,638;115
10700,638;102
10701,638;12276
10702,638;1010
10703,638;101
10704,638;83
10705,638;87
10706,638;95
10707,638;11970
10708,638;1009
10710,391;86
10711,391;102
10712,391;91
10713,391;89
10714,391;12297
10715,391;998
10716,391;91
10717,391;89
10718,391;101
10719,391;90
10720,391;12282
10721,391;1012
10722,391;91
10723,391;96
10724,391;104
10725,391;99
10726,391;12316
10727,391;1021
10728,391;119
10729,391;88
10730,391;98
10731,391;111
10732,391;12317
10733,391;1002
10734,391;93
10735,391;69
10736,391;111
10737,391;104
10738,391;12314
10739,391;1020
10740,391;84
10741,391;98
10742,391;105
10743,391;104
10744,391;12284
10745,391;1019
10746,391;127
10747,391;98
10748,391;95
10749,391;113
10750,391;12317
10751,391;1025
10752,391;96
10753,391;90
10754,391;94
10755,391;92
10756,391;12297
10757,391;1023
10758,391;89
10759,391;91
10760,391;92
10761,391;93
10762,391;12270
10763,391;1022
10764,391;77
10765,391;119
10766,391;111
10767,391;107
10768,391;12299
10769,391;1009
10770,391;106
10771,391;99
10772,391;104
10773,391;104
10774,391;12350
10775,391;1023
10776,391;93
10777,391;110
10778,391;110
10779,391;91
10780,391;12303
10781,391;1046
10782,391;78
10783,391;103
10784,391;114
10785,391;102
10786,391;12398
10787,391;921
10788,391;96
10789,391;129
10790,391;113
10791,391;106
10792,391;12324
10793,391;1022
10794,391;82
10795,391;102
10796,391;79
10797,391;101
10798,391;12273
10799,391;1006
10800,391;89
10801,391;92
10802,391;109
10803,391;93
10804,391;12288
10805,391;1045
10806,391;96
10807,391;97
10808,391;81
10809,391;100
10810,391;12291
10810,818;1025
10811,818;110
10812,818;100
10813,818;100
10814,818;121
10815,818;12243
10816,818;1030
10817,818;103
10818,818;88
10819,818;114
10820,818;91
10821,818;12292
10822,818;1036
10823,818;98
10824,818;95
10825,818;100
10826,818;102
10827,818;12279
10828,818;1027
10829,818;100
10830,818;107
10831,818;106
10832,818;90
10833,818;12305
10834,818;1012
10835,818;102
10836,818;90
10837,818;96
10838,818;107
10839,818;12247
10840,818;1032
10841,818;110
10842,818;91
10843,818;92
10844,818;85
10845,818;12272
10846,818;1049
10847,818;83
10848,818;88
10849,818;92
10850,818;97
10851,818;12295
10852,818;1033
10853,818;92
10854,818;83
10855,818;116
10856,818;114
10857,818;12285
10858,818;1027
10859,818;90
10860,818;93
10861,818;101
10862,818;105
10863,818;12255
10864,818;1043
10865,818;92
10866,818;90
10867,818;91
10868,818;92
10869,818;12288
10870,818;1039
10871,818;95
10872,818;94
10873,818;106
10874,818;123
10875,818;12282
10876,818;1039
10877,818;89
10878,818;101
10879,818;97
10880,818;98
10881,818;12264
10882,818;1042
10883,818;96
10884,818;98
10885,818;112
10886,818;102
10887,818;12263
10888,818;1037
10889,818;84
10890,818;103
10891,818;102
10892,818;113
10893,818;12284
10894,818;1034
10895,818;101
10896,818;85
10897,818;98
10898,818;108
10899,818;12269
10900,818;1034
10901,818;83
10902,818;96
10903,818;83
10904,818;103
10905,818;12255
10906,818;1035
10907,818;88
10908,818;107
10909,818;95
10910,818;99
10914,012;12282
10915,012;1036
10916,012;81
10917,012;98
10918,012;115
10919,012;105
10920,012;12270
10921,012;1025
10922,012;100
10923,012;87
10924,012;106
10925,012;84
10926,012;12259
10927,012;1051
10928,012;79
10929,012;83
10930,012;104
10931,012;103
10932,012;12250
10933,012;1065
10934,012;89
10935,012;95
10936,012;81
10937,012;90
10938,012;12277
10939,012;1033
10940,012;87
10941,012;98
10942,012;98
10943,012;91
10944,012;12265
10945,012;1031
10946,012;91
10947,012;108
10948,012;91
10949,012;78
10950,012;12243
10951,012;1039
10952,012;92
10953,012;83
10954,012;88
10955,012;103
10956,012;12246
10957,012;1041
10958,012;67
10959,012;84
10960,012;83
10961,012;101
10962,012;12281
10963,012;1045
10964,012;78
10965,012;82
10966,012;91
10967,012;100
10968,012;12262
10969,012;1050
10970,012;72
10971,012;87
10972,012;96
10973,012;90
10974,012;12259
10975,012;1026
10976,012;71
10977,012;72
10978,012;103
10979,012;109
10980,012;12264
10981,012;1027
10982,012;96
10983,012;83
10984,012;92
10985,012;83
10986,012;12240
10987,012;1045
10988,012;72
10989,012;84
10990,012;94
10991,012;87
10992,012;12266
10993,012;1047
10994,012;71
10995,012;86
10996,012;103
10997,012;78
10998,012;12246
10999,012;1034
11000,012;85
11001,012;83
11002,012;88
11003,012;87
11004,012;12251
11005,012;1040
11006,012;82
11007,012;98
11008,012;103
11009,012;87
11010,012;12269
11011,012;1034
11012,012;79
11013,012;84
11014,012;93
11011,88;85
11012,88;12379
11013,88;938
11014,88;80
11015,88;81
11016,88;85
11017,88;92
11018,88;11925
11019,88;1038
11020,88;78
11021,88;86
11022,88;82
11023,88;100
11024,88;12174
11025,88;1061
11026,88;65
11027,88;76
11028,88;86
11029,88;91
11030,88;12237
11031,88;1035
11032,88;85
11033,88;93
11034,88;75
11035,88;83
11036,88;12239
11037,88;1037
11038,88;84
11039,88;88
11040,88;83
11041,88;82
11042,88;12251
11043,88;1018
11044,88;92
11045,88;77
11046,88;100
11047,88;74
11048,88;12234
11049,88;1058
11050,88;92
11051,88;73
11052,88;88
11053,88;90
11054,88;12223
11055,88;1056
11056,88;84
11057,88;103
11058,88;98
11059,88;93
11060,88;12218
11061,88;1051
11062,88;90
11063,88;85
11064,88;93
11065,88;90
11066,88;12239
11067,88;1054
11068,88;90
11069,88;86
11070,88;89
11071,88;83
11072,88;12221
11073,88;1038
11074,88;79
11075,88;93
11076,88;95
11077,88;95
11078,88;12267
11079,88;1052
11080,88;88
11081,88;103
11082,88;85
11083,88;91
11084,88;12256
11085,88;1053
11086,88;95
11087,88;97
11088,88;102
11089,88;104
11090,88;12238
11091,88;1064
11092,88;91
11093,88;97
11094,88;90
11095,88;91
11096,88;12194
11097,88;1068
11098,88;85
11099,88;97
11100,88;98
11101,88;98
11102,88;12288
11103,88;1023
11104,88;71
11105,88;90
11106,88;91
11107,88;98
11108,88;12203
11109,88;1049
11110,88;107
11111,88;96
11112,88;107
11113,88;115
11114,88;12208
11115,88;1086
11116,88;87
11117,88;88
11118,88;94
11119,88;105
11120,88;12249
11121,88;1055
11122,88;96
11123,88;91
11124,88;95
11125,88;82
11126,88;12221
11127,88;1067
11128,88;84
11129,88;86
11130,88;104
11131,88;106
11132,88;12213
11133,88;1063
11134,88;89
11135,88;75
11136,88;98
11137,88;107
11138,88;12230
11139,88;1060
11140,88;95
11141,88;109
11142,88;98
11143,88;108
11144,88;12223
11145,88;1069
11146,88;94
11147,88;91
11148,88;86
11149,88;102
11150,88;12202
11151,88;1074
11152,88;95
11153,88;102
11154,88;97
11155,88;87
11156,88;12246
11157,88;1077
11158,88;85
11159,88;86
11160,88;90
11161,88;106
11162,88;12289
11163,88;988
11164,88;62
11165,88;83
11166,88;100
11167,88;107
11168,88;12218
11169,88;1099
11170,88;89
11171,88;81
11172,88;94
11173,88;97
11174,88;12228
11175,88;1067
11176,88;85
11177,88;85
11178,88;102
11179,88;107
11180,88;12230
11181,88;1083
11182,88;96
11183,88;101
11184,88;111
11185,88;83
11186,88;12242
11187,88;1086
11188,88;90
11189,88;98
11190,88;107
11191,88;97
11192,88;12241
11193,88;1068
11194,88;121
11195,88;94
11196,88;88
11197,88;109
11198,88;12210
11199,88;1085
11200,88;87
11201,88;105
11202,88;86
11203,88;92
11204,88;12194
11205,88;1098
11206,88;92
11207,88;98
11208,88;103
11209,88;115
11210,88;12236
11211,88;1086
11212,88;108
11215,512;92
11216,512;104
11217,512;86
11218,512;12222
11219,512;1094
11220,512;86
11221,512;92
11222,512;98
11223,512;87
11224,512;12250
11225,512;1076
11226,512;97
11227,512;86
11228,512;105
11229,512;98
11230,512;12235
11231,512;1078
11232,512;93
11233,512;95
11234,512;90
11235,512;92
11236,512;12214
11237,512;1090
11238,512;98
11239,512;109
11240,512;118
11241,512;89
11242,512;12211
11243,512;1091
11244,512;99
11245,512;95
11246,512;96
11247,512;103
11248,512;12255
11249,512;1100
11250,512;94
11251,512;90
11252,512;92
11253,512;111
11254,512;12229
11255,512;1109
11256,512;95
11257,512;80
11258,512;81
11259,512;103
11260,512;12226
11261,512;1110
11262,512;122
11263,512;103
11264,512;100
11265,512;87
11266,512;12276
11267,512;1010
11268,512;112
11269,512;102
11270,512;86
11271,512;113
11272,512;12247
11273,512;1100
11274,512;89
11275,512;106
11276,512;102
11277,512;111
11278,512;12220
11279,512;1093
11280,512;95
11281,512;71
11282,512;130
11283,512;93
11284,512;12194
11285,512;1098
11286,512;105
11287,512;104
11288,512;86
11289,512;92
11290,512;12231
11291,512;1110
11292,512;82
11293,512;97
11294,512;105
11295,512;89
11296,512;12216
11297,512;1087
11298,512;95
11299,512;102
11300,512;97
11301,512;114
11302,512;12221
11303,512;1079
11304,512;98
11305,512;94
11306,512;105
11307,512;117
11308,512;12203
11309,512;1110
11310,512;90
11311,512;100
11312,512;117
11313,512;99
11314,512;12203
11315,512;1094
11314,962;90
11315,962;110
11316,962;110
11317,962;102
11318,962;12186
11319,962;1100
11320,962;102
11321,962;104
11322,962;91
11323,962;114
11324,962;12228
11325,962;1100
11326,962;121
11327,962;84
11328,962;109
11329,962;88
11330,962;11893
11331,962;1100
11332,962;95
11333,962;110
11334,962;114
11335,962;96
11336,962;12149
11337,962;1105
11338,962;106
11339,962;85
11340,962;120
11341,962;118
11342,962;12210
11343,962;1103
11344,962;78
11345,962;98
11346,962;96
11347,962;103
11348,962;12208
11349,962;1094
11350,962;90
11351,962;94
11352,962;93
11353,962;85
11354,962;12177
11355,962;1091
11356,962;89
11357,962;99
11358,962;119
11359,962;110
11360,962;12203
11361,962;1109
11362,962;99
11363,962;93
11364,962;102
11365,962;96
11366,962;12208
11367,962;1099
11368,962;88
11369,962;88
11370,962;109
11371,962;95
11372,962;12187
11373,962;1105
11374,962;89
11375,962;95
11376,962;100
11377,962;103
11378,962;12191
11379,962;1093
11380,962;98
11381,962;116
11382,962;76
11383,962;105
11384,962;12189
11385,962;1118
11386,962;114
11387,962;110
11388,962;101
11389,962;85
11390,962;12256
11391,962;1111
11392,962;94
11393,962;126
11394,962;86
11395,962;97
11396,962;12203
11397,962;1109
11398,962;104
11399,962;109
11400,962;104
11401,962;108
11402,962;12204
11403,962;1113
11404,962;108
11405,962;94
11406,962;98
11407,962;111
11408,962;12190
11409,962;1115
11410,962;98
11411,962;88
11412,962;99
11413,962;105
11414,962;12193
11416,917;1129
11417,917;92
11418,917;84
11419,917;117
11420,917;92
11421,917;12208
11422,917;1082
11423,917;100
11424,917;91
11425,917;99
11426,917;98
11427,917;12171
11428,917;1106
11429,917;92
11430,917;120
11431,917;99
11432,917;97
11433,917;12226
11434,917;1115
11435,917;97
11436,917;101
11437,917;97
11438,917;103
11439,917;12197
11440,917;1145
11441,917;84
11442,917;104
11443,917;95
11444,917;105
11445,917;12212
11446,917;1120
11447,917;91
11448,917;87
11449,917;114
11450,917;93
11451,917;12176
11452,917;1116
11453,917;85
11454,917;95
11455,917;94
11456,917;99
11457,917;12199
11458,917;1146
11459,917;85
11460,917;112
11461,917;105
11462,917;97
11463,917;12157
11464,917;1123
11465,917;85
11466,917;100
11467,917;86
11468,917;104
11469,917;12157
11470,917;1108
11471,917;104
11472,917;88
11473,917;84
11474,917;101
11475,917;12169
11476,917;1123
11477,917;84
11478,917;103
11479,917;113
11480,917;82
11481,917;12208
11482,917;1132
11483,917;94
11484,917;95
11485,917;92
11486,917;105
11487,917;12195
11488,917;1100
11489,917;93
11490,917;97
11491,917;115
11492,917;104
11493,917;12167
11494,917;1138
11495,917;94
11496,917;111
11497,917;110
11498,917;94
11499,917;12222
11500,917;1134
11501,917;77
11502,917;83
11503,917;118
11504,917;87
11505,917;12173
11506,917;1116
11507,917;98
11508,917;90
11509,917;94
11510,917;102
11511,917;12210
11512,917;1113
11513,917;120
11514,917;95
11515,917;97
11516,917;96
11518,366;12146
11519,366;1132
11520,366;80
11521,366;115
11522,366;104
11523,366;89
11524,366;12167
11525,366;1133
11526,366;83
11527,366;90
11528,366;87
11529,366;93
11530,366;12178
11531,366;1124
11532,366;99
11533,366;76
11534,366;75
11535,366;81
11536,366;12186
11537,366;1112
11538,366;89
11539,366;99
11540,366;95
11541,366;104
11542,366;12171
11543,366;1105
11544,366;97
11545,366;82
11546,366;96
11547,366;71
11548,366;12167
11549,366;1132
11550,366;68
11551,366;98
11552,366;81
11553,366;95
11554,366;12162
11555,366;1126
11556,366;86
11557,366;85
11558,366;90
11559,366;99
11560,366;12139
11561,366;1116
11562,366;98
11563,366;92
11564,366;85
11565,366;116
11566,366;12161
11567,366;1136
11568,366;84
11569,366;71
11570,366;92
11571,366;117
11572,366;12181
11573,366;1129
11574,366;93
11575,366;78
11576,366;96
11577,366;89
11578,366;12155
11579,366;1142
11580,366;86
11581,366;102
11582,366;89
11583,366;93
11584,366;12129
11585,366;1128
11586,366;77
11587,366;106
11588,366;86
11589,366;101
11590,366;12156
11591,366;1129
11592,366;102
11593,366;83
11594,366;79
11595,366;93
11596,366;12143
11597,366;1135
11598,366;96
11599,366;88
11600,366;105
11601,366;91
11602,366;12164
11603,366;1137
11604,366;93
11605,366;83
11606,366;88
11607,366;78
11608,366;12172
11609,366;1134
11610,366;83
11611,366;77
11612,366;87
11613,366;96
11614,366;12172
11615,366;1121
11616,366;94
11617,366;96
11618,366;84
11618,366;89
11619,366;12128
11620,366;1140
11621,366;83
11622,366;106
11623,366;91
11624,366;89
11625,366;12156
11626,366;1126
11627,366;75
11628,366;75
11629,366;94
11630,366;80
11631,366;12170
11632,366;1139
11633,366;86
11634,366;90
11635,366;96
11636,366;100
11637,366;12163
11638,366;1140
11639,366;77
11640,366;79
11641,366;97
11642,366;86
11643,366;11863
11644,366;1122
11645,366;69
11646,366;77
11647,366;72
11648,366;84
11649,366;12077
11650,366;1140
11651,366;77
11652,366;61
11653,366;73
11654,366;82
11655,366;12145
11656,366;1142
11657,366;84
11658,366;97
11659,366;79
11660,366;95
11661,366;12127
11662,366;1132
11663,366;98
11664,366;96
11665,366;75
11666,366;98
11667,366;12132
11668,366;1142
11669,366;87
11670,366;97
11671,366;81
11672,366;100
11673,366;12160
11674,366;1161
11675,366;97
11676,366;97
11677,366;96
11678,366;100
11679,366;12126
11680,366;1143
11681,366;81
11682,366;95
11683,366;119
11684,366;85
11685,366;12151
11686,366;1158
11687,366;98
11688,366;87
11689,366;80
11690,366;74
11691,366;12140
11692,366;1146
11693,366;68
11694,366;88
11695,366;96
11696,366;99
11697,366;12151
11698,366;1161
11699,366;82
11700,366;93
11701,366;93
11702,366;82
11703,366;12108
11704,366;1155
11705,366;82
11706,366;99
11707,366;83
11708,366;87
11709,366;12135
11710,366;1156
11711,366;100
11712,366;94
11713,366;101
11714,366;89
11715,366;12120
11716,366;1147
11717,366;83
11718,366;100
11719,915;92
11720,915;84
11721,915;12190
11722,915;1122
11723,915;81
11724,915;90
11725,915;92
11726,915;93
11727,915;12142
11728,915;1164
11729,915;87
11730,915;118
11731,915;82
11732,915;102
11733,915;12164
11734,915;1132
11735,915;77
11736,915;97
11737,915;96
11738,915;101
11739,915;12146
11740,915;1164
11741,915;107
11742,915;85
11743,915;103
11744,915;89
11745,915;12133
11746,915;1148
11747,915;89
11748,915;95
11749,915;107
11750,915;119
11751,915;12147
11752,915;1153
11753,915;97
11754,915;98
11755,915;87
11756,915;92
11757,915;12151
11758,915;1141
11759,915;105
11760,915;107
11761,915;107
11762,915;75
11763,915;12173
11764,915;1118
11765,915;95
11766,915;94
11767,915;81
11768,915;86
11769,915;12126
11770,915;1158
11771,915;91
11772,915;109
11773,915;99
11774,915;114
11775,915;12154
11776,915;1137
11777,915;88
11778,915;95
11779,915;95
11780,915;93
11781,915;12151
11782,915;1152
11783,915;80
11784,915;104
11785,915;98
11786,915;70
11787,915;12151
11788,915;1182
11789,915;81
11790,915;101
11791,915;93
11792,915;95
11793,915;12151
11794,915;1156
11795,915;92
11796,915;82
11797,915;88
11798,915;105
11799,915;12112
11800,915;1161
11801,915;84
11802,915;79
11803,915;97
11804,915;104
11805,915;12089
11806,915;1171
11807,915;96
11808,915;94
11809,915;119
11810,915;108
11811,915;12142
11812,915;1178
11813,915;92
11814,915;97
11815,915;99
11816,915;96
11817,915;12153
11818,915;1187
11819,915;107
11821,1;92
11822,1;102
11823,1;106
11824,1;12090
11825,1;1173
11826,1;92
11827,1;96
11828,1;99
11829,1;82
11830,1;12137
11831,1;1190
11832,1;101
11833,1;80
11834,1;104
11835,1;105
11836,1;12114
11837,1;1155
11838,1;97
11839,1;100
11840,1;106
11841,1;129
11842,1;12114
11843,1;1163
11844,1;87
11845,1;81
11846,1;91
11847,1;129
11848,1;12139
11849,1;1163
11850,1;78
11851,1;93
11852,1;102
11853,1;99
11854,1;12110
11855,1;1189
11856,1;98
11857,1;85
11858,1;101
11859,1;110
11860,1;12157
11861,1;1160
11862,1;95
11863,1;94
11864,1;90
11865,1;93
11866,1;12123
11867,1;1184
11868,1;92
11869,1;112
11870,1;102
11871,1;87
11872,1;12120
11873,1;1190
11874,1;93
11875,1;79
11876,1;98
11877,1;105
11878,1;12147
11879,1;1183
11880,1;106
11881,1;95
11882,1;101
11883,1;85
11884,1;12100
11885,1;1175
11886,1;86
11887,1;122
11888,1;85
11889,1;96
11890,1;12121
11891,1;1196
11892,1;100
11893,1;110
11894,1;101
11895,1;122
11896,1;12130
11897,1;1195
11898,1;113
11899,1;104
11900,1;109
11901,1;104
11902,1;12150
11903,1;1173
11904,1;92
11905,1;100
11906,1;109
11907,1;99
11908,1;12116
11909,1;1181
11910,1;100
11911,1;96
11912,1;111
11913,1;95
11914,1;12113
11915,1;1189
11916,1;95
11917,1;98
11918,1;98
11919,1;98
11920,1;12166
11921,1;1172
11921,174;100
11922,174;102
11923,174;90
11924,174;99
11925,174;12137
11926,174;1177
11927,174;91
11928,174;112
11929,174;98
11930,174;113
11931,174;12151
11932,174;1188
11933,174;95
11934,174;96
11935,174;104
11936,174;103
11937,174;12151
11938,174;1190
11939,174;85
11940,174;102
11941,174;124
11942,174;102
11943,174;12124
11944,174;1191
11945,174;100
11946,174;99
11947,174;95
11948,174;89
11949,174;12122
11950,174;1198
11951,174;92
11952,174;87
11953,174;112
11954,174;99
11955,174;11778
11956,174;1182
11957,174;92
11958,174;91
11959,174;103
11960,174;93
11961,174;12073
11962,174;1204
11963,174;102
11964,174;81
11965,174;97
11966,174;119
11967,174;12099
11968,174;1198
11969,174;102
11970,174;103
11971,174;99
11972,174;94
11973,174;12231
11974,174;1113
11975,174;85
11976,174;104
11977,174;110
11978,174;125
11979,174;12104
11980,174;1177
11981,174;81
11982,174;89
11983,174;102
11984,174;90
11985,174;12104
11986,174;1197
11987,174;91
11988,174;106
11989,174;124
11990,174;102
11991,174;12100
11992,174;1195
11993,174;98
11994,174;102
11995,174;101
11996,174;104
11997,174;12105
11998,174;1200
11999,174;105
12000,174;90
12001,174;120
12002,174;107
12003,174;12107
12004,174;1208
12005,174;69
12006,174;107
12007,174;115
12008,174;117
12009,174;12114
12010,174;1220
12011,174;97
12012,174;83
12013,174;117
12014,174;107
12015,174;12102
12016,174;1207
12017,174;97
12018,174;93
12019,174;108
12020,174;92
12021,174;12075
12021,952;1207
12022,952;94
12023,952;117
12024,952;85
12025,952;100
12026,952;12104
12027,952;1213
12028,952;105
12029,952;112
12030,952;104
12031,952;91
12032,952;12095
12033,952;1197
12034,952;89
12035,952;88
12036,952;89
12037,952;100
12038,952;12101
12039,952;1216
12040,952;105
12041,952;94
12042,952;104
12043,952;99
12044,952;12088
12045,952;1207
12046,952;100
12047,952;107
12048,952;95
12049,952;114
12050,952;12123
12051,952;1207
12052,952;105
12053,952;91
12054,952;101
12055,952;103
12056,952;12095
12057,952;1224
12058,952;90
12059,952;103
12060,952;105
12061,952;99
12062,952;12060
12063,952;1199
12064,952;65
12065,952;106
12066,952;99
12067,952;109
12068,952;12083
12069,952;1210
12070,952;94
12071,952;109
12072,952;108
12073,952;88
12074,952;12086
12075,952;1198
12076,952;80
12077,952;91
12078,952;100
12079,952;101
12080,952;12100
12081,952;1199
12082,952;100
12083,952;108
12084,952;103
12085,952;109
12086,952;12110
12087,952;1214
12088,952;84
12089,952;111
12090,952;112
12091,952;92
12092,952;12083
12093,952;1213
12094,952;106
12095,952;87
12096,952;83
12097,952;91
12098,952;12069
12099,952;1241
12100,952;98
12101,952;109
12102,952;100
12103,952;95
12104,952;12092
12105,952;1213
12106,952;85
12107,952;91
12108,952;120
12109,952;103
12110,952;12105
12111,952;1215
12112,952;93
12113,952;80
12114,952;114
12115,952;94
12116,952;12056
12117,952;1203
12118,952;102
12119,952;107
12120,952;99
12121,952;102
12122,952;12108
12123,952;1226
12124,952;90
12125,952;95
12126,952;112
12127,952;117
12128,952;12082
12129,952;1224
12130,952;83
12131,952;101
12132,952;95
12133,952;99
12134,952;12068
12135,952;1252
12136,952;110
12137,952;86
12138,952;93
12139,952;98
12140,952;12104
12141,952;1190
12142,952;78
12143,952;99
12144,952;83
12145,952;96
12146,952;12138
12147,952;1174
12148,952;103
12149,952;88
12150,952;98
12151,952;107
12152,952;12171
12153,952;1114
12154,952;94
12155,952;101
12156,952;99
12157,952;96
12158,952;12055
12159,952;1215
12160,952;100
12161,952;83
12162,952;88
12163,952;92
12164,952;12069
12165,952;1221
12166,952;94
12167,952;91
12168,952;99
12169,952;103
12170,952;12093
12171,952;1222
12172,952;109
12173,952;91
12174,952;86
12175,952;99
12176,952;12057
12177,952;1223
12178,952;77
12179,952;98
12180,952;92
12181,952;99
12182,952;12089
12183,952;1208
12184,952;91
12185,952;103
12186,952;89
12187,952;89
12188,952;12092
12189,952;1229
12190,952;88
12191,952;93
12192,952;79
12193,952;97
12194,952;12067
12195,952;1223
12196,952;91
12197,952;74
12198,952;101
12199,952;97
12200,952;12041
12201,952;1224
12202,952;89
12203,952;94
12204,952;81
12205,952;87
12206,952;12086
12207,952;1233
12208,952;83
12209,952;89
12210,952;88
12211,952;82
12212,952;12081
12213,952;1202
12214,952;66
12215,952;88
12216,952;84
12217,952;101
12218,952;12030
12219,952;1222
12220,952;84
12221,952;81
12222,952;80
12225,159;70
12226,159;12049
12227,159;1221
12228,159;79
12229,159;83
12230,159;90
12231,159;92
12232,159;12068
12233,159;1222
12234,159;73
12235,159;77
12236,159;91
12237,159;88
12238,159;12055
12239,159;1217
12240,159;107
12241,159;82
12242,159;102
12243,159;110
12244,159;12052
12245,159;1231
12246,159;82
12247,159;89
12248,159;86
12249,159;100
12250,159;12065
12251,159;1224
12252,159;103
12253,159;82
12254,159;80
12255,159;75
12256,159;12064
12257,159;1225
12258,159;70
12259,159;100
12260,159;84
12261,159;79
12262,159;12052
12263,159;1228
12264,159;86
12265,159;91
12266,159;75
12267,159;83
12268,159;11737
12269,159;1230
12270,159;84
12271,159;91
12272,159;91
12273,159;98
12274,159;11984
12275,159;1227
12276,159;84
12277,159;75
12278,159;96
12279,159;77
12280,159;12030
12281,159;1219
12282,159;90
12283,159;86
12284,159;90
12285,159;82
12286,159;12115
12287,159;1181
12288,159;98
12289,159;87
12290,159;92
12291,159;65
12292,159;12079
12293,159;1247
12294,159;84
12295,159;100
12296,159;97
12297,159;114
12298,159;12043
12299,159;1217
12300,159;88
12301,159;84
12302,159;108
12303,159;95
12304,159;12092
12305,159;1232
12306,159;74
12307,159;94
12308,159;101
12309,159;92
12310,159;12055
12311,159;1212
12312,159;81
12313,159;85
12314,159;82
12315,159;81
12316,159;12033
12317,159;1237
12318,159;83
12319,159;85
12320,159;94
12321,159;91
12322,159;12085
12323,159;1240
12324,159;91
12325,159;84
12326,146;106
12327,146;115
12328,146;12069
12329,146;1235
12330,146;82
12331,146;91
12332,146;108
12333,146;94
12334,146;12046
12335,146;1240
12336,146;70
12337,146;100
12338,146;112
12339,146;81
12340,146;12055
12341,146;1229
12342,146;107
12343,146;97
12344,146;95
12345,146;90
12346,146;12038
12347,146;1242
12348,146;87
12349,146;101
12350,146;91
12351,146;97
12352,146;12104
12353,146;1170
12354,146;101
12355,146;99
12356,146;98
12357,146;90
12358,146;12046
12359,146;1244
12360,146;107
12361,146;100
12362,146;83
12363,146;95
12364,146;12057
12365,146;1234
12366,146;115
12367,146;102
12368,146;96
12369,146;100
12370,146;12057
12371,146;1250
12372,146;100
12373,146;70
12374,146;83
12375,146;87
12376,146;12041
12377,146;1260
12378,146;69
12379,146;86
12380,146;92
12381,146;93
12382,146;12031
12383,146;1254
12384,146;83
12385,146;92
12386,146;98
12387,146;99
12388,146;12031
12389,146;1248
12390,146;120
12391,146;102
12392,146;103
12393,146;94
12394,146;12057
12395,146;1266
12396,146;108
12397,146;117
12398,146;97
12399,146;102
12400,146;12070
12401,146;1255
12402,146;106
12403,146;98
12404,146;103
12405,146;94
12406,146;12017
12407,146;1262
12408,146;90
12409,146;93
12410,146;98
12411,146;86
12412,146;12060
12413,146;1262
12414,146;106
12415,146;93
12416,146;81
12417,146;108
12418,146;12025
12419,146;1258
12420,146;86
12421,146;79
12422,146;103
12423,146;82
12424,146;12047
12425,146;1260
12426,146;88
12427,708;81
12428,708;107
12429,708;122
12430,708;12033
12431,708;1272
12432,708;88
12433,708;78
12434,708;110
12435,708;106
12436,708;12006
12437,708;1257
12438,708;71
12439,708;91
12440,708;95
12441,708;102
12442,708;12038
12443,708;1263
12444,708;87
12445,708;99
12446,708;104
12447,708;112
12448,708;12034
12449,708;1254
12450,708;71
12451,708;93
12452,708;105
12453,708;101
12454,708;12046
12455,708;1268
12456,708;89
12457,708;98
12458,708;94
12459,708;100
12460,708;12016
12461,708;1264
12462,708;73
12463,708;100
12464,708;90
12465,708;107
12466,708;12052
12467,708;1251
12468,708;93
12469,708;98
12470,708;94
12471,708;92
12472,708;12027
12473,708;1278
12474,708;96
12475,708;100
12476,708;101
12477,708;90
12478,708;12045
12479,708;1265
12480,708;86
12481,708;117
12482,708;101
12483,708;75
12484,708;12010
12485,708;1263
12486,708;100
12487,708;88
12488,708;98
12489,708;98
12490,708;12034
12491,708;1271
12492,708;88
12493,708;100
12494,708;115
12495,708;101
12496,708;12027
12497,708;1277
12498,708;79
12499,708;94
12500,708;98
12501,708;112
12502,708;12034
12503,708;1264
12504,708;98
12505,708;90
12506,708;114
12507,708;79
12508,708;12058
12509,708;1290
12510,708;88
12511,708;100
12512,708;97
12513,708;104
12514,708;12045
12515,708;1263
12516,708;98
12517,708;111
12518,708;118
12519,708;110
12520,708;12050
12521,708;1275
12522,708;103
12523,708;105
12524,708;109
12525,708;92
12526,708;12040
12527,708;1282
12527,503;88
12528,503;99
12529,503;105
12530,503;98
12531,503;12049
12532,503;1280
12533,503;89
12534,503;103
12535,503;94
12536,503;92
12537,503;12057
12538,503;1269
12539,503;97
12540,503;104
12541,503;91
12542,503;95
12543,503;12010
12544,503;1284
12545,503;97
12546,503;99
12547,503;101
12548,503;92
12549,503;12026
12550,503;1311
12551,503;74
12552,503;112
12553,503;90
12554,503;82
12555,503;12029
12556,503;1280
12557,503;105
12558,503;96
12559,503;107
12560,503;106
12561,503;12039
12562,503;1297
12563,503;99
12564,503;102
12565,503;95
12566,503;96
12567,503;12023
12568,503;1276
12569,503;96
12570,503;93
12571,503;104
12572,503;103
12573,503;12014
12574,503;1317
12575,503;91
12576,503;92
12577,503;111
12578,503;98
12579,503;11701
12580,503;1288
12581,503;117
12582,503;115
12583,503;101
12584,503;110
12585,503;11986
12586,503;1281
12587,503;107
12588,503;105
12589,503;118
12590,503;100
12591,503;12015
12592,503;1287
12593,503;90
12594,503;100
12595,503;114
12596,503;98
12597,503;12064
12598,503;1295
12599,503;85
12600,503;105
12601,503;91
12602,503;110
12603,503;12117
12604,503;1192
12605,503;99
12606,503;102
12607,503;108
12608,503;90
12609,503;12053
12610,503;1288
12611,503;97
12612,503;89
12613,503;105
12614,503;105
12615,503;12043
12616,503;1289
12617,503;97
12618,503;100
12619,503;106
12620,503;103
12621,503;12033
12622,503;1299
12623,503;85
12624,503;111
12625,503;96
12626,503;104
12627,503;12043
12628,432;1299
12629,432;90
12630,432;104
12631,432;112
12632,432;102
12633,432;12033
12634,432;1287
12635,432;103
12636,432;96
12637,432;91
12638,432;106
12639,432;12023
12640,432;1312
12641,432;104
12642,432;112
12643,432;116
12644,432;112
12645,432;12025
12646,432;1302
12647,432;102
12648,432;94
12649,432;102
12650,432;122
12651,432;12003
12652,432;1308
12653,432;80
12654,432;99
12655,432;92
12656,432;109
12657,432;11995
12658,432;1298
12659,432;91
12660,432;78
12661,432;88
12662,432;101
12663,432;12006
12664,432;1277
12665,432;103
12666,432;94
12667,432;109
12668,432;112
12669,432;12023
12670,432;1288
12671,432;102
12672,432;97
12673,432;81
12674,432;86
12675,432;11994
12676,432;1295
12677,432;84
12678,432;121
12679,432;100
12680,432;95
12681,432;11998
12682,432;1321
12683,432;92
12684,432;98
12685,432;87
12686,432;114
12687,432;12008
12688,432;1314
12689,432;104
12690,432;107
12691,432;103
12692,432;104
12693,432;12011
12694,432;1321
12695,432;88
12696,432;99
12697,432;110
12698,432;111
12699,432;11997
12700,432;1285
12701,432;101
12702,432;97
12703,432;107
12704,432;76
12705,432;11974
12706,432;1307
12707,432;72
12708,432;89
12709,432;102
12710,432;101
12711,432;12010
12712,432;1299
12713,432;77
12714,432;109
12715,432;93
12716,432;97
12717,432;11969
12718,432;1305
12719,432;106
12720,432;107
12721,432;105
12722,432;99
12723,432;12084
12724,432;1210
12725,432;79
12726,432;99
12727,432;101
12728,432;97
12730,432;12033
12731,432;1304
12732,432;101
12733,432;83
12734,432;106
12735,432;85
12736,432;11976
12737,432;1304
12738,432;107
12739,432;97
12740,432;103
12741,432;104
12742,432;11992
12743,432;1305
12744,432;85
12745,432;76
12746,432;101
12747,432;91
12748,432;11987
12749,432;1320
12750,432;89
12751,432;75
12752,432;93
12753,432;100
12754,432;11985
12755,432;1313
12756,432;86
12757,432;93
12758,432;99
12759,432;111
12760,432;11987
12761,432;1295
12762,432;97
12763,432;100
12764,432;96
12765,432;98
12766,432;11966
12767,432;1296
12768,432;89
12769,432;87
12770,432;83
12771,432;96
12772,432;12008
12773,432;1302
12774,432;95
12775,432;104
12776,432;88
12777,432;103
12778,432;12010
12779,432;1292
12780,432;71
12781,432;88
12782,432;131
12783,432;98
12784,432;11992
12785,432;1311
12786,432;107
12787,432;83
12788,432;85
12789,432;117
12790,432;12040
12791,432;1225
12792,432;87
12793,432;89
12794,432;111
12795,432;98
12796,432;11995
12797,432;1317
12798,432;108
12799,432;69
12800,432;102
12801,432;109
12802,432;11988
12803,432;1326
12804,432;88
12805,432;88
12806,432;85
12807,432;100
12808,432;11966
12809,432;1330
12810,432;68
12811,432;79
12812,432;87
12813,432;95
12814,432;11963
12815,432;1315
12816,432;77
12817,432;89
12818,432;99
12819,432;96
12820,432;11984
12821,432;1327
12822,432;86
12823,432;92
12824,432;79
12825,432;89
12826,432;11963
12827,432;1312
12828,432;88
12829,432;112
12830,432;85
12830,902;106
12831,902;12093
12832,902;1226
12833,902;75
12834,902;95
12835,902;79
12836,902;87
12837,902;11948
12838,902;1314
12839,902;78
12840,902;103
12841,902;92
12842,902;114
12843,902;11956
12844,902;1308
12845,902;98
12846,902;91
12847,902;95
12848,902;107
12849,902;12005
12850,902;1329
12851,902;81
12852,902;99
12853,902;91
12854,902;108
12855,902;11954
12856,902;1322
12857,902;80
12858,902;90
12859,902;103
12860,902;86
12861,902;11957
12862,902;1309
12863,902;105
12864,902;88
12865,902;115
12866,902;81
12867,902;11948
12868,902;1292
12869,902;86
12870,902;85
12871,902;82
12872,902;93
12873,902;11962
12874,902;1319
12875,902;83
12876,902;95
12877,902;83
12878,902;69
12879,902;11954
12880,902;1314
12881,902;81
12882,902;85
12883,902;68
12884,902;80
12885,902;11981
12886,902;1284
12887,902;81
12888,902;87
12889,902;75
12890,902;78
12891,902;11660
12892,902;1334
12893,902;80
12894,902;73
12895,902;94
12896,902;78
12897,902;11906
12898,902;1331
12899,902;77
12900,902;79
12901,902;92
12902,902;91
12903,902;11949
12904,902;1329
12905,902;91
12906,902;84
12907,902;64
12908,902;79
12909,902;11984
12910,902;1327
12911,902;87
12912,902;77
12913,902;76
12914,902;91
12915,902;11994
12916,902;1318
12917,902;80
12918,902;95
12919,902;100
12920,902;75
12921,902;11949
12922,902;1333
12923,902;73
12924,902;98
12925,902;82
12926,902;83
12927,902;11962
12928,902;1328
12929,902;95
12930,902;82
12931,808;104
12932,808;110
12933,808;11921
12934,808;1328
12935,808;71
12936,808;95
12937,808;89
12938,808;82
12939,808;11977
12940,808;1338
12941,808;89
12942,808;97
12943,808;69
12944,808;91
12945,808;12031
12946,808;1254
12947,808;78
12948,808;91
12949,808;79
12950,808;90
12951,808;11967
12952,808;1332
12953,808;93
12954,808;86
12955,808;96
12956,808;91
12957,808;11957
12958,808;1331
12959,808;78
12960,808;82
12961,808;115
12962,808;119
12963,808;11952
12964,808;1347
12965,808;101
12966,808;78
12967,808;93
12968,808;88
12969,808;12013
12970,808;1338
12971,808;94
12972,808;93
12973,808;77
12974,808;100
12975,808;11956
12976,808;1325
12977,808;92
12978,808;93
12979,808;94
12980,808;101
12981,808;11965
12982,808;1346
12983,808;82
12984,808;88
12985,808;110
12986,808;95
12987,808;11959
12988,808;1329
12989,808;88
12990,808;90
12991,808;99
12992,808;97
12993,808;11951
12994,808;1322
12995,808;93
12996,808;91
12997,808;115
12998,808;98
12999,808;12089
13000,808;1235
13001,808;89
13002,808;96
13003,808;84
13004,808;115
13005,808;11983
13006,808;1349
13007,808;99
13008,808;99
13009,808;85
13010,808;98
13011,808;12030
13012,808;1254
13013,808;81
13014,808;103
13015,808;94
13016,808;96
13017,808;11959
13018,808;1344
13019,808;108
13020,808;100
13021,808;100
13022,808;97
13023,808;11932
13024,808;1350
13025,808;95
13026,808;87
13027,808;94
13028,808;97
13029,808;11975
13030,808;1347
13031,808;93
13033,21;93
13034,21;70
13035,21;84
13036,21;11937
13037,21;1350
13038,21;73
13039,21;109
13040,21;98
13041,21;97
13042,21;12016
13043,21;1282
13044,21;99
13045,21;69
13046,21;97
13047,21;89
13048,21;11957
13049,21;1342
13050,21;110
13051,21;101
13052,21;98
13053,21;102
13054,21;11937
13055,21;1339
13056,21;87
13057,21;118
13058,21;97
13059,21;120
13060,21;11947
13061,21;1331
13062,21;104
13063,21;89
13064,21;92
13065,21;116
13066,21;11924
13067,21;1342
13068,21;103
13069,21;96
13070,21;97
13071,21;95
13072,21;11944
13073,21;1342
13074,21;95
13075,21;90
13076,21;82
13077,21;111
13078,21;11941
13079,21;1354
13080,21;81
13081,21;95
13082,21;101
13083,21;101
13084,21;11932
13085,21;1363
13086,21;94
13087,21;84
13088,21;97
13089,21;97
13090,21;11947
13091,21;1375
13092,21;94
13093,21;101
13094,21;122
13095,21;97
13096,21;11941
13097,21;1360
13098,21;98
13099,21;96
13100,21;100
13101,21;86
13102,21;11938
13103,21;1378
13104,21;86
13105,21;103
13106,21;106
13107,21;105
13108,21;11951
13109,21;1360
13110,21;91
13111,21;94
13112,21;95
13113,21;94
13114,21;11968
13115,21;1359
13116,21;109
13117,21;107
13118,21;99
13119,21;74
13120,21;11935
13121,21;1360
13122,21;97
13123,21;92
13124,21;96
13125,21;86
13126,21;11943
13127,21;1355
13128,21;106
13129,21;103
13130,21;80
13131,21;108
13132,21;11998
13133,21;1372
13133,344;100
13134,344;107
13135,344;106
13136,344;113
13137,344;11931
13138,344;1361
13139,344;75
13140,344;103
13141,344;105
13142,344;100
13143,344;11924
13144,344;1371
13145,344;94
13146,344;105
13147,344;102
13148,344;100
13149,344;11949
13150,344;1382
13151,344;111
13152,344;100
13153,344;102
13154,344;107
13155,344;11966
13156,344;1373
13157,344;91
13158,344;115
13159,344;87
13160,344;89
13161,344;11959
13162,344;1381
13163,344;91
13164,344;100
13165,344;97
13166,344;89
13167,344;11936
13168,344;1371
13169,344;97
13170,344;99
13171,344;100
13172,344;92
13173,344;11962
13174,344;1385
13175,344;87
13176,344;86
13177,344;107
13178,344;95
13179,344;11942
13180,344;1376
13181,344;86
13182,344;104
13183,344;104
13184,344;109
13185,344;11909
13186,344;1398
13187,344;109
13188,344;96
13189,344;93
13190,344;101
13191,344;11945
13192,344;1371
13193,344;105
13194,344;115
13195,344;117
13196,344;104
13197,344;11943
13198,344;1364
13199,344;96
13200,344;93
13201,344;101
13202,344;85
13203,344;11580
13204,344;1367
13205,344;91
13206,344;97
13207,344;108
13208,344;102
13209,344;11922
13210,344;1392
13211,344;101
13212,344;119
13213,344;95
13214,344;108
13215,344;11922
13216,344;1375
13217,344;97
13218,344;103
13219,344;94
13220,344;106
13221,344;11959
13222,344;1362
13223,344;95
13224,344;121
13225,344;88
13226,344;98
13227,344;11937
13228,344;1383
13229,344;81
13230,344;97
13231,344;99
13232,344;109
13233,344;11943
13234,344;1371
13235,344;110
13236,344;119
13237,344;101
13238,344;81
13239,344;11951
13240,344;1385
13241,344;97
13242,344;105
13243,344;106
13244,344;106
13245,344;11992
13246,344;1340
13247,344;93
13248,344;96
13249,344;105
13250,344;103
13251,344;11933
13252,344;1362
13253,344;96
13254,344;86
13255,344;108
13256,344;116
13257,344;11928
13258,344;1383
13259,344;93
13260,344;102
13261,344;113
13262,344;107
13263,344;11918
13264,344;1389
13265,344;82
13266,344;125
13267,344;114
13268,344;107
13269,344;11912
13270,344;1376
13271,344;100
13272,344;89
13273,344;100
13274,344;91
13275,344;11942
13276,344;1379
13277,344;94
13278,344;111
13279,344;77
13280,344;109
13281,344;11915
13282,344;1390
13283,344;86
13284,344;117
13285,344;97
13286,344;99
13287,344;11925
13288,344;1386
13289,344;87
13290,344;99
13291,344;91
13292,344;97
13293,344;11958
13294,344;1394
13295,344;88
13296,344;106
13297,344;126
13298,344;98
13299,344;11886
13300,344;1393
13301,344;83
13302,344;95
13303,344;117
13304,344;84
13305,344;11924
13306,344;1379
13307,344;92
13308,344;87
13309,344;96
13310,344;93
13311,344;11904
13312,344;1391
13313,344;109
13314,344;86
13315,344;100
13316,344;90
13317,344;11913
13318,344;1406
13319,344;97
13320,344;103
13321,344;103
13322,344;96
13323,344;11986
13324,344;1317
13325,344;80
13326,344;104
13327,344;90
13328,344;96
13329,344;11894
13330,344;1376
13331,344;101
13332,344;88
13333,344;83
13334,344;111
13336,109;11899
13337,109;1398
13338,109;89
13339,109;99
13340,109;94
13341,109;102
13342,109;11888
13343,109;1398
13344,109;83
13345,109;93
13346,109;98
13347,109;88
13348,109;11968
13349,109;1350
13350,109;105
13351,109;73
13352,109;105
13353,109;89
13354,109;11906
13355,109;1391
13356,109;78
13357,109;108
13358,109;98
13359,109;93
13360,109;11879
13361,109;1392
13362,109;97
13363,109;97
13364,109;102
13365,109;93
13366,109;11902
13367,109;1398
13368,109;81
13369,109;97
13370,109;78
13371,109;95
13372,109;11897
13373,109;1392
13374,109;68
13375,109;93
13376,109;77
13377,109;96
13378,109;11906
13379,109;1394
13380,109;72
13381,109;100
13382,109;105
13383,109;104
13384,109;11900
13385,109;1411
13386,109;109
13387,109;101
13388,109;87
13389,109;94
13390,109;11902
13391,109;1400
13392,109;97
13393,109;111
13394,109;104
13395,109;103
13396,109;11914
13397,109;1415
13398,109;99
13399,109;86
13400,109;112
13401,109;99
13402,109;11917
13403,109;1409
13404,109;80
13405,109;99
13406,109;92
13407,109;110
13408,109;11872
13409,109;1395
13410,109;80
13411,109;81
13412,109;105
13413,109;104
13414,109;11892
13415,109;1412
13416,109;75
13417,109;82
13418,109;96
13419,109;80
13420,109;11886
13421,109;1410
13422,109;99
13423,109;92
13424,109;84
13425,109;94
13426,109;11870
13427,109;1421
13428,109;89
13429,109;93
13430,109;79
13431,109;98
13432,109;11895
13433,109;1416
13434,109;84
13435,109;81
13436,109;84
13437,188;80
13438,188;11850
13439,188;1413
13440,188;103
13441,188;91
13442,188;99
13443,188;100
13444,188;11899
13445,188;1410
13446,188;97
13447,188;93
13448,188;82
13449,188;93
13450,188;11925
13451,188;1420
13452,188;89
13453,188;88
13454,188;81
13455,188;96
13456,188;11888
13457,188;1403
13458,188;87
13459,188;91
13460,188;87
13461,188;113
13462,188;11905
13463,188;1381
13464,188;112
13465,188;96
13466,188;94
13467,188;84
13468,188;11877
13469,188;1439
13470,188;94
13471,188;99
13472,188;92
13473,188;83
13474,188;11865
13475,188;1407
13476,188;95
13477,188;95
13478,188;95
13479,188;85
13480,188;11943
13481,188;1341
13482,188;89
13483,188;98
13484,188;86
13485,188;87
13486,188;11888
13487,188;1416
13488,188;83
13489,188;80
13490,188;68
13491,188;89
13492,188;11895
13493,188;1412
13494,188;82
13495,188;91
13496,188;96
13497,188;86
13498,188;11925
13499,188;1410
13500,188;87
13501,188;87
13502,188;88
13503,188;92
13504,188;11963
13505,188;1360
13506,188;76
13507,188;83
13508,188;67
13509,188;87
13510,188;11890
13511,188;1394
13512,188;69
13513,188;81
13514,188;89
13515,188;98
13516,188;11572
13517,188;1399
13518,188;74
13519,188;72
13520,188;81
13521,188;90
13522,188;11806
13523,188;1418
13524,188;80
13525,188;90
13526,188;87
13527,188;86
13528,188;11869
13529,188;1413
13530,188;78
13531,188;104
13532,188;100
13533,188;90
13534,188;11897
13535,188;1416
13536,188;95
13537,188;78
13537,667;85
13538,667;74
13539,667;11847
13540,667;1415
13541,667;85
13542,667;95
13543,667;72
13544,667;76
13545,667;11870
13546,667;1408
13547,667;75
13548,667;83
13549,667;95
13550,667;101
13551,667;11850
13552,667;1408
13553,667;86
13554,667;95
13555,667;91
13556,667;85
13557,667;11873
13558,667;1414
13559,667;78
13560,667;85
13561,667;112
13562,667;94
13563,667;11849
13564,667;1405
13565,667;86
13566,667;88
13567,667;91
13568,667;95
13569,667;11847
13570,667;1403
13571,667;93
13572,667;74
13573,667;95
13574,667;89
13575,667;11891
13576,667;1444
13577,667;80
13578,667;115
13579,667;114
13580,667;89
13581,667;11887
13582,667;1407
13583,667;93
13584,667;96
13585,667;90
13586,667;88
13587,667;11898
13588,667;1440
13589,667;91
13590,667;85
13591,667;99
13592,667;87
13593,667;11869
13594,667;1428
13595,667;82
13596,667;88
13597,667;99
13598,667;105
13599,667;11889
13600,667;1426
13601,667;97
13602,667;81
13603,667;104
13604,667;110
13605,667;11867
13606,667;1433
13607,667;81
13608,667;82
13609,667;90
13610,667;104
13611,667;11861
13612,667;1418
13613,667;93
13614,667;94
13615,667;103
13616,667;103
13617,667;11843
13618,667;1422
13619,667;84
13620,667;81
13621,667;99
13622,667;83
13623,667;11864
13624,667;1431
13625,667;79
13626,667;85
13627,667;108
13628,667;102
13629,667;11890
13630,667;1450
13631,667;99
13632,667;105
13633,667;115
13634,667;90
13635,667;11848
13636,667;1438
13637,667;80
13638,89;96
13639,89;88
13640,89;93
13641,89;11872
13642,89;1444
13643,89;97
13644,89;85
13645,89;116
13646,89;85
13647,89;11853
13648,89;1434
13649,89;74
13650,89;101
13651,89;104
13652,89;84
13653,89;11865
13654,89;1443
13655,89;100
13656,89;85
13657,89;109
13658,89;85
13659,89;11833
13660,89;1432
13661,89;74
13662,89;97
13663,89;92
13664,89;96
13665,89;11830
13666,89;1435
13667,89;118
13668,89;114
13669,89;111
13670,89;90
13671,89;11862
13672,89;1445
13673,89;74
13674,89;81
13675,89;96
13676,89;120
13677,89;11872
13678,89;1445
13679,89;100
13680,89;98
13681,89;109
13682,89;88
13683,89;11855
13684,89;1459
13685,89;115
13686,89;84
13687,89;95
13688,89;106
13689,89;11873
13690,89;1433
13691,89;87
13692,89;91
13693,89;104
13694,89;100
13695,89;11840
13696,89;1454
13697,89;86
13698,89;105
13699,89;117
13700,89;97
13701,89;11899
13702,89;1409
13703,89;95
13704,89;107
13705,89;110
13706,89;105
13707,89;11881
13708,89;1434
13709,89;83
13710,89;102
13711,89;101
13712,89;83
13713,89;11888
13714,89;1449
13715,89;107
13716,89;90
13717,89;99
13718,89;104
13719,89;11859
13720,89;1425
13721,89;96
13722,89;106
13723,89;95
13724,89;107
13725,89;11845
13726,89;1452
13727,89;81
13728,89;92
13729,89;112
13730,89;99
13731,89;11813
13732,89;1478
13733,89;80
13734,89;93
13735,89;92
13736,89;103
13737,89;11842
13738,89;1467
13739,89;108
13740,89;111
13741,89;103
13742,89;101
13743,89;11856
13744,89;1454
13745,89;105
13746,89;104
13747,89;93
13748,89;106
13749,89;11849
13750,89;1454
13751,89;93
13752,89;95
13753,89;99
13754,89;105
13755,89;11893
13756,89;1423
13757,89;107
13758,89;104
13759,89;102
13760,89;117
13761,89;11868
13762,89;1447
13763,89;99
13764,89;84
13765,89;94
13766,89;95
13767,89;11831
13768,89;1450
13769,89;102
13770,89;97
13771,89;93
13772,89;89
13773,89;11875
13774,89;1447
13775,89;113
13776,89;105
13777,89;102
13778,89;91
13779,89;11860
13780,89;1470
13781,89;108
13782,89;106
13783,89;99
13784,89;107
13785,89;11863
13786,89;1414
13787,89;84
13788,89;83
13789,89;117
13790,89;101
13791,89;11846
13792,89;1451
13793,89;109
13794,89;108
13795,89;114
13796,89;97
13797,89;11855
13798,89;1449
13799,89;95
13800,89;95
13801,89;117
13802,89;82
13803,89;11827
13804,89;1464
13805,89;79
13806,89;113
13807,89;92
13808,89;111
13809,89;11851
13810,89;1475
13811,89;87
13812,89;105
13813,89;101
13814,89;108
13815,89;11844
13816,89;1471
13817,89;108
13818,89;110
13819,89;90
13820,89;88
13821,89;11826
13822,89;1480
13823,89;85
13824,89;95
13825,89;113
13826,89;95
13827,89;11524
13828,89;1461
13829,89;88
13830,89;98
13831,89;99
13832,89;106
13833,89;11815
13834,89;1460
13835,89;105
13836,89;114
13837,89;104
13838,89;98
13839,89;11841
13840,227;1462
13841,227;83
13842,227;114
13843,227;108
13844,227;84
13845,227;11848
13846,227;1447
13847,227;107
13848,227;106
13849,227;105
13850,227;89
13851,227;11855
13852,227;1474
13853,227;112
13854,227;102
13855,227;113
13856,227;101
13857,227;11822
13858,227;1454
13859,227;96
13860,227;93
13861,227;115
13862,227;101
13863,227;11832
13864,227;1466
13865,227;83
13866,227;108
13867,227;97
13868,227;101
13869,227;11847
13870,227;1463
13871,227;84
13872,227;97
13873,227;114
13874,227;103
13875,227;11866
13876,227;1473
13877,227;112
13878,227;102
13879,227;99
13880,227;107
13881,227;11843
13882,227;1476
13883,227;84
13884,227;109
13885,227;105
13886,227;99
13887,227;11820
13888,227;1475
13889,227;83
13890,227;99
13891,227;98
13892,227;96
13893,227;11828
13894,227;1469
13895,227;107
13896,227;95
13897,227;110
13898,227;101
13899,227;11845
13900,227;1470
13901,227;107
13902,227;72
13903,227;99
13904,227;94
13905,227;11840
13906,227;1469
13907,227;89
13908,227;101
13909,227;94
13910,227;107
13911,227;11841
13912,227;1463
13913,227;85
13914,227;92
13915,227;123
13916,227;93
13917,227;11830
13918,227;1462
13919,227;110
13920,227;100
13921,227;107
13922,227;81
13923,227;11822
13924,227;1475
13925,227;99
13926,227;112
13927,227;95
13928,227;106
13929,227;11833
13930,227;1466
13931,227;90
13932,227;109
13933,227;88
13934,227;92
13935,227;11849
13936,227;1465
13937,227;86
13938,227;76
13939,227;101
13940,227;111
13941,725;11791
13942,725;1475
13943,725;116
13944,725;91
13945,725;115
13946,725;85
13947,725;11824
13948,725;1488
13949,725;90
13950,725;98
13951,725;86
13952,725;100
13953,725;11808
13954,725;1487
13955,725;94
13956,725;101
13957,725;103
13958,725;125
13959,725;11827
13960,725;1486
13961,725;72
13962,725;85
13963,725;93
13964,725;99
13965,725;11821
13966,725;1497
13967,725;90
13968,725;96
13969,725;126
13970,725;93
13971,725;11828
13972,725;1470
13973,725;82
13974,725;113
13975,725;102
13976,725;112
13977,725;11790
13978,725;1489
13979,725;118
13980,725;81
13981,725;105
13982,725;97
13983,725;11828
13984,725;1471
13985,725;75
13986,725;95
13987,725;102
13988,725;105
13989,725;11801
13990,725;1488
13991,725;97
13992,725;94
13993,725;101
13994,725;99
13995,725;11794
13996,725;1487
13997,725;86
13998,725;93
13999,725;96
14000,725;115
14001,725;11917
14002,725;1392
14003,725;118
14004,725;74
14005,725;104
14006,725;81
14007,725;11820
14008,725;1499
14009,725;84
14010,725;105
14011,725;96
14012,725;101
14013,725;11844
14014,725;1469
14015,725;88
14016,725;101
14017,725;120
14018,725;101
14019,725;11822
14020,725;1506
14021,725;82
14022,725;104
14023,725;101
14024,725;98
14025,725;11786
14026,725;1496
14027,725;104
14028,725;97
14029,725;96
14030,725;100
14031,725;11816
14032,725;1467
14033,725;109
14034,725;105
14035,725;103
14036,725;95
14037,725;11781
14038,725;1486
14039,725;81
14040,725;108
14041,725;95
14043,235;101
14044,235;11815
14045,235;1486
14046,235;94
14047,235;89
14048,235;91
14049,235;82
14050,235;11805
14051,235;1494
14052,235;89
14053,235;95
14054,235;106
14055,235;98
14056,235;11916
14057,235;1412
14058,235;94
14059,235;99
14060,235;95
14061,235;90
14062,235;11814
14063,235;1517
14064,235;79
14065,235;90
14066,235;89
14067,235;106
14068,235;11819
14069,235;1513
14070,235;90
14071,235;102
14072,235;85
14073,235;99
14074,235;11824
14075,235;1481
14076,235;91
14077,235;89
14078,235;91
14079,235;85
14080,235;11814
14081,235;1495
14082,235;87
14083,235;91
14084,235;77
14085,235;100
14086,235;11847
14087,235;1474
14088,235;91
14089,235;94
14090,235;86
14091,235;69
14092,235;11839
14093,235;1480
14094,235;83
14095,235;82
14096,235;88
14097,235;88
14098,235;11821
14099,235;1521
14100,235;85
14101,235;93
14102,235;94
14103,235;63
14104,235;11802
14105,235;1499
14106,235;86
14107,235;83
14108,235;92
14109,235;87
14110,235;11818
14111,235;1492
14112,235;87
14113,235;86
14114,235;92
14115,235;81
14116,235;11810
14117,235;1492
14118,235;103
14119,235;79
14120,235;91
14121,235;89
14122,235;11805
14123,235;1496
14124,235;75
14125,235;95
14126,235;95
14127,235;72
14128,235;11778
14129,235;1508
14130,235;85
14131,235;71
14132,235;89
14133,235;86
14134,235;11747
14135,235;1486
14136,235;76
14137,235;83
14138,235;92
14139,235;75
14140,235;11456
14141,235;1500
14142,235;74
14143,235;85
14143,81;90
14144,81;81
14145,81;11733
14146,81;1510
14147,81;87
14148,81;60
14149,81;75
14150,81;101
14151,81;11770
14152,81;1509
14153,81;92
14154,81;80
14155,81;95
14156,81;99
14157,81;11795
14158,81;1512
14159,81;82
14160,81;87
14161,81;102
14162,81;100
14163,81;11786
14164,81;1505
14165,81;81
14166,81;82
14167,81;96
14168,81;98
14169,81;11804
14170,81;1514
14171,81;73
14172,81;87
14173,81;107
14174,81;87
14175,81;11804
14176,81;1499
14177,81;69
14178,81;86
14179,81;85
14180,81;95
14181,81;11764
14182,81;1494
14183,81;59
14184,81;88
14185,81;87
14186,81;92
14187,81;11809
14188,81;1505
14189,81;86
14190,81;91
14191,81;69
14192,81;100
14193,81;11868
14194,81;1448
14195,81;93
14196,81;79
14197,81;91
14198,81;99
14199,81;11793
14200,81;1519
14201,81;97
14202,81;88
14203,81;91
14204,81;81
14205,81;11787
14206,81;1510
14207,81;89
14208,81;92
14209,81;94
14210,81;108
14211,81;11812
14212,81;1495
14213,81;67
14214,81;91
14215,81;78
14216,81;96
14217,81;11791
14218,81;1537
14219,81;91
14220,81;78
14221,81;90
14222,81;91
14223,81;11792
14224,81;1517
14225,81;89
14226,81;96
14227,81;90
14228,81;103
14229,81;11767
14230,81;1526
14231,81;86
14232,81;92
14233,81;85
14234,81;87
14235,81;11779
14236,81;1509
14237,81;88
14238,81;89
14239,81;108
14240,81;99
14241,81;11801
14242,81;1512
14243,81;85
14244,81;86
14245,81;91
14246,81;103
14247,81;11760
14248,81;1525
14249,81;77
14250,81;86
14251,81;103
14252,81;101
14253,81;11837
14254,81;1513
14255,81;68
14256,81;85
14257,81;115
14258,81;101
14259,81;11769
14260,81;1519
14261,81;84
14262,81;101
14263,81;93
14264,81;107
14265,81;11762
14266,81;1524
14267,81;82
14268,81;81
14269,81;110
14270,81;95
14271,81;11762
14272,81;1502
14273,81;96
14274,81;101
14275,81;110
14276,81;99
14277,81;11795
14278,81;1546
14279,81;103
14280,81;91
14281,81;111
14282,81;90
14283,81;11752
14284,81;1530
14285,81;97
14286,81;106
14287,81;91
14288,81;102
14289,81;11783
14290,81;1529
14291,81;102
14292,81;102
14293,81;98
14294,81;100
14295,81;11812
14296,81;1540
14297,81;94
14298,81;90
14299,81;86
14300,81;100
14301,81;11757
14302,81;1547
14303,81;106
14304,81;105
14305,81;93
14306,81;93
14307,81;11743
14308,81;1542
14309,81;90
14310,81;106
14311,81;99
14312,81;116
14313,81;11802
14314,81;1520
14315,81;105
14316,81;95
14317,81;96
14318,81;98
14319,81;11753
14320,81;1530
14321,81;88
14322,81;83
14323,81;100
14324,81;127
14325,81;11747
14326,81;1534
14327,81;93
14328,81;85
14329,81;103
14330,81;98
14331,81;11885
14332,81;1436
14333,81;89
14334,81;91
14335,81;117
14336,81;102
14337,81;11738
14338,81;1548
14339,81;72
14340,81;96
14341,81;100
14342,81;86
14343,81;11769
14344,81;1531
14346,195;87
14347,195;80
14348,195;88
14349,195;80
14350,195;11740
14351,195;1548
14352,195;88
14353,195;114
14354,195;103
14355,195;107
14356,195;11757
14357,195;1537
14358,195;92
14359,195;93
14360,195;111
14361,195;82
14362,195;11775
14363,195;1533
14364,195;107
14365,195;104
14366,195;79
14367,195;105
14368,195;11887
14369,195;1430
14370,195;103
14371,195;104
14372,195;97
14373,195;98
14374,195;11778
14375,195;1559
14376,195;77
14377,195;87
14378,195;106
14379,195;109
14380,195;11761
14381,195;1550
14382,195;101
14383,195;94
14384,195;101
14385,195;105
14386,195;11745
14387,195;1541
14388,195;100
14389,195;106
14390,195;92
14391,195;99
14392,195;11749
14393,195;1574
14394,195;100
14395,195;110
14396,195;101
14397,195;120
14398,195;11765
14399,195;1547
14400,195;80
14401,195;114
14402,195;105
14403,195;92
14404,195;11756
14405,195;1577
14406,195;89
14407,195;85
14408,195;93
14409,195;91
14410,195;11792
14411,195;1549
14412,195;106
14413,195;95
14414,195;99
14415,195;109
14416,195;11777
14417,195;1531
14418,195;109
14419,195;88
14420,195;106
14421,195;109
14422,195;11783
14423,195;1549
14424,195;101
14425,195;94
14426,195;93
14427,195;109
14428,195;11772
14429,195;1556
14430,195;99
14431,195;97
14432,195;90
14433,195;102
14434,195;11781
14435,195;1545
14436,195;96
14437,195;73
14438,195;118
14439,195;105
14440,195;11766
14441,195;1562
14442,195;100
14443,195;105
14444,195;99
14445,195;116
14446,195;11744
14447,13;1574
14448,13;98
14449,13;101
14450,13;96
14451,13;114
14452,13;11461
14453,13;1533
14454,13;99
14455,13;105
14456,13;101
14457,13;118
14458,13;11735
14459,13;1572
14460,13;105
14461,13;100
14462,13;106
14463,13;94
14464,13;11789
14465,13;1561
14466,13;93
14467,13;94
14468,13;103
14469,13;107
14470,13;11790
14471,13;1551
14472,13;111
14473,13;98
14474,13;99
14475,13;127
14476,13;11814
14477,13;1569
14478,13;104
14479,13;116
14480,13;112
14481,13;107
14482,13;11784
14483,13;1559
14484,13;90
14485,13;105
14486,13;113
14487,13;110
14488,13;11759
14489,13;1552
14490,13;98
14491,13;95
14492,13;102
14493,13;92
14494,13;11768
14495,13;1572
14496,13;105
14497,13;102
14498,13;86
14499,13;108
14500,13;11749
14501,13;1565
14502,13;92
14503,13;115
14504,13;102
14505,13;102
14506,13;11742
14507,13;1581
14508,13;86
14509,13;95
14510,13;85
14511,13;107
14512,13;11789
14513,13;1553
14514,13;83
14515,13;92
14516,13;126
14517,13;109
14518,13;11743
14519,13;1561
14520,13;93
14521,13;95
14522,13;92
14523,13;108
14524,13;11765
14525,13;1561
14526,13;100
14527,13;98
14528,13;110
14529,13;91
14530,13;11739
14531,13;1571
14532,13;110
14533,13;106
14534,13;110
14535,13;95
14536,13;11784
14537,13;1567
14538,13;101
14539,13;89
14540,13;100
14541,13;100
14542,13;11787
14543,13;1560
14544,13;110
14545,13;90
14546,13;105
14547,13;98
14547,786;11743
14548,786;1569
14549,786;83
14550,786;95
14551,786;103
14552,786;94
14553,786;11739
14554,786;1576
14555,786;90
14556,786;107
14557,786;125
14558,786;90
14559,786;11735
14560,786;1575
14561,786;93
14562,786;83
14563,786;82
14564,786;82
14565,786;11757
14566,786;1566
14567,786;92
14568,786;115
14569,786;86
14570,786;92
14571,786;11740
14572,786;1577
14573,786;102
14574,786;108
14575,786;83
14576,786;98
14577,786;11762
14578,786;1581
14579,786;81
14580,786;98
14581,786;96
14582,786;120
14583,786;11760
14584,786;1595
14585,786;100
14586,786;93
14587,786;100
14588,786;106
14589,786;11770
14590,786;1571
14591,786;76
14592,786;99
14593,786;85
14594,786;103
14595,786;11745
14596,786;1571
14597,786;101
14598,786;104
14599,786;108
14600,786;96
14601,786;11716
14602,786;1582
14603,786;96
14604,786;101
14605,786;99
14606,786;99
14607,786;11731
14608,786;1575
14609,786;81
14610,786;95
14611,786;82
14612,786;95
14613,786;11772
14614,786;1554
14615,786;91
14616,786;101
14617,786;104
14618,786;105
14619,786;11760
14620,786;1592
14621,786;90
14622,786;86
14623,786;83
14624,786;93
14625,786;11717
14626,786;1583
14627,786;91
14628,786;73
14629,786;100
14630,786;84
14631,786;11703
14632,786;1579
14633,786;80
14634,786;106
14635,786;103
14636,786;107
14637,786;11718
14638,786;1579
14639,786;87
14640,786;105
14641,786;94
14642,786;101
14643,786;11744
14644,786;1595
14645,786;100
14646,786;77
14647,786;98
14647,858;95
14648,858;11747
14649,858;1589
14650,858;101
14651,858;93
14652,858;114
14653,858;93
14654,858;11735
14655,858;1572
14656,858;92
14657,858;84
14658,858;96
14659,858;92
14660,858;11747
14661,858;1590
14662,858;82
14663,858;109
14664,858;87
14665,858;101
14666,858;11758
14667,858;1576
14668,858;101
14669,858;107
14670,858;96
14671,858;112
14672,858;11725
14673,858;1588
14674,858;80
14675,858;101
14676,858;100
14677,858;108
14678,858;11690
14679,858;1567
14680,858;92
14681,858;89
14682,858;111
14683,858;93
14684,858;11695
14685,858;1580
14686,858;92
14687,858;87
14688,858;90
14689,858;90
14690,858;11733
14691,858;1581
14692,858;93
14693,858;93
14694,858;99
14695,858;92
14696,858;11729
14697,858;1569
14698,858;93
14699,858;91
14700,858;93
14701,858;104
14702,858;11727
14703,858;1588
14704,858;82
14705,858;109
14706,858;95
14707,858;96
14708,858;11763
14709,858;1579
14710,858;83
14711,858;98
14712,858;77
14713,858;78
14714,858;11718
14715,858;1566
14716,858;75
14717,858;95
14718,858;96
14719,858;88
14720,858;11717
14721,858;1574
14722,858;96
14723,858;73
14724,858;106
14725,858;78
14726,858;11698
14727,858;1582
14728,858;77
14729,858;86
14730,858;71
14731,858;79
14732,858;11711
14733,858;1578
14734,858;72
14735,858;98
14736,858;81
14737,858;95
14738,858;11697
14739,858;1599
14740,858;86
14741,858;85
14742,858;94
14743,858;88
14744,858;11722
14745,858;1574
14746,858;84
14747,858;87
14749,074;84
14750,074;84
14751,074;11719
14752,074;1601
14753,074;63
14754,074;76
14755,074;73
14756,074;85
14757,074;11747
14758,074;1590
14759,074;92
14760,074;77
14761,074;81
14762,074;91
14763,074;11365
14764,074;1605
14765,074;89
14766,074;91
14767,074;85
14768,074;92
14769,074;11648
14770,074;1587
14771,074;86
14772,074;75
14773,074;65
14774,074;66
14775,074;11740
14776,074;1587
14777,074;76
14778,074;82
14779,074;104
14780,074;84
14781,074;11693
14782,074;1593
14783,074;78
14784,074;88
14785,074;91
14786,074;105
14787,074;11679
14788,074;1598
14789,074;76
14790,074;80
14791,074;82
14792,074;82
14793,074;11714
14794,074;1615
14795,074;96
14796,074;90
14797,074;94
14798,074;89
14799,074;11708
14800,074;1605
14801,074;85
14802,074;69
14803,074;85
14804,074;90
14805,074;11713
14806,074;1597
14807,074;97
14808,074;82
14809,074;101
14810,074;96
14811,074;11702
14812,074;1613
14813,074;88
14814,074;82
14815,074;89
14816,074;101
14817,074;11772
14818,074;1536
14819,074;96
14820,074;101
14821,074;98
14822,074;90
14823,074;11709
14824,074;1609
14825,074;84
14826,074;96
14827,074;94
14828,074;103
14829,074;11728
14830,074;1610
14831,074;81
14832,074;99
14833,074;89
14834,074;92
14835,074;11716
14836,074;1605
14837,074;88
14838,074;99
14839,074;91
14840,074;85
14841,074;11746
14842,074;1596
14843,074;89
14844,074;109
14845,074;112
14846,074;91
14847,074;11684
14848,074;1617
14849,074;95
14850,074;92
14851,074;90
14852,074;93
14853,074;11727
14854,074;1611
14855,074;96
14856,074;70
14857,074;90
14858,074;87
14859,074;11722
14860,074;1624
14861,074;98
14862,074;95
14863,074;103
14864,074;101
14865,074;11712
14866,074;1617
14867,074;84
14868,074;97
14869,074;94
14870,074;106
14871,074;11724
14872,074;1623
14873,074;95
14874,074;72
14875,074;87
14876,074;88
14877,074;11688
14878,074;1617
14879,074;84
14880,074;94
14881,074;86
14882,074;87
14883,074;11710
14884,074;1616
14885,074;95
14886,074;90
14887,074;95
14888,074;90
14889,074;11694
14890,074;1632
14891,074;84
14892,074;94
14893,074;85
14894,074;96
14895,074;11734
14896,074;1622
14897,074;90
14898,074;98
14899,074;90
14900,074;97
14901,074;11700
14902,074;1608
14903,074;96
14904,074;106
14905,074;77
14906,074;101
14907,074;11715
14908,074;1629
14909,074;86
14910,074;96
14911,074;84
14912,074;94
14913,074;11707
14914,074;1626
14915,074;110
14916,074;100
14917,074;99
14918,074;90
14919,074;11721
14920,074;1613
14921,074;90
14922,074;75
14923,074;95
14924,074;113
14925,074;11712
14926,074;1610
14927,074;90
14928,074;103
14929,074;111
14930,074;76
14931,074;11695
14932,074;1613
14933,074;101
14934,074;88
14935,074;93
14936,074;94
14937,074;11666
14938,074;1648
14939,074;80
14940,074;107
14941,074;87
14942,074;98
14943,074;11667
14944,074;1630
14945,074;102
14946,074;79
14947,074;105
14948,074;90
14949,074;11698
14950,074;1625
14951,142;80
14952,142;105
14953,142;79
14954,142;121
14955,142;11699
14956,142;1607
14957,142;93
14958,142;103
14959,142;122
14960,142;99
14961,142;11694
14962,142;1609
14963,142;100
14964,142;99
14965,142;91
14966,142;116
14967,142;11705
14968,142;1637
14969,142;103
14970,142;103
14971,142;95
14972,142;104
14973,142;11718
14974,142;1627
14975,142;112
14976,142;110
14977,142;91
14978,142;121
14979,142;11701
14980,142;1642
14981,142;95
14982,142;107
14983,142;98
14984,142;99
14985,142;11679
14986,142;1614
14987,142;79
14988,142;97
14989,142;92
14990,142;91
14991,142;11705
14992,142;1621
14993,142;84
14994,142;93
14995,142;112
14996,142;99
14997,142;11786
14998,142;1524
14999,142;105
15000,142;129
15001,142;95
15002,142;122
15003,142;11720
15004,142;1624
15005,142;101
15006,142;90
15007,142;98
15008,142;109
15009,142;11716
15010,142;1639
15011,142;93
15012,142;104
15013,142;100
15014,142;112
15015,142;11700
15016,142;1624
15017,142;86
15018,142;102
15019,142;75
15020,142;99
15021,142;11702
15022,142;1635
15023,142;78
15024,142;105
15025,142;93
15026,142;102
15027,142;11698
15028,142;1641
15029,142;99
15030,142;95
15031,142;124
15032,142;112
15033,142;11679
15034,142;1640
15035,142;86
15036,142;109
15037,142;109
15038,142;102
15039,142;11693
15040,142;1639
15041,142;100
15042,142;92
15043,142;100
15044,142;126
15045,142;11646
15046,142;1642
15047,142;100
15048,142;98
15049,142;100
15050,142;98
15051,142;11690
15053,107;1653
15054,107;96
15055,107;95
15056,107;98
15057,107;107
15058,107;11677
15059,107;1635
15060,107;76
15061,107;112
15062,107;107
15063,107;105
15064,107;11689
15065,107;1655
15066,107;104
15067,107;90
15068,107;95
15069,107;99
15070,107;11666
15071,107;1632
15072,107;107
15073,107;94
15074,107;101
15075,107;96
15076,107;11358
15077,107;1669
15078,107;94
15079,107;101
15080,107;87
15081,107;113
15082,107;11671
15083,107;1617
15084,107;94
15085,107;101
15086,107;104
15087,107;104
15088,107;11702
15089,107;1649
15090,107;97
15091,107;92
15092,107;97
15093,107;122
15094,107;11717
15095,107;1599
15096,107;86
15097,107;98
15098,107;99
15099,107;113
15100,107;11682
15101,107;1642
15102,107;85
15103,107;99
15104,107;107
15105,107;113
15106,107;11677
15107,107;1644
15108,107;107
15109,107;106
15110,107;90
15111,107;98
15112,107;11666
15113,107;1641
15114,107;97
15115,107;107
15116,107;86
15117,107;105
15118,107;11689
15119,107;1667
15120,107;96
15121,107;100
15122,107;100
15123,107;102
15124,107;11670
15125,107;1650
15126,107;85
15127,107;117
15128,107;102
15129,107;95
15130,107;11692
15131,107;1674
15132,107;93
15133,107;100
15134,107;107
15135,107;95
15136,107;11664
15137,107;1654
15138,107;100
15139,107;101
15140,107;93
15141,107;116
15142,107;11700
15143,107;1667
15144,107;83
15145,107;115
15146,107;95
15147,107;99
15148,107;11694
15149,107;1603
15150,107;85
15151,107;100
15152,107;94
15153,107;91
15154,999;11672
15155,999;1664
15156,999;101
15157,999;91
15158,999;90
15159,999;88
15160,999;11652
15161,999;1661
15162,999;96
15163,999;88
15164,999;91
15165,999;98
15166,999;11673
15167,999;1660
15168,999;89
15169,999;95
15170,999;99
15171,999;117
15172,999;11679
15173,999;1650
15174,999;87
15175,999;107
15176,999;96
15177,999;95
15178,999;11662
15179,999;1682
15180,999;98
15181,999;105
15182,999;99
15183,999;84
15184,999;11643
15185,999;1661
15186,999;101
15187,999;84
15188,999;116
15189,999;102
15190,999;11681
15191,999;1655
15192,999;92
15193,999;108
15194,999;104
15195,999;102
15196,999;11666
15197,999;1652
15198,999;92
15199,999;107
15200,999;100
15201,999;105
15202,999;11635
15203,999;1642
15204,999;101
15205,999;87
15206,999;96
15207,999;95
15208,999;11661
15209,999;1677
15210,999;91
15211,999;93
15212,999;102
15213,999;93
15214,999;11658
15215,999;1670
15216,999;89
15217,999;107
15218,999;84
15219,999;99
15220,999;11655
15221,999;1649
15222,999;99
15223,999;89
15224,999;118
15225,999;108
15226,999;11655
15227,999;1660
15228,999;85
15229,999;100
15230,999;91
15231,999;110
15232,999;11646
15233,999;1668
15234,999;93
15235,999;98
15236,999;90
15237,999;97
15238,999;11689
15239,999;1673
15240,999;104
15241,999;94
15242,999;98
15243,999;101
15244,999;11669
15245,999;1664
15246,999;86
15247,999;84
15248,999;95
15249,999;96
15250,999;11684
15251,999;1671
15252,999;97
15253,999;75
15254,999;92
15254,265;97
15255,265;11677
15256,265;1665
15257,265;79
15258,265;91
15259,265;101
15260,265;104
15261,265;11625
15262,265;1672
15263,265;86
15264,265;102
15265,265;109
15266,265;94
15267,265;11727
15268,265;1625
15269,265;94
15270,265;90
15271,265;108
15272,265;84
15273,265;11675
15274,265;1676
15275,265;85
15276,265;97
15277,265;118
15278,265;106
15279,265;11627
15280,265;1679
15281,265;87
15282,265;96
15283,265;82
15284,265;101
15285,265;11630
15286,265;1682
15287,265;87
15288,265;92
15289,265;81
15290,265;99
15291,265;11650
15292,265;1677
15293,265;89
15294,265;101
15295,265;100
15296,265;100
15297,265;11660
15298,265;1673
15299,265;100
15300,265;92
15301,265;100
15302,265;107
15303,265;11644
15304,265;1665
15305,265;84
15306,265;88
15307,265;104
15308,265;101
15309,265;11676
15310,265;1683
15311,265;86
15312,265;92
15313,265;95
15314,265;81
15315,265;11643
15316,265;1689
15317,265;85
15318,265;101
15319,265;100
15320,265;103
15321,265;11608
15322,265;1663
15323,265;62
15324,265;102
15325,265;86
15326,265;94
15327,265;11641
15328,265;1687
15329,265;97
15330,265;100
15331,265;95
15332,265;76
15333,265;11634
15334,265;1679
15335,265;80
15336,265;85
15337,265;87
15338,265;77
15339,265;11617
15340,265;1703
15341,265;77
15342,265;84
15343,265;88
15344,265;83
15345,265;11639
15346,265;1698
15347,265;87
15348,265;81
15349,265;92
15350,265;98
15351,265;11611
15352,265;1696
15353,265;90
15354,265;95
15355,265;92
15356,265;88
15357,265;11644
15358,265;1692
15359,265;92
15360,265;107
15361,265;88
15362,265;107
15363,265;11613
15364,265;1665
15365,265;86
15366,265;78
15367,265;74
15368,265;104
15369,265;11640
15370,265;1677
15371,265;86
15372,265;79
15373,265;95
15374,265;82
15375,265;11636
15376,265;1692
15377,265;71
15378,265;79
15379,265;93
15380,265;64
15381,265;11605
15382,265;1676
15383,265;64
15384,265;73
15385,265;89
15386,265;89
15387,265;11292
15388,265;1686
15389,265;86
15390,265;77
15391,265;87
15392,265;71
15393,265;11569
15394,265;1678
15395,265;85
15396,265;91
15397,265;88
15398,265;80
15399,265;11625
15400,265;1680
15401,265;88
15402,265;80
15403,265;94
15404,265;76
15405,265;11599
15406,265;1677
15407,265;90
15408,265;101
15409,265;98
15410,265;83
15411,265;11644
15412,265;1684
15413,265;96
15414,265;69
15415,265;91
15416,265;90
15417,265;11631
15418,265;1698
15419,265;88
15420,265;88
15421,265;80
15422,265;91
15423,265;11610
15424,265;1678
15425,265;76
15426,265;82
15427,265;105
15428,265;85
15429,265;11634
15430,265;1699
15431,265;89
15432,265;88
15433,265;92
15434,265;92
15435,265;11603
15436,265;1686
15437,265;106
15438,265;76
15439,265;79
15440,265;79
15441,265;11597
15442,265;1701
15443,265;85
15444,265;86
15445,265;87
15446,265;83
15447,265;11629
15448,265;1682
15449,265;79
15450,265;97
15451,265;89
15452,265;104
15453,265;11600
15454,265;1713
15455,265;83
15457,393;94
15458,393;97
15459,393;82
15460,393;11590
15461,393;1681
15462,393;93
15463,393;88
15464,393;110
15465,393;109
15466,393;11584
15467,393;1696
15468,393;93
15469,393;100
15470,393;89
15471,393;91
15472,393;11648
15473,393;1699
15474,393;83
15475,393;103
15476,393;95
15477,393;86
15478,393;11617
15479,393;1706
15480,393;88
15481,393;91
15482,393;85
15483,393;74
15484,393;11635
15485,393;1706
15486,393;83
15487,393;91
15488,393;86
15489,393;95
15490,393;11621
15491,393;1705
15492,393;96
15493,393;79
15494,393;104
15495,393;80
15496,393;11638
15497,393;1687
15498,393;92
15499,393;102
15500,393;109
15501,393;106
15502,393;11654
15503,393;1689
15504,393;81
15505,393;96
15506,393;112
15507,393;98
15508,393;11603
15509,393;1708
15510,393;98
15511,393;79
15512,393;95
15513,393;99
15514,393;11616
15515,393;1717
15516,393;104
15517,393;99
15518,393;87
15519,393;80
15520,393;11624
15521,393;1723
15522,393;92
15523,393;83
15524,393;90
15525,393;91
15526,393;11593
15527,393;1696
15528,393;87
15529,393;115
15530,393;86
15531,393;84
15532,393;11620
15533,393;1690
15534,393;100
15535,393;83
15536,393;97
15537,393;90
15538,393;11619
15539,393;1697
15540,393;99
15541,393;91
15542,393;107
15543,393;103
15544,393;11589
15545,393;1729
15546,393;96
15547,393;110
15548,393;72
15549,393;101
15550,393;11622
15551,393;1716
15552,393;97
15553,393;108
15554,393;97
15555,393;84
15556,393;11606
15557,393;1729
15557,309;90
15558,309;97
15559,309;92
15560,309;101
15561,309;11591
15562,309;1711
15563,309;82
15564,309;119
15565,309;108
15566,309;109
15567,309;11614
15568,309;1725
15569,309;105
15570,309;102
15571,309;85
15572,309;87
15573,309;11632
15574,309;1726
15575,309;92
15576,309;92
15577,309;98
15578,309;92
15579,309;11628
15580,309;1728
15581,309;93
15582,309;94
15583,309;111
15584,309;94
15585,309;11610
15586,309;1720
15587,309;88
15588,309;80
15589,309;105
15590,309;102
15591,309;11608
15592,309;1727
15593,309;98
15594,309;100
15595,309;98
15596,309;111
15597,309;11627
15598,309;1716
15599,309;100
15600,309;83
15601,309;89
15602,309;103
15603,309;11620
15604,309;1700
15605,309;94
15606,309;98
15607,309;101
15608,309;122
15609,309;11585
15610,309;1703
15611,309;98
15612,309;79
15613,309;84
15614,309;112
15615,309;11627
15616,309;1737
15617,309;96
15618,309;80
15619,309;97
15620,309;94
15621,309;11598
15622,309;1722
15623,309;95
15624,309;82
15625,309;115
15626,309;76
15627,309;11612
15628,309;1734
15629,309;98
15630,309;96
15631,309;109
15632,309;83
15633,309;11605
15634,309;1728
15635,309;101
15636,309;103
15637,309;105
15638,309;87
15639,309;11603
15640,309;1729
15641,309;85
15642,309;97
15643,309;104
15644,309;106
15645,309;11630
15646,309;1718
15647,309;97
15648,309;103
15649,309;104
15650,309;100
15651,309;11616
15652,309;1735
15653,309;90
15654,309;84
15655,309;114
15656,309;112
15657,309;11634
15659,116;1746
15660,116;94
15661,116;88
15662,116;104
15663,116;92
15664,116;11622
15665,116;1752
15666,116;90
15667,116;104
15668,116;112
15669,116;99
15670,116;11620
15671,116;1727
15672,116;106
15673,116;101
15674,116;95
15675,116;104
15676,116;11606
15677,116;1741
15678,116;101
15679,116;79
15680,116;97
15681,116;110
15682,116;11631
15683,116;1736
15684,116;105
15685,116;112
15686,116;106
15687,116;107
15688,116;11634
15689,116;1723
15690,116;90
15691,116;116
15692,116;89
15693,116;92
15694,116;11617
15695,116;1737
15696,116;105
15697,116;101
15698,116;92
15699,116;118
15700,116;11268
15701,116;1733
15702,116;99
15703,116;99
15704,116;94
15705,116;95
15706,116;11539
15707,116;1749
15708,116;94
15709,116;81
15710,116;106
15711,116;99
15712,116;11605
15713,116;1741
15714,116;90
15715,116;105
15716,116;91
15717,116;87
15718,116;11590
15719,116;1765
15720,116;109
15721,116;137
15722,116;101
15723,116;110
15724,116;11579
15725,116;1746
15726,116;89
15727,116;99
15728,116;89
15729,116;101
15730,116;11625
15731,116;1746
15732,116;97
15733,116;95
15734,116;88
15735,116;102
15736,116;11598
15737,116;1741
15738,116;101
15739,116;104
15740,116;85
15741,116;88
15742,116;11603
15743,116;1738
15744,116;102
15745,116;107
15746,116;108
15747,116;91
15748,116;11598
15749,116;1759
15750,116;94
15751,116;97
15752,116;93
15753,116;92
15754,116;11610
15755,116;1748
15756,116;92
15757,116;77
15758,116;100
15759,116;111
15759,423;11723
15760,423;1638
15761,423;99
15762,423;88
15763,423;103
15764,423;84
15765,423;11621
15766,423;1741
15767,423;95
15768,423;85
15769,423;100
15770,423;103
15771,423;11582
15772,423;1742
15773,423;97
15774,423;97
15775,423;97
15776,423;101
15777,423;11593
15778,423;1734
15779,423;95
15780,423;100
15781,423;108
15782,423;104
15783,423;11577
15784,423;1729
15785,423;86
15786,423;93
15787,423;112
15788,423;104
15789,423;11602
15790,423;1742
15791,423;88
15792,423;109
15793,423;94
15794,423;110
15795,423;11580
15796,423;1748
15797,423;90
15798,423;73
15799,423;82
15800,423;96
15801,423;11574
15802,423;1762
15803,423;88
15804,423;100
15805,423;77
15806,423;108
15807,423;11592
15808,423;1757
15809,423;99
15810,423;118
15811,423;87
15812,423;104
15813,423;11590
15814,423;1768
15815,423;97
15816,423;94
15817,423;109
15818,423;94
15819,423;11561
15820,423;1752
15821,423;102
15822,423;94
15823,423;74
15824,423;103
15825,423;11588
15826,423;1762
15827,423;101
15828,423;80
15829,423;93
15830,423;98
15831,423;11617
15832,423;1748
15833,423;73
15834,423;79
15835,423;93
15836,423;94
15837,423;11581
15838,423;1771
15839,423;84
15840,423;78
15841,423;88
15842,423;115
15843,423;11579
15844,423;1764
15845,423;89
15846,423;86
15847,423;96
15848,423;92
15849,423;11563
15850,423;1773
15851,423;86
15852,423;101
15853,423;97
15854,423;104
15855,423;11551
15856,423;1767
15857,423;94
15858,423;113
15859,423;117
15860,423;94
15861,423;11576
15862,423;1765
15863,423;84
15864,423;101
15865,423;99
15866,423;75
15867,423;11591
15868,423;1781
15869,423;80
15870,423;98
15871,423;111
15872,423;94
15873,423;11549
15874,423;1758
15875,423;80
15876,423;106
15877,423;117
15878,423;105
15879,423;11569
15880,423;1751
15881,423;76
15882,423;90
15883,423;101
15884,423;100
15885,423;11570
15886,423;1754
15887,423;89
15888,423;86
15889,423;89
15890,423;87
15891,423;11568
15892,423;1750
15893,423;78
15894,423;92
15895,423;88
15896,423;93
15897,423;11575
15898,423;1772
15899,423;78
15900,423;103
15901,423;93
15902,423;101
15903,423;11567
15904,423;1736
15905,423;96
15906,423;98
15907,423;82
15908,423;103
15909,423;11534
15910,423;1774
15911,423;90
15912,423;81
15913,423;92
15914,423;94
15915,423;11575
15916,423;1776
15917,423;99
15918,423;84
15919,423;98
15920,423;91
15921,423;11559
15922,423;1749
15923,423;80
15924,423;95
15925,423;86
15926,423;89
15927,423;11530
15928,423;1775
15929,423;78
15930,423;88
15931,423;106
15932,423;88
15933,423;11544
15934,423;1774
15935,423;95
15936,423;92
15937,423;92
15938,423;76
15939,423;11535
15940,423;1778
15941,423;101
15942,423;84
15943,423;83
15944,423;91
15945,423;11537
15946,423;1774
15947,423;94
15948,423;84
15949,423;85
15950,423;98
15951,423;11572
15952,423;1754
15953,423;85
15954,423;98
15955,423;91
15956,423;85
15957,423;11554
15958,423;1764
15959,423;94
15960,423;89
15962,181;87
15963,181;96
15964,181;11571
15965,181;1776
15966,181;73
15967,181;115
15968,181;79
15969,181;98
15970,181;11545
15971,181;1773
15972,181;78
15973,181;114
15974,181;79
15975,181;93
15976,181;11575
15977,181;1754
15978,181;74
15979,181;77
15980,181;77
15981,181;91
15982,181;11558
15983,181;1755
15984,181;85
15985,181;91
15986,181;91
15987,181;87
15988,181;11519
15989,181;1758
15990,181;81
15991,181;105
15992,181;89
15993,181;83
15994,181;11543
15995,181;1760
15996,181;87
15997,181;80
15998,181;69
15999,181;92
16000,181;11583
16001,181;1773
16002,181;75
16003,181;87
16004,181;84
16005,181;77
16006,181;11518
16007,181;1780
16008,181;86
16009,181;72
16010,181;71
16011,181;78
16012,181;11197
16013,181;1744
16014,181;86
16015,181;92
16016,181;106
16017,181;90
16018,181;11549
16019,181;1727
16020,181;87
16021,181;91
16022,181;75
16023,181;81
16024,181;11531
16025,181;1792
16026,181;80
16027,181;68
16028,181;94
16029,181;106
16030,181;11630
16031,181;1710
16032,181;83
16033,181;90
16034,181;104
16035,181;100
16036,181;11549
16037,181;1763
16038,181;85
16039,181;76
16040,181;111
16041,181;103
16042,181;11532
16043,181;1756
16044,181;86
16045,181;74
16046,181;89
16047,181;88
16048,181;11553
16049,181;1776
16050,181;91
16051,181;89
16052,181;77
16053,181;104
16054,181;11546
16055,181;1811
16056,181;90
16057,181;85
16058,181;84
16059,181;83
16060,181;11545
16061,181;1773
16062,181;82
16063,169;88
16064,169;96
16065,169;85
16066,169;11506
16067,169;1801
16068,169;90
16069,169;92
16070,169;100
16071,169;105
16072,169;11566
16073,169;1774
16074,169;76
16075,169;71
16076,169;93
16077,169;97
16078,169;11538
16079,169;1776
16080,169;98
16081,169;100
16082,169;89
16083,169;97
16084,169;11527
16085,169;1766
16086,169;91
16087,169;92
16088,169;100
16089,169;102
16090,169;11540
16091,169;1790
16092,169;104
16093,169;82
16094,169;110
16095,169;96
16096,169;11508
16097,169;1817
16098,169;93
16099,169;75
16100,169;97
16101,169;87
16102,169;11525
16103,169;1811
16104,169;89
16105,169;89
16106,169;80
16107,169;82
16108,169;11514
16109,169;1794
16110,169;110
16111,169;101
16112,169;91
16113,169;93
16114,169;11542
16115,169;1817
16116,169;107
16117,169;96
16118,169;94
16119,169;90
16120,169;11528
16121,169;1803
16122,169;88
16123,169;86
16124,169;96
16125,169;102
16126,169;11505
16127,169;1765
16128,169;90
16129,169;91
16130,169;93
16131,169;101
16132,169;11508
16133,169;1789
16134,169;97
16135,169;92
16136,169;107
16137,169;92
16138,169;11514
16139,169;1808
16140,169;89
16141,169;85
16142,169;100
16143,169;91
16144,169;11547
16145,169;1816
16146,169;85
16147,169;83
16148,169;83
16149,169;93
16150,169;11540
16151,169;1813
16152,169;97
16153,169;89
16154,169;101
16155,169;96
16156,169;11508
16157,169;1793
16158,169;92
16159,169;120
16160,169;110
16161,169;90
16162,169;11516
16163,169;1812
16163,4;96
16164,4;84
16165,4;102
16166,4;94
16167,4;11529
16168,4;1792
16169,4;85
16170,4;86
16171,4;100
16172,4;100
16173,4;11499
16174,4;1783
16175,4;98
16176,4;98
16177,4;86
16178,4;121
16179,4;11540
16180,4;1806
16181,4;83
16182,4;93
16183,4;91
16184,4;92
16185,4;11593
16186,4;1716
16187,4;94
16188,4;106
16189,4;100
16190,4;92
16191,4;11529
16192,4;1806
16193,4;89
16194,4;82
16195,4;89
16196,4;91
16197,4;11508
16198,4;1812
16199,4;86
16200,4;91
16201,4;124
16202,4;93
16203,4;11513
16204,4;1780
16205,4;103
16206,4;107
16207,4;94
16208,4;97
16209,4;11511
16210,4;1805
16211,4;99
16212,4;109
16213,4;101
16214,4;103
16215,4;11488
16216,4;1826
16217,4;83
16218,4;96
16219,4;113
16220,4;93
16221,4;11629
16222,4;1739
16223,4;113
16224,4;96
16225,4;96
16226,4;95
16227,4;11518
16228,4;1816
16229,4;92
16230,4;98
16231,4;97
16232,4;97
16233,4;11529
16234,4;1822
16235,4;100
16236,4;96
16237,4;116
16238,4;103
16239,4;11483
16240,4;1813
16241,4;92
16242,4;96
16243,4;85
16244,4;101
16245,4;11493
16246,4;1841
16247,4;62
16248,4;91
16249,4;81
16250,4;103
16251,4;11563
16252,4;1811
16253,4;93
16254,4;95
16255,4;100
16256,4;102
16257,4;11507
16258,4;1814
16259,4;85
16260,4;107
16261,4;99
16262,4;97
16263,4;11527
16265,053;1820
16266,053;70
16267,053;105
16268,053;100
16269,053;107
16270,053;11539
16271,053;1824
16272,053;84
16273,053;96
16274,053;93
16275,053;123
16276,053;11526
16277,053;1821
16278,053;89
16279,053;99
16280,053;105
16281,053;90
16282,053;11546
16283,053;1811
16284,053;101
16285,053;100
16286,053;105
16287,053;94
16288,053;11517
16289,053;1832
16290,053;81
16291,053;112
16292,053;99
16293,053;87
16294,053;11529
16295,053;1822
16296,053;87
16297,053;112
16298,053;115
16299,053;97
16300,053;11493
16301,053;1846
16302,053;99
16303,053;92
16304,053;104
16305,053;91
16306,053;11606
16307,053;1737
16308,053;85
16309,053;98
16310,053;104
16311,053;83
16312,053;11491
16313,053;1803
16314,053;99
16315,053;116
16316,053;114
16317,053;110
16318,053;11528
16319,053;1849
16320,053;101
16321,053;96
16322,053;94
16323,053;110
16324,053;11131
16325,053;1810
16326,053;78
16327,053;92
16328,053;92
16329,053;95
16330,053;11463
16331,053;1835
16332,053;78
16333,053;103
16334,053;99
16335,053;99
16336,053;11513
16337,053;1813
16338,053;111
16339,053;104
16340,053;92
16341,053;102
16342,053;11505
16343,053;1832
16344,053;88
16345,053;89
16346,053;119
16347,053;113
16348,053;11505
16349,053;1848
16350,053;90
16351,053;107
16352,053;104
16353,053;89
16354,053;11477
16355,053;1834
16356,053;86
16357,053;99
16358,053;107
16359,053;99
16360,053;11501
16361,053;1834
16362,053;109
16363,053;109
16364,053;104
16365,053;100
16366,053;11524
16367,053;1837
16368,053;103
16369,053;86
16370,053;111
16371,053;107
16372,053;11476
16373,053;1864
16374,053;87
16375,053;84
16376,053;113
16377,053;99
16378,053;11495
16379,053;1859
16380,053;113
16381,053;94
16382,053;106
16383,053;91
16384,053;11483
16385,053;1838
16386,053;106
16387,053;101
16388,053;99
16389,053;106
16390,053;11493
16391,053;1846
16392,053;95
16393,053;94
16394,053;119
16395,053;93
16396,053;11496
16397,053;1851
16398,053;85
16399,053;98
16400,053;85
16401,053;79
16402,053;11485
16403,053;1822
16404,053;97
16405,053;95
16406,053;108
16407,053;98
16408,053;11512
16409,053;1823
16410,053;95
16411,053;97
16412,053;92
16413,053;107
16414,053;11466
16415,053;1829
16416,053;100
16417,053;85
16418,053;101
16419,053;100
16420,053;11490
16421,053;1834
16422,053;85
16423,053;102
16424,053;101
16425,053;104
16426,053;11570
16427,053;1773
16428,053;101
16429,053;86
16430,053;88
16431,053;97
16432,053;11488
16433,053;1845
16434,053;89
16435,053;96
16436,053;110
16437,053;97
16438,053;11495
16439,053;1855
16440,053;87
16441,053;87
16442,053;94
16443,053;109
16444,053;11534
16445,053;1844
16446,053;95
16447,053;91
16448,053;94
16449,053;85
16450,053;11497
16451,053;1845
16452,053;78
16453,053;97
16454,053;89
16455,053;85
16456,053;11494
16457,053;1853
16458,053;77
16459,053;102
16460,053;93
16461,053;92
16462,053;11478
16463,053;1865
16464,053;81
16465,053;93
16466,053;87
16466,605;98
16467,605;11608
16468,605;1731
16469,605;82
16470,605;107
16471,605;85
16472,605;103
16473,605;11463
16474,605;1865
16475,605;81
16476,605;82
16477,605;94
16478,605;90
16479,605;11470
16480,605;1861
16481,605;92
16482,605;86
16483,605;101
16484,605;88
16485,605;11473
16486,605;1830
16487,605;87
16488,605;89
16489,605;91
16490,605;95
16491,605;11476
16492,605;1850
16493,605;99
16494,605;106
16495,605;90
16496,605;98
16497,605;11451
16498,605;1863
16499,605;69
16500,605;76
16501,605;96
16502,605;114
16503,605;11460
16504,605;1856
16505,605;84
16506,605;98
16507,605;98
16508,605;117
16509,605;11480
16510,605;1866
16511,605;85
16512,605;91
16513,605;94
16514,605;87
16515,605;11477
16516,605;1852
16517,605;85
16518,605;105
16519,605;93
16520,605;103
16521,605;11445
16522,605;1844
16523,605;95
16524,605;83
16525,605;102
16526,605;90
16527,605;11495
16528,605;1845
16529,605;87
16530,605;94
16531,605;91
16532,605;91
16533,605;11459
16534,605;1861
16535,605;90
16536,605;73
16537,605;86
16538,605;96
16539,605;11495
16540,605;1856
16541,605;70
16542,605;98
16543,605;91
16544,605;105
16545,605;11492
16546,605;1794
16547,605;85
16548,605;73
16549,605;85
16550,605;109
16551,605;11471
16552,605;1843
16553,605;92
16554,605;90
16555,605;111
16556,605;109
16557,605;11455
16558,605;1852
16559,605;89
16560,605;95
16561,605;91
16562,605;93
16563,605;11473
16564,605;1852
16565,605;90
16566,605;97
16567,526;91
16568,526;80
16569,526;11470
16570,526;1854
16571,526;90
16572,526;92
16573,526;86
16574,526;87
16575,526;11487
16576,526;1864
16577,526;108
16578,526;79
16579,526;91
16580,526;91
16581,526;11444
16582,526;1848
16583,526;104
16584,526;98
16585,526;101
16586,526;74
16587,526;11473
16588,526;1886
16589,526;99
16590,526;81
16591,526;100
16592,526;82
16593,526;11498
16594,526;1845
16595,526;87
16596,526;99
16597,526;110
16598,526;69
16599,526;11446
16600,526;1851
16601,526;71
16602,526;81
16603,526;76
16604,526;95
16605,526;11450
16606,526;1866
16607,526;95
16608,526;95
16609,526;96
16610,526;79
16611,526;11463
16612,526;1867
16613,526;75
16614,526;73
16615,526;89
16616,526;75
16617,526;11439
16618,526;1858
16619,526;67
16620,526;92
16621,526;97
16622,526;86
16623,526;11426
16624,526;1860
16625,526;84
16626,526;73
16627,526;81
16628,526;95
16629,526;11535
16630,526;1787
16631,526;75
16632,526;76
16633,526;84
16634,526;85
16635,526;11101
16636,526;1861
16637,526;81
16638,526;71
16639,526;90
16640,526;74
16641,526;11366
16642,526;1854
16643,526;90
16644,526;71
16645,526;98
16646,526;94
16647,526;11458
16648,526;1853
16649,526;83
16650,526;96
16651,526;81
16652,526;96
16653,526;11413
16654,526;1868
16655,526;83
16656,526;81
16657,526;95
16658,526;96
16659,526;11425
16660,526;1871
16661,526;70
16662,526;87
16663,526;100
16664,526;83
16665,526;11517
16666,526;1774
16667,526;75
16668,724;75
16669,724;83
16670,724;73
16671,724;11474
16672,724;1862
16673,724;83
16674,724;102
16675,724;96
16676,724;69
16677,724;11457
16678,724;1815
16679,724;62
16680,724;85
16681,724;85
16682,724;94
16683,724;11424
16684,724;1877
16685,724;95
16686,724;91
16687,724;97
16688,724;111
16689,724;11481
16690,724;1808
16691,724;99
16692,724;87
16693,724;82
16694,724;96
16695,724;11462
16696,724;1867
16697,724;83
16698,724;96
16699,724;94
16700,724;99
16701,724;11452
16702,724;1873
16703,724;86
16704,724;89
16705,724;89
16706,724;88
16707,724;11431
16708,724;1883
16709,724;87
16710,724;96
16711,724;108
16712,724;113
16713,724;11442
16714,724;1890
16715,724;87
16716,724;91
16717,724;98
16718,724;82
16719,724;11447
16720,724;1887
16721,724;68
16722,724;93
16723,724;99
16724,724;99
16725,724;11443
16726,724;1899
16727,724;84
16728,724;78
16729,724;90
16730,724;90
16731,724;11462
16732,724;1880
16733,724;85
16734,724;93
16735,724;93
16736,724;81
16737,724;11427
16738,724;1871
16739,724;74
16740,724;103
16741,724;98
16742,724;103
16743,724;11423
16744,724;1891
16745,724;105
16746,724;88
16747,724;98
16748,724;89
16749,724;11470
16750,724;1885
16751,724;91
16752,724;89
16753,724;97
16754,724;94
16755,724;11476
16756,724;1871
16757,724;76
16758,724;111
16759,724;90
16760,724;86
16761,724;11409
16762,724;1885
16763,724;88
16764,724;109
16765,724;97
16766,724;96
16767,724;11459
16768,724;1882
16769,782;106
16770,782;103
16771,782;108
16772,782;103
16773,782;11444
16774,782;1883
16775,782;83
16776,782;96
16777,782;110
16778,782;99
16779,782;11437
16780,782;1905
16781,782;107
16782,782;95
16783,782;100
16784,782;109
16785,782;11435
16786,782;1891
16787,782;99
16788,782;102
16789,782;81
16790,782;86
16791,782;11482
16792,782;1894
16793,782;96
16794,782;97
16795,782;97
16796,782;87
16797,782;11439
16798,782;1889
16799,782;94
16800,782;88
16801,782;98
16802,782;121
16803,782;11447
16804,782;1914
16805,782;72
16806,782;95
16807,782;95
16808,782;102
16809,782;11436
16810,782;1891
16811,782;80
16812,782;87
16813,782;92
16814,782;106
16815,782;11412
16816,782;1906
16817,782;82
16818,782;93
16819,782;101
16820,782;96
16821,782;11408
16822,782;1900
16823,782;90
16824,782;110
16825,782;104
16826,782;104
16827,782;11448
16828,782;1896
16829,782;99
16830,782;82
16831,782;89
16832,782;98
16833,782;11450
16834,782;1894
16835,782;98
16836,782;102
16837,782;95
16838,782;83
16839,782;11447
16840,782;1917
16841,782;92
16842,782;101
16843,782;107
16844,782;111
16845,782;11400
16846,782;1907
16847,782;92
16848,782;83
16849,782;97
16850,782;103
16851,782;11449
16852,782;1891
16853,782;83
16854,782;96
16855,782;113
16856,782;99
16857,782;11412
16858,782;1873
16859,782;93
16860,782;92
16861,782;93
16862,782;107
16863,782;11428
16864,782;1926
16865,782;95
16866,782;101
16867,782;115
16868,782;92
16869,782;11526
16875,879;1817
16876,879;99
16877,879;87
16878,879;90
16879,879;98
16880,879;11470
16881,879;1896
16882,879;86
16883,879;93
16884,879;99
16885,879;109
16886,879;11416
16887,879;1911
16888,879;85
16889,879;106
16890,879;109
16891,879;108
16892,879;11424
16893,879;1908
16894,879;82
16895,879;97
16896,879;104
16897,879;92
16898,879;11436
16899,879;1914
16900,879;124
16901,879;89
16902,879;95
16903,879;90
16904,879;11409
16905,879;1929
16906,879;85
16907,879;103
16908,879;90
16909,879;100
16910,879;11426
16911,879;1921
16912,879;104
16913,879;91
16914,879;93
16915,879;123
16916,879;11405
16917,879;1912
16918,879;76
16919,879;102
16920,879;96
16921,879;110
16922,879;11449
16923,879;1910
16924,879;87
16925,879;107
16926,879;95
16927,879;100
16928,879;11431
16929,879;1905
16930,879;87
16931,879;99
16932,879;89
16933,879;98
16934,879;11420
16935,879;1903
16936,879;87
16937,879;111
16938,879;100
16939,879;110
16940,879;11429
16941,879;1899
16942,879;102
16943,879;112
16944,879;105
16945,879;84
16946,879;11398
16947,879;1914
16948,879;96
16949,879;102
16950,879;104
16951,879;94
16952,879;11097
16953,879;1916
16954,879;114
16955,879;109
16956,879;102
16957,879;96
16958,879;11385
16959,879;1908
16960,879;94
16961,879;120
16962,879;101
16963,879;102
16964,879;11387
16965,879;1938
16966,879;107
16967,879;97
16968,879;107
16969,879;117
16970,879;11381
16971,879;1932
16972,879;105
16973,879;101
16974,879;100
16975,879;102
16971,879;11420
16972,879;1940
16973,879;76
16974,879;112
16975,879;77
16976,879;90
16977,879;11409
16978,879;1915
16979,879;97
16980,879;88
16981,879;104
16982,879;112
16983,879;11369
16984,879;1937
16985,879;98
16986,879;119
16987,879;115
16988,879;103
16989,879;11451
16990,879;1907
16991,879;92
16992,879;103
16993,879;105
16994,879;105
16995,879;11419
16996,879;1933
16997,879;93
16998,879;101
16999,879;86
17000,879;89
17001,879;11401
17002,879;1925
17003,879;87
17004,879;115
17005,879;100
17006,879;116
17007,879;11410
17008,879;1923
17009,879;102
17010,879;93
17011,879;87
17012,879;97
17013,879;11411
17014,879;1935
17015,879;96
17016,879;84
17017,879;121
17018,879;93
17019,879;11418
17020,879;1951
17021,879;81
17022,879;81
17023,879;120
17024,879;99
17025,879;11382
17026,879;1925
17027,879;99
17028,879;105
17029,879;98
17030,879;99
17031,879;11390
17032,879;1944
17033,879;91
17034,879;91
17035,879;82
17036,879;109
17037,879;11371
17038,879;1927
17039,879;111
17040,879;83
17041,879;91
17042,879;105
17043,879;11411
17044,879;1935
17045,879;88
17046,879;104
17047,879;104
17048,879;97
17049,879;11420
17050,879;1945
17051,879;107
17052,879;95
17053,879;116
17054,879;102
17055,879;11397
17056,879;1924
17057,879;108
17058,879;77
17059,879;129
17060,879;97
17061,879;11386
17062,879;1941
17063,879;101
17064,879;95
17065,879;96
17066,879;102
17067,879;11372
17068,879;1936
17069,879;76
17070,879;114
17071,879;110
17072,034;101
17073,034;11416
17074,034;1919
17075,034;97
17076,034;95
17077,034;92
17078,034;95
17079,034;11408
17080,034;1940
17081,034;75
17082,034;105
17083,034;92
17084,034;93
17085,034;11396
17086,034;1932
17087,034;100
17088,034;98
17089,034;108
17090,034;99
17091,034;11464
17092,034;1866
17093,034;81
17094,034;98
17095,034;89
17096,034;125
17097,034;11428
17098,034;1907
17099,034;102
17100,034;85
17101,034;92
17102,034;115
17103,034;11376
17104,034;1950
17105,034;82
17106,034;86
17107,034;99
17108,034;82
17109,034;11377
17110,034;1955
17111,034;97
17112,034;96
17113,034;92
17114,034;96
17115,034;11414
17116,034;1916
17117,034;86
17118,034;95
17119,034;86
17120,034;84
17121,034;11377
17122,034;1939
17123,034;109
17124,034;94
17125,034;117
17126,034;109
17127,034;11363
17128,034;1933
17129,034;92
17130,034;83
17131,034;95
17132,034;115
17133,034;11364
17134,034;1927
17135,034;92
17136,034;88
17137,034;108
17138,034;101
17139,034;11381
17140,034;1933
17141,034;91
17142,034;88
17143,034;95
17144,034;75
17145,034;11381
17146,034;1934
17147,034;80
17148,034;91
17149,034;110
17150,034;115
17151,034;11398
17152,034;1947
17153,034;90
17154,034;80
17155,034;123
17156,034;117
17157,034;11397
17158,034;1950
17159,034;83
17160,034;92
17161,034;97
17162,034;108
17163,034;11399
17164,034;1963
17165,034;80
17166,034;109
17167,034;94
17168,034;101
17169,034;11351
17170,034;1923
17171,034;85
17172,034;86
17174,038;96
17175,038;90
17176,038;11364
17177,038;1951
17178,038;87
17179,038;90
17180,038;105
17181,038;79
17182,038;11341
17183,038;1936
17184,038;91
17185,038;89
17186,038;110
17187,038;112
17188,038;11345
17189,038;1951
17190,038;94
17191,038;87
17192,038;90
17193,038;104
17194,038;11360
17195,038;1923
17196,038;82
17197,038;95
17198,038;99
17199,038;92
17200,038;11403
17201,038;1929
17202,038;88
17203,038;94
17204,038;90
17205,038;98
17206,038;11326
17207,038;1943
17208,038;78
17209,038;82
17210,038;90
17211,038;88
17212,038;11447
17213,038;1818
17214,038;72
17215,038;84
17216,038;89
17217,038;76
17218,038;11344
17219,038;1964
17220,038;88
17221,038;91
17222,038;97
17223,038;80
17224,038;11347
17225,038;1963
17226,038;85
17227,038;89
17228,038;90
17229,038;83
17230,038;11378
17231,038;1951
17232,038;85
17233,038;82
17234,038;87
17235,038;94
17236,038;11362
17237,038;1943
17238,038;85
17239,038;79
17240,038;72
17241,038;76
17242,038;11322
17243,038;1935
17244,038;87
17245,038;65
17246,038;83
17247,038;69
17248,038;11366
17249,038;1961
17250,038;79
17251,038;82
17252,038;89
17253,038;73
17254,038;11354
17255,038;1967
17256,038;93
17257,038;86
17258,038;78
17259,038;87
17260,038;11001
17261,038;1975
17262,038;71
17263,038;91
17264,038;83
17265,038;84
17266,038;11262
17267,038;1950
17268,038;77
17269,038;92
17270,038;99
17271,038;82
17272,038;11365
17273,038;1962
17274,038;90
17274,738;64
17275,738;83
17276,738;73
17277,738;11442
17278,738;1838
17279,738;82
17280,738;87
17281,738;78
17282,738;82
17283,738;11351
17284,738;1946
17285,738;94
17286,738;90
17287,738;91
17288,738;77
17289,738;11374
17290,738;1958
17291,738;83
17292,738;84
17293,738;73
17294,738;98
17295,738;11369
17296,738;1956
17297,738;68
17298,738;94
17299,738;95
17300,738;80
17301,738;11328
17302,738;1945
17303,738;78
17304,738;67
17305,738;87
17306,738;73
17307,738;11397
17308,738;1945
17309,738;99
17310,738;71
17311,738;96
17312,738;105
17313,738;11334
17314,738;1984
17315,738;70
17316,738;61
17317,738;102
17318,738;100
17319,738;11362
17320,738;1952
17321,738;87
17322,738;74
17323,738;95
17324,738;87
17325,738;11291
17326,738;1958
17327,738;79
17328,738;85
17329,738;95
17330,738;94
17331,738;11338
17332,738;1979
17333,738;93
17334,738;73
17335,738;112
17336,738;109
17337,738;11395
17338,738;1906
17339,738;81
17340,738;102
17341,738;93
17342,738;102
17343,738;11324
17344,738;1983
17345,738;74
17346,738;97
17347,738;92
17348,738;104
17349,738;11359
17350,738;1970
17351,738;77
17352,738;87
17353,738;93
17354,738;91
17355,738;11387
17356,738;1976
17357,738;98
17358,738;74
17359,738;93
17360,738;100
17361,738;11306
17362,738;1999
17363,738;90
17364,738;87
17365,738;95
17366,738;91
17367,738;11318
17368,738;1968
17369,738;96
17370,738;91
17371,738;101
17372,738;113
17373,738;11350
17374,738;1985
17375,671;87
17376,671;95
17377,671;81
17378,671;111
17379,671;11333
17380,671;1981
17381,671;94
17382,671;91
17383,671;110
17384,671;99
17385,671;11404
17386,671;1930
17387,671;85
17388,671;87
17389,671;111
17390,671;102
17391,671;11384
17392,671;1934
17393,671;88
17394,671;97
17395,671;95
17396,671;107
17397,671;11291
17398,671;1973
17399,671;79
17400,671;108
17401,671;92
17402,671;94
17403,671;11367
17404,671;1979
17405,671;81
17406,671;90
17407,671;94
17408,671;82
17409,671;11355
17410,671;1943
17411,671;95
17412,671;94
17413,671;96
17414,671;107
17415,671;11420
17416,671;1927
17417,671;89
17418,671;111
17419,671;109
17420,671;103
17421,671;11340
17422,671;2000
17423,671;108
17424,671;108
17425,671;100
17426,671;105
17427,671;11449
17428,671;1876
17429,671;90
17430,671;100
17431,671;92
17432,671;93
17433,671;11325
17434,671;1997
17435,671;80
17436,671;85
17437,671;99
17438,671;68
17439,671;11337
17440,671;1981
17441,671;87
17442,671;89
17443,671;97
17444,671;112
17445,671;11352
17446,671;1980
17447,671;91
17448,671;78
17449,671;83
17450,671;102
17451,671;11320
17452,671;1990
17453,671;97
17454,671;83
17455,671;92
17456,671;114
17457,671;11352
17458,671;1993
17459,671;73
17460,671;102
17461,671;92
17462,671;85
17463,671;11352
17464,671;2002
17465,671;85
17466,671;79
17467,671;130
17468,671;105
17469,671;11356
17470,671;1997
17471,671;96
17472,671;102
17473,671;115
17474,671;121
17475,671;11346
17476,671;1972
17477,671;102
17478,671;102
17479,671;106
17480,671;106
17481,671;11329
17482,671;1989
17483,671;95
17484,671;88
17485,671;108
17486,671;97
17487,671;11318
17488,671;1995
17489,671;97
17490,671;95
17491,671;98
17492,671;94
17493,671;11335
17494,671;2012
17495,671;91
17496,671;108
17497,671;86
17498,671;89
17499,671;11338
17500,671;2001
17501,671;91
17502,671;78
17503,671;91
17504,671;96
17505,671;11321
17506,671;1996
17507,671;105
17508,671;94
17509,671;101
17510,671;105
17511,671;11320
17512,671;2012
17513,671;96
17514,671;103
17515,671;104
17516,671;111
17517,671;11355
17518,671;1983
17519,671;101
17520,671;99
17521,671;114
17522,671;104
17523,671;11329
17524,671;2017
17525,671;93
17526,671;83
17527,671;105
17528,671;122
17529,671;11370
17530,671;2011
17531,671;95
17532,671;91
17533,671;99
17534,671;110
17535,671;11376
17536,671;2004
17537,671;95
17538,671;105
17539,671;96
17540,671;110
17541,671;11303
17542,671;2019
17543,671;83
17544,671;118
17545,671;99
17546,671;104
17547,671;11292
17548,671;1995
17549,671;91
17550,671;85
17551,671;94
17552,671;106
17553,671;11334
17554,671;1994
17555,671;93
17556,671;94
17557,671;94
17558,671;89
17559,671;11311
17560,671;2015
17561,671;104
17562,671;80
17563,671;88
17564,671;122
17565,671;11290
17566,671;1982
17567,671;95
17568,671;101
17569,671;104
17570,671;103
17571,671;11032
17572,671;1930
17573,671;103
17574,671;90
17575,671;84
17576,671;92
17577,566;11254
17578,566;2045
17579,566;81
17580,566;100
17581,566;112
17582,566;115
17583,566;11269
17584,566;2024
17585,566;91
17586,566;110
17587,566;82
17588,566;95
17589,566;11341
17590,566;2006
17591,566;98
17592,566;94
17593,566;109
17594,566;103
17595,566;11329
17596,566;2004
17597,566;96
17598,566;106
17599,566;95
17600,566;81
17601,566;11374
17602,566;2002
17603,566;88
17604,566;114
17605,566;91
17606,566;92
17607,566;11311
17608,566;2009
17609,566;96
17610,566;99
17611,566;95
17612,566;83
17613,566;11337
17614,566;2027
17615,566;87
17616,566;98
17617,566;89
17618,566;86
17619,566;11317
17620,566;2038
17621,566;109
17622,566;112
17623,566;84
17624,566;127
17625,566;11313
17626,566;2005
17627,566;93
17628,566;96
17629,566;119
17630,566;90
17631,566;11312
17632,566;2043
17633,566;88
17634,566;102
17635,566;90
17636,566;90
17637,566;11302
17638,566;2017
17639,566;102
17640,566;95
17641,566;96
17642,566;98
17643,566;11303
17644,566;2009
17645,566;102
17646,566;84
17647,566;95
17648,566;91
17649,566;11328
17650,566;2037
17651,566;115
17652,566;89
17653,566;89
17654,566;96
17655,566;11296
17656,566;2035
17657,566;100
17658,566;94
17659,566;105
17660,566;100
17661,566;11310
17662,566;2004
17663,566;77
17664,566;98
17665,566;85
17666,566;106
17667,566;11307
17668,566;2028
17669,566;95
17670,566;94
17671,566;106
17672,566;97
17673,566;11313
17674,566;2042
17675,566;95
17676,566;110
17677,566;116
17678,943;101
17679,943;11318
17680,943;1999
17681,943;88
17682,943;96
17683,943;106
17684,943;104
17685,943;11307
17686,943;2031
17687,943;101
17688,943;106
17689,943;97
17690,943;95
17691,943;11307
17692,943;2023
17693,943;97
17694,943;99
17695,943;98
17696,943;108
17697,943;11320
17698,943;2031
17699,943;95
17700,943;97
17701,943;108
17702,943;100
17703,943;11309
17704,943;2035
17705,943;88
17706,943;91
17707,943;98
17708,943;95
17709,943;11325
17710,943;2006
17711,943;91
17712,943;81
17713,943;100
17714,943;96
17715,943;11282
17716,943;2043
17717,943;83
17718,943;98
17719,943;90
17720,943;93
17721,943;11396
17722,943;1914
17723,943;99
17724,943;93
17725,943;97
17726,943;101
17727,943;11309
17728,943;2013
17729,943;84
17730,943;91
17731,943;93
17732,943;105
17733,943;11290
17734,943;2051
17735,943;86
17736,943;88
17737,943;93
17738,943;84
17739,943;11291
17740,943;2018
17741,943;97
17742,943;89
17743,943;79
17744,943;89
17745,943;11297
17746,943;2040
17747,943;75
17748,943;91
17749,943;88
17750,943;102
17751,943;11296
17752,943;2034
17753,943;88
17754,943;86
17755,943;109
17756,943;77
17757,943;11290
17758,943;2015
17759,943;86
17760,943;93
17761,943;90
17762,943;90
17763,943;11295
17764,943;2037
17765,943;96
17766,943;94
17767,943;120
17768,943;89
17769,943;11321
17770,943;2029
17771,943;92
17772,943;86
17773,943;107
17774,943;99
17775,943;11280
17776,943;2037
17777,943;94
17778,943;92
17779,521;97
17780,521;90
17781,521;11271
17782,521;2031
17783,521;93
17784,521;84
17785,521;90
17786,521;104
17787,521;11291
17788,521;2050
17789,521;81
17790,521;113
17791,521;107
17792,521;81
17793,521;11333
17794,521;2031
17795,521;96
17796,521;83
17797,521;86
17798,521;85
17799,521;11285
17800,521;2034
17801,521;91
17802,521;89
17803,521;85
17804,521;95
17805,521;11260
17806,521;2034
17807,521;83
17808,521;84
17809,521;99
17810,521;83
17811,521;11264
17812,521;2021
17813,521;85
17814,521;94
17815,521;87
17816,521;92
17817,521;11291
17818,521;2023
17819,521;74
17820,521;77
17821,521;96
17822,521;104
17823,521;11273
17824,521;2035
17825,521;88
17826,521;65
17827,521;88
17828,521;111
17829,521;11252
17830,521;2045
17831,521;76
17832,521;95
17833,521;97
17834,521;84
17835,521;11270
17836,521;2030
17837,521;110
17838,521;94
17839,521;95
17840,521;81
17841,521;11294
17842,521;2040
17843,521;91
17844,521;77
17845,521;79
17846,521;91
17847,521;11290
17848,521;2053
17849,521;99
17850,521;69
17851,521;77
17852,521;74
17853,521;11285
17854,521;2021
17855,521;88
17856,521;80
17857,521;106
17858,521;79
17859,521;11255
17860,521;2058
17861,521;98
17862,521;79
17863,521;93
17864,521;76
17865,521;11267
17866,521;2030
17867,521;72
17868,521;87
17869,521;73
17870,521;87
17871,521;11319
17872,521;2052
17873,521;68
17874,521;75
17875,521;76
17876,521;74
17877,521;11267
17878,521;2037
17879,521;85
17880,558;76
17881,558;81
17882,558;87
17883,558;10947
17884,558;2039
17885,558;78
17886,558;100
17887,558;75
17888,558;81
17889,558;11195
17890,558;2035
17891,558;81
17892,558;93
17893,558;90
17894,558;81
17895,558;11259
17896,558;2046
17897,558;81
17898,558;74
17899,558;77
17900,558;85
17901,558;11234
17902,558;2061
17903,558;90
17904,558;86
17905,558;78
17906,558;120
17907,558;11259
17908,558;2054
17909,558;63
17910,558;92
17911,558;83
17912,558;75
17913,558;11241
17914,558;2046
17915,558;92
17916,558;79
17917,558;88
17918,558;105
17919,558;11281
17920,558;2060
17921,558;77
17922,558;100
17923,558;90
17924,558;82
17925,558;11212
17926,558;2054
17927,558;80
17928,558;83
17929,558;91
17930,558;98
17931,558;11395
17932,558;1978
17933,558;72
17934,558;94
17935,558;98
17936,558;86
17937,558;11254
17938,558;2070
17939,558;90
17940,558;75
17941,558;79
17942,558;86
17943,558;11265
17944,558;2066
17945,558;84
17946,558;88
17947,558;94
17948,558;81
17949,558;11291
17950,558;2060
17951,558;96
17952,558;75
17953,558;96
17954,558;96
17955,558;11238
17956,558;2054
17957,558;92
17958,558;107
17959,558;99
17960,558;89
17961,558;11243
17962,558;2061
17963,558;108
17964,558;113
17965,558;98
17966,558;87
17967,558;11242
17968,558;2052
17969,558;84
17970,558;94
17971,558;89
17972,558;80
17973,558;11253
17974,558;2063
17975,558;95
17976,558;93
17977,558;89
17978,558;102
17979,558;11236
17980,558;2081
17981,558;87
17982,558;94
17983,558;111
17984,558;87
17985,558;11244
17986,558;2079
17987,558;81
17988,558;89
17989,558;84
17990,558;104
17991,558;11244
17992,558;2053
17993,558;77
17994,558;88
17995,558;87
17996,558;91
17997,558;11262
17998,558;2069
17999,558;96
18000,558;109
18001,558;121
18002,558;105
18003,558;11272
18004,558;2096
18005,558;105
18006,558;96
18007,558;97
18008,558;96
18009,558;11251
18010,558;2078
18011,558;86
18012,558;98
18013,558;115
18014,558;85
18015,558;11260
18016,558;2057
18017,558;75
18018,558;73
18019,558;76
18020,558;104
18021,558;11254
18022,558;2083
18023,558;84
18024,558;101
18025,558;99
18026,558;113
18027,558;11225
18028,558;2074
18029,558;96
18030,558;77
18031,558;91
18032,558;86
18033,558;11266
18034,558;2088
18035,558;91
18036,558;100
18037,558;94
18038,558;87
18039,558;11257
18040,558;2079
18041,558;70
18042,558;91
18043,558;99
18044,558;111
18045,558;11208
18046,558;2081
18047,558;95
18048,558;100
18049,558;106
18050,558;106
18051,558;11242
18052,558;2059
18053,558;79
18054,558;97
18055,558;85
18056,558;110
18057,558;11223
18058,558;2077
18059,558;102
18060,558;78
18061,558;103
18062,558;100
18063,558;11261
18064,558;2067
18065,558;80
18066,558;98
18067,558;102
18068,558;89
18069,558;11232
18070,558;2094
18071,558;91
18072,558;99
18073,558;97
18074,558;105
18075,558;11246
18076,558;2066
18077,558;90
18078,558;97
18079,558;96
18080,558;101
18081,558;11250
18082,91;2091
18083,91;73
18084,91;76
18085,91;87
18086,91;92
18087,91;11251
18088,91;2107
18089,91;101
18090,91;108
18091,91;77
18092,91;96
18093,91;11231
18094,91;2090
18095,91;100
18096,91;106
18097,91;98
18098,91;114
18099,91;11305
18100,91;2034
18101,91;90
18102,91;88
18103,91;94
18104,91;85
18105,91;11218
18106,91;2109
18107,91;109
18108,91;100
18109,91;91
18110,91;106
18111,91;11245
18112,91;2098
18113,91;100
18114,91;78
18115,91;99
18116,91;90
18117,91;11241
18118,91;2093
18119,91;102
18120,91;103
18121,91;104
18122,91;108
18123,91;11227
18124,91;2087
18125,91;84
18126,91;99
18127,91;109
18128,91;101
18129,91;11240
18130,91;2088
18131,91;91
18132,91;92
18133,91;99
18134,91;100
18135,91;11249
18136,91;2101
18137,91;104
18138,91;78
18139,91;92
18140,91;104
18141,91;11238
18142,91;2095
18143,91;89
18144,91;108
18145,91;88
18146,91;94
18147,91;11285
18148,91;2067
18149,91;97
18150,91;90
18151,91;115
18152,91;98
18153,91;11244
18154,91;2107
18155,91;92
18156,91;107
18157,91;86
18158,91;83
18159,91;11237
18160,91;2122
18161,91;99
18162,91;92
18163,91;86
18164,91;99
18165,91;11196
18166,91;2100
18167,91;81
18168,91;96
18169,91;95
18170,91;106
18171,91;11236
18172,91;2088
18173,91;99
18174,91;116
18175,91;94
18176,91;110
18177,91;11235
18178,91;2077
18179,91;85
18180,91;102
18181,91;87
18182,91;108
18183,701;11211
18184,701;2092
18185,701;97
18186,701;91
18187,701;101
18188,701;103
18189,701;11210
18190,701;2101
18191,701;102
18192,701;122
18193,701;96
18194,701;123
18195,701;10875
18196,701;2105
18197,701;93
18198,701;108
18199,701;93
18200,701;102
18201,701;11135
18202,701;2096
18203,701;99
18204,701;105
18205,701;102
18206,701;101
18207,701;11191
18208,701;2093
18209,701;77
18210,701;98
18211,701;95
18212,701;87
18213,701;11259
18214,701;2098
18215,701;86
18216,701;100
18217,701;96
18218,701;100
18219,701;11327
18220,701;2023
18221,701;90
18222,701;91
18223,701;92
18224,701;96
18225,701;11203
18226,701;2117
18227,701;107
18228,701;102
18229,701;99
18230,701;101
18231,701;11253
18232,701;2098
18233,701;102
18234,701;89
18235,701;117
18236,701;111
18237,701;11265
18238,701;2048
18239,701;84
18240,701;80
18241,701;101
18242,701;83
18243,701;11239
18244,701;2118
18245,701;99
18246,701;84
18247,701;98
18248,701;98
18249,701;11242
18250,701;2108
18251,701;84
18252,701;110
18253,701;96
18254,701;118
18255,701;11189
18256,701;2121
18257,701;91
18258,701;97
18259,701;108
18260,701;105
18261,701;11229
18262,701;2109
18263,701;73
18264,701;96
18265,701;112
18266,701;93
18267,701;11236
18268,701;2113
18269,701;85
18270,701;102
18271,701;93
18272,701;119
18273,701;11225
18274,701;2100
18275,701;87
18276,701;95
18277,701;81
18278,701;96
18279,701;11212
18280,701;2109
18281,701;94
18282,701;85
18283,701;109
18284,64;96
18285,64;11228
18286,64;2123
18287,64;105
18288,64;84
18289,64;106
18290,64;100
18291,64;11219
18292,64;2123
18293,64;81
18294,64;106
18295,64;101
18296,64;96
18297,64;11163
18298,64;2123
18299,64;90
18300,64;88
18301,64;109
18302,64;83
18303,64;11205
18304,64;2116
18305,64;98
18306,64;100
18307,64;82
18308,64;92
18309,64;11245
18310,64;2118
18311,64;81
18312,64;79
18313,64;105
18314,64;111
18315,64;11251
18316,64;2039
18317,64;93
18318,64;87
18319,64;99
18320,64;81
18321,64;11195
18322,64;2112
18323,64;98
18324,64;98
18325,64;114
18326,64;99
18327,64;11232
18328,64;2127
18329,64;102
18330,64;97
18331,64;100
18332,64;89
18333,64;11186
18334,64;2146
18335,64;87
18336,64;94
18337,64;79
18338,64;104
18339,64;11186
18340,64;2149
18341,64;82
18342,64;110
18343,64;103
18344,64;109
18345,64;11197
18346,64;2124
18347,64;85
18348,64;84
18349,64;88
18350,64;93
18351,64;11184
18352,64;2114
18353,64;89
18354,64;84
18355,64;95
18356,64;88
18357,64;11190
18358,64;2131
18359,64;92
18360,64;103
18361,64;99
18362,64;98
18363,64;11236
18364,64;2125
18365,64;107
18366,64;94
18367,64;83
18368,64;88
18369,64;11214
18370,64;2106
18371,64;98
18372,64;93
18373,64;95
18374,64;97
18375,64;11204
18376,64;2129
18377,64;102
18378,64;109
18379,64;81
18380,64;99
18381,64;11182
18382,64;2151
18383,64;79
18384,64;89
18385,81;96
18386,81;107
18387,81;11162
18388,81;2108
18389,81;90
18390,81;91
18391,81;84
18392,81;105
18393,81;11231
18394,81;2072
18395,81;101
18396,81;85
18397,81;85
18398,81;101
18399,81;11205
18400,81;2135
18401,81;84
18402,81;101
18403,81;100
18404,81;87
18405,81;11148
18406,81;2134
18407,81;78
18408,81;84
18409,81;97
18410,81;98
18411,81;11168
18412,81;2136
18413,81;83
18414,81;77
18415,81;98
18416,81;91
18417,81;11210
18418,81;2135
18419,81;98
18420,81;91
18421,81;105
18422,81;80
18423,81;11170
18424,81;2118
18425,81;82
18426,81;85
18427,81;129
18428,81;78
18429,81;11205
18430,81;2127
18431,81;73
18432,81;92
18433,81;105
18434,81;85
18435,81;11184
18436,81;2113
18437,81;78
18438,81;106
18439,81;91
18440,81;112
18441,81;11151
18442,81;2140
18443,81;89
18444,81;93
18445,81;92
18446,81;102
18447,81;11156
18448,81;2107
18449,81;89
18450,81;114
18451,81;99
18452,81;92
18453,81;11179
18454,81;2121
18455,81;106
18456,81;89
18457,81;96
18458,81;88
18459,81;11171
18460,81;2131
18461,81;78
18462,81;69
18463,81;114
18464,81;95
18465,81;11155
18466,81;2134
18467,81;92
18468,81;88
18469,81;81
18470,81;67
18471,81;11177
18472,81;2146
18473,81;81
18474,81;115
18475,81;85
18476,81;73
18477,81;11178
18478,81;2138
18479,81;70
18480,81;85
18481,81;82
18482,81;95
18483,81;11153
18484,81;2142
18485,81;71
18486,81;88
18487,81;88
18488,81;86
18489,81;11179
18490,81;2130
18491,81;68
18492,81;77
18493,81;84
18494,81;81
18495,81;11167
18496,81;2131
18497,81;66
18498,81;83
18499,81;82
18500,81;81
18501,81;11172
18502,81;2116
18503,81;73
18504,81;89
18505,81;91
18506,81;69
18507,81;10806
18508,81;2135
18509,81;76
18510,81;91
18511,81;77
18512,81;83
18513,81;11100
18514,81;2125
18515,81;91
18516,81;77
18517,81;95
18518,81;81
18519,81;11144
18520,81;2131
18521,81;74
18522,81;85
18523,81;92
18524,81;82
18525,81;11119
18526,81;2136
18527,81;69
18528,81;89
18529,81;106
18530,81;77
18531,81;11147
18532,81;2143
18533,81;89
18534,81;77
18535,81;90
18536,81;78
18537,81;11146
18538,81;2155
18539,81;78
18540,81;79
18541,81;92
18542,81;93
18543,81;11148
18544,81;2130
18545,81;81
18546,81;81
18547,81;87
18548,81;94
18549,81;11142
18550,81;2145
18551,81;71
18552,81;105
18553,81;101
18554,81;99
18555,81;11149
18556,81;2133
18557,81;85
18558,81;89
18559,81;83
18560,81;86
18561,81;11134
18562,81;2140
18563,81;89
18564,81;97
18565,81;91
18566,81;88
18567,81;11126
18568,81;2154
18569,81;83
18570,81;77
18571,81;94
18572,81;83
18573,81;11107
18574,81;2144
18575,81;84
18576,81;85
18577,81;75
18578,81;86
18579,81;11168
18580,81;2152
18581,81;88
18582,81;103
18583,81;72
18584,81;84
18585,81;11143
18586,81;2149
18587,302;97
18588,302;97
18589,302;96
18590,302;96
18591,302;11148
18592,302;2147
18593,302;81
18594,302;90
18595,302;83
18596,302;106
18597,302;11132
18598,302;2157
18599,302;97
18600,302;84
18601,302;106
18602,302;80
18603,302;11143
18604,302;2161
18605,302;97
18606,302;72
18607,302;87
18608,302;91
18609,302;11136
18610,302;2150
18611,302;82
18612,302;86
18613,302;88
18614,302;85
18615,302;11145
18616,302;2181
18617,302;81
18618,302;81
18619,302;92
18620,302;104
18621,302;11110
18622,302;2158
18623,302;89
18624,302;92
18625,302;99
18626,302;93
18627,302;11161
18628,302;2142
18629,302;81
18630,302;95
18631,302;106
18632,302;82
18633,302;11154
18634,302;2164
18635,302;66
18636,302;84
18637,302;99
18638,302;90
18639,302;11180
18640,302;2148
18641,302;83
18642,302;101
18643,302;94
18644,302;95
18645,302;11128
18646,302;2180
18647,302;91
18648,302;95
18649,302;102
18650,302;94
18651,302;11155
18652,302;2168
18653,302;86
18654,302;103
18655,302;92
18656,302;100
18657,302;11139
18658,302;2170
18659,302;89
18660,302;83
18661,302;97
18662,302;95
18663,302;11142
18664,302;2173
18665,302;101
18666,302;99
18667,302;104
18668,302;90
18669,302;11127
18670,302;2151
18671,302;90
18672,302;94
18673,302;96
18674,302;93
18675,302;11149
18676,302;2191
18677,302;92
18678,302;83
18679,302;107
18680,302;98
18681,302;11152
18682,302;2166
18683,302;84
18684,302;87
18685,302;97
18686,302;104
18687,302;11138
18689,131;2169
18690,131;96
18691,131;98
18692,131;106
18693,131;112
18694,131;11150
18695,131;2160
18696,131;87
18697,131;82
18698,131;106
18699,131;101
18700,131;11155
18701,131;2159
18702,131;98
18703,131;115
18704,131;114
18705,131;84
18706,131;11130
18707,131;2165
18708,131;92
18709,131;86
18710,131;97
18711,131;90
18712,131;11184
18713,131;2172
18714,131;103
18715,131;86
18716,131;106
18717,131;95
18718,131;11149
18719,131;2163
18720,131;91
18721,131;99
18722,131;119
18723,131;101
18724,131;11122
18725,131;2191
18726,131;103
18727,131;91
18728,131;91
18729,131;115
18730,131;11143
18731,131;2166
18732,131;101
18733,131;91
18734,131;107
18735,131;103
18736,131;11154
18737,131;2175
18738,131;72
18739,131;110
18740,131;106
18741,131;109
18742,131;11149
18743,131;2158
18744,131;97
18745,131;96
18746,131;88
18747,131;75
18748,131;11139
18749,131;2198
18750,131;101
18751,131;96
18752,131;95
18753,131;95
18754,131;11153
18755,131;2178
18756,131;84
18757,131;93
18758,131;103
18759,131;94
18760,131;11135
18761,131;2189
18762,131;97
18763,131;79
18764,131;89
18765,131;104
18766,131;11132
18767,131;2191
18768,131;97
18769,131;75
18770,131;92
18771,131;101
18772,131;11128
18773,131;2174
18774,131;84
18775,131;94
18776,131;99
18777,131;114
18778,131;11121
18779,131;2179
18780,131;95
18781,131;111
18782,131;105
18783,131;98
18784,131;11131
18785,131;2177
18786,131;103
18787,131;72
18788,131;99
18789,131;99
18788,811;11221
18789,811;2137
18790,811;93
18791,811;108
18792,811;117
18793,811;95
18794,811;11140
18795,811;2186
18796,811;91
18797,811;83
18798,811;94
18799,811;91
18800,811;11141
18801,811;2173
18802,811;95
18803,811;92
18804,811;83
18805,811;102
18806,811;11122
18807,811;2194
18808,811;86
18809,811;101
18810,811;89
18811,811;110
18812,811;11113
18813,811;2180
18814,811;82
18815,811;84
18816,811;85
18817,811;118
18818,811;10768
18819,811;2204
18820,811;93
18821,811;77
18822,811;84
18823,811;114
18824,811;11044
18825,811;2201
18826,811;108
18827,811;90
18828,811;100
18829,811;101
18830,811;11084
18831,811;2204
18832,811;85
18833,811;98
18834,811;107
18835,811;97
18836,811;11110
18837,811;2178
18838,811;96
18839,811;106
18840,811;81
18841,811;88
18842,811;11118
18843,811;2204
18844,811;107
18845,811;80
18846,811;112
18847,811;79
18848,811;11124
18849,811;2201
18850,811;93
18851,811;114
18852,811;120
18853,811;113
18854,811;11125
18855,811;2203
18856,811;80
18857,811;117
18858,811;90
18859,811;112
18860,811;11106
18861,811;2200
18862,811;102
18863,811;88
18864,811;97
18865,811;102
18866,811;11125
18867,811;2180
18868,811;100
18869,811;98
18870,811;98
18871,811;103
18872,811;11104
18873,811;2183
18874,811;85
18875,811;96
18876,811;102
18877,811;93
18878,811;11100
18879,811;2214
18880,811;91
18881,811;93
18882,811;87
18883,811;119
18884,811;11167
18885,811;2136
18886,811;92
18887,811;89
18888,811;96
18890,987;87
18891,987;11108
18892,987;2191
18893,987;78
18894,987;101
18895,987;124
18896,987;102
18897,987;11096
18898,987;2214
18899,987;87
18900,987;103
18901,987;95
18902,987;86
18903,987;11102
18904,987;2213
18905,987;87
18906,987;105
18907,987;84
18908,987;80
18909,987;11141
18910,987;2186
18911,987;88
18912,987;91
18913,987;99
18914,987;82
18915,987;11082
18916,987;2210
18917,987;83
18918,987;99
18919,987;104
18920,987;106
18921,987;11121
18922,987;2200
18923,987;102
18924,987;91
18925,987;84
18926,987;115
18927,987;11092
18928,987;2203
18929,987;101
18930,987;100
18931,987;106
18932,987;75
18933,987;11111
18934,987;2209
18935,987;79
18936,987;112
18937,987;81
18938,987;89
18939,987;11097
18940,987;2201
18941,987;75
18942,987;111
18943,987;112
18944,987;93
18945,987;11070
18946,987;2211
18947,987;107
18948,987;116
18949,987;102
18950,987;99
18951,987;11075
18952,987;2204
18953,987;80
18954,987;109
18955,987;105
18956,987;96
18957,987;11086
18958,987;2213
18959,987;108
18960,987;78
18961,987;103
18962,987;90
18963,987;11088
18964,987;2212
18965,987;92
18966,987;96
18967,987;100
18968,987;103
18969,987;11099
18970,987;2208
18971,987;87
18972,987;93
18973,987;119
18974,987;94
18975,987;11096
18976,987;2225
18977,987;82
18978,987;99
18979,987;94
18980,987;102
18981,987;11089
18982,987;2217
18983,987;91
18984,987;87
18985,987;84
18986,987;102
18987,987;11052
18988,987;2211
18989,987;82
18990,987;81
18991,197;119
18992,197;80
18993,197;11124
18994,197;2213
18995,197;87
18996,197;89
18997,197;86
18998,197;91
18999,197;11063
19000,197;2197
19001,197;92
19002,197;78
19003,197;101
19004,197;87
19005,197;11044
19006,197;2213
19007,197;97
19008,197;85
19009,197;96
19010,197;93
19011,197;11097
19012,197;2229
19013,197;99
19014,197;89
19015,197;82
19016,197;94
19017,197;11119
19018,197;2168
19019,197;87
19020,197;99
19021,197;98
19022,197;101
19023,197;11076
19024,197;2210
19025,197;83
19026,197;82
19027,197;87
19028,197;86
19029,197;11096
19030,197;2219
19031,197;81
19032,197;81
19033,197;104
19034,197;98
19035,197;11092
19036,197;2228
19037,197;86
19038,197;104
19039,197;110
19040,197;84
19041,197;11086
19042,197;2204
19043,197;103
19044,197;97
19045,197;76
19046,197;107
19047,197;11063
19048,197;2216
19049,197;81
19050,197;88
19051,197;85
19052,197;95
19053,197;11092
19054,197;2214
19055,197;79
19056,197;81
19057,197;95
19058,197;100
19059,197;11058
19060,197;2203
19061,197;77
19062,197;82
19063,197;105
19064,197;101
19065,197;11056
19066,197;2234
19067,197;76
19068,197;104
19069,197;91
19070,197;97
19071,197;11061
19072,197;2217
19073,197;87
19074,197;80
19075,197;89
19076,197;90
19077,197;11059
19078,197;2224
19079,197;97
19080,197;106
19081,197;103
19082,197;93
19083,197;11077
19084,197;2240
19085,197;99
19086,197;86
19087,197;86
19088,197;78
19089,197;11131
19090,197;2225
19091,197;77
19092,197;82
19093,197;107
19094,197;95
19095,197;11089
19096,197;2214
19097,197;63
19098,197;79
19099,197;71
19100,197;97
19101,197;11058
19102,197;2223
19103,197;79
19104,197;78
19105,197;70
19106,197;114
19107,197;11058
19108,197;2219
19109,197;76
19110,197;102
19111,197;104
19112,197;95
19113,197;11040
19114,197;2237
19115,197;63
19116,197;92
19117,197;92
19118,197;91
19119,197;11054
19120,197;2196
19121,197;70
19122,197;94
19123,197;89
19124,197;92
19125,197;11009
19126,197;2222
