2670,628;3495
2671,628;4509
2672,628;87
2673,628;81
2674,628;75
2675,628;95
2676,628;7922
2677,628;4529
2678,628;81
2679,628;78
2680,628;81
2681,628;72
2682,628;8928
2683,628;4377
2684,628;86
2685,628;77
2686,628;90
2687,628;82
2688,628;9025
2689,628;4393
2690,628;64
2691,628;98
2692,628;83
2693,628;100
2694,628;9033
2695,628;4399
2696,628;82
2697,628;99
2698,628;78
2699,628;90
2700,628;8951
2701,628;4488
2702,628;81
2703,628;95
2704,628;76
2705,628;94
2706,628;8982
2707,628;4476
2708,628;71
2709,628;82
2710,628;91
2711,628;96
2712,628;8955
2713,628;4482
2714,628;93
2715,628;89
2716,628;96
2717,628;88
2718,628;8927
2719,628;4467
2720,628;81
2721,628;88
2722,628;104
2723,628;88
2724,628;8941
2725,628;4470
2726,628;83
2727,628;109
2728,628;99
2729,628;99
2730,628;8938
2731,628;4504
2732,628;96
2733,628;94
2734,628;99
2735,628;91
2736,628;8916
2737,628;4462
2738,628;85
2739,628;84
2740,628;82
2741,628;101
2742,628;8946
2743,628;4474
2744,628;89
2745,628;79
2746,628;96
2747,628;92
2748,628;8898
2749,628;4464
2750,628;80
2751,628;83
2752,628;88
2753,628;83
2754,628;8898
2755,628;4467
2756,628;91
2757,628;98
2758,628;96
2759,628;91
2760,628;8910
2761,628;4464
2762,628;100
2763,628;103
2764,628;82
2765,628;107
2766,628;8900
2767,628;4462
2768,628;89
2769,628;103
2770,628;87
2771,628;89
2772,628;8892
2773,628;4438
2774,628;80
2775,628;91
2776,628;96
2777,628;73
2778,628;8887
2779,628;4463
2780,628;89
2781,628;79
2782,628;109
2783,628;88
2784,628;8880
2785,628;4446
2786,628;94
2787,628;102
2788,628;96
2789,628;79
2790,628;8878
2791,628;4441
2792,628;89
2793,628;88
2794,628;88
2795,628;101
2796,628;8839
2797,628;4442
2798,628;86
2799,628;80
2800,628;94
2801,628;91
2802,628;8872
2803,628;4466
2804,628;91
2805,628;103
2806,628;111
2807,628;97
2808,628;8852
2809,628;4484
2810,628;78
2811,628;94
2812,628;99
2813,628;101
2814,628;8863
2815,628;4456
2816,628;81
2817,628;97
2818,628;100
2819,628;100
2820,628;8881
2821,628;4458
2822,628;93
2823,628;93
2824,628;108
2825,628;98
2826,628;8857
2827,628;4452
2828,628;92
2829,628;100
2830,628;104
2832,082;93
2833,082;8834
2834,082;4481
2835,082;79
2836,082;86
2837,082;95
2838,082;100
2839,082;8848
2840,082;4453
2841,082;78
2842,082;81
2843,082;88
2844,082;97
2845,082;8870
2846,082;4470
2847,082;82
2848,082;82
2849,082;80
2850,082;90
2851,082;8851
2852,082;4444
2853,082;67
2854,082;87
2855,082;90
2856,082;96
2857,082;8835
2858,082;4448
2859,082;94
2860,082;84
2861,082;83
2862,082;82
2863,082;8865
2864,082;4427
2865,082;78
2866,082;96
2867,082;93
2868,082;94
2869,082;8861
2870,082;4467
2871,082;86
2872,082;97
2873,082;93
2874,082;92
2875,082;8817
2876,082;4470
2877,082;88
2878,082;82
2879,082;94
2880,082;88
2881,082;8876
2882,082;4460
2883,082;90
2884,082;101
2885,082;97
2886,082;86
2887,082;8844
2888,082;4457
2889,082;102
2890,082;94
2891,082;72
2892,082;108
2893,082;8823
2894,082;4441
2895,082;73
2896,082;84
2897,082;77
2898,082;90
2899,082;8816
2900,082;4465
2901,082;81
2902,082;81
2903,082;103
2904,082;91
2905,082;8852
2906,082;4460
2907,082;81
2908,082;61
2909,082;88
2910,082;89
2911,082;8843
2912,082;4454
2913,082;66
2914,082;99
2915,082;66
2916,082;82
2917,082;8826
2918,082;4455
2919,082;73
2920,082;77
2921,082;76
2922,082;78
2923,082;8833
2924,082;4444
2925,082;78
2926,082;80
2927,082;68
2928,082;76
2929,082;8919
2930,082;4351
2931,082;62
2932,082;77
2932,833;89
2933,833;77
2934,833;8789
2935,833;4459
2936,833;79
2937,833;83
2938,833;75
2939,833;62
2940,833;8795
2941,833;4442
2942,833;66
2943,833;75
2944,833;73
2945,833;77
2946,833;8812
2947,833;4430
2948,833;70
2949,833;55
2950,833;64
2951,833;78
2952,833;8811
2953,833;4446
2954,833;59
2955,833;83
2956,833;61
2957,833;80
2958,833;8789
2959,833;4462
2960,833;87
2961,833;75
2962,833;79
2963,833;67
2964,833;8799
2965,833;4459
2966,833;61
2967,833;61
2968,833;70
2969,833;77
2970,833;8828
2971,833;4443
2972,833;60
2973,833;73
2974,833;69
2975,833;75
2976,833;8757
2977,833;4455
2978,833;52
2979,833;53
2980,833;81
2981,833;71
2982,833;8471
2983,833;4494
2984,833;68
2985,833;75
2986,833;71
2987,833;93
2988,833;8742
2989,833;4464
2990,833;50
2991,833;63
2992,833;81
2993,833;74
2994,833;8777
2995,833;4447
2996,833;62
2997,833;63
2998,833;62
2999,833;61
3000,833;8797
3001,833;4452
3002,833;76
3003,833;87
3004,833;72
3005,833;73
3006,833;8827
3007,833;4430
3008,833;76
3009,833;72
3010,833;78
3011,833;79
3012,833;8796
3013,833;4458
3014,833;65
3015,833;77
3016,833;76
3017,833;82
3018,833;8797
3019,833;4437
3020,833;72
3021,833;79
3022,833;82
3023,833;73
3024,833;8823
3025,833;4449
3026,833;76
3027,833;85
3028,833;82
3029,833;72
3030,833;8800
3031,833;4456
3032,833;74
3034,161;62
3035,161;85
3036,161;69
3037,161;8889
3038,161;4380
3039,161;70
3040,161;69
3041,161;94
3042,161;68
3043,161;8809
3044,161;4453
3045,161;70
3046,161;77
3047,161;80
3048,161;80
3049,161;8797
3050,161;4471
3051,161;87
3052,161;85
3053,161;91
3054,161;89
3055,161;8804
3056,161;4470
3057,161;80
3058,161;83
3059,161;80
3060,161;87
3061,161;8764
3062,161;4465
3063,161;88
3064,161;84
3065,161;84
3066,161;72
3067,161;8751
3068,161;4495
3069,161;71
3070,161;96
3071,161;94
3072,161;92
3073,161;8781
3074,161;4469
3075,161;89
3076,161;89
3077,161;86
3078,161;98
3079,161;8799
3080,161;4458
3081,161;88
3082,161;94
3083,161;106
3084,161;95
3085,161;8787
3086,161;4441
3087,161;92
3088,161;111
3089,161;87
3090,161;112
3091,161;8773
3092,161;4477
3093,161;104
3094,161;97
3095,161;84
3096,161;100
3097,161;8765
3098,161;4480
3099,161;80
3100,161;85
3101,161;100
3102,161;90
3103,161;8772
3104,161;4460
3105,161;73
3106,161;100
3107,161;88
3108,161;92
3109,161;8771
3110,161;4490
3111,161;81
3112,161;69
3113,161;111
3114,161;94
3115,161;8861
3116,161;4399
3117,161;80
3118,161;101
3119,161;90
3120,161;105
3121,161;8767
3122,161;4498
3123,161;97
3124,161;103
3125,161;94
3126,161;87
3127,161;8785
3128,161;4487
3129,161;74
3130,161;84
3131,161;96
3132,161;94
3133,161;8806
3134,161;4457
3134,615;79
3135,615;95
3136,615;95
3137,615;95
3138,615;8726
3139,615;4476
3140,615;74
3141,615;103
3142,615;109
3143,615;79
3144,615;8765
3145,615;4489
3146,615;102
3147,615;91
3148,615;105
3149,615;79
3150,615;8755
3151,615;4488
3152,615;87
3153,615;87
3154,615;80
3155,615;90
3156,615;8736
3157,615;4487
3158,615;107
3159,615;97
3160,615;105
3161,615;93
3162,615;8739
3163,615;4479
3164,615;102
3165,615;84
3166,615;77
3167,615;96
3168,615;8751
3169,615;4455
3170,615;80
3171,615;89
3172,615;92
3173,615;99
3174,615;8872
3175,615;4366
3176,615;76
3177,615;94
3178,615;100
3179,615;91
3180,615;8839
3181,615;4412
3182,615;100
3183,615;94
3184,615;84
3185,615;97
3186,615;8752
3187,615;4487
3188,615;81
3189,615;102
3190,615;83
3191,615;90
3192,615;8745
3193,615;4481
3194,615;93
3195,615;86
3196,615;93
3197,615;105
3198,615;8707
3199,615;4487
3200,615;86
3201,615;89
3202,615;98
3203,615;90
3204,615;8772
3205,615;4474
3206,615;93
3207,615;85
3208,615;86
3209,615;94
3210,615;8752
3211,615;4498
3212,615;80
3213,615;89
3214,615;93
3215,615;98
3216,615;8738
3217,615;4486
3218,615;88
3219,615;75
3220,615;75
3221,615;92
3222,615;8720
3223,615;4480
3224,615;90
3225,615;94
3226,615;97
3227,615;85
3228,615;8742
3229,615;4493
3230,615;95
3231,615;77
3232,615;98
3233,615;101
3234,615;8742
3234,854;4504
3235,854;71
3236,854;98
3237,854;78
3238,854;82
3239,854;8740
3240,854;4496
3241,854;91
3242,854;84
3243,854;92
3244,854;105
3245,854;8747
3246,854;4476
3247,854;101
3248,854;74
3249,854;87
3250,854;95
3251,854;8713
3252,854;4520
3253,854;85
3254,854;93
3255,854;65
3256,854;101
3257,854;8726
3258,854;4473
3259,854;103
3260,854;90
3261,854;110
3262,854;88
3263,854;8765
3264,854;4483
3265,854;84
3266,854;81
3267,854;81
3268,854;87
3269,854;8754
3270,854;4451
3271,854;80
3272,854;99
3273,854;80
3274,854;85
3275,854;8722
3276,854;4496
3277,854;79
3278,854;88
3279,854;77
3280,854;89
3281,854;8741
3282,854;4489
3283,854;70
3284,854;85
3285,854;84
3286,854;89
3287,854;8723
3288,854;4501
3289,854;75
3290,854;81
3291,854;75
3292,854;91
3293,854;8385
3294,854;4476
3295,854;65
3296,854;81
3297,854;69
3298,854;97
3299,854;8656
3300,854;4509
3301,854;73
3302,854;80
3303,854;94
3304,854;75
3305,854;8713
3306,854;4479
3307,854;71
3308,854;90
3309,854;71
3310,854;81
3311,854;8700
3312,854;4483
3313,854;65
3314,854;89
3315,854;94
3316,854;91
3317,854;8713
3318,854;4497
3319,854;90
3320,854;74
3321,854;93
3322,854;93
3323,854;8728
3324,854;4497
3325,854;75
3326,854;78
3327,854;84
3328,854;114
3329,854;8707
3330,854;4511
3331,854;75
3332,854;85
3333,854;86
3334,854;83
3335,854;8777
3336,854;4455
3337,854;85
3338,854;82
3339,854;103
3340,854;98
3341,854;8744
3342,854;4521
3343,854;84
3344,854;83
3345,854;92
3346,854;77
3347,854;8724
3348,854;4488
3349,854;76
3350,854;83
3351,854;76
3352,854;88
3353,854;8714
3354,854;4501
3355,854;76
3356,854;88
3357,854;75
3358,854;88
3359,854;8739
3360,854;4476
3361,854;106
3362,854;93
3363,854;95
3364,854;104
3365,854;8695
3366,854;4495
3367,854;92
3368,854;82
3369,854;66
3370,854;98
3371,854;8688
3372,854;4512
3373,854;97
3374,854;100
3375,854;83
3376,854;90
3377,854;8718
3378,854;4516
3379,854;77
3380,854;96
3381,854;83
3382,854;85
3383,854;8717
3384,854;4508
3385,854;77
3386,854;86
3387,854;87
3388,854;104
3389,854;8710
3390,854;4486
3391,854;81
3392,854;79
3393,854;98
3394,854;88
3395,854;8720
3396,854;4508
3397,854;94
3398,854;93
3399,854;102
3400,854;94
3401,854;8724
3402,854;4517
3403,854;71
3404,854;99
3405,854;80
3406,854;96
3407,854;8694
3408,854;4505
3409,854;90
3410,854;94
3411,854;96
3412,854;82
3413,854;8726
3414,854;4502
3415,854;63
3416,854;86
3417,854;75
3418,854;100
3419,854;8737
3420,854;4516
3421,854;84
3422,854;88
3423,854;93
3424,854;104
3425,854;8746
3426,854;4468
3427,854;96
3428,854;72
3429,854;92
3430,854;85
3431,854;8720
3432,854;4519
3433,854;98
3434,854;89
3435,854;81
3437,822;105
3438,822;8695
3439,822;4539
3440,822;93
3441,822;92
3442,822;85
3443,822;97
3444,822;8730
3445,822;4510
3446,822;71
3447,822;86
3448,822;86
3449,822;88
3450,822;8717
3451,822;4505
3452,822;82
3453,822;86
3454,822;92
3455,822;95
3456,822;8719
3457,822;4515
3458,822;98
3459,822;85
3460,822;96
3461,822;94
3462,822;8720
3463,822;4514
3464,822;82
3465,822;96
3466,822;80
3467,822;96
3468,822;8676
3469,822;4535
3470,822;91
3471,822;85
3472,822;92
3473,822;90
3474,822;8698
3475,822;4510
3476,822;89
3477,822;90
3478,822;87
3479,822;87
3480,822;8725
3481,822;4514
3482,822;81
3483,822;80
3484,822;81
3485,822;93
3486,822;8726
3487,822;4524
3488,822;73
3489,822;90
3490,822;88
3491,822;103
3492,822;8728
3493,822;4514
3494,822;74
3495,822;87
3496,822;99
3497,822;80
3498,822;8664
3499,822;4513
3500,822;82
3501,822;87
3502,822;61
3503,822;89
3504,822;8716
3505,822;4517
3506,822;62
3507,822;79
3508,822;93
3509,822;86
3510,822;8681
3511,822;4528
3512,822;85
3513,822;81
3514,822;87
3515,822;85
3516,822;8707
3517,822;4544
3518,822;89
3519,822;71
3520,822;109
3521,822;89
3522,822;8712
3523,822;4532
3524,822;76
3525,822;81
3526,822;98
3527,822;104
3528,822;8697
3529,822;4542
3530,822;80
3531,822;71
3532,822;90
3533,822;93
3534,822;8687
3535,822;4509
3536,822;75
3537,822;76
3538,824;85
3539,824;96
3540,824;8698
3541,824;4517
3542,824;90
3543,824;81
3544,824;84
3545,824;66
3546,824;8751
3547,824;4516
3548,824;73
3549,824;79
3550,824;67
3551,824;71
3552,824;8710
3553,824;4527
3554,824;83
3555,824;67
3556,824;77
3557,824;79
3558,824;8704
3559,824;4511
3560,824;68
3561,824;65
3562,824;76
3563,824;71
3564,824;8688
3565,824;4513
3566,824;62
3567,824;78
3568,824;68
3569,824;80
3570,824;8681
3571,824;4510
3572,824;76
3573,824;68
3574,824;81
3575,824;68
3576,824;8706
3577,824;4532
3578,824;60
3579,824;75
3580,824;80
3581,824;71
3582,824;8676
3583,824;4538
3584,824;64
3585,824;82
3586,824;68
3587,824;70
3588,824;8684
3589,824;4509
3590,824;64
3591,824;61
3592,824;74
3593,824;58
3594,824;8676
3595,824;4523
3596,824;54
3597,824;67
3598,824;73
3599,824;81
3600,824;8654
3601,824;4547
3602,824;58
3603,824;82
3604,824;72
3605,824;59
3606,824;8352
3607,824;4542
3608,824;49
3609,824;79
3610,824;74
3611,824;59
3612,824;8610
3613,824;4509
3614,824;62
3615,824;70
3616,824;70
3617,824;83
3618,824;8689
3619,824;4519
3620,824;66
3621,824;78
3622,824;67
3623,824;68
3624,824;8752
3625,824;4466
3626,824;80
3627,824;73
3628,824;65
3629,824;75
3630,824;8669
3631,824;4526
3632,824;68
3633,824;61
3634,824;66
3635,824;70
3636,824;8679
3637,824;4529
3638,824;68
3639,742;74
3640,742;81
3641,742;71
3642,742;8684
3643,742;4537
3644,742;65
3645,742;82
3646,742;88
3647,742;77
3648,742;8664
3649,742;4550
3650,742;74
3651,742;86
3652,742;71
3653,742;70
3654,742;8662
3655,742;4557
3656,742;69
3657,742;78
3658,742;73
3659,742;88
3660,742;8650
3661,742;4519
3662,742;73
3663,742;87
3664,742;83
3665,742;83
3666,742;8702
3667,742;4533
3668,742;78
3669,742;90
3670,742;98
3671,742;79
3672,742;8704
3673,742;4486
3674,742;75
3675,742;69
3676,742;79
3677,742;88
3678,742;8683
3679,742;4562
3680,742;78
3681,742;75
3682,742;94
3683,742;86
3684,742;8699
3685,742;4543
3686,742;77
3687,742;85
3688,742;104
3689,742;85
3690,742;8676
3691,742;4541
3692,742;72
3693,742;89
3694,742;104
3695,742;86
3696,742;8620
3697,742;4550
3698,742;72
3699,742;86
3700,742;93
3701,742;98
3702,742;8661
3703,742;4545
3704,742;90
3705,742;100
3706,742;98
3707,742;84
3708,742;8662
3709,742;4567
3710,742;70
3711,742;93
3712,742;86
3713,742;101
3714,742;8650
3715,742;4554
3716,742;75
3717,742;81
3718,742;95
3719,742;77
3720,742;8645
3721,742;4554
3722,742;74
3723,742;93
3724,742;90
3725,742;83
3726,742;8674
3727,742;4562
3728,742;87
3729,742;94
3730,742;85
3731,742;80
3732,742;8677
3733,742;4559
3734,742;100
3735,742;74
3736,742;96
3737,742;81
3738,742;8677
3739,742;4572
3740,803;86
3741,803;95
3742,803;98
3743,803;89
3744,803;8674
3745,803;4557
3746,803;73
3747,803;83
3748,803;106
3749,803;98
3750,803;8665
3751,803;4574
3752,803;91
3753,803;83
3754,803;98
3755,803;86
3756,803;8650
3757,803;4557
3758,803;91
3759,803;101
3760,803;97
3761,803;90
3762,803;8655
3763,803;4556
3764,803;87
3765,803;79
3766,803;110
3767,803;81
3768,803;8665
3769,803;4566
3770,803;73
3771,803;108
3772,803;93
3773,803;93
3774,803;8624
3775,803;4568
3776,803;79
3777,803;97
3778,803;84
3779,803;96
3780,803;8672
3781,803;4567
3782,803;114
3783,803;96
3784,803;94
3785,803;97
3786,803;8662
3787,803;4567
3788,803;83
3789,803;94
3790,803;98
3791,803;79
3792,803;8653
3793,803;4574
3794,803;96
3795,803;84
3796,803;99
3797,803;96
3798,803;8635
3799,803;4565
3800,803;83
3801,803;93
3802,803;89
3803,803;79
3804,803;8641
3805,803;4573
3806,803;89
3807,803;90
3808,803;87
3809,803;103
3810,803;8647
3811,803;4575
3812,803;75
3813,803;95
3814,803;82
3815,803;90
3816,803;8645
3817,803;4571
3818,803;83
3819,803;106
3820,803;92
3821,803;90
3822,803;8640
3823,803;4573
3824,803;81
3825,803;100
3826,803;103
3827,803;72
3828,803;8643
3829,803;4597
3830,803;82
3831,803;83
3832,803;93
3833,803;93
3834,803;8627
3835,803;4580
3836,803;72
3837,803;101
3838,803;83
3839,803;121
3840,803;8619
3841,803;4580
3842,803;104
3843,803;85
3844,803;66
3845,803;91
3846,803;8631
3847,803;4587
3848,803;69
3849,803;84
3850,803;94
3851,803;91
3852,803;8602
3853,803;4584
3854,803;67
3855,803;90
3856,803;76
3857,803;87
3858,803;8626
3859,803;4586
3860,803;87
3861,803;89
3862,803;97
3863,803;76
3864,803;8626
3865,803;4569
3866,803;77
3867,803;96
3868,803;75
3869,803;94
3870,803;8616
3871,803;4570
3872,803;62
3873,803;89
3874,803;105
3875,803;98
3876,803;8598
3877,803;4543
3878,803;78
3879,803;90
3880,803;90
3881,803;90
3882,803;8612
3883,803;4578
3884,803;78
3885,803;74
3886,803;82
3887,803;83
3888,803;8645
3889,803;4575
3890,803;83
3891,803;81
3892,803;82
3893,803;89
3894,803;8621
3895,803;4560
3896,803;78
3897,803;74
3898,803;67
3899,803;87
3900,803;8683
3901,803;4495
3902,803;80
3903,803;91
3904,803;74
3905,803;94
3906,803;8635
3907,803;4582
3908,803;69
3909,803;90
3910,803;87
3911,803;85
3912,803;8624
3913,803;4579
3914,803;73
3915,803;97
3916,803;95
3917,803;86
3918,803;8286
3919,803;4577
3920,803;68
3921,803;74
3922,803;89
3923,803;81
3924,803;8584
3925,803;4580
3926,803;87
3927,803;82
3928,803;98
3929,803;83
3930,803;8592
3931,803;4587
3932,803;86
3933,803;80
3934,803;85
3935,803;73
3936,803;8615
3937,803;4589
3938,803;79
3939,803;79
3940,803;70
3941,803;87
3942,673;8634
3943,673;4506
3944,673;89
3945,673;80
3946,673;87
3947,673;77
3948,673;8616
3949,673;4554
3950,673;80
3951,673;74
3952,673;77
3953,673;84
3954,673;8607
3955,673;4571
3956,673;87
3957,673;76
3958,673;83
3959,673;83
3960,673;8619
3961,673;4562
3962,673;79
3963,673;91
3964,673;81
3965,673;83
3966,673;8606
3967,673;4606
3968,673;70
3969,673;116
3970,673;107
3971,673;100
3972,673;8594
3973,673;4569
3974,673;84
3975,673;84
3976,673;86
3977,673;97
3978,673;8602
3979,673;4601
3980,673;68
3981,673;78
3982,673;80
3983,673;72
3984,673;8623
3985,673;4602
3986,673;72
3987,673;92
3988,673;87
3989,673;98
3990,673;8603
3991,673;4595
3992,673;76
3993,673;113
3994,673;84
3995,673;90
3996,673;8618
3997,673;4582
3998,673;84
3999,673;95
4000,673;89
4001,673;94
4002,673;8600
4003,673;4622
4004,673;90
4005,673;93
4006,673;95
4007,673;82
4008,673;8624
4009,673;4597
4010,673;87
4011,673;94
4012,673;107
4013,673;85
4014,673;8598
4015,673;4603
4016,673;89
4017,673;108
4018,673;77
4019,673;92
4020,673;8641
4021,673;4585
4022,673;87
4023,673;88
4024,673;115
4025,673;80
4026,673;8610
4027,673;4601
4028,673;87
4029,673;72
4030,673;90
4031,673;82
4032,673;8631
4033,673;4594
4034,673;83
4035,673;74
4036,673;100
4037,673;87
4038,673;8597
4039,673;4607
4040,673;95
4041,673;105
4042,673;96
4043,861;91
4044,861;8637
4045,861;4589
4046,861;84
4047,861;86
4048,861;110
4049,861;100
4050,861;8642
4051,861;4576
4052,861;95
4053,861;109
4054,861;100
4055,861;82
4056,861;8613
4057,861;4604
4058,861;96
4059,861;95
4060,861;93
4061,861;96
4062,861;8604
4063,861;4588
4064,861;93
4065,861;90
4066,861;97
4067,861;91
4068,861;8599
4069,861;4602
4070,861;91
4071,861;96
4072,861;86
4073,861;96
4074,861;8658
4075,861;4510
4076,861;82
4077,861;86
4078,861;87
4079,861;103
4080,861;8595
4081,861;4632
4082,861;83
4083,861;85
4084,861;86
4085,861;90
4086,861;8628
4087,861;4596
4088,861;88
4089,861;91
4090,861;94
4091,861;118
4092,861;8571
4093,861;4623
4094,861;96
4095,861;97
4096,861;106
4097,861;104
4098,861;8583
4099,861;4607
4100,861;78
4101,861;103
4102,861;99
4103,861;100
4104,861;8577
4105,861;4610
4106,861;91
4107,861;80
4108,861;116
4109,861;100
4110,861;8607
4111,861;4598
4112,861;86
4113,861;76
4114,861;91
4115,861;88
4116,861;8607
4117,861;4625
4118,861;92
4119,861;110
4120,861;100
4121,861;80
4122,861;8627
4123,861;4611
4124,861;98
4125,861;95
4126,861;109
4127,861;80
4128,861;8590
4129,861;4612
4130,861;78
4131,861;88
4132,861;96
4133,861;102
4134,861;8587
4135,861;4620
4136,861;88
4137,861;94
4138,861;84
4139,861;91
4140,861;8597
4141,861;4579
4142,861;95
4143,861;81
4144,977;86
4145,977;104
4146,977;8599
4147,977;4629
4148,977;71
4149,977;79
4150,977;80
4151,977;68
4152,977;8569
4153,977;4620
4154,977;86
4155,977;80
4156,977;79
4157,977;90
4158,977;8594
4159,977;4604
4160,977;78
4161,977;95
4162,977;97
4163,977;94
4164,977;8605
4165,977;4616
4166,977;79
4167,977;70
4168,977;85
4169,977;85
4170,977;8684
4171,977;4502
4172,977;96
4173,977;75
4174,977;77
4175,977;70
4176,977;8620
4177,977;4563
4178,977;70
4179,977;73
4180,977;97
4181,977;86
4182,977;8582
4183,977;4597
4184,977;70
4185,977;71
4186,977;82
4187,977;74
4188,977;8580
4189,977;4601
4190,977;58
4191,977;81
4192,977;60
4193,977;68
4194,977;8594
4195,977;4615
4196,977;70
4197,977;65
4198,977;71
4199,977;76
4200,977;8595
4201,977;4594
4202,977;72
4203,977;73
4204,977;81
4205,977;70
4206,977;8568
4207,977;4622
4208,977;61
4209,977;73
4210,977;88
4211,977;66
4212,977;8601
4213,977;4609
4214,977;81
4215,977;69
4216,977;87
4217,977;64
4218,977;8565
4219,977;4605
4220,977;72
4221,977;77
4222,977;70
4223,977;67
4224,977;8624
4225,977;4574
4226,977;80
4227,977;71
4228,977;71
4229,977;55
4230,977;8217
4231,977;4619
4232,977;59
4233,977;72
4234,977;65
4235,977;71
4236,977;8502
4237,977;4614
4238,977;66
4239,977;68
4240,977;63
4241,977;79
4242,977;8582
4243,977;4613
4244,977;70
4245,198;63
4246,198;77
4247,198;69
4248,198;8673
4249,198;4568
4250,198;60
4251,198;71
4252,198;95
4253,198;67
4254,198;8578
4255,198;4624
4256,198;76
4257,198;82
4258,198;82
4259,198;68
4260,198;8581
4261,198;4626
4262,198;80
4263,198;83
4264,198;65
4265,198;68
4266,198;8546
4267,198;4621
4268,198;67
4269,198;65
4270,198;103
4271,198;78
4272,198;8599
4273,198;4618
4274,198;83
4275,198;77
4276,198;78
4277,198;102
4278,198;8579
4279,198;4631
4280,198;81
4281,198;91
4282,198;77
4283,198;82
4284,198;8590
4285,198;4626
4286,198;89
4287,198;63
4288,198;74
4289,198;87
4290,198;8552
4291,198;4624
4292,198;61
4293,198;93
4294,198;88
4295,198;91
4296,198;8573
4297,198;4641
4298,198;90
4299,198;77
4300,198;97
4301,198;75
4302,198;8566
4303,198;4648
4304,198;84
4305,198;83
4306,198;80
4307,198;94
4308,198;8575
4309,198;4648
4310,198;80
4311,198;88
4312,198;92
4313,198;93
4314,198;8583
4315,198;4635
4316,198;77
4317,198;90
4318,198;100
4319,198;103
4320,198;8563
4321,198;4627
4322,198;77
4323,198;92
4324,198;79
4325,198;95
4326,198;8587
4327,198;4652
4328,198;100
4329,198;91
4330,198;74
4331,198;86
4332,198;8574
4333,198;4636
4334,198;93
4335,198;94
4336,198;103
4337,198;98
4338,198;8549
4339,198;4651
4340,198;87
4341,198;87
4342,198;93
4343,198;109
4344,198;8598
4345,198;4628
4346,198;89
4347,198;89
4348,198;90
4349,198;104
4350,198;8569
4351,198;4637
4352,198;83
4353,198;87
4354,198;100
4355,198;86
4356,198;8548
4357,198;4627
4358,198;96
4359,198;107
4360,198;96
4361,198;104
4362,198;8540
4363,198;4622
4364,198;76
4365,198;90
4366,198;94
4367,198;112
4368,198;8546
4369,198;4623
4370,198;93
4371,198;72
4372,198;109
4373,198;87
4374,198;8539
4375,198;4643
4376,198;82
4377,198;90
4378,198;79
4379,198;87
4380,198;8562
4381,198;4648
4382,198;85
4383,198;96
4384,198;109
4385,198;106
4386,198;8591
4387,198;4628
4388,198;106
4389,198;75
4390,198;91
4391,198;99
4392,198;8546
4393,198;4648
4394,198;104
4395,198;93
4396,198;94
4397,198;93
4398,198;8556
4399,198;4639
4400,198;78
4401,198;106
4402,198;111
4403,198;84
4404,198;8543
4405,198;4654
4406,198;100
4407,198;91
4408,198;118
4409,198;96
4410,198;8559
4411,198;4613
4412,198;87
4413,198;82
4414,198;94
4415,198;92
4416,198;8518
4417,198;4660
4418,198;81
4419,198;89
4420,198;101
4421,198;86
4422,198;8553
4423,198;4637
4424,198;84
4425,198;98
4426,198;112
4427,198;89
4428,198;8542
4429,198;4628
4430,198;82
4431,198;92
4432,198;91
4433,198;95
4434,198;8524
4435,198;4651
4436,198;72
4437,198;110
4438,198;98
4439,198;98
4440,198;8538
4441,198;4675
4442,198;83
4443,198;89
4444,198;86
4445,198;81
4446,198;8564
4448,092;4677
4449,092;99
4450,092;104
4451,092;83
4452,092;90
4453,092;8527
4454,092;4668
4455,092;82
4456,092;86
4457,092;105
4458,092;79
4459,092;8513
4460,092;4655
4461,092;96
4462,092;91
4463,092;80
4464,092;85
4465,092;8584
4466,092;4670
4467,092;88
4468,092;93
4469,092;84
4470,092;95
4471,092;8520
4472,092;4647
4473,092;84
4474,092;92
4475,092;90
4476,092;101
4477,092;8531
4478,092;4662
4479,092;83
4480,092;99
4481,092;102
4482,092;104
4483,092;8518
4484,092;4657
4485,092;76
4486,092;101
4487,092;92
4488,092;102
4489,092;8508
4490,092;4693
4491,092;87
4492,092;96
4493,092;92
4494,092;95
4495,092;8547
4496,092;4664
4497,092;89
4498,092;79
4499,092;105
4500,092;82
4501,092;8600
4502,092;4592
4503,092;81
4504,092;77
4505,092;88
4506,092;83
4507,092;8516
4508,092;4678
4509,092;93
4510,092;96
4511,092;94
4512,092;85
4513,092;8506
4514,092;4677
4515,092;67
4516,092;70
4517,092;99
4518,092;90
4519,092;8541
4520,092;4665
4521,092;85
4522,092;85
4523,092;81
4524,092;86
4525,092;8549
4526,092;4664
4527,092;82
4528,092;65
4529,092;79
4530,092;89
4531,092;8522
4532,092;4679
4533,092;90
4534,092;81
4535,092;88
4536,092;101
4537,092;8569
4538,092;4581
4539,092;58
4540,092;95
4541,092;89
4542,092;96
4543,092;8214
4544,092;4690
4545,092;85
4546,092;101
4547,092;86
4548,092;94
4548,96;8426
4549,96;4662
4550,96;86
4551,96;89
4552,96;93
4553,96;105
4554,96;8509
4555,96;4640
4556,96;69
4557,96;85
4558,96;86
4559,96;79
4560,96;8514
4561,96;4678
4562,96;82
4563,96;92
4564,96;92
4565,96;84
4566,96;8520
4567,96;4686
4568,96;97
4569,96;87
4570,96;81
4571,96;82
4572,96;8522
4573,96;4707
4574,96;81
4575,96;92
4576,96;99
4577,96;75
4578,96;8519
4579,96;4652
4580,96;81
4581,96;72
4582,96;78
4583,96;94
4584,96;8512
4585,96;4665
4586,96;110
4587,96;88
4588,96;83
4589,96;93
4590,96;8530
4591,96;4675
4592,96;73
4593,96;84
4594,96;90
4595,96;76
4596,96;8496
4597,96;4657
4598,96;75
4599,96;95
4600,96;78
4601,96;73
4602,96;8532
4603,96;4677
4604,96;84
4605,96;89
4606,96;93
4607,96;96
4608,96;8590
4609,96;4566
4610,96;102
4611,96;83
4612,96;78
4613,96;91
4614,96;8504
4615,96;4676
4616,96;99
4617,96;73
4618,96;98
4619,96;80
4620,96;8520
4621,96;4680
4622,96;81
4623,96;96
4624,96;92
4625,96;80
4626,96;8521
4627,96;4684
4628,96;94
4629,96;85
4630,96;92
4631,96;94
4632,96;8491
4633,96;4665
4634,96;77
4635,96;82
4636,96;87
4637,96;108
4638,96;8478
4639,96;4672
4640,96;79
4641,96;93
4642,96;86
4643,96;88
4644,96;8529
4645,96;4699
4646,96;90
4647,96;101
4648,96;97
4650,319;91
4651,319;8533
4652,319;4684
4653,319;95
4654,319;80
4655,319;84
4656,319;102
4657,319;8503
4658,319;4719
4659,319;91
4660,319;92
4661,319;84
4662,319;103
4663,319;8541
4664,319;4673
4665,319;74
4666,319;78
4667,319;84
4668,319;97
4669,319;8511
4670,319;4684
4671,319;84
4672,319;102
4673,319;105
4674,319;88
4675,319;8525
4676,319;4689
4677,319;91
4678,319;96
4679,319;98
4680,319;78
4681,319;8511
4682,319;4704
4683,319;96
4684,319;107
4685,319;87
4686,319;102
4687,319;8524
4688,319;4715
4689,319;81
4690,319;103
4691,319;95
4692,319;101
4693,319;8540
4694,319;4682
4695,319;84
4696,319;95
4697,319;102
4698,319;90
4699,319;8522
4700,319;4706
4701,319;82
4702,319;107
4703,319;94
4704,319;87
4705,319;8521
4706,319;4689
4707,319;83
4708,319;90
4709,319;92
4710,319;79
4711,319;8508
4712,319;4687
4713,319;90
4714,319;100
4715,319;94
4716,319;103
4717,319;8475
4718,319;4675
4719,319;91
4720,319;99
4721,319;91
4722,319;91
4723,319;8535
4724,319;4699
4725,319;82
4726,319;91
4727,319;79
4728,319;109
4729,319;8520
4730,319;4698
4731,319;97
4732,319;87
4733,319;101
4734,319;99
4735,319;8459
4736,319;4714
4737,319;95
4738,319;99
4739,319;89
4740,319;99
4741,319;8623
4742,319;4597
4743,319;84
4744,319;100
4745,319;101
4746,319;89
4747,319;8489
4748,319;4697
4749,319;91
4750,319;80
4753,754;96
4754,754;112
4755,754;8488
4756,754;4705
4757,754;97
4758,754;100
4759,754;100
4760,754;121
4761,754;8496
4762,754;4693
4763,754;103
4764,754;75
4765,754;81
4766,754;88
4767,754;8538
4768,754;4699
4769,754;94
4770,754;103
4771,754;86
4772,754;93
4773,754;8504
4774,754;4704
4775,754;86
4776,754;88
4777,754;91
4778,754;83
4779,754;8506
4780,754;4711
4781,754;74
4782,754;106
4783,754;99
4784,754;99
4785,754;8519
4786,754;4721
4787,754;92
4788,754;95
4789,754;86
4790,754;91
4791,754;8488
4792,754;4706
4793,754;85
4794,754;81
4795,754;80
4796,754;93
4797,754;8473
4798,754;4721
4799,754;73
4800,754;85
4801,754;96
4802,754;91
4803,754;8499
4804,754;4686
4805,754;74
4806,754;74
4807,754;97
4808,754;72
4809,754;8494
4810,754;4711
4811,754;70
4812,754;72
4813,754;82
4814,754;93
4815,754;8476
4816,754;4705
4817,754;87
4818,754;85
4819,754;87
4820,754;83
4821,754;8488
4822,754;4705
4823,754;81
4824,754;68
4825,754;85
4826,754;65
4827,754;8480
4828,754;4671
4829,754;69
4830,754;67
4831,754;66
4832,754;72
4833,754;8469
4834,754;4684
4835,754;71
4836,754;72
4837,754;67
4838,754;67
4839,754;8467
4840,754;4715
4841,754;69
4842,754;73
4843,754;77
4844,754;81
4845,754;8486
4846,754;4711
4847,754;68
4848,754;78
4849,754;72
4850,754;81
4851,754;8447
4852,754;4716
4853,754;70
4851,754;51
4852,754;70
4853,754;85
4854,754;8142
4855,754;4711
4856,754;61
4857,754;78
4858,754;69
4859,754;59
4860,754;8503
4861,754;4611
4862,754;62
4863,754;74
4864,754;77
4865,754;79
4866,754;8497
4867,754;4708
4868,754;88
4869,754;63
4870,754;62
4871,754;77
4872,754;8466
4873,754;4700
4874,754;73
4875,754;68
4876,754;79
4877,754;71
4878,754;8467
4879,754;4715
4880,754;65
4881,754;97
4882,754;70
4883,754;78
4884,754;8511
4885,754;4696
4886,754;72
4887,754;60
4888,754;72
4889,754;73
4890,754;8580
4891,754;4623
4892,754;86
4893,754;84
4894,754;70
4895,754;62
4896,754;8519
4897,754;4666
4898,754;101
4899,754;75
4900,754;92
4901,754;70
4902,754;8489
4903,754;4716
4904,754;87
4905,754;108
4906,754;91
4907,754;95
4908,754;8465
4909,754;4727
4910,754;91
4911,754;72
4912,754;87
4913,754;89
4914,754;8498
4915,754;4696
4916,754;67
4917,754;77
4918,754;102
4919,754;79
4920,754;8505
4921,754;4717
4922,754;90
4923,754;84
4924,754;105
4925,754;100
4926,754;8463
4927,754;4736
4928,754;92
4929,754;86
4930,754;89
4931,754;70
4932,754;8500
4933,754;4729
4934,754;83
4935,754;82
4936,754;98
4937,754;90
4938,754;8484
4939,754;4739
4940,754;85
4941,754;89
4942,754;100
4943,754;93
4944,754;8501
4945,754;4720
4946,754;109
4947,754;77
4948,754;97
4949,754;91
4950,754;8494
4951,754;4712
4951,878;88
4952,878;81
4953,878;93
4954,878;94
4955,878;8456
4956,878;4736
4957,878;79
4958,878;98
4959,878;106
4960,878;101
4961,878;8507
4962,878;4712
4963,878;100
4964,878;75
4965,878;103
4966,878;99
4967,878;8473
4968,878;4698
4969,878;101
4970,878;116
4971,878;112
4972,878;108
4973,878;8481
4974,878;4699
4975,878;83
4976,878;101
4977,878;84
4978,878;91
4979,878;8492
4980,878;4744
4981,878;79
4982,878;92
4983,878;92
4984,878;103
4985,878;8447
4986,878;4730
4987,878;87
4988,878;84
4989,878;94
4990,878;88
4991,878;8461
4992,878;4731
4993,878;90
4994,878;105
4995,878;102
4996,878;89
4997,878;8437
4998,878;4724
4999,878;83
5000,878;86
5001,878;102
5002,878;99
5003,878;8460
5004,878;4742
5005,878;101
5006,878;87
5007,878;102
5008,878;97
5009,878;8438
5010,878;4743
5011,878;88
5012,878;98
5013,878;92
5014,878;95
5015,878;8456
5016,878;4728
5017,878;88
5018,878;103
5019,878;80
5020,878;100
5021,878;8475
5022,878;4734
5023,878;93
5024,878;102
5025,878;96
5026,878;106
5027,878;8444
5028,878;4717
5029,878;85
5030,878;76
5031,878;94
5032,878;97
5033,878;8440
5034,878;4753
5035,878;97
5036,878;83
5037,878;93
5038,878;87
5039,878;8483
5040,878;4760
5041,878;85
5042,878;99
5043,878;96
5044,878;89
5045,878;8454
5046,878;4732
5047,878;80
5048,878;95
5049,878;92
5050,878;95
5051,878;8465
5053,494;4735
5054,494;89
5055,494;82
5056,494;98
5057,494;85
5058,494;8419
5059,494;4750
5060,494;92
5061,494;77
5062,494;94
5063,494;99
5064,494;8474
5065,494;4745
5066,494;87
5067,494;111
5068,494;95
5069,494;98
5070,494;8452
5071,494;4734
5072,494;83
5073,494;96
5074,494;107
5075,494;84
5076,494;8422
5077,494;4731
5078,494;93
5079,494;101
5080,494;89
5081,494;89
5082,494;8418
5083,494;4747
5084,494;95
5085,494;85
5086,494;100
5087,494;80
5088,494;8425
5089,494;4732
5090,494;80
5091,494;71
5092,494;87
5093,494;96
5094,494;8441
5095,494;4736
5096,494;72
5097,494;92
5098,494;94
5099,494;100
5100,494;8417
5101,494;4773
5102,494;79
5103,494;83
5104,494;96
5105,494;92
5106,494;8430
5107,494;4738
5108,494;88
5109,494;98
5110,494;93
5111,494;89
5112,494;8420
5113,494;4749
5114,494;73
5115,494;98
5116,494;75
5117,494;89
5118,494;8429
5119,494;4765
5120,494;74
5121,494;82
5122,494;77
5123,494;87
5124,494;8392
5125,494;4750
5126,494;79
5127,494;94
5128,494;94
5129,494;93
5130,494;8390
5131,494;4735
5132,494;78
5133,494;83
5134,494;87
5135,494;83
5136,494;8414
5137,494;4756
5138,494;96
5139,494;75
5140,494;95
5141,494;93
5142,494;8431
5143,494;4764
5144,494;84
5145,494;67
5146,494;92
5147,494;83
5148,494;8443
5149,494;4693
5150,494;72
5151,494;81
5152,494;85
5153,494;81
5154,909;8428
5155,909;4794
5156,909;86
5157,909;81
5158,909;99
5159,909;84
5160,909;8401
5161,909;4744
5162,909;67
5163,909;97
5164,909;81
5165,909;70
5166,909;8086
5167,909;4785
5168,909;78
5169,909;81
5170,909;76
5171,909;89
5172,909;8341
5173,909;4759
5174,909;78
5175,909;73
5176,909;85
5177,909;88
5178,909;8409
5179,909;4780
5180,909;78
5181,909;71
5182,909;89
5183,909;71
5184,909;8422
5185,909;4778
5186,909;92
5187,909;86
5188,909;91
5189,909;85
5190,909;8377
5191,909;4766
5192,909;87
5193,909;96
5194,909;87
5195,909;82
5196,909;8385
5197,909;4770
5198,909;68
5199,909;66
5200,909;74
5201,909;99
5202,909;8399
5203,909;4761
5204,909;80
5205,909;90
5206,909;89
5207,909;96
5208,909;8419
5209,909;4783
5210,909;93
5211,909;82
5212,909;82
5213,909;93
5214,909;8410
5215,909;4774
5216,909;82
5217,909;93
5218,909;82
5219,909;83
5220,909;8464
5221,909;4736
5222,909;92
5223,909;106
5224,909;104
5225,909;85
5226,909;8435
5227,909;4780
5228,909;72
5229,909;85
5230,909;94
5231,909;96
5232,909;8427
5233,909;4766
5234,909;75
5235,909;73
5236,909;65
5237,909;97
5238,909;8422
5239,909;4798
5240,909;87
5241,909;79
5242,909;85
5243,909;86
5244,909;8419
5245,909;4778
5246,909;73
5247,909;78
5248,909;100
5249,909;85
5250,909;8437
5251,909;4770
5252,909;85
5253,909;102
5254,909;102
5255,762;79
5256,762;8380
5257,762;4756
5258,762;86
5259,762;78
5260,762;86
5261,762;88
5262,762;8396
5263,762;4774
5264,762;77
5265,762;84
5266,762;112
5267,762;101
5268,762;8428
5269,762;4779
5270,762;79
5271,762;85
5272,762;82
5273,762;109
5274,762;8427
5275,762;4766
5276,762;86
5277,762;100
5278,762;95
5279,762;96
5280,762;8424
5281,762;4743
5282,762;85
5283,762;94
5284,762;90
5285,762;92
5286,762;8424
5287,762;4778
5288,762;91
5289,762;98
5290,762;82
5291,762;102
5292,762;8403
5293,762;4776
5294,762;93
5295,762;89
5296,762;113
5297,762;98
5298,762;8395
5299,762;4799
5300,762;73
5301,762;88
5302,762;82
5303,762;94
5304,762;8391
5305,762;4798
5306,762;102
5307,762;91
5308,762;83
5309,762;94
5310,762;8407
5311,762;4777
5312,762;96
5313,762;83
5314,762;86
5315,762;98
5316,762;8430
5317,762;4771
5318,762;100
5319,762;90
5320,762;105
5321,762;85
5322,762;8411
5323,762;4780
5324,762;96
5325,762;94
5326,762;85
5327,762;86
5328,762;8418
5329,762;4793
5330,762;73
5331,762;89
5332,762;93
5333,762;119
5334,762;8405
5335,762;4763
5336,762;88
5337,762;106
5338,762;71
5339,762;102
5340,762;8425
5341,762;4775
5342,762;74
5343,762;77
5344,762;98
5345,762;89
5346,762;8420
5347,762;4776
5348,762;70
5349,762;82
5350,762;96
5351,762;101
5352,762;8413
5353,762;4792
5354,762;70
5355,762;91
5355,78;97
5356,78;81
5357,78;8378
5358,78;4793
5359,78;104
5360,78;78
5361,78;83
5362,78;90
5363,78;8466
5364,78;4727
5365,78;79
5366,78;74
5367,78;95
5368,78;85
5369,78;8391
5370,78;4819
5371,78;76
5372,78;95
5373,78;97
5374,78;110
5375,78;8387
5376,78;4818
5377,78;76
5378,78;83
5379,78;110
5380,78;86
5381,78;8397
5382,78;4782
5383,78;79
5384,78;99
5385,78;90
5386,78;92
5387,78;8401
5388,78;4802
5389,78;95
5390,78;84
5391,78;98
5392,78;97
5393,78;8437
5394,78;4807
5395,78;77
5396,78;79
5397,78;90
5398,78;77
5399,78;8428
5400,78;4781
5401,78;89
5402,78;80
5403,78;80
5404,78;87
5405,78;8399
5406,78;4785
5407,78;94
5408,78;86
5409,78;91
5410,78;107
5411,78;8409
5412,78;4785
5413,78;94
5414,78;88
5415,78;85
5416,78;89
5417,78;8401
5418,78;4786
5419,78;72
5420,78;81
5421,78;88
5422,78;97
5423,78;8386
5424,78;4784
5425,78;91
5426,78;91
5427,78;93
5428,78;80
5429,78;8369
5430,78;4782
5431,78;68
5432,78;82
5433,78;69
5434,78;81
5435,78;8416
5436,78;4795
5437,78;85
5438,78;91
5439,78;81
5440,78;84
5441,78;8414
5442,78;4764
5443,78;67
5444,78;72
5445,78;74
5446,78;75
5447,78;8391
5448,78;4780
5449,78;63
5450,78;87
5451,78;69
5452,78;85
5453,78;8377
5454,78;4793
5455,78;58
5456,78;65
5457,78;69
5458,78;67
5459,78;8422
5460,78;4769
5461,78;74
5462,78;69
5463,78;69
5464,78;80
5465,78;8425
5466,78;4756
5467,78;70
5468,78;82
5469,78;87
5470,78;74
5471,78;8396
5472,78;4788
5473,78;57
5474,78;85
5475,78;84
5476,78;69
5477,78;8031
5478,78;4778
5479,78;62
5480,78;66
5481,78;75
5482,78;70
5483,78;8354
5484,78;4780
5485,78;78
5486,78;61
5487,78;67
5488,78;68
5489,78;8464
5490,78;4711
5491,78;68
5492,78;73
5493,78;70
5494,78;84
5495,78;8389
5496,78;4799
5497,78;69
5498,78;72
5499,78;91
5500,78;84
5501,78;8376
5502,78;4796
5503,78;77
5504,78;86
5505,78;75
5506,78;75
5507,78;8361
5508,78;4787
5509,78;73
5510,78;99
5511,78;84
5512,78;74
5513,78;8384
5514,78;4799
5515,78;55
5516,78;89
5517,78;91
5518,78;80
5519,78;8417
5520,78;4793
5521,78;94
5522,78;74
5523,78;91
5524,78;80
5525,78;8386
5526,78;4814
5527,78;100
5528,78;80
5529,78;86
5530,78;85
5531,78;8381
5532,78;4822
5533,78;71
5534,78;107
5535,78;84
5536,78;94
5537,78;8376
5538,78;4786
5539,78;82
5540,78;102
5541,78;93
5542,78;86
5543,78;8350
5544,78;4824
5545,78;64
5546,78;91
5547,78;81
5548,78;89
5549,78;8389
5550,78;4819
5551,78;99
5552,78;81
5553,78;94
5554,78;116
5555,78;8373
5556,78;4813
5558,928;85
5559,928;102
5560,928;83
5561,928;81
5562,928;8403
5563,928;4806
5564,928;75
5565,928;103
5566,928;99
5567,928;95
5568,928;8377
5569,928;4798
5570,928;90
5571,928;103
5572,928;88
5573,928;101
5574,928;8447
5575,928;4794
5576,928;108
5577,928;89
5578,928;87
5579,928;76
5580,928;8377
5581,928;4830
5582,928;85
5583,928;98
5584,928;82
5585,928;88
5586,928;8369
5587,928;4820
5588,928;95
5589,928;99
5590,928;84
5591,928;96
5592,928;8354
5593,928;4838
5594,928;89
5595,928;75
5596,928;73
5597,928;104
5598,928;8391
5599,928;4784
5600,928;88
5601,928;107
5602,928;82
5603,928;86
5604,928;8369
5605,928;4808
5606,928;87
5607,928;90
5608,928;94
5609,928;92
5610,928;8379
5611,928;4819
5612,928;86
5613,928;87
5614,928;91
5615,928;93
5616,928;8386
5617,928;4834
5618,928;83
5619,928;98
5620,928;90
5621,928;84
5622,928;8385
5623,928;4794
5624,928;78
5625,928;84
5626,928;122
5627,928;93
5628,928;8359
5629,928;4809
5630,928;84
5631,928;118
5632,928;83
5633,928;93
5634,928;8391
5635,928;4777
5636,928;80
5637,928;84
5638,928;99
5639,928;92
5640,928;8451
5641,928;4732
5642,928;99
5643,928;107
5644,928;94
5645,928;86
5646,928;8377
5647,928;4839
5648,928;84
5649,928;78
5650,928;106
5651,928;94
5652,928;8358
5653,928;4809
5654,928;89
5655,928;88
5656,928;94
5657,928;89
5658,928;8327
5660,335;4821
5661,335;92
5662,335;106
5663,335;80
5664,335;78
5665,335;8354
5666,335;4869
5667,335;89
5668,335;89
5669,335;105
5670,335;98
5671,335;8331
5672,335;4851
5673,335;90
5674,335;76
5675,335;94
5676,335;100
5677,335;8325
5678,335;4846
5679,335;99
5680,335;97
5681,335;95
5682,335;90
5683,335;8361
5684,335;4830
5685,335;97
5686,335;84
5687,335;89
5688,335;94
5689,335;8331
5690,335;4841
5691,335;109
5692,335;101
5693,335;82
5694,335;89
5695,335;8355
5696,335;4831
5697,335;90
5698,335;86
5699,335;99
5700,335;83
5701,335;8358
5702,335;4836
5703,335;61
5704,335;89
5705,335;88
5706,335;93
5707,335;8384
5708,335;4775
5709,335;72
5710,335;110
5711,335;92
5712,335;99
5713,335;8312
5714,335;4828
5715,335;75
5716,335;93
5717,335;94
5718,335;86
5719,335;8389
5720,335;4803
5721,335;87
5722,335;73
5723,335;83
5724,335;86
5725,335;8351
5726,335;4823
5727,335;85
5728,335;92
5729,335;100
5730,335;88
5731,335;8321
5732,335;4852
5733,335;77
5734,335;80
5735,335;95
5736,335;79
5737,335;8300
5738,335;4827
5739,335;80
5740,335;99
5741,335;89
5742,335;102
5743,335;8348
5744,335;4845
5745,335;76
5746,335;91
5747,335;76
5748,335;78
5749,335;8323
5750,335;4845
5751,335;90
5752,335;83
5753,335;82
5754,335;83
5755,335;8333
5756,335;4839
5757,335;95
5758,335;95
5759,335;83
5760,335;89
5760,784;8346
5761,784;4859
5762,784;85
5763,784;93
5764,784;74
5765,784;91
5766,784;8308
5767,784;4832
5768,784;72
5769,784;76
5770,784;78
5771,784;89
5772,784;8305
5773,784;4857
5774,784;84
5775,784;83
5776,784;83
5777,784;89
5778,784;8330
5779,784;4849
5780,784;64
5781,784;90
5782,784;63
5783,784;81
5784,784;8328
5785,784;4855
5786,784;79
5787,784;83
5788,784;85
5789,784;75
5790,784;8008
5791,784;4856
5792,784;71
5793,784;76
5794,784;92
5795,784;94
5796,784;8249
5797,784;4862
5798,784;85
5799,784;80
5800,784;73
5801,784;92
5802,784;8318
5803,784;4847
5804,784;71
5805,784;88
5806,784;74
5807,784;69
5808,784;8303
5809,784;4861
5810,784;81
5811,784;80
5812,784;89
5813,784;86
5814,784;8322
5815,784;4869
5816,784;67
5817,784;86
5818,784;82
5819,784;73
5820,784;8337
5821,784;4880
5822,784;78
5823,784;76
5824,784;91
5825,784;106
5826,784;8329
5827,784;4870
5828,784;82
5829,784;89
5830,784;96
5831,784;83
5832,784;8323
5833,784;4847
5834,784;80
5835,784;89
5836,784;85
5837,784;87
5838,784;8320
5839,784;4849
5840,784;82
5841,784;94
5842,784;101
5843,784;101
5844,784;8391
5845,784;4793
5846,784;72
5847,784;76
5848,784;92
5849,784;90
5850,784;8313
5851,784;4852
5852,784;82
5853,784;91
5854,784;91
5855,784;74
5856,784;8296
5857,784;4852
5858,784;88
5859,784;79
5860,784;95
5861,625;82
5862,625;8406
5863,625;4806
5864,625;92
5865,625;73
5866,625;94
5867,625;104
5868,625;8330
5869,625;4872
5870,625;91
5871,625;74
5872,625;94
5873,625;93
5874,625;8338
5875,625;4860
5876,625;90
5877,625;98
5878,625;80
5879,625;89
5880,625;8421
5881,625;4792
5882,625;76
5883,625;84
5884,625;90
5885,625;95
5886,625;8341
5887,625;4857
5888,625;78
5889,625;101
5890,625;110
5891,625;131
5892,625;8364
5893,625;4777
5894,625;73
5895,625;97
5896,625;102
5897,625;79
5898,625;8318
5899,625;4868
5900,625;83
5901,625;96
5902,625;94
5903,625;91
5904,625;8330
5905,625;4840
5906,625;81
5907,625;90
5908,625;102
5909,625;91
5910,625;8320
5911,625;4901
5912,625;97
5913,625;106
5914,625;103
5915,625;82
5916,625;8300
5917,625;4860
5918,625;86
5919,625;83
5920,625;78
5921,625;84
5922,625;8328
5923,625;4870
5924,625;88
5925,625;91
5926,625;97
5927,625;87
5928,625;8387
5929,625;4799
5930,625;75
5931,625;96
5932,625;93
5933,625;100
5934,625;8281
5935,625;4870
5936,625;87
5937,625;96
5938,625;98
5939,625;101
5940,625;8311
5941,625;4856
5942,625;90
5943,625;70
5944,625;90
5945,625;104
5946,625;8325
5947,625;4874
5948,625;81
5949,625;91
5950,625;97
5951,625;79
5952,625;8330
5953,625;4873
5954,625;89
5955,625;74
5956,625;102
5957,625;99
5958,625;8365
5959,625;4785
5960,625;95
5961,625;101
5962,625;91
5963,625;72
5964,625;8329
5965,625;4853
5966,625;90
5967,625;89
5968,625;87
5969,625;104
5970,625;8388
5971,625;4788
5972,625;81
5973,625;88
5974,625;109
5975,625;91
5976,625;8304
5977,625;4884
5978,625;74
5979,625;74
5980,625;79
5981,625;105
5982,625;8334
5983,625;4894
5984,625;106
5985,625;72
5986,625;100
5987,625;107
5988,625;8269
5989,625;4903
5990,625;102
5991,625;90
5992,625;104
5993,625;107
5994,625;8313
5995,625;4893
5996,625;93
5997,625;89
5998,625;109
5999,625;86
6000,625;8331
6001,625;4888
6002,625;103
6003,625;85
6004,625;93
6005,625;87
6006,625;8322
6007,625;4842
6008,625;89
6009,625;113
6010,625;84
6011,625;104
6012,625;8317
6013,625;4873
6014,625;83
6015,625;103
6016,625;103
6017,625;95
6018,625;8388
6019,625;4836
6020,625;98
6021,625;79
6022,625;89
6023,625;103
6024,625;8306
6025,625;4901
6026,625;91
6027,625;93
6028,625;88
6029,625;99
6030,625;8417
6031,625;4789
6032,625;97
6033,625;99
6034,625;92
6035,625;76
6036,625;8284
6037,625;4897
6038,625;88
6039,625;86
6040,625;89
6041,625;95
6042,625;8404
6043,625;4787
6044,625;103
6045,625;93
6046,625;101
6047,625;93
6048,625;8406
6049,625;4787
6050,625;80
6051,625;87
6052,625;98
6053,625;104
6054,625;8388
6055,625;4794
6056,625;77
6057,625;84
6058,625;76
6059,625;101
6060,625;8348
6061,625;4913
6062,625;84
6063,792;87
6064,792;96
6065,792;90
6066,792;8303
6067,792;4889
6068,792;61
6069,792;92
6070,792;70
6071,792;81
6072,792;8280
6073,792;4883
6074,792;82
6075,792;70
6076,792;83
6077,792;68
6078,792;8405
6079,792;4789
6080,792;82
6081,792;89
6082,792;71
6083,792;88
6084,792;8287
6085,792;4896
6086,792;52
6087,792;69
6088,792;72
6089,792;75
6090,792;8298
6091,792;4904
6092,792;78
6093,792;84
6094,792;61
6095,792;66
6096,792;8281
6097,792;4876
6098,792;70
6099,792;70
6100,792;87
6101,792;81
6102,792;7933
6103,792;4905
6104,792;74
6105,792;70
6106,792;74
6107,792;77
6108,792;8248
6109,792;4896
6110,792;74
6111,792;81
6112,792;63
6113,792;82
6114,792;8283
6115,792;4876
6116,792;77
6117,792;80
6118,792;93
6119,792;73
6120,792;8286
6121,792;4882
6122,792;60
6123,792;71
6124,792;78
6125,792;78
6126,792;8297
6127,792;4887
6128,792;74
6129,792;75
6130,792;67
6131,792;71
6132,792;8291
6133,792;4904
6134,792;84
6135,792;69
6136,792;77
6137,792;92
6138,792;8270
6139,792;4909
6140,792;79
6141,792;88
6142,792;78
6143,792;96
6144,792;8280
6145,792;4911
6146,792;87
6147,792;113
6148,792;89
6149,792;98
6150,792;8271
6151,792;4924
6152,792;74
6153,792;91
6154,792;82
6155,792;106
6156,792;8277
6157,792;4907
6158,792;89
6159,792;91
6160,792;97
6161,792;112
6162,792;8292
6163,792;4903
6165,024;108
6166,024;72
6167,024;99
6168,024;100
6169,024;8311
6170,024;4912
6171,024;74
6172,024;95
6173,024;89
6174,024;111
6175,024;8272
6176,024;4914
6177,024;92
6178,024;91
6179,024;125
6180,024;100
6181,024;8299
6182,024;4904
6183,024;86
6184,024;90
6185,024;89
6186,024;104
6187,024;8286
6188,024;4925
6189,024;100
6190,024;87
6191,024;94
6192,024;96
6193,024;8263
6194,024;4928
6195,024;88
6196,024;91
6197,024;111
6198,024;76
6199,024;8253
6200,024;4902
6201,024;99
6202,024;114
6203,024;105
6204,024;90
6205,024;8281
6206,024;4912
6207,024;86
6208,024;109
6209,024;92
6210,024;116
6211,024;8271
6212,024;4916
6213,024;78
6214,024;101
6215,024;89
6216,024;98
6217,024;8282
6218,024;4924
6219,024;113
6220,024;67
6221,024;85
6222,024;94
6223,024;8300
6224,024;4911
6225,024;97
6226,024;103
6227,024;94
6228,024;107
6229,024;8368
6230,024;4798
6231,024;90
6232,024;87
6233,024;93
6234,024;111
6235,024;8261
6236,024;4922
6237,024;104
6238,024;87
6239,024;98
6240,024;94
6241,024;8282
6242,024;4942
6243,024;75
6244,024;107
6245,024;106
6246,024;77
6247,024;8275
6248,024;4932
6249,024;97
6250,024;78
6251,024;119
6252,024;106
6253,024;8264
6254,024;4930
6255,024;106
6256,024;91
6257,024;83
6258,024;102
6259,024;8254
6260,024;4916
6261,024;92
6262,024;117
6263,024;95
6264,024;94
6265,024;8259
6264,779;4905
6265,779;86
6266,779;76
6267,779;84
6268,779;89
6269,779;8320
6270,779;4865
6271,779;88
6272,779;88
6273,779;98
6274,779;91
6275,779;8275
6276,779;4925
6277,779;97
6278,779;112
6279,779;79
6280,779;95
6281,779;8261
6282,779;4910
6283,779;85
6284,779;85
6285,779;90
6286,779;115
6287,779;8263
6288,779;4922
6289,779;92
6290,779;94
6291,779;95
6292,779;95
6293,779;8279
6294,779;4942
6295,779;100
6296,779;75
6297,779;96
6298,779;83
6299,779;8251
6300,779;4906
6301,779;81
6302,779;91
6303,779;88
6304,779;97
6305,779;8271
6306,779;4908
6307,779;101
6308,779;81
6309,779;110
6310,779;93
6311,779;8264
6312,779;4902
6313,779;92
6314,779;102
6315,779;96
6316,779;104
6317,779;8270
6318,779;4950
6319,779;68
6320,779;93
6321,779;85
6322,779;71
6323,779;8233
6324,779;4946
6325,779;81
6326,779;84
6327,779;91
6328,779;84
6329,779;8245
6330,779;4936
6331,779;85
6332,779;76
6333,779;103
6334,779;96
6335,779;8233
6336,779;4932
6337,779;86
6338,779;80
6339,779;86
6340,779;98
6341,779;8245
6342,779;4925
6343,779;78
6344,779;77
6345,779;91
6346,779;92
6347,779;8221
6348,779;4953
6349,779;88
6350,779;96
6351,779;86
6352,779;92
6353,779;8214
6354,779;4937
6355,779;65
6356,779;82
6357,779;108
6358,779;116
6359,779;8250
6360,779;4945
6361,779;77
6362,779;92
6363,779;91
6364,779;98
6366,258;8258
6367,258;4920
6368,258;85
6369,258;80
6370,258;80
6371,258;83
6372,258;8244
6373,258;4929
6374,258;96
6375,258;89
6376,258;93
6377,258;95
6378,258;8201
6379,258;4936
6380,258;80
6381,258;76
6382,258;101
6383,258;90
6384,258;8245
6385,258;4916
6386,258;88
6387,258;81
6388,258;87
6389,258;76
6390,258;8218
6391,258;4953
6392,258;91
6393,258;72
6394,258;97
6395,258;90
6396,258;8233
6397,258;4919
6398,258;79
6399,258;81
6400,258;83
6401,258;72
6402,258;8249
6403,258;4938
6404,258;90
6405,258;76
6406,258;81
6407,258;93
6408,258;8250
6409,258;4939
6410,258;70
6411,258;92
6412,258;89
6413,258;91
6414,258;7879
6415,258;4936
6416,258;82
6417,258;86
6418,258;80
6419,258;67
6420,258;8154
6421,258;4939
6422,258;68
6423,258;77
6424,258;76
6425,258;83
6426,258;8222
6427,258;4938
6428,258;70
6429,258;72
6430,258;93
6431,258;80
6432,258;8224
6433,258;4903
6434,258;71
6435,258;63
6436,258;79
6437,258;98
6438,258;8258
6439,258;4878
6440,258;75
6441,258;100
6442,258;74
6443,258;72
6444,258;8230
6445,258;4930
6446,258;90
6447,258;96
6448,258;82
6449,258;103
6450,258;8226
6451,258;4920
6452,258;89
6453,258;76
6454,258;88
6455,258;98
6456,258;8247
6457,258;4948
6458,258;99
6459,258;73
6460,258;73
6461,258;85
6462,258;8282
6463,258;4964
6464,258;72
6465,258;85
6466,258;91
6467,258;84
6468,258;8223
6469,258;4959
6470,258;76
6471,258;82
6472,258;88
6473,258;84
6474,258;8235
6475,258;4929
6476,258;77
6477,258;117
6478,258;89
6479,258;72
6480,258;8222
6481,258;4957
6482,258;71
6483,258;97
6484,258;83
6485,258;80
6486,258;8234
6487,258;4952
6488,258;83
6489,258;90
6490,258;107
6491,258;93
6492,258;8198
6493,258;4951
6494,258;92
6495,258;81
6496,258;70
6497,258;90
6498,258;8198
6499,258;4985
6500,258;66
6501,258;100
6502,258;91
6503,258;98
6504,258;8246
6505,258;4941
6506,258;86
6507,258;81
6508,258;90
6509,258;102
6510,258;8219
6511,258;4964
6512,258;92
6513,258;97
6514,258;86
6515,258;86
6516,258;8194
6517,258;4968
6518,258;100
6519,258;95
6520,258;94
6521,258;84
6522,258;8242
6523,258;4984
6524,258;82
6525,258;78
6526,258;78
6527,258;90
6528,258;8231
6529,258;4950
6530,258;96
6531,258;103
6532,258;93
6533,258;109
6534,258;8240
6535,258;4927
6536,258;87
6537,258;93
6538,258;85
6539,258;119
6540,258;8219
6541,258;4966
6542,258;103
6543,258;93
6544,258;85
6545,258;101
6546,258;8243
6547,258;4970
6548,258;85
6549,258;91
6550,258;94
6551,258;104
6552,258;8177
6553,258;4947
6554,258;89
6555,258;91
6556,258;102
6557,258;95
6558,258;8220
6559,258;4958
6560,258;95
6561,258;97
6562,258;94
6563,258;91
6564,258;8254
6565,258;4920
6566,258;93
6567,258;115
6568,625;85
6569,625;104
6570,625;8222
6571,625;4960
6572,625;87
6573,625;97
6574,625;87
6575,625;94
6576,625;8224
6577,625;4950
6578,625;90
6579,625;110
6580,625;111
6581,625;80
6582,625;8197
6583,625;4976
6584,625;73
6585,625;74
6586,625;77
6587,625;107
6588,625;8215
6589,625;4971
6590,625;96
6591,625;72
6592,625;96
6593,625;113
6594,625;8199
6595,625;4956
6596,625;83
6597,625;101
6598,625;86
6599,625;97
6600,625;8246
6601,625;4963
6602,625;82
6603,625;92
6604,625;99
6605,625;93
6606,625;8222
6607,625;4976
6608,625;95
6609,625;92
6610,625;96
6611,625;96
6612,625;8208
6613,625;4973
6614,625;83
6615,625;105
6616,625;93
6617,625;95
6618,625;8213
6619,625;4963
6620,625;84
6621,625;86
6622,625;97
6623,625;76
6624,625;8217
6625,625;4972
6626,625;98
6627,625;93
6628,625;96
6629,625;101
6630,625;8217
6631,625;4969
6632,625;90
6633,625;88
6634,625;102
6635,625;92
6636,625;8236
6637,625;4936
6638,625;95
6639,625;88
6640,625;101
6641,625;91
6642,625;8223
6643,625;4972
6644,625;77
6645,625;93
6646,625;72
6647,625;101
6648,625;8220
6649,625;4978
6650,625;98
6651,625;97
6652,625;101
6653,625;101
6654,625;8189
6655,625;4986
6656,625;91
6657,625;92
6658,625;94
6659,625;78
6660,625;8244
6661,625;4987
6662,625;95
6663,625;95
6664,625;81
6665,625;107
6666,625;8208
6667,625;4968
6668,625;92
6669,774;89
6670,774;76
6671,774;97
6672,774;8212
6673,774;4991
6674,774;79
6675,774;82
6676,774;86
6677,774;98
6678,774;8203
6679,774;4992
6680,774;71
6681,774;91
6682,774;89
6683,774;97
6684,774;8226
6685,774;4976
6686,774;86
6687,774;107
6688,774;87
6689,774;80
6690,774;8258
6691,774;4920
6692,774;92
6693,774;73
6694,774;75
6695,774;71
6696,774;8233
6697,774;4962
6698,774;86
6699,774;83
6700,774;69
6701,774;88
6702,774;8221
6703,774;4969
6704,774;82
6705,774;75
6706,774;71
6707,774;93
6708,774;8191
6709,774;4992
6710,774;63
6711,774;87
6712,774;73
6713,774;80
6714,774;8182
6715,774;4970
6716,774;65
6717,774;77
6718,774;79
6719,774;83
6720,774;8179
6721,774;4974
6722,774;72
6723,774;75
6724,774;67
6725,774;70
6726,774;7859
6727,774;4970
6728,774;78
6729,774;81
6730,774;70
6731,774;80
6732,774;8134
6733,774;4972
6734,774;65
6735,774;76
6736,774;68
6737,774;103
6738,774;8163
6739,774;4984
6740,774;74
6741,774;76
6742,774;83
6743,774;88
6744,774;8186
6745,774;4988
6746,774;72
6747,774;63
6748,774;93
6749,774;85
6750,774;8173
6751,774;4977
6752,774;88
6753,774;77
6754,774;93
6755,774;83
6756,774;8197
6757,774;4970
6758,774;94
6759,774;73
6760,774;75
6761,774;92
6762,774;8202
6763,774;5012
6764,774;82
6765,774;90
6766,774;96
6767,774;89
6768,774;8197
6769,774;5016
6769,847;89
6770,847;91
6771,847;89
6772,847;118
6773,847;8192
6774,847;5003
6775,847;85
6776,847;78
6777,847;93
6778,847;106
6779,847;8193
6780,847;4993
6781,847;92
6782,847;95
6783,847;95
6784,847;84
6785,847;8205
6786,847;4990
6787,847;82
6788,847;85
6789,847;94
6790,847;97
6791,847;8205
6792,847;5000
6793,847;95
6794,847;99
6795,847;101
6796,847;95
6797,847;8179
6798,847;5004
6799,847;86
6800,847;107
6801,847;87
6802,847;75
6803,847;8190
6804,847;5000
6805,847;101
6806,847;92
6807,847;91
6808,847;95
6809,847;8189
6810,847;5001
6811,847;71
6812,847;95
6813,847;102
6814,847;105
6815,847;8155
6816,847;4996
6817,847;80
6818,847;85
6819,847;104
6820,847;88
6821,847;8191
6822,847;5000
6823,847;99
6824,847;75
6825,847;111
6826,847;100
6827,847;8166
6828,847;4988
6829,847;91
6830,847;113
6831,847;89
6832,847;88
6833,847;8167
6834,847;5026
6835,847;65
6836,847;104
6837,847;87
6838,847;112
6839,847;8192
6840,847;4998
6841,847;84
6842,847;91
6843,847;83
6844,847;105
6845,847;8202
6846,847;5021
6847,847;104
6848,847;103
6849,847;87
6850,847;98
6851,847;8169
6852,847;4993
6853,847;109
6854,847;86
6855,847;105
6856,847;99
6857,847;8197
6858,847;4995
6859,847;98
6860,847;93
6861,847;79
6862,847;115
6863,847;8177
6864,847;5026
6865,847;80
6866,847;87
6867,847;97
6868,847;89
6869,847;8159
6872,304;4999
6873,304;91
6874,304;70
6875,304;99
6876,304;89
6877,304;8153
6878,304;4994
6879,304;100
6880,304;92
6881,304;88
6882,304;92
6883,304;8187
6884,304;5020
6885,304;95
6886,304;91
6887,304;111
6888,304;97
6889,304;8146
6890,304;5030
6891,304;81
6892,304;107
6893,304;87
6894,304;88
6895,304;8171
6896,304;4999
6897,304;91
6898,304;123
6899,304;103
6900,304;102
6901,304;8205
6902,304;5028
6903,304;73
6904,304;87
6905,304;119
6906,304;76
6907,304;8196
6908,304;5021
6909,304;100
6910,304;103
6911,304;97
6912,304;107
6913,304;8159
6914,304;5007
6915,304;73
6916,304;80
6917,304;102
6918,304;86
6919,304;8167
6920,304;5001
6921,304;79
6922,304;102
6923,304;67
6924,304;95
6925,304;8198
6926,304;5002
6927,304;85
6928,304;77
6929,304;82
6930,304;98
6931,304;8145
6932,304;5009
6933,304;86
6934,304;80
6935,304;74
6936,304;87
6937,304;8139
6938,304;5020
6939,304;100
6940,304;84
6941,304;102
6942,304;95
6943,304;8172
6944,304;5009
6945,304;77
6946,304;78
6947,304;108
6948,304;88
6949,304;8139
6950,304;5008
6951,304;81
6952,304;99
6953,304;99
6954,304;97
6955,304;8171
6956,304;5015
6957,304;73
6958,304;101
6959,304;98
6960,304;91
6961,304;8185
6962,304;5008
6963,304;79
6964,304;81
6965,304;103
6966,304;93
6967,304;8142
6968,304;5000
6969,304;77
6970,304;70
6971,304;98
6972,304;100
6972,304;8149
6973,304;5036
6974,304;81
6975,304;98
6976,304;80
6977,304;93
6978,304;8141
6979,304;5021
6980,304;78
6981,304;91
6982,304;99
6983,304;78
6984,304;8178
6985,304;5036
6986,304;78
6987,304;90
6988,304;68
6989,304;78
6990,304;8139
6991,304;5013
6992,304;102
6993,304;80
6994,304;98
6995,304;92
6996,304;8141
6997,304;5041
6998,304;74
6999,304;95
7000,304;88
7001,304;92
7002,304;8137
7003,304;5019
7004,304;85
7005,304;94
7006,304;86
7007,304;88
7008,304;8122
7009,304;5020
7010,304;65
7011,304;79
7012,304;70
7013,304;72
7014,304;8143
7015,304;5046
7016,304;89
7017,304;91
7018,304;99
7019,304;79
7020,304;8125
7021,304;5007
7022,304;74
7023,304;89
7024,304;98
7025,304;87
7026,304;8139
7027,304;5013
7028,304;61
7029,304;77
7030,304;74
7031,304;86
7032,304;8103
7033,304;5007
7034,304;82
7035,304;78
7036,304;88
7037,304;102
7038,304;7783
7039,304;5032
7040,304;77
7041,304;78
7042,304;81
7043,304;83
7044,304;8086
7045,304;5027
7046,304;74
7047,304;82
7048,304;83
7049,304;92
7050,304;8146
7051,304;5048
7052,304;92
7053,304;76
7054,304;72
7055,304;77
7056,304;8129
7057,304;5029
7058,304;64
7059,304;82
7060,304;82
7061,304;68
7062,304;8136
7063,304;5014
7064,304;76
7065,304;73
7066,304;87
7067,304;81
7068,304;8117
7069,304;5044
7070,304;87
7071,304;82
7072,304;89
7073,296;66
7074,296;8142
7075,296;5039
7076,296;90
7077,296;87
7078,296;85
7079,296;89
7080,296;8145
7081,296;5031
7082,296;93
7083,296;77
7084,296;89
7085,296;98
7086,296;8134
7087,296;5061
7088,296;78
7089,296;82
7090,296;81
7091,296;93
7092,296;8126
7093,296;5039
7094,296;78
7095,296;95
7096,296;94
7097,296;116
7098,296;8125
7099,296;5016
7100,296;102
7101,296;74
7102,296;87
7103,296;89
7104,296;8129
7105,296;5031
7106,296;86
7107,296;84
7108,296;107
7109,296;91
7110,296;8127
7111,296;5031
7112,296;65
7113,296;95
7114,296;88
7115,296;81
7116,296;8085
7117,296;5034
7118,296;96
7119,296;90
7120,296;86
7121,296;104
7122,296;8140
7123,296;5050
7124,296;90
7125,296;91
7126,296;90
7127,296;102
7128,296;8102
7129,296;5060
7130,296;97
7131,296;65
7132,296;74
7133,296;96
7134,296;8108
7135,296;5048
7136,296;80
7137,296;95
7138,296;88
7139,296;96
7140,296;8103
7141,296;5060
7142,296;85
7143,296;91
7144,296;96
7145,296;82
7146,296;8112
7147,296;5044
7148,296;93
7149,296;107
7150,296;88
7151,296;91
7152,296;8137
7153,296;5026
7154,296;100
7155,296;86
7156,296;89
7157,296;90
7158,296;8134
7159,296;5042
7160,296;99
7161,296;95
7162,296;92
7163,296;91
7164,296;8136
7165,296;5043
7166,296;70
7167,296;95
7168,296;95
7169,296;110
7170,296;8128
7171,296;5077
7172,296;94
7173,296;118
7174,297;98
7175,297;105
7176,297;8121
7177,297;5054
7178,297;105
7179,297;98
7180,297;95
7181,297;86
7182,297;8153
7183,297;5056
7184,297;69
7185,297;96
7186,297;98
7187,297;105
7188,297;8113
7189,297;5064
7190,297;87
7191,297;81
7192,297;111
7193,297;100
7194,297;8153
7195,297;5031
7196,297;90
7197,297;104
7198,297;80
7199,297;115
7200,297;8124
7201,297;5061
7202,297;85
7203,297;78
7204,297;98
7205,297;88
7206,297;8185
7207,297;5007
7208,297;108
7209,297;105
7210,297;102
7211,297;83
7212,297;8104
7213,297;5060
7214,297;73
7215,297;92
7216,297;84
7217,297;90
7218,297;8127
7219,297;5083
7220,297;90
7221,297;82
7222,297;105
7223,297;100
7224,297;8110
7225,297;5049
7226,297;67
7227,297;107
7228,297;102
7229,297;96
7230,297;8114
7231,297;5038
7232,297;91
7233,297;108
7234,297;92
7235,297;94
7236,297;8122
7237,297;5094
7238,297;108
7239,297;82
7240,297;96
7241,297;116
7242,297;8155
7243,297;5049
7244,297;94
7245,297;87
7246,297;123
7247,297;91
7248,297;8139
7249,297;5065
7250,297;73
7251,297;103
7252,297;114
7253,297;96
7254,297;8152
7255,297;5033
7256,297;89
7257,297;106
7258,297;86
7259,297;92
7260,297;8149
7261,297;5059
7262,297;100
7263,297;90
7264,297;110
7265,297;109
7266,297;8148
7267,297;5098
7268,297;101
7269,297;94
7270,297;90
7271,297;81
7272,297;8135
7273,297;5061
7274,297;87
7275,678;79
7276,678;95
7277,678;97
7278,678;8128
7279,678;5095
7280,678;102
7281,678;79
7282,678;111
7283,678;98
7284,678;8143
7285,678;5065
7286,678;88
7287,678;88
7288,678;86
7289,678;102
7290,678;8108
7291,678;5045
7292,678;88
7293,678;81
7294,678;97
7295,678;102
7296,678;8108
7297,678;5084
7298,678;103
7299,678;82
7300,678;83
7301,678;105
7302,678;8111
7303,678;5062
7304,678;77
7305,678;112
7306,678;100
7307,678;82
7308,678;8142
7309,678;5088
7310,678;87
7311,678;82
7312,678;69
7313,678;90
7314,678;8094
7315,678;5046
7316,678;85
7317,678;78
7318,678;89
7319,678;78
7320,678;8101
7321,678;5085
7322,678;75
7323,678;89
7324,678;91
7325,678;101
7326,678;8120
7327,678;5076
7328,678;78
7329,678;99
7330,678;84
7331,678;95
7332,678;8101
7333,678;5061
7334,678;74
7335,678;79
7336,678;62
7337,678;84
7338,678;8122
7339,678;5088
7340,678;77
7341,678;94
7342,678;89
7343,678;92
7344,678;8094
7345,678;5079
7346,678;74
7347,678;71
7348,678;78
7349,678;81
7350,678;7754
7351,678;5093
7352,678;76
7353,678;81
7354,678;71
7355,678;77
7356,678;8029
7357,678;5095
7358,678;76
7359,678;93
7360,678;81
7361,678;85
7362,678;8098
7363,678;5089
7364,678;99
7365,678;80
7366,678;89
7367,678;93
7368,678;8068
7369,678;5097
7370,678;78
7371,678;76
7372,678;80
7373,678;101
7374,678;8096
7375,678;5110
7375,612;70
7376,612;117
7377,612;92
7378,612;90
7379,612;8110
7380,612;5080
7381,612;82
7382,612;85
7383,612;106
7384,612;93
7385,612;8153
7386,612;5106
7387,612;88
7388,612;91
7389,612;100
7390,612;111
7391,612;8110
7392,612;5077
7393,612;88
7394,612;100
7395,612;92
7396,612;95
7397,612;8121
7398,612;5067
7399,612;84
7400,612;94
7401,612;77
7402,612;83
7403,612;8125
7404,612;5089
7405,612;68
7406,612;78
7407,612;99
7408,612;93
7409,612;8109
7410,612;5083
7411,612;91
7412,612;83
7413,612;96
7414,612;122
7415,612;8087
7416,612;5064
7417,612;92
7418,612;75
7419,612;83
7420,612;99
7421,612;8099
7422,612;5085
7423,612;92
7424,612;103
7425,612;91
7426,612;100
7427,612;8065
7428,612;5108
7429,612;81
7430,612;96
7431,612;97
7432,612;90
7433,612;8106
7434,612;5081
7435,612;96
7436,612;95
7437,612;102
7438,612;102
7439,612;8101
7440,612;5093
7441,612;91
7442,612;81
7443,612;105
7444,612;101
7445,612;8078
7446,612;5095
7447,612;102
7448,612;95
7449,612;95
7450,612;89
7451,612;8073
7452,612;5070
7453,612;77
7454,612;104
7455,612;117
7456,612;89
7457,612;8081
7458,612;5082
7459,612;84
7460,612;90
7461,612;120
7462,612;86
7463,612;8076
7464,612;5121
7465,612;92
7466,612;87
7467,612;88
7468,612;94
7469,612;8107
7470,612;5093
7471,612;94
7472,612;95
7473,612;87
7474,612;108
7475,612;8092
7477,015;5093
7478,015;70
7479,015;104
7480,015;92
7481,015;109
7482,015;8092
7483,015;5110
7484,015;85
7485,015;92
7486,015;84
7487,015;102
7488,015;8079
7489,015;5106
7490,015;96
7491,015;92
7492,015;85
7493,015;95
7494,015;8092
7495,015;5101
7496,015;100
7497,015;93
7498,015;99
7499,015;107
7500,015;8086
7501,015;5103
7502,015;89
7503,015;109
7504,015;92
7505,015;94
7506,015;8079
7507,015;5091
7508,015;92
7509,015;88
7510,015;96
7511,015;113
7512,015;8071
7513,015;5110
7514,015;85
7515,015;95
7516,015;96
7517,015;92
7518,015;8075
7519,015;5117
7520,015;86
7521,015;90
7522,015;108
7523,015;88
7524,015;8077
7525,015;5088
7526,015;97
7527,015;99
7528,015;99
7529,015;85
7530,015;8067
7531,015;5136
7532,015;85
7533,015;95
7534,015;82
7535,015;104
7536,015;8063
7537,015;5118
7538,015;96
7539,015;99
7540,015;104
7541,015;81
7542,015;8096
7543,015;5103
7544,015;81
7545,015;87
7546,015;77
7547,015;92
7548,015;8084
7549,015;5126
7550,015;75
7551,015;102
7552,015;78
7553,015;88
7554,015;8068
7555,015;5118
7556,015;77
7557,015;96
7558,015;96
7559,015;103
7560,015;8069
7561,015;5101
7562,015;83
7563,015;103
7564,015;92
7565,015;90
7566,015;8062
7567,015;5138
7568,015;83
7569,015;85
7570,015;112
7571,015;73
7572,015;8048
7573,015;5113
7574,015;74
7575,015;77
7576,015;88
7577,015;96
7578,015;8066
7579,015;5098
7580,015;89
7581,015;83
7582,015;76
7583,015;87
7584,015;8032
7585,015;5099
7586,015;84
7587,015;93
7588,015;84
7589,015;82
7590,015;8068
7591,015;5120
7592,015;88
7593,015;80
7594,015;88
7595,015;94
7596,015;8051
7597,015;5102
7598,015;90
7599,015;85
7600,015;91
7601,015;79
7602,015;8072
7603,015;5121
7604,015;90
7605,015;90
7606,015;85
7607,015;91
7608,015;8028
7609,015;5131
7610,015;78
7611,015;97
7612,015;78
7613,015;107
7614,015;8063
7615,015;5097
7616,015;88
7617,015;89
7618,015;101
7619,015;92
7620,015;8077
7621,015;5109
7622,015;83
7623,015;89
7624,015;97
7625,015;88
7626,015;8037
7627,015;5124
7628,015;100
7629,015;103
7630,015;85
7631,015;89
7632,015;8026
7633,015;5100
7634,015;89
7635,015;94
7636,015;81
7637,015;85
7638,015;8058
7639,015;5107
7640,015;72
7641,015;82
7642,015;80
7643,015;96
7644,015;8044
7645,015;5111
7646,015;66
7647,015;80
7648,015;71
7649,015;83
7650,015;8040
7651,015;5107
7652,015;77
7653,015;79
7654,015;82
7655,015;89
7656,015;8035
7657,015;5124
7658,015;82
7659,015;70
7660,015;86
7661,015;91
7662,015;7719
7663,015;5122
7664,015;66
7665,015;72
7666,015;102
7667,015;95
7668,015;7999
7669,015;5132
7670,015;77
7671,015;94
7672,015;86
7673,015;87
7674,015;8054
7675,015;5095
7676,015;86
7677,015;81
7678,015;76
7679,581;86
7680,581;8055
7681,581;5098
7682,581;88
7683,581;89
7684,581;94
7685,581;84
7686,581;8051
7687,581;5132
7688,581;78
7689,581;91
7690,581;82
7691,581;97
7692,581;7990
7693,581;5148
7694,581;76
7695,581;77
7696,581;84
7697,581;68
7698,581;8020
7699,581;5121
7700,581;78
7701,581;95
7702,581;76
7703,581;95
7704,581;8051
7705,581;5135
7706,581;59
7707,581;81
7708,581;81
7709,581;88
7710,581;8001
7711,581;5126
7712,581;96
7713,581;94
7714,581;98
7715,581;92
7716,581;7998
7717,581;5132
7718,581;78
7719,581;81
7720,581;77
7721,581;96
7722,581;8039
7723,581;5136
7724,581;88
7725,581;89
7726,581;91
7727,581;77
7728,581;8025
7729,581;5134
7730,581;88
7731,581;75
7732,581;89
7733,581;95
7734,581;8016
7735,581;5118
7736,581;75
7737,581;82
7738,581;83
7739,581;103
7740,581;8049
7741,581;5124
7742,581;80
7743,581;85
7744,581;77
7745,581;89
7746,581;8040
7747,581;5149
7748,581;82
7749,581;91
7750,581;88
7751,581;92
7752,581;8015
7753,581;5125
7754,581;79
7755,581;89
7756,581;86
7757,581;100
7758,581;8018
7759,581;5123
7760,581;81
7761,581;88
7762,581;77
7763,581;92
7764,581;8041
7765,581;5147
7766,581;98
7767,581;92
7768,581;95
7769,581;108
7770,581;8027
7771,581;5155
7772,581;89
7773,581;93
7774,581;93
7775,581;112
7776,581;8001
7777,581;5148
7778,581;86
7779,581;73
7780,677;103
7781,677;89
7782,677;8043
7783,677;5131
7784,677;79
7785,677;88
7786,677;101
7787,677;80
7788,677;8028
7789,677;5132
7790,677;82
7791,677;97
7792,677;84
7793,677;104
7794,677;8010
7795,677;5162
7796,677;83
7797,677;106
7798,677;91
7799,677;101
7800,677;8033
7801,677;5150
7802,677;78
7803,677;90
7804,677;84
7805,677;96
7806,677;8023
7807,677;5151
7808,677;96
7809,677;79
7810,677;101
7811,677;91
7812,677;7999
7813,677;5169
7814,677;91
7815,677;78
7816,677;91
7817,677;100
7818,677;8023
7819,677;5139
7820,677;87
7821,677;89
7822,677;80
7823,677;114
7824,677;8027
7825,677;5145
7826,677;84
7827,677;83
7828,677;84
7829,677;93
7830,677;8026
7831,677;5120
7832,677;98
7833,677;90
7834,677;100
7835,677;103
7836,677;8008
7837,677;5177
7838,677;88
7839,677;95
7840,677;93
7841,677;91
7842,677;8031
7843,677;5132
7844,677;87
7845,677;88
7846,677;83
7847,677;86
7848,677;8029
7849,677;5161
7850,677;88
7851,677;109
7852,677;95
7853,677;93
7854,677;8012
7855,677;5129
7856,677;99
7857,677;102
7858,677;104
7859,677;102
7860,677;8030
7861,677;5145
7862,677;91
7863,677;102
7864,677;95
7865,677;100
7866,677;8053
7867,677;5158
7868,677;82
7869,677;106
7870,677;95
7871,677;102
7872,677;8015
7873,677;5182
7874,677;92
7875,677;96
7876,677;86
7877,677;99
7878,677;8025
7879,677;5153
7880,677;100
7881,553;107
7882,553;97
7883,553;103
7884,553;8034
7885,553;5163
7886,553;80
7887,553;97
7888,553;95
7889,553;91
7890,553;8005
7891,553;5158
7892,553;94
7893,553;88
7894,553;95
7895,553;95
7896,553;7995
7897,553;5153
7898,553;80
7899,553;90
7900,553;103
7901,553;94
7902,553;8041
7903,553;5155
7904,553;85
7905,553;98
7906,553;109
7907,553;103
7908,553;8037
7909,553;5175
7910,553;100
7911,553;92
7912,553;88
7913,553;94
7914,553;8020
7915,553;5142
7916,553;90
7917,553;86
7918,553;86
7919,553;82
7920,553;8047
7921,553;5156
7922,553;92
7923,553;86
7924,553;113
7925,553;102
7926,553;8030
7927,553;5163
7928,553;93
7929,553;78
7930,553;87
7931,553;107
7932,553;8043
7933,553;5156
7934,553;89
7935,553;82
7936,553;84
7937,553;95
7938,553;8006
7939,553;5158
7940,553;95
7941,553;92
7942,553;112
7943,553;100
7944,553;8017
7945,553;5156
7946,553;91
7947,553;117
7948,553;90
7949,553;73
7950,553;8002
7951,553;5154
7952,553;78
7953,553;82
7954,553;78
7955,553;92
7956,553;7991
7957,553;5161
7958,553;85
7959,553;111
7960,553;91
7961,553;82
7962,553;8030
7963,553;5168
7964,553;80
7965,553;99
7966,553;85
7967,553;83
7968,553;8001
7969,553;5168
7970,553;68
7971,553;80
7972,553;81
7973,553;95
7974,553;7653
7975,553;5167
7976,553;86
7977,553;80
7978,553;86
7979,553;76
7980,553;7968
7981,553;5159
7982,902;72
7983,902;86
7984,902;91
7985,902;92
7986,902;7993
7987,902;5166
7988,902;85
7989,902;96
7990,902;72
7991,902;100
7992,902;7976
7993,902;5194
7994,902;64
7995,902;96
7996,902;88
7997,902;103
7998,902;7951
7999,902;5183
8000,902;82
8001,902;90
8002,902;87
8003,902;86
8004,902;8029
8005,902;5180
8006,902;79
8007,902;74
8008,902;87
8009,902;99
8010,902;8001
8011,902;5164
8012,902;84
8013,902;95
8014,902;91
8015,902;89
8016,902;7963
8017,902;5165
8018,902;94
8019,902;108
8020,902;100
8021,902;90
8022,902;8031
8023,902;5175
8024,902;95
8025,902;113
8026,902;106
8027,902;104
8028,902;7999
8029,902;5199
8030,902;83
8031,902;89
8032,902;91
8033,902;123
8034,902;8001
8035,902;5172
8036,902;83
8037,902;92
8038,902;91
8039,902;110
8040,902;7990
8041,902;5169
8042,902;79
8043,902;84
8044,902;96
8045,902;120
8046,902;8000
8047,902;5189
8048,902;97
8049,902;128
8050,902;99
8051,902;104
8052,902;8029
8053,902;5190
8054,902;68
8055,902;94
8056,902;105
8057,902;102
8058,902;8032
8059,902;5171
8060,902;79
8061,902;84
8062,902;96
8063,902;98
8064,902;7996
8065,902;5173
8066,902;103
8067,902;82
8068,902;76
8069,902;85
8070,902;7991
8071,902;5186
8072,902;77
8073,902;69
8074,902;109
8075,902;101
8076,902;8013
8077,902;5193
8078,902;94
8079,902;84
8080,902;105
8081,902;97
8082,902;8000
8082,902;5182
8083,902;91
8084,902;79
8085,902;86
8086,902;85
8087,902;7968
8088,902;5170
8089,902;103
8090,902;87
8091,902;97
8092,902;89
8093,902;7972
8094,902;5182
8095,902;93
8096,902;74
8097,902;91
8098,902;100
8099,902;7979
8100,902;5189
8101,902;89
8102,902;101
8103,902;74
8104,902;106
8105,902;7966
8106,902;5205
8107,902;85
8108,902;86
8109,902;81
8110,902;81
8111,902;8004
8112,902;5184
8113,902;96
8114,902;82
8115,902;98
8116,902;92
8117,902;7987
8118,902;5191
8119,902;100
8120,902;102
8121,902;87
8122,902;93
8123,902;8002
8124,902;5177
8125,902;102
8126,902;96
8127,902;86
8128,902;100
8129,902;7980
8130,902;5196
8131,902;69
8132,902;83
8133,902;91
8134,902;110
8135,902;7977
8136,902;5198
8137,902;91
8138,902;122
8139,902;97
8140,902;92
8141,902;7982
8142,902;5218
8143,902;81
8144,902;79
8145,902;98
8146,902;92
8147,902;7968
8148,902;5191
8149,902;99
8150,902;90
8151,902;64
8152,902;91
8153,902;7978
8154,902;5167
8155,902;80
8156,902;83
8157,902;98
8158,902;93
8159,902;7954
8160,902;5206
8161,902;85
8162,902;96
8163,902;104
8164,902;93
8165,902;7999
8166,902;5185
8167,902;74
8168,902;94
8169,902;90
8170,902;102
8171,902;7956
8172,902;5199
8173,902;98
8174,902;108
8175,902;100
8176,902;81
8177,902;7957
8178,902;5212
8179,902;92
8180,902;100
8181,902;85
8182,902;89
8184,996;7982
8185,996;5198
8186,996;87
8187,996;105
8188,996;87
8189,996;101
8190,996;7963
8191,996;5219
8192,996;93
8193,996;86
8194,996;82
8195,996;99
8196,996;7954
8197,996;5191
8198,996;81
8199,996;84
8200,996;94
8201,996;92
8202,996;7955
8203,996;5220
8204,996;80
8205,996;95
8206,996;89
8207,996;79
8208,996;7951
8209,996;5186
8210,996;84
8211,996;84
8212,996;101
8213,996;88
8214,996;7971
8215,996;5183
8216,996;72
8217,996;94
8218,996;89
8219,996;96
8220,996;7981
8221,996;5205
8222,996;73
8223,996;73
8224,996;72
8225,996;106
8226,996;7954
8227,996;5203
8228,996;80
8229,996;88
8230,996;95
8231,996;77
8232,996;7957
8233,996;5197
8234,996;81
8235,996;92
8236,996;85
8237,996;80
8238,996;7948
8239,996;5201
8240,996;89
8241,996;85
8242,996;86
8243,996;99
8244,996;7966
8245,996;5190
8246,996;79
8247,996;80
8248,996;92
8249,996;96
8250,996;7925
8251,996;5198
8252,996;87
8253,996;94
8254,996;102
8255,996;90
8256,996;7916
8257,996;5192
8258,996;82
8259,996;80
8260,996;94
8261,996;94
8262,996;7953
8263,996;5186
8264,996;84
8265,996;95
8266,996;87
8267,996;105
8268,996;7932
8269,996;5227
8270,996;71
8271,996;74
8272,996;102
8273,996;77
8274,996;7940
8275,996;5199
8276,996;81
8277,996;77
8278,996;99
8279,996;78
8280,996;7962
8281,996;5230
8282,996;67
8283,996;75
8284,996;89
8286,001;82
8287,001;7621
8288,001;5246
8289,001;81
8290,001;72
8291,001;78
8292,001;78
8293,001;7879
8294,001;5224
8295,001;72
8296,001;75
8297,001;87
8298,001;74
8299,001;7916
8300,001;5201
8301,001;79
8302,001;80
8303,001;86
8304,001;99
8305,001;7939
8306,001;5226
8307,001;84
8308,001;78
8309,001;84
8310,001;70
8311,001;7933
8312,001;5188
8313,001;94
8314,001;80
8315,001;90
8316,001;78
8317,001;7924
8318,001;5215
8319,001;72
8320,001;80
8321,001;79
8322,001;89
8323,001;7948
8324,001;5227
8325,001;76
8326,001;83
8327,001;96
8328,001;102
8329,001;7947
8330,001;5212
8331,001;78
8332,001;81
8333,001;104
8334,001;94
8335,001;7927
8336,001;5213
8337,001;69
8338,001;70
8339,001;104
8340,001;81
8341,001;7920
8342,001;5216
8343,001;92
8344,001;89
8345,001;93
8346,001;90
8347,001;7932
8348,001;5234
8349,001;90
8350,001;84
8351,001;91
8352,001;107
8353,001;7919
8354,001;5193
8355,001;77
8356,001;92
8357,001;97
8358,001;106
8359,001;7925
8360,001;5228
8361,001;79
8362,001;91
8363,001;90
8364,001;85
8365,001;7949
8366,001;5221
8367,001;82
8368,001;83
8369,001;90
8370,001;88
8371,001;7937
8372,001;5226
8373,001;82
8374,001;95
8375,001;102
8376,001;92
8377,001;7928
8378,001;5232
8379,001;75
8380,001;79
8381,001;90
8382,001;91
8383,001;7921
8384,001;5241
8385,001;66
8386,001;85
8386,003;93
8387,003;101
8388,003;7904
8389,003;5239
8390,003;81
8391,003;88
8392,003;90
8393,003;93
8394,003;7953
8395,003;5250
8396,003;88
8397,003;100
8398,003;90
8399,003;111
8400,003;7948
8401,003;5223
8402,003;87
8403,003;106
8404,003;104
8405,003;80
8406,003;7952
8407,003;5229
8408,003;86
8409,003;87
8410,003;72
8411,003;87
8412,003;7915
8413,003;5239
8414,003;81
8415,003;96
8416,003;105
8417,003;95
8418,003;7911
8419,003;5234
8420,003;89
8421,003;94
8422,003;98
8423,003;97
8424,003;7920
8425,003;5243
8426,003;78
8427,003;105
8428,003;88
8429,003;89
8430,003;7939
8431,003;5247
8432,003;97
8433,003;79
8434,003;72
8435,003;94
8436,003;7896
8437,003;5213
8438,003;85
8439,003;111
8440,003;81
8441,003;101
8442,003;7953
8443,003;5248
8444,003;92
8445,003;81
8446,003;94
8447,003;91
8448,003;7919
8449,003;5232
8450,003;71
8451,003;94
8452,003;91
8453,003;87
8454,003;7926
8455,003;5247
8456,003;83
8457,003;88
8458,003;86
8459,003;102
8460,003;7956
8461,003;5251
8462,003;83
8463,003;88
8464,003;100
8465,003;91
8466,003;7925
8467,003;5239
8468,003;89
8469,003;80
8470,003;82
8471,003;81
8472,003;7889
8473,003;5264
8474,003;89
8475,003;91
8476,003;98
8477,003;78
8478,003;7919
8479,003;5237
8480,003;85
8481,003;81
8482,003;91
8483,003;102
8484,003;7949
8485,003;5268
8486,003;88
8487,614;107
8488,614;95
8489,614;88
8490,614;7923
8491,614;5245
8492,614;84
8493,614;94
8494,614;98
8495,614;97
8496,614;7945
8497,614;5229
8498,614;84
8499,614;89
8500,614;90
8501,614;99
8502,614;7924
8503,614;5253
8504,614;98
8505,614;78
8506,614;101
8507,614;104
8508,614;7918
8509,614;5223
8510,614;82
8511,614;114
8512,614;93
8513,614;89
8514,614;7940
8515,614;5248
8516,614;116
8517,614;95
8518,614;105
8519,614;100
8520,614;7947
8521,614;5243
8522,614;85
8523,614;106
8524,614;90
8525,614;102
8526,614;7946
8527,614;5232
8528,614;79
8529,614;92
8530,614;102
8531,614;104
8532,614;7910
8533,614;5262
8534,614;90
8535,614;87
8536,614;97
8537,614;107
8538,614;7916
8539,614;5250
8540,614;95
8541,614;89
8542,614;73
8543,614;110
8544,614;7930
8545,614;5269
8546,614;86
8547,614;72
8548,614;100
8549,614;89
8550,614;7911
8551,614;5243
8552,614;81
8553,614;95
8554,614;81
8555,614;106
8556,614;7907
8557,614;5280
8558,614;83
8559,614;81
8560,614;95
8561,614;96
8562,614;7916
8563,614;5242
8564,614;95
8565,614;72
8566,614;82
8567,614;92
8568,614;7945
8569,614;5218
8570,614;81
8571,614;99
8572,614;93
8573,614;93
8574,614;7909
8575,614;5254
8576,614;74
8577,614;82
8578,614;81
8579,614;97
8580,614;7912
8581,614;5255
8582,614;83
8583,614;100
8584,614;81
8585,614;97
8586,614;7897
8587,614;5261
8588,614;82
8589,614;94
8590,614;88
8591,614;85
8592,614;7870
8593,614;5246
8594,614;73
8595,614;83
8596,614;95
8597,614;88
8598,614;7564
8599,614;5282
8600,614;76
8601,614;102
8602,614;107
8603,614;100
8604,614;7865
8605,614;5272
8606,614;85
8607,614;92
8608,614;86
8609,614;75
8610,614;7874
8611,614;5261
8612,614;89
8613,614;94
8614,614;88
8615,614;75
8616,614;7911
8617,614;5219
8618,614;85
8619,614;83
8620,614;76
8621,614;92
8622,614;7928
8623,614;5244
8624,614;84
8625,614;75
8626,614;90
8627,614;88
8628,614;7928
8629,614;5277
8630,614;74
8631,614;103
8632,614;94
8633,614;112
8634,614;7902
8635,614;5268
8636,614;96
8637,614;106
8638,614;120
8639,614;88
8640,614;7907
8641,614;5287
8642,614;72
8643,614;86
8644,614;112
8645,614;106
8646,614;7917
8647,614;5237
8648,614;104
8649,614;107
8650,614;80
8651,614;120
8652,614;7894
8653,614;5258
8654,614;84
8655,614;101
8656,614;84
8657,614;99
8658,614;7932
8659,614;5265
8660,614;87
8661,614;102
8662,614;107
8663,614;97
8664,614;7912
8665,614;5278
8666,614;94
8667,614;82
8668,614;103
8669,614;104
8670,614;7922
8671,614;5256
8672,614;100
8673,614;105
8674,614;114
8675,614;91
8676,614;7935
8677,614;5280
8678,614;88
8679,614;86
8680,614;94
8681,614;89
8682,614;7897
8683,614;5259
8684,614;79
8685,614;99
8686,614;96
8687,614;104
8688,614;7908
8689,227;5278
8690,227;105
8691,227;89
8692,227;85
8693,227;89
8694,227;7926
8695,227;5272
8696,227;81
8697,227;88
8698,227;84
8699,227;101
8700,227;7892
8701,227;5287
8702,227;100
8703,227;103
8704,227;92
8705,227;74
8706,227;7867
8707,227;5285
8708,227;73
8709,227;100
8710,227;98
8711,227;83
8712,227;7876
8713,227;5288
8714,227;97
8715,227;105
8716,227;99
8717,227;110
8718,227;7901
8719,227;5278
8720,227;95
8721,227;62
8722,227;109
8723,227;70
8724,227;7924
8725,227;5299
8726,227;95
8727,227;93
8728,227;96
8729,227;90
8730,227;7904
8731,227;5284
8732,227;91
8733,227;90
8734,227;87
8735,227;91
8736,227;7885
8737,227;5277
8738,227;100
8739,227;103
8740,227;95
8741,227;93
8742,227;7874
8743,227;5276
8744,227;101
8745,227;93
8746,227;92
8747,227;89
8748,227;7880
8749,227;5290
8750,227;83
8751,227;97
8752,227;102
8753,227;103
8754,227;7892
8755,227;5296
8756,227;93
8757,227;97
8758,227;109
8759,227;99
8760,227;7907
8761,227;5299
8762,227;99
8763,227;92
8764,227;95
8765,227;90
8766,227;7895
8767,227;5285
8768,227;79
8769,227;81
8770,227;84
8771,227;102
8772,227;7861
8773,227;5264
8774,227;80
8775,227;103
8776,227;87
8777,227;114
8778,227;7866
8779,227;5277
8780,227;100
8781,227;89
8782,227;95
8783,227;93
8784,227;7891
8785,227;5302
8786,227;95
8787,227;92
8788,227;98
8789,227;80
8789,869;7859
8790,869;5299
8791,869;89
8792,869;72
8793,869;91
8794,869;93
8795,869;7843
8796,869;5296
8797,869;100
8798,869;85
8799,869;106
8800,869;109
8801,869;7909
8802,869;5295
8803,869;78
8804,869;86
8805,869;101
8806,869;95
8807,869;7878
8808,869;5280
8809,869;109
8810,869;89
8811,869;95
8812,869;112
8813,869;7879
8814,869;5293
8815,869;82
8816,869;100
8817,869;102
8818,869;104
8819,869;7899
8820,869;5311
8821,869;97
8822,869;89
8823,869;75
8824,869;91
8825,869;7869
8826,869;5275
8827,869;94
8828,869;82
8829,869;82
8830,869;101
8831,869;7876
8832,869;5281
8833,869;84
8834,869;86
8835,869;96
8836,869;89
8837,869;7873
8838,869;5293
8839,869;82
8840,869;86
8841,869;101
8842,869;88
8843,869;7863
8844,869;5283
8845,869;107
8846,869;83
8847,869;104
8848,869;92
8849,869;7862
8850,869;5280
8851,869;93
8852,869;88
8853,869;93
8854,869;65
8855,869;7837
8856,869;5324
8857,869;78
8858,869;77
8859,869;92
8860,869;89
8861,869;7852
8862,869;5326
8863,869;67
8864,869;79
8865,869;69
8866,869;93
8867,869;7871
8868,869;5286
8869,869;79
8870,869;90
8871,869;80
8872,869;83
8873,869;7858
8874,869;5279
8875,869;78
8876,869;69
8877,869;96
8878,869;74
8879,869;7858
8880,869;5305
8881,869;94
8882,869;83
8883,869;86
8884,869;93
8885,869;7859
8886,869;5276
8887,869;85
8888,869;81
8889,869;70
8891,059;85
8892,059;7809
8893,059;5303
8894,059;69
8895,059;78
8896,059;87
8897,059;78
8898,059;7860
8899,059;5288
8900,059;72
8901,059;71
8902,059;86
8903,059;92
8904,059;7863
8905,059;5310
8906,059;72
8907,059;64
8908,059;83
8909,059;73
8910,059;7499
8911,059;5313
8912,059;63
8913,059;83
8914,059;75
8915,059;103
8916,059;7788
8917,059;5296
8918,059;90
8919,059;81
8920,059;101
8921,059;76
8922,059;7838
8923,059;5281
8924,059;77
8925,059;80
8926,059;80
8927,059;79
8928,059;7827
8929,059;5296
8930,059;70
8931,059;94
8932,059;99
8933,059;86
8934,059;7852
8935,059;5319
8936,059;73
8937,059;84
8938,059;81
8939,059;94
8940,059;7860
8941,059;5267
8942,059;90
8943,059;74
8944,059;83
8945,059;78
8946,059;7861
8947,059;5298
8948,059;71
8949,059;105
8950,059;89
8951,059;92
8952,059;7859
8953,059;5335
8954,059;82
8955,059;90
8956,059;92
8957,059;80
8958,059;7840
8959,059;5313
8960,059;69
8961,059;77
8962,059;93
8963,059;101
8964,059;7822
8965,059;5311
8966,059;65
8967,059;83
8968,059;92
8969,059;98
8970,059;7825
8971,059;5318
8972,059;76
8973,059;75
8974,059;99
8975,059;79
8976,059;7803
8977,059;5312
8978,059;59
8979,059;89
8980,059;100
8981,059;90
8982,059;7871
8983,059;5341
8984,059;79
8985,059;100
8986,059;107
8987,059;88
8988,059;7827
8989,059;5331
8990,059;62
8991,059;105
8992,158;99
8993,158;95
8994,158;7839
8995,158;5318
8996,158;68
8997,158;92
8998,158;93
8999,158;96
9000,158;7876
9001,158;5327
9002,158;87
9003,158;82
9004,158;106
9005,158;88
9006,158;7878
9007,158;5311
9008,158;91
9009,158;99
9010,158;97
9011,158;84
9012,158;7850
9013,158;5320
9014,158;72
9015,158;93
9016,158;87
9017,158;97
9018,158;7840
9019,158;5329
9020,158;92
9021,158;77
9022,158;109
9023,158;110
9024,158;7854
9025,158;5331
9026,158;76
9027,158;86
9028,158;95
9029,158;102
9030,158;7860
9031,158;5344
9032,158;87
9033,158;100
9034,158;96
9035,158;112
9036,158;7828
9037,158;5304
9038,158;91
9039,158;67
9040,158;109
9041,158;89
9042,158;7853
9043,158;5342
9044,158;109
9045,158;91
9046,158;85
9047,158;95
9048,158;7832
9049,158;5346
9050,158;85
9051,158;102
9052,158;109
9053,158;82
9054,158;7824
9055,158;5337
9056,158;96
9057,158;91
9058,158;109
9059,158;104
9060,158;7828
9061,158;5319
9062,158;92
9063,158;85
9064,158;102
9065,158;89
9066,158;7825
9067,158;5320
9068,158;100
9069,158;101
9070,158;87
9071,158;110
9072,158;7827
9073,158;5336
9074,158;89
9075,158;100
9076,158;101
9077,158;88
9078,158;7836
9079,158;5339
9080,158;85
9081,158;102
9082,158;100
9083,158;104
9084,158;7866
9085,158;5333
9086,158;82
9087,158;87
9088,158;92
9089,158;104
9090,158;7816
9091,158;5326
9092,158;91
9094,158;109
9095,158;97
9096,158;95
9097,158;7824
9098,158;5343
9099,158;99
9100,158;80
9101,158;93
9102,158;93
9103,158;7857
9104,158;5337
9105,158;96
9106,158;92
9107,158;103
9108,158;101
9109,158;7828
9110,158;5336
9111,158;101
9112,158;94
9113,158;102
9114,158;121
9115,158;7834
9116,158;5334
9117,158;84
9118,158;96
9119,158;84
9120,158;77
9121,158;7842
9122,158;5328
9123,158;84
9124,158;88
9125,158;103
9126,158;106
9127,158;7855
9128,158;5316
9129,158;101
9130,158;77
9131,158;104
9132,158;110
9133,158;7820
9134,158;5354
9135,158;103
9136,158;96
9137,158;96
9138,158;99
9139,158;7821
9140,158;5343
9141,158;92
9142,158;86
9143,158;114
9144,158;92
9145,158;7870
9146,158;5325
9147,158;109
9148,158;83
9149,158;107
9150,158;99
9151,158;7827
9152,158;5331
9153,158;81
9154,158;90
9155,158;105
9156,158;102
9157,158;7832
9158,158;5350
9159,158;86
9160,158;76
9161,158;85
9162,158;91
9163,158;7820
9164,158;5336
9165,158;105
9166,158;80
9167,158;108
9168,158;102
9169,158;7857
9170,158;5345
9171,158;82
9172,158;91
9173,158;111
9174,158;99
9175,158;7819
9176,158;5346
9177,158;94
9178,158;98
9179,158;104
9180,158;96
9181,158;7833
9182,158;5334
9183,158;93
9184,158;92
9185,158;102
9186,158;119
9187,158;7828
9188,158;5361
9189,158;99
9190,158;92
9191,158;97
9192,158;94
9193,158;7807
9194,158;5353
9194,626;80
9195,626;98
9196,626;94
9197,626;96
9198,626;7795
9199,626;5337
9200,626;78
9201,626;96
9202,626;75
9203,626;94
9204,626;7832
9205,626;5360
9206,626;64
9207,626;95
9208,626;98
9209,626;106
9210,626;7801
9211,626;5348
9212,626;91
9213,626;79
9214,626;86
9215,626;91
9216,626;7802
9217,626;5388
9218,626;69
9219,626;97
9220,626;94
9221,626;84
9222,626;7495
9223,626;5375
9224,626;83
9225,626;104
9226,626;77
9227,626;96
9228,626;7790
9229,626;5354
9230,626;81
9231,626;100
9232,626;88
9233,626;73
9234,626;7815
9235,626;5354
9236,626;95
9237,626;92
9238,626;102
9239,626;103
9240,626;7822
9241,626;5334
9242,626;72
9243,626;84
9244,626;99
9245,626;87
9246,626;7816
9247,626;5360
9248,626;103
9249,626;94
9250,626;98
9251,626;87
9252,626;7816
9253,626;5352
9254,626;97
9255,626;97
9256,626;86
9257,626;88
9258,626;7819
9259,626;5372
9260,626;97
9261,626;85
9262,626;81
9263,626;94
9264,626;7818
9265,626;5361
9266,626;94
9267,626;108
9268,626;108
9269,626;90
9270,626;7817
9271,626;5337
9272,626;81
9273,626;92
9274,626;120
9275,626;84
9276,626;7805
9277,626;5350
9278,626;99
9279,626;83
9280,626;100
9281,626;89
9282,626;7849
9283,626;5327
9284,626;80
9285,626;106
9286,626;109
9287,626;107
9288,626;7808
9289,626;5357
9290,626;94
9291,626;83
9292,626;87
9293,626;95
9294,626;7798
9295,808;5371
9296,808;83
9297,808;89
9298,808;104
9299,808;101
9300,808;7825
9301,808;5353
9302,808;80
9303,808;99
9304,808;106
9305,808;89
9306,808;7837
9307,808;5352
9308,808;70
9309,808;103
9310,808;89
9311,808;91
9312,808;7812
9313,808;5362
9314,808;91
9315,808;95
9316,808;96
9317,808;78
9318,808;7804
9319,808;5388
9320,808;87
9321,808;86
9322,808;100
9323,808;92
9324,808;7778
9325,808;5355
9326,808;95
9327,808;97
9328,808;87
9329,808;105
9330,808;7784
9331,808;5362
9332,808;85
9333,808;84
9334,808;103
9335,808;89
9336,808;7770
9337,808;5392
9338,808;90
9339,808;89
9340,808;106
9341,808;93
9342,808;7804
9343,808;5367
9344,808;85
9345,808;93
9346,808;100
9347,808;116
9348,808;7819
9349,808;5352
9350,808;93
9351,808;99
9352,808;88
9353,808;103
9354,808;7811
9355,808;5362
9356,808;109
9357,808;111
9358,808;99
9359,808;102
9360,808;7823
9361,808;5372
9362,808;96
9363,808;101
9364,808;110
9365,808;93
9366,808;7805
9367,808;5383
9368,808;93
9369,808;91
9370,808;93
9371,808;91
9372,808;7802
9373,808;5394
9374,808;96
9375,808;102
9376,808;100
9377,808;87
9378,808;7778
9379,808;5358
9380,808;80
9381,808;85
9382,808;91
9383,808;101
9384,808;7790
9385,808;5350
9386,808;72
9387,808;99
9388,808;83
9389,808;74
9390,808;7768
9391,808;5366
9392,808;77
9393,808;90
9394,808;102
9395,808;109
9397,332;7756
9398,332;5369
9399,332;92
9400,332;88
9401,332;89
9402,332;92
9403,332;7771
9404,332;5374
9405,332;96
9406,332;84
9407,332;114
9408,332;84
9409,332;7761
9410,332;5387
9411,332;81
9412,332;92
9413,332;81
9414,332;89
9415,332;7763
9416,332;5380
9417,332;92
9418,332;105
9419,332;105
9420,332;104
9421,332;7772
9422,332;5373
9423,332;78
9424,332;84
9425,332;91
9426,332;94
9427,332;7806
9428,332;5384
9429,332;71
9430,332;87
9431,332;89
9432,332;92
9433,332;7769
9434,332;5381
9435,332;71
9436,332;96
9437,332;80
9438,332;99
9439,332;7765
9440,332;5395
9441,332;99
9442,332;93
9443,332;71
9444,332;89
9445,332;7787
9446,332;5385
9447,332;66
9448,332;86
9449,332;97
9450,332;88
9451,332;7775
9452,332;5405
9453,332;77
9454,332;97
9455,332;102
9456,332;115
9457,332;7748
9458,332;5392
9459,332;88
9460,332;97
9461,332;97
9462,332;88
9463,332;7768
9464,332;5379
9465,332;79
9466,332;83
9467,332;106
9468,332;78
9469,332;7755
9470,332;5410
9471,332;82
9472,332;99
9473,332;78
9474,332;91
9475,332;7774
9476,332;5388
9477,332;62
9478,332;88
9479,332;87
9480,332;94
9481,332;7771
9482,332;5379
9483,332;84
9484,332;79
9485,332;77
9486,332;85
9487,332;7793
9488,332;5363
9489,332;64
9490,332;81
9491,332;84
9492,332;84
9493,332;7765
9494,332;5403
9495,332;73
9496,332;87
9497,332;71
9497,565;97
9498,565;7735
9499,565;5400
9500,565;87
9501,565;81
9502,565;92
9503,565;90
9504,565;7777
9505,565;5362
9506,565;83
9507,565;71
9508,565;77
9509,565;80
9510,565;7757
9511,565;5386
9512,565;72
9513,565;83
9514,565;71
9515,565;91
9516,565;7731
9517,565;5395
9518,565;63
9519,565;78
9520,565;80
9521,565;83
9522,565;7740
9523,565;5387
9524,565;63
9525,565;75
9526,565;87
9527,565;80
9528,565;7764
9529,565;5406
9530,565;72
9531,565;69
9532,565;92
9533,565;78
9534,565;7444
9535,565;5386
9536,565;75
9537,565;58
9538,565;86
9539,565;82
9540,565;7698
9541,565;5396
9542,565;81
9543,565;59
9544,565;89
9545,565;97
9546,565;7744
9547,565;5385
9548,565;73
9549,565;79
9550,565;80
9551,565;82
9552,565;7749
9553,565;5402
9554,565;83
9555,565;76
9556,565;66
9557,565;71
9558,565;7740
9559,565;5397
9560,565;79
9561,565;90
9562,565;82
9563,565;84
9564,565;7767
9565,565;5394
9566,565;97
9567,565;92
9568,565;89
9569,565;87
9570,565;7762
9571,565;5385
9572,565;83
9573,565;96
9574,565;85
9575,565;99
9576,565;7710
9577,565;5385
9578,565;77
9579,565;84
9580,565;90
9581,565;83
9582,565;7760
9583,565;5411
9584,565;78
9585,565;74
9586,565;99
9587,565;84
9588,565;7756
9589,565;5413
9590,565;85
9591,565;104
9592,565;108
9593,565;84
9594,565;7724
9595,565;5407
9596,565;73
9597,565;80
9598,011;79
9599,011;95
9600,011;7763
9601,011;5400
9602,011;82
9603,011;74
9604,011;104
9605,011;83
9606,011;7752
9607,011;5421
9608,011;93
9609,011;86
9610,011;105
9611,011;93
9612,011;7757
9613,011;5377
9614,011;87
9615,011;91
9616,011;100
9617,011;92
9618,011;7766
9619,011;5404
9620,011;75
9621,011;86
9622,011;101
9623,011;88
9624,011;7742
9625,011;5418
9626,011;87
9627,011;92
9628,011;99
9629,011;101
9630,011;7753
9631,011;5405
9632,011;73
9633,011;90
9634,011;88
9635,011;85
9636,011;7719
9637,011;5409
9638,011;74
9639,011;94
9640,011;89
9641,011;80
9642,011;7747
9643,011;5414
9644,011;85
9645,011;80
9646,011;86
9647,011;83
9648,011;7728
9649,011;5417
9650,011;82
9651,011;100
9652,011;84
9653,011;87
9654,011;7747
9655,011;5402
9656,011;81
9657,011;111
9658,011;90
9659,011;131
9660,011;7771
9661,011;5413
9662,011;92
9663,011;92
9664,011;103
9665,011;79
9666,011;7754
9667,011;5421
9668,011;73
9669,011;83
9670,011;105
9671,011;100
9672,011;7740
9673,011;5428
9674,011;76
9675,011;98
9676,011;108
9677,011;84
9678,011;7754
9679,011;5412
9680,011;87
9681,011;84
9682,011;93
9683,011;74
9684,011;7747
9685,011;5408
9686,011;72
9687,011;94
9688,011;93
9689,011;99
9690,011;7720
9691,011;5411
9692,011;72
9693,011;85
9694,011;106
9695,011;83
9696,011;7722
9697,011;5433
9698,011;72
9699,011;78
9700,011;112
9701,011;86
9702,011;7777
9703,011;5409
9704,011;81
9705,011;101
9706,011;97
9707,011;107
9708,011;7838
9709,011;5312
9710,011;98
9711,011;90
9712,011;89
9713,011;87
9714,011;7758
9715,011;5430
9716,011;98
9717,011;90
9718,011;71
9719,011;93
9720,011;7750
9721,011;5451
9722,011;74
9723,011;107
9724,011;109
9725,011;95
9726,011;7741
9727,011;5436
9728,011;91
9729,011;93
9730,011;99
9731,011;93
9732,011;7737
9733,011;5416
9734,011;86
9735,011;92
9736,011;93
9737,011;104
9738,011;7738
9739,011;5421
9740,011;69
9741,011;84
9742,011;92
9743,011;93
9744,011;7752
9745,011;5433
9746,011;97
9747,011;96
9748,011;69
9749,011;91
9750,011;7745
9751,011;5420
9752,011;88
9753,011;91
9754,011;92
9755,011;107
9756,011;7716
9757,011;5426
9758,011;95
9759,011;97
9760,011;101
9761,011;93
9762,011;7737
9763,011;5416
9764,011;94
9765,011;94
9766,011;93
9767,011;89
9768,011;7735
9769,011;5430
9770,011;101
9771,011;90
9772,011;91
9773,011;111
9774,011;7721
9775,011;5445
9776,011;95
9777,011;107
9778,011;96
9779,011;88
9780,011;7770
9781,011;5428
9782,011;89
9783,011;93
9784,011;106
9785,011;92
9786,011;7747
9787,011;5422
9788,011;99
9789,011;84
9790,011;81
9791,011;95
9792,011;7760
9793,011;5422
9794,011;91
9795,011;87
9796,011;100
9797,011;92
9798,011;7726
9799,011;5436
9799,981;97
9800,981;92
9801,981;107
9802,981;105
9803,981;7734
9804,981;5439
9805,981;96
9806,981;89
9807,981;94
9808,981;95
9809,981;7736
9810,981;5451
9811,981;89
9812,981;82
9813,981;105
9814,981;89
9815,981;7726
9816,981;5433
9817,981;97
9818,981;112
9819,981;111
9820,981;101
9821,981;7726
9822,981;5441
9823,981;89
9824,981;94
9825,981;88
9826,981;113
9827,981;7740
9828,981;5432
9829,981;88
9830,981;105
9831,981;98
9832,981;110
9833,981;7710
9834,981;5466
9835,981;73
9836,981;95
9837,981;108
9838,981;107
9839,981;7724
9840,981;5439
9841,981;77
9842,981;75
9843,981;99
9844,981;97
9845,981;7397
9846,981;5467
9847,981;82
9848,981;93
9849,981;75
9850,981;81
9851,981;7647
9852,981;5446
9853,981;78
9854,981;92
9855,981;89
9856,981;107
9857,981;7723
9858,981;5438
9859,981;94
9860,981;96
9861,981;108
9862,981;97
9863,981;7768
9864,981;5458
9865,981;83
9866,981;78
9867,981;94
9868,981;97
9869,981;7724
9870,981;5455
9871,981;83
9872,981;91
9873,981;117
9874,981;96
9875,981;7720
9876,981;5427
9877,981;92
9878,981;88
9879,981;113
9880,981;100
9881,981;7698
9882,981;5439
9883,981;94
9884,981;101
9885,981;90
9886,981;99
9887,981;7729
9888,981;5418
9889,981;88
9890,981;84
9891,981;100
9892,981;85
9893,981;7735
9894,981;5451
9895,981;77
9896,981;103
9897,981;103
9898,981;92
9899,981;7742
9902,17;5440
9903,17;64
9904,17;76
9905,17;101
9906,17;89
9907,17;7741
9908,17;5474
9909,17;86
9910,17;79
9911,17;101
9912,17;115
9913,17;7691
9914,17;5458
9915,17;74
9916,17;107
9917,17;97
9918,17;96
9919,17;7702
9920,17;5454
9921,17;79
9922,17;96
9923,17;98
9924,17;80
9925,17;7731
9926,17;5466
9927,17;107
9928,17;100
9929,17;106
9930,17;101
9931,17;7715
9932,17;5456
9933,17;95
9934,17;98
9935,17;93
9936,17;77
9937,17;7688
9938,17;5470
9939,17;85
9940,17;108
9941,17;103
9942,17;91
9943,17;7721
9944,17;5443
9945,17;106
9946,17;87
9947,17;98
9948,17;104
9949,17;7704
9950,17;5459
9951,17;97
9952,17;122
9953,17;96
9954,17;101
9955,17;7706
9956,17;5452
9957,17;97
9958,17;97
9959,17;79
9960,17;120
9961,17;7688
9962,17;5476
9963,17;83
9964,17;87
9965,17;98
9966,17;96
9967,17;7690
9968,17;5481
9969,17;77
9970,17;92
9971,17;101
9972,17;97
9973,17;7666
9974,17;5472
9975,17;97
9976,17;87
9977,17;92
9978,17;103
9979,17;7708
9980,17;5456
9981,17;97
9982,17;100
9983,17;102
9984,17;96
9985,17;7704
9986,17;5468
9987,17;71
9988,17;105
9989,17;85
9990,17;87
9991,17;7683
9992,17;5470
9993,17;91
9994,17;89
9995,17;89
9996,17;90
9997,17;7633
9998,17;5452
9999,17;78
10000,17;92
10001,17;91
10002,17;76
10001,685;7725
10002,685;5481
10003,685;102
10004,685;94
10005,685;83
10006,685;83
10007,685;7720
10008,685;5469
10009,685;94
10010,685;88
10011,685;105
10012,685;89
10013,685;7697
10014,685;5464
10015,685;83
10016,685;84
10017,685;104
10018,685;95
10019,685;7710
10020,685;5473
10021,685;102
10022,685;94
10023,685;86
10024,685;98
10025,685;7716
10026,685;5475
10027,685;88
10028,685;108
10029,685;80
10030,685;76
10031,685;7688
10032,685;5466
10033,685;81
10034,685;99
10035,685;86
10036,685;102
10037,685;7693
10038,685;5456
10039,685;87
10040,685;92
10041,685;102
10042,685;98
10043,685;7694
10044,685;5471
10045,685;100
10046,685;99
10047,685;88
10048,685;96
10049,685;7680
10050,685;5460
10051,685;78
10052,685;89
10053,685;97
10054,685;99
10055,685;7640
10056,685;5471
10057,685;76
10058,685;99
10059,685;77
10060,685;95
10061,685;7680
10062,685;5491
10063,685;83
10064,685;99
10065,685;93
10066,685;115
10067,685;7689
10068,685;5479
10069,685;66
10070,685;85
10071,685;109
10072,685;105
10073,685;7662
10074,685;5465
10075,685;83
10076,685;88
10077,685;104
10078,685;88
10079,685;7688
10080,685;5475
10081,685;93
10082,685;87
10083,685;91
10084,685;86
10085,685;7666
10086,685;5478
10087,685;82
10088,685;83
10089,685;103
10090,685;100
10091,685;7660
10092,685;5467
10093,685;81
10094,685;70
10095,685;89
10096,685;91
10097,685;7673
10098,685;5465
10099,685;65
10100,685;83
10101,685;94
10103,744;94
10104,744;7681
10105,744;5473
10106,744;100
10107,744;90
10108,744;87
10109,744;81
10110,744;7654
10111,744;5465
10112,744;91
10113,744;78
10114,744;79
10115,744;69
10116,744;7652
10117,744;5484
10118,744;95
10119,744;84
10120,744;98
10121,744;89
10122,744;7678
10123,744;5479
10124,744;70
10125,744;104
10126,744;79
10127,744;88
10128,744;7631
10129,744;5478
10130,744;78
10131,744;76
10132,744;90
10133,744;97
10134,744;7678
10135,744;5476
10136,744;76
10137,744;67
10138,744;81
10139,744;82
10140,744;7645
10141,744;5478
10142,744;81
10143,744;82
10144,744;70
10145,744;83
10146,744;7647
10147,744;5483
10148,744;77
10149,744;74
10150,744;75
10151,744;79
10152,744;7636
10153,744;5498
10154,744;71
10155,744;82
10156,744;69
10157,744;76
10158,744;7310
10159,744;5499
10160,744;85
10161,744;86
10162,744;83
10163,744;83
10164,744;7593
10165,744;5472
10166,744;82
10167,744;83
10168,744;70
10169,744;89
10170,744;7646
10171,744;5494
10172,744;56
10173,744;64
10174,744;75
10175,744;80
10176,744;7631
10177,744;5462
10178,744;66
10179,744;86
10180,744;83
10181,744;74
10182,744;7648
10183,744;5504
10184,744;79
10185,744;72
10186,744;88
10187,744;72
10188,744;7653
10189,744;5504
10190,744;75
10191,744;94
10192,744;89
10193,744;98
10194,744;7665
10195,744;5484
10196,744;80
10197,744;76
10198,744;107
10199,744;90
10200,744;7740
10201,744;5414
10202,744;85
10203,744;88
10205,744;82
10206,744;95
10207,744;7671
10208,744;5488
10209,744;89
10210,744;86
10211,744;80
10212,744;98
10213,744;7657
10214,744;5498
10215,744;67
10216,744;70
10217,744;85
10218,744;96
10219,744;7661
10220,744;5510
10221,744;101
10222,744;100
10223,744;81
10224,744;85
10225,744;7675
10226,744;5500
10227,744;92
10228,744;95
10229,744;83
10230,744;84
10231,744;7649
10232,744;5498
10233,744;99
10234,744;74
10235,744;89
10236,744;91
10237,744;7619
10238,744;5513
10239,744;106
10240,744;103
10241,744;88
10242,744;87
10243,744;7655
10244,744;5498
10245,744;77
10246,744;86
10247,744;98
10248,744;96
10249,744;7647
10250,744;5534
10251,744;101
10252,744;77
10253,744;106
10254,744;79
10255,744;7640
10256,744;5483
10257,744;69
10258,744;88
10259,744;88
10260,744;106
10261,744;7669
10262,744;5493
10263,744;78
10264,744;76
10265,744;103
10266,744;109
10267,744;7628
10268,744;5491
10269,744;94
10270,744;86
10271,744;89
10272,744;86
10273,744;7724
10274,744;5430
10275,744;72
10276,744;94
10277,744;90
10278,744;115
10279,744;7643
10280,744;5494
10281,744;78
10282,744;89
10283,744;86
10284,744;112
10285,744;7644
10286,744;5493
10287,744;81
10288,744;95
10289,744;111
10290,744;73
10291,744;7644
10292,744;5541
10293,744;102
10294,744;60
10295,744;91
10296,744;102
10297,744;7633
10298,744;5519
10299,744;89
10300,744;94
10301,744;85
10302,744;98
10303,744;7693
10304,744;5505
10305,744;102
10305,961;106
10306,961;89
10307,961;90
10308,961;7651
10309,961;5502
10310,961;88
10311,961;84
10312,961;98
10313,961;83
10314,961;7630
10315,961;5513
10316,961;81
10317,961;87
10318,961;91
10319,961;93
10320,961;7656
10321,961;5534
10322,961;87
10323,961;84
10324,961;94
10325,961;80
10326,961;7641
10327,961;5518
10328,961;83
10329,961;97
10330,961;94
10331,961;102
10332,961;7621
10333,961;5540
10334,961;90
10335,961;81
10336,961;94
10337,961;86
10338,961;7644
10339,961;5524
10340,961;88
10341,961;80
10342,961;95
10343,961;101
10344,961;7628
10345,961;5515
10346,961;96
10347,961;92
10348,961;99
10349,961;95
10350,961;7633
10351,961;5509
10352,961;81
10353,961;99
10354,961;97
10355,961;122
10356,961;7629
10357,961;5538
10358,961;77
10359,961;103
10360,961;108
10361,961;97
10362,961;7659
10363,961;5536
10364,961;94
10365,961;85
10366,961;91
10367,961;101
10368,961;7609
10369,961;5535
10370,961;86
10371,961;101
10372,961;83
10373,961;91
10374,961;7638
10375,961;5498
10376,961;94
10377,961;100
10378,961;99
10379,961;88
10380,961;7718
10381,961;5459
10382,961;98
10383,961;91
10384,961;99
10385,961;84
10386,961;7650
10387,961;5521
10388,961;94
10389,961;93
10390,961;121
10391,961;94
10392,961;7668
10393,961;5523
10394,961;94
10395,961;74
10396,961;83
10397,961;103
10398,961;7643
10399,961;5505
10400,961;96
10401,961;99
10402,961;98
10403,961;86
10404,961;7676
10405,961;5527
10405,878;79
10406,878;74
10407,878;93
10408,878;97
10409,878;7647
10410,878;5526
10411,878;94
10412,878;93
10413,878;91
10414,878;97
10415,878;7607
10416,878;5509
10417,878;87
10418,878;80
10419,878;98
10420,878;91
10421,878;7651
10422,878;5510
10423,878;101
10424,878;104
10425,878;91
10426,878;102
10427,878;7626
10428,878;5530
10429,878;83
10430,878;108
10431,878;92
10432,878;106
10433,878;7637
10434,878;5575
10435,878;100
10436,878;101
10437,878;114
10438,878;114
10439,878;7646
10440,878;5525
10441,878;91
10442,878;95
10443,878;110
10444,878;91
10445,878;7638
10446,878;5505
10447,878;84
10448,878;96
10449,878;100
10450,878;107
10451,878;7612
10452,878;5539
10453,878;92
10454,878;113
10455,878;95
10456,878;104
10457,878;7609
10458,878;5535
10459,878;77
10460,878;92
10461,878;101
10462,878;102
10463,878;7622
10464,878;5530
10465,878;79
10466,878;97
10467,878;98
10468,878;75
10469,878;7265
10470,878;5552
10471,878;82
10472,878;96
10473,878;102
10474,878;102
10475,878;7562
10476,878;5532
10477,878;100
10478,878;96
10479,878;89
10480,878;96
10481,878;7617
10482,878;5544
10483,878;102
10484,878;109
10485,878;95
10486,878;97
10487,878;7614
10488,878;5522
10489,878;86
10490,878;87
10491,878;99
10492,878;87
10493,878;7630
10494,878;5505
10495,878;91
10496,878;97
10497,878;106
10498,878;104
10499,878;7617
10500,878;5547
10501,878;85
10502,878;78
10503,878;109
10504,878;90
10505,878;7656
10507,028;5517
10508,028;77
10509,028;81
10510,028;95
10511,028;100
10512,028;7612
10513,028;5528
10514,028;85
10515,028;76
10516,028;97
10517,028;99
10518,028;7627
10519,028;5540
10520,028;102
10521,028;78
10522,028;101
10523,028;103
10524,028;7628
10525,028;5532
10526,028;92
10527,028;90
10528,028;97
10529,028;100
10530,028;7619
10531,028;5562
10532,028;103
10533,028;95
10534,028;107
10535,028;91
10536,028;7634
10537,028;5557
10538,028;80
10539,028;98
10540,028;88
10541,028;105
10542,028;7632
10543,028;5554
10544,028;80
10545,028;102
10546,028;104
10547,028;96
10548,028;7627
10549,028;5535
10550,028;83
10551,028;100
10552,028;89
10553,028;94
10554,028;7628
10555,028;5537
10556,028;87
10557,028;95
10558,028;111
10559,028;106
10560,028;7606
10561,028;5531
10562,028;86
10563,028;89
10564,028;96
10565,028;118
10566,028;7578
10567,028;5564
10568,028;88
10569,028;94
10570,028;92
10571,028;96
10572,028;7595
10573,028;5528
10574,028;87
10575,028;100
10576,028;94
10577,028;90
10578,028;7606
10579,028;5550
10580,028;82
10581,028;96
10582,028;96
10583,028;100
10584,028;7635
10585,028;5550
10586,028;93
10587,028;92
10588,028;81
10589,028;84
10590,028;7617
10591,028;5562
10592,028;68
10593,028;81
10594,028;104
10595,028;98
10596,028;7570
10597,028;5550
10598,028;84
10599,028;87
10600,028;101
10601,028;104
10602,028;7615
10603,028;5535
10604,028;89
10605,028;77
10606,028;91
10607,028;82
10608,849;7578
10609,849;5561
10610,849;88
10611,849;109
10612,849;98
10613,849;76
10614,849;7586
10615,849;5541
10616,849;92
10617,849;87
10618,849;86
10619,849;109
10620,849;7615
10621,849;5551
10622,849;83
10623,849;113
10624,849;108
10625,849;98
10626,849;7591
10627,849;5565
10628,849;84
10629,849;93
10630,849;76
10631,849;87
10632,849;7585
10633,849;5572
10634,849;82
10635,849;97
10636,849;92
10637,849;93
10638,849;7600
10639,849;5531
10640,849;96
10641,849;110
10642,849;104
10643,849;90
10644,849;7591
10645,849;5555
10646,849;95
10647,849;98
10648,849;110
10649,849;88
10650,849;7586
10651,849;5535
10652,849;98
10653,849;100
10654,849;98
10655,849;89
10656,849;7570
10657,849;5561
10658,849;73
10659,849;88
10660,849;101
10661,849;92
10662,849;7600
10663,849;5544
10664,849;70
10665,849;88
10666,849;82
10667,849;96
10668,849;7591
10669,849;5570
10670,849;90
10671,849;99
10672,849;93
10673,849;99
10674,849;7547
10675,849;5570
10676,849;88
10677,849;85
10678,849;83
10679,849;93
10680,849;7586
10681,849;5553
10682,849;96
10683,849;77
10684,849;90
10685,849;85
10686,849;7592
10687,849;5585
10688,849;80
10689,849;94
10690,849;85
10691,849;76
10692,849;7591
10693,849;5548
10694,849;81
10695,849;74
10696,849;89
10697,849;82
10698,849;7608
10699,849;5557
10700,849;87
10701,849;90
10702,849;92
10703,849;89
10704,849;7568
10705,849;5559
10706,849;92
10707,849;94
10708,849;93
10708,849;103
10709,849;7571
10710,849;5566
10711,849;72
10712,849;96
10713,849;82
10714,849;77
10715,849;7582
10716,849;5586
10717,849;95
10718,849;93
10719,849;85
10720,849;103
10721,849;7603
10722,849;5606
10723,849;88
10724,849;87
10725,849;77
10726,849;78
10727,849;7563
10728,849;5571
10729,849;71
10730,849;82
10731,849;88
10732,849;84
10733,849;7550
10734,849;5568
10735,849;95
10736,849;74
10737,849;88
10738,849;91
10739,849;7587
10740,849;5579
10741,849;97
10742,849;68
10743,849;89
10744,849;114
10745,849;7604
10746,849;5546
10747,849;103
10748,849;94
10749,849;100
10750,849;76
10751,849;7582
10752,849;5545
10753,849;79
10754,849;92
10755,849;89
10756,849;96
10757,849;7586
10758,849;5556
10759,849;90
10760,849;74
10761,849;84
10762,849;90
10763,849;7592
10764,849;5590
10765,849;71
10766,849;89
10767,849;102
10768,849;84
10769,849;7574
10770,849;5563
10771,849;85
10772,849;68
10773,849;71
10774,849;88
10775,849;7566
10776,849;5575
10777,849;73
10778,849;79
10779,849;73
10780,849;75
10781,849;7234
10782,849;5584
10783,849;77
10784,849;77
10785,849;104
10786,849;93
10787,849;7501
10788,849;5594
10789,849;79
10790,849;86
10791,849;92
10792,849;86
10793,849;7553
10794,849;5557
10795,849;84
10796,849;85
10797,849;78
10798,849;91
10799,849;7583
10800,849;5560
10801,849;99
10802,849;84
10803,849;78
10804,849;81
10805,849;7550
10806,849;5574
10807,849;72
10808,849;89
10811,275;85
10812,275;88
10813,275;7541
10814,275;5597
10815,275;67
10816,275;76
10817,275;82
10818,275;94
10819,275;7579
10820,275;5579
10821,275;103
10822,275;92
10823,275;81
10824,275;84
10825,275;7541
10826,275;5580
10827,275;98
10828,275;92
10829,275;73
10830,275;102
10831,275;7564
10832,275;5571
10833,275;66
10834,275;92
10835,275;96
10836,275;73
10837,275;7540
10838,275;5575
10839,275;96
10840,275;104
10841,275;84
10842,275;88
10843,275;7587
10844,275;5540
10845,275;87
10846,275;101
10847,275;102
10848,275;102
10849,275;7556
10850,275;5583
10851,275;90
10852,275;87
10853,275;90
10854,275;97
10855,275;7575
10856,275;5617
10857,275;71
10858,275;86
10859,275;91
10860,275;98
10861,275;7551
10862,275;5578
10863,275;96
10864,275;71
10865,275;106
10866,275;87
10867,275;7572
10868,275;5604
10869,275;87
10870,275;95
10871,275;72
10872,275;88
10873,275;7545
10874,275;5622
10875,275;85
10876,275;93
10877,275;89
10878,275;86
10879,275;7550
10880,275;5583
10881,275;83
10882,275;97
10883,275;103
10884,275;83
10885,275;7570
10886,275;5594
10887,275;89
10888,275;108
10889,275;72
10890,275;102
10891,275;7539
10892,275;5584
10893,275;93
10894,275;103
10895,275;92
10896,275;73
10897,275;7545
10898,275;5578
10899,275;75
10900,275;81
10901,275;94
10902,275;79
10903,275;7584
10904,275;5598
10905,275;95
10906,275;98
10907,275;102
10908,275;77
10909,275;7571
10910,275;5594
10911,275;92
10911,578;84
10912,578;79
10913,578;92
10914,578;7550
10915,578;5587
10916,578;88
10917,578;108
10918,578;83
10919,578;83
10920,578;7567
10921,578;5617
10922,578;75
10923,578;87
10924,578;97
10925,578;88
10926,578;7531
10927,578;5610
10928,578;91
10929,578;86
10930,578;79
10931,578;110
10932,578;7561
10933,578;5588
10934,578;83
10935,578;110
10936,578;78
10937,578;84
10938,578;7529
10939,578;5619
10940,578;85
10941,578;83
10942,578;94
10943,578;92
10944,578;7566
10945,578;5587
10946,578;87
10947,578;103
10948,578;103
10949,578;103
10950,578;7564
10951,578;5595
10952,578;74
10953,578;74
10954,578;97
10955,578;84
10956,578;7548
10957,578;5589
10958,578;90
10959,578;98
10960,578;106
10961,578;95
10962,578;7562
10963,578;5607
10964,578;90
10965,578;88
10966,578;95
10967,578;113
10968,578;7522
10969,578;5623
10970,578;82
10971,578;113
10972,578;99
10973,578;111
10974,578;7543
10975,578;5622
10976,578;116
10977,578;85
10978,578;88
10979,578;87
10980,578;7559
10981,578;5607
10982,578;72
10983,578;91
10984,578;94
10985,578;97
10986,578;7554
10987,578;5628
10988,578;105
10989,578;88
10990,578;76
10991,578;108
10992,578;7521
10993,578;5586
10994,578;102
10995,578;108
10996,578;79
10997,578;104
10998,578;7541
10999,578;5617
11000,578;95
11001,578;97
11002,578;86
11003,578;97
11004,578;7553
11005,578;5608
11006,578;72
11007,578;86
11008,578;98
11009,578;104
11010,578;7565
11011,578;5613
11011,53;96
11012,53;89
11013,53;97
11014,53;108
11015,53;7515
11016,53;5636
11017,53;79
11018,53;95
11019,53;93
11020,53;116
11021,53;7538
11022,53;5620
11023,53;83
11024,53;77
11025,53;92
11026,53;92
11027,53;7577
11028,53;5614
11029,53;85
11030,53;95
11031,53;103
11032,53;98
11033,53;7546
11034,53;5611
11035,53;88
11036,53;81
11037,53;100
11038,53;94
11039,53;7570
11040,53;5621
11041,53;103
11042,53;83
11043,53;96
11044,53;120
11045,53;7537
11046,53;5616
11047,53;85
11048,53;112
11049,53;103
11050,53;90
11051,53;7538
11052,53;5616
11053,53;87
11054,53;86
11055,53;101
11056,53;101
11057,53;7541
11058,53;5619
11059,53;86
11060,53;76
11061,53;104
11062,53;120
11063,53;7619
11064,53;5550
11065,53;85
11066,53;90
11067,53;93
11068,53;90
11069,53;7571
11070,53;5617
11071,53;91
11072,53;92
11073,53;93
11074,53;101
11075,53;7542
11076,53;5625
11077,53;80
11078,53;95
11079,53;102
11080,53;98
11081,53;7537
11082,53;5640
11083,53;90
11084,53;89
11085,53;99
11086,53;111
11087,53;7536
11088,53;5617
11089,53;88
11090,53;95
11091,53;108
11092,53;97
11093,53;7194
11094,53;5630
11095,53;97
11096,53;80
11097,53;92
11098,53;82
11099,53;7467
11100,53;5634
11101,53;93
11102,53;95
11103,53;90
11104,53;87
11105,53;7536
11106,53;5624
11107,53;100
11108,53;93
11109,53;86
11110,53;93
11111,53;7529
11113,975;5662
11114,975;72
11115,975;86
11116,975;106
11117,975;108
11118,975;7539
11119,975;5602
11120,975;88
11121,975;93
11122,975;104
11123,975;91
11124,975;7557
11125,975;5640
11126,975;104
11127,975;100
11128,975;91
11129,975;101
11130,975;7585
11131,975;5606
11132,975;94
11133,975;90
11134,975;78
11135,975;93
11136,975;7513
11137,975;5612
11138,975;94
11139,975;96
11140,975;92
11141,975;97
11142,975;7538
11143,975;5648
11144,975;94
11145,975;96
11146,975;92
11147,975;94
11148,975;7523
11149,975;5654
11150,975;92
11151,975;66
11152,975;103
11153,975;87
11154,975;7521
11155,975;5642
11156,975;90
11157,975;76
11158,975;83
11159,975;97
11160,975;7549
11161,975;5628
11162,975;95
11163,975;106
11164,975;99
11165,975;100
11166,975;7520
11167,975;5640
11168,975;76
11169,975;88
11170,975;119
11171,975;105
11172,975;7540
11173,975;5653
11174,975;104
11175,975;97
11176,975;81
11177,975;116
11178,975;7524
11179,975;5647
11180,975;88
11181,975;105
11182,975;103
11183,975;101
11184,975;7502
11185,975;5645
11186,975;96
11187,975;98
11188,975;108
11189,975;88
11190,975;7535
11191,975;5637
11192,975;89
11193,975;91
11194,975;83
11195,975;96
11196,975;7509
11197,975;5639
11198,975;92
11199,975;88
11200,975;70
11201,975;99
11202,975;7475
11203,975;5662
11204,975;84
11205,975;96
11206,975;75
11207,975;108
11208,975;7519
11209,975;5618
11210,975;89
11211,975;92
11212,975;109
11213,975;100
11214,975;7518
11215,975;5639
11216,975;78
11217,975;88
11218,975;86
11219,975;101
11220,975;7523
11221,975;5610
11222,975;80
11223,975;110
11224,975;94
11225,975;94
11226,975;7498
11227,975;5627
11228,975;90
11229,975;91
11230,975;86
11231,975;99
11232,975;7502
11233,975;5650
11234,975;103
11235,975;99
11236,975;90
11237,975;98
11238,975;7496
11239,975;5634
11240,975;74
11241,975;83
11242,975;98
11243,975;105
11244,975;7526
11245,975;5675
11246,975;94
11247,975;87
11248,975;86
11249,975;81
11250,975;7483
11251,975;5650
11252,975;84
11253,975;65
11254,975;78
11255,975;90
11256,975;7489
11257,975;5672
11258,975;90
11259,975;93
11260,975;103
11261,975;88
11262,975;7519
11263,975;5642
11264,975;87
11265,975;88
11266,975;88
11267,975;77
11268,975;7508
11269,975;5645
11270,975;84
11271,975;84
11272,975;83
11273,975;112
11274,975;7468
11275,975;5663
11276,975;103
11277,975;75
11278,975;94
11279,975;97
11280,975;7480
11281,975;5648
11282,975;100
11283,975;80
11284,975;91
11285,975;86
11286,975;7503
11287,975;5654
11288,975;83
11289,975;79
11290,975;86
11291,975;87
11292,975;7496
11293,975;5643
11294,975;82
11295,975;97
11296,975;100
11297,975;110
11298,975;7495
11299,975;5633
11300,975;73
11301,975;78
11302,975;93
11303,975;92
11304,975;7516
11305,975;5666
11306,975;91
11307,975;76
11308,975;104
11309,975;96
11310,975;7496
11311,975;5658
11312,975;95
11313,975;92
11314,975;93
11315,801;91
11316,801;7473
11317,801;5662
11318,801;94
11319,801;88
11320,801;98
11321,801;100
11322,801;7505
11323,801;5649
11324,801;92
11325,801;90
11326,801;76
11327,801;86
11328,801;7493
11329,801;5660
11330,801;85
11331,801;98
11332,801;97
11333,801;100
11334,801;7496
11335,801;5648
11336,801;73
11337,801;80
11338,801;92
11339,801;94
11340,801;7482
11341,801;5654
11342,801;88
11343,801;70
11344,801;88
11345,801;74
11346,801;7506
11347,801;5650
11348,801;79
11349,801;87
11350,801;93
11351,801;92
11352,801;7488
11353,801;5672
11354,801;87
11355,801;95
11356,801;80
11357,801;85
11358,801;7466
11359,801;5670
11360,801;85
11361,801;73
11362,801;82
11363,801;72
11364,801;7470
11365,801;5652
11366,801;85
11367,801;86
11368,801;80
11369,801;80
11370,801;7615
11371,801;5570
11372,801;73
11373,801;94
11374,801;79
11375,801;93
11376,801;7459
11377,801;5647
11378,801;82
11379,801;55
11380,801;71
11381,801;82
11382,801;7473
11383,801;5657
11384,801;77
11385,801;66
11386,801;98
11387,801;88
11388,801;7460
11389,801;5652
11390,801;85
11391,801;78
11392,801;76
11393,801;85
11394,801;7472
11395,801;5669
11396,801;82
11397,801;79
11398,801;82
11399,801;84
11400,801;7486
11401,801;5656
11402,801;71
11403,801;73
11404,801;77
11405,801;82
11406,801;7141
11407,801;5657
11408,801;82
11409,801;77
11410,801;94
11411,801;87
11412,801;7378
11413,801;5672
11414,801;80
11415,801;87
11416,356;70
11417,356;84
11418,356;7446
11419,356;5654
11420,356;80
11421,356;85
11422,356;77
11423,356;99
11424,356;7456
11425,356;5653
11426,356;80
11427,356;77
11428,356;88
11429,356;75
11430,356;7470
11431,356;5690
11432,356;90
11433,356;91
11434,356;90
11435,356;77
11436,356;7430
11437,356;5653
11438,356;70
11439,356;84
11440,356;87
11441,356;84
11442,356;7450
11443,356;5678
11444,356;106
11445,356;74
11446,356;81
11447,356;88
11448,356;7434
11449,356;5660
11450,356;86
11451,356;87
11452,356;81
11453,356;82
11454,356;7463
11455,356;5668
11456,356;74
11457,356;88
11458,356;95
11459,356;74
11460,356;7501
11461,356;5653
11462,356;77
11463,356;87
11464,356;90
11465,356;78
11466,356;7448
11467,356;5687
11468,356;74
11469,356;74
11470,356;98
11471,356;85
11472,356;7468
11473,356;5674
11474,356;80
11475,356;72
11476,356;85
11477,356;83
11478,356;7470
11479,356;5680
11480,356;96
11481,356;110
11482,356;95
11483,356;86
11484,356;7455
11485,356;5646
11486,356;89
11487,356;79
11488,356;97
11489,356;92
11490,356;7463
11491,356;5657
11492,356;90
11493,356;93
11494,356;84
11495,356;87
11496,356;7449
11497,356;5699
11498,356;102
11499,356;90
11500,356;98
11501,356;90
11502,356;7457
11503,356;5693
11504,356;89
11505,356;104
11506,356;73
11507,356;91
11508,356;7454
11509,356;5682
11510,356;70
11511,356;98
11512,356;101
11513,356;119
11514,356;7479
11515,356;5668
11516,356;97
11518,327;108
11519,327;88
11520,327;111
11521,327;7458
11522,327;5699
11523,327;97
11524,327;96
11525,327;98
11526,327;110
11527,327;7460
11528,327;5693
11529,327;71
11530,327;99
11531,327;86
11532,327;79
11533,327;7479
11534,327;5696
11535,327;109
11536,327;91
11537,327;105
11538,327;102
11539,327;7443
11540,327;5715
11541,327;87
11542,327;101
11543,327;90
11544,327;91
11545,327;7468
11546,327;5676
11547,327;101
11548,327;76
11549,327;111
11550,327;101
11551,327;7435
11552,327;5682
11553,327;70
11554,327;92
11555,327;90
11556,327;84
11557,327;7441
11558,327;5678
11559,327;82
11560,327;88
11561,327;103
11562,327;101
11563,327;7463
11564,327;5700
11565,327;79
11566,327;84
11567,327;85
11568,327;97
11569,327;7474
11570,327;5695
11571,327;98
11572,327;98
11573,327;104
11574,327;99
11575,327;7453
11576,327;5701
11577,327;84
11578,327;101
11579,327;85
11580,327;97
11581,327;7465
11582,327;5706
11583,327;74
11584,327;101
11585,327;94
11586,327;103
11587,327;7440
11588,327;5688
11589,327;93
11590,327;90
11591,327;91
11592,327;83
11593,327;7437
11594,327;5727
11595,327;87
11596,327;108
11597,327;98
11598,327;92
11599,327;7428
11600,327;5696
11601,327;80
11602,327;85
11603,327;91
11604,327;97
11605,327;7419
11606,327;5707
11607,327;105
11608,327;84
11609,327;91
11610,327;104
11611,327;7433
11612,327;5710
11613,327;94
11614,327;102
11615,327;94
11616,327;80
11617,327;7431
11618,327;5703
11617,705;96
11618,705;93
11619,705;92
11620,705;97
11621,705;7436
11622,705;5709
11623,705;80
11624,705;77
11625,705;104
11626,705;98
11627,705;7454
11628,705;5703
11629,705;83
11630,705;86
11631,705;101
11632,705;107
11633,705;7469
11634,705;5710
11635,705;103
11636,705;80
11637,705;103
11638,705;103
11639,705;7446
11640,705;5709
11641,705;89
11642,705;104
11643,705;83
11644,705;105
11645,705;7442
11646,705;5694
11647,705;100
11648,705;74
11649,705;91
11650,705;83
11651,705;7449
11652,705;5717
11653,705;85
11654,705;96
11655,705;91
11656,705;107
11657,705;7433
11658,705;5688
11659,705;88
11660,705;108
11661,705;115
11662,705;110
11663,705;7467
11664,705;5730
11665,705;102
11666,705;97
11667,705;79
11668,705;88
11669,705;7438
11670,705;5727
11671,705;106
11672,705;89
11673,705;109
11674,705;90
11675,705;7446
11676,705;5710
11677,705;89
11678,705;92
11679,705;110
11680,705;82
11681,705;7444
11682,705;5730
11683,705;84
11684,705;90
11685,705;98
11686,705;104
11687,705;7415
11688,705;5698
11689,705;88
11690,705;76
11691,705;95
11692,705;93
11693,705;7438
11694,705;5717
11695,705;100
11696,705;90
11697,705;106
11698,705;103
11699,705;7460
11700,705;5725
11701,705;87
11702,705;100
11703,705;100
11704,705;104
11705,705;7440
11706,705;5709
11707,705;81
11708,705;113
11709,705;106
11710,705;96
11711,705;7426
11712,705;5703
11713,705;99
11714,705;112
11715,705;100
11716,705;102
11717,705;7095
11719,357;5704
11720,357;100
11721,357;84
11722,357;80
11723,357;95
11724,357;7383
11725,357;5715
11726,357;84
11727,357;85
11728,357;107
11729,357;100
11730,357;7435
11731,357;5714
11732,357;66
11733,357;113
11734,357;104
11735,357;94
11736,357;7487
11737,357;5616
11738,357;102
11739,357;95
11740,357;79
11741,357;115
11742,357;7462
11743,357;5733
11744,357;76
11745,357;76
11746,357;92
11747,357;112
11748,357;7430
11749,357;5737
11750,357;92
11751,357;97
11752,357;99
11753,357;97
11754,357;7443
11755,357;5706
11756,357;90
11757,357;86
11758,357;108
11759,357;121
11760,357;7450
11761,357;5712
11762,357;80
11763,357;110
11764,357;109
11765,357;103
11766,357;7446
11767,357;5747
11768,357;82
11769,357;104
11770,357;78
11771,357;103
11772,357;7454
11773,357;5739
11774,357;89
11775,357;107
11776,357;97
11777,357;107
11778,357;7428
11779,357;5745
11780,357;113
11781,357;87
11782,357;93
11783,357;80
11784,357;7431
11785,357;5736
11786,357;70
11787,357;87
11788,357;97
11789,357;74
11790,357;7405
11791,357;5736
11792,357;103
11793,357;86
11794,357;102
11795,357;105
11796,357;7401
11797,357;5746
11798,357;73
11799,357;84
11800,357;101
11801,357;87
11802,357;7424
11803,357;5722
11804,357;89
11805,357;84
11806,357;98
11807,357;107
11808,357;7410
11809,357;5727
11810,357;71
11811,357;89
11812,357;101
11813,357;89
11814,357;7422
11815,357;5740
11816,357;90
11817,357;99
11818,357;107
11819,357;107
11820,357;7433
11821,357;5709
11822,357;90
11823,357;92
11824,357;94
11825,357;97
11826,357;7409
11827,357;5712
11828,357;94
11829,357;90
11830,357;98
11831,357;97
11832,357;7382
11833,357;5721
11834,357;71
11835,357;90
11836,357;98
11837,357;97
11838,357;7427
11839,357;5730
11840,357;79
11841,357;91
11842,357;104
11843,357;88
11844,357;7403
11845,357;5762
11846,357;98
11847,357;87
11848,357;87
11849,357;95
11850,357;7412
11851,357;5751
11852,357;91
11853,357;86
11854,357;106
11855,357;106
11856,357;7399
11857,357;5723
11858,357;77
11859,357;102
11860,357;88
11861,357;81
11862,357;7438
11863,357;5717
11864,357;93
11865,357;98
11866,357;107
11867,357;76
11868,357;7410
11869,357;5759
11870,357;93
11871,357;91
11872,357;110
11873,357;89
11874,357;7384
11875,357;5743
11876,357;83
11877,357;86
11878,357;99
11879,357;93
11880,357;7413
11881,357;5728
11882,357;83
11883,357;86
11884,357;101
11885,357;90
11886,357;7419
11887,357;5714
11888,357;72
11889,357;87
11890,357;93
11891,357;100
11892,357;7377
11893,357;5745
11894,357;81
11895,357;90
11896,357;101
11897,357;93
11898,357;7392
11899,357;5733
11900,357;99
11901,357;101
11902,357;88
11903,357;104
11904,357;7401
11905,357;5739
11906,357;72
11907,357;81
11908,357;80
11909,357;82
11910,357;7403
11911,357;5725
11912,357;77
11913,357;87
11914,357;77
11915,357;73
11916,357;7378
11917,357;5766
11918,357;101
11919,357;93
11920,357;81
11921,035;78
11922,035;7394
11923,035;5763
11924,035;89
11925,035;96
11926,035;89
11927,035;90
11928,035;7414
11929,035;5738
11930,035;81
11931,035;92
11932,035;94
11933,035;77
11934,035;7402
11935,035;5747
11936,035;95
11937,035;76
11938,035;104
11939,035;100
11940,035;7419
11941,035;5732
11942,035;69
11943,035;73
11944,035;81
11945,035;80
11946,035;7426
11947,035;5751
11948,035;86
11949,035;93
11950,035;79
11951,035;97
11952,035;7361
11953,035;5744
11954,035;90
11955,035;88
11956,035;94
11957,035;88
11958,035;7360
11959,035;5740
11960,035;77
11961,035;75
11962,035;90
11963,035;110
11964,035;7388
11965,035;5764
11966,035;84
11967,035;80
11968,035;86
11969,035;73
11970,035;7364
11971,035;5742
11972,035;85
11973,035;120
11974,035;79
11975,035;77
11976,035;7379
11977,035;5769
11978,035;75
11979,035;90
11980,035;84
11981,035;85
11982,035;7383
11983,035;5735
11984,035;78
11985,035;85
11986,035;74
11987,035;87
11988,035;7387
11989,035;5767
11990,035;80
11991,035;97
11992,035;91
11993,035;75
11994,035;7383
11995,035;5778
11996,035;74
11997,035;84
11998,035;85
11999,035;77
12000,035;7405
12001,035;5760
12002,035;81
12003,035;88
12004,035;88
12005,035;68
12006,035;7361
12007,035;5763
12008,035;85
12009,035;83
12010,035;73
12011,035;90
12012,035;7384
12013,035;5741
12014,035;83
12015,035;88
12016,035;86
12017,035;98
12018,035;7356
12019,035;5759
12020,035;82
12021,035;80
12022,677;69
12023,677;92
12024,677;7376
12025,677;5759
12026,677;68
12027,677;67
12028,677;94
12029,677;89
12030,677;7042
12031,677;5763
12032,677;69
12033,677;80
12034,677;81
12035,677;87
12036,677;7276
12037,677;5772
12038,677;77
12039,677;85
12040,677;73
12041,677;89
12042,677;7372
12043,677;5764
12044,677;91
12045,677;77
12046,677;88
12047,677;73
12048,677;7377
12049,677;5765
12050,677;65
12051,677;79
12052,677;75
12053,677;79
12054,677;7344
12055,677;5744
12056,677;83
12057,677;84
12058,677;84
12059,677;82
12060,677;7393
12061,677;5761
12062,677;90
12063,677;89
12064,677;88
12065,677;91
12066,677;7386
12067,677;5792
12068,677;65
12069,677;80
12070,677;77
12071,677;70
12072,677;7384
12073,677;5775
12074,677;95
12075,677;76
12076,677;95
12077,677;94
12078,677;7448
12079,677;5683
12080,677;79
12081,677;89
12082,677;85
12083,677;72
12084,677;7352
12085,677;5758
12086,677;96
12087,677;72
12088,677;95
12089,677;74
12090,677;7366
12091,677;5767
12092,677;94
12093,677;88
12094,677;88
12095,677;93
12096,677;7452
12097,677;5684
12098,677;82
12099,677;86
12100,677;79
12101,677;94
12102,677;7374
12103,677;5769
12104,677;76
12105,677;102
12106,677;104
12107,677;84
12108,677;7383
12109,677;5766
12110,677;73
12111,677;92
12112,677;111
12113,677;95
12114,677;7364
12115,677;5765
12116,677;85
12117,677;88
12118,677;91
12119,677;95
12120,677;7362
12121,677;5752
12122,677;74
12123,844;84
12124,844;88
12125,844;71
12126,844;7359
12127,844;5795
12128,844;81
12129,844;108
12130,844;97
12131,844;90
12132,844;7376
12133,844;5780
12134,844;86
12135,844;98
12136,844;88
12137,844;97
12138,844;7358
12139,844;5757
12140,844;87
12141,844;84
12142,844;107
12143,844;69
12144,844;7371
12145,844;5782
12146,844;104
12147,844;74
12148,844;100
12149,844;101
12150,844;7345
12151,844;5776
12152,844;83
12153,844;82
12154,844;90
12155,844;94
12156,844;7327
12157,844;5769
12158,844;90
12159,844;80
12160,844;91
12161,844;90
12162,844;7382
12163,844;5800
12164,844;77
12165,844;95
12166,844;106
12167,844;98
12168,844;7354
12169,844;5787
12170,844;78
12171,844;93
12172,844;102
12173,844;99
12174,844;7342
12175,844;5812
12176,844;82
12177,844;79
12178,844;92
12179,844;77
12180,844;7389
12181,844;5772
12182,844;100
12183,844;99
12184,844;107
12185,844;101
12186,844;7366
12187,844;5798
12188,844;96
12189,844;87
12190,844;101
12191,844;92
12192,844;7362
12193,844;5792
12194,844;79
12195,844;84
12196,844;90
12197,844;95
12198,844;7360
12199,844;5803
12200,844;86
12201,844;83
12202,844;97
12203,844;97
12204,844;7360
12205,844;5804
12206,844;91
12207,844;81
12208,844;80
12209,844;109
12210,844;7364
12211,844;5799
12212,844;94
12213,844;109
12214,844;104
12215,844;87
12216,844;7337
12217,844;5787
12218,844;94
12219,844;90
12220,844;84
12221,844;102
12222,844;7358
12223,844;5802
12224,311;85
12225,311;64
12226,311;83
12227,311;95
12228,311;7357
12229,311;5799
12230,311;84
12231,311;83
12232,311;87
12233,311;94
12234,311;7337
12235,311;5807
12236,311;87
12237,311;101
12238,311;102
12239,311;99
12240,311;7348
12241,311;5803
12242,311;84
12243,311;103
12244,311;86
12245,311;82
12246,311;7360
12247,311;5800
12248,311;102
12249,311;100
12250,311;93
12251,311;88
12252,311;7353
12253,311;5791
12254,311;96
12255,311;78
12256,311;105
12257,311;107
12258,311;7336
12259,311;5821
12260,311;85
12261,311;107
12262,311;94
12263,311;88
12264,311;7407
12265,311;5774
12266,311;90
12267,311;94
12268,311;110
12269,311;103
12270,311;7362
12271,311;5794
12272,311;99
12273,311;90
12274,311;94
12275,311;89
12276,311;7353
12277,311;5781
12278,311;92
12279,311;111
12280,311;98
12281,311;99
12282,311;7356
12283,311;5823
12284,311;92
12285,311;94
12286,311;99
12287,311;97
12288,311;7366
12289,311;5783
12290,311;95
12291,311;108
12292,311;105
12293,311;92
12294,311;7347
12295,311;5799
12296,311;74
12297,311;80
12298,311;86
12299,311;86
12300,311;7377
12301,311;5826
12302,311;90
12303,311;81
12304,311;114
12305,311;85
12306,311;7358
12307,311;5796
12308,311;81
12309,311;103
12310,311;97
12311,311;114
12312,311;7343
12313,311;5812
12314,311;80
12315,311;103
12316,311;90
12317,311;107
12318,311;7318
12319,311;5820
12320,311;83
12321,311;89
12322,311;96
12323,311;100
12324,311;7381
12325,311;5807
12326,311;99
12327,311;117
12328,311;93
12329,311;102
12330,311;7349
12331,311;5772
12332,311;104
12333,311;90
12334,311;101
12335,311;97
12336,311;7325
12337,311;5806
12338,311;87
12339,311;109
12340,311;91
12341,311;106
12342,311;7082
12343,311;5749
12344,311;90
12345,311;108
12346,311;99
12347,311;104
12348,311;7274
12349,311;5809
12350,311;83
12351,311;86
12352,311;76
12353,311;87
12354,311;7290
12355,311;5796
12356,311;102
12357,311;85
12358,311;104
12359,311;97
12360,311;7347
12361,311;5820
12362,311;86
12363,311;93
12364,311;98
12365,311;127
12366,311;7341
12367,311;5825
12368,311;82
12369,311;86
12370,311;88
12371,311;104
12372,311;7309
12373,311;5807
12374,311;95
12375,311;82
12376,311;96
12377,311;97
12378,311;7353
12379,311;5789
12380,311;97
12381,311;94
12382,311;104
12383,311;103
12384,311;7320
12385,311;5835
12386,311;70
12387,311;97
12388,311;106
12389,311;86
12390,311;7339
12391,311;5832
12392,311;103
12393,311;82
12394,311;73
12395,311;89
12396,311;7311
12397,311;5821
12398,311;87
12399,311;90
12400,311;94
12401,311;94
12402,311;7354
12403,311;5808
12404,311;88
12405,311;114
12406,311;89
12407,311;90
12408,311;7354
12409,311;5823
12410,311;96
12411,311;88
12412,311;97
12413,311;100
12414,311;7302
12415,311;5814
12416,311;86
12417,311;99
12418,311;81
12419,311;94
12420,311;7344
12421,311;5806
12422,311;94
12423,311;92
12424,311;101
12425,311;106
12426,778;7339
12427,778;5830
12428,778;103
12429,778;90
12430,778;89
12431,778;97
12432,778;7317
12433,778;5830
12434,778;97
12435,778;106
12436,778;98
12437,778;83
12438,778;7327
12439,778;5839
12440,778;87
12441,778;86
12442,778;84
12443,778;88
12444,778;7333
12445,778;5793
12446,778;97
12447,778;93
12448,778;100
12449,778;98
12450,778;7322
12451,778;5822
12452,778;92
12453,778;95
12454,778;74
12455,778;97
12456,778;7304
12457,778;5857
12458,778;88
12459,778;97
12460,778;90
12461,778;81
12462,778;7337
12463,778;5840
12464,778;86
12465,778;116
12466,778;90
12467,778;103
12468,778;7310
12469,778;5852
12470,778;82
12471,778;85
12472,778;99
12473,778;79
12474,778;7334
12475,778;5835
12476,778;103
12477,778;92
12478,778;111
12479,778;83
12480,778;7315
12481,778;5843
12482,778;81
12483,778;108
12484,778;99
12485,778;77
12486,778;7324
12487,778;5831
12488,778;83
12489,778;93
12490,778;91
12491,778;81
12492,778;7318
12493,778;5845
12494,778;87
12495,778;78
12496,778;81
12497,778;94
12498,778;7311
12499,778;5833
12500,778;96
12501,778;92
12502,778;83
12503,778;100
12504,778;7315
12505,778;5803
12506,778;82
12507,778;84
12508,778;84
12509,778;85
12510,778;7302
12511,778;5828
12512,778;79
12513,778;86
12514,778;75
12515,778;83
12516,778;7301
12517,778;5866
12518,778;87
12519,778;106
12520,778;100
12521,778;97
12522,778;7323
12523,778;5874
12524,778;100
12525,778;102
12526,778;75
12527,351;87
12528,351;7302
12529,351;5832
12530,351;94
12531,351;93
12532,351;85
12533,351;91
12534,351;7296
12535,351;5860
12536,351;76
12537,351;88
12538,351;97
12539,351;88
12540,351;7305
12541,351;5843
12542,351;84
12543,351;90
12544,351;99
12545,351;92
12546,351;7345
12547,351;5748
12548,351;100
12549,351;100
12550,351;89
12551,351;82
12552,351;7295
12553,351;5839
12554,351;100
12555,351;80
12556,351;82
12557,351;95
12558,351;7297
12559,351;5835
12560,351;80
12561,351;93
12562,351;87
12563,351;96
12564,351;7285
12565,351;5851
12566,351;79
12567,351;79
12568,351;91
12569,351;97
12570,351;7278
12571,351;5836
12572,351;79
12573,351;76
12574,351;79
12575,351;108
12576,351;7317
12577,351;5855
12578,351;89
12579,351;88
12580,351;79
12581,351;84
12582,351;7290
12583,351;5830
12584,351;87
12585,351;85
12586,351;104
12587,351;100
12588,351;7302
12589,351;5834
12590,351;81
12591,351;107
12592,351;92
12593,351;91
12594,351;7292
12595,351;5834
12596,351;64
12597,351;61
12598,351;92
12599,351;84
12600,351;7278
12601,351;5844
12602,351;92
12603,351;86
12604,351;94
12605,351;85
12606,351;7274
12607,351;5843
12608,351;87
12609,351;84
12610,351;82
12611,351;86
12612,351;7280
12613,351;5856
12614,351;86
12615,351;77
12616,351;91
12617,351;89
12618,351;7302
12619,351;5832
12620,351;68
12621,351;79
12622,351;79
12623,351;88
12624,351;7290
12625,351;5833
12626,351;66
12627,351;98
12629,32;82
12630,32;83
12631,32;7286
12632,32;5844
12633,32;75
12634,32;80
12635,32;85
12636,32;77
12637,32;7270
12638,32;5850
12639,32;72
12640,32;82
12641,32;81
12642,32;84
12643,32;7308
12644,32;5810
12645,32;68
12646,32;76
12647,32;85
12648,32;75
12649,32;7264
12650,32;5858
12651,32;76
12652,32;89
12653,32;89
12654,32;82
12655,32;6929
12656,32;5864
12657,32;64
12658,32;85
12659,32;86
12660,32;89
12661,32;7234
12662,32;5867
12663,32;74
12664,32;82
12665,32;67
12666,32;83
12667,32;7254
12668,32;5866
12669,32;71
12670,32;72
12671,32;68
12672,32;94
12673,32;7249
12674,32;5854
12675,32;71
12676,32;83
12677,32;78
12678,32;87
12679,32;7380
12680,32;5734
12681,32;79
12682,32;76
12683,32;87
12684,32;85
12685,32;7282
12686,32;5862
12687,32;95
12688,32;92
12689,32;70
12690,32;77
12691,32;7280
12692,32;5846
12693,32;103
12694,32;85
12695,32;95
12696,32;97
12697,32;7263
12698,32;5868
12699,32;64
12700,32;71
12701,32;87
12702,32;75
12703,32;7280
12704,32;5865
12705,32;73
12706,32;79
12707,32;90
12708,32;92
12709,32;7258
12710,32;5864
12711,32;95
12712,32;77
12713,32;86
12714,32;96
12715,32;7292
12716,32;5847
12717,32;81
12718,32;89
12719,32;88
12720,32;107
12721,32;7285
12722,32;5847
12723,32;67
12724,32;91
12725,32;80
12726,32;79
12727,32;7287
12728,32;5857
12729,32;88
12729,56;91
12730,56;82
12731,56;99
12732,56;7253
12733,56;5877
12734,56;81
12735,56;86
12736,56;98
12737,56;71
12738,56;7244
12739,56;5872
12740,56;85
12741,56;71
12742,56;87
12743,56;103
12744,56;7254
12745,56;5851
12746,56;86
12747,56;99
12748,56;70
12749,56;91
12750,56;7283
12751,56;5855
12752,56;78
12753,56;97
12754,56;106
12755,56;79
12756,56;7246
12757,56;5873
12758,56;92
12759,56;69
12760,56;87
12761,56;99
12762,56;7296
12763,56;5852
12764,56;80
12765,56;87
12766,56;101
12767,56;84
12768,56;7271
12769,56;5885
12770,56;93
12771,56;85
12772,56;87
12773,56;95
12774,56;7280
12775,56;5885
12776,56;68
12777,56;79
12778,56;88
12779,56;101
12780,56;7263
12781,56;5902
12782,56;96
12783,56;109
12784,56;84
12785,56;85
12786,56;7277
12787,56;5858
12788,56;82
12789,56;98
12790,56;93
12791,56;95
12792,56;7261
12793,56;5880
12794,56;75
12795,56;84
12796,56;74
12797,56;97
12798,56;7268
12799,56;5885
12800,56;83
12801,56;82
12802,56;101
12803,56;91
12804,56;7256
12805,56;5872
12806,56;92
12807,56;93
12808,56;96
12809,56;86
12810,56;7289
12811,56;5902
12812,56;77
12813,56;100
12814,56;96
12815,56;95
12816,56;7255
12817,56;5872
12818,56;73
12819,56;87
12820,56;100
12821,56;98
12822,56;7303
12823,56;5882
12824,56;72
12825,56;104
12826,56;96
12827,56;81
12828,56;7266
12829,56;5882
12830,56;79
12831,56;102
12832,56;107
12833,56;80
12834,56;7260
12835,56;5911
12836,56;76
12837,56;104
12838,56;97
12839,56;89
12840,56;7285
12841,56;5894
12842,56;107
12843,56;65
12844,56;96
12845,56;96
12846,56;7362
12847,56;5800
12848,56;83
12849,56;85
12850,56;95
12851,56;103
12852,56;7260
12853,56;5875
12854,56;87
12855,56;100
12856,56;99
12857,56;98
12858,56;7246
12859,56;5891
12860,56;84
12861,56;93
12862,56;103
12863,56;110
12864,56;7273
12865,56;5880
12866,56;88
12867,56;114
12868,56;80
12869,56;99
12870,56;7242
12871,56;5920
12872,56;85
12873,56;102
12874,56;77
12875,56;100
12876,56;7269
12877,56;5881
12878,56;78
12879,56;106
12880,56;106
12881,56;88
12882,56;7278
12883,56;5875
12884,56;94
12885,56;105
12886,56;106
12887,56;106
12888,56;7279
12889,56;5913
12890,56;87
12891,56;102
12892,56;109
12893,56;96
12894,56;7291
12895,56;5893
12896,56;82
12897,56;80
12898,56;101
12899,56;105
12900,56;7256
12901,56;5885
12902,56;97
12903,56;95
12904,56;85
12905,56;98
12906,56;7261
12907,56;5936
12908,56;92
12909,56;105
12910,56;94
12911,56;97
12912,56;7312
12913,56;5841
12914,56;96
12915,56;97
12916,56;82
12917,56;92
12918,56;7272
12919,56;5886
12920,56;86
12921,56;97
12922,56;87
12923,56;96
12924,56;7250
12925,56;5889
12926,56;98
12927,56;95
12928,56;98
12929,56;101
12930,56;7281
12931,309;5892
12932,309;107
12933,309;91
12934,309;108
12935,309;109
12936,309;7241
12937,309;5887
12938,309;73
12939,309;82
12940,309;84
12941,309;82
12942,309;7284
12943,309;5891
12944,309;85
12945,309;84
12946,309;99
12947,309;108
12948,309;7299
12949,309;5883
12950,309;103
12951,309;121
12952,309;83
12953,309;79
12954,309;7254
12955,309;5896
12956,309;83
12957,309;90
12958,309;105
12959,309;96
12960,309;7258
12961,309;5903
12962,309;74
12963,309;108
12964,309;83
12965,309;79
12966,309;6921
12967,309;5931
12968,309;92
12969,309;90
12970,309;95
12971,309;92
12972,309;7218
12973,309;5915
12974,309;98
12975,309;72
12976,309;114
12977,309;99
12978,309;7225
12979,309;5903
12980,309;90
12981,309;94
12982,309;94
12983,309;79
12984,309;7260
12985,309;5910
12986,309;73
12987,309;91
12988,309;78
12989,309;84
12990,309;7235
12991,309;5905
12992,309;81
12993,309;118
12994,309;95
12995,309;94
12996,309;7241
12997,309;5915
12998,309;107
12999,309;87
13000,309;99
13001,309;101
13002,309;7266
13003,309;5918
13004,309;100
13005,309;89
13006,309;109
13007,309;96
13008,309;7247
13009,309;5900
13010,309;111
13011,309;91
13012,309;99
13013,309;109
13014,309;7252
13015,309;5909
13016,309;82
13017,309;99
13018,309;90
13019,309;94
13020,309;7235
13021,309;5907
13022,309;80
13023,309;113
13024,309;98
13025,309;92
13026,309;7259
13027,309;5951
13028,309;100
13029,309;82
13030,309;85
13031,309;111
13033,286;7239
13034,286;5883
13035,286;75
13036,286;77
13037,286;97
13038,286;95
13039,286;7232
13040,286;5915
13041,286;126
13042,286;109
13043,286;84
13044,286;102
13045,286;7254
13046,286;5906
13047,286;65
13048,286;103
13049,286;90
13050,286;87
13051,286;7235
13052,286;5926
13053,286;69
13054,286;91
13055,286;107
13056,286;81
13057,286;7207
13058,286;5919
13059,286;106
13060,286;92
13061,286;109
13062,286;102
13063,286;7250
13064,286;5896
13065,286;101
13066,286;88
13067,286;84
13068,286;102
13069,286;7202
13070,286;5899
13071,286;80
13072,286;91
13073,286;101
13074,286;113
13075,286;7212
13076,286;5914
13077,286;89
13078,286;101
13079,286;88
13080,286;100
13081,286;7258
13082,286;5910
13083,286;70
13084,286;95
13085,286;83
13086,286;105
13087,286;7348
13088,286;5794
13089,286;80
13090,286;96
13091,286;89
13092,286;97
13093,286;7204
13094,286;5921
13095,286;86
13096,286;76
13097,286;97
13098,286;104
13099,286;7212
13100,286;5926
13101,286;82
13102,286;86
13103,286;110
13104,286;97
13105,286;7201
13106,286;5921
13107,286;83
13108,286;80
13109,286;90
13110,286;92
13111,286;7222
13112,286;5921
13113,286;80
13114,286;83
13115,286;99
13116,286;106
13117,286;7179
13118,286;5937
13119,286;84
13120,286;83
13121,286;88
13122,286;106
13123,286;7218
13124,286;5924
13125,286;87
13126,286;98
13127,286;106
13128,286;103
13129,286;7225
13130,286;5955
13131,286;83
13132,286;90
13133,286;100
13134,084;93
13135,084;7213
13136,084;5941
13137,084;92
13138,084;91
13139,084;97
13140,084;88
13141,084;7233
13142,084;5928
13143,084;89
13144,084;92
13145,084;96
13146,084;104
13147,084;7196
13148,084;5905
13149,084;83
13150,084;92
13151,084;96
13152,084;94
13153,084;7198
13154,084;5926
13155,084;76
13156,084;110
13157,084;94
13158,084;114
13159,084;7196
13160,084;5942
13161,084;89
13162,084;81
13163,084;103
13164,084;93
13165,084;7207
13166,084;5915
13167,084;83
13168,084;102
13169,084;82
13170,084;110
13171,084;7212
13172,084;5936
13173,084;86
13174,084;75
13175,084;95
13176,084;90
13177,084;7181
13178,084;5916
13179,084;84
13180,084;106
13181,084;99
13182,084;100
13183,084;7207
13184,084;5936
13185,084;72
13186,084;112
13187,084;85
13188,084;78
13189,084;7308
13190,084;5791
13191,084;75
13192,084;84
13193,084;89
13194,084;92
13195,084;7200
13196,084;5916
13197,084;69
13198,084;94
13199,084;87
13200,084;106
13201,084;7195
13202,084;5934
13203,084;99
13204,084;82
13205,084;81
13206,084;102
13207,084;7223
13208,084;5938
13209,084;96
13210,084;96
13211,084;86
13212,084;93
13213,084;7209
13214,084;5951
13215,084;80
13216,084;89
13217,084;93
13218,084;81
13219,084;7205
13220,084;5966
13221,084;95
13222,084;93
13223,084;76
13224,084;99
13225,084;7219
13226,084;5919
13227,084;76
13228,084;75
13229,084;97
13230,084;86
13231,084;7207
13232,084;5966
13233,084;67
13234,084;79
13234,901;90
13235,901;81
13236,901;7175
13237,901;5947
13238,901;71
13239,901;83
13240,901;81
13241,901;80
13242,901;7287
13243,901;5854
13244,901;77
13245,901;74
13246,901;77
13247,901;83
13248,901;7191
13249,901;5933
13250,901;80
13251,901;84
13252,901;80
13253,901;91
13254,901;7196
13255,901;5946
13256,901;67
13257,901;97
13258,901;80
13259,901;83
13260,901;7192
13261,901;5933
13262,901;81
13263,901;73
13264,901;76
13265,901;86
13266,901;7217
13267,901;5941
13268,901;68
13269,901;79
13270,901;68
13271,901;70
13272,901;7202
13273,901;5976
13274,901;77
13275,901;72
13276,901;94
13277,901;77
13278,901;6832
13279,901;5966
13280,901;67
13281,901;72
13282,901;74
13283,901;93
13284,901;7128
13285,901;5946
13286,901;73
13287,901;68
13288,901;86
13289,901;85
13290,901;7152
13291,901;5938
13292,901;65
13293,901;86
13294,901;101
13295,901;81
13296,901;7174
13297,901;5953
13298,901;87
13299,901;70
13300,901;79
13301,901;81
13302,901;7186
13303,901;5949
13304,901;88
13305,901;93
13306,901;82
13307,901;95
13308,901;7159
13309,901;5937
13310,901;77
13311,901;83
13312,901;84
13313,901;91
13314,901;7182
13315,901;5952
13316,901;88
13317,901;77
13318,901;91
13319,901;95
13320,901;7182
13321,901;5958
13322,901;72
13323,901;83
13324,901;74
13325,901;90
13326,901;7196
13327,901;5945
13328,901;94
13329,901;87
13330,901;105
13331,901;98
13332,901;7227
13333,901;5912
13334,901;76
13335,901;96
13336,901;84
13337,901;106
13338,901;7198
13339,901;5985
13340,901;81
13341,901;87
13342,901;97
13343,901;102
13344,901;7199
13345,901;5948
13346,901;79
13347,901;89
13348,901;81
13349,901;84
13350,901;7194
13351,901;5977
13352,901;90
13353,901;69
13354,901;95
13355,901;89
13356,901;7163
13357,901;5946
13358,901;86
13359,901;64
13360,901;83
13361,901;88
13362,901;7189
13363,901;5969
13364,901;83
13365,901;91
13366,901;95
13367,901;95
13368,901;7220
13369,901;5973
13370,901;93
13371,901;83
13372,901;92
13373,901;84
13374,901;7150
13375,901;5948
13376,901;83
13377,901;97
13378,901;96
13379,901;104
13380,901;7193
13381,901;5968
13382,901;73
13383,901;87
13384,901;83
13385,901;90
13386,901;7187
13387,901;5987
13388,901;79
13389,901;83
13390,901;85
13391,901;86
13392,901;7160
13393,901;5972
13394,901;76
13395,901;82
13396,901;91
13397,901;94
13398,901;7177
13399,901;5956
13400,901;89
13401,901;103
13402,901;84
13403,901;88
13404,901;7231
13405,901;5888
13406,901;90
13407,901;85
13408,901;96
13409,901;111
13410,901;7208
13411,901;5937
13412,901;81
13413,901;85
13414,901;105
13415,901;91
13416,901;7198
13417,901;5960
13418,901;98
13419,901;81
13420,901;82
13421,901;76
13422,901;7172
13423,901;5978
13424,901;85
13425,901;103
13426,901;97
13427,901;107
13428,901;7220
13429,901;5933
13430,901;76
13431,901;97
13432,901;97
13433,901;94
13434,901;7162
13435,901;5966
13436,097;84
13437,097;90
13438,097;90
13439,097;82
13440,097;7176
13441,097;5977
13442,097;87
13443,097;82
13444,097;110
13445,097;75
13446,097;7181
13447,097;5966
13448,097;81
13449,097;95
13450,097;93
13451,097;99
13452,097;7228
13453,097;5941
13454,097;98
13455,097;95
13456,097;99
13457,097;89
13458,097;7150
13459,097;5991
13460,097;92
13461,097;85
13462,097;102
13463,097;98
13464,097;7187
13465,097;5985
13466,097;78
13467,097;93
13468,097;86
13469,097;95
13470,097;7125
13471,097;5982
13472,097;73
13473,097;86
13474,097;95
13475,097;94
13476,097;7154
13477,097;5973
13478,097;85
13479,097;90
13480,097;85
13481,097;90
13482,097;7186
13483,097;5965
13484,097;92
13485,097;95
13486,097;98
13487,097;99
13488,097;7162
13489,097;5992
13490,097;96
13491,097;79
13492,097;85
13493,097;86
13494,097;7131
13495,097;6007
13496,097;65
13497,097;76
13498,097;102
13499,097;103
13500,097;7171
13501,097;5965
13502,097;75
13503,097;92
13504,097;96
13505,097;109
13506,097;7164
13507,097;5974
13508,097;94
13509,097;86
13510,097;100
13511,097;86
13512,097;7150
13513,097;5989
13514,097;92
13515,097;91
13516,097;95
13517,097;102
13518,097;7155
13519,097;5985
13520,097;85
13521,097;91
13522,097;100
13523,097;69
13524,097;7152
13525,097;5987
13526,097;76
13527,097;88
13528,097;91
13529,097;93
13530,097;7244
13531,097;5932
13532,097;80
13533,097;93
13534,097;94
13535,097;91
13536,097;7152
13537,919;5987
13538,919;101
13539,919;112
13540,919;96
13541,919;88
13542,919;7176
13543,919;5962
13544,919;95
13545,919;91
13546,919;104
13547,919;84
13548,919;7169
13549,919;5992
13550,919;81
13551,919;115
13552,919;106
13553,919;111
13554,919;7156
13555,919;5993
13556,919;112
13557,919;90
13558,919;109
13559,919;107
13560,919;7151
13561,919;5996
13562,919;94
13563,919;105
13564,919;100
13565,919;113
13566,919;7159
13567,919;5982
13568,919;93
13569,919;93
13570,919;84
13571,919;102
13572,919;7133
13573,919;5994
13574,919;86
13575,919;101
13576,919;98
13577,919;104
13578,919;7135
13579,919;6011
13580,919;91
13581,919;116
13582,919;81
13583,919;96
13584,919;7142
13585,919;5994
13586,919;83
13587,919;104
13588,919;104
13589,919;109
13590,919;6807
13591,919;5997
13592,919;111
13593,919;93
13594,919;105
13595,919;90
13596,919;7113
13597,919;5978
13598,919;98
13599,919;99
13600,919;83
13601,919;94
13602,919;7161
13603,919;5993
13604,919;89
13605,919;98
13606,919;101
13607,919;113
13608,919;7157
13609,919;6011
13610,919;91
13611,919;97
13612,919;104
13613,919;103
13614,919;7184
13615,919;5992
13616,919;113
13617,919;107
13618,919;106
13619,919;78
13620,919;7168
13621,919;5983
13622,919;96
13623,919;101
13624,919;103
13625,919;80
13626,919;7145
13627,919;6004
13628,919;91
13629,919;101
13630,919;88
13631,919;92
13632,919;7148
13633,919;6001
13634,919;91
13635,919;96
13636,919;70
13637,919;93
13637,714;7146
13638,714;5976
13639,714;82
13640,714;89
13641,714;99
13642,714;84
13643,714;7163
13644,714;6017
13645,714;79
13646,714;88
13647,714;84
13648,714;81
13649,714;7131
13650,714;5999
13651,714;78
13652,714;91
13653,714;99
13654,714;89
13655,714;7127
13656,714;5993
13657,714;87
13658,714;86
13659,714;103
13660,714;83
13661,714;7169
13662,714;6030
13663,714;87
13664,714;85
13665,714;87
13666,714;112
13667,714;7140
13668,714;6011
13669,714;103
13670,714;99
13671,714;85
13672,714;88
13673,714;7141
13674,714;6034
13675,714;92
13676,714;109
13677,714;98
13678,714;111
13679,714;7152
13680,714;6039
13681,714;90
13682,714;74
13683,714;91
13684,714;100
13685,714;7134
13686,714;5997
13687,714;82
13688,714;104
13689,714;94
13690,714;92
13691,714;7117
13692,714;6015
13693,714;91
13694,714;91
13695,714;106
13696,714;98
13697,714;7136
13698,714;6010
13699,714;91
13700,714;105
13701,714;93
13702,714;83
13703,714;7143
13704,714;6025
13705,714;82
13706,714;83
13707,714;90
13708,714;99
13709,714;7099
13710,714;6003
13711,714;80
13712,714;75
13713,714;79
13714,714;111
13715,714;7138
13716,714;5984
13717,714;85
13718,714;90
13719,714;92
13720,714;88
13721,714;7163
13722,714;6035
13723,714;100
13724,714;82
13725,714;85
13726,714;104
13727,714;7135
13728,714;6048
13729,714;81
13730,714;94
13731,714;102
13732,714;82
13733,714;7129
13734,714;6037
13735,714;103
13736,714;100
13737,714;92
13739,282;97
13740,282;7120
13741,282;6012
13742,282;83
13743,282;110
13744,282;73
13745,282;99
13746,282;7124
13747,282;6034
13748,282;89
13749,282;95
13750,282;93
13751,282;101
13752,282;7119
13753,282;6002
13754,282;96
13755,282;63
13756,282;94
13757,282;98
13758,282;7094
13759,282;6023
13760,282;80
13761,282;91
13762,282;101
13763,282;97
13764,282;7124
13765,282;6008
13766,282;96
13767,282;70
13768,282;94
13769,282;98
13770,282;7109
13771,282;6026
13772,282;82
13773,282;91
13774,282;84
13775,282;88
13776,282;7103
13777,282;6011
13778,282;99
13779,282;93
13780,282;104
13781,282;95
13782,282;7142
13783,282;6000
13784,282;102
13785,282;77
13786,282;91
13787,282;93
13788,282;7097
13789,282;6030
13790,282;102
13791,282;84
13792,282;93
13793,282;94
13794,282;7111
13795,282;6024
13796,282;100
13797,282;77
13798,282;86
13799,282;83
13800,282;7108
13801,282;6004
13802,282;84
13803,282;101
13804,282;96
13805,282;104
13806,282;7110
13807,282;6027
13808,282;84
13809,282;97
13810,282;91
13811,282;80
13812,282;7075
13813,282;5986
13814,282;77
13815,282;66
13816,282;97
13817,282;69
13818,282;7128
13819,282;6046
13820,282;84
13821,282;89
13822,282;94
13823,282;95
13824,282;7097
13825,282;6033
13826,282;81
13827,282;75
13828,282;83
13829,282;96
13830,282;7115
13831,282;6033
13832,282;78
13833,282;76
13834,282;94
13835,282;100
13836,282;7099
13837,282;6034
13838,282;81
13839,282;94
13845,501;76
13846,501;87
13847,501;7129
13848,501;6029
13849,501;78
13850,501;89
13851,501;84
13852,501;109
13853,501;7099
13854,501;6042
13855,501;69
13856,501;97
13857,501;99
13858,501;92
13859,501;7109
13860,501;6034
13861,501;76
13862,501;75
13863,501;103
13864,501;96
13865,501;7154
13866,501;6034
13867,501;83
13868,501;94
13869,501;81
13870,501;90
13871,501;7112
13872,501;6030
13873,501;64
13874,501;82
13875,501;81
13876,501;89
13877,501;7120
13878,501;6027
13879,501;78
13880,501;85
13881,501;93
13882,501;85
13883,501;7136
13884,501;5998
13885,501;82
13886,501;96
13887,501;83
13888,501;72
13889,501;7107
13890,501;6072
13891,501;76
13892,501;78
13893,501;76
13894,501;90
13895,501;7083
13896,501;6060
13897,501;73
13898,501;76
13899,501;77
13900,501;72
13901,501;7085
13902,501;6064
13903,501;73
13904,501;78
13905,501;81
13906,501;83
13907,501;6775
13908,501;6037
13909,501;91
13910,501;67
13911,501;73
13912,501;83
13913,501;7021
13914,501;6038
13915,501;62
13916,501;87
13917,501;69
13918,501;70
13919,501;7105
13920,501;6027
13921,501;80
13922,501;65
13923,501;83
13924,501;85
13925,501;7122
13926,501;6017
13927,501;91
13928,501;75
13929,501;93
13930,501;81
13931,501;7103
13932,501;6073
13933,501;86
13934,501;76
13935,501;100
13936,501;88
13937,501;7108
13938,501;6059
13939,501;69
13940,501;92
13941,501;76
13942,501;77
13943,501;7067
13944,501;6036
13945,501;80
13941,501;77
13942,501;77
13943,501;89
13944,501;7092
13945,501;6048
13946,501;97
13947,501;79
13948,501;53
13949,501;79
13950,501;7101
13951,501;6051
13952,501;84
13953,501;106
13954,501;83
13955,501;85
13956,501;7101
13957,501;6034
13958,501;83
13959,501;75
13960,501;90
13961,501;91
13962,501;7095
13963,501;6047
13964,501;64
13965,501;73
13966,501;82
13967,501;91
13968,501;7119
13969,501;6039
13970,501;86
13971,501;100
13972,501;112
13973,501;90
13974,501;7126
13975,501;6065
13976,501;88
13977,501;82
13978,501;81
13979,501;86
13980,501;7112
13981,501;6052
13982,501;71
13983,501;83
13984,501;83
13985,501;65
13986,501;7112
13987,501;6026
13988,501;89
13989,501;102
13990,501;91
13991,501;100
13992,501;7098
13993,501;6040
13994,501;95
13995,501;84
13996,501;84
13997,501;78
13998,501;7098
13999,501;6019
14000,501;83
14001,501;83
14002,501;85
14003,501;91
14004,501;7077
14005,501;6064
14006,501;87
14007,501;79
14008,501;110
14009,501;87
14010,501;7077
14011,501;6049
14012,501;92
14013,501;77
14014,501;90
14015,501;111
14016,501;7088
14017,501;6062
14018,501;82
14019,501;92
14020,501;93
14021,501;96
14022,501;7063
14023,501;6066
14024,501;77
14025,501;88
14026,501;102
14027,501;124
14028,501;7068
14029,501;6042
14030,501;93
14031,501;89
14032,501;100
14033,501;106
14034,501;7082
14035,501;6033
14036,501;83
14037,501;89
14038,501;108
14039,501;93
14040,501;7072
14041,501;6066
14041,94;94
14042,94;84
14043,94;91
14044,94;87
14045,94;7064
14046,94;6067
14047,94;89
14048,94;99
14049,94;91
14050,94;83
14051,94;7053
14052,94;6091
14053,94;89
14054,94;92
14055,94;104
14056,94;87
14057,94;7077
14058,94;6077
14059,94;91
14060,94;84
14061,94;92
14062,94;104
14063,94;7082
14064,94;6074
14065,94;114
14066,94;91
14067,94;107
14068,94;100
14069,94;7089
14070,94;6057
14071,94;75
14072,94;80
14073,94;74
14074,94;96
14075,94;7082
14076,94;6077
14077,94;87
14078,94;93
14079,94;98
14080,94;92
14081,94;7065
14082,94;6062
14083,94;84
14084,94;78
14085,94;90
14086,94;95
14087,94;7064
14088,94;6043
14089,94;95
14090,94;89
14091,94;92
14092,94;81
14093,94;7063
14094,94;6059
14095,94;98
14096,94;86
14097,94;104
14098,94;101
14099,94;7067
14100,94;6065
14101,94;80
14102,94;92
14103,94;80
14104,94;105
14105,94;7064
14106,94;6084
14107,94;79
14108,94;91
14109,94;102
14110,94;84
14111,94;7056
14112,94;6077
14113,94;86
14114,94;95
14115,94;83
14116,94;97
14117,94;7046
14118,94;6076
14119,94;93
14120,94;96
14121,94;95
14122,94;85
14123,94;7072
14124,94;6074
14125,94;83
14126,94;97
14127,94;91
14128,94;100
14129,94;7081
14130,94;6082
14131,94;82
14132,94;104
14133,94;104
14134,94;98
14135,94;7049
14136,94;6079
14137,94;82
14138,94;84
14139,94;92
14140,94;97
14141,94;7095
14143,759;6072
14144,759;88
14145,759;119
14146,759;98
14147,759;92
14148,759;7088
14149,759;6072
14150,759;104
14151,759;93
14152,759;105
14153,759;106
14154,759;7116
14155,759;6029
14156,759;76
14157,759;94
14158,759;95
14159,759;87
14160,759;7077
14161,759;6062
14162,759;89
14163,759;98
14164,759;90
14165,759;89
14166,759;7091
14167,759;6081
14168,759;75
14169,759;99
14170,759;94
14171,759;92
14172,759;7068
14173,759;6043
14174,759;99
14175,759;96
14176,759;104
14177,759;109
14178,759;7062
14179,759;6069
14180,759;97
14181,759;114
14182,759;98
14183,759;86
14184,759;7069
14185,759;6076
14186,759;103
14187,759;88
14188,759;92
14189,759;78
14190,759;7079
14191,759;6082
14192,759;85
14193,759;96
14194,759;79
14195,759;84
14196,759;7055
14197,759;6087
14198,759;94
14199,759;92
14200,759;88
14201,759;73
14202,759;7092
14203,759;6081
14204,759;78
14205,759;96
14206,759;92
14207,759;83
14208,759;7072
14209,759;6081
14210,759;97
14211,759;86
14212,759;90
14213,759;85
14214,759;6717
14215,759;6101
14216,759;85
14217,759;96
14218,759;109
14219,759;108
14220,759;7016
14221,759;6090
14222,759;81
14223,759;85
14224,759;88
14225,759;112
14226,759;7076
14227,759;6092
14228,759;84
14229,759;107
14230,759;91
14231,759;104
14232,759;7066
14233,759;6101
14234,759;102
14235,759;94
14236,759;92
14237,759;100
14238,759;7088
14239,759;6074
14240,759;80
14241,759;94
14242,759;95
14243,759;86
14244,762;7104
14245,762;6090
14246,762;85
14247,762;98
14248,762;100
14249,762;104
14250,762;7073
14251,762;6105
14252,762;80
14253,762;95
14254,762;107
14255,762;101
14256,762;7074
14257,762;6097
14258,762;111
14259,762;98
14260,762;96
14261,762;94
14262,762;7070
14263,762;6091
14264,762;83
14265,762;99
14266,762;111
14267,762;107
14268,762;7097
14269,762;6067
14270,762;85
14271,762;102
14272,762;88
14273,762;111
14274,762;7069
14275,762;6094
14276,762;73
14277,762;103
14278,762;86
14279,762;94
14280,762;7087
14281,762;6062
14282,762;93
14283,762;90
14284,762;103
14285,762;94
14286,762;7063
14287,762;6117
14288,762;63
14289,762;103
14290,762;102
14291,762;91
14292,762;7055
14293,762;6100
14294,762;88
14295,762;81
14296,762;98
14297,762;90
14298,762;7072
14299,762;6100
14300,762;106
14301,762;85
14302,762;87
14303,762;102
14304,762;7073
14305,762;6076
14306,762;89
14307,762;85
14308,762;106
14309,762;85
14310,762;7078
14311,762;6112
14312,762;81
14313,762;101
14314,762;100
14315,762;94
14316,762;7069
14317,762;6112
14318,762;80
14319,762;84
14320,762;76
14321,762;92
14322,762;7054
14323,762;6092
14324,762;91
14325,762;88
14326,762;92
14327,762;96
14328,762;7053
14329,762;6122
14330,762;99
14331,762;87
14332,762;99
14333,762;111
14334,762;7033
14335,762;6117
14336,762;100
14337,762;114
14338,762;83
14339,762;94
14340,762;7066
14341,762;6134
14342,762;78
14343,762;92
14344,762;103
14344,856;104
14345,856;7082
14346,856;6041
14347,856;74
14348,856;96
14349,856;100
14350,856;96
14351,856;7063
14352,856;6123
14353,856;102
14354,856;81
14355,856;93
14356,856;100
14357,856;7010
14358,856;6102
14359,856;86
14360,856;79
14361,856;105
14362,856;100
14363,856;7085
14364,856;6092
14365,856;82
14366,856;83
14367,856;100
14368,856;104
14369,856;7041
14370,856;6095
14371,856;81
14372,856;83
14373,856;76
14374,856;97
14375,856;7044
14376,856;6107
14377,856;81
14378,856;84
14379,856;78
14380,856;89
14381,856;7061
14382,856;6107
14383,856;81
14384,856;83
14385,856;87
14386,856;90
14387,856;7046
14388,856;6111
14389,856;86
14390,856;85
14391,856;93
14392,856;111
14393,856;7036
14394,856;6103
14395,856;81
14396,856;84
14397,856;92
14398,856;81
14399,856;7067
14400,856;6126
14401,856;76
14402,856;94
14403,856;99
14404,856;86
14405,856;7028
14406,856;6103
14407,856;81
14408,856;82
14409,856;69
14410,856;68
14411,856;7050
14412,856;6098
14413,856;95
14414,856;79
14415,856;88
14416,856;109
14417,856;7023
14418,856;6129
14419,856;79
14420,856;97
14421,856;98
14422,856;84
14423,856;7035
14424,856;6134
14425,856;62
14426,856;84
14427,856;76
14428,856;104
14429,856;7040
14430,856;6127
14431,856;84
14432,856;100
14433,856;86
14434,856;84
14435,856;7147
14436,856;6015
14437,856;83
14438,856;77
14439,856;85
14440,856;91
14441,856;7053
14442,856;6103
14443,856;102
14444,856;86
14445,856;85
14446,856;101
14447,856;7020
14448,856;6120
14449,856;81
14450,856;74
14451,856;73
14452,856;110
14453,856;7026
14454,856;6110
14455,856;84
14456,856;73
14457,856;76
14458,856;84
14459,856;7035
14460,856;6123
14461,856;79
14462,856;89
14463,856;87
14464,856;95
14465,856;7004
14466,856;6108
14467,856;84
14468,856;89
14469,856;83
14470,856;85
14471,856;7017
14472,856;6107
14473,856;79
14474,856;80
14475,856;77
14476,856;87
14477,856;7010
14478,856;6133
14479,856;79
14480,856;74
14481,856;61
14482,856;103
14483,856;7045
14484,856;6111
14485,856;81
14486,856;82
14487,856;69
14488,856;72
14489,856;7018
14490,856;6110
14491,856;83
14492,856;81
14493,856;62
14494,856;75
14495,856;7033
14496,856;6133
14497,856;77
14498,856;77
14499,856;93
14500,856;63
14501,856;7059
14502,856;6127
14503,856;69
14504,856;67
14505,856;84
14506,856;96
14507,856;7026
14508,856;6123
14509,856;79
14510,856;94
14511,856;62
14512,856;85
14513,856;6997
14514,856;6119
14515,856;69
14516,856;79
14517,856;70
14518,856;83
14519,856;7022
14520,856;6065
14521,856;70
14522,856;70
14523,856;77
14524,856;100
14525,856;6693
14526,856;6123
14527,856;86
14528,856;63
14529,856;74
14530,856;70
14531,856;6965
14532,856;6140
14533,856;77
14534,856;84
14535,856;84
14536,856;79
14537,856;6950
14538,856;6108
14539,856;91
14540,856;83
14541,856;84
14542,856;81
14543,856;6994
14544,856;6126
14545,856;75
14547,832;96
14548,832;86
14549,832;77
14550,832;6993
14551,832;6128
14552,832;83
14553,832;83
14554,832;85
14555,832;91
14556,832;7009
14557,832;6156
14558,832;77
14559,832;81
14560,832;93
14561,832;70
14562,832;7050
14563,832;6135
14564,832;78
14565,832;74
14566,832;85
14567,832;72
14568,832;7000
14569,832;6113
14570,832;85
14571,832;86
14572,832;75
14573,832;85
14574,832;7025
14575,832;6137
14576,832;86
14577,832;79
14578,832;93
14579,832;96
14580,832;7015
14581,832;6116
14582,832;71
14583,832;83
14584,832;103
14585,832;95
14586,832;7041
14587,832;6140
14588,832;75
14589,832;82
14590,832;96
14591,832;88
14592,832;7010
14593,832;6152
14594,832;76
14595,832;91
14596,832;98
14597,832;89
14598,832;7014
14599,832;6160
14600,832;88
14601,832;80
14602,832;94
14603,832;90
14604,832;7024
14605,832;6122
14606,832;76
14607,832;84
14608,832;97
14609,832;99
14610,832;7010
14611,832;6136
14612,832;82
14613,832;96
14614,832;80
14615,832;98
14616,832;7029
14617,832;6158
14618,832;84
14619,832;94
14620,832;67
14621,832;92
14622,832;7018
14623,832;6161
14624,832;78
14625,832;81
14626,832;107
14627,832;100
14628,832;7034
14629,832;6158
14630,832;86
14631,832;82
14632,832;91
14633,832;108
14634,832;7036
14635,832;6132
14636,832;106
14637,832;104
14638,832;86
14639,832;78
14640,832;7015
14641,832;6142
14642,832;81
14643,832;79
14644,832;95
14645,832;126
14646,832;7006
14647,832;6140
14648,833;71
14649,833;93
14650,833;100
14651,833;83
14652,833;7026
14653,833;6156
14654,833;91
14655,833;74
14656,833;82
14657,833;96
14658,833;6985
14659,833;6147
14660,833;75
14661,833;103
14662,833;87
14663,833;99
14664,833;7013
14665,833;6166
14666,833;79
14667,833;107
14668,833;71
14669,833;110
14670,833;6954
14671,833;6178
14672,833;70
14673,833;80
14674,833;95
14675,833;104
14676,833;6995
14677,833;6173
14678,833;79
14679,833;77
14680,833;86
14681,833;85
14682,833;7038
14683,833;6174
14684,833;85
14685,833;94
14686,833;108
14687,833;97
14688,833;7002
14689,833;6172
14690,833;92
14691,833;85
14692,833;96
14693,833;87
14694,833;7000
14695,833;6147
14696,833;83
14697,833;105
14698,833;107
14699,833;92
14700,833;6991
14701,833;6182
14702,833;82
14703,833;91
14704,833;80
14705,833;82
14706,833;7006
14707,833;6163
14708,833;85
14709,833;83
14710,833;90
14711,833;105
14712,833;6981
14713,833;6161
14714,833;84
14715,833;83
14716,833;88
14717,833;97
14718,833;6961
14719,833;6194
14720,833;89
14721,833;84
14722,833;80
14723,833;99
14724,833;7010
14725,833;6149
14726,833;91
14727,833;82
14728,833;77
14729,833;89
14730,833;7006
14731,833;6141
14732,833;90
14733,833;82
14734,833;98
14735,833;114
14736,833;6995
14737,833;6165
14738,833;89
14739,833;107
14740,833;102
14741,833;101
14742,833;7030
14743,833;6171
14744,833;94
14745,833;97
14746,833;93
14747,833;88
14748,833;6983
14749,418;6150
14750,418;106
14751,418;97
14752,418;94
14753,418;106
14754,418;6994
14755,418;6144
14756,418;83
14757,418;87
14758,418;93
14759,418;94
14760,418;7015
14761,418;6182
14762,418;83
14763,418;98
14764,418;113
14765,418;101
14766,418;7011
14767,418;6161
14768,418;93
14769,418;96
14770,418;93
14771,418;102
14772,418;7001
14773,418;6160
14774,418;88
14775,418;100
14776,418;92
14777,418;114
14778,418;7000
14779,418;6157
14780,418;73
14781,418;93
14782,418;81
14783,418;105
14784,418;7024
14785,418;6177
14786,418;100
14787,418;80
14788,418;98
14789,418;107
14790,418;7013
14791,418;6187
14792,418;90
14793,418;94
14794,418;97
14795,418;122
14796,418;7003
14797,418;6192
14798,418;88
14799,418;83
14800,418;81
14801,418;110
14802,418;7016
14803,418;6182
14804,418;98
14805,418;81
14806,418;98
14807,418;105
14808,418;7015
14809,418;6175
14810,418;103
14811,418;105
14812,418;111
14813,418;115
14814,418;7069
14815,418;6105
14816,418;93
14817,418;86
14818,418;108
14819,418;110
14820,418;6971
14821,418;6169
14822,418;85
14823,418;86
14824,418;108
14825,418;94
14826,418;6953
14827,418;6185
14828,418;89
14829,418;94
14830,418;91
14831,418;105
14832,418;6967
14833,418;6178
14834,418;90
14835,418;79
14836,418;90
14837,418;98
14838,418;6620
14839,418;6183
14840,418;83
14841,418;93
14842,418;89
14843,418;99
14844,418;6919
14845,418;6172
14846,418;76
14847,418;99
14848,418;106
14849,418;88
14850,913;6960
14851,913;6186
14852,913;78
14853,913;90
14854,913;85
14855,913;91
14856,913;6970
14857,913;6180
14858,913;80
14859,913;89
14860,913;100
14861,913;110
14862,913;6985
14863,913;6226
14864,913;81
14865,913;94
14866,913;84
14867,913;110
14868,913;6987
14869,913;6165
14870,913;91
14871,913;94
14872,913;89
14873,913;88
14874,913;7008
14875,913;6180
14876,913;86
14877,913;97
14878,913;97
14879,913;106
14880,913;6992
14881,913;6192
14882,913;99
14883,913;92
14884,913;78
14885,913;115
14886,913;7019
14887,913;6182
14888,913;84
14889,913;91
14890,913;90
14891,913;96
14892,913;7043
14893,913;6159
14894,913;102
14895,913;94
14896,913;100
14897,913;88
14898,913;6970
14899,913;6200
14900,913;80
14901,913;88
14902,913;82
14903,913;97
14904,913;7008
14905,913;6203
14906,913;88
14907,913;96
14908,913;95
14909,913;87
14910,913;7071
14911,913;6120
14912,913;90
14913,913;105
14914,913;119
14915,913;103
14916,913;6974
14917,913;6179
14918,913;94
14919,913;99
14920,913;120
14921,913;100
14922,913;6996
14923,913;6193
14924,913;74
14925,913;86
14926,913;88
14927,913;88
14928,913;6971
14929,913;6187
14930,913;97
14931,913;101
14932,913;78
14933,913;102
14934,913;7006
14935,913;6159
14936,913;97
14937,913;86
14938,913;100
14939,913;112
14940,913;6975
14941,913;6178
14942,913;82
14943,913;88
14944,913;88
14945,913;100
14946,913;6984
14947,913;6166
14948,913;86
14949,913;85
14950,913;98
14951,913;95
14952,913;6950
14953,913;6194
14954,913;84
14955,913;76
14956,913;95
14957,913;103
14958,913;6946
14959,913;6198
14960,913;107
14961,913;97
14962,913;78
14963,913;88
14964,913;6943
14965,913;6190
14966,913;98
14967,913;84
14968,913;97
14969,913;89
14970,913;6964
14971,913;6154
14972,913;88
14973,913;82
14974,913;88
14975,913;87
14976,913;6947
14977,913;6192
14978,913;83
14979,913;84
14980,913;93
14981,913;102
14982,913;6986
14983,913;6200
14984,913;107
14985,913;83
14986,913;99
14987,913;85
14988,913;7006
14989,913;6194
14990,913;77
14991,913;97
14992,913;78
14993,913;102
14994,913;6947
14995,913;6180
14996,913;88
14997,913;90
14998,913;78
14999,913;93
15000,913;7040
15001,913;6152
15002,913;87
15003,913;97
15004,913;117
15005,913;82
15006,913;6953
15007,913;6183
15008,913;78
15009,913;99
15010,913;102
15011,913;98
15012,913;6922
15013,913;6212
15014,913;80
15015,913;90
15016,913;101
15017,913;87
15018,913;6939
15019,913;6195
15020,913;76
15021,913;88
15022,913;87
15023,913;103
15024,913;6956
15025,913;6208
15026,913;80
15027,913;91
15028,913;97
15029,913;96
15030,913;6916
15031,913;6198
15032,913;74
15033,913;77
15034,913;100
15035,913;91
15036,913;6963
15037,913;6209
15038,913;82
15039,913;89
15040,913;85
15041,913;86
15042,913;6991
15043,913;6195
15044,913;86
15045,913;96
15046,913;95
15047,913;102
15048,913;6949
15049,913;6229
15050,913;82
15051,913;87
15052,837;81
15053,837;97
15054,837;6931
15055,837;6184
15056,837;72
15057,837;91
15058,837;93
15059,837;83
15060,837;6963
15061,837;6210
15062,837;70
15063,837;88
15064,837;94
15065,837;95
15066,837;6951
15067,837;6219
15068,837;76
15069,837;77
15070,837;89
15071,837;87
15072,837;6962
15073,837;6197
15074,837;82
15075,837;81
15076,837;106
15077,837;108
15078,837;6926
15079,837;6200
15080,837;78
15081,837;83
15082,837;76
15083,837;80
15084,837;6943
15085,837;6219
15086,837;82
15087,837;87
15088,837;95
15089,837;89
15090,837;6926
15091,837;6237
15092,837;98
15093,837;82
15094,837;93
15095,837;100
15096,837;6927
15097,837;6236
15098,837;84
15099,837;89
15100,837;93
15101,837;92
15102,837;6951
15103,837;6213
15104,837;64
15105,837;80
15106,837;77
15107,837;89
15108,837;6965
15109,837;6219
15110,837;77
15111,837;88
15112,837;87
15113,837;83
15114,837;6942
15115,837;6187
15116,837;86
15117,837;80
15118,837;73
15119,837;80
15120,837;6949
15121,837;6226
15122,837;78
15123,837;91
15124,837;90
15125,837;72
15126,837;6919
15127,837;6227
15128,837;65
15129,837;96
15130,837;81
15131,837;97
15132,837;6923
15133,837;6211
15134,837;96
15135,837;71
15136,837;77
15137,837;81
15138,837;6922
15139,837;6220
15140,837;70
15141,837;80
15142,837;92
15143,837;76
15144,837;6939
15145,837;6231
15146,837;84
15147,837;83
15148,837;68
15149,837;83
15150,837;6554
15151,837;6237
15152,837;76
15152,883;70
15153,883;75
15154,883;95
15155,883;6870
15156,883;6232
15157,883;77
15158,883;74
15159,883;78
15160,883;93
15161,883;6921
15162,883;6226
15163,883;63
15164,883;83
15165,883;95
15166,883;71
15167,883;6926
15168,883;6220
15169,883;72
15170,883;72
15171,883;81
15172,883;79
15173,883;6924
15174,883;6206
15175,883;78
15176,883;81
15177,883;79
15178,883;88
15179,883;6919
15180,883;6212
15181,883;88
15182,883;81
15183,883;94
15184,883;76
15185,883;6936
15186,883;6223
15187,883;85
15188,883;90
15189,883;82
15190,883;87
15191,883;6935
15192,883;6195
15193,883;87
15194,883;87
15195,883;90
15196,883;90
15197,883;6904
15198,883;6259
15199,883;74
15200,883;93
15201,883;92
15202,883;106
15203,883;6904
15204,883;6238
15205,883;69
15206,883;76
15207,883;93
15208,883;101
15209,883;6911
15210,883;6220
15211,883;87
15212,883;69
15213,883;100
15214,883;87
15215,883;7010
15216,883;6150
15217,883;77
15218,883;87
15219,883;81
15220,883;70
15221,883;6938
15222,883;6227
15223,883;68
15224,883;73
15225,883;77
15226,883;88
15227,883;6939
15228,883;6233
15229,883;80
15230,883;84
15231,883;84
15232,883;88
15233,883;6916
15234,883;6223
15235,883;66
15236,883;75
15237,883;82
15238,883;92
15239,883;6922
15240,883;6237
15241,883;76
15242,883;79
15243,883;90
15244,883;91
15245,883;6912
15246,883;6249
15247,883;86
15248,883;85
15249,883;106
15250,883;91
15251,883;6922
15252,883;6238
15253,883;113
15254,883;83
15255,883;77
15256,883;81
15257,883;6906
15258,883;6227
15259,883;74
15260,883;97
15261,883;80
15262,883;104
15263,883;6904
15264,883;6268
15265,883;99
15266,883;85
15267,883;78
15268,883;83
15269,883;6894
15270,883;6241
15271,883;82
15272,883;66
15273,883;95
15274,883;95
15275,883;6913
15276,883;6242
15277,883;61
15278,883;85
15279,883;81
15280,883;98
15281,883;6944
15282,883;6249
15283,883;84
15284,883;100
15285,883;92
15286,883;86
15287,883;6924
15288,883;6219
15289,883;69
15290,883;83
15291,883;86
15292,883;98
15293,883;6916
15294,883;6250
15295,883;94
15296,883;87
15297,883;84
15298,883;111
15299,883;6910
15300,883;6208
15301,883;79
15302,883;80
15303,883;87
15304,883;89
15305,883;6926
15306,883;6264
15307,883;94
15308,883;80
15309,883;105
15310,883;86
15311,883;6894
15312,883;6252
15313,883;79
15314,883;107
15315,883;96
15316,883;80
15317,883;6905
15318,883;6243
15319,883;75
15320,883;84
15321,883;83
15322,883;97
15323,883;6912
15324,883;6277
15325,883;85
15326,883;88
15327,883;94
15328,883;93
15329,883;6918
15330,883;6228
15331,883;76
15332,883;81
15333,883;100
15334,883;100
15335,883;6926
15336,883;6233
15337,883;76
15338,883;82
15339,883;97
15340,883;86
15341,883;6922
15342,883;6250
15343,883;89
15344,883;78
15345,883;78
15346,883;103
15347,883;6968
15348,883;6186
15349,883;80
15350,883;85
15351,883;95
15352,883;108
15353,883;6908
15355,752;6257
15356,752;95
15357,752;80
15358,752;110
15359,752;116
15360,752;6924
15361,752;6248
15362,752;104
15363,752;107
15364,752;93
15365,752;94
15366,752;6907
15367,752;6274
15368,752;92
15369,752;90
15370,752;92
15371,752;97
15372,752;6889
15373,752;6263
15374,752;84
15375,752;76
15376,752;104
15377,752;103
15378,752;6914
15379,752;6277
15380,752;78
15381,752;92
15382,752;94
15383,752;87
15384,752;6916
15385,752;6243
15386,752;91
15387,752;96
15388,752;98
15389,752;90
15390,752;6891
15391,752;6246
15392,752;91
15393,752;104
15394,752;93
15395,752;93
15396,752;6908
15397,752;6258
15398,752;78
15399,752;95
15400,752;102
15401,752;94
15402,752;6915
15403,752;6265
15404,752;81
15405,752;94
15406,752;86
15407,752;94
15408,752;6907
15409,752;6272
15410,752;104
15411,752;97
15412,752;99
15413,752;103
15414,752;6903
15415,752;6271
15416,752;95
15417,752;90
15418,752;98
15419,752;95
15420,752;6891
15421,752;6251
15422,752;86
15423,752;84
15424,752;97
15425,752;90
15426,752;6911
15427,752;6257
15428,752;88
15429,752;72
15430,752;116
15431,752;111
15432,752;6914
15433,752;6291
15434,752;91
15435,752;97
15436,752;91
15437,752;85
15438,752;6882
15439,752;6288
15440,752;77
15441,752;81
15442,752;98
15443,752;99
15444,752;6932
15445,752;6245
15446,752;93
15447,752;89
15448,752;103
15449,752;121
15450,752;6909
15451,752;6261
15452,752;73
15453,752;91
15454,752;93
15455,752;97
15456,565;6873
15457,565;6273
15458,565;82
15459,565;97
15460,565;88
15461,565;113
15462,565;6590
15463,565;6283
15464,565;71
15465,565;89
15466,565;90
15467,565;102
15468,565;6839
15469,565;6272
15470,565;80
15471,565;92
15472,565;104
15473,565;100
15474,565;6902
15475,565;6275
15476,565;84
15477,565;96
15478,565;99
15479,565;85
15480,565;6902
15481,565;6252
15482,565;106
15483,565;89
15484,565;92
15485,565;105
15486,565;6888
15487,565;6270
15488,565;90
15489,565;90
15490,565;88
15491,565;104
15492,565;6882
15493,565;6269
15494,565;103
15495,565;93
15496,565;87
15497,565;80
15498,565;6912
15499,565;6287
15500,565;86
15501,565;104
15502,565;103
15503,565;88
15504,565;6893
15505,565;6273
15506,565;90
15507,565;82
15508,565;112
15509,565;93
15510,565;6894
15511,565;6277
15512,565;82
15513,565;96
15514,565;96
15515,565;78
15516,565;6998
15517,565;6200
15518,565;93
15519,565;93
15520,565;91
15521,565;80
15522,565;6900
15523,565;6289
15524,565;91
15525,565;94
15526,565;85
15527,565;116
15528,565;6929
15529,565;6281
15530,565;87
15531,565;88
15532,565;91
15533,565;97
15534,565;6880
15535,565;6259
15536,565;81
15537,565;87
15538,565;86
15539,565;92
15540,565;6889
15541,565;6274
15542,565;100
15543,565;91
15544,565;68
15545,565;89
15546,565;6891
15547,565;6266
15548,565;101
15549,565;98
15550,565;87
15551,565;96
15552,565;6882
15553,565;6294
15554,565;94
15555,565;94
15556,565;84
15556,565;123
15557,565;6872
15558,565;6294
15559,565;92
15560,565;97
15561,565;98
15562,565;91
15563,565;6881
15564,565;6284
15565,565;82
15566,565;90
15567,565;91
15568,565;90
15569,565;6869
15570,565;6272
15571,565;98
15572,565;90
15573,565;83
15574,565;89
15575,565;6860
15576,565;6308
15577,565;93
15578,565;101
15579,565;98
15580,565;99
15581,565;6886
15582,565;6312
15583,565;91
15584,565;93
15585,565;89
15586,565;74
15587,565;6889
15588,565;6294
15589,565;71
15590,565;108
15591,565;87
15592,565;87
15593,565;6883
15594,565;6296
15595,565;94
15596,565;89
15597,565;79
15598,565;91
15599,565;6890
15600,565;6273
15601,565;68
15602,565;101
15603,565;91
15604,565;80
15605,565;6869
15606,565;6280
15607,565;93
15608,565;100
15609,565;94
15610,565;82
15611,565;6876
15612,565;6279
15613,565;87
15614,565;77
15615,565;85
15616,565;94
15617,565;6863
15618,565;6303
15619,565;85
15620,565;61
15621,565;99
15622,565;101
15623,565;6872
15624,565;6317
15625,565;76
15626,565;96
15627,565;81
15628,565;77
15629,565;6894
15630,565;6262
15631,565;80
15632,565;98
15633,565;74
15634,565;96
15635,565;6872
15636,565;6299
15637,565;97
15638,565;95
15639,565;79
15640,565;97
15641,565;6879
15642,565;6314
15643,565;99
15644,565;90
15645,565;80
15646,565;91
15647,565;6857
15648,565;6300
15649,565;76
15650,565;89
15651,565;89
15652,565;87
15653,565;6860
15654,565;6312
15655,565;88
15656,565;76
15659,055;95
15660,055;83
15661,055;6838
15662,055;6309
15663,055;62
15664,055;87
15665,055;95
15666,055;88
15667,055;6852
15668,055;6288
15669,055;80
15670,055;90
15671,055;89
15672,055;98
15673,055;6841
15674,055;6319
15675,055;75
15676,055;92
15677,055;88
15678,055;105
15679,055;6838
15680,055;6281
15681,055;95
15682,055;92
15683,055;89
15684,055;84
15685,055;6845
15686,055;6309
15687,055;82
15688,055;87
15689,055;81
15690,055;87
15691,055;6857
15692,055;6304
15693,055;80
15694,055;77
15695,055;96
15696,055;75
15697,055;6840
15698,055;6283
15699,055;80
15700,055;87
15701,055;85
15702,055;84
15703,055;6882
15704,055;6293
15705,055;76
15706,055;89
15707,055;77
15708,055;78
15709,055;6849
15710,055;6297
15711,055;88
15712,055;85
15713,055;80
15714,055;96
15715,055;6852
15716,055;6334
15717,055;95
15718,055;89
15719,055;86
15720,055;94
15721,055;6842
15722,055;6306
15723,055;77
15724,055;90
15725,055;79
15726,055;86
15727,055;6962
15728,055;6177
15729,055;85
15730,055;87
15731,055;78
15732,055;67
15733,055;6833
15734,055;6317
15735,055;68
15736,055;71
15737,055;64
15738,055;78
15739,055;6824
15740,055;6290
15741,055;76
15742,055;70
15743,055;76
15744,055;79
15745,055;6819
15746,055;6315
15747,055;82
15748,055;72
15749,055;95
15750,055;86
15751,055;6835
15752,055;6285
15753,055;74
15754,055;72
15755,055;92
15756,055;78
15757,055;6833
15758,055;6315
15759,055;64
15759,624;72
15760,624;97
15761,624;86
15762,624;6840
15763,624;6332
15764,624;76
15765,624;75
15766,624;87
15767,624;96
15768,624;6877
15769,624;6310
15770,624;62
15771,624;72
15772,624;78
15773,624;76
15774,624;6488
15775,624;6335
15776,624;89
15777,624;57
15778,624;68
15779,624;78
15780,624;6795
15781,624;6316
15782,624;70
15783,624;81
15784,624;83
15785,624;68
15786,624;6805
15787,624;6336
15788,624;82
15789,624;74
15790,624;101
15791,624;85
15792,624;6826
15793,624;6317
15794,624;55
15795,624;66
15796,624;80
15797,624;78
15798,624;6812
15799,624;6297
15800,624;87
15801,624;65
15802,624;102
15803,624;88
15804,624;6836
15805,624;6307
15806,624;86
15807,624;81
15808,624;84
15809,624;73
15810,624;6822
15811,624;6316
15812,624;56
15813,624;78
15814,624;80
15815,624;82
15816,624;6858
15817,624;6322
15818,624;77
15819,624;79
15820,624;106
15821,624;76
15822,624;6822
15823,624;6323
15824,624;80
15825,624;79
15826,624;90
15827,624;89
15828,624;6832
15829,624;6294
15830,624;79
15831,624;86
15832,624;94
15833,624;89
15834,624;6814
15835,624;6351
15836,624;80
15837,624;82
15838,624;92
15839,624;90
15840,624;6805
15841,624;6350
15842,624;73
15843,624;80
15844,624;88
15845,624;80
15846,624;6839
15847,624;6327
15848,624;83
15849,624;70
15850,624;105
15851,624;88
15852,624;6847
15853,624;6320
15854,624;93
15855,624;93
15856,624;85
15857,624;92
15858,624;6814
15859,624;6327
15860,59;72
15861,59;74
15862,59;84
15863,59;77
15864,59;6838
15865,59;6319
15866,59;80
15867,59;95
15868,59;92
15869,59;108
15870,59;6819
15871,59;6303
15872,59;87
15873,59;90
15874,59;83
15875,59;87
15876,59;6830
15877,59;6342
15878,59;82
15879,59;99
15880,59;84
15881,59;97
15882,59;6820
15883,59;6329
15884,59;78
15885,59;111
15886,59;92
15887,59;82
15888,59;6836
15889,59;6357
15890,59;92
15891,59;79
15892,59;88
15893,59;105
15894,59;6829
15895,59;6335
15896,59;82
15897,59;83
15898,59;94
15899,59;87
15900,59;6835
15901,59;6327
15902,59;94
15903,59;92
15904,59;104
15905,59;106
15906,59;6817
15907,59;6333
15908,59;101
15909,59;97
15910,59;84
15911,59;107
15912,59;6809
15913,59;6321
15914,59;77
15915,59;84
15916,59;81
15917,59;106
15918,59;6797
15919,59;6335
15920,59;85
15921,59;90
15922,59;93
15923,59;90
15924,59;6829
15925,59;6358
15926,59;69
15927,59;101
15928,59;67
15929,59;82
15930,59;6817
15931,59;6309
15932,59;72
15933,59;77
15934,59;82
15935,59;110
15936,59;6818
15937,59;6334
15938,59;91
15939,59;91
15940,59;100
15941,59;82
15942,59;6823
15943,59;6322
15944,59;93
15945,59;100
15946,59;82
15947,59;79
15948,59;6820
15949,59;6355
15950,59;80
15951,59;103
15952,59;99
15953,59;94
15954,59;6809
15955,59;6308
15956,59;74
15957,59;81
15958,59;84
15959,59;96
15960,59;6807
15961,447;6348
15962,447;75
15963,447;95
15964,447;95
15965,447;86
15966,447;6836
15967,447;6317
15968,447;89
15969,447;93
15970,447;86
15971,447;110
15972,447;6804
15973,447;6349
15974,447;79
15975,447;90
15976,447;76
15977,447;91
15978,447;6807
15979,447;6338
15980,447;80
15981,447;100
15982,447;107
15983,447;94
15984,447;6828
15985,447;6316
15986,447;82
15987,447;93
15988,447;95
15989,447;97
15990,447;6878
15991,447;6252
15992,447;92
15993,447;84
15994,447;105
15995,447;96
15996,447;6831
15997,447;6324
15998,447;94
15999,447;92
16000,447;103
16001,447;92
16002,447;6913
16003,447;6253
16004,447;87
16005,447;92
16006,447;89
16007,447;86
16008,447;6836
16009,447;6356
16010,447;85
16011,447;81
16012,447;88
16013,447;104
16014,447;6802
16015,447;6369
16016,447;91
16017,447;99
16018,447;101
16019,447;69
16020,447;6798
16021,447;6352
16022,447;87
16023,447;99
16024,447;94
16025,447;88
16026,447;6828
16027,447;6359
16028,447;81
16029,447;84
16030,447;100
16031,447;99
16032,447;6828
16033,447;6370
16034,447;79
16035,447;105
16036,447;87
16037,447;99
16038,447;6794
16039,447;6349
16040,447;90
16041,447;78
16042,447;78
16043,447;97
16044,447;6797
16045,447;6316
16046,447;89
16047,447;84
16048,447;99
16049,447;100
16050,447;6840
16051,447;6348
16052,447;107
16053,447;82
16054,447;87
16055,447;109
16056,447;6819
16057,447;6352
16058,447;77
16059,447;90
16060,447;89
16061,447;92
16062,447;6892
16063,447;6292
16064,447;80
16065,447;114
16066,447;74
16067,447;108
16068,447;6794
16069,447;6398
16070,447;91
16071,447;114
16072,447;107
16073,447;102
16074,447;6788
16075,447;6352
16076,447;90
16077,447;88
16078,447;82
16079,447;86
16080,447;6816
16081,447;6354
16082,447;88
16083,447;84
16084,447;89
16085,447;107
16086,447;6470
16087,447;6369
16088,447;99
16089,447;86
16090,447;97
16091,447;92
16092,447;6760
16093,447;6389
16094,447;92
16095,447;84
16096,447;103
16097,447;92
16098,447;6796
16099,447;6344
16100,447;89
16101,447;74
16102,447;87
16103,447;104
16104,447;6802
16105,447;6369
16106,447;92
16107,447;85
16108,447;88
16109,447;86
16110,447;6804
16111,447;6356
16112,447;87
16113,447;96
16114,447;100
16115,447;84
16116,447;6819
16117,447;6357
16118,447;90
16119,447;94
16120,447;110
16121,447;89
16122,447;6808
16123,447;6373
16124,447;81
16125,447;87
16126,447;103
16127,447;107
16128,447;6823
16129,447;6378
16130,447;93
16131,447;87
16132,447;90
16133,447;95
16134,447;6819
16135,447;6376
16136,447;99
16137,447;83
16138,447;100
16139,447;98
16140,447;6803
16141,447;6356
16142,447;94
16143,447;99
16144,447;95
16145,447;96
16146,447;6797
16147,447;6393
16148,447;110
16149,447;85
16150,447;103
16151,447;106
16152,447;6785
16153,447;6380
16154,447;78
16155,447;101
16156,447;100
16157,447;101
16158,447;6774
16159,447;6361
16160,447;85
16161,447;96
16162,447;101
16163,497;94
16164,497;6818
16165,497;6394
16166,497;101
16167,497;85
16168,497;105
16169,497;87
16170,497;6774
16171,497;6385
16172,497;92
16173,497;91
16174,497;82
16175,497;94
16176,497;6785
16177,497;6380
16178,497;68
16179,497;102
16180,497;103
16181,497;87
16182,497;6794
16183,497;6375
16184,497;95
16185,497;85
16186,497;91
16187,497;71
16188,497;6850
16189,497;6297
16190,497;84
16191,497;79
16192,497;82
16193,497;95
16194,497;6745
16195,497;6382
16196,497;85
16197,497;93
16198,497;98
16199,497;99
16200,497;6797
16201,497;6354
16202,497;85
16203,497;86
16204,497;95
16205,497;98
16206,497;6805
16207,497;6392
16208,497;74
16209,497;89
16210,497;89
16211,497;91
16212,497;6791
16213,497;6366
16214,497;95
16215,497;75
16216,497;84
16217,497;89
16218,497;6749
16219,497;6397
16220,497;99
16221,497;83
16222,497;99
16223,497;99
16224,497;6789
16225,497;6391
16226,497;83
16227,497;85
16228,497;107
16229,497;87
16230,497;6773
16231,497;6361
16232,497;87
16233,497;96
16234,497;87
16235,497;82
16236,497;6815
16237,497;6320
16238,497;83
16239,497;81
16240,497;79
16241,497;96
16242,497;6765
16243,497;6393
16244,497;88
16245,497;82
16246,497;64
16247,497;85
16248,497;6764
16249,497;6375
16250,497;91
16251,497;95
16252,497;106
16253,497;81
16254,497;6747
16255,497;6382
16256,497;75
16257,497;69
16258,497;75
16259,497;95
16260,497;6740
16261,497;6386
16262,497;71
16263,497;93
16264,829;105
16265,829;91
16266,829;6790
16267,829;6368
16268,829;81
16269,829;80
16270,829;106
16271,829;111
16272,829;6744
16273,829;6402
16274,829;82
16275,829;75
16276,829;69
16277,829;104
16278,829;6765
16279,829;6373
16280,829;88
16281,829;97
16282,829;81
16283,829;111
16284,829;6798
16285,829;6389
16286,829;85
16287,829;86
16288,829;87
16289,829;81
16290,829;6777
16291,829;6368
16292,829;68
16293,829;92
16294,829;94
16295,829;97
16296,829;6788
16297,829;6397
16298,829;98
16299,829;82
16300,829;87
16301,829;86
16302,829;6766
16303,829;6405
16304,829;68
16305,829;84
16306,829;76
16307,829;105
16308,829;6764
16309,829;6383
16310,829;73
16311,829;85
16312,829;85
16313,829;94
16314,829;6742
16315,829;6386
16316,829;70
16317,829;72
16318,829;83
16319,829;93
16320,829;6717
16321,829;6410
16322,829;73
16323,829;84
16324,829;103
16325,829;80
16326,829;6759
16327,829;6404
16328,829;82
16329,829;76
16330,829;79
16331,829;83
16332,829;6781
16333,829;6342
16334,829;80
16335,829;90
16336,829;85
16337,829;88
16338,829;6775
16339,829;6361
16340,829;70
16341,829;88
16342,829;91
16343,829;87
16344,829;6748
16345,829;6384
16346,829;62
16347,829;79
16348,829;89
16349,829;88
16350,829;6701
16351,829;6373
16352,829;73
16353,829;85
16354,829;89
16355,829;83
16356,829;6733
16357,829;6381
16358,829;76
16359,829;87
16360,829;90
16361,829;86
16362,829;6756
16363,829;6396
16364,829;71
16364,944;81
16365,944;81
16366,944;56
16367,944;6750
16368,944;6395
16369,944;82
16370,944;84
16371,944;77
16372,944;82
16373,944;6716
16374,944;6404
16375,944;83
16376,944;62
16377,944;86
16378,944;86
16379,944;6802
16380,944;6312
16381,944;85
16382,944;72
16383,944;71
16384,944;90
16385,944;6727
16386,944;6396
16387,944;83
16388,944;95
16389,944;88
16390,944;78
16391,944;6742
16392,944;6407
16393,944;68
16394,944;73
16395,944;78
16396,944;82
16397,944;6400
16398,944;6387
16399,944;77
16400,944;79
16401,944;82
16402,944;98
16403,944;6773
16404,944;6259
16405,944;62
16406,944;79
16407,944;79
16408,944;77
16409,944;6709
16410,944;6415
16411,944;89
16412,944;69
16413,944;87
16414,944;83
16415,944;6762
16416,944;6391
16417,944;73
16418,944;75
16419,944;78
16420,944;86
16421,944;6740
16422,944;6392
16423,944;89
16424,944;86
16425,944;88
16426,944;82
16427,944;6737
16428,944;6410
16429,944;70
16430,944;77
16431,944;89
16432,944;106
16433,944;6743
16434,944;6400
16435,944;85
16436,944;83
16437,944;87
16438,944;94
16439,944;6733
16440,944;6410
16441,944;95
16442,944;80
16443,944;78
16444,944;94
16445,944;6740
16446,944;6395
16447,944;74
16448,944;74
16449,944;89
16450,944;99
16451,944;6729
16452,944;6387
16453,944;84
16454,944;96
16455,944;94
16456,944;88
16457,944;6712
16458,944;6406
16459,944;75
16460,944;75
16461,944;78
16462,944;77
16463,944;6762
16464,944;6420
16466,539;71
16467,539;86
16468,539;77
16469,539;85
16470,539;6730
16471,539;6426
16472,539;73
16473,539;96
16474,539;88
16475,539;89
16476,539;6730
16477,539;6407
16478,539;81
16479,539;100
16480,539;85
16481,539;129
16482,539;6731
16483,539;6421
16484,539;89
16485,539;81
16486,539;76
16487,539;95
16488,539;6754
16489,539;6431
16490,539;68
16491,539;75
16492,539;75
16493,539;94
16494,539;6708
16495,539;6413
16496,539;100
16497,539;78
16498,539;95
16499,539;80
16500,539;6705
16501,539;6420
16502,539;83
16503,539;100
16504,539;90
16505,539;82
16506,539;6739
16507,539;6437
16508,539;81
16509,539;92
16510,539;91
16511,539;77
16512,539;6743
16513,539;6420
16514,539;88
16515,539;91
16516,539;98
16517,539;93
16518,539;6695
16519,539;6424
16520,539;90
16521,539;80
16522,539;85
16523,539;87
16524,539;6737
16525,539;6415
16526,539;87
16527,539;82
16528,539;93
16529,539;93
16530,539;6717
16531,539;6445
16532,539;80
16533,539;91
16534,539;85
16535,539;76
16536,539;6745
16537,539;6428
16538,539;77
16539,539;81
16540,539;81
16541,539;95
16542,539;6748
16543,539;6437
16544,539;101
16545,539;96
16546,539;97
16547,539;86
16548,539;6762
16549,539;6408
16550,539;68
16551,539;88
16552,539;80
16553,539;98
16554,539;6742
16555,539;6436
16556,539;86
16557,539;92
16558,539;123
16559,539;91
16560,539;6691
16561,539;6430
16562,539;94
16563,539;89
16564,539;84
16565,539;99
16566,539;6735
16567,539;6435
16568,539;69
16569,539;88
16570,539;76
16571,539;86
16572,539;6711
16573,539;6441
16574,539;97
16575,539;100
16576,539;79
16577,539;76
16578,539;6690
16579,539;6427
16580,539;80
16581,539;90
16582,539;82
16583,539;83
16584,539;6707
16585,539;6422
16586,539;86
16587,539;92
16588,539;70
16589,539;98
16590,539;6683
16591,539;6416
16592,539;82
16593,539;99
16594,539;97
16595,539;83
16596,539;6743
16597,539;6404
16598,539;84
16599,539;84
16600,539;92
16601,539;89
16602,539;6707
16603,539;6436
16604,539;91
16605,539;87
16606,539;86
16607,539;91
16608,539;6716
16609,539;6473
16610,539;80
16611,539;105
16612,539;76
16613,539;89
16614,539;6706
16615,539;6440
16616,539;86
16617,539;83
16618,539;84
16619,539;104
16620,539;6719
16621,539;6430
16622,539;74
16623,539;112
16624,539;87
16625,539;94
16626,539;6728
16627,539;6437
16628,539;96
16629,539;98
16630,539;115
16631,539;76
16632,539;6685
16633,539;6454
16634,539;85
16635,539;87
16636,539;96
16637,539;73
16638,539;6717
16639,539;6445
16640,539;93
16641,539;98
16642,539;93
16643,539;93
16644,539;6729
16645,539;6454
16646,539;83
16647,539;82
16648,539;83
16649,539;92
16650,539;6722
16651,539;6449
16652,539;74
16653,539;81
16654,539;107
16655,539;94
16656,539;6717
16657,539;6459
16658,539;85
16659,539;76
16660,539;100
16661,539;114
16662,539;6750
16663,539;6453
16664,539;95
16665,539;79
16666,539;119
16667,539;96
16668,675;6734
16669,675;6439
16670,675;92
16671,675;96
16672,675;92
16673,675;80
16674,675;6734
16675,675;6446
16676,675;81
16677,675;86
16678,675;87
16679,675;87
16680,675;6745
16681,675;6461
16682,675;81
16683,675;93
16684,675;92
16685,675;98
16686,675;6720
16687,675;6463
16688,675;101
16689,675;83
16690,675;95
16691,675;88
16692,675;6700
16693,675;6434
16694,675;78
16695,675;95
16696,675;71
16697,675;114
16698,675;6704
16699,675;6470
16700,675;105
16701,675;81
16702,675;111
16703,675;89
16704,675;6723
16705,675;6480
16706,675;93
16707,675;90
16708,675;95
16709,675;89
16710,675;6335
16711,675;6460
16712,675;87
16713,675;89
16714,675;93
16715,675;101
16716,675;6627
16717,675;6470
16718,675;92
16719,675;103
16720,675;91
16721,675;109
16722,675;6725
16723,675;6443
16724,675;85
16725,675;107
16726,675;111
16727,675;104
16728,675;6719
16729,675;6451
16730,675;95
16731,675;92
16732,675;91
16733,675;93
16734,675;6693
16735,675;6441
16736,675;76
16737,675;80
16738,675;88
16739,675;103
16740,675;6722
16741,675;6474
16742,675;88
16743,675;101
16744,675;101
16745,675;86
16746,675;6735
16747,675;6442
16748,675;85
16749,675;89
16750,675;107
16751,675;95
16752,675;6698
16753,675;6425
16754,675;78
16755,675;75
16756,675;92
16757,675;103
16758,675;6693
16759,675;6457
16760,675;82
16761,675;104
16762,675;96
16763,675;95
16764,675;6711
16765,675;6454
16766,675;99
16767,675;104
16768,675;87
16770,013;85
16771,013;6722
16772,013;6461
16773,013;83
16774,013;96
16775,013;80
16776,013;98
16777,013;6685
16778,013;6461
16779,013;69
16780,013;95
16781,013;94
16782,013;82
16783,013;6710
16784,013;6469
16785,013;93
16786,013;97
16787,013;94
16788,013;100
16789,013;6712
16790,013;6466
16791,013;74
16792,013;78
16793,013;84
16794,013;103
16795,013;6694
16796,013;6481
16797,013;86
16798,013;97
16799,013;100
16800,013;78
16801,013;6711
16802,013;6470
16803,013;81
16804,013;86
16805,013;85
16806,013;99
16807,013;6682
16808,013;6464
16809,013;79
16810,013;81
16811,013;97
16812,013;84
16813,013;6653
16814,013;6490
16815,013;93
16816,013;90
16817,013;86
16818,013;95
16819,013;6655
16820,013;6476
16821,013;83
16822,013;86
16823,013;107
16824,013;96
16825,013;6667
16826,013;6474
16827,013;92
16828,013;94
16829,013;97
16830,013;91
16831,013;6658
16832,013;6463
16833,013;76
16834,013;92
16835,013;72
16836,013;93
16837,013;6669
16838,013;6465
16839,013;96
16840,013;89
16841,013;75
16842,013;103
16843,013;6696
16844,013;6478
16845,013;73
16846,013;87
16847,013;82
16848,013;91
16849,013;6688
16850,013;6501
16851,013;73
16852,013;86
16853,013;73
16854,013;104
16855,013;6656
16856,013;6467
16857,013;95
16858,013;80
16859,013;94
16860,013;97
16861,013;6665
16862,013;6478
16863,013;84
16864,013;86
16865,013;91
16866,013;94
16867,013;6687
16868,013;6465
16869,013;76
16870,013;90
16871,274;88
16872,274;86
16873,274;6667
16874,274;6503
16875,274;79
16876,274;92
16877,274;109
16878,274;102
16879,274;6644
16880,274;6459
16881,274;84
16882,274;109
16883,274;99
16884,274;90
16885,274;6668
16886,274;6492
16887,274;79
16888,274;97
16889,274;90
16890,274;91
16891,274;6684
16892,274;6480
16893,274;89
16894,274;100
16895,274;88
16896,274;96
16897,274;6654
16898,274;6467
16899,274;99
16900,274;102
16901,274;91
16902,274;99
16903,274;6696
16904,274;6476
16905,274;78
16906,274;102
16907,274;91
16908,274;81
16909,274;6694
16910,274;6505
16911,274;72
16912,274;93
16913,274;96
16914,274;98
16915,274;6657
16916,274;6475
16917,274;88
16918,274;98
16919,274;82
16920,274;106
16921,274;6665
16922,274;6482
16923,274;85
16924,274;91
16925,274;68
16926,274;91
16927,274;6680
16928,274;6499
16929,274;80
16930,274;77
16931,274;96
16932,274;93
16933,274;6645
16934,274;6493
16935,274;98
16936,274;92
16937,274;85
16938,274;102
16939,274;6663
16940,274;6504
16941,274;90
16942,274;97
16943,274;89
16944,274;91
16945,274;6654
16946,274;6497
16947,274;85
16948,274;83
16949,274;84
16950,274;84
16951,274;6617
16952,274;6473
16953,274;87
16954,274;82
16955,274;73
16956,274;104
16957,274;6650
16958,274;6476
16959,274;76
16960,274;75
16961,274;81
16962,274;93
16963,274;6669
16964,274;6469
16965,274;76
16966,274;100
16967,274;79
16968,274;86
16969,274;6629
16970,274;6489
16971,274;99
16971,533;75
16972,533;79
16973,533;79
16974,533;6676
16975,533;6461
16976,533;88
16977,533;72
16978,533;72
16979,533;90
16980,533;6661
16981,533;6502
16982,533;68
16983,533;81
16984,533;80
16985,533;89
16986,533;6662
16987,533;6499
16988,533;71
16989,533;87
16990,533;66
16991,533;91
16992,533;6646
16993,533;6476
16994,533;87
16995,533;81
16996,533;95
16997,533;88
16998,533;6636
16999,533;6504
17000,533;70
17001,533;74
17002,533;94
17003,533;77
17004,533;6706
17005,533;6422
17006,533;77
17007,533;76
17008,533;76
17009,533;87
17010,533;6633
17011,533;6507
17012,533;74
17013,533;82
17014,533;81
17015,533;85
17016,533;6608
17017,533;6501
17018,533;68
17019,533;88
17020,533;76
17021,533;70
17022,533;6285
17023,533;6521
17024,533;63
17025,533;96
17026,533;76
17027,533;79
17028,533;6596
17029,533;6501
17030,533;74
17031,533;82
17032,533;70
17033,533;97
17034,533;6633
17035,533;6524
17036,533;67
17037,533;81
17038,533;82
17039,533;98
17040,533;6620
17041,533;6493
17042,533;74
17043,533;67
17044,533;90
17045,533;83
17046,533;6621
17047,533;6497
17048,533;92
17049,533;78
17050,533;80
17051,533;77
17052,533;6637
17053,533;6506
17054,533;86
17055,533;76
17056,533;83
17057,533;88
17058,533;6641
17059,533;6519
17060,533;91
17061,533;73
17062,533;90
17063,533;75
17064,533;6659
17065,533;6506
17066,533;59
17067,533;90
17068,533;103
17069,533;88
17070,533;6611
17071,533;6497
17072,533;71
17073,533;90
17074,533;75
17075,533;77
17076,533;6624
17077,533;6518
17078,533;79
17079,533;71
17080,533;89
17081,533;82
17082,533;6656
17083,533;6508
17084,533;82
17085,533;96
17086,533;82
17087,533;88
17088,533;6640
17089,533;6507
17090,533;90
17091,533;84
17092,533;95
17093,533;81
17094,533;6647
17095,533;6494
17096,533;67
17097,533;90
17098,533;75
17099,533;78
17100,533;6599
17101,533;6519
17102,533;100
17103,533;93
17104,533;92
17105,533;81
17106,533;6654
17107,533;6484
17108,533;97
17109,533;68
17110,533;96
17111,533;85
17112,533;6650
17113,533;6478
17114,533;85
17115,533;86
17116,533;71
17117,533;80
17118,533;6605
17119,533;6499
17120,533;85
17121,533;82
17122,533;96
17123,533;99
17124,533;6622
17125,533;6505
17126,533;94
17127,533;87
17128,533;62
17129,533;95
17130,533;6721
17131,533;6453
17132,533;80
17133,533;69
17134,533;83
17135,533;79
17136,533;6617
17137,533;6507
17138,533;88
17139,533;95
17140,533;90
17141,533;97
17142,533;6631
17143,533;6493
17144,533;82
17145,533;87
17146,533;93
17147,533;102
17148,533;6614
17149,533;6515
17150,533;89
17151,533;75
17152,533;109
17153,533;92
17154,533;6601
17155,533;6532
17156,533;99
17157,533;91
17158,533;84
17159,533;94
17160,533;6632
17161,533;6504
17162,533;80
17163,533;105
17164,533;94
17165,533;84
17166,533;6606
17167,533;6510
17168,533;86
17169,533;85
17170,533;92
17171,533;85
17172,533;6639
17172,984;6540
17173,984;82
17174,984;100
17175,984;90
17176,984;72
17177,984;6613
17178,984;6520
17179,984;88
17180,984;88
17181,984;90
17182,984;101
17183,984;6670
17184,984;6523
17185,984;93
17186,984;79
17187,984;90
17188,984;117
17189,984;6631
17190,984;6513
17191,984;65
17192,984;106
17193,984;96
17194,984;98
17195,984;6666
17196,984;6503
17197,984;99
17198,984;89
17199,984;90
17200,984;103
17201,984;6616
17202,984;6518
17203,984;75
17204,984;107
17205,984;101
17206,984;86
17207,984;6659
17208,984;6508
17209,984;92
17210,984;72
17211,984;106
17212,984;93
17213,984;6622
17214,984;6505
17215,984;91
17216,984;72
17217,984;81
17218,984;96
17219,984;6680
17220,984;6451
17221,984;73
17222,984;87
17223,984;95
17224,984;96
17225,984;6656
17226,984;6526
17227,984;84
17228,984;88
17229,984;94
17230,984;105
17231,984;6640
17232,984;6537
17233,984;94
17234,984;78
17235,984;70
17236,984;88
17237,984;6635
17238,984;6540
17239,984;81
17240,984;69
17241,984;78
17242,984;83
17243,984;6628
17244,984;6537
17245,984;81
17246,984;82
17247,984;93
17248,984;87
17249,984;6604
17250,984;6555
17251,984;79
17252,984;102
17253,984;94
17254,984;105
17255,984;6610
17256,984;6537
17257,984;80
17258,984;84
17259,984;107
17260,984;100
17261,984;6647
17262,984;6580
17263,984;85
17264,984;77
17265,984;97
17266,984;102
17267,984;6625
17268,984;6549
17269,984;86
17270,984;89
17271,984;91
17272,984;86
17274,618;6618
17275,618;6535
17276,618;97
17277,618;103
17278,618;94
17279,618;88
17280,618;6757
17281,618;6414
17282,618;88
17283,618;94
17284,618;98
17285,618;97
17286,618;6636
17287,618;6567
17288,618;87
17289,618;89
17290,618;94
17291,618;81
17292,618;6634
17293,618;6535
17294,618;81
17295,618;103
17296,618;91
17297,618;101
17298,618;6643
17299,618;6559
17300,618;79
17301,618;86
17302,618;101
17303,618;94
17304,618;6617
17305,618;6571
17306,618;89
17307,618;98
17308,618;96
17309,618;91
17310,618;6611
17311,618;6536
17312,618;76
17313,618;85
17314,618;95
17315,618;87
17316,618;6620
17317,618;6541
17318,618;92
17319,618;84
17320,618;114
17321,618;113
17322,618;6638
17323,618;6548
17324,618;81
17325,618;85
17326,618;112
17327,618;105
17328,618;6587
17329,618;6533
17330,618;93
17331,618;79
17332,618;109
17333,618;90
17334,618;6270
17335,618;6543
17336,618;100
17337,618;92
17338,618;108
17339,618;95
17340,618;6526
17341,618;6546
17342,618;108
17343,618;99
17344,618;95
17345,618;99
17346,618;6626
17347,618;6544
17348,618;101
17349,618;88
17350,618;96
17351,618;95
17352,618;6597
17353,618;6584
17354,618;81
17355,618;82
17356,618;67
17357,618;107
17358,618;6592
17359,618;6540
17360,618;99
17361,618;93
17362,618;106
17363,618;111
17364,618;6628
17365,618;6576
17366,618;96
17367,618;91
17368,618;102
17369,618;101
17370,618;6614
17371,618;6550
17372,618;83
17373,618;92
17374,618;90
17375,463;101
17376,463;6627
17377,463;6569
17378,463;105
17379,463;80
17380,463;86
17381,463;83
17382,463;6605
17383,463;6544
17384,463;79
17385,463;86
17386,463;91
17387,463;103
17388,463;6581
17389,463;6550
17390,463;96
17391,463;91
17392,463;85
17393,463;99
17394,463;6605
17395,463;6551
17396,463;93
17397,463;91
17398,463;105
17399,463;87
17400,463;6596
17401,463;6513
17402,463;91
17403,463;82
17404,463;113
17405,463;86
17406,463;6593
17407,463;6552
17408,463;71
17409,463;92
17410,463;118
17411,463;77
17412,463;6612
17413,463;6555
17414,463;76
17415,463;91
17416,463;86
17417,463;94
17418,463;6588
17419,463;6578
17420,463;102
17421,463;82
17422,463;77
17423,463;84
17424,463;6658
17425,463;6528
17426,463;87
17427,463;109
17428,463;103
17429,463;87
17430,463;6682
17431,463;6520
17432,463;82
17433,463;84
17434,463;94
17435,463;106
17436,463;6604
17437,463;6558
17438,463;89
17439,463;101
17440,463;80
17441,463;107
17442,463;6585
17443,463;6563
17444,463;93
17445,463;84
17446,463;92
17447,463;104
17448,463;6585
17449,463;6580
17450,463;86
17451,463;112
17452,463;79
17453,463;95
17454,463;6594
17455,463;6550
17456,463;87
17457,463;101
17458,463;83
17459,463;102
17460,463;6574
17461,463;6558
17462,463;101
17463,463;101
17464,463;113
17465,463;101
17466,463;6590
17467,463;6571
17468,463;89
17469,463;81
17470,463;97
17471,463;84
17472,463;6614
17473,463;6548
17474,463;85
17475,463;102
17476,362;98
17477,362;88
17478,362;6559
17479,362;6566
17480,362;85
17481,362;71
17482,362;91
17483,362;91
17484,362;6603
17485,362;6527
17486,362;82
17487,362;86
17488,362;92
17489,362;98
17490,362;6566
17491,362;6585
17492,362;102
17493,362;110
17494,362;94
17495,362;95
17496,362;6562
17497,362;6562
17498,362;78
17499,362;77
17500,362;83
17501,362;85
17502,362;6554
17503,362;6563
17504,362;88
17505,362;93
17506,362;97
17507,362;80
17508,362;6590
17509,362;6578
17510,362;89
17511,362;91
17512,362;79
17513,362;98
17514,362;6574
17515,362;6594
17516,362;80
17517,362;92
17518,362;91
17519,362;93
17520,362;6529
17521,362;6549
17522,362;83
17523,362;102
17524,362;79
17525,362;86
17526,362;6552
17527,362;6592
17528,362;68
17529,362;86
17530,362;90
17531,362;96
17532,362;6652
17533,362;6456
17534,362;85
17535,362;86
17536,362;94
17537,362;86
17538,362;6581
17539,362;6598
17540,362;94
17541,362;77
17542,362;77
17543,362;86
17544,362;6577
17545,362;6583
17546,362;77
17547,362;67
17548,362;63
17549,362;81
17550,362;6576
17551,362;6588
17552,362;76
17553,362;75
17554,362;79
17555,362;90
17556,362;6636
17557,362;6486
17558,362;78
17559,362;102
17560,362;87
17561,362;91
17562,362;6575
17563,362;6576
17564,362;69
17565,362;85
17566,362;78
17567,362;96
17568,362;6559
17569,362;6575
17570,362;76
17571,362;82
17572,362;77
17573,362;88
17574,362;6570
17575,362;6605
17576,362;70
17577,362;98
17578,362;110
17579,362;98
17580,362;6538
17581,362;6585
17582,362;73
17583,362;79
17584,362;74
17585,362;85
17586,362;6556
17587,362;6568
17588,362;70
17589,362;92
17590,362;91
17591,362;81
17592,362;6546
17593,362;6599
17594,362;81
17595,362;83
17596,362;83
17597,362;82
17598,362;6523
17599,362;6564
17600,362;86
17601,362;88
17602,362;84
17603,362;95
17604,362;6575
17605,362;6570
17606,362;73
17607,362;75
17608,362;94
17609,362;82
17610,362;6543
17611,362;6569
17612,362;85
17613,362;80
17614,362;63
17615,362;90
17616,362;6544
17617,362;6574
17618,362;85
17619,362;67
17620,362;92
17621,362;88
17622,362;6557
17623,362;6589
17624,362;67
17625,362;84
17626,362;73
17627,362;105
17628,362;6555
17629,362;6571
17630,362;54
17631,362;87
17632,362;84
17633,362;68
17634,362;6517
17635,362;6577
17636,362;70
17637,362;70
17638,362;86
17639,362;83
17640,362;6544
17641,362;6580
17642,362;67
17643,362;66
17644,362;94
17645,362;84
17646,362;6211
17647,362;6579
17648,362;67
17649,362;57
17650,362;91
17651,362;78
17652,362;6480
17653,362;6600
17654,362;67
17655,362;60
17656,362;77
17657,362;102
17658,362;6484
17659,362;6601
17660,362;74
17661,362;65
17662,362;77
17663,362;86
17664,362;6553
17665,362;6583
17666,362;86
17667,362;66
17668,362;77
17669,362;77
17670,362;6506
17671,362;6600
17672,362;53
17673,362;77
17674,362;99
17675,362;90
17676,362;6546
17677,362;6604
17677,716;96
17678,716;82
17679,716;87
17680,716;75
17681,716;6555
17682,716;6561
17683,716;89
17684,716;84
17685,716;68
17686,716;74
17687,716;6576
17688,716;6605
17689,716;78
17690,716;71
17691,716;81
17692,716;97
17693,716;6562
17694,716;6620
17695,716;68
17696,716;79
17697,716;64
17698,716;92
17699,716;6549
17700,716;6585
17701,716;63
17702,716;78
17703,716;76
17704,716;97
17705,716;6551
17706,716;6602
17707,716;73
17708,716;79
17709,716;91
17710,716;96
17711,716;6546
17712,716;6612
17713,716;91
17714,716;85
17715,716;89
17716,716;84
17717,716;6547
17718,716;6610
17719,716;88
17720,716;89
17721,716;85
17722,716;92
17723,716;6555
17724,716;6623
17725,716;69
17726,716;81
17727,716;109
17728,716;81
17729,716;6529
17730,716;6597
17731,716;74
17732,716;82
17733,716;80
17734,716;86
17735,716;6528
17736,716;6609
17737,716;71
17738,716;86
17739,716;84
17740,716;112
17741,716;6553
17742,716;6608
17743,716;79
17744,716;83
17745,716;97
17746,716;74
17747,716;6520
17748,716;6568
17749,716;79
17750,716;80
17751,716;82
17752,716;104
17753,716;6532
17754,716;6598
17755,716;92
17756,716;86
17757,716;82
17758,716;95
17759,716;6523
17760,716;6611
17761,716;99
17762,716;78
17763,716;89
17764,716;89
17765,716;6557
17766,716;6625
17767,716;69
17768,716;91
17769,716;84
17770,716;91
17771,716;6537
17772,716;6609
17773,716;69
17774,716;78
17775,716;87
17776,716;93
17777,716;6507
17779,685;6633
17780,685;71
17781,685;94
17782,685;96
17783,685;88
17784,685;6536
17785,685;6599
17786,685;86
17787,685;95
17788,685;94
17789,685;85
17790,685;6523
17791,685;6622
17792,685;78
17793,685;114
17794,685;77
17795,685;87
17796,685;6523
17797,685;6610
17798,685;74
17799,685;77
17800,685;83
17801,685;92
17802,685;6520
17803,685;6615
17804,685;78
17805,685;84
17806,685;90
17807,685;103
17808,685;6544
17809,685;6607
17810,685;90
17811,685;76
17812,685;106
17813,685;79
17814,685;6508
17815,685;6618
17816,685;82
17817,685;82
17818,685;93
17819,685;82
17820,685;6519
17821,685;6617
17822,685;88
17823,685;90
17824,685;103
17825,685;99
17826,685;6528
17827,685;6612
17828,685;94
17829,685;95
17830,685;102
17831,685;92
17832,685;6523
17833,685;6648
17834,685;70
17835,685;86
17836,685;91
17837,685;109
17838,685;6527
17839,685;6648
17840,685;82
17841,685;97
17842,685;93
17843,685;79
17844,685;6535
17845,685;6630
17846,685;83
17847,685;73
17848,685;97
17849,685;89
17850,685;6559
17851,685;6624
17852,685;68
17853,685;96
17854,685;100
17855,685;89
17856,685;6531
17857,685;6633
17858,685;93
17859,685;96
17860,685;74
17861,685;96
17862,685;6521
17863,685;6621
17864,685;89
17865,685;87
17866,685;80
17867,685;81
17868,685;6522
17869,685;6614
17870,685;76
17871,685;78
17872,685;87
17873,685;86
17874,685;6519
17875,685;6642
17876,685;95
17877,685;81
17878,685;85
17879,685;104
17880,801;6514
17881,801;6603
17882,801;103
17883,801;92
17884,801;83
17885,801;71
17886,801;6556
17887,801;6620
17888,801;85
17889,801;95
17890,801;89
17891,801;77
17892,801;6537
17893,801;6624
17894,801;91
17895,801;73
17896,801;98
17897,801;97
17898,801;6502
17899,801;6622
17900,801;75
17901,801;97
17902,801;93
17903,801;89
17904,801;6515
17905,801;6640
17906,801;83
17907,801;106
17908,801;85
17909,801;75
17910,801;6518
17911,801;6656
17912,801;88
17913,801;95
17914,801;89
17915,801;99
17916,801;6499
17917,801;6637
17918,801;97
17919,801;89
17920,801;80
17921,801;92
17922,801;6563
17923,801;6630
17924,801;91
17925,801;88
17926,801;91
17927,801;74
17928,801;6530
17929,801;6629
17930,801;100
17931,801;86
17932,801;69
17933,801;96
17934,801;6538
17935,801;6615
17936,801;95
17937,801;100
17938,801;96
17939,801;103
17940,801;6491
17941,801;6631
17942,801;85
17943,801;90
17944,801;109
17945,801;62
17946,801;6503
17947,801;6675
17948,801;91
17949,801;92
17950,801;88
17951,801;98
17952,801;6528
17953,801;6645
17954,801;91
17955,801;96
17956,801;89
17957,801;102
17958,801;6173
17959,801;6663
17960,801;95
17961,801;92
17962,801;113
17963,801;76
17964,801;6454
17965,801;6642
17966,801;78
17967,801;96
17968,801;99
17969,801;103
17970,801;6485
17971,801;6661
17972,801;86
17973,801;85
17974,801;79
17975,801;93
17976,801;6500
17977,801;6646
17978,801;78
17979,801;94
17980,801;104
17981,411;97
17982,411;6520
17983,411;6643
17984,411;93
17985,411;97
17986,411;98
17987,411;92
17988,411;6544
17989,411;6626
17990,411;77
17991,411;88
17992,411;96
17993,411;86
17994,411;6492
17995,411;6684
17996,411;84
17997,411;88
17998,411;101
17999,411;91
18000,411;6506
18001,411;6625
18002,411;100
18003,411;93
18004,411;98
18005,411;94
18006,411;6526
18007,411;6646
18008,411;82
18009,411;99
18010,411;81
18011,411;106
18012,411;6594
18013,411;6594
18014,411;87
18015,411;81
18016,411;107
18017,411;98
18018,411;6468
18019,411;6640
18020,411;89
18021,411;95
18022,411;99
18023,411;92
18024,411;6512
18025,411;6653
18026,411;74
18027,411;86
18028,411;71
18029,411;87
18030,411;6514
18031,411;6645
18032,411;91
18033,411;107
18034,411;111
18035,411;83
18036,411;6509
18037,411;6665
18038,411;98
18039,411;73
18040,411;80
18041,411;98
18042,411;6519
18043,411;6621
18044,411;86
18045,411;94
18046,411;87
18047,411;110
18048,411;6493
18049,411;6655
18050,411;99
18051,411;79
18052,411;90
18053,411;77
18054,411;6488
18055,411;6651
18056,411;75
18057,411;86
18058,411;81
18059,411;87
18060,411;6502
18061,411;6663
18062,411;91
18063,411;83
18064,411;95
18065,411;126
18066,411;6482
18067,411;6646
18068,411;93
18069,411;90
18070,411;91
18071,411;91
18072,411;6509
18073,411;6669
18074,411;84
18075,411;90
18076,411;85
18077,411;92
18078,411;6476
18079,411;6642
18080,411;99
18081,411;89
18083,191;98
18084,191;90
18085,191;6496
18086,191;6665
18087,191;84
18088,191;65
18089,191;94
18090,191;108
18091,191;6456
18092,191;6658
18093,191;74
18094,191;78
18095,191;79
18096,191;94
18097,191;6474
18098,191;6657
18099,191;67
18100,191;98
18101,191;90
18102,191;88
18103,191;6491
18104,191;6683
18105,191;67
18106,191;100
18107,191;79
18108,191;106
18109,191;6528
18110,191;6645
18111,191;99
18112,191;111
18113,191;90
18114,191;88
18115,191;6460
18116,191;6660
18117,191;81
18118,191;87
18119,191;86
18120,191;98
18121,191;6450
18122,191;6632
18123,191;78
18124,191;90
18125,191;107
18126,191;102
18127,191;6467
18128,191;6671
18129,191;87
18130,191;87
18131,191;96
18132,191;95
18133,191;6491
18134,191;6661
18135,191;86
18136,191;87
18137,191;100
18138,191;119
18139,191;6442
18140,191;6664
18141,191;89
18142,191;68
18143,191;87
18144,191;90
18145,191;6468
18146,191;6672
18147,191;70
18148,191;80
18149,191;87
18150,191;74
18151,191;6472
18152,191;6662
18153,191;89
18154,191;101
18155,191;83
18156,191;80
18157,191;6467
18158,191;6639
18159,191;73
18160,191;78
18161,191;83
18162,191;68
18163,191;6462
18164,191;6653
18165,191;83
18166,191;92
18167,191;83
18168,191;88
18169,191;6574
18170,191;6573
18171,191;71
18172,191;98
18173,191;92
18174,191;93
18175,191;6460
18176,191;6679
18177,191;81
18178,191;76
18179,191;112
18180,191;91
18181,191;6461
18182,191;6671
18183,191;66
18183,191;86
18184,191;74
18185,191;89
18186,191;6429
18187,191;6651
18188,191;91
18189,191;84
18190,191;90
18191,191;92
18192,191;6451
18193,191;6699
18194,191;81
18195,191;87
18196,191;92
18197,191;87
18198,191;6426
18199,191;6669
18200,191;81
18201,191;76
18202,191;86
18203,191;98
18204,191;6486
18205,191;6652
18206,191;76
18207,191;82
18208,191;100
18209,191;97
18210,191;6453
18211,191;6666
18212,191;69
18213,191;84
18214,191;75
18215,191;94
18216,191;6425
18217,191;6682
18218,191;71
18219,191;99
18220,191;88
18221,191;87
18222,191;6474
18223,191;6685
18224,191;84
18225,191;83
18226,191;82
18227,191;85
18228,191;6461
18229,191;6665
18230,191;64
18231,191;82
18232,191;78
18233,191;92
18234,191;6460
18235,191;6649
18236,191;68
18237,191;78
18238,191;83
18239,191;92
18240,191;6433
18241,191;6666
18242,191;74
18243,191;66
18244,191;80
18245,191;77
18246,191;6487
18247,191;6673
18248,191;63
18249,191;87
18250,191;86
18251,191;88
18252,191;6424
18253,191;6671
18254,191;82
18255,191;79
18256,191;70
18257,191;91
18258,191;6443
18259,191;6675
18260,191;64
18261,191;72
18262,191;77
18263,191;90
18264,191;6433
18265,191;6684
18266,191;64
18267,191;80
18268,191;65
18269,191;83
18270,191;6079
18271,191;6689
18272,191;73
18273,191;83
18274,191;95
18275,191;73
18276,191;6394
18277,191;6679
18278,191;69
18279,191;60
18280,191;69
18281,191;83
18282,191;6433
18283,191;6672
18284,323;62
18285,323;59
18286,323;75
18287,323;92
18288,323;6437
18289,323;6664
18290,323;85
18291,323;84
18292,323;83
18293,323;96
18294,323;6422
18295,323;6690
18296,323;68
18297,323;72
18298,323;89
18299,323;71
18300,323;6433
18301,323;6687
18302,323;75
18303,323;79
18304,323;80
18305,323;79
18306,323;6455
18307,323;6683
18308,323;83
18309,323;86
18310,323;75
18311,323;71
18312,323;6437
18313,323;6700
18314,323;72
18315,323;87
18316,323;88
18317,323;91
18318,323;6451
18319,323;6655
18320,323;87
18321,323;97
18322,323;98
18323,323;92
18324,323;6420
18325,323;6679
18326,323;82
18327,323;78
18328,323;93
18329,323;95
18330,323;6434
18331,323;6706
18332,323;73
18333,323;70
18334,323;85
18335,323;87
18336,323;6414
18337,323;6687
18338,323;76
18339,323;88
18340,323;97
18341,323;86
18342,323;6438
18343,323;6710
18344,323;77
18345,323;89
18346,323;73
18347,323;69
18348,323;6446
18349,323;6678
18350,323;87
18351,323;89
18352,323;67
18353,323;79
18354,323;6433
18355,323;6722
18356,323;83
18357,323;85
18358,323;94
18359,323;84
18360,323;6393
18361,323;6692
18362,323;93
18363,323;80
18364,323;110
18365,323;73
18366,323;6551
18367,323;6598
18368,323;71
18369,323;96
18370,323;87
18371,323;97
18372,323;6411
18373,323;6718
18374,323;71
18375,323;79
18376,323;89
18377,323;99
18378,323;6429
18379,323;6696
18380,323;100
18381,323;88
18382,323;82
18383,323;92
18384,323;6447
18384,458;6720
18385,458;77
18386,458;79
18387,458;85
18388,458;84
18389,458;6435
18390,458;6695
18391,458;69
18392,458;96
18393,458;93
18394,458;84
18395,458;6388
18396,458;6706
18397,458;88
18398,458;77
18399,458;80
18400,458;98
18401,458;6443
18402,458;6696
18403,458;96
18404,458;86
18405,458;74
18406,458;99
18407,458;6525
18408,458;6611
18409,458;88
18410,458;109
18411,458;74
18412,458;105
18413,458;6436
18414,458;6737
18415,458;77
18416,458;98
18417,458;87
18418,458;98
18419,458;6406
18420,458;6721
18421,458;86
18422,458;92
18423,458;89
18424,458;89
18425,458;6445
18426,458;6717
18427,458;80
18428,458;82
18429,458;95
18430,458;107
18431,458;6418
18432,458;6718
18433,458;74
18434,458;77
18435,458;69
18436,458;98
18437,458;6399
18438,458;6697
18439,458;85
18440,458;96
18441,458;85
18442,458;79
18443,458;6430
18444,458;6736
18445,458;82
18446,458;91
18447,458;91
18448,458;93
18449,458;6416
18450,458;6715
18451,458;78
18452,458;100
18453,458;107
18454,458;88
18455,458;6430
18456,458;6721
18457,458;98
18458,458;81
18459,458;98
18460,458;70
18461,458;6461
18462,458;6664
18463,458;100
18464,458;87
18465,458;101
18466,458;92
18467,458;6427
18468,458;6703
18469,458;77
18470,458;75
18471,458;108
18472,458;87
18473,458;6424
18474,458;6748
18475,458;84
18476,458;85
18477,458;86
18478,458;94
18479,458;6409
18480,458;6692
18481,458;75
18482,458;87
18483,458;95
18484,458;89
18487,094;6431
18488,094;6738
18489,094;78
18490,094;117
18491,094;90
18492,094;122
18493,094;6428
18494,094;6714
18495,094;93
18496,094;84
18497,094;102
18498,094;96
18499,094;6406
18500,094;6716
18501,094;85
18502,094;97
18503,094;92
18504,094;91
18505,094;6443
18506,094;6719
18507,094;88
18508,094;101
18509,094;97
18510,094;76
18511,094;6418
18512,094;6707
18513,094;86
18514,094;83
18515,094;74
18516,094;87
18517,094;6422
18518,094;6730
18519,094;93
18520,094;74
18521,094;88
18522,094;104
18523,094;6443
18524,094;6740
18525,094;88
18526,094;89
18527,094;81
18528,094;100
18529,094;6455
18530,094;6706
18531,094;99
18532,094;91
18533,094;103
18534,094;93
18535,094;6417
18536,094;6721
18537,094;100
18538,094;100
18539,094;83
18540,094;95
18541,094;6431
18542,094;6741
18543,094;98
18544,094;92
18545,094;88
18546,094;90
18547,094;6437
18548,094;6723
18549,094;82
18550,094;105
18551,094;95
18552,094;103
18553,094;6423
18554,094;6732
18555,094;94
18556,094;82
18557,094;105
18558,094;89
18559,094;6393
18560,094;6720
18561,094;94
18562,094;95
18563,094;87
18564,094;100
18565,094;6420
18566,094;6751
18567,094;85
18568,094;106
18569,094;91
18570,094;103
18571,094;6382
18572,094;6736
18573,094;101
18574,094;84
18575,094;116
18576,094;99
18577,094;6406
18578,094;6705
18579,094;80
18580,094;93
18581,094;107
18582,094;91
18583,094;6060
18584,094;6765
18585,094;86
18586,094;95
18587,094;87
18587,821;110
18588,821;6352
18589,821;6723
18590,821;101
18591,821;83
18592,821;100
18593,821;81
18594,821;6397
18595,821;6741
18596,821;102
18597,821;97
18598,821;90
18599,821;95
18600,821;6365
18601,821;6736
18602,821;74
18603,821;85
18604,821;96
18605,821;98
18606,821;6432
18607,821;6689
18608,821;95
18609,821;95
18610,821;106
18611,821;86
18612,821;6376
18613,821;6745
18614,821;84
18615,821;87
18616,821;99
18617,821;87
18618,821;6389
18619,821;6728
18620,821;86
18621,821;95
18622,821;81
18623,821;86
18624,821;6404
18625,821;6733
18626,821;100
18627,821;89
18628,821;96
18629,821;102
18630,821;6389
18631,821;6743
18632,821;88
18633,821;95
18634,821;93
18635,821;77
18636,821;6396
18637,821;6745
18638,821;87
18639,821;97
18640,821;102
18641,821;93
18642,821;6374
18643,821;6723
18644,821;83
18645,821;80
18646,821;82
18647,821;96
18648,821;6376
18649,821;6743
18650,821;66
18651,821;86
18652,821;90
18653,821;98
18654,821;6388
18655,821;6722
18656,821;88
18657,821;75
18658,821;116
18659,821;101
18660,821;6380
18661,821;6716
18662,821;86
18663,821;73
18664,821;89
18665,821;98
18666,821;6373
18667,821;6770
18668,821;75
18669,821;107
18670,821;93
18671,821;110
18672,821;6380
18673,821;6743
18674,821;88
18675,821;79
18676,821;92
18677,821;78
18678,821;6378
18679,821;6736
18680,821;79
18681,821;91
18682,821;87
18683,821;90
18684,821;6401
18685,821;6739
18686,821;77
18687,821;90
18688,821;72
18689,821;90
18690,821;6346
18691,821;6726
18692,821;82
18693,821;79
18694,821;99
18695,821;93
18696,821;6421
18697,821;6751
18698,821;72
18699,821;92
18700,821;94
18701,821;106
18702,821;6418
18703,821;6725
18704,821;79
18705,821;108
18706,821;95
18707,821;103
18708,821;6394
18709,821;6739
18710,821;73
18711,821;84
18712,821;94
18713,821;97
18714,821;6344
18715,821;6764
18716,821;78
18717,821;89
18718,821;101
18719,821;85
18720,821;6343
18721,821;6745
18722,821;84
18723,821;94
18724,821;85
18725,821;96
18726,821;6389
18727,821;6759
18728,821;77
18729,821;87
18730,821;81
18731,821;91
18732,821;6398
18733,821;6741
18734,821;77
18735,821;73
18736,821;91
18737,821;100
18738,821;6346
18739,821;6719
18740,821;112
18741,821;88
18742,821;79
18743,821;91
18744,821;6386
18745,821;6760
18746,821;70
18747,821;83
18748,821;94
18749,821;106
18750,821;6339
18751,821;6798
18752,821;95
18753,821;85
18754,821;70
18755,821;98
18756,821;6326
18757,821;6736
18758,821;88
18759,821;84
18760,821;85
18761,821;68
18762,821;6393
18763,821;6747
18764,821;85
18765,821;85
18766,821;69
18767,821;73
18768,821;6392
18769,821;6776
18770,821;74
18771,821;88
18772,821;87
18773,821;82
18774,821;6342
18775,821;6751
18776,821;96
18777,821;81
18778,821;98
18779,821;65
18780,821;6362
18781,821;6749
18782,821;77
18783,821;86
18784,821;95
18785,821;79
18786,821;6355
18787,821;6744
18788,821;94
18789,447;89
18790,447;86
18791,447;83
18792,447;6359
18793,447;6759
18794,447;71
18795,447;96
18796,447;93
18797,447;93
18798,447;6333
18799,447;6784
18800,447;85
18801,447;66
18802,447;87
18803,447;82
18804,447;6374
18805,447;6754
18806,447;91
18807,447;99
18808,447;83
18809,447;90
18810,447;6314
18811,447;6759
18812,447;70
18813,447;96
18814,447;85
18815,447;81
18816,447;6379
18817,447;6773
18818,447;81
18819,447;80
18820,447;86
18821,447;90
18822,447;6425
18823,447;6698
18824,447;90
18825,447;72
18826,447;99
18827,447;99
18828,447;6352
18829,447;6777
18830,447;69
18831,447;89
18832,447;95
18833,447;92
18834,447;6336
18835,447;6759
18836,447;75
18837,447;96
18838,447;87
18839,447;95
18840,447;6337
18841,447;6744
18842,447;75
18843,447;86
18844,447;79
18845,447;96
18846,447;6349
18847,447;6784
18848,447;76
18849,447;93
18850,447;104
18851,447;103
18852,447;6330
18853,447;6797
18854,447;93
18855,447;102
18856,447;86
18857,447;90
18858,447;6314
18859,447;6783
18860,447;95
18861,447;76
18862,447;86
18863,447;78
18864,447;6343
18865,447;6777
18866,447;86
18867,447;76
18868,447;83
18869,447;75
18870,447;6387
18871,447;6741
18872,447;64
18873,447;77
18874,447;82
18875,447;91
18876,447;6334
18877,447;6784
18878,447;78
18879,447;82
18880,447;72
18881,447;99
18882,447;6324
18883,447;6768
18884,447;64
18885,447;69
18886,447;74
18887,447;71
18888,447;6328
18889,447;6792
