2826,465;5242
2827,465;57
2828,465;68
2829,465;81
2831,134;66
2832,134;56
2833,134;9909
2834,134;59
2835,134;58
2836,134;68
2837,134;84
2838,134;74
2839,134;10909
2840,134;70
2841,134;47
2842,134;65
2843,134;59
2844,134;53
2845,134;11035
2846,134;64
2847,134;46
2848,134;67
2849,134;72
2850,134;65
2851,134;11090
2852,134;63
2853,134;73
2854,134;68
2855,134;75
2856,134;80
2857,134;11091
2858,134;75
2859,134;66
2860,134;74
2861,134;83
2862,134;100
2863,134;11053
2864,134;66
2865,134;60
2866,134;59
2867,134;65
2868,134;84
2869,134;11085
2870,134;68
2871,134;76
2872,134;75
2873,134;75
2874,134;79
2875,134;11064
2876,134;84
2877,134;79
2878,134;67
2879,134;70
2880,134;72
2881,134;11038
2882,134;65
2883,134;65
2884,134;76
2885,134;83
2886,134;74
2887,134;11037
2888,134;65
2889,134;87
2890,134;71
2891,134;80
2892,134;77
2893,134;11039
2894,134;62
2895,134;58
2896,134;70
2897,134;61
2898,134;85
2899,134;11073
2900,134;58
2901,134;64
2902,134;63
2903,134;67
2904,134;66
2905,134;11035
2906,134;87
2907,134;76
2908,134;68
2909,134;74
2910,134;78
2911,134;11009
2912,134;67
2913,134;61
2914,134;77
2915,134;72
2916,134;80
2917,134;11029
2918,134;77
2919,134;57
2920,134;60
2921,134;67
2922,134;74
2923,134;11019
2924,134;79
2925,134;81
2926,134;68
2927,134;78
2928,134;74
2929,134;11015
2930,134;65
2931,134;72
2931,149;75
2932,149;74
2933,149;82
2934,149;11036
2935,149;58
2936,149;72
2937,149;78
2938,149;86
2939,149;60
2940,149;11013
2941,149;60
2942,149;59
2943,149;68
2944,149;69
2945,149;66
2946,149;11021
2947,149;72
2948,149;68
2949,149;72
2950,149;82
2951,149;92
2952,149;11010
2953,149;63
2954,149;73
2955,149;69
2956,149;62
2957,149;74
2958,149;11014
2959,149;62
2960,149;66
2961,149;76
2962,149;70
2963,149;83
2964,149;11006
2965,149;65
2966,149;70
2967,149;70
2968,149;76
2969,149;73
2970,149;11007
2971,149;72
2972,149;75
2973,149;67
2974,149;75
2975,149;82
2976,149;11006
2977,149;60
2978,149;63
2979,149;66
2980,149;63
2981,149;66
2982,149;11002
2983,149;83
2984,149;64
2985,149;67
2986,149;74
2987,149;90
2988,149;10980
2989,149;76
2990,149;71
2991,149;59
2992,149;67
2993,149;62
2994,149;10982
2995,149;80
2996,149;68
2997,149;67
2998,149;62
2999,149;83
3000,149;11024
3001,149;65
3002,149;65
3003,149;71
3004,149;62
3005,149;58
3006,149;10985
3007,149;60
3008,149;79
3009,149;71
3010,149;93
3011,149;66
3012,149;10988
3013,149;79
3014,149;74
3015,149;82
3016,149;67
3017,149;70
3018,149;10956
3019,149;70
3020,149;66
3021,149;58
3022,149;60
3023,149;66
3024,149;10998
3025,149;62
3026,149;61
3027,149;74
3028,149;85
3029,149;69
3030,149;10982
3031,149;73
3032,624;63
3033,624;67
3034,624;75
3035,624;73
3036,624;10982
3037,624;77
3038,624;82
3039,624;78
3040,624;65
3041,624;70
3042,624;11009
3043,624;61
3044,624;55
3045,624;72
3046,624;53
3047,624;64
3048,624;10989
3049,624;70
3050,624;63
3051,624;59
3052,624;78
3053,624;78
3054,624;10999
3055,624;62
3056,624;79
3057,624;67
3058,624;69
3059,624;63
3060,624;10997
3061,624;72
3062,624;54
3063,624;63
3064,624;41
3065,624;71
3066,624;10975
3067,624;63
3068,624;70
3069,624;46
3070,624;62
3071,624;67
3072,624;10967
3073,624;57
3074,624;40
3075,624;63
3076,624;41
3077,624;55
3078,624;10989
3079,624;45
3080,624;59
3081,624;68
3082,624;61
3083,624;55
3084,624;10964
3085,624;53
3086,624;59
3087,624;73
3088,624;64
3089,624;59
3090,624;10983
3091,624;54
3092,624;67
3093,624;42
3094,624;49
3095,624;71
3096,624;10990
3097,624;49
3098,624;61
3099,624;53
3100,624;55
3101,624;57
3102,624;10987
3103,624;62
3104,624;52
3105,624;50
3106,624;69
3107,624;59
3108,624;10958
3109,624;67
3110,624;63
3111,624;45
3112,624;65
3113,624;66
3114,624;10957
3115,624;53
3116,624;65
3117,624;56
3118,624;70
3119,624;59
3120,624;10945
3121,624;35
3122,624;46
3123,624;54
3124,624;63
3125,624;55
3126,624;10955
3127,624;53
3128,624;61
3129,624;54
3130,624;50
3131,624;80
3132,624;10926
3133,624;52
3134,624;50
3135,624;42
3136,624;46
3137,624;38
3138,624;10607
3139,624;61
3140,624;43
3141,624;49
3142,624;55
3143,624;62
3144,624;10903
3145,624;56
3146,624;51
3147,624;52
3148,624;40
3149,624;61
3150,624;10965
3151,624;50
3152,624;54
3153,624;60
3154,624;54
3155,624;59
3156,624;10984
3157,624;45
3158,624;64
3159,624;51
3160,624;72
3161,624;51
3162,624;10980
3163,624;56
3164,624;44
3165,624;57
3166,624;48
3167,624;51
3168,624;10972
3169,624;46
3170,624;59
3171,624;58
3172,624;59
3173,624;44
3174,624;10958
3175,624;53
3176,624;54
3177,624;53
3178,624;62
3179,624;58
3180,624;10968
3181,624;48
3182,624;49
3183,624;52
3184,624;61
3185,624;68
3186,624;10992
3187,624;56
3188,624;60
3189,624;54
3190,624;65
3191,624;50
3192,624;10944
3193,624;66
3194,624;63
3195,624;57
3196,624;43
3197,624;54
3198,624;10959
3199,624;51
3200,624;61
3201,624;50
3202,624;59
3203,624;60
3204,624;10975
3205,624;62
3206,624;52
3207,624;60
3208,624;70
3209,624;64
3210,624;10963
3211,624;71
3212,624;59
3213,624;51
3214,624;56
3215,624;57
3216,624;10961
3217,624;52
3218,624;62
3219,624;52
3220,624;67
3221,624;61
3222,624;10950
3223,624;78
3224,624;76
3225,624;54
3226,624;71
3227,624;73
3228,624;10968
3229,624;64
3230,624;67
3231,624;58
3232,624;82
3233,624;70
3235,1;10974
3236,1;70
3237,1;63
3238,1;68
3239,1;60
3240,1;82
3241,1;10959
3242,1;60
3243,1;67
3244,1;65
3245,1;74
3246,1;69
3247,1;10956
3248,1;61
3249,1;71
3250,1;52
3251,1;67
3252,1;75
3253,1;10964
3254,1;78
3255,1;67
3256,1;68
3257,1;62
3258,1;58
3259,1;10965
3260,1;78
3261,1;53
3262,1;69
3263,1;74
3264,1;79
3265,1;10979
3266,1;61
3267,1;76
3268,1;77
3269,1;66
3270,1;70
3271,1;10938
3272,1;66
3273,1;67
3274,1;90
3275,1;53
3276,1;90
3277,1;10982
3278,1;79
3279,1;68
3280,1;62
3281,1;78
3282,1;72
3283,1;10944
3284,1;81
3285,1;74
3286,1;66
3287,1;81
3288,1;67
3289,1;10963
3290,1;87
3291,1;73
3292,1;76
3293,1;81
3294,1;74
3295,1;10954
3296,1;62
3297,1;74
3298,1;84
3299,1;75
3300,1;88
3301,1;10925
3302,1;75
3303,1;73
3304,1;59
3305,1;74
3306,1;75
3307,1;10940
3308,1;72
3309,1;67
3310,1;71
3311,1;74
3312,1;62
3313,1;10943
3314,1;59
3315,1;60
3316,1;68
3317,1;74
3318,1;68
3319,1;10948
3320,1;59
3321,1;64
3322,1;83
3323,1;62
3324,1;69
3325,1;10934
3326,1;61
3327,1;64
3328,1;60
3329,1;80
3330,1;55
3331,1;10975
3332,1;64
3333,1;68
3334,1;73
3335,1;71
3336,104;77
3337,104;10933
3338,104;47
3339,104;57
3340,104;74
3341,104;91
3342,104;61
3343,104;10960
3344,104;71
3345,104;61
3346,104;79
3347,104;69
3348,104;78
3349,104;10967
3350,104;70
3351,104;76
3352,104;82
3353,104;70
3354,104;79
3355,104;10942
3356,104;64
3357,104;57
3358,104;75
3359,104;74
3360,104;61
3361,104;10904
3362,104;64
3363,104;73
3364,104;67
3365,104;90
3366,104;74
3367,104;10930
3368,104;75
3369,104;82
3370,104;62
3371,104;69
3372,104;79
3373,104;10937
3374,104;62
3375,104;71
3376,104;75
3377,104;63
3378,104;74
3379,104;10974
3380,104;71
3381,104;52
3382,104;70
3383,104;66
3384,104;77
3385,104;10964
3386,104;68
3387,104;75
3388,104;54
3389,104;81
3390,104;73
3391,104;10940
3392,104;58
3393,104;58
3394,104;68
3395,104;71
3396,104;81
3397,104;10936
3398,104;67
3399,104;72
3400,104;58
3401,104;70
3402,104;80
3403,104;10923
3404,104;59
3405,104;69
3406,104;55
3407,104;61
3408,104;80
3409,104;10941
3410,104;58
3411,104;75
3412,104;73
3413,104;72
3414,104;66
3415,104;10945
3416,104;64
3417,104;84
3418,104;74
3419,104;60
3420,104;71
3421,104;10951
3422,104;62
3423,104;65
3424,104;55
3425,104;75
3426,104;71
3427,104;10944
3428,104;53
3429,104;68
3430,104;82
3431,104;67
3432,104;58
3433,104;10922
3434,104;58
3435,104;58
3436,104;77
3436,394;64
3437,394;60
3438,394;10951
3439,394;72
3440,394;72
3441,394;68
3442,394;54
3443,394;69
3444,394;10933
3445,394;61
3446,394;70
3447,394;63
3448,394;63
3449,394;80
3450,394;10580
3451,394;78
3452,394;40
3453,394;74
3454,394;64
3455,394;68
3456,394;10868
3457,394;53
3458,394;82
3459,394;65
3460,394;81
3461,394;80
3462,394;10945
3463,394;57
3464,394;69
3465,394;60
3466,394;62
3467,394;88
3468,394;10904
3469,394;53
3470,394;69
3471,394;75
3472,394;62
3473,394;76
3474,394;10943
3475,394;58
3476,394;61
3477,394;70
3478,394;81
3479,394;59
3480,394;10952
3481,394;63
3482,394;68
3483,394;70
3484,394;59
3485,394;57
3486,394;10945
3487,394;65
3488,394;61
3489,394;69
3490,394;72
3491,394;66
3492,394;10952
3493,394;60
3494,394;64
3495,394;69
3496,394;67
3497,394;81
3498,394;10926
3499,394;60
3500,394;55
3501,394;68
3502,394;62
3503,394;64
3504,394;10948
3505,394;69
3506,394;65
3507,394;65
3508,394;75
3509,394;78
3510,394;10933
3511,394;71
3512,394;72
3513,394;71
3514,394;75
3515,394;84
3516,394;10942
3517,394;70
3518,394;71
3519,394;88
3520,394;77
3521,394;62
3522,394;10953
3523,394;68
3524,394;71
3525,394;63
3526,394;71
3527,394;70
3528,394;10940
3529,394;81
3530,394;70
3531,394;71
3532,394;74
3533,394;73
3534,394;10924
3535,394;55
3536,394;61
3537,461;62
3538,461;66
3539,461;74
3540,461;10961
3541,461;67
3542,461;62
3543,461;68
3544,461;69
3545,461;82
3546,461;10949
3547,461;86
3548,461;76
3549,461;67
3550,461;68
3551,461;82
3552,461;10956
3553,461;75
3554,461;81
3555,461;62
3556,461;65
3557,461;62
3558,461;10961
3559,461;63
3560,461;76
3561,461;60
3562,461;69
3563,461;77
3564,461;10975
3565,461;77
3566,461;74
3567,461;73
3568,461;61
3569,461;88
3570,461;10970
3571,461;82
3572,461;83
3573,461;67
3574,461;75
3575,461;65
3576,461;10941
3577,461;59
3578,461;62
3579,461;62
3580,461;59
3581,461;80
3582,461;10951
3583,461;71
3584,461;72
3585,461;76
3586,461;76
3587,461;71
3588,461;10917
3589,461;67
3590,461;64
3591,461;75
3592,461;80
3593,461;76
3594,461;10940
3595,461;53
3596,461;67
3597,461;80
3598,461;70
3599,461;68
3600,461;10951
3601,461;71
3602,461;63
3603,461;79
3604,461;104
3605,461;81
3606,461;10947
3607,461;50
3608,461;75
3609,461;75
3610,461;79
3611,461;80
3612,461;10944
3613,461;77
3614,461;84
3615,461;76
3616,461;79
3617,461;87
3618,461;10936
3619,461;54
3620,461;59
3621,461;71
3622,461;76
3623,461;69
3624,461;10947
3625,461;64
3626,461;66
3627,461;81
3628,461;72
3629,461;69
3630,461;10952
3631,461;71
3632,461;64
3633,461;78
3634,461;77
3635,461;77
3636,461;10931
3637,461;73
3638,461;63
3639,461;57
3640,461;81
3641,461;70
3642,461;10939
3643,461;59
3644,461;56
3645,461;68
3646,461;81
3647,461;68
3648,461;10939
3649,461;66
3650,461;55
3651,461;75
3652,461;64
3653,461;71
3654,461;10925
3655,461;64
3656,461;70
3657,461;62
3658,461;63
3659,461;81
3660,461;10947
3661,461;65
3662,461;58
3663,461;75
3664,461;88
3665,461;97
3666,461;10928
3667,461;76
3668,461;73
3669,461;73
3670,461;72
3671,461;58
3672,461;10949
3673,461;66
3674,461;72
3675,461;63
3676,461;61
3677,461;86
3678,461;10942
3679,461;58
3680,461;69
3681,461;59
3682,461;79
3683,461;82
3684,461;10961
3685,461;46
3686,461;67
3687,461;63
3688,461;68
3689,461;59
3690,461;10974
3691,461;42
3692,461;51
3693,461;56
3694,461;67
3695,461;58
3696,461;10951
3697,461;60
3698,461;66
3699,461;55
3700,461;67
3701,461;66
3702,461;10938
3703,461;58
3704,461;55
3705,461;55
3706,461;58
3707,461;71
3708,461;10955
3709,461;51
3710,461;56
3711,461;52
3712,461;57
3713,461;50
3714,461;10930
3715,461;58
3716,461;52
3717,461;63
3718,461;63
3719,461;61
3720,461;10950
3721,461;45
3722,461;54
3723,461;55
3724,461;55
3725,461;70
3726,461;10913
3727,461;51
3728,461;50
3729,461;60
3730,461;57
3731,461;51
3732,461;10938
3733,461;45
3734,461;44
3735,461;51
3736,461;56
3737,461;60
3738,461;10929
3739,935;58
3740,935;58
3741,935;50
3742,935;58
3743,935;58
3744,935;10947
3745,935;41
3746,935;47
3747,935;46
3748,935;45
3749,935;55
3750,935;10936
3751,935;62
3752,935;43
3753,935;60
3754,935;45
3755,935;50
3756,935;10908
3757,935;60
3758,935;53
3759,935;60
3760,935;50
3761,935;47
3762,935;10587
3763,935;49
3764,935;52
3765,935;49
3766,935;49
3767,935;70
3768,935;10894
3769,935;47
3770,935;48
3771,935;55
3772,935;54
3773,935;51
3774,935;10927
3775,935;53
3776,935;54
3777,935;59
3778,935;48
3779,935;67
3780,935;10922
3781,935;44
3782,935;47
3783,935;69
3784,935;52
3785,935;47
3786,935;10948
3787,935;58
3788,935;56
3789,935;45
3790,935;61
3791,935;74
3792,935;10927
3793,935;45
3794,935;53
3795,935;52
3796,935;60
3797,935;55
3798,935;10961
3799,935;55
3800,935;50
3801,935;69
3802,935;67
3803,935;66
3804,935;10949
3805,935;61
3806,935;61
3807,935;66
3808,935;69
3809,935;61
3810,935;10936
3811,935;48
3812,935;55
3813,935;44
3814,935;73
3815,935;63
3816,935;10952
3817,935;49
3818,935;58
3819,935;59
3820,935;64
3821,935;78
3822,935;10927
3823,935;83
3824,935;61
3825,935;45
3826,935;69
3827,935;66
3828,935;10943
3829,935;70
3830,935;52
3831,935;59
3832,935;77
3833,935;59
3834,935;10953
3835,935;62
3836,935;68
3837,935;66
3838,935;74
3839,935;65
3840,384;10968
3841,384;76
3842,384;66
3843,384;67
3844,384;74
3845,384;62
3846,384;10914
3847,384;68
3848,384;73
3849,384;69
3850,384;66
3851,384;58
3852,384;10932
3853,384;72
3854,384;51
3855,384;47
3856,384;66
3857,384;63
3858,384;10939
3859,384;53
3860,384;56
3861,384;72
3862,384;74
3863,384;72
3864,384;10936
3865,384;63
3866,384;72
3867,384;65
3868,384;85
3869,384;72
3870,384;10945
3871,384;67
3872,384;86
3873,384;73
3874,384;77
3875,384;60
3876,384;10953
3877,384;63
3878,384;88
3879,384;88
3880,384;69
3881,384;63
3882,384;10921
3883,384;66
3884,384;57
3885,384;72
3886,384;73
3887,384;106
3888,384;10934
3889,384;55
3890,384;59
3891,384;64
3892,384;83
3893,384;76
3894,384;10909
3895,384;62
3896,384;73
3897,384;67
3898,384;67
3899,384;64
3900,384;10956
3901,384;66
3902,384;78
3903,384;69
3904,384;80
3905,384;67
3906,384;10899
3907,384;75
3908,384;62
3909,384;69
3910,384;77
3911,384;86
3912,384;10926
3913,384;60
3914,384;72
3915,384;60
3916,384;65
3917,384;68
3918,384;10940
3919,384;76
3920,384;71
3921,384;80
3922,384;73
3923,384;81
3924,384;10912
3925,384;61
3926,384;74
3927,384;67
3928,384;69
3929,384;73
3930,384;10919
3931,384;62
3932,384;53
3933,384;69
3934,384;97
3935,384;64
3936,384;10914
3937,384;84
3938,384;77
3939,384;82
3940,384;82
3941,788;78
3942,788;10934
3943,788;63
3944,788;66
3945,788;77
3946,788;95
3947,788;75
3948,788;10914
3949,788;80
3950,788;75
3951,788;64
3952,788;62
3953,788;68
3954,788;10933
3955,788;67
3956,788;68
3957,788;73
3958,788;84
3959,788;75
3960,788;10921
3961,788;76
3962,788;69
3963,788;52
3964,788;72
3965,788;74
3966,788;10936
3967,788;64
3968,788;76
3969,788;66
3970,788;73
3971,788;63
3972,788;10896
3973,788;53
3974,788;60
3975,788;66
3976,788;69
3977,788;62
3978,788;10959
3979,788;62
3980,788;76
3981,788;72
3982,788;75
3983,788;72
3984,788;10931
3985,788;67
3986,788;50
3987,788;60
3988,788;83
3989,788;67
3990,788;10936
3991,788;72
3992,788;58
3993,788;73
3994,788;74
3995,788;68
3996,788;10940
3997,788;67
3998,788;49
3999,788;55
4000,788;57
4001,788;55
4002,788;10935
4003,788;74
4004,788;58
4005,788;60
4006,788;81
4007,788;83
4008,788;10921
4009,788;66
4010,788;64
4011,788;60
4012,788;69
4013,788;78
4014,788;10875
4015,788;66
4016,788;79
4017,788;58
4018,788;61
4019,788;86
4020,788;10911
4021,788;60
4022,788;69
4023,788;72
4024,788;62
4025,788;62
4026,788;10907
4027,788;58
4028,788;56
4029,788;79
4030,788;93
4031,788;69
4032,788;10922
4033,788;73
4034,788;58
4035,788;70
4036,788;77
4037,788;69
4038,788;10941
4039,788;62
4040,788;64
4041,788;62
4041,868;62
4042,868;63
4043,868;10945
4044,868;67
4045,868;72
4046,868;78
4047,868;59
4048,868;81
4049,868;10908
4050,868;67
4051,868;49
4052,868;70
4053,868;66
4054,868;55
4055,868;10914
4056,868;60
4057,868;74
4058,868;50
4059,868;65
4060,868;91
4061,868;10923
4062,868;64
4063,868;65
4064,868;52
4065,868;78
4066,868;63
4067,868;10910
4068,868;64
4069,868;61
4070,868;54
4071,868;62
4072,868;80
4073,868;10556
4074,868;61
4075,868;69
4076,868;63
4077,868;72
4078,868;64
4079,868;10865
4080,868;64
4081,868;63
4082,868;64
4083,868;80
4084,868;63
4085,868;10916
4086,868;64
4087,868;62
4088,868;69
4089,868;56
4090,868;76
4091,868;10896
4092,868;54
4093,868;79
4094,868;82
4095,868;62
4096,868;75
4097,868;10910
4098,868;72
4099,868;69
4100,868;70
4101,868;59
4102,868;76
4103,868;10927
4104,868;55
4105,868;69
4106,868;90
4107,868;68
4108,868;78
4109,868;10927
4110,868;51
4111,868;68
4112,868;67
4113,868;59
4114,868;73
4115,868;10905
4116,868;62
4117,868;61
4118,868;77
4119,868;83
4120,868;75
4121,868;10925
4122,868;53
4123,868;68
4124,868;71
4125,868;74
4126,868;54
4127,868;10899
4128,868;76
4129,868;54
4130,868;62
4131,868;83
4132,868;70
4133,868;10883
4134,868;64
4135,868;69
4136,868;66
4137,868;63
4138,868;65
4139,868;10897
4140,868;58
4141,868;62
4143,005;61
4144,005;74
4145,005;64
4146,005;10907
4147,005;71
4148,005;74
4149,005;74
4150,005;75
4151,005;61
4152,005;10917
4153,005;73
4154,005;50
4155,005;59
4156,005;64
4157,005;67
4158,005;10925
4159,005;55
4160,005;68
4161,005;83
4162,005;82
4163,005;79
4164,005;10909
4165,005;68
4166,005;87
4167,005;79
4168,005;68
4169,005;86
4170,005;10923
4171,005;68
4172,005;62
4173,005;65
4174,005;74
4175,005;70
4176,005;10923
4177,005;47
4178,005;65
4179,005;59
4180,005;74
4181,005;81
4182,005;10901
4183,005;65
4184,005;73
4185,005;81
4186,005;84
4187,005;78
4188,005;10914
4189,005;66
4190,005;71
4191,005;76
4192,005;82
4193,005;87
4194,005;10938
4195,005;73
4196,005;60
4197,005;57
4198,005;69
4199,005;86
4200,005;10905
4201,005;67
4202,005;64
4203,005;70
4204,005;68
4205,005;77
4206,005;10897
4207,005;71
4208,005;84
4209,005;61
4210,005;64
4211,005;94
4212,005;10938
4213,005;71
4214,005;35
4215,005;53
4216,005;64
4217,005;73
4218,005;10911
4219,005;51
4220,005;58
4221,005;79
4222,005;72
4223,005;57
4224,005;10920
4225,005;64
4226,005;68
4227,005;79
4228,005;67
4229,005;74
4230,005;10942
4231,005;86
4232,005;69
4233,005;80
4234,005;71
4235,005;77
4236,005;10939
4237,005;67
4238,005;61
4239,005;75
4240,005;69
4241,005;71
4242,005;10938
4243,005;76
4244,005;66
4245,005;75
4246,005;78
4247,005;67
4248,005;10943
4249,005;72
4250,005;64
4251,005;74
4252,005;86
4253,005;79
4254,005;10922
4255,005;64
4256,005;81
4257,005;71
4258,005;65
4259,005;58
4260,005;10920
4261,005;77
4262,005;59
4263,005;81
4264,005;76
4265,005;84
4266,005;10934
4267,005;67
4268,005;69
4269,005;74
4270,005;71
4271,005;74
4272,005;10930
4273,005;73
4274,005;64
4275,005;77
4276,005;65
4277,005;81
4278,005;10931
4279,005;70
4280,005;67
4281,005;74
4282,005;67
4283,005;79
4284,005;10917
4285,005;74
4286,005;81
4287,005;78
4288,005;65
4289,005;81
4290,005;10925
4291,005;62
4292,005;64
4293,005;70
4294,005;72
4295,005;63
4296,005;10937
4297,005;53
4298,005;58
4299,005;81
4300,005;64
4301,005;67
4302,005;10969
4303,005;58
4304,005;74
4305,005;66
4306,005;81
4307,005;81
4308,005;10951
4309,005;57
4310,005;62
4311,005;59
4312,005;80
4313,005;73
4314,005;10933
4315,005;59
4316,005;62
4317,005;65
4318,005;64
4319,005;68
4320,005;10941
4321,005;71
4322,005;50
4323,005;52
4324,005;64
4325,005;80
4326,005;10927
4327,005;73
4328,005;73
4329,005;53
4330,005;58
4331,005;55
4332,005;10959
4333,005;63
4334,005;47
4335,005;58
4336,005;54
4337,005;63
4338,005;10940
4339,005;52
4340,005;43
4341,005;57
4342,005;60
4343,005;67
4344,005;10919
4345,27;51
4346,27;58
4347,27;63
4348,27;63
4349,27;67
4350,27;10918
4351,27;46
4352,27;41
4353,27;50
4354,27;58
4355,27;38
4356,27;10943
4357,27;47
4358,27;45
4359,27;59
4360,27;51
4361,27;55
4362,27;10940
4363,27;55
4364,27;45
4365,27;50
4366,27;55
4367,27;73
4368,27;10911
4369,27;57
4370,27;39
4371,27;43
4372,27;60
4373,27;51
4374,27;10928
4375,27;60
4376,27;61
4377,27;47
4378,27;41
4379,27;49
4380,27;10938
4381,27;46
4382,27;38
4383,27;52
4384,27;45
4385,27;47
4386,27;10594
4387,27;46
4388,27;58
4389,27;57
4390,27;42
4391,27;54
4392,27;10868
4393,27;51
4394,27;46
4395,27;49
4396,27;39
4397,27;52
4398,27;10913
4399,27;55
4400,27;58
4401,27;49
4402,27;51
4403,27;59
4404,27;10922
4405,27;45
4406,27;53
4407,27;59
4408,27;68
4409,27;50
4410,27;10914
4411,27;67
4412,27;59
4413,27;58
4414,27;68
4415,27;52
4416,27;10964
4417,27;44
4418,27;52
4419,27;62
4420,27;63
4421,27;69
4422,27;10943
4423,27;37
4424,27;52
4425,27;58
4426,27;68
4427,27;56
4428,27;10927
4429,27;44
4430,27;61
4431,27;51
4432,27;59
4433,27;51
4434,27;10930
4435,27;58
4436,27;52
4437,27;57
4438,27;67
4439,27;74
4440,27;10942
4441,27;55
4442,27;71
4443,27;62
4444,27;71
4445,27;59
4446,597;10974
4447,597;67
4448,597;65
4449,597;90
4450,597;71
4451,597;68
4452,597;10953
4453,597;73
4454,597;57
4455,597;71
4456,597;60
4457,597;63
4458,597;10939
4459,597;64
4460,597;55
4461,597;73
4462,597;61
4463,597;72
4464,597;10941
4465,597;65
4466,597;52
4467,597;80
4468,597;60
4469,597;65
4470,597;10930
4471,597;51
4472,597;65
4473,597;62
4474,597;91
4475,597;88
4476,597;10932
4477,597;73
4478,597;73
4479,597;66
4480,597;60
4481,597;72
4482,597;10925
4483,597;67
4484,597;62
4485,597;67
4486,597;79
4487,597;69
4488,597;10930
4489,597;75
4490,597;53
4491,597;78
4492,597;69
4493,597;92
4494,597;10931
4495,597;68
4496,597;63
4497,597;66
4498,597;64
4499,597;80
4500,597;10913
4501,597;62
4502,597;71
4503,597;62
4504,597;62
4505,597;74
4506,597;10961
4507,597;65
4508,597;66
4509,597;56
4510,597;65
4511,597;61
4512,597;10921
4513,597;61
4514,597;77
4515,597;69
4516,597;74
4517,597;63
4518,597;10937
4519,597;71
4520,597;71
4521,597;77
4522,597;70
4523,597;68
4524,597;10931
4525,597;60
4526,597;78
4527,597;73
4528,597;62
4529,597;71
4530,597;10951
4531,597;70
4532,597;81
4533,597;73
4534,597;72
4535,597;93
4536,597;10936
4537,597;80
4538,597;54
4539,597;67
4540,597;79
4541,597;70
4542,597;10891
4543,597;57
4544,597;75
4545,597;77
4546,597;77
4547,604;74
4548,604;10919
4549,604;55
4550,604;64
4551,604;57
4552,604;70
4553,604;93
4554,604;10902
4555,604;70
4556,604;78
4557,604;83
4558,604;73
4559,604;80
4560,604;10906
4561,604;78
4562,604;68
4563,604;63
4564,604;61
4565,604;80
4566,604;10951
4567,604;65
4568,604;77
4569,604;72
4570,604;79
4571,604;72
4572,604;10952
4573,604;66
4574,604;59
4575,604;77
4576,604;60
4577,604;82
4578,604;10935
4579,604;68
4580,604;71
4581,604;59
4582,604;65
4583,604;89
4584,604;10927
4585,604;61
4586,604;67
4587,604;65
4588,604;84
4589,604;70
4590,604;10918
4591,604;52
4592,604;85
4593,604;72
4594,604;66
4595,604;76
4596,604;10927
4597,604;70
4598,604;63
4599,604;82
4600,604;73
4601,604;67
4602,604;10880
4603,604;65
4604,604;63
4605,604;79
4606,604;80
4607,604;82
4608,604;10938
4609,604;67
4610,604;61
4611,604;54
4612,604;76
4613,604;66
4614,604;10921
4615,604;66
4616,604;68
4617,604;81
4618,604;64
4619,604;54
4620,604;10922
4621,604;61
4622,604;54
4623,604;80
4624,604;67
4625,604;70
4626,604;10892
4627,604;56
4628,604;61
4629,604;74
4630,604;64
4631,604;80
4632,604;10907
4633,604;65
4634,604;79
4635,604;62
4636,604;59
4637,604;82
4638,604;10928
4639,604;66
4640,604;86
4641,604;76
4642,604;73
4643,604;70
4644,604;10908
4645,604;56
4646,604;60
4647,604;70
4648,925;64
4649,925;78
4650,925;10910
4651,925;71
4652,925;67
4653,925;78
4654,925;66
4655,925;59
4656,925;10914
4657,925;61
4658,925;75
4659,925;83
4660,925;56
4661,925;57
4662,925;10930
4663,925;64
4664,925;72
4665,925;72
4666,925;59
4667,925;76
4668,925;10901
4669,925;58
4670,925;68
4671,925;73
4672,925;67
4673,925;78
4674,925;10908
4675,925;67
4676,925;56
4677,925;69
4678,925;71
4679,925;72
4680,925;10895
4681,925;56
4682,925;57
4683,925;74
4684,925;52
4685,925;52
4686,925;10887
4687,925;58
4688,925;56
4689,925;57
4690,925;51
4691,925;63
4692,925;10895
4693,925;51
4694,925;60
4695,925;53
4696,925;63
4697,925;59
4698,925;10603
4699,925;70
4700,925;73
4701,925;58
4702,925;57
4703,925;69
4704,925;10865
4705,925;65
4706,925;48
4707,925;67
4708,925;61
4709,925;48
4710,925;10896
4711,925;65
4712,925;55
4713,925;63
4714,925;43
4715,925;66
4716,925;10946
4717,925;54
4718,925;74
4719,925;76
4720,925;66
4721,925;66
4722,925;10877
4723,925;64
4724,925;62
4725,925;65
4726,925;64
4727,925;71
4728,925;10918
4729,925;61
4730,925;72
4731,925;69
4732,925;64
4733,925;64
4734,925;10940
4735,925;60
4736,925;61
4737,925;75
4738,925;52
4739,925;57
4740,925;10945
4741,925;68
4742,925;71
4743,925;64
4744,925;64
4745,925;74
4746,925;10909
4747,925;58
4748,925;51
4749,925;59
4750,925;63
4751,925;76
4752,925;10919
4753,925;76
4754,925;68
4755,925;73
4756,925;86
4757,925;82
4758,925;10960
4759,925;76
4760,925;58
4761,925;78
4762,925;76
4763,925;65
4764,925;10908
4765,925;72
4766,925;62
4767,925;65
4768,925;69
4769,925;65
4770,925;10872
4771,925;69
4772,925;59
4773,925;65
4774,925;72
4775,925;87
4776,925;10907
4777,925;56
4778,925;70
4779,925;65
4780,925;69
4781,925;77
4782,925;10930
4783,925;75
4784,925;60
4785,925;77
4786,925;59
4787,925;74
4788,925;10915
4789,925;61
4790,925;54
4791,925;71
4792,925;76
4793,925;80
4794,925;10927
4795,925;68
4796,925;70
4797,925;80
4798,925;65
4799,925;82
4800,925;10902
4801,925;62
4802,925;71
4803,925;78
4804,925;66
4805,925;69
4806,925;10938
4807,925;69
4808,925;60
4809,925;69
4810,925;95
4811,925;71
4812,925;10920
4813,925;63
4814,925;63
4815,925;59
4816,925;75
4817,925;75
4818,925;10949
4819,925;56
4820,925;60
4821,925;52
4822,925;78
4823,925;73
4824,925;10932
4825,925;55
4826,925;52
4827,925;80
4828,925;80
4829,925;71
4830,925;10944
4831,925;80
4832,925;59
4833,925;73
4834,925;68
4835,925;66
4836,925;10918
4837,925;64
4838,925;75
4839,925;77
4840,925;41
4841,925;81
4842,925;10917
4843,925;75
4844,925;84
4845,925;73
4846,925;67
4847,925;75
4848,925;10917
4849,925;64
4851;71
4852;64
4853;84
4854;69
4855;10905
4856;63
4857;72
4858;72
4859;76
4860;63
4861;10924
4862;57
4863;74
4864;83
4865;71
4866;80
4867;10936
4868;75
4869;65
4870;72
4871;78
4872;66
4873;10901
4874;72
4875;61
4876;76
4877;79
4878;76
4879;10898
4880;65
4881;83
4882;78
4883;66
4884;75
4885;10913
4886;73
4887;79
4888;71
4889;73
4890;84
4891;10916
4892;51
4893;73
4894;62
4895;83
4896;79
4897;10908
4898;72
4899;76
4900;78
4901;83
4902;65
4903;10930
4904;52
4905;70
4906;80
4907;55
4908;74
4909;10911
4910;76
4911;63
4912;90
4913;54
4914;80
4915;10916
4916;64
4917;72
4918;75
4919;79
4920;72
4921;10942
4922;68
4923;63
4924;70
4925;58
4926;56
4927;10925
4928;58
4929;59
4930;57
4931;73
4932;63
4933;10948
4934;61
4935;72
4936;74
4937;58
4938;65
4939;10953
4940;69
4941;67
4942;86
4943;80
4944;63
4945;10951
4946;47
4947;67
4948;77
4949;66
4950;70
4951;10927
4951,917;51
4952,917;60
4953,917;56
4954,917;78
4955,917;67
4956,917;10923
4957,917;59
4958,917;64
4959,917;64
4960,917;80
4961,917;64
4962,917;10942
4963,917;64
4964,917;57
4965,917;62
4966,917;60
4967,917;58
4968,917;10936
4969,917;62
4970,917;48
4971,917;47
4972,917;69
4973,917;65
4974,917;10912
4975,917;56
4976,917;34
4977,917;53
4978,917;53
4979,917;58
4980,917;10950
4981,917;55
4982,917;57
4983,917;56
4984,917;71
4985,917;75
4986,917;10920
4987,917;39
4988,917;67
4989,917;63
4990,917;57
4991,917;55
4992,917;10905
4993,917;52
4994,917;64
4995,917;49
4996,917;52
4997,917;68
4998,917;10915
4999,917;42
5000,917;52
5001,917;48
5002,917;44
5003,917;66
5004,917;10913
5005,917;53
5006,917;46
5007,917;55
5008,917;53
5009,917;52
5010,917;10582
5011,917;52
5012,917;40
5013,917;65
5014,917;60
5015,917;56
5016,917;10844
5017,917;53
5018,917;49
5019,917;43
5020,917;55
5021,917;58
5022,917;10952
5023,917;48
5024,917;60
5025,917;51
5026,917;64
5027,917;67
5028,917;10928
5029,917;62
5030,917;49
5031,917;71
5032,917;63
5033,917;60
5034,917;10919
5035,917;50
5036,917;58
5037,917;55
5038,917;49
5039,917;54
5040,917;10920
5041,917;58
5042,917;53
5043,917;63
5044,917;53
5045,917;59
5046,917;10929
5047,917;51
5048,917;68
5049,917;62
5050,917;63
5051,917;65
5051,979;10946
5052,979;61
5053,979;74
5054,979;56
5055,979;64
5056,979;74
5057,979;10988
5058,979;64
5059,979;50
5060,979;63
5061,979;70
5062,979;71
5063,979;10953
5064,979;58
5065,979;64
5066,979;73
5067,979;62
5068,979;77
5069,979;10936
5070,979;65
5071,979;78
5072,979;56
5073,979;72
5074,979;74
5075,979;10939
5076,979;70
5077,979;44
5078,979;67
5079,979;73
5080,979;85
5081,979;10952
5082,979;65
5083,979;77
5084,979;64
5085,979;66
5086,979;73
5087,979;10905
5088,979;70
5089,979;71
5090,979;53
5091,979;70
5092,979;83
5093,979;10945
5094,979;56
5095,979;58
5096,979;68
5097,979;77
5098,979;77
5099,979;10933
5100,979;73
5101,979;67
5102,979;70
5103,979;77
5104,979;64
5105,979;10946
5106,979;69
5107,979;63
5108,979;71
5109,979;67
5110,979;77
5111,979;10933
5112,979;66
5113,979;72
5114,979;83
5115,979;86
5116,979;83
5117,979;10923
5118,979;65
5119,979;75
5120,979;86
5121,979;63
5122,979;76
5123,979;10944
5124,979;60
5125,979;85
5126,979;65
5127,979;75
5128,979;84
5129,979;10906
5130,979;73
5131,979;61
5132,979;75
5133,979;76
5134,979;74
5135,979;10914
5136,979;76
5137,979;70
5138,979;90
5139,979;84
5140,979;71
5141,979;10950
5142,979;72
5143,979;69
5144,979;84
5145,979;68
5146,979;67
5147,979;10952
5148,979;63
5149,979;72
5150,979;81
5151,979;84
5153,461;78
5154,461;10935
5155,461;62
5156,461;48
5157,461;73
5158,461;72
5159,461;80
5160,461;10962
5161,461;65
5162,461;67
5163,461;62
5164,461;74
5165,461;66
5166,461;10944
5167,461;78
5168,461;56
5169,461;80
5170,461;84
5171,461;69
5172,461;10940
5173,461;69
5174,461;76
5175,461;71
5176,461;75
5177,461;79
5178,461;10929
5179,461;46
5180,461;64
5181,461;73
5182,461;83
5183,461;72
5184,461;10929
5185,461;86
5186,461;67
5187,461;77
5188,461;70
5189,461;88
5190,461;10932
5191,461;68
5192,461;56
5193,461;61
5194,461;84
5195,461;86
5196,461;10917
5197,461;64
5198,461;71
5199,461;88
5200,461;60
5201,461;70
5202,461;10906
5203,461;69
5204,461;65
5205,461;67
5206,461;72
5207,461;83
5208,461;10932
5209,461;83
5210,461;68
5211,461;68
5212,461;68
5213,461;75
5214,461;10908
5215,461;62
5216,461;64
5217,461;71
5218,461;70
5219,461;84
5220,461;10945
5221,461;51
5222,461;68
5223,461;85
5224,461;77
5225,461;62
5226,461;10931
5227,461;74
5228,461;65
5229,461;61
5230,461;64
5231,461;63
5232,461;10921
5233,461;64
5234,461;78
5235,461;59
5236,461;71
5237,461;61
5238,461;10933
5239,461;63
5240,461;59
5241,461;59
5242,461;61
5243,461;86
5244,461;10934
5245,461;72
5246,461;80
5247,461;80
5248,461;72
5249,461;70
5250,461;10963
5251,461;57
5252,461;60
5253,461;80
5254,461;65
5255,461;83
5256,461;10934
5257,461;64
5258,461;66
5259,461;71
5260,461;72
5261,461;64
5262,461;10960
5263,461;74
5264,461;60
5265,461;79
5266,461;52
5267,461;70
5268,461;10929
5269,461;72
5270,461;84
5271,461;66
5272,461;59
5273,461;87
5274,461;10899
5275,461;75
5276,461;65
5277,461;71
5278,461;67
5279,461;50
5280,461;10925
5281,461;70
5282,461;75
5283,461;74
5284,461;84
5285,461;78
5286,461;10935
5287,461;65
5288,461;70
5289,461;72
5290,461;55
5291,461;75
5292,461;10925
5293,461;57
5294,461;64
5295,461;65
5296,461;75
5297,461;61
5298,461;10945
5299,461;73
5300,461;56
5301,461;58
5302,461;71
5303,461;81
5304,461;10909
5305,461;77
5306,461;54
5307,461;68
5308,461;57
5309,461;67
5310,461;10905
5311,461;68
5312,461;58
5313,461;72
5314,461;66
5315,461;69
5316,461;10926
5317,461;68
5318,461;63
5319,461;64
5320,461;79
5321,461;66
5322,461;10603
5323,461;60
5324,461;70
5325,461;66
5326,461;55
5327,461;62
5328,461;10871
5329,461;55
5330,461;56
5331,461;65
5332,461;67
5333,461;58
5334,461;10872
5335,461;59
5336,461;66
5337,461;73
5338,461;66
5339,461;72
5340,461;10949
5341,461;69
5342,461;70
5343,461;68
5344,461;62
5345,461;64
5346,461;10937
5347,461;50
5348,461;48
5349,461;65
5350,461;67
5351,461;67
5352,461;10935
5353,461;83
5354,461;59
5355,543;64
5356,543;69
5357,543;74
5358,543;10945
5359,543;77
5360,543;76
5361,543;83
5362,543;71
5363,543;59
5364,543;10960
5365,543;56
5366,543;71
5367,543;79
5368,543;67
5369,543;60
5370,543;10981
5371,543;67
5372,543;73
5373,543;66
5374,543;75
5375,543;73
5376,543;10909
5377,543;62
5378,543;49
5379,543;70
5380,543;74
5381,543;68
5382,543;10913
5383,543;66
5384,543;71
5385,543;69
5386,543;59
5387,543;66
5388,543;10954
5389,543;67
5390,543;77
5391,543;75
5392,543;75
5393,543;85
5394,543;10934
5395,543;63
5396,543;71
5397,543;70
5398,543;70
5399,543;84
5400,543;10908
5401,543;60
5402,543;55
5403,543;71
5404,543;65
5405,543;70
5406,543;10950
5407,543;66
5408,543;71
5409,543;90
5410,543;66
5411,543;57
5412,543;10931
5413,543;79
5414,543;73
5415,543;72
5416,543;69
5417,543;71
5418,543;10959
5419,543;73
5420,543;74
5421,543;91
5422,543;69
5423,543;82
5424,543;10946
5425,543;68
5426,543;71
5427,543;68
5428,543;71
5429,543;69
5430,543;10938
5431,543;59
5432,543;73
5433,543;57
5434,543;64
5435,543;77
5436,543;10969
5437,543;57
5438,543;66
5439,543;78
5440,543;62
5441,543;75
5442,543;10940
5443,543;65
5444,543;70
5445,543;69
5446,543;66
5447,543;85
5448,543;10912
5449,543;53
5450,543;68
5451,543;72
5452,543;64
5453,543;74
5454,543;10925
5455,543;77
5455,996;60
5456,996;73
5457,996;70
5458,996;74
5459,996;10968
5460,996;69
5461,996;80
5462,996;61
5463,996;81
5464,996;78
5465,996;10923
5466,996;70
5467,996;79
5468,996;78
5469,996;82
5470,996;73
5471,996;10900
5472,996;49
5473,996;75
5474,996;84
5475,996;72
5476,996;89
5477,996;10931
5478,996;72
5479,996;78
5480,996;65
5481,996;66
5482,996;84
5483,996;10927
5484,996;82
5485,996;73
5486,996;61
5487,996;83
5488,996;76
5489,996;10918
5490,996;69
5491,996;70
5492,996;68
5493,996;60
5494,996;72
5495,996;10927
5496,996;75
5497,996;61
5498,996;72
5499,996;81
5500,996;68
5501,996;10925
5502,996;64
5503,996;68
5504,996;69
5505,996;74
5506,996;67
5507,996;10930
5508,996;70
5509,996;65
5510,996;69
5511,996;76
5512,996;85
5513,996;10921
5514,996;65
5515,996;72
5516,996;67
5517,996;86
5518,996;93
5519,996;10915
5520,996;67
5521,996;60
5522,996;75
5523,996;72
5524,996;78
5525,996;10949
5526,996;64
5527,996;70
5528,996;65
5529,996;72
5530,996;70
5531,996;10923
5532,996;52
5533,996;70
5534,996;71
5535,996;67
5536,996;83
5537,996;10936
5538,996;66
5539,996;75
5540,996;74
5541,996;77
5542,996;89
5543,996;10922
5544,996;61
5545,996;61
5546,996;79
5547,996;66
5548,996;86
5549,996;10893
5550,996;62
5551,996;60
5552,996;81
5553,996;61
5554,996;86
5555,996;10914
5557,197;67
5558,197;68
5559,197;64
5560,197;71
5561,197;69
5562,197;10959
5563,197;73
5564,197;84
5565,197;66
5566,197;59
5567,197;68
5568,197;10943
5569,197;58
5570,197;57
5571,197;64
5572,197;81
5573,197;60
5574,197;10954
5575,197;62
5576,197;74
5577,197;77
5578,197;74
5579,197;73
5580,197;10919
5581,197;56
5582,197;63
5583,197;51
5584,197;61
5585,197;70
5586,197;10938
5587,197;62
5588,197;61
5589,197;55
5590,197;61
5591,197;83
5592,197;10945
5593,197;68
5594,197;49
5595,197;73
5596,197;75
5597,197;60
5598,197;10928
5599,197;70
5600,197;61
5601,197;59
5602,197;53
5603,197;68
5604,197;10947
5605,197;50
5606,197;55
5607,197;63
5608,197;60
5609,197;68
5610,197;10919
5611,197;54
5612,197;65
5613,197;53
5614,197;56
5615,197;68
5616,197;10928
5617,197;58
5618,197;61
5619,197;62
5620,197;56
5621,197;53
5622,197;10923
5623,197;40
5624,197;54
5625,197;57
5626,197;58
5627,197;57
5628,197;10911
5629,197;58
5630,197;36
5631,197;36
5632,197;53
5633,197;50
5634,197;10576
5635,197;65
5636,197;57
5637,197;63
5638,197;55
5639,197;45
5640,197;10864
5641,197;48
5642,197;56
5643,197;63
5644,197;51
5645,197;66
5646,197;10923
5647,197;46
5648,197;58
5649,197;51
5650,197;43
5651,197;58
5652,197;10947
5653,197;55
5654,197;64
5655,197;56
5656,197;69
5657,197;81
5658,241;10941
5659,241;41
5660,241;65
5661,241;48
5662,241;60
5663,241;72
5664,241;10913
5665,241;67
5666,241;60
5667,241;75
5668,241;68
5669,241;57
5670,241;10927
5671,241;45
5672,241;72
5673,241;62
5674,241;62
5675,241;87
5676,241;10922
5677,241;59
5678,241;55
5679,241;60
5680,241;63
5681,241;60
5682,241;10925
5683,241;62
5684,241;60
5685,241;59
5686,241;67
5687,241;78
5688,241;10908
5689,241;65
5690,241;64
5691,241;62
5692,241;82
5693,241;56
5694,241;10950
5695,241;70
5696,241;72
5697,241;80
5698,241;69
5699,241;83
5700,241;10936
5701,241;66
5702,241;63
5703,241;57
5704,241;69
5705,241;61
5706,241;10892
5707,241;74
5708,241;74
5709,241;62
5710,241;69
5711,241;61
5712,241;10934
5713,241;69
5714,241;62
5715,241;73
5716,241;59
5717,241;70
5718,241;10936
5719,241;55
5720,241;65
5721,241;59
5722,241;71
5723,241;61
5724,241;10931
5725,241;71
5726,241;76
5727,241;71
5728,241;83
5729,241;68
5730,241;10930
5731,241;54
5732,241;66
5733,241;77
5734,241;70
5735,241;71
5736,241;10943
5737,241;78
5738,241;65
5739,241;78
5740,241;90
5741,241;67
5742,241;10929
5743,241;73
5744,241;79
5745,241;72
5746,241;71
5747,241;61
5748,241;10920
5749,241;69
5750,241;84
5751,241;95
5752,241;78
5753,241;57
5754,241;10905
5755,241;73
5756,241;77
5757,241;58
5758,241;79
5759,241;79
5760,241;10933
5761,241;64
5762,241;64
5763,241;65
5764,241;73
5765,241;78
5766,241;10939
5767,241;60
5768,241;81
5769,241;66
5770,241;75
5771,241;74
5772,241;10937
5773,241;52
5774,241;68
5775,241;89
5776,241;80
5777,241;83
5778,241;10933
5779,241;75
5780,241;66
5781,241;85
5782,241;83
5783,241;90
5784,241;10941
5785,241;72
5786,241;73
5787,241;77
5788,241;83
5789,241;71
5790,241;10889
5791,241;73
5792,241;64
5793,241;68
5794,241;76
5795,241;85
5796,241;10908
5797,241;52
5798,241;74
5799,241;63
5800,241;67
5801,241;59
5802,241;10917
5803,241;73
5804,241;67
5805,241;74
5806,241;93
5807,241;77
5808,241;10924
5809,241;80
5810,241;76
5811,241;81
5812,241;75
5813,241;66
5814,241;10945
5815,241;61
5816,241;87
5817,241;66
5818,241;83
5819,241;78
5820,241;10930
5821,241;67
5822,241;66
5823,241;72
5824,241;67
5825,241;81
5826,241;10943
5827,241;62
5828,241;67
5829,241;69
5830,241;66
5831,241;77
5832,241;10913
5833,241;59
5834,241;68
5835,241;67
5836,241;58
5837,241;72
5838,241;10928
5839,241;67
5840,241;65
5841,241;54
5842,241;76
5843,241;66
5844,241;10937
5845,241;68
5846,241;73
5847,241;54
5848,241;76
5849,241;75
5850,241;10905
5851,241;78
5852,241;64
5853,241;74
5854,241;74
5855,241;79
5856,241;10945
5857,241;58
5858,241;68
5859,241;84
5860,931;92
5861,931;68
5862,931;10929
5863,931;69
5864,931;76
5865,931;71
5866,931;72
5867,931;65
5868,931;10912
5869,931;74
5870,931;77
5871,931;63
5872,931;74
5873,931;73
5874,931;10952
5875,931;51
5876,931;67
5877,931;71
5878,931;66
5879,931;67
5880,931;10928
5881,931;69
5882,931;59
5883,931;75
5884,931;82
5885,931;86
5886,931;10936
5887,931;64
5888,931;66
5889,931;65
5890,931;60
5891,931;63
5892,931;10931
5893,931;75
5894,931;62
5895,931;66
5896,931;61
5897,931;80
5898,931;10925
5899,931;62
5900,931;64
5901,931;75
5902,931;51
5903,931;70
5904,931;10896
5905,931;70
5906,931;66
5907,931;58
5908,931;56
5909,931;86
5910,931;10921
5911,931;63
5912,931;62
5913,931;65
5914,931;70
5915,931;61
5916,931;10916
5917,931;61
5918,931;65
5919,931;66
5920,931;73
5921,931;72
5922,931;10889
5923,931;68
5924,931;63
5925,931;76
5926,931;80
5927,931;59
5928,931;10945
5929,931;71
5930,931;59
5931,931;66
5932,931;60
5933,931;58
5934,931;10933
5935,931;48
5936,931;50
5937,931;65
5938,931;64
5939,931;91
5940,931;10893
5941,931;67
5942,931;47
5943,931;75
5944,931;73
5945,931;63
5946,931;10562
5947,931;71
5948,931;63
5949,931;63
5950,931;67
5951,931;67
5952,931;10857
5953,931;65
5954,931;71
5955,931;67
5956,931;65
5957,931;69
5958,931;10928
5959,931;53
5960,931;64
5962,002;66
5963,002;59
5964,002;74
5965,002;10920
5966,002;61
5967,002;68
5968,002;66
5969,002;71
5970,002;61
5971,002;10907
5972,002;66
5973,002;65
5974,002;73
5975,002;84
5976,002;72
5977,002;10878
5978,002;65
5979,002;68
5980,002;57
5981,002;90
5982,002;79
5983,002;10885
5984,002;63
5985,002;54
5986,002;64
5987,002;62
5988,002;74
5989,002;10878
5990,002;60
5991,002;65
5992,002;73
5993,002;71
5994,002;68
5995,002;10889
5996,002;68
5997,002;73
5998,002;68
5999,002;82
6000,002;75
6001,002;10913
6002,002;76
6003,002;60
6004,002;69
6005,002;66
6006,002;65
6007,002;10909
6008,002;70
6009,002;68
6010,002;80
6011,002;69
6012,002;106
6013,002;10894
6014,002;54
6015,002;56
6016,002;62
6017,002;66
6018,002;61
6019,002;10922
6020,002;75
6021,002;63
6022,002;66
6023,002;79
6024,002;77
6025,002;10897
6026,002;68
6027,002;83
6028,002;55
6029,002;61
6030,002;58
6031,002;10927
6032,002;69
6033,002;56
6034,002;68
6035,002;60
6036,002;80
6037,002;10926
6038,002;59
6039,002;62
6040,002;66
6041,002;60
6042,002;76
6043,002;10926
6044,002;78
6045,002;69
6046,002;64
6047,002;60
6048,002;62
6049,002;10891
6050,002;82
6051,002;68
6052,002;74
6053,002;67
6054,002;72
6055,002;10925
6056,002;86
6057,002;78
6058,002;67
6059,002;82
6060,002;83
6061,002;10937
6062,002;60
6061,787;60
6062,787;83
6063,787;67
6064,787;87
6065,787;10928
6066,787;54
6067,787;60
6068,787;70
6069,787;76
6070,787;77
6071,787;10899
6072,787;80
6073,787;73
6074,787;61
6075,787;90
6076,787;76
6077,787;10912
6078,787;67
6079,787;79
6080,787;69
6081,787;69
6082,787;67
6083,787;10943
6084,787;66
6085,787;71
6086,787;74
6087,787;54
6088,787;57
6089,787;10907
6090,787;57
6091,787;66
6092,787;68
6093,787;64
6094,787;74
6095,787;10945
6096,787;70
6097,787;49
6098,787;59
6099,787;73
6100,787;80
6101,787;10940
6102,787;66
6103,787;77
6104,787;58
6105,787;78
6106,787;86
6107,787;10892
6108,787;72
6109,787;69
6110,787;74
6111,787;90
6112,787;70
6113,787;10888
6114,787;68
6115,787;65
6116,787;73
6117,787;81
6118,787;76
6119,787;10959
6120,787;64
6121,787;92
6122,787;55
6123,787;66
6124,787;64
6125,787;10945
6126,787;70
6127,787;65
6128,787;80
6129,787;73
6130,787;80
6131,787;10938
6132,787;65
6133,787;67
6134,787;70
6135,787;75
6136,787;91
6137,787;10935
6138,787;74
6139,787;71
6140,787;85
6141,787;75
6142,787;78
6143,787;10942
6144,787;68
6145,787;83
6146,787;67
6147,787;64
6148,787;74
6149,787;10929
6150,787;70
6151,787;70
6152,787;65
6153,787;77
6154,787;78
6155,787;10912
6156,787;75
6157,787;74
6158,787;77
6159,787;81
6160,787;78
6161,787;10975
6163,157;72
6164,157;75
6165,157;72
6166,157;70
6167,157;73
6168,157;10922
6169,157;80
6170,157;64
6171,157;74
6172,157;82
6173,157;71
6174,157;10931
6175,157;67
6176,157;57
6177,157;79
6178,157;79
6179,157;82
6180,157;10917
6181,157;65
6182,157;55
6183,157;74
6184,157;79
6185,157;106
6186,157;10942
6187,157;65
6188,157;71
6189,157;59
6190,157;73
6191,157;65
6192,157;10945
6193,157;67
6194,157;72
6195,157;69
6196,157;73
6197,157;74
6198,157;10928
6199,157;58
6200,157;53
6201,157;73
6202,157;69
6203,157;65
6204,157;10953
6205,157;53
6206,157;56
6207,157;80
6208,157;63
6209,157;90
6210,157;10931
6211,157;61
6212,157;57
6213,157;76
6214,157;73
6215,157;68
6216,157;10972
6217,157;81
6218,157;70
6219,157;62
6220,157;62
6221,157;71
6222,157;10912
6223,157;75
6224,157;60
6225,157;64
6226,157;64
6227,157;75
6228,157;10950
6229,157;62
6230,157;73
6231,157;60
6232,157;69
6233,157;58
6234,157;10926
6235,157;59
6236,157;43
6237,157;65
6238,157;61
6239,157;64
6240,157;10927
6241,157;62
6242,157;54
6243,157;74
6244,157;55
6245,157;65
6246,157;10936
6247,157;55
6248,157;51
6249,157;46
6250,157;50
6251,157;69
6252,157;10913
6253,157;46
6254,157;55
6255,157;70
6256,157;47
6257,157;62
6258,157;10584
6259,157;66
6260,157;59
6261,157;48
6262,157;59
6263,157;62
6263,791;10849
6264,791;50
6265,791;68
6266,791;56
6267,791;62
6268,791;61
6269,791;10909
6270,791;51
6271,791;66
6272,791;54
6273,791;64
6274,791;70
6275,791;10933
6276,791;75
6277,791;41
6278,791;65
6279,791;69
6280,791;64
6281,791;10935
6282,791;59
6283,791;69
6284,791;63
6285,791;50
6286,791;67
6287,791;10918
6288,791;67
6289,791;60
6290,791;64
6291,791;69
6292,791;62
6293,791;10948
6294,791;68
6295,791;59
6296,791;71
6297,791;64
6298,791;67
6299,791;10916
6300,791;63
6301,791;70
6302,791;61
6303,791;78
6304,791;69
6305,791;10923
6306,791;58
6307,791;66
6308,791;57
6309,791;64
6310,791;68
6311,791;10951
6312,791;66
6313,791;65
6314,791;81
6315,791;78
6316,791;77
6317,791;10935
6318,791;58
6319,791;81
6320,791;73
6321,791;80
6322,791;76
6323,791;10945
6324,791;60
6325,791;59
6326,791;63
6327,791;64
6328,791;79
6329,791;10935
6330,791;75
6331,791;71
6332,791;80
6333,791;69
6334,791;61
6335,791;10924
6336,791;64
6337,791;75
6338,791;89
6339,791;82
6340,791;93
6341,791;10923
6342,791;72
6343,791;70
6344,791;75
6345,791;69
6346,791;74
6347,791;10953
6348,791;68
6349,791;59
6350,791;64
6351,791;64
6352,791;75
6353,791;10908
6354,791;53
6355,791;73
6356,791;70
6357,791;104
6358,791;78
6359,791;10905
6360,791;76
6361,791;70
6362,791;78
6363,791;92
6365,791;89
6366,791;10899
6367,791;73
6368,791;67
6369,791;82
6370,791;80
6371,791;85
6372,791;10904
6373,791;68
6374,791;70
6375,791;61
6376,791;68
6377,791;61
6378,791;10918
6379,791;73
6380,791;76
6381,791;70
6382,791;86
6383,791;79
6384,791;10931
6385,791;68
6386,791;74
6387,791;66
6388,791;66
6389,791;85
6390,791;10916
6391,791;59
6392,791;73
6393,791;77
6394,791;72
6395,791;74
6396,791;10968
6397,791;59
6398,791;71
6399,791;83
6400,791;70
6401,791;80
6402,791;10960
6403,791;78
6404,791;58
6405,791;65
6406,791;63
6407,791;84
6408,791;10918
6409,791;71
6410,791;74
6411,791;60
6412,791;60
6413,791;76
6414,791;10945
6415,791;64
6416,791;75
6417,791;77
6418,791;76
6419,791;58
6420,791;10941
6421,791;74
6422,791;62
6423,791;82
6424,791;69
6425,791;73
6426,791;10954
6427,791;71
6428,791;76
6429,791;73
6430,791;90
6431,791;79
6432,791;10917
6433,791;66
6434,791;58
6435,791;52
6436,791;75
6437,791;72
6438,791;10899
6439,791;62
6440,791;69
6441,791;65
6442,791;66
6443,791;75
6444,791;10940
6445,791;72
6446,791;64
6447,791;78
6448,791;79
6449,791;78
6450,791;10923
6451,791;63
6452,791;71
6453,791;66
6454,791;72
6455,791;91
6456,791;10909
6457,791;66
6458,791;74
6459,791;81
6460,791;71
6461,791;66
6462,791;10934
6463,791;56
6464,791;63
6465,791;50
6466,551;75
6467,551;78
6468,551;10910
6469,551;73
6470,551;67
6471,551;68
6472,551;77
6473,551;69
6474,551;10910
6475,551;68
6476,551;79
6477,551;66
6478,551;61
6479,551;73
6480,551;10901
6481,551;98
6482,551;81
6483,551;82
6484,551;86
6485,551;75
6486,551;10940
6487,551;68
6488,551;71
6489,551;66
6490,551;85
6491,551;66
6492,551;10920
6493,551;62
6494,551;72
6495,551;56
6496,551;70
6497,551;83
6498,551;10924
6499,551;52
6500,551;66
6501,551;58
6502,551;62
6503,551;96
6504,551;10908
6505,551;75
6506,551;74
6507,551;59
6508,551;63
6509,551;65
6510,551;10903
6511,551;77
6512,551;64
6513,551;71
6514,551;75
6515,551;66
6516,551;10914
6517,551;73
6518,551;68
6519,551;60
6520,551;67
6521,551;62
6522,551;10911
6523,551;60
6524,551;84
6525,551;72
6526,551;65
6527,551;65
6528,551;10943
6529,551;54
6530,551;53
6531,551;61
6532,551;93
6533,551;65
6534,551;10923
6535,551;70
6536,551;64
6537,551;75
6538,551;58
6539,551;85
6540,551;10917
6541,551;69
6542,551;66
6543,551;64
6544,551;63
6545,551;65
6546,551;10890
6547,551;60
6548,551;71
6549,551;56
6550,551;64
6551,551;65
6552,551;10933
6553,551;70
6554,551;64
6555,551;65
6556,551;59
6557,551;58
6558,551;10914
6559,551;70
6560,551;84
6561,551;59
6562,551;67
6563,551;64
6564,551;10902
6565,551;60
6566,551;61
6568,069;62
6569,069;67
6570,069;57
6571,069;10571
6572,069;51
6573,069;51
6574,069;65
6575,069;63
6576,069;69
6577,069;10824
6578,069;68
6579,069;63
6580,069;65
6581,069;47
6582,069;58
6583,069;10928
6584,069;58
6585,069;67
6586,069;65
6587,069;67
6588,069;64
6589,069;10927
6590,069;70
6591,069;73
6592,069;63
6593,069;69
6594,069;75
6595,069;10874
6596,069;59
6597,069;61
6598,069;72
6599,069;76
6600,069;69
6601,069;10938
6602,069;63
6603,069;72
6604,069;61
6605,069;82
6606,069;69
6607,069;10897
6608,069;63
6609,069;72
6610,069;84
6611,069;76
6612,069;83
6613,069;10937
6614,069;70
6615,069;70
6616,069;74
6617,069;69
6618,069;65
6619,069;10912
6620,069;58
6621,069;65
6622,069;88
6623,069;71
6624,069;55
6625,069;10908
6626,069;69
6627,069;71
6628,069;63
6629,069;51
6630,069;80
6631,069;10902
6632,069;65
6633,069;56
6634,069;83
6635,069;64
6636,069;57
6637,069;10922
6638,069;69
6639,069;80
6640,069;59
6641,069;68
6642,069;77
6643,069;10930
6644,069;68
6645,069;60
6646,069;69
6647,069;61
6648,069;68
6649,069;10901
6650,069;68
6651,069;76
6652,069;82
6653,069;63
6654,069;92
6655,069;10924
6656,069;82
6657,069;76
6658,069;76
6659,069;63
6660,069;66
6661,069;10950
6662,069;67
6663,069;64
6664,069;64
6665,069;74
6666,069;76
6667,069;10916
6668,069;72
6668,932;74
6669,932;79
6670,932;68
6671,932;78
6672,932;10932
6673,932;70
6674,932;73
6675,932;67
6676,932;60
6677,932;82
6678,932;10933
6679,932;68
6680,932;62
6681,932;69
6682,932;69
6683,932;65
6684,932;10939
6685,932;59
6686,932;70
6687,932;61
6688,932;81
6689,932;80
6690,932;10911
6691,932;54
6692,932;53
6693,932;71
6694,932;88
6695,932;79
6696,932;10905
6697,932;74
6698,932;65
6699,932;87
6700,932;68
6701,932;88
6702,932;10924
6703,932;56
6704,932;68
6705,932;60
6706,932;57
6707,932;70
6708,932;10936
6709,932;85
6710,932;68
6711,932;75
6712,932;75
6713,932;89
6714,932;10927
6715,932;66
6716,932;54
6717,932;71
6718,932;65
6719,932;69
6720,932;10931
6721,932;76
6722,932;74
6723,932;78
6724,932;74
6725,932;81
6726,932;10941
6727,932;72
6728,932;74
6729,932;78
6730,932;60
6731,932;70
6732,932;10939
6733,932;80
6734,932;69
6735,932;65
6736,932;75
6737,932;85
6738,932;10922
6739,932;67
6740,932;84
6741,932;65
6742,932;84
6743,932;81
6744,932;10937
6745,932;81
6746,932;76
6747,932;77
6748,932;73
6749,932;79
6750,932;10929
6751,932;85
6752,932;72
6753,932;74
6754,932;70
6755,932;74
6756,932;10938
6757,932;58
6758,932;72
6759,932;62
6760,932;78
6761,932;71
6762,932;10904
6763,932;79
6764,932;93
6765,932;71
6766,932;65
6767,932;58
6768,932;10926
6769,827;63
6770,827;73
6771,827;72
6772,827;74
6773,827;81
6774,827;10924
6775,827;73
6776,827;71
6777,827;82
6778,827;73
6779,827;81
6780,827;10955
6781,827;58
6782,827;67
6783,827;82
6784,827;65
6785,827;77
6786,827;10924
6787,827;70
6788,827;90
6789,827;88
6790,827;71
6791,827;96
6792,827;10924
6793,827;77
6794,827;70
6795,827;77
6796,827;64
6797,827;66
6798,827;10951
6799,827;69
6800,827;71
6801,827;68
6802,827;62
6803,827;66
6804,827;10958
6805,827;73
6806,827;67
6807,827;84
6808,827;79
6809,827;75
6810,827;10954
6811,827;72
6812,827;72
6813,827;74
6814,827;56
6815,827;77
6816,827;10954
6817,827;66
6818,827;71
6819,827;85
6820,827;60
6821,827;82
6822,827;10952
6823,827;79
6824,827;70
6825,827;76
6826,827;60
6827,827;65
6828,827;10943
6829,827;61
6830,827;74
6831,827;67
6832,827;72
6833,827;83
6834,827;10960
6835,827;76
6836,827;66
6837,827;72
6838,827;65
6839,827;79
6840,827;10961
6841,827;63
6842,827;58
6843,827;65
6844,827;84
6845,827;71
6846,827;10942
6847,827;69
6848,827;58
6849,827;63
6850,827;82
6851,827;57
6852,827;10937
6853,827;60
6854,827;71
6855,827;60
6856,827;69
6857,827;61
6858,827;10952
6859,827;66
6860,827;77
6861,827;54
6862,827;80
6863,827;61
6864,827;10958
6865,827;59
6866,827;54
6867,827;52
6868,827;65
6869,827;68
6870,827;10965
6871,827;56
6872,827;50
6873,827;54
6874,827;71
6875,827;64
6876,827;10924
6877,827;58
6878,827;69
6879,827;54
6880,827;56
6881,827;63
6882,827;10609
6883,827;48
6884,827;55
6885,827;50
6886,827;55
6887,827;57
6888,827;10889
6889,827;59
6890,827;52
6891,827;75
6892,827;64
6893,827;54
6894,827;10949
6895,827;44
6896,827;61
6897,827;55
6898,827;72
6899,827;78
6900,827;10944
6901,827;52
6902,827;70
6903,827;72
6904,827;76
6905,827;70
6906,827;10932
6907,827;54
6908,827;68
6909,827;70
6910,827;74
6911,827;61
6912,827;10941
6913,827;71
6914,827;67
6915,827;65
6916,827;64
6917,827;86
6918,827;10954
6919,827;74
6920,827;55
6921,827;75
6922,827;65
6923,827;70
6924,827;10946
6925,827;68
6926,827;69
6927,827;76
6928,827;60
6929,827;65
6930,827;10965
6931,827;45
6932,827;55
6933,827;73
6934,827;63
6935,827;62
6936,827;10945
6937,827;65
6938,827;59
6939,827;63
6940,827;65
6941,827;62
6942,827;10938
6943,827;78
6944,827;66
6945,827;63
6946,827;98
6947,827;78
6948,827;10934
6949,827;68
6950,827;68
6951,827;68
6952,827;68
6953,827;79
6954,827;10961
6955,827;51
6956,827;74
6957,827;69
6958,827;65
6959,827;84
6960,827;10939
6961,827;73
6962,827;64
6963,827;86
6964,827;79
6965,827;91
6966,827;10922
6967,827;77
6968,827;68
6969,827;71
6970,827;82
6970,808;79
6971,808;10961
6972,808;64
6973,808;59
6974,808;78
6975,808;76
6976,808;96
6977,808;10953
6978,808;93
6979,808;89
6980,808;75
6981,808;73
6982,808;90
6983,808;10947
6984,808;55
6985,808;77
6986,808;78
6987,808;61
6988,808;70
6989,808;10914
6990,808;72
6991,808;69
6992,808;93
6993,808;67
6994,808;77
6995,808;10939
6996,808;54
6997,808;77
6998,808;69
6999,808;66
7000,808;71
7001,808;10946
7002,808;69
7003,808;78
7004,808;68
7005,808;82
7006,808;74
7007,808;10930
7008,808;69
7009,808;63
7010,808;68
7011,808;82
7012,808;62
7013,808;10906
7014,808;86
7015,808;94
7016,808;78
7017,808;63
7018,808;72
7019,808;10950
7020,808;75
7021,808;50
7022,808;61
7023,808;63
7024,808;64
7025,808;10934
7026,808;54
7027,808;82
7028,808;81
7029,808;74
7030,808;57
7031,808;10922
7032,808;87
7033,808;82
7034,808;67
7035,808;69
7036,808;74
7037,808;10963
7038,808;68
7039,808;69
7040,808;56
7041,808;66
7042,808;79
7043,808;10915
7044,808;77
7045,808;75
7046,808;73
7047,808;76
7048,808;62
7049,808;10905
7050,808;54
7051,808;78
7052,808;77
7053,808;73
7054,808;76
7055,808;10939
7056,808;67
7057,808;88
7058,808;55
7059,808;82
7060,808;92
7061,808;10945
7062,808;54
7063,808;66
7064,808;72
7065,808;75
7066,808;75
7067,808;10928
7068,808;68
7069,808;78
7070,808;78
7072,847;79
7073,847;75
7074,847;10899
7075,847;61
7076,847;72
7077,847;70
7078,847;78
7079,847;77
7080,847;10904
7081,847;59
7082,847;56
7083,847;58
7084,847;77
7085,847;93
7086,847;10943
7087,847;83
7088,847;87
7089,847;63
7090,847;72
7091,847;74
7092,847;10917
7093,847;77
7094,847;62
7095,847;77
7096,847;81
7097,847;75
7098,847;10936
7099,847;62
7100,847;68
7101,847;71
7102,847;60
7103,847;60
7104,847;10937
7105,847;67
7106,847;68
7107,847;64
7108,847;72
7109,847;69
7110,847;10919
7111,847;61
7112,847;71
7113,847;73
7114,847;68
7115,847;76
7116,847;10916
7117,847;75
7118,847;51
7119,847;66
7120,847;70
7121,847;74
7122,847;10924
7123,847;59
7124,847;58
7125,847;61
7126,847;80
7127,847;74
7128,847;10939
7129,847;74
7130,847;81
7131,847;70
7132,847;68
7133,847;76
7134,847;10898
7135,847;46
7136,847;61
7137,847;62
7138,847;60
7139,847;79
7140,847;10915
7141,847;69
7142,847;68
7143,847;64
7144,847;60
7145,847;72
7146,847;10952
7147,847;80
7148,847;62
7149,847;58
7150,847;61
7151,847;76
7152,847;10927
7153,847;68
7154,847;55
7155,847;74
7156,847;75
7157,847;81
7158,847;10926
7159,847;62
7160,847;78
7161,847;82
7162,847;66
7163,847;64
7164,847;10913
7165,847;65
7166,847;57
7167,847;63
7168,847;54
7169,847;69
7170,847;10911
7171,847;63
7172,847;62
7173,682;63
7174,682;61
7175,682;70
7176,682;10905
7177,682;61
7178,682;62
7179,682;60
7180,682;69
7181,682;70
7182,682;10918
7183,682;52
7184,682;58
7185,682;71
7186,682;62
7187,682;63
7188,682;10882
7189,682;63
7190,682;57
7191,682;57
7192,682;58
7193,682;67
7194,682;10585
7195,682;56
7196,682;65
7197,682;52
7198,682;61
7199,682;61
7200,682;10839
7201,682;67
7202,682;72
7203,682;69
7204,682;71
7205,682;76
7206,682;10921
7207,682;71
7208,682;62
7209,682;69
7210,682;74
7211,682;63
7212,682;10898
7213,682;60
7214,682;65
7215,682;64
7216,682;67
7217,682;79
7218,682;10930
7219,682;60
7220,682;69
7221,682;59
7222,682;79
7223,682;62
7224,682;10931
7225,682;62
7226,682;70
7227,682;63
7228,682;79
7229,682;75
7230,682;10921
7231,682;63
7232,682;82
7233,682;65
7234,682;63
7235,682;85
7236,682;10912
7237,682;59
7238,682;71
7239,682;67
7240,682;71
7241,682;66
7242,682;10910
7243,682;71
7244,682;59
7245,682;69
7246,682;66
7247,682;68
7248,682;10901
7249,682;62
7250,682;81
7251,682;77
7252,682;74
7253,682;79
7254,682;10923
7255,682;91
7256,682;58
7257,682;88
7258,682;76
7259,682;67
7260,682;10920
7261,682;67
7262,682;70
7263,682;70
7264,682;77
7265,682;58
7266,682;10931
7267,682;72
7268,682;60
7269,682;75
7270,682;73
7271,682;81
7272,682;10935
7273,682;68
7274,932;80
7275,932;62
7276,932;72
7277,932;78
7278,932;10939
7279,932;68
7280,932;71
7281,932;83
7282,932;66
7283,932;71
7284,932;10909
7285,932;64
7286,932;57
7287,932;86
7288,932;71
7289,932;74
7290,932;10924
7291,932;69
7292,932;51
7293,932;66
7294,932;69
7295,932;74
7296,932;10938
7297,932;74
7298,932;58
7299,932;74
7300,932;70
7301,932;62
7302,932;10925
7303,932;58
7304,932;79
7305,932;62
7306,932;59
7307,932;67
7308,932;10891
7309,932;63
7310,932;72
7311,932;75
7312,932;70
7313,932;61
7314,932;10928
7315,932;72
7316,932;84
7317,932;67
7318,932;72
7319,932;60
7320,932;10929
7321,932;71
7322,932;64
7323,932;75
7324,932;69
7325,932;65
7326,932;10927
7327,932;59
7328,932;65
7329,932;71
7330,932;67
7331,932;69
7332,932;10925
7333,932;72
7334,932;66
7335,932;70
7336,932;83
7337,932;73
7338,932;10940
7339,932;69
7340,932;62
7341,932;71
7342,932;91
7343,932;67
7344,932;10938
7345,932;52
7346,932;73
7347,932;78
7348,932;89
7349,932;85
7350,932;10941
7351,932;66
7352,932;77
7353,932;69
7354,932;74
7355,932;73
7356,932;10938
7357,932;71
7358,932;72
7359,932;74
7360,932;73
7361,932;83
7362,932;10946
7363,932;54
7364,932;74
7365,932;73
7366,932;85
7367,932;88
7368,932;10900
7369,932;68
7370,932;68
7371,932;75
7372,932;86
7373,932;85
7374,932;10925
7375,932;64
7376,932;79
7377,932;79
7378,932;56
7379,932;58
7380,932;10958
7381,932;80
7382,932;77
7383,932;62
7384,932;68
7385,932;91
7386,932;10958
7387,932;60
7388,932;60
7389,932;103
7390,932;54
7391,932;88
7392,932;10911
7393,932;66
7394,932;69
7395,932;69
7396,932;73
7397,932;73
7398,932;10914
7399,932;69
7400,932;66
7401,932;71
7402,932;80
7403,932;81
7404,932;10951
7405,932;69
7406,932;56
7407,932;78
7408,932;69
7409,932;75
7410,932;10938
7411,932;77
7412,932;76
7413,932;62
7414,932;75
7415,932;88
7416,932;10949
7417,932;85
7418,932;69
7419,932;86
7420,932;63
7421,932;67
7422,932;10981
7423,932;65
7424,932;81
7425,932;70
7426,932;78
7427,932;70
7428,932;10946
7429,932;61
7430,932;71
7431,932;80
7432,932;78
7433,932;103
7434,932;10954
7435,932;66
7436,932;61
7437,932;67
7438,932;62
7439,932;73
7440,932;10959
7441,932;62
7442,932;64
7443,932;91
7444,932;69
7445,932;91
7446,932;10942
7447,932;69
7448,932;72
7449,932;76
7450,932;70
7451,932;79
7452,932;10961
7453,932;66
7454,932;76
7455,932;57
7456,932;82
7457,932;72
7458,932;10954
7459,932;66
7460,932;60
7461,932;68
7462,932;44
7463,932;70
7464,932;10943
7465,932;68
7466,932;53
7467,932;65
7468,932;78
7469,932;79
7470,932;10962
7471,932;77
7472,932;58
7473,932;64
7474,932;73
7475,932;71
7476,7;10923
7477,7;54
7478,7;60
7479,7;89
7480,7;68
7481,7;83
7482,7;10952
7483,7;59
7484,7;76
7485,7;58
7486,7;61
7487,7;86
7488,7;10932
7489,7;53
7490,7;58
7491,7;47
7492,7;57
7493,7;61
7494,7;10935
7495,7;69
7496,7;57
7497,7;67
7498,7;61
7499,7;66
7500,7;10943
7501,7;62
7502,7;48
7503,7;53
7504,7;51
7505,7;60
7506,7;10571
7507,7;65
7508,7;61
7509,7;55
7510,7;65
7511,7;72
7512,7;10825
7513,7;73
7514,7;68
7515,7;65
7516,7;67
7517,7;60
7518,7;10962
7519,7;70
7520,7;55
7521,7;65
7522,7;55
7523,7;70
7524,7;10931
7525,7;72
7526,7;54
7527,7;61
7528,7;70
7529,7;64
7530,7;10936
7531,7;64
7532,7;54
7533,7;59
7534,7;63
7535,7;70
7536,7;10929
7537,7;61
7538,7;57
7539,7;66
7540,7;72
7541,7;92
7542,7;10932
7543,7;67
7544,7;55
7545,7;74
7546,7;92
7547,7;81
7548,7;10940
7549,7;75
7550,7;68
7551,7;57
7552,7;61
7553,7;75
7554,7;10932
7555,7;70
7556,7;61
7557,7;69
7558,7;54
7559,7;69
7560,7;10976
7561,7;66
7562,7;74
7563,7;60
7564,7;63
7565,7;66
7566,7;10922
7567,7;42
7568,7;62
7569,7;64
7570,7;71
7571,7;83
7572,7;10910
7573,7;85
7574,7;71
7575,7;86
7576,7;62
7577,625;72
7578,625;10916
7579,625;81
7580,625;65
7581,625;70
7582,625;78
7583,625;67
7584,625;10931
7585,625;83
7586,625;70
7587,625;69
7588,625;85
7589,625;78
7590,625;10944
7591,625;66
7592,625;66
7593,625;77
7594,625;92
7595,625;66
7596,625;10923
7597,625;82
7598,625;78
7599,625;66
7600,625;64
7601,625;71
7602,625;10936
7603,625;71
7604,625;91
7605,625;70
7606,625;87
7607,625;70
7608,625;10930
7609,625;79
7610,625;78
7611,625;74
7612,625;72
7613,625;85
7614,625;10910
7615,625;71
7616,625;79
7617,625;58
7618,625;78
7619,625;73
7620,625;10925
7621,625;63
7622,625;73
7623,625;83
7624,625;81
7625,625;74
7626,625;10938
7627,625;71
7628,625;64
7629,625;82
7630,625;55
7631,625;80
7632,625;10935
7633,625;72
7634,625;76
7635,625;85
7636,625;76
7637,625;63
7638,625;10925
7639,625;66
7640,625;57
7641,625;70
7642,625;52
7643,625;62
7644,625;10894
7645,625;65
7646,625;81
7647,625;70
7648,625;60
7649,625;87
7650,625;10957
7651,625;66
7652,625;65
7653,625;64
7654,625;87
7655,625;80
7656,625;10940
7657,625;60
7658,625;71
7659,625;63
7660,625;64
7661,625;86
7662,625;10921
7663,625;80
7664,625;51
7665,625;75
7666,625;89
7667,625;68
7668,625;10942
7669,625;78
7670,625;81
7671,625;77
7672,625;63
7673,625;87
7674,625;10922
7675,625;66
7676,625;75
7677,625;76
7678,24;71
7679,24;93
7680,24;10930
7681,24;66
7682,24;60
7683,24;88
7684,24;64
7685,24;68
7686,24;10930
7687,24;65
7688,24;66
7689,24;72
7690,24;73
7691,24;67
7692,24;10926
7693,24;52
7694,24;67
7695,24;66
7696,24;73
7697,24;86
7698,24;10906
7699,24;61
7700,24;63
7701,24;56
7702,24;76
7703,24;72
7704,24;10958
7705,24;61
7706,24;68
7707,24;77
7708,24;79
7709,24;67
7710,24;10934
7711,24;64
7712,24;54
7713,24;59
7714,24;77
7715,24;80
7716,24;10900
7717,24;77
7718,24;64
7719,24;60
7720,24;52
7721,24;73
7722,24;10942
7723,24;71
7724,24;63
7725,24;81
7726,24;96
7727,24;66
7728,24;10919
7729,24;65
7730,24;65
7731,24;60
7732,24;74
7733,24;75
7734,24;10900
7735,24;67
7736,24;84
7737,24;58
7738,24;71
7739,24;69
7740,24;10954
7741,24;78
7742,24;75
7743,24;66
7744,24;77
7745,24;70
7746,24;10907
7747,24;62
7748,24;71
7749,24;55
7750,24;67
7751,24;72
7752,24;10911
7753,24;66
7754,24;63
7755,24;71
7756,24;67
7757,24;79
7758,24;10936
7759,24;72
7760,24;87
7761,24;60
7762,24;71
7763,24;67
7764,24;10950
7765,24;56
7766,24;76
7767,24;72
7768,24;59
7769,24;59
7770,24;10911
7771,24;64
7772,24;73
7773,24;71
7774,24;67
7775,24;84
7776,24;10926
7777,24;65
7778,24;61
7779,435;63
7780,435;78
7781,435;70
7782,435;10937
7783,435;67
7784,435;76
7785,435;63
7786,435;71
7787,435;62
7788,435;10954
7789,435;71
7790,435;65
7791,435;56
7792,435;60
7793,435;63
7794,435;10903
7795,435;73
7796,435;69
7797,435;65
7798,435;69
7799,435;60
7800,435;10939
7801,435;63
7802,435;54
7803,435;67
7804,435;69
7805,435;71
7806,435;10909
7807,435;57
7808,435;55
7809,435;61
7810,435;85
7811,435;57
7812,435;10922
7813,435;69
7814,435;68
7815,435;68
7816,435;53
7817,435;69
7818,435;10555
7819,435;61
7820,435;66
7821,435;65
7822,435;67
7823,435;66
7824,435;10840
7825,435;68
7826,435;68
7827,435;58
7828,435;65
7829,435;71
7830,435;10908
7831,435;47
7832,435;50
7833,435;72
7834,435;68
7835,435;69
7836,435;10924
7837,435;68
7838,435;68
7839,435;61
7840,435;66
7841,435;60
7842,435;10915
7843,435;55
7844,435;63
7845,435;60
7846,435;73
7847,435;67
7848,435;10947
7849,435;60
7850,435;62
7851,435;49
7852,435;71
7853,435;48
7854,435;10919
7855,435;68
7856,435;69
7857,435;62
7858,435;66
7859,435;77
7860,435;10908
7861,435;66
7862,435;53
7863,435;76
7864,435;65
7865,435;71
7866,435;10963
7867,435;75
7868,435;67
7869,435;72
7870,435;78
7871,435;69
7872,435;10907
7873,435;68
7874,435;46
7875,435;60
7876,435;50
7877,435;74
7878,435;10936
7879,435;71
7880,435;61
7881,435;75
7882,435;68
7883,435;80
7884,435;10934
7885,435;66
7886,435;54
7887,435;67
7888,435;74
7889,435;68
7890,435;10915
7891,435;76
7892,435;73
7893,435;72
7894,435;72
7895,435;69
7896,435;10944
7897,435;65
7898,435;73
7899,435;87
7900,435;70
7901,435;74
7902,435;10926
7903,435;82
7904,435;62
7905,435;65
7906,435;44
7907,435;72
7908,435;10921
7909,435;64
7910,435;57
7911,435;72
7912,435;72
7913,435;75
7914,435;10921
7915,435;78
7916,435;61
7917,435;56
7918,435;57
7919,435;83
7920,435;10934
7921,435;58
7922,435;71
7923,435;71
7924,435;70
7925,435;72
7926,435;10931
7927,435;76
7928,435;66
7929,435;61
7930,435;65
7931,435;73
7932,435;10931
7933,435;69
7934,435;61
7935,435;74
7936,435;73
7937,435;85
7938,435;10937
7939,435;64
7940,435;70
7941,435;67
7942,435;57
7943,435;73
7944,435;10935
7945,435;65
7946,435;69
7947,435;64
7948,435;65
7949,435;78
7950,435;10912
7951,435;53
7952,435;69
7953,435;60
7954,435;76
7955,435;61
7956,435;10945
7957,435;69
7958,435;73
7959,435;69
7960,435;71
7961,435;78
7962,435;10956
7963,435;77
7964,435;67
7965,435;78
7966,435;86
7967,435;68
7968,435;10893
7969,435;61
7970,435;65
7971,435;60
7972,435;76
7973,435;77
7974,435;10897
7975,435;70
7976,435;61
7977,435;76
7978,435;63
7979,435;77
7980,435;10951
7981,902;74
7982,902;57
7983,902;76
7984,902;65
7985,902;74
7986,902;10919
7987,902;54
7988,902;78
7989,902;70
7990,902;67
7991,902;56
7992,902;10920
7993,902;61
7994,902;70
7995,902;77
7996,902;77
7997,902;74
7998,902;10944
7999,902;76
8000,902;65
8001,902;78
8002,902;58
8003,902;62
8004,902;10950
8005,902;80
8006,902;70
8007,902;73
8008,902;67
8009,902;67
8010,902;10910
8011,902;66
8012,902;61
8013,902;85
8014,902;72
8015,902;89
8016,902;10913
8017,902;66
8018,902;71
8019,902;77
8020,902;68
8021,902;56
8022,902;10927
8023,902;52
8024,902;63
8025,902;59
8026,902;75
8027,902;78
8028,902;10950
8029,902;60
8030,902;60
8031,902;61
8032,902;76
8033,902;77
8034,902;10926
8035,902;65
8036,902;68
8037,902;86
8038,902;70
8039,902;65
8040,902;10966
8041,902;68
8042,902;81
8043,902;77
8044,902;75
8045,902;65
8046,902;10934
8047,902;66
8048,902;77
8049,902;60
8050,902;65
8051,902;69
8052,902;10917
8053,902;67
8054,902;69
8055,902;74
8056,902;80
8057,902;71
8058,902;10961
8059,902;59
8060,902;68
8061,902;78
8062,902;76
8063,902;81
8064,902;10960
8065,902;78
8066,902;64
8067,902;91
8068,902;66
8069,902;79
8070,902;10956
8071,902;89
8072,902;63
8073,902;75
8074,902;63
8075,902;78
8076,902;10945
8077,902;74
8078,902;66
8079,902;67
8080,902;80
8081,902;74
8081,951;10936
8082,951;80
8083,951;73
8084,951;75
8085,951;56
8086,951;72
8087,951;10924
8088,951;78
8089,951;65
8090,951;65
8091,951;77
8092,951;65
8093,951;10928
8094,951;60
8095,951;73
8096,951;60
8097,951;51
8098,951;78
8099,951;10927
8100,951;62
8101,951;72
8102,951;69
8103,951;81
8104,951;68
8105,951;10947
8106,951;60
8107,951;71
8108,951;69
8109,951;73
8110,951;68
8111,951;10986
8112,951;59
8113,951;66
8114,951;80
8115,951;60
8116,951;70
8117,951;10924
8118,951;71
8119,951;73
8120,951;67
8121,951;67
8122,951;76
8123,951;10945
8124,951;59
8125,951;59
8126,951;55
8127,951;50
8128,951;52
8129,951;10579
8130,951;70
8131,951;62
8132,951;67
8133,951;57
8134,951;72
8135,951;10892
8136,951;57
8137,951;63
8138,951;47
8139,951;62
8140,951;66
8141,951;10886
8142,951;53
8143,951;51
8144,951;51
8145,951;68
8146,951;79
8147,951;10938
8148,951;59
8149,951;52
8150,951;66
8151,951;71
8152,951;82
8153,951;10919
8154,951;68
8155,951;77
8156,951;53
8157,951;68
8158,951;90
8159,951;10921
8160,951;74
8161,951;69
8162,951;72
8163,951;68
8164,951;76
8165,951;10957
8166,951;56
8167,951;52
8168,951;66
8169,951;85
8170,951;74
8171,951;10941
8172,951;67
8173,951;61
8174,951;96
8175,951;66
8176,951;73
8177,951;10945
8178,951;75
8179,951;68
8180,951;70
8181,951;76
8183,534;77
8184,534;10933
8185,534;79
8186,534;67
8187,534;65
8188,534;79
8189,534;74
8190,534;10939
8191,534;98
8192,534;65
8193,534;84
8194,534;67
8195,534;80
8196,534;10925
8197,534;60
8198,534;68
8199,534;75
8200,534;76
8201,534;62
8202,534;10930
8203,534;66
8204,534;67
8205,534;64
8206,534;75
8207,534;71
8208,534;10929
8209,534;74
8210,534;62
8211,534;84
8212,534;65
8213,534;89
8214,534;10907
8215,534;66
8216,534;84
8217,534;77
8218,534;85
8219,534;66
8220,534;10952
8221,534;61
8222,534;70
8223,534;75
8224,534;95
8225,534;73
8226,534;10927
8227,534;83
8228,534;59
8229,534;71
8230,534;62
8231,534;82
8232,534;10944
8233,534;73
8234,534;73
8235,534;78
8236,534;68
8237,534;87
8238,534;10919
8239,534;64
8240,534;68
8241,534;73
8242,534;72
8243,534;74
8244,534;10921
8245,534;67
8246,534;95
8247,534;70
8248,534;64
8249,534;65
8250,534;10922
8251,534;85
8252,534;68
8253,534;65
8254,534;74
8255,534;78
8256,534;10915
8257,534;69
8258,534;70
8259,534;65
8260,534;74
8261,534;66
8262,534;10927
8263,534;68
8264,534;55
8265,534;89
8266,534;74
8267,534;76
8268,534;10923
8269,534;59
8270,534;68
8271,534;85
8272,534;67
8273,534;73
8274,534;10916
8275,534;95
8276,534;57
8277,534;62
8278,534;88
8279,534;66
8280,534;10930
8281,534;75
8282,534;70
8283,534;70
8284,73;81
8285,73;65
8286,73;10928
8287,73;72
8288,73;75
8289,73;75
8290,73;77
8291,73;73
8292,73;10882
8293,73;55
8294,73;58
8295,73;59
8296,73;72
8297,73;74
8298,73;10927
8299,73;64
8300,73;67
8301,73;73
8302,73;71
8303,73;72
8304,73;10923
8305,73;79
8306,73;53
8307,73;72
8308,73;64
8309,73;60
8310,73;10910
8311,73;66
8312,73;77
8313,73;60
8314,73;61
8315,73;86
8316,73;10887
8317,73;89
8318,73;73
8319,73;54
8320,73;55
8321,73;71
8322,73;10907
8323,73;62
8324,73;79
8325,73;60
8326,73;73
8327,73;75
8328,73;10869
8329,73;74
8330,73;60
8331,73;63
8332,73;75
8333,73;78
8334,73;10928
8335,73;71
8336,73;62
8337,73;61
8338,73;72
8339,73;68
8340,73;10912
8341,73;58
8342,73;52
8343,73;76
8344,73;68
8345,73;74
8346,73;10900
8347,73;60
8348,73;77
8349,73;74
8350,73;64
8351,73;81
8352,73;10928
8353,73;66
8354,73;61
8355,73;64
8356,73;69
8357,73;82
8358,73;10915
8359,73;68
8360,73;83
8361,73;79
8362,73;59
8363,73;80
8364,73;10929
8365,73;74
8366,73;69
8367,73;70
8368,73;65
8369,73;73
8370,73;10908
8371,73;81
8372,73;70
8373,73;66
8374,73;59
8375,73;73
8376,73;10917
8377,73;65
8378,73;72
8379,73;57
8380,73;79
8381,73;72
8382,73;10891
8383,73;53
8384,73;72
8385,276;61
8386,276;64
8387,276;79
8388,276;10926
8389,276;74
8390,276;67
8391,276;59
8392,276;87
8393,276;61
8394,276;10926
8395,276;57
8396,276;65
8397,276;77
8398,276;63
8399,276;70
8400,276;10953
8401,276;64
8402,276;58
8403,276;63
8404,276;66
8405,276;66
8406,276;10930
8407,276;73
8408,276;64
8409,276;53
8410,276;62
8411,276;87
8412,276;10903
8413,276;61
8414,276;75
8415,276;59
8416,276;77
8417,276;77
8418,276;10923
8419,276;63
8420,276;68
8421,276;53
8422,276;64
8423,276;77
8424,276;10934
8425,276;52
8426,276;67
8427,276;60
8428,276;60
8429,276;65
8430,276;10876
8431,276;55
8432,276;67
8433,276;62
8434,276;75
8435,276;62
8436,276;10899
8437,276;65
8438,276;61
8439,276;66
8440,276;80
8441,276;69
8442,276;10598
8443,276;63
8444,276;64
8445,276;58
8446,276;47
8447,276;61
8448,276;10851
8449,276;68
8450,276;49
8451,276;74
8452,276;70
8453,276;76
8454,276;10922
8455,276;65
8456,276;55
8457,276;50
8458,276;72
8459,276;65
8460,276;10926
8461,276;70
8462,276;53
8463,276;70
8464,276;58
8465,276;64
8466,276;10925
8467,276;72
8468,276;59
8469,276;70
8470,276;72
8471,276;68
8472,276;10954
8473,276;51
8474,276;62
8475,276;63
8476,276;94
8477,276;85
8478,276;10935
8479,276;62
8480,276;77
8481,276;72
8482,276;60
8483,276;69
8484,276;10934
8485,276;54
8486,276;64
8487,276;61
8488,276;62
8489,276;75
8490,276;10938
8491,276;66
8492,276;63
8493,276;54
8494,276;75
8495,276;86
8496,276;10923
8497,276;67
8498,276;65
8499,276;75
8500,276;66
8501,276;70
8502,276;10915
8503,276;70
8504,276;54
8505,276;72
8506,276;73
8507,276;87
8508,276;10945
8509,276;76
8510,276;61
8511,276;87
8512,276;71
8513,276;63
8514,276;10927
8515,276;66
8516,276;52
8517,276;68
8518,276;60
8519,276;70
8520,276;10915
8521,276;68
8522,276;75
8523,276;67
8524,276;72
8525,276;61
8526,276;10924
8527,276;67
8528,276;68
8529,276;65
8530,276;80
8531,276;79
8532,276;10932
8533,276;73
8534,276;60
8535,276;66
8536,276;65
8537,276;71
8538,276;10934
8539,276;83
8540,276;65
8541,276;49
8542,276;74
8543,276;70
8544,276;10911
8545,276;74
8546,276;58
8547,276;86
8548,276;75
8549,276;71
8550,276;10916
8551,276;71
8552,276;81
8553,276;68
8554,276;66
8555,276;59
8556,276;10930
8557,276;89
8558,276;66
8559,276;54
8560,276;56
8561,276;70
8562,276;10926
8563,276;76
8564,276;64
8565,276;67
8566,276;73
8567,276;73
8568,276;10924
8569,276;73
8570,276;67
8571,276;62
8572,276;56
8573,276;78
8574,276;10954
8575,276;69
8576,276;65
8577,276;65
8578,276;76
8579,276;79
8580,276;10967
8581,276;61
8582,276;70
8583,276;74
8584,276;79
8585,276;66
8586,276;10949
8587,849;67
8588,849;70
8589,849;77
8590,849;84
8591,849;58
8592,849;10959
8593,849;68
8594,849;67
8595,849;63
8596,849;62
8597,849;65
8598,849;10949
8599,849;81
8600,849;61
8601,849;73
8602,849;68
8603,849;60
8604,849;10945
8605,849;73
8606,849;71
8607,849;82
8608,849;85
8609,849;68
8610,849;10922
8611,849;60
8612,849;73
8613,849;64
8614,849;70
8615,849;75
8616,849;10932
8617,849;65
8618,849;80
8619,849;59
8620,849;62
8621,849;71
8622,849;10931
8623,849;91
8624,849;67
8625,849;79
8626,849;90
8627,849;92
8628,849;10936
8629,849;53
8630,849;77
8631,849;76
8632,849;59
8633,849;76
8634,849;10941
8635,849;64
8636,849;81
8637,849;64
8638,849;73
8639,849;75
8640,849;10946
8641,849;72
8642,849;65
8643,849;62
8644,849;78
8645,849;71
8646,849;10963
8647,849;73
8648,849;63
8649,849;80
8650,849;76
8651,849;65
8652,849;10953
8653,849;59
8654,849;77
8655,849;72
8656,849;75
8657,849;73
8658,849;10931
8659,849;85
8660,849;60
8661,849;67
8662,849;86
8663,849;58
8664,849;10932
8665,849;73
8666,849;80
8667,849;77
8668,849;72
8669,849;75
8670,849;10964
8671,849;64
8672,849;72
8673,849;63
8674,849;69
8675,849;80
8676,849;10949
8677,849;78
8678,849;85
8679,849;75
8680,849;73
8681,849;94
8682,849;10927
8683,849;69
8684,849;93
8685,849;75
8686,849;83
8687,849;51
8687,7;10929
8688,7;51
8689,7;64
8690,7;67
8691,7;64
8692,7;92
8693,7;10945
8694,7;95
8695,7;84
8696,7;102
8697,7;76
8698,7;81
8699,7;10920
8700,7;75
8701,7;70
8702,7;74
8703,7;89
8704,7;78
8705,7;10938
8706,7;64
8707,7;97
8708,7;79
8709,7;84
8710,7;65
8711,7;10919
8712,7;65
8713,7;79
8714,7;74
8715,7;68
8716,7;92
8717,7;10947
8718,7;85
8719,7;56
8720,7;81
8721,7;62
8722,7;71
8723,7;10940
8724,7;83
8725,7;86
8726,7;75
8727,7;73
8728,7;71
8729,7;10953
8730,7;66
8731,7;65
8732,7;65
8733,7;70
8734,7;64
8735,7;10965
8736,7;66
8737,7;66
8738,7;51
8739,7;67
8740,7;73
8741,7;10950
8742,7;61
8743,7;65
8744,7;59
8745,7;75
8746,7;63
8747,7;10910
8748,7;69
8749,7;78
8750,7;59
8751,7;82
8752,7;64
8753,7;10592
8754,7;68
8755,7;62
8756,7;51
8757,7;75
8758,7;81
8759,7;10892
8760,7;64
8761,7;60
8762,7;56
8763,7;69
8764,7;71
8765,7;10939
8766,7;62
8767,7;66
8768,7;76
8769,7;79
8770,7;63
8771,7;10934
8772,7;59
8773,7;53
8774,7;67
8775,7;87
8776,7;65
8777,7;10979
8778,7;85
8779,7;57
8780,7;69
8781,7;75
8782,7;74
8783,7;10946
8784,7;71
8785,7;64
8786,7;78
8787,7;75
8789,654;69
8790,654;10965
8791,654;67
8792,654;57
8793,654;65
8794,654;81
8795,654;58
8796,654;10923
8797,654;64
8798,654;57
8799,654;78
8800,654;86
8801,654;58
8802,654;10942
8803,654;72
8804,654;81
8805,654;71
8806,654;65
8807,654;85
8808,654;10955
8809,654;67
8810,654;65
8811,654;59
8812,654;70
8813,654;77
8814,654;10935
8815,654;66
8816,654;69
8817,654;67
8818,654;75
8819,654;80
8820,654;10965
8821,654;70
8822,654;76
8823,654;79
8824,654;68
8825,654;82
8826,654;10990
8827,654;63
8828,654;69
8829,654;67
8830,654;82
8831,654;78
8832,654;10960
8833,654;69
8834,654;67
8835,654;74
8836,654;81
8837,654;71
8838,654;10945
8839,654;63
8840,654;82
8841,654;68
8842,654;93
8843,654;72
8844,654;10925
8845,654;68
8846,654;84
8847,654;81
8848,654;79
8849,654;62
8850,654;10954
8851,654;63
8852,654;64
8853,654;75
8854,654;71
8855,654;77
8856,654;10918
8857,654;71
8858,654;83
8859,654;60
8860,654;78
8861,654;75
8862,654;10938
8863,654;67
8864,654;72
8865,654;75
8866,654;87
8867,654;74
8868,654;10940
8869,654;71
8870,654;64
8871,654;66
8872,654;67
8873,654;84
8874,654;10936
8875,654;74
8876,654;71
8877,654;77
8878,654;61
8879,654;67
8880,654;10937
8881,654;65
8882,654;75
8883,654;75
8884,654;76
8885,654;73
8886,654;10929
8887,654;63
8888,654;65
8889,654;69
8889,77;78
8890,77;88
8891,77;10954
8892,77;74
8893,77;74
8894,77;73
8895,77;78
8896,77;64
8897,77;10945
8898,77;69
8899,77;70
8900,77;76
8901,77;62
8902,77;74
8903,77;10910
8904,77;61
8905,77;67
8906,77;59
8907,77;71
8908,77;60
8909,77;10945
8910,77;63
8911,77;67
8912,77;62
8913,77;67
8914,77;69
8915,77;10955
8916,77;73
8917,77;71
8918,77;72
8919,77;73
8920,77;68
8921,77;10950
8922,77;78
8923,77;70
8924,77;62
8925,77;73
8926,77;73
8927,77;10903
8928,77;76
8929,77;71
8930,77;77
8931,77;87
8932,77;74
8933,77;10920
8934,77;63
8935,77;68
8936,77;58
8937,77;75
8938,77;72
8939,77;10942
8940,77;67
8941,77;64
8942,77;62
8943,77;68
8944,77;67
8945,77;10915
8946,77;62
8947,77;72
8948,77;59
8949,77;67
8950,77;86
8951,77;10917
8952,77;76
8953,77;68
8954,77;76
8955,77;72
8956,77;79
8957,77;10945
8958,77;67
8959,77;66
8960,77;67
8961,77;58
8962,77;86
8963,77;10944
8964,77;51
8965,77;71
8966,77;93
8967,77;77
8968,77;82
8969,77;10887
8970,77;65
8971,77;67
8972,77;58
8973,77;74
8974,77;73
8975,77;10926
8976,77;79
8977,77;70
8978,77;73
8979,77;65
8980,77;65
8981,77;10930
8982,77;60
8983,77;66
8984,77;62
8985,77;74
8986,77;72
8987,77;10926
8988,77;59
8989,77;77
8990,77;77
8991,77;65
8992,77;76
8993,77;10920
8994,77;59
8995,77;67
8996,77;52
8997,77;61
8998,77;81
8999,77;10942
9000,77;65
9001,77;74
9002,77;72
9003,77;53
9004,77;79
9005,77;10914
9006,77;65
9007,77;74
9008,77;65
9009,77;70
9010,77;71
9011,77;10926
9012,77;58
9013,77;73
9014,77;77
9015,77;64
9016,77;65
9017,77;10932
9018,77;78
9019,77;46
9020,77;65
9021,77;67
9022,77;71
9023,77;10908
9024,77;62
9025,77;60
9026,77;66
9027,77;69
9028,77;71
9029,77;10895
9030,77;62
9031,77;45
9032,77;77
9033,77;74
9034,77;78
9035,77;10910
9036,77;89
9037,77;67
9038,77;71
9039,77;73
9040,77;64
9041,77;10928
9042,77;61
9043,77;66
9044,77;66
9045,77;68
9046,77;77
9047,77;10921
9048,77;74
9049,77;60
9050,77;58
9051,77;74
9052,77;62
9053,77;10908
9054,77;65
9055,77;68
9056,77;64
9057,77;46
9058,77;81
9059,77;10902
9060,77;75
9061,77;59
9062,77;62
9063,77;57
9064,77;75
9065,77;10607
9066,77;67
9067,77;58
9068,77;68
9069,77;42
9070,77;72
9071,77;10849
9072,77;65
9073,77;78
9074,77;60
9075,77;80
9076,77;70
9077,77;10903
9078,77;61
9079,77;55
9080,77;61
9081,77;64
9082,77;59
9083,77;10913
9084,77;65
9085,77;56
9086,77;73
9087,77;67
9088,77;61
9089,77;10937
9090,77;59
9092,936;69
9093,936;62
9094,936;71
9095,936;69
9096,936;10943
9097,936;56
9098,936;79
9099,936;72
9100,936;68
9101,936;58
9102,936;10930
9103,936;76
9104,936;66
9105,936;66
9106,936;70
9107,936;64
9108,936;10892
9109,936;87
9110,936;75
9111,936;61
9112,936;57
9113,936;68
9114,936;10900
9115,936;73
9116,936;71
9117,936;67
9118,936;59
9119,936;76
9120,936;10934
9121,936;65
9122,936;69
9123,936;61
9124,936;79
9125,936;75
9126,936;10954
9127,936;60
9128,936;64
9129,936;58
9130,936;72
9131,936;65
9132,936;10915
9133,936;79
9134,936;77
9135,936;71
9136,936;70
9137,936;64
9138,936;10892
9139,936;75
9140,936;62
9141,936;79
9142,936;79
9143,936;62
9144,936;10939
9145,936;61
9146,936;70
9147,936;86
9148,936;85
9149,936;66
9150,936;10926
9151,936;57
9152,936;64
9153,936;67
9154,936;61
9155,936;62
9156,936;10938
9157,936;85
9158,936;82
9159,936;70
9160,936;67
9161,936;75
9162,936;10920
9163,936;78
9164,936;59
9165,936;48
9166,936;47
9167,936;68
9168,936;10898
9169,936;62
9170,936;62
9171,936;82
9172,936;68
9173,936;73
9174,936;10910
9175,936;71
9176,936;73
9177,936;78
9178,936;67
9179,936;77
9180,936;10941
9181,936;65
9182,936;69
9183,936;76
9184,936;83
9185,936;68
9186,936;10917
9187,936;72
9188,936;55
9189,936;64
9190,936;83
9191,936;74
9192,936;10939
9193,383;69
9194,383;69
9195,383;65
9196,383;69
9197,383;102
9198,383;10930
9199,383;67
9200,383;68
9201,383;68
9202,383;70
9203,383;69
9204,383;10943
9205,383;68
9206,383;62
9207,383;61
9208,383;62
9209,383;84
9210,383;10913
9211,383;83
9212,383;51
9213,383;74
9214,383;86
9215,383;68
9216,383;10928
9217,383;75
9218,383;68
9219,383;74
9220,383;94
9221,383;66
9222,383;10922
9223,383;61
9224,383;57
9225,383;65
9226,383;64
9227,383;86
9228,383;10926
9229,383;78
9230,383;69
9231,383;73
9232,383;54
9233,383;64
9234,383;10940
9235,383;63
9236,383;74
9237,383;74
9238,383;75
9239,383;81
9240,383;10945
9241,383;80
9242,383;76
9243,383;52
9244,383;77
9245,383;60
9246,383;10928
9247,383;65
9248,383;65
9249,383;69
9250,383;72
9251,383;50
9252,383;10934
9253,383;70
9254,383;74
9255,383;70
9256,383;56
9257,383;63
9258,383;10963
9259,383;60
9260,383;70
9261,383;73
9262,383;57
9263,383;94
9264,383;10949
9265,383;71
9266,383;66
9267,383;81
9268,383;47
9269,383;78
9270,383;10951
9271,383;80
9272,383;68
9273,383;92
9274,383;82
9275,383;52
9276,383;10917
9277,383;91
9278,383;67
9279,383;62
9280,383;65
9281,383;98
9282,383;10909
9283,383;72
9284,383;68
9285,383;77
9286,383;90
9287,383;70
9288,383;10961
9289,383;70
9290,383;62
9291,383;67
9292,383;57
9293,383;82
9294,086;10934
9295,086;66
9296,086;82
9297,086;69
9298,086;78
9299,086;84
9300,086;10937
9301,086;63
9302,086;67
9303,086;82
9304,086;71
9305,086;77
9306,086;10923
9307,086;75
9308,086;62
9309,086;74
9310,086;69
9311,086;84
9312,086;10963
9313,086;85
9314,086;70
9315,086;74
9316,086;82
9317,086;77
9318,086;10956
9319,086;74
9320,086;59
9321,086;64
9322,086;80
9323,086;67
9324,086;10951
9325,086;76
9326,086;64
9327,086;64
9328,086;75
9329,086;65
9330,086;10915
9331,086;59
9332,086;73
9333,086;86
9334,086;84
9335,086;67
9336,086;10947
9337,086;64
9338,086;60
9339,086;85
9340,086;76
9341,086;68
9342,086;10944
9343,086;75
9344,086;72
9345,086;72
9346,086;80
9347,086;67
9348,086;10915
9349,086;66
9350,086;73
9351,086;73
9352,086;67
9353,086;71
9354,086;10900
9355,086;64
9356,086;77
9357,086;59
9358,086;64
9359,086;75
9360,086;10948
9361,086;71
9362,086;57
9363,086;71
9364,086;75
9365,086;55
9366,086;10911
9367,086;63
9368,086;61
9369,086;73
9370,086;62
9371,086;72
9372,086;10903
9373,086;59
9374,086;57
9375,086;78
9376,086;71
9377,086;68
9378,086;10609
9379,086;74
9380,086;58
9381,086;59
9382,086;65
9383,086;75
9384,086;10900
9385,086;73
9386,086;61
9387,086;78
9388,086;70
9389,086;72
9390,086;10925
9391,086;72
9392,086;67
9393,086;74
9394,086;68
9395,383;85
9396,383;10939
9397,383;80
9398,383;76
9399,383;64
9400,383;75
9401,383;77
9402,383;10940
9403,383;71
9404,383;85
9405,383;73
9406,383;73
9407,383;65
9408,383;10905
9409,383;84
9410,383;62
9411,383;83
9412,383;84
9413,383;54
9414,383;10941
9415,383;60
9416,383;69
9417,383;65
9418,383;70
9419,383;69
9420,383;10947
9421,383;86
9422,383;77
9423,383;89
9424,383;68
9425,383;69
9426,383;10953
9427,383;86
9428,383;59
9429,383;67
9430,383;75
9431,383;78
9432,383;10949
9433,383;78
9434,383;67
9435,383;77
9436,383;66
9437,383;65
9438,383;10939
9439,383;69
9440,383;65
9441,383;74
9442,383;72
9443,383;72
9444,383;10939
9445,383;62
9446,383;74
9447,383;66
9448,383;96
9449,383;69
9450,383;10955
9451,383;69
9452,383;73
9453,383;77
9454,383;86
9455,383;91
9456,383;10917
9457,383;73
9458,383;77
9459,383;77
9460,383;70
9461,383;64
9462,383;10984
9463,383;76
9464,383;80
9465,383;58
9466,383;68
9467,383;81
9468,383;10928
9469,383;77
9470,383;61
9471,383;73
9472,383;79
9473,383;83
9474,383;10924
9475,383;74
9476,383;61
9477,383;74
9478,383;70
9479,383;78
9480,383;10936
9481,383;69
9482,383;70
9483,383;79
9484,383;64
9485,383;74
9486,383;10936
9487,383;73
9488,383;72
9489,383;75
9490,383;67
9491,383;72
9492,383;10917
9493,383;73
9494,383;77
9495,383;67
9496,383;88
9497,383;75
9498,383;10939
9499,383;56
9500,383;77
9501,383;67
9502,383;81
9503,383;86
9504,383;10931
9505,383;75
9506,383;70
9507,383;82
9508,383;79
9509,383;71
9510,383;10931
9511,383;76
9512,383;66
9513,383;85
9514,383;54
9515,383;77
9516,383;10941
9517,383;67
9518,383;66
9519,383;66
9520,383;71
9521,383;79
9522,383;10900
9523,383;75
9524,383;74
9525,383;61
9526,383;70
9527,383;70
9528,383;10919
9529,383;73
9530,383;67
9531,383;72
9532,383;85
9533,383;81
9534,383;10904
9535,383;58
9536,383;66
9537,383;72
9538,383;84
9539,383;69
9540,383;10925
9541,383;77
9542,383;59
9543,383;61
9544,383;78
9545,383;66
9546,383;10931
9547,383;70
9548,383;68
9549,383;53
9550,383;71
9551,383;83
9552,383;10928
9553,383;71
9554,383;65
9555,383;78
9556,383;66
9557,383;67
9558,383;10937
9559,383;71
9560,383;76
9561,383;71
9562,383;60
9563,383;66
9564,383;10930
9565,383;71
9566,383;61
9567,383;72
9568,383;81
9569,383;73
9570,383;10902
9571,383;77
9572,383;58
9573,383;74
9574,383;71
9575,383;76
9576,383;10917
9577,383;63
9578,383;87
9579,383;57
9580,383;75
9581,383;61
9582,383;10928
9583,383;68
9584,383;62
9585,383;57
9586,383;68
9587,383;62
9588,383;10919
9589,383;75
9590,383;68
9591,383;77
9592,383;63
9593,383;68
9594,383;10933
9595,383;74
9596,383;68
9597,208;63
9598,208;77
9599,208;69
9600,208;10913
9601,208;67
9602,208;57
9603,208;77
9604,208;93
9605,208;83
9606,208;10915
9607,208;74
9608,208;45
9609,208;55
9610,208;81
9611,208;70
9612,208;10929
9613,208;83
9614,208;79
9615,208;71
9616,208;77
9617,208;75
9618,208;10915
9619,208;61
9620,208;68
9621,208;69
9622,208;73
9623,208;60
9624,208;10927
9625,208;80
9626,208;60
9627,208;63
9628,208;64
9629,208;69
9630,208;10936
9631,208;70
9632,208;59
9633,208;69
9634,208;74
9635,208;77
9636,208;10917
9637,208;56
9638,208;77
9639,208;63
9640,208;70
9641,208;70
9642,208;10916
9643,208;61
9644,208;65
9645,208;76
9646,208;81
9647,208;73
9648,208;10952
9649,208;76
9650,208;63
9651,208;58
9652,208;76
9653,208;71
9654,208;10957
9655,208;63
9656,208;63
9657,208;100
9658,208;75
9659,208;68
9660,208;10915
9661,208;66
9662,208;60
9663,208;60
9664,208;67
9665,208;63
9666,208;10897
9667,208;68
9668,208;64
9669,208;57
9670,208;73
9671,208;71
9672,208;10919
9673,208;62
9674,208;84
9675,208;67
9676,208;76
9677,208;70
9678,208;10913
9679,208;61
9680,208;66
9681,208;62
9682,208;69
9683,208;73
9684,208;10914
9685,208;65
9686,208;61
9687,208;53
9688,208;56
9689,208;53
9690,208;10614
9691,208;65
9692,208;58
9693,208;66
9694,208;82
9695,208;70
9696,208;10866
9697,208;68
9697,883;63
9698,883;73
9699,883;67
9700,883;81
9701,883;10905
9702,883;68
9703,883;61
9704,883;69
9705,883;79
9706,883;68
9707,883;10892
9708,883;59
9709,883;60
9710,883;66
9711,883;72
9712,883;61
9713,883;10931
9714,883;77
9715,883;60
9716,883;62
9717,883;63
9718,883;67
9719,883;10939
9720,883;71
9721,883;45
9722,883;62
9723,883;60
9724,883;47
9725,883;10932
9726,883;66
9727,883;61
9728,883;69
9729,883;64
9730,883;56
9731,883;10949
9732,883;67
9733,883;80
9734,883;76
9735,883;71
9736,883;70
9737,883;10947
9738,883;62
9739,883;71
9740,883;59
9741,883;79
9742,883;60
9743,883;10900
9744,883;61
9745,883;64
9746,883;59
9747,883;65
9748,883;71
9749,883;10914
9750,883;66
9751,883;71
9752,883;62
9753,883;57
9754,883;86
9755,883;10939
9756,883;83
9757,883;87
9758,883;68
9759,883;61
9760,883;69
9761,883;10902
9762,883;62
9763,883;67
9764,883;75
9765,883;75
9766,883;64
9767,883;10901
9768,883;71
9769,883;76
9770,883;75
9771,883;78
9772,883;86
9773,883;10915
9774,883;76
9775,883;79
9776,883;74
9777,883;61
9778,883;75
9779,883;10923
9780,883;53
9781,883;78
9782,883;65
9783,883;64
9784,883;69
9785,883;10966
9786,883;75
9787,883;67
9788,883;66
9789,883;78
9790,883;74
9791,883;10929
9792,883;58
9793,883;70
9794,883;74
9795,883;65
9796,883;63
9797,883;10926
9799,019;49
9800,019;73
9801,019;68
9802,019;88
9803,019;74
9804,019;10898
9805,019;68
9806,019;73
9807,019;71
9808,019;69
9809,019;86
9810,019;10915
9811,019;68
9812,019;64
9813,019;75
9814,019;91
9815,019;75
9816,019;10930
9817,019;76
9818,019;74
9819,019;68
9820,019;94
9821,019;71
9822,019;10928
9823,019;67
9824,019;64
9825,019;75
9826,019;75
9827,019;66
9828,019;10930
9829,019;78
9830,019;62
9831,019;83
9832,019;75
9833,019;78
9834,019;10928
9835,019;63
9836,019;86
9837,019;77
9838,019;71
9839,019;71
9840,019;10950
9841,019;83
9842,019;61
9843,019;65
9844,019;83
9845,019;66
9846,019;10903
9847,019;73
9848,019;70
9849,019;67
9850,019;80
9851,019;78
9852,019;10917
9853,019;69
9854,019;61
9855,019;82
9856,019;66
9857,019;71
9858,019;10933
9859,019;67
9860,019;66
9861,019;71
9862,019;65
9863,019;84
9864,019;10927
9865,019;62
9866,019;80
9867,019;65
9868,019;73
9869,019;75
9870,019;10907
9871,019;79
9872,019;85
9873,019;67
9874,019;76
9875,019;85
9876,019;10915
9877,019;84
9878,019;59
9879,019;73
9880,019;78
9881,019;61
9882,019;10916
9883,019;56
9884,019;55
9885,019;64
9886,019;78
9887,019;72
9888,019;10901
9889,019;66
9890,019;77
9891,019;64
9892,019;55
9893,019;81
9894,019;10952
9895,019;83
9896,019;72
9897,019;68
9898,019;70
9899,019;81
9900,174;10941
9901,174;95
9902,174;67
9903,174;84
9904,174;75
9905,174;74
9906,174;10898
9907,174;65
9908,174;68
9909,174;67
9910,174;68
9911,174;71
9912,174;10912
9913,174;67
9914,174;70
9915,174;61
9916,174;81
9917,174;74
9918,174;10977
9919,174;82
9920,174;72
9921,174;63
9922,174;80
9923,174;71
9924,174;10940
9925,174;68
9926,174;76
9927,174;67
9928,174;86
9929,174;77
9930,174;10929
9931,174;62
9932,174;71
9933,174;69
9934,174;72
9935,174;92
9936,174;10944
9937,174;69
9938,174;72
9939,174;76
9940,174;72
9941,174;87
9942,174;10948
9943,174;65
9944,174;66
9945,174;78
9946,174;77
9947,174;71
9948,174;10934
9949,174;66
9950,174;78
9951,174;75
9952,174;67
9953,174;78
9954,174;10949
9955,174;91
9956,174;65
9957,174;61
9958,174;84
9959,174;76
9960,174;10931
9961,174;74
9962,174;69
9963,174;70
9964,174;68
9965,174;70
9966,174;10960
9967,174;63
9968,174;52
9969,174;75
9970,174;91
9971,174;84
9972,174;10936
9973,174;79
9974,174;73
9975,174;60
9976,174;76
9977,174;101
9978,174;10929
9979,174;89
9980,174;67
9981,174;74
9982,174;74
9983,174;82
9984,174;10957
9985,174;63
9986,174;64
9987,174;82
9988,174;67
9989,174;76
9990,174;10935
9991,174;71
9992,174;73
9993,174;88
9994,174;69
9995,174;77
9996,174;10920
9997,174;70
9998,174;53
9999,174;65
10000,174;69
10001,084;78
10002,084;10633
10003,084;60
10004,084;62
10005,084;69
10006,084;64
10007,084;74
10008,084;10847
10009,084;71
10010,084;67
10011,084;62
10012,084;71
10013,084;77
10014,084;10931
10015,084;72
10016,084;77
10017,084;65
10018,084;79
10019,084;76
10020,084;10978
10021,084;71
10022,084;63
10023,084;77
10024,084;58
10025,084;71
10026,084;10948
10027,084;74
10028,084;73
10029,084;83
10030,084;78
10031,084;65
10032,084;10940
10033,084;68
10034,084;75
10035,084;77
10036,084;71
10037,084;61
10038,084;10956
10039,084;65
10040,084;76
10041,084;64
10042,084;71
10043,084;75
10044,084;10932
10045,084;66
10046,084;75
10047,084;77
10048,084;81
10049,084;78
10050,084;10939
10051,084;61
10052,084;72
10053,084;71
10054,084;80
10055,084;77
10056,084;10960
10057,084;68
10058,084;82
10059,084;68
10060,084;64
10061,084;72
10062,084;10974
10063,084;79
10064,084;69
10065,084;74
10066,084;64
10067,084;77
10068,084;10941
10069,084;62
10070,084;67
10071,084;70
10072,084;75
10073,084;85
10074,084;10939
10075,084;86
10076,084;66
10077,084;80
10078,084;74
10079,084;82
10080,084;10981
10081,084;71
10082,084;70
10083,084;74
10084,084;77
10085,084;79
10086,084;10947
10087,084;68
10088,084;61
10089,084;80
10090,084;75
10091,084;71
10092,084;10948
10093,084;59
10094,084;76
10095,084;74
10096,084;72
10097,084;69
10098,084;10946
10099,084;67
10100,084;81
10101,084;68
10102,084;73
10103,084;61
10104,084;10949
10105,084;65
10106,084;72
10107,084;76
10108,084;79
10109,084;67
10110,084;10922
10111,084;85
10112,084;78
10113,084;60
10114,084;82
10115,084;81
10116,084;10923
10117,084;71
10118,084;52
10119,084;62
10120,084;80
10121,084;74
10122,084;10965
10123,084;65
10124,084;76
10125,084;71
10126,084;61
10127,084;80
10128,084;10934
10129,084;69
10130,084;69
10131,084;73
10132,084;77
10133,084;77
10134,084;10903
10135,084;62
10136,084;61
10137,084;71
10138,084;73
10139,084;64
10140,084;10901
10141,084;77
10142,084;84
10143,084;69
10144,084;70
10145,084;68
10146,084;10909
10147,084;93
10148,084;83
10149,084;76
10150,084;61
10151,084;74
10152,084;10934
10153,084;69
10154,084;64
10155,084;63
10156,084;59
10157,084;71
10158,084;10944
10159,084;76
10160,084;68
10161,084;72
10162,084;58
10163,084;75
10164,084;10946
10165,084;54
10166,084;74
10167,084;84
10168,084;70
10169,084;56
10170,084;10942
10171,084;74
10172,084;72
10173,084;82
10174,084;77
10175,084;84
10176,084;10932
10177,084;87
10178,084;78
10179,084;64
10180,084;74
10181,084;73
10182,084;10915
10183,084;87
10184,084;66
10185,084;73
10186,084;66
10187,084;73
10188,084;10954
10189,084;65
10190,084;67
10191,084;69
10192,084;54
10193,084;69
10194,084;10898
10195,084;56
10196,084;74
10197,084;71
10198,084;87
10199,084;67
10200,084;10915
10201,084;68
10202,084;67
10203,723;61
10204,723;74
10205,723;68
10206,723;10917
10207,723;75
10208,723;69
10209,723;66
10210,723;73
10211,723;69
10212,723;10925
10213,723;76
10214,723;67
10215,723;63
10216,723;84
10217,723;66
10218,723;10918
10219,723;64
10220,723;65
10221,723;82
10222,723;76
10223,723;70
10224,723;10927
10225,723;60
10226,723;53
10227,723;69
10228,723;73
10229,723;60
10230,723;10920
10231,723;61
10232,723;83
10233,723;61
10234,723;69
10235,723;62
10236,723;10924
10237,723;72
10238,723;63
10239,723;70
10240,723;56
10241,723;61
10242,723;10926
10243,723;62
10244,723;75
10245,723;81
10246,723;60
10247,723;68
10248,723;10902
10249,723;61
10250,723;52
10251,723;70
10252,723;65
10253,723;80
10254,723;10901
10255,723;60
10256,723;58
10257,723;72
10258,723;71
10259,723;76
10260,723;10943
10261,723;59
10262,723;55
10263,723;61
10264,723;63
10265,723;68
10266,723;10920
10267,723;66
10268,723;60
10269,723;62
10270,723;61
10271,723;75
10272,723;10901
10273,723;69
10274,723;53
10275,723;67
10276,723;76
10277,723;63
10278,723;10919
10279,723;73
10280,723;75
10281,723;77
10282,723;60
10283,723;71
10284,723;10937
10285,723;60
10286,723;49
10287,723;62
10288,723;70
10289,723;72
10290,723;10951
10291,723;69
10292,723;68
10293,723;70
10294,723;78
10295,723;64
10296,723;10934
10297,723;64
10298,723;62
10299,723;62
10300,723;77
10301,723;66
10302,723;10911
10303,723;62
10305,013;53
10306,013;63
10307,013;47
10308,013;69
10309,013;10896
10310,013;77
10311,013;47
10312,013;65
10313,013;55
10314,013;73
10315,013;10543
10316,013;59
10317,013;66
10318,013;62
10319,013;66
10320,013;50
10321,013;10863
10322,013;63
10323,013;73
10324,013;84
10325,013;65
10326,013;74
10327,013;10902
10328,013;60
10329,013;60
10330,013;68
10331,013;57
10332,013;53
10333,013;10901
10334,013;63
10335,013;60
10336,013;69
10337,013;69
10338,013;64
10339,013;10956
10340,013;57
10341,013;63
10342,013;68
10343,013;57
10344,013;72
10345,013;10928
10346,013;69
10347,013;52
10348,013;64
10349,013;57
10350,013;96
10351,013;10888
10352,013;63
10353,013;60
10354,013;68
10355,013;86
10356,013;60
10357,013;10939
10358,013;50
10359,013;70
10360,013;69
10361,013;60
10362,013;68
10363,013;10915
10364,013;75
10365,013;79
10366,013;63
10367,013;59
10368,013;81
10369,013;10920
10370,013;80
10371,013;71
10372,013;70
10373,013;77
10374,013;76
10375,013;10926
10376,013;56
10377,013;51
10378,013;56
10379,013;68
10380,013;69
10381,013;10945
10382,013;72
10383,013;65
10384,013;88
10385,013;77
10386,013;77
10387,013;10926
10388,013;56
10389,013;66
10390,013;70
10391,013;66
10392,013;75
10393,013;10922
10394,013;72
10395,013;73
10396,013;72
10397,013;71
10398,013;82
10399,013;10914
10400,013;88
10401,013;65
10402,013;60
10403,013;81
10404,013;69
10405,013;10922
10404,519;72
10405,519;77
10406,519;68
10407,519;71
10408,519;98
10409,519;10960
10410,519;65
10411,519;70
10412,519;73
10413,519;68
10414,519;83
10415,519;10925
10416,519;62
10417,519;60
10418,519;61
10419,519;80
10420,519;68
10421,519;10939
10422,519;80
10423,519;70
10424,519;62
10425,519;81
10426,519;77
10427,519;10930
10428,519;63
10429,519;65
10430,519;65
10431,519;83
10432,519;83
10433,519;10967
10434,519;80
10435,519;60
10436,519;70
10437,519;74
10438,519;75
10439,519;10959
10440,519;62
10441,519;73
10442,519;69
10443,519;90
10444,519;61
10445,519;10953
10446,519;75
10447,519;74
10448,519;59
10449,519;69
10450,519;62
10451,519;10923
10452,519;65
10453,519;72
10454,519;76
10455,519;80
10456,519;79
10457,519;10950
10458,519;67
10459,519;90
10460,519;77
10461,519;84
10462,519;72
10463,519;10907
10464,519;62
10465,519;69
10466,519;83
10467,519;69
10468,519;70
10469,519;10923
10470,519;73
10471,519;57
10472,519;55
10473,519;66
10474,519;75
10475,519;10929
10476,519;86
10477,519;60
10478,519;67
10479,519;88
10480,519;74
10481,519;10941
10482,519;86
10483,519;72
10484,519;82
10485,519;80
10486,519;68
10487,519;10933
10488,519;75
10489,519;64
10490,519;65
10491,519;80
10492,519;79
10493,519;10930
10494,519;69
10495,519;78
10496,519;75
10497,519;89
10498,519;66
10499,519;10952
10500,519;59
10501,519;60
10502,519;64
10503,519;72
10504,519;86
10509,259;10946
10510,259;69
10511,259;63
10512,259;74
10513,259;77
10514,259;74
10515,259;10934
10516,259;77
10517,259;67
10518,259;63
10519,259;81
10520,259;77
10521,259;10953
10522,259;65
10523,259;57
10524,259;77
10525,259;75
10526,259;80
10527,259;10978
10528,259;61
10529,259;74
10530,259;65
10531,259;64
10532,259;86
10533,259;10954
10534,259;80
10535,259;74
10536,259;79
10537,259;84
10538,259;56
10539,259;10936
10540,259;68
10541,259;73
10542,259;73
10543,259;66
10544,259;95
10545,259;10933
10546,259;69
10547,259;78
10548,259;90
10549,259;72
10550,259;63
10551,259;10956
10552,259;79
10553,259;68
10554,259;63
10555,259;86
10556,259;73
10557,259;10969
10558,259;76
10559,259;67
10560,259;67
10561,259;93
10562,259;76
10563,259;10957
10564,259;66
10565,259;60
10566,259;79
10567,259;80
10568,259;72
10569,259;10914
10570,259;73
10571,259;67
10572,259;64
10573,259;73
10574,259;77
10575,259;10938
10576,259;78
10577,259;58
10578,259;56
10579,259;79
10580,259;80
10581,259;10946
10582,259;64
10583,259;68
10584,259;77
10585,259;79
10586,259;75
10587,259;10955
10588,259;90
10589,259;83
10590,259;87
10591,259;79
10592,259;65
10593,259;10925
10594,259;76
10595,259;67
10596,259;72
10597,259;65
10598,259;83
10599,259;10964
10600,259;59
10601,259;71
10602,259;78
10603,259;81
10604,259;80
10605,259;10940
10606,259;71
10607,259;64
10608,259;64
10609,259;68
10608,259;75
10609,259;10926
10610,259;80
10611,259;75
10612,259;61
10613,259;65
10614,259;69
10615,259;10943
10616,259;88
10617,259;79
10618,259;81
10619,259;62
10620,259;71
10621,259;10943
10622,259;92
10623,259;64
10624,259;60
10625,259;83
10626,259;64
10627,259;10577
10628,259;70
10629,259;50
10630,259;59
10631,259;68
10632,259;70
10633,259;10849
10634,259;71
10635,259;78
10636,259;84
10637,259;81
10638,259;68
10639,259;10975
10640,259;74
10641,259;75
10642,259;77
10643,259;64
10644,259;79
10645,259;10928
10646,259;80
10647,259;63
10648,259;64
10649,259;90
10650,259;64
10651,259;10948
10652,259;71
10653,259;62
10654,259;77
10655,259;75
10656,259;69
10657,259;10965
10658,259;78
10659,259;68
10660,259;74
10661,259;77
10662,259;69
10663,259;10955
10664,259;65
10665,259;61
10666,259;78
10667,259;75
10668,259;78
10669,259;10979
10670,259;73
10671,259;57
10672,259;83
10673,259;78
10674,259;78
10675,259;10927
10676,259;76
10677,259;72
10678,259;71
10679,259;82
10680,259;68
10681,259;10930
10682,259;82
10683,259;62
10684,259;77
10685,259;78
10686,259;84
10687,259;10953
10688,259;91
10689,259;52
10690,259;74
10691,259;79
10692,259;78
10693,259;10938
10694,259;66
10695,259;81
10696,259;80
10697,259;91
10698,259;84
10699,259;10974
10700,259;80
10701,259;70
10702,259;99
10703,259;82
10704,259;56
10705,259;10956
10706,259;73
10707,259;57
10708,259;73
10708,919;88
10709,919;60
10710,919;10917
10711,919;82
10712,919;86
10713,919;70
10714,919;69
10715,919;80
10716,919;10940
10717,919;67
10718,919;73
10719,919;79
10720,919;90
10721,919;93
10722,919;10966
10723,919;67
10724,919;76
10725,919;76
10726,919;57
10727,919;69
10728,919;10927
10729,919;78
10730,919;71
10731,919;79
10732,919;82
10733,919;63
10734,919;10925
10735,919;71
10736,919;59
10737,919;69
10738,919;76
10739,919;70
10740,919;10928
10741,919;75
10742,919;68
10743,919;76
10744,919;88
10745,919;82
10746,919;10921
10747,919;67
10748,919;66
10749,919;65
10750,919;69
10751,919;64
10752,919;10956
10753,919;72
10754,919;76
10755,919;82
10756,919;70
10757,919;66
10758,919;10917
10759,919;69
10760,919;58
10761,919;78
10762,919;82
10763,919;68
10764,919;10943
10765,919;69
10766,919;65
10767,919;83
10768,919;66
10769,919;74
10770,919;10935
10771,919;69
10772,919;61
10773,919;74
10774,919;71
10775,919;68
10776,919;10893
10777,919;79
10778,919;66
10779,919;65
10780,919;76
10781,919;76
10782,919;10930
10783,919;73
10784,919;66
10785,919;72
10786,919;74
10787,919;80
10788,919;10924
10789,919;82
10790,919;64
10791,919;59
10792,919;71
10793,919;72
10794,919;10942
10795,919;78
10796,919;71
10797,919;61
10798,919;75
10799,919;84
10800,919;10950
10801,919;72
10802,919;67
10803,919;63
10804,919;75
10805,919;74
10806,919;10929
10807,919;67
10808,919;70
10809,65;68
10810,65;83
10811,65;78
10812,65;10906
10813,65;62
10814,65;77
10815,65;59
10816,65;69
10817,65;64
10818,65;10937
10819,65;67
10820,65;64
10821,65;59
10822,65;76
10823,65;82
10824,65;10949
10825,65;79
10826,65;77
10827,65;82
10828,65;49
10829,65;74
10830,65;10944
10831,65;76
10832,65;68
10833,65;76
10834,65;63
10835,65;71
10836,65;10944
10837,65;55
10838,65;63
10839,65;82
10840,65;59
10841,65;79
10842,65;10934
10843,65;81
10844,65;92
10845,65;84
10846,65;77
10847,65;78
10848,65;10956
10849,65;81
10850,65;76
10851,65;74
10852,65;78
10853,65;73
10854,65;10916
10855,65;74
10856,65;69
10857,65;77
10858,65;64
10859,65;66
10860,65;10919
10861,65;49
10862,65;77
10863,65;71
10864,65;58
10865,65;67
10866,65;10919
10867,65;64
10868,65;67
10869,65;72
10870,65;62
10871,65;67
10872,65;10953
10873,65;62
10874,65;84
10875,65;73
10876,65;66
10877,65;67
10878,65;10934
10879,65;77
10880,65;56
10881,65;67
10882,65;77
10883,65;67
10884,65;10929
10885,65;62
10886,65;75
10887,65;54
10888,65;72
10889,65;78
10890,65;10902
10891,65;76
10892,65;70
10893,65;72
10894,65;68
10895,65;62
10896,65;10936
10897,65;55
10898,65;73
10899,65;62
10900,65;68
10901,65;83
10902,65;10922
10903,65;76
10904,65;66
10905,65;77
10906,65;77
10907,65;60
10908,65;10915
10909,65;70
10911,008;56
10912,008;62
10913,008;67
10914,008;60
10915,008;10901
10916,008;58
10917,008;53
10918,008;68
10919,008;60
10920,008;79
10921,008;10943
10922,008;64
10923,008;57
10924,008;68
10925,008;63
10926,008;61
10927,008;10932
10928,008;64
10929,008;56
10930,008;48
10931,008;72
10932,008;65
10933,008;10917
10934,008;58
10935,008;72
10936,008;65
10937,008;63
10938,008;81
10939,008;10571
10940,008;56
10941,008;73
10942,008;63
10943,008;70
10944,008;69
10945,008;10863
10946,008;57
10947,008;67
10948,008;60
10949,008;66
10950,008;60
10951,008;10920
10952,008;78
10953,008;61
10954,008;68
10955,008;64
10956,008;76
10957,008;10914
10958,008;68
10959,008;56
10960,008;64
10961,008;75
10962,008;66
10963,008;10918
10964,008;63
10965,008;53
10966,008;75
10967,008;56
10968,008;72
10969,008;10917
10970,008;70
10971,008;57
10972,008;69
10973,008;78
10974,008;65
10975,008;10901
10976,008;60
10977,008;55
10978,008;61
10979,008;64
10980,008;73
10981,008;10916
10982,008;57
10983,008;69
10984,008;64
10985,008;86
10986,008;61
10987,008;10895
10988,008;76
10989,008;64
10990,008;84
10991,008;68
10992,008;73
10993,008;10917
10994,008;66
10995,008;64
10996,008;86
10997,008;78
10998,008;75
10999,008;10930
11000,008;66
11001,008;71
11002,008;62
11003,008;56
11004,008;56
11005,008;10905
11006,008;71
11007,008;56
11008,008;68
11009,008;83
11010,008;58
11011,008;10916
11010,341;69
11011,341;62
11012,341;61
11013,341;72
11014,341;58
11015,341;10929
11016,341;59
11017,341;72
11018,341;78
11019,341;76
11020,341;68
11021,341;10920
11022,341;69
11023,341;59
11024,341;57
11025,341;72
11026,341;79
11027,341;10903
11028,341;58
11029,341;73
11030,341;76
11031,341;80
11032,341;70
11033,341;10925
11034,341;69
11035,341;73
11036,341;64
11037,341;86
11038,341;74
11039,341;10912
11040,341;75
11041,341;72
11042,341;66
11043,341;74
11044,341;69
11045,341;10926
11046,341;85
11047,341;77
11048,341;66
11049,341;65
11050,341;81
11051,341;10934
11052,341;71
11053,341;68
11054,341;77
11055,341;69
11056,341;72
11057,341;10970
11058,341;72
11059,341;69
11060,341;84
11061,341;69
11062,341;76
11063,341;10912
11064,341;75
11065,341;82
11066,341;65
11067,341;73
11068,341;68
11069,341;10923
11070,341;79
11071,341;71
11072,341;75
11073,341;66
11074,341;73
11075,341;10946
11076,341;73
11077,341;91
11078,341;67
11079,341;71
11080,341;74
11081,341;10958
11082,341;71
11083,341;63
11084,341;90
11085,341;66
11086,341;76
11087,341;10930
11088,341;63
11089,341;87
11090,341;76
11091,341;74
11092,341;78
11093,341;10931
11094,341;74
11095,341;76
11096,341;88
11097,341;72
11098,341;86
11099,341;10918
11100,341;58
11101,341;86
11102,341;78
11103,341;80
11104,341;86
11105,341;10916
11106,341;93
11107,341;72
11108,341;74
11109,341;87
11110,341;76
11112,341;10913
11113,341;72
11114,341;73
11115,341;80
11116,341;75
11117,341;70
11118,341;10932
11119,341;79
11120,341;72
11121,341;66
11122,341;76
11123,341;86
11124,341;10942
11125,341;79
11126,341;70
11127,341;68
11128,341;83
11129,341;67
11130,341;10909
11131,341;88
11132,341;70
11133,341;78
11134,341;77
11135,341;65
11136,341;10891
11137,341;72
11138,341;63
11139,341;71
11140,341;66
11141,341;91
11142,341;10908
11143,341;72
11144,341;73
11145,341;75
11146,341;75
11147,341;75
11148,341;10907
11149,341;70
11150,341;62
11151,341;72
11152,341;64
11153,341;74
11154,341;10925
11155,341;66
11156,341;61
11157,341;66
11158,341;70
11159,341;78
11160,341;10944
11161,341;81
11162,341;64
11163,341;79
11164,341;70
11165,341;75
11166,341;10942
11167,341;89
11168,341;54
11169,341;62
11170,341;93
11171,341;81
11172,341;10929
11173,341;88
11174,341;84
11175,341;63
11176,341;78
11177,341;71
11178,341;10958
11179,341;83
11180,341;77
11181,341;82
11182,341;87
11183,341;91
11184,341;10924
11185,341;53
11186,341;75
11187,341;68
11188,341;60
11189,341;67
11190,341;10965
11191,341;76
11192,341;77
11193,341;70
11194,341;62
11195,341;62
11196,341;10985
11197,341;71
11198,341;65
11199,341;78
11200,341;84
11201,341;68
11202,341;10949
11203,341;88
11204,341;66
11205,341;69
11206,341;62
11207,341;87
11208,341;10972
11209,341;56
11210,341;68
11211,341;72
11212,341;69
11213,908;86
11214,908;10944
11215,908;55
11216,908;63
11217,908;82
11218,908;83
11219,908;88
11220,908;10963
11221,908;72
11222,908;73
11223,908;72
11224,908;85
11225,908;89
11226,908;10968
11227,908;86
11228,908;56
11229,908;75
11230,908;83
11231,908;81
11232,908;10952
11233,908;81
11234,908;67
11235,908;70
11236,908;65
11237,908;81
11238,908;10940
11239,908;70
11240,908;71
11241,908;74
11242,908;73
11243,908;72
11244,908;10923
11245,908;72
11246,908;73
11247,908;79
11248,908;74
11249,908;71
11250,908;10576
11251,908;71
11252,908;76
11253,908;76
11254,908;79
11255,908;88
11256,908;10874
11257,908;70
11258,908;51
11259,908;75
11260,908;64
11261,908;88
11262,908;10937
11263,908;87
11264,908;81
11265,908;75
11266,908;77
11267,908;86
11268,908;10993
11269,908;59
11270,908;69
11271,908;61
11272,908;68
11273,908;83
11274,908;10909
11275,908;64
11276,908;63
11277,908;66
11278,908;75
11279,908;88
11280,908;10937
11281,908;64
11282,908;67
11283,908;68
11284,908;76
11285,908;82
11286,908;10937
11287,908;69
11288,908;70
11289,908;66
11290,908;86
11291,908;68
11292,908;10938
11293,908;80
11294,908;76
11295,908;79
11296,908;67
11297,908;76
11298,908;10977
11299,908;76
11300,908;77
11301,908;77
11302,908;75
11303,908;84
11304,908;10940
11305,908;87
11306,908;67
11307,908;78
11308,908;88
11309,908;75
11310,908;10950
11311,908;90
11312,908;79
11313,908;72
11314,824;66
11315,824;72
11316,824;10969
11317,824;67
11318,824;83
11319,824;69
11320,824;54
11321,824;83
11322,824;10947
11323,824;75
11324,824;80
11325,824;66
11326,824;86
11327,824;78
11328,824;10930
11329,824;66
11330,824;76
11331,824;90
11332,824;82
11333,824;75
11334,824;10943
11335,824;90
11336,824;65
11337,824;81
11338,824;84
11339,824;62
11340,824;10940
11341,824;87
11342,824;57
11343,824;88
11344,824;72
11345,824;85
11346,824;10915
11347,824;79
11348,824;70
11349,824;88
11350,824;79
11351,824;78
11352,824;10933
11353,824;88
11354,824;63
11355,824;75
11356,824;78
11357,824;86
11358,824;10945
11359,824;74
11360,824;80
11361,824;69
11362,824;71
11363,824;65
11364,824;10929
11365,824;68
11366,824;93
11367,824;68
11368,824;69
11369,824;68
11370,824;10958
11371,824;69
11372,824;58
11373,824;71
11374,824;56
11375,824;69
11376,824;10888
11377,824;65
11378,824;76
11379,824;79
11380,824;71
11381,824;71
11382,824;10922
11383,824;70
11384,824;79
11385,824;84
11386,824;72
11387,824;58
11388,824;10915
11389,824;82
11390,824;62
11391,824;52
11392,824;90
11393,824;76
11394,824;10947
11395,824;77
11396,824;65
11397,824;94
11398,824;62
11399,824;74
11400,824;10930
11401,824;81
11402,824;66
11403,824;72
11404,824;72
11405,824;61
11406,824;10974
11407,824;70
11408,824;79
11409,824;66
11410,824;74
11411,824;73
11412,824;10904
11413,824;59
11414,824;62
11415,681;55
11416,681;74
11417,681;66
11418,681;10921
11419,681;78
11420,681;66
11421,681;81
11422,681;82
11423,681;72
11424,681;10932
11425,681;63
11426,681;78
11427,681;75
11428,681;78
11429,681;67
11430,681;10915
11431,681;66
11432,681;63
11433,681;66
11434,681;69
11435,681;72
11436,681;10906
11437,681;74
11438,681;69
11439,681;56
11440,681;57
11441,681;80
11442,681;10942
11443,681;67
11444,681;78
11445,681;74
11446,681;67
11447,681;74
11448,681;10947
11449,681;69
11450,681;66
11451,681;82
11452,681;79
11453,681;68
11454,681;10925
11455,681;74
11456,681;74
11457,681;71
11458,681;71
11459,681;58
11460,681;10924
11461,681;72
11462,681;68
11463,681;80
11464,681;74
11465,681;79
11466,681;10913
11467,681;58
11468,681;83
11469,681;55
11470,681;85
11471,681;55
11472,681;10950
11473,681;63
11474,681;60
11475,681;68
11476,681;85
11477,681;82
11478,681;10918
11479,681;72
11480,681;64
11481,681;71
11482,681;74
11483,681;56
11484,681;10926
11485,681;61
11486,681;62
11487,681;60
11488,681;73
11489,681;83
11490,681;10922
11491,681;52
11492,681;67
11493,681;61
11494,681;70
11495,681;68
11496,681;10921
11497,681;70
11498,681;64
11499,681;69
11500,681;72
11501,681;63
11502,681;10936
11503,681;61
11504,681;68
11505,681;63
11506,681;80
11507,681;98
11508,681;10954
11509,681;62
11510,681;57
11511,681;67
11512,681;62
11513,681;71
11514,681;10895
11515,681;73
11516,038;61
11517,038;90
11518,038;60
11519,038;61
11520,038;10918
11521,038;68
11522,038;76
11523,038;61
11524,038;61
11525,038;72
11526,038;10887
11527,038;70
11528,038;44
11529,038;58
11530,038;48
11531,038;66
11532,038;10920
11533,038;67
11534,038;65
11535,038;72
11536,038;79
11537,038;55
11538,038;10869
11539,038;78
11540,038;68
11541,038;67
11542,038;83
11543,038;68
11544,038;10924
11545,038;65
11546,038;55
11547,038;63
11548,038;59
11549,038;73
11550,038;10897
11551,038;59
11552,038;67
11553,038;52
11554,038;83
11555,038;68
11556,038;10906
11557,038;56
11558,038;74
11559,038;60
11560,038;56
11561,038;54
11562,038;10582
11563,038;62
11564,038;58
11565,038;65
11566,038;71
11567,038;49
11568,038;10872
11569,038;59
11570,038;73
11571,038;74
11572,038;61
11573,038;64
11574,038;10893
11575,038;68
11576,038;60
11577,038;51
11578,038;68
11579,038;61
11580,038;10894
11581,038;71
11582,038;74
11583,038;73
11584,038;73
11585,038;53
11586,038;10899
11587,038;66
11588,038;53
11589,038;65
11590,038;86
11591,038;74
11592,038;10950
11593,038;65
11594,038;67
11595,038;81
11596,038;64
11597,038;65
11598,038;10918
11599,038;67
11600,038;65
11601,038;69
11602,038;82
11603,038;81
11604,038;10918
11605,038;65
11606,038;66
11607,038;72
11608,038;72
11609,038;66
11610,038;10942
11611,038;70
11612,038;72
11613,038;63
11614,038;81
11615,038;75
11616,038;10920
11618,038;66
11619,038;81
11620,038;68
11621,038;80
11622,038;56
11623,038;10937
11624,038;67
11625,038;69
11626,038;62
11627,038;73
11628,038;71
11629,038;10896
11630,038;84
11631,038;55
11632,038;59
11633,038;79
11634,038;60
11635,038;10901
11636,038;76
11637,038;72
11638,038;69
11639,038;60
11640,038;62
11641,038;10915
11642,038;66
11643,038;62
11644,038;75
11645,038;81
11646,038;85
11647,038;10915
11648,038;74
11649,038;60
11650,038;78
11651,038;67
11652,038;68
11653,038;10904
11654,038;53
11655,038;77
11656,038;56
11657,038;69
11658,038;71
11659,038;10915
11660,038;54
11661,038;61
11662,038;68
11663,038;70
11664,038;65
11665,038;10958
11666,038;70
11667,038;74
11668,038;83
11669,038;76
11670,038;82
11671,038;10914
11672,038;66
11673,038;79
11674,038;58
11675,038;65
11676,038;83
11677,038;10935
11678,038;61
11679,038;51
11680,038;70
11681,038;63
11682,038;62
11683,038;10954
11684,038;56
11685,038;63
11686,038;68
11687,038;72
11688,038;66
11689,038;10931
11690,038;70
11691,038;64
11692,038;79
11693,038;77
11694,038;66
11695,038;10919
11696,038;64
11697,038;69
11698,038;55
11699,038;84
11700,038;68
11701,038;10964
11702,038;72
11703,038;74
11704,038;74
11705,038;64
11706,038;77
11707,038;10904
11708,038;80
11709,038;75
11710,038;77
11711,038;74
11712,038;72
11713,038;10925
11714,038;69
11715,038;75
11716,038;65
11717,038;86
11718,038;68
11717,524;10947
11718,524;77
11719,524;75
11720,524;71
11721,524;74
11722,524;70
11723,524;10908
11724,524;57
11725,524;64
11726,524;71
11727,524;86
11728,524;75
11729,524;10889
11730,524;73
11731,524;72
11732,524;75
11733,524;73
11734,524;69
11735,524;10920
11736,524;72
11737,524;78
11738,524;52
11739,524;72
11740,524;77
11741,524;10915
11742,524;79
11743,524;66
11744,524;65
11745,524;72
11746,524;91
11747,524;10893
11748,524;75
11749,524;78
11750,524;87
11751,524;66
11752,524;74
11753,524;10915
11754,524;79
11755,524;87
11756,524;79
11757,524;63
11758,524;68
11759,524;10951
11760,524;74
11761,524;51
11762,524;80
11763,524;73
11764,524;65
11765,524;10924
11766,524;62
11767,524;71
11768,524;68
11769,524;54
11770,524;69
11771,524;10929
11772,524;75
11773,524;76
11774,524;78
11775,524;67
11776,524;61
11777,524;10929
11778,524;69
11779,524;95
11780,524;57
11781,524;70
11782,524;56
11783,524;10933
11784,524;72
11785,524;75
11786,524;67
11787,524;89
11788,524;67
11789,524;10941
11790,524;80
11791,524;65
11792,524;61
11793,524;80
11794,524;88
11795,524;10951
11796,524;74
11797,524;76
11798,524;68
11799,524;65
11800,524;71
11801,524;10948
11802,524;66
11803,524;59
11804,524;61
11805,524;72
11806,524;79
11807,524;10931
11808,524;77
11809,524;82
11810,524;88
11811,524;80
11812,524;65
11813,524;10915
11814,524;75
11815,524;80
11816,524;79
11817,524;102
11819,661;77
11820,661;10939
11821,661;81
11822,661;67
11823,661;72
11824,661;73
11825,661;90
11826,661;10929
11827,661;91
11828,661;77
11829,661;80
11830,661;76
11831,661;64
11832,661;10904
11833,661;75
11834,661;75
11835,661;70
11836,661;69
11837,661;60
11838,661;10945
11839,661;86
11840,661;80
11841,661;76
11842,661;74
11843,661;71
11844,661;10986
11845,661;72
11846,661;63
11847,661;84
11848,661;69
11849,661;51
11850,661;10938
11851,661;71
11852,661;57
11853,661;92
11854,661;76
11855,661;67
11856,661;10953
11857,661;85
11858,661;69
11859,661;65
11860,661;75
11861,661;68
11862,661;10996
11863,661;74
11864,661;75
11865,661;67
11866,661;59
11867,661;78
11868,661;10916
11869,661;87
11870,661;66
11871,661;68
11872,661;73
11873,661;76
11874,661;10616
11875,661;64
11876,661;94
11877,661;78
11878,661;98
11879,661;81
11880,661;10849
11881,661;91
11882,661;84
11883,661;72
11884,661;69
11885,661;68
11886,661;10929
11887,661;82
11888,661;77
11889,661;90
11890,661;61
11891,661;87
11892,661;10938
11893,661;75
11894,661;63
11895,661;74
11896,661;76
11897,661;79
11898,661;10949
11899,661;73
11900,661;69
11901,661;66
11902,661;86
11903,661;85
11904,661;10934
11905,661;69
11906,661;78
11907,661;61
11908,661;67
11909,661;65
11910,661;10945
11911,661;56
11912,661;71
11913,661;72
11914,661;71
11915,661;59
11916,661;10927
11917,661;73
11918,661;76
11919,661;73
11920,798;76
11921,798;90
11922,798;10943
11923,798;52
11924,798;77
11925,798;72
11926,798;74
11927,798;77
11928,798;10902
11929,798;69
11930,798;81
11931,798;59
11932,798;83
11933,798;68
11934,798;10940
11935,798;65
11936,798;59
11937,798;73
11938,798;68
11939,798;66
11940,798;10951
11941,798;86
11942,798;58
11943,798;75
11944,798;66
11945,798;80
11946,798;10945
11947,798;73
11948,798;56
11949,798;75
11950,798;67
11951,798;77
11952,798;10929
11953,798;90
11954,798;85
11955,798;69
11956,798;66
11957,798;75
11958,798;10918
11959,798;64
11960,798;66
11961,798;68
11962,798;76
11963,798;80
11964,798;10920
11965,798;76
11966,798;81
11967,798;62
11968,798;64
11969,798;84
11970,798;10916
11971,798;93
11972,798;86
11973,798;62
11974,798;73
11975,798;72
11976,798;10919
11977,798;84
11978,798;70
11979,798;69
11980,798;69
11981,798;87
11982,798;10946
11983,798;59
11984,798;66
11985,798;84
11986,798;86
11987,798;79
11988,798;10898
11989,798;80
11990,798;69
11991,798;82
11992,798;77
11993,798;92
11994,798;10924
11995,798;64
11996,798;74
11997,798;66
11998,798;58
11999,798;86
12000,798;10904
12001,798;75
12002,798;71
12003,798;62
12004,798;79
12005,798;65
12006,798;10945
12007,798;68
12008,798;85
12009,798;71
12010,798;77
12011,798;75
12012,798;10941
12013,798;73
12014,798;77
12015,798;68
12016,798;76
12017,798;67
12018,798;10901
12019,798;75
12020,798;67
12021,147;64
12022,147;67
12023,147;84
12024,147;10914
12025,147;81
12026,147;84
12027,147;58
12028,147;76
12029,147;68
12030,147;10911
12031,147;58
12032,147;76
12033,147;90
12034,147;72
12035,147;63
12036,147;10907
12037,147;64
12038,147;68
12039,147;64
12040,147;93
12041,147;83
12042,147;10926
12043,147;77
12044,147;65
12045,147;64
12046,147;86
12047,147;58
12048,147;10932
12049,147;68
12050,147;63
12051,147;56
12052,147;83
12053,147;80
12054,147;10928
12055,147;71
12056,147;76
12057,147;74
12058,147;62
12059,147;79
12060,147;10935
12061,147;62
12062,147;57
12063,147;71
12064,147;78
12065,147;72
12066,147;10885
12067,147;78
12068,147;49
12069,147;78
12070,147;73
12071,147;66
12072,147;10906
12073,147;62
12074,147;67
12075,147;66
12076,147;76
12077,147;67
12078,147;10940
12079,147;57
12080,147;76
12081,147;79
12082,147;76
12083,147;70
12084,147;10951
12085,147;63
12086,147;79
12087,147;61
12088,147;71
12089,147;78
12090,147;10916
12091,147;79
12092,147;73
12093,147;56
12094,147;55
12095,147;67
12096,147;10915
12097,147;69
12098,147;74
12099,147;74
12100,147;71
12101,147;70
12102,147;10932
12103,147;62
12104,147;67
12105,147;63
12106,147;80
12107,147;67
12108,147;10925
12109,147;62
12110,147;65
12111,147;81
12112,147;56
12113,147;65
12114,147;10903
12115,147;78
12116,147;66
12117,147;73
12118,147;68
12119,147;76
12120,147;10919
12121,147;82
12121,891;71
12122,891;65
12123,891;59
12124,891;71
12125,891;10904
12126,891;76
12127,891;62
12128,891;64
12129,891;73
12130,891;65
12131,891;10922
12132,891;64
12133,891;68
12134,891;64
12135,891;69
12136,891;64
12137,891;10914
12138,891;77
12139,891;73
12140,891;69
12141,891;83
12142,891;72
12143,891;10907
12144,891;76
12145,891;82
12146,891;72
12147,891;67
12148,891;70
12149,891;10931
12150,891;59
12151,891;60
12152,891;67
12153,891;72
12154,891;76
12155,891;10903
12156,891;61
12157,891;59
12158,891;72
12159,891;62
12160,891;61
12161,891;10930
12162,891;84
12163,891;58
12164,891;81
12165,891;72
12166,891;67
12167,891;10948
12168,891;76
12169,891;59
12170,891;53
12171,891;77
12172,891;64
12173,891;10904
12174,891;66
12175,891;49
12176,891;73
12177,891;53
12178,891;66
12179,891;10929
12180,891;73
12181,891;68
12182,891;73
12183,891;48
12184,891;70
12185,891;10583
12186,891;71
12187,891;73
12188,891;72
12189,891;68
12190,891;78
12191,891;10860
12192,891;69
12193,891;64
12194,891;65
12195,891;73
12196,891;58
12197,891;10900
12198,891;74
12199,891;53
12200,891;62
12201,891;73
12202,891;67
12203,891;10942
12204,891;65
12205,891;51
12206,891;78
12207,891;60
12208,891;76
12209,891;10887
12210,891;72
12211,891;62
12212,891;67
12213,891;82
12214,891;66
12215,891;10891
12216,891;67
12217,891;68
12218,891;64
12219,891;68
12220,891;69
12221,891;10929
12222,891;73
12223,891;64
12224,891;62
12225,891;70
12226,891;58
12227,891;10924
12228,891;61
12229,891;60
12230,891;56
12231,891;72
12232,891;60
12233,891;10895
12234,891;77
12235,891;67
12236,891;67
12237,891;67
12238,891;65
12239,891;10916
12240,891;57
12241,891;65
12242,891;74
12243,891;66
12244,891;64
12245,891;10911
12246,891;69
12247,891;77
12248,891;58
12249,891;59
12250,891;74
12251,891;10899
12252,891;76
12253,891;78
12254,891;78
12255,891;70
12256,891;65
12257,891;10940
12258,891;72
12259,891;65
12260,891;72
12261,891;55
12262,891;70
12263,891;10932
12264,891;81
12265,891;68
12266,891;79
12267,891;60
12268,891;71
12269,891;10900
12270,891;78
12271,891;76
12272,891;74
12273,891;85
12274,891;88
12275,891;10891
12276,891;70
12277,891;83
12278,891;63
12279,891;67
12280,891;64
12281,891;10941
12282,891;74
12283,891;70
12284,891;62
12285,891;81
12286,891;75
12287,891;10914
12288,891;74
12289,891;70
12290,891;76
12291,891;71
12292,891;71
12293,891;10914
12294,891;79
12295,891;70
12296,891;69
12297,891;75
12298,891;84
12299,891;10934
12300,891;70
12301,891;81
12302,891;61
12303,891;85
12304,891;76
12305,891;10923
12306,891;62
12307,891;63
12308,891;55
12309,891;56
12310,891;68
12311,891;10954
12312,891;66
12313,891;79
12314,891;79
12315,891;90
12316,891;75
12317,891;10915
12318,891;64
12319,891;56
12320,891;72
12321,891;56
12322,891;66
12324,287;10951
12325,287;66
12326,287;69
12327,287;74
12328,287;88
12329,287;76
12330,287;10932
12331,287;75
12332,287;63
12333,287;73
12334,287;60
12335,287;76
12336,287;10938
12337,287;70
12338,287;70
12339,287;68
12340,287;86
12341,287;67
12342,287;10925
12343,287;73
12344,287;65
12345,287;62
12346,287;78
12347,287;65
12348,287;10921
12349,287;74
12350,287;75
12351,287;60
12352,287;67
12353,287;73
12354,287;10941
12355,287;71
12356,287;70
12357,287;65
12358,287;63
12359,287;62
12360,287;10925
12361,287;73
12362,287;68
12363,287;70
12364,287;57
12365,287;85
12366,287;10937
12367,287;69
12368,287;66
12369,287;83
12370,287;81
12371,287;69
12372,287;10903
12373,287;83
12374,287;61
12375,287;79
12376,287;75
12377,287;70
12378,287;10918
12379,287;81
12380,287;58
12381,287;60
12382,287;77
12383,287;74
12384,287;10889
12385,287;80
12386,287;74
12387,287;74
12388,287;68
12389,287;86
12390,287;10923
12391,287;78
12392,287;71
12393,287;69
12394,287;80
12395,287;68
12396,287;10935
12397,287;69
12398,287;64
12399,287;85
12400,287;58
12401,287;69
12402,287;10962
12403,287;64
12404,287;79
12405,287;79
12406,287;82
12407,287;79
12408,287;10927
12409,287;102
12410,287;73
12411,287;75
12412,287;61
12413,287;76
12414,287;10956
12415,287;71
12416,287;70
12417,287;69
12418,287;72
12419,287;87
12420,287;10921
12421,287;70
12422,287;68
12423,287;82
12424,287;73
12425,643;69
12426,643;10977
12427,643;74
12428,643;69
12429,643;78
12430,643;72
12431,643;69
12432,643;10955
12433,643;73
12434,643;58
12435,643;88
12436,643;85
12437,643;73
12438,643;10903
12439,643;84
12440,643;66
12441,643;55
12442,643;83
12443,643;76
12444,643;10968
12445,643;54
12446,643;73
12447,643;78
12448,643;71
12449,643;83
12450,643;10938
12451,643;77
12452,643;77
12453,643;59
12454,643;73
12455,643;59
12456,643;10911
12457,643;84
12458,643;69
12459,643;85
12460,643;70
12461,643;84
12462,643;10954
12463,643;90
12464,643;68
12465,643;81
12466,643;70
12467,643;78
12468,643;10936
12469,643;71
12470,643;79
12471,643;62
12472,643;78
12473,643;74
12474,643;10926
12475,643;70
12476,643;86
12477,643;59
12478,643;74
12479,643;68
12480,643;10911
12481,643;84
12482,643;74
12483,643;58
12484,643;64
12485,643;81
12486,643;10947
12487,643;79
12488,643;67
12489,643;84
12490,643;71
12491,643;89
12492,643;10934
12493,643;71
12494,643;81
12495,643;81
12496,643;64
12497,643;78
12498,643;10588
12499,643;83
12500,643;66
12501,643;78
12502,643;73
12503,643;72
12504,643;10879
12505,643;83
12506,643;77
12507,643;63
12508,643;69
12509,643;76
12510,643;10902
12511,643;79
12512,643;70
12513,643;73
12514,643;83
12515,643;75
12516,643;10934
12517,643;82
12518,643;78
12519,643;70
12520,643;74
12521,643;79
12522,643;10946
12523,643;75
12524,643;80
12525,643;72
12526,661;78
12527,661;75
12528,661;10903
12529,661;79
12530,661;74
12531,661;77
12532,661;74
12533,661;68
12534,661;10889
12535,661;74
12536,661;70
12537,661;74
12538,661;91
12539,661;87
12540,661;10908
12541,661;85
12542,661;66
12543,661;80
12544,661;81
12545,661;54
12546,661;10941
12547,661;71
12548,661;82
12549,661;65
12550,661;67
12551,661;65
12552,661;10938
12553,661;87
12554,661;60
12555,661;74
12556,661;69
12557,661;82
12558,661;10899
12559,661;72
12560,661;64
12561,661;65
12562,661;70
12563,661;67
12564,661;10922
12565,661;78
12566,661;75
12567,661;66
12568,661;65
12569,661;73
12570,661;10907
12571,661;71
12572,661;79
12573,661;71
12574,661;89
12575,661;90
12576,661;10887
12577,661;73
12578,661;81
12579,661;69
12580,661;81
12581,661;68
12582,661;10897
12583,661;87
12584,661;83
12585,661;66
12586,661;86
12587,661;70
12588,661;10922
12589,661;70
12590,661;71
12591,661;61
12592,661;75
12593,661;79
12594,661;10956
12595,661;77
12596,661;65
12597,661;72
12598,661;86
12599,661;71
12600,661;10926
12601,661;91
12602,661;69
12603,661;72
12604,661;66
12605,661;80
12606,661;10907
12607,661;80
12608,661;61
12609,661;66
12610,661;76
12611,661;72
12612,661;10931
12613,661;66
12614,661;68
12615,661;67
12616,661;65
12617,661;81
12618,661;10951
12619,661;73
12620,661;57
12621,661;64
12622,661;76
12623,661;76
12624,661;10935
12625,661;77
12626,661;51
12627,351;74
12628,351;63
12629,351;86
12630,351;10938
12631,351;84
12632,351;65
12633,351;72
12634,351;66
12635,351;66
12636,351;10932
12637,351;78
12638,351;75
12639,351;73
12640,351;82
12641,351;55
12642,351;10919
12643,351;59
12644,351;54
12645,351;64
12646,351;71
12647,351;57
12648,351;10915
12649,351;76
12650,351;71
12651,351;79
12652,351;70
12653,351;64
12654,351;10915
12655,351;81
12656,351;52
12657,351;71
12658,351;75
12659,351;90
12660,351;10923
12661,351;70
12662,351;65
12663,351;65
12664,351;74
12665,351;78
12666,351;10921
12667,351;65
12668,351;69
12669,351;61
12670,351;74
12671,351;76
12672,351;10898
12673,351;62
12674,351;74
12675,351;79
12676,351;58
12677,351;64
12678,351;10896
12679,351;68
12680,351;58
12681,351;75
12682,351;59
12683,351;56
12684,351;10919
12685,351;63
12686,351;79
12687,351;65
12688,351;87
12689,351;72
12690,351;10906
12691,351;71
12692,351;69
12693,351;66
12694,351;71
12695,351;74
12696,351;10904
12697,351;78
12698,351;87
12699,351;66
12700,351;76
12701,351;66
12702,351;10916
12703,351;77
12704,351;60
12705,351;62
12706,351;81
12707,351;78
12708,351;10926
12709,351;70
12710,351;73
12711,351;71
12712,351;70
12713,351;70
12714,351;10940
12715,351;56
12716,351;75
12717,351;64
12718,351;76
12719,351;65
12720,351;10918
12721,351;71
12722,351;59
12723,351;79
12724,351;73
12725,351;63
12726,351;10917
12727,351;85
12728,351;65
12729,351;84
12730,351;68
12731,351;73
12732,351;10916
12733,351;72
12734,351;81
12735,351;65
12736,351;72
12737,351;83
12738,351;10926
12739,351;92
12740,351;68
12741,351;54
12742,351;54
12743,351;78
12744,351;10887
12745,351;75
12746,351;73
12747,351;74
12748,351;66
12749,351;66
12750,351;10927
12751,351;68
12752,351;85
12753,351;70
12754,351;65
12755,351;90
12756,351;10915
12757,351;69
12758,351;66
12759,351;53
12760,351;59
12761,351;60
12762,351;10913
12763,351;80
12764,351;67
12765,351;63
12766,351;64
12767,351;80
12768,351;10916
12769,351;76
12770,351;52
12771,351;60
12772,351;72
12773,351;65
12774,351;10934
12775,351;53
12776,351;64
12777,351;67
12778,351;56
12779,351;79
12780,351;10925
12781,351;65
12782,351;53
12783,351;58
12784,351;67
12785,351;68
12786,351;10928
12787,351;64
12788,351;59
12789,351;61
12790,351;69
12791,351;58
12792,351;10910
12793,351;67
12794,351;49
12795,351;57
12796,351;65
12797,351;65
12798,351;10885
12799,351;61
12800,351;60
12801,351;68
12802,351;68
12803,351;67
12804,351;10905
12805,351;62
12806,351;60
12807,351;57
12808,351;71
12809,351;64
12810,351;10565
12811,351;63
12812,351;68
12813,351;56
12814,351;58
12815,351;63
12816,351;10860
12817,351;65
12818,351;56
12819,351;62
12820,351;70
12821,351;53
12822,351;10926
12823,351;60
12824,351;50
12825,351;48
12826,351;70
12827,351;67
12828,351;10907
12829,68;54
12830,68;63
12831,68;75
12832,68;65
12833,68;61
12834,68;10879
12835,68;76
12836,68;71
12837,68;80
12838,68;58
12839,68;74
12840,68;10930
12841,68;76
12842,68;54
12843,68;61
12844,68;65
12845,68;91
12846,68;10897
12847,68;61
12848,68;58
12849,68;66
12850,68;63
12851,68;68
12852,68;10908
12853,68;66
12854,68;77
12855,68;71
12856,68;60
12857,68;77
12858,68;10937
12859,68;61
12860,68;72
12861,68;60
12862,68;77
12863,68;71
12864,68;10920
12865,68;81
12866,68;57
12867,68;65
12868,68;52
12869,68;66
12870,68;10910
12871,68;91
12872,68;76
12873,68;58
12874,68;75
12875,68;66
12876,68;10882
12877,68;73
12878,68;70
12879,68;68
12880,68;64
12881,68;70
12882,68;10904
12883,68;48
12884,68;68
12885,68;76
12886,68;73
12887,68;61
12888,68;10898
12889,68;65
12890,68;79
12891,68;71
12892,68;75
12893,68;72
12894,68;10914
12895,68;73
12896,68;70
12897,68;57
12898,68;54
12899,68;68
12900,68;10902
12901,68;57
12902,68;57
12903,68;79
12904,68;62
12905,68;64
12906,68;10914
12907,68;78
12908,68;64
12909,68;69
12910,68;59
12911,68;83
12912,68;10884
12913,68;83
12914,68;62
12915,68;76
12916,68;64
12917,68;46
12918,68;10945
12919,68;88
12920,68;58
12921,68;69
12922,68;75
12923,68;85
12924,68;10908
12925,68;63
12926,68;74
12927,68;73
12928,68;58
12929,68;81
12930,058;10913
12931,058;68
12932,058;79
12933,058;69
12934,058;80
12935,058;79
12936,058;10933
12937,058;68
12938,058;62
12939,058;66
12940,058;66
12941,058;70
12942,058;10904
12943,058;89
12944,058;74
12945,058;64
12946,058;75
12947,058;65
12948,058;10936
12949,058;77
12950,058;62
12951,058;75
12952,058;67
12953,058;75
12954,058;10920
12955,058;71
12956,058;65
12957,058;69
12958,058;83
12959,058;73
12960,058;10921
12961,058;73
12962,058;58
12963,058;68
12964,058;70
12965,058;75
12966,058;10930
12967,058;74
12968,058;66
12969,058;63
12970,058;74
12971,058;63
12972,058;10910
12973,058;78
12974,058;91
12975,058;73
12976,058;78
12977,058;86
12978,058;10930
12979,058;62
12980,058;63
12981,058;54
12982,058;67
12983,058;74
12984,058;10902
12985,058;76
12986,058;59
12987,058;73
12988,058;82
12989,058;57
12990,058;10925
12991,058;75
12992,058;73
12993,058;76
12994,058;81
12995,058;75
12996,058;10951
12997,058;73
12998,058;75
12999,058;78
13000,058;68
13001,058;71
13002,058;10926
13003,058;74
13004,058;75
13005,058;71
13006,058;75
13007,058;67
13008,058;10928
13009,058;80
13010,058;74
13011,058;83
13012,058;78
13013,058;80
13014,058;10943
13015,058;78
13016,058;69
13017,058;70
13018,058;69
13019,058;65
13020,058;10900
13021,058;68
13022,058;80
13023,058;59
13024,058;72
13025,058;68
13026,058;10882
13027,058;75
13028,058;72
13029,058;74
13030,058;85
13031,833;99
13032,833;10919
13033,833;85
13034,833;65
13035,833;61
13036,833;83
13037,833;69
13038,833;10954
13039,833;74
13040,833;78
13041,833;67
13042,833;82
13043,833;68
13044,833;10962
13045,833;70
13046,833;62
13047,833;71
13048,833;70
13049,833;64
13050,833;10946
13051,833;70
13052,833;76
13053,833;97
13054,833;71
13055,833;79
13056,833;10930
13057,833;71
13058,833;66
13059,833;59
13060,833;69
13061,833;69
13062,833;10916
13063,833;76
13064,833;66
13065,833;88
13066,833;77
13067,833;79
13068,833;10935
13069,833;84
13070,833;74
13071,833;72
13072,833;73
13073,833;71
13074,833;10921
13075,833;86
13076,833;59
13077,833;74
13078,833;68
13079,833;68
13080,833;10975
13081,833;77
13082,833;84
13083,833;66
13084,833;70
13085,833;86
13086,833;10889
13087,833;78
13088,833;61
13089,833;68
13090,833;61
13091,833;82
13092,833;10905
13093,833;72
13094,833;73
13095,833;71
13096,833;76
13097,833;92
13098,833;10935
13099,833;74
13100,833;92
13101,833;90
13102,833;66
13103,833;93
13104,833;10937
13105,833;73
13106,833;69
13107,833;70
13108,833;74
13109,833;80
13110,833;10917
13111,833;73
13112,833;71
13113,833;59
13114,833;64
13115,833;70
13116,833;10926
13117,833;68
13118,833;70
13119,833;82
13120,833;84
13121,833;79
13122,833;10575
13123,833;75
13124,833;69
13125,833;79
13126,833;80
13127,833;68
13128,833;10858
13129,833;73
13130,833;69
13131,833;74
13131,669;69
13132,669;73
13133,669;10916
13134,669;80
13135,669;60
13136,669;73
13137,669;74
13138,669;79
13139,669;10926
13140,669;76
13141,669;74
13142,669;72
13143,669;74
13144,669;85
13145,669;10922
13146,669;67
13147,669;79
13148,669;85
13149,669;85
13150,669;79
13151,669;10945
13152,669;60
13153,669;75
13154,669;79
13155,669;77
13156,669;71
13157,669;10960
13158,669;90
13159,669;77
13160,669;63
13161,669;58
13162,669;59
13163,669;10948
13164,669;76
13165,669;62
13166,669;76
13167,669;62
13168,669;71
13169,669;10930
13170,669;69
13171,669;79
13172,669;94
13173,669;79
13174,669;80
13175,669;10916
13176,669;62
13177,669;73
13178,669;71
13179,669;72
13180,669;71
13181,669;10900
13182,669;73
13183,669;63
13184,669;84
13185,669;76
13186,669;67
13187,669;10907
13188,669;82
13189,669;69
13190,669;69
13191,669;86
13192,669;75
13193,669;10948
13194,669;75
13195,669;72
13196,669;90
13197,669;73
13198,669;77
13199,669;10921
13200,669;74
13201,669;81
13202,669;68
13203,669;89
13204,669;77
13205,669;10883
13206,669;84
13207,669;66
13208,669;62
13209,669;85
13210,669;60
13211,669;10920
13212,669;69
13213,669;70
13214,669;61
13215,669;85
13216,669;62
13217,669;10932
13218,669;78
13219,669;82
13220,669;74
13221,669;66
13222,669;74
13223,669;10913
13224,669;92
13225,669;79
13226,669;58
13227,669;71
13228,669;81
13229,669;10897
13230,669;78
13231,669;81
13232,669;76
13233,669;75
13234,669;94
13235,669;10926
13236,669;80
13237,669;78
13238,669;68
13239,669;71
13240,669;57
13241,669;10890
13242,669;79
13243,669;75
13244,669;70
13245,669;70
13246,669;92
13247,669;10915
13248,669;67
13249,669;73
13250,669;65
13251,669;79
13252,669;84
13253,669;10881
13254,669;78
13255,669;79
13256,669;71
13257,669;75
13258,669;62
13259,669;10883
13260,669;78
13261,669;63
13262,669;92
13263,669;82
13264,669;69
13265,669;10896
13266,669;70
13267,669;66
13268,669;62
13269,669;61
13270,669;76
13271,669;10912
13272,669;95
13273,669;69
13274,669;60
13275,669;61
13276,669;75
13277,669;10913
13278,669;94
13279,669;72
13280,669;86
13281,669;78
13282,669;78
13283,669;10903
13284,669;89
13285,669;68
13286,669;73
13287,669;71
13288,669;66
13289,669;10954
13290,669;78
13291,669;84
13292,669;61
13293,669;80
13294,669;58
13295,669;10891
13296,669;70
13297,669;65
13298,669;81
13299,669;75
13300,669;81
13301,669;10893
13302,669;80
13303,669;64
13304,669;77
13305,669;75
13306,669;72
13307,669;10910
13308,669;77
13309,669;83
13310,669;66
13311,669;65
13312,669;67
13313,669;10920
13314,669;73
13315,669;64
13316,669;64
13317,669;65
13318,669;72
13319,669;10871
13320,669;84
13321,669;66
13322,669;55
13323,669;74
13324,669;61
13325,669;10909
13326,669;87
13327,669;58
13328,669;87
13329,669;60
13330,669;60
13331,669;10918
13332,669;60
13334,647;67
13335,647;75
13336,647;79
13337,647;72
13338,647;10910
13339,647;60
13340,647;61
13341,647;81
13342,647;65
13343,647;69
13344,647;10896
13345,647;76
13346,647;70
13347,647;63
13348,647;84
13349,647;87
13350,647;10902
13351,647;85
13352,647;57
13353,647;53
13354,647;65
13355,647;66
13356,647;10905
13357,647;87
13358,647;73
13359,647;56
13360,647;55
13361,647;69
13362,647;10924
13363,647;75
13364,647;72
13365,647;74
13366,647;62
13367,647;74
13368,647;10895
13369,647;72
13370,647;72
13371,647;68
13372,647;79
13373,647;64
13374,647;10934
13375,647;80
13376,647;70
13377,647;78
13378,647;69
13379,647;71
13380,647;10889
13381,647;69
13382,647;62
13383,647;81
13384,647;62
13385,647;71
13386,647;10914
13387,647;87
13388,647;69
13389,647;61
13390,647;65
13391,647;69
13392,647;10900
13393,647;66
13394,647;80
13395,647;82
13396,647;68
13397,647;69
13398,647;10886
13399,647;63
13400,647;77
13401,647;63
13402,647;61
13403,647;72
13404,647;10916
13405,647;78
13406,647;65
13407,647;66
13408,647;85
13409,647;70
13410,647;10875
13411,647;57
13412,647;61
13413,647;61
13414,647;51
13415,647;61
13416,647;10910
13417,647;71
13418,647;68
13419,647;63
13420,647;61
13421,647;67
13422,647;10905
13423,647;64
13424,647;61
13425,647;67
13426,647;72
13427,647;79
13428,647;10874
13429,647;74
13430,647;51
13431,647;61
13432,647;67
13433,647;52
13434,647;10566
13435,475;68
13436,475;56
13437,475;70
13438,475;88
13439,475;64
13440,475;10836
13441,475;71
13442,475;49
13443,475;59
13444,475;60
13445,475;50
13446,475;10882
13447,475;81
13448,475;74
13449,475;63
13450,475;80
13451,475;55
13452,475;10894
13453,475;71
13454,475;71
13455,475;62
13456,475;45
13457,475;47
13458,475;10898
13459,475;93
13460,475;57
13461,475;46
13462,475;64
13463,475;65
13464,475;10907
13465,475;76
13466,475;57
13467,475;64
13468,475;55
13469,475;56
13470,475;10882
13471,475;50
13472,475;76
13473,475;62
13474,475;59
13475,475;58
13476,475;10888
13477,475;73
13478,475;82
13479,475;75
13480,475;69
13481,475;64
13482,475;10918
13483,475;76
13484,475;62
13485,475;81
13486,475;68
13487,475;65
13488,475;10901
13489,475;96
13490,475;72
13491,475;70
13492,475;80
13493,475;83
13494,475;10900
13495,475;75
13496,475;63
13497,475;73
13498,475;64
13499,475;72
13500,475;10925
13501,475;77
13502,475;65
13503,475;64
13504,475;64
13505,475;81
13506,475;10917
13507,475;77
13508,475;66
13509,475;72
13510,475;78
13511,475;80
13512,475;10873
13513,475;77
13514,475;71
13515,475;75
13516,475;67
13517,475;68
13518,475;10901
13519,475;58
13520,475;75
13521,475;71
13522,475;86
13523,475;75
13524,475;10919
13525,475;57
13526,475;66
13527,475;62
13528,475;71
13529,475;63
13530,475;10909
13531,475;71
13532,475;60
13533,475;65
13534,475;63
13535,475;64
13536,461;10902
13537,461;76
13538,461;75
13539,461;63
13540,461;70
13541,461;78
13542,461;10949
13543,461;71
13544,461;63
13545,461;68
13546,461;58
13547,461;79
13548,461;10924
13549,461;81
13550,461;73
13551,461;93
13552,461;68
13553,461;67
13554,461;10932
13555,461;82
13556,461;76
13557,461;71
13558,461;72
13559,461;66
13560,461;10906
13561,461;71
13562,461;66
13563,461;77
13564,461;66
13565,461;91
13566,461;10944
13567,461;70
13568,461;45
13569,461;79
13570,461;98
13571,461;71
13572,461;10909
13573,461;82
13574,461;61
13575,461;73
13576,461;68
13577,461;69
13578,461;10924
13579,461;99
13580,461;85
13581,461;72
13582,461;81
13583,461;63
13584,461;10926
13585,461;84
13586,461;68
13587,461;79
13588,461;63
13589,461;59
13590,461;10884
13591,461;82
13592,461;73
13593,461;71
13594,461;70
13595,461;79
13596,461;10911
13597,461;75
13598,461;72
13599,461;65
13600,461;79
13601,461;74
13602,461;10920
13603,461;78
13604,461;59
13605,461;93
13606,461;71
13607,461;77
13608,461;10888
13609,461;70
13610,461;66
13611,461;68
13612,461;63
13613,461;81
13614,461;10909
13615,461;63
13616,461;69
13617,461;71
13618,461;77
13619,461;83
13620,461;10875
13621,461;57
13622,461;66
13623,461;65
13624,461;74
13625,461;64
13626,461;10889
13627,461;87
13628,461;77
13629,461;62
13630,461;68
13631,461;77
13632,461;10901
13633,461;92
13634,461;73
13635,461;64
13636,461;64
13637,528;61
13638,528;10910
13639,528;68
13640,528;91
13641,528;58
13642,528;73
13643,528;92
13644,528;10924
13645,528;79
13646,528;67
13647,528;71
13648,528;90
13649,528;73
13650,528;10912
13651,528;72
13652,528;79
13653,528;63
13654,528;60
13655,528;67
13656,528;10915
13657,528;69
13658,528;87
13659,528;81
13660,528;93
13661,528;72
13662,528;10903
13663,528;75
13664,528;59
13665,528;52
13666,528;75
13667,528;76
13668,528;10911
13669,528;86
13670,528;55
13671,528;67
13672,528;85
13673,528;72
13674,528;10919
13675,528;66
13676,528;73
13677,528;63
13678,528;91
13679,528;82
13680,528;10948
13681,528;70
13682,528;67
13683,528;68
13684,528;74
13685,528;76
13686,528;10940
13687,528;90
13688,528;52
13689,528;74
13690,528;92
13691,528;74
13692,528;10927
13693,528;68
13694,528;68
13695,528;72
13696,528;56
13697,528;85
13698,528;10927
13699,528;90
13700,528;74
13701,528;77
13702,528;81
13703,528;61
13704,528;10904
13705,528;79
13706,528;58
13707,528;68
13708,528;74
13709,528;96
13710,528;10911
13711,528;68
13712,528;69
13713,528;79
13714,528;71
13715,528;76
13716,528;10919
13717,528;82
13718,528;66
13719,528;72
13720,528;67
13721,528;72
13722,528;10924
13723,528;82
13724,528;70
13725,528;72
13726,528;73
13727,528;82
13728,528;10907
13729,528;80
13730,528;75
13731,528;66
13732,528;79
13733,528;74
13734,528;10929
13735,528;77
13736,528;60
13737,528;70
13738,528;60
13739,528;71
13740,528;10918
13741,528;85
13742,528;83
13743,528;78
13744,528;82
13745,528;76
13746,528;10591
13747,528;78
13748,528;68
13749,528;61
13750,528;61
13751,528;85
13752,528;10881
13753,528;66
13754,528;68
13755,528;81
13756,528;88
13757,528;72
13758,528;10882
13759,528;94
13760,528;68
13761,528;74
13762,528;62
13763,528;77
13764,528;10907
13765,528;77
13766,528;63
13767,528;60
13768,528;75
13769,528;74
13770,528;10910
13771,528;69
13772,528;59
13773,528;73
13774,528;78
13775,528;82
13776,528;10903
13777,528;78
13778,528;66
13779,528;75
13780,528;80
13781,528;68
13782,528;10926
13783,528;78
13784,528;79
13785,528;86
13786,528;99
13787,528;72
13788,528;10919
13789,528;80
13790,528;69
13791,528;73
13792,528;63
13793,528;69
13794,528;10907
13795,528;74
13796,528;60
13797,528;72
13798,528;65
13799,528;70
13800,528;10918
13801,528;72
13802,528;75
13803,528;54
13804,528;87
13805,528;84
13806,528;10914
13807,528;76
13808,528;74
13809,528;86
13810,528;82
13811,528;76
13812,528;10931
13813,528;84
13814,528;83
13815,528;86
13816,528;54
13817,528;62
13818,528;10946
13819,528;83
13820,528;78
13821,528;95
13822,528;70
13823,528;68
13824,528;10922
13825,528;69
13826,528;73
13827,528;74
13828,528;82
13829,528;87
13830,528;10890
13831,528;68
13832,528;70
13833,528;72
13834,528;85
13835,528;88
13836,528;10921
13837,528;78
13838,528;48
13838,95;64
13839,95;82
13840,95;65
13841,95;10927
13842,95;69
13843,95;56
13844,95;76
13845,95;76
13846,95;75
13847,95;10905
13848,95;67
13849,95;89
13850,95;69
13851,95;64
13852,95;77
13853,95;10915
13854,95;69
13855,95;78
13856,95;84
13857,95;65
13858,95;62
13859,95;10953
13860,95;79
13861,95;59
13862,95;70
13863,95;78
13864,95;65
13865,95;10913
13866,95;80
13867,95;77
13868,95;78
13869,95;78
13870,95;80
13871,95;10907
13872,95;68
13873,95;77
13874,95;70
13875,95;71
13876,95;62
13877,95;10884
13878,95;96
13879,95;62
13880,95;72
13881,95;84
13882,95;64
13883,95;10887
13884,95;70
13885,95;76
13886,95;66
13887,95;68
13888,95;97
13889,95;10907
13890,95;95
13891,95;67
13892,95;80
13893,95;53
13894,95;86
13895,95;10896
13896,95;63
13897,95;70
13898,95;82
13899,95;73
13900,95;69
13901,95;10907
13902,95;59
13903,95;79
13904,95;66
13905,95;51
13906,95;81
13907,95;10896
13908,95;84
13909,95;68
13910,95;70
13911,95;75
13912,95;92
13913,95;10883
13914,95;75
13915,95;65
13916,95;68
13917,95;65
13918,95;61
13919,95;10912
13920,95;73
13921,95;83
13922,95;61
13923,95;79
13924,95;65
13925,95;10909
13926,95;58
13927,95;67
13928,95;72
13929,95;69
13930,95;70
13931,95;10910
13932,95;79
13933,95;60
13934,95;80
13935,95;89
13936,95;74
13937,95;10917
13938,95;66
13939,883;76
13940,883;63
13941,883;63
13942,883;58
13943,883;10925
13944,883;64
13945,883;70
13946,883;73
13947,883;58
13948,883;77
13949,883;10911
13950,883;71
13951,883;62
13952,883;63
13953,883;72
13954,883;76
13955,883;10897
13956,883;54
13957,883;70
13958,883;68
13959,883;65
13960,883;80
13961,883;10914
13962,883;75
13963,883;57
13964,883;67
13965,883;53
13966,883;58
13967,883;10934
13968,883;70
13969,883;69
13970,883;89
13971,883;71
13972,883;69
13973,883;10904
13974,883;63
13975,883;60
13976,883;61
13977,883;81
13978,883;78
13979,883;10892
13980,883;60
13981,883;66
13982,883;79
13983,883;64
13984,883;85
13985,883;10900
13986,883;86
13987,883;66
13988,883;78
13989,883;86
13990,883;69
13991,883;10909
13992,883;77
13993,883;68
13994,883;65
13995,883;83
13996,883;67
13997,883;10910
13998,883;64
13999,883;62
14000,883;79
14001,883;67
14002,883;80
14003,883;10925
14004,883;62
14005,883;47
14006,883;71
14007,883;76
14008,883;73
14009,883;10896
14010,883;62
14011,883;60
14012,883;68
14013,883;62
14014,883;60
14015,883;10881
14016,883;73
14017,883;64
14018,883;68
14019,883;74
14020,883;74
14021,883;10918
14022,883;54
14023,883;80
14024,883;60
14025,883;80
14026,883;70
14027,883;10892
14028,883;66
14029,883;67
14030,883;62
14031,883;52
14032,883;63
14033,883;10891
14034,883;84
14035,883;64
14036,883;81
14037,883;66
14038,883;71
14039,883;10903
14041,374;73
14042,374;64
14043,374;60
14044,374;71
14045,374;72
14046,374;10895
14047,374;79
14048,374;59
14049,374;54
14050,374;70
14051,374;79
14052,374;10864
14053,374;77
14054,374;66
14055,374;66
14056,374;74
14057,374;71
14058,374;10591
14059,374;79
14060,374;60
14061,374;54
14062,374;80
14063,374;74
14064,374;10821
14065,374;58
14066,374;58
14067,374;50
14068,374;68
14069,374;65
14070,374;10846
14071,374;84
14072,374;52
14073,374;61
14074,374;53
14075,374;57
14076,374;10892
14077,374;70
14078,374;62
14079,374;57
14080,374;64
14081,374;60
14082,374;10905
14083,374;70
14084,374;75
14085,374;63
14086,374;55
14087,374;70
14088,374;10889
14089,374;73
14090,374;79
14091,374;56
14092,374;61
14093,374;64
14094,374;10859
14095,374;73
14096,374;45
14097,374;66
14098,374;77
14099,374;87
14100,374;10891
14101,374;77
14102,374;61
14103,374;64
14104,374;89
14105,374;78
14106,374;10897
14107,374;70
14108,374;65
14109,374;74
14110,374;67
14111,374;67
14112,374;10894
14113,374;65
14114,374;65
14115,374;65
14116,374;72
14117,374;78
14118,374;10897
14119,374;72
14120,374;62
14121,374;72
14122,374;62
14123,374;62
14124,374;10936
14125,374;67
14126,374;61
14127,374;70
14128,374;82
14129,374;77
14130,374;10944
14131,374;71
14132,374;55
14133,374;60
14134,374;61
14135,374;66
14136,374;10910
14137,374;79
14138,374;73
14139,374;58
14140,374;65
14141,374;73
14142,669;10918
14143,669;73
14144,669;60
14145,669;74
14146,669;72
14147,669;73
14148,669;10882
14149,669;72
14150,669;75
14151,669;65
14152,669;82
14153,669;69
14154,669;10899
14155,669;68
14156,669;78
14157,669;56
14158,669;85
14159,669;92
14160,669;10888
14161,669;85
14162,669;51
14163,669;75
14164,669;69
14165,669;68
14166,669;10899
14167,669;76
14168,669;74
14169,669;83
14170,669;72
14171,669;61
14172,669;10888
14173,669;74
14174,669;62
14175,669;85
14176,669;69
14177,669;76
14178,669;10916
14179,669;91
14180,669;65
14181,669;66
14182,669;69
14183,669;67
14184,669;10934
14185,669;76
14186,669;76
14187,669;71
14188,669;62
14189,669;78
14190,669;10921
14191,669;53
14192,669;60
14193,669;60
14194,669;71
14195,669;87
14196,669;10908
14197,669;76
14198,669;64
14199,669;71
14200,669;75
14201,669;66
14202,669;10908
14203,669;71
14204,669;68
14205,669;75
14206,669;78
14207,669;63
14208,669;10894
14209,669;77
14210,669;58
14211,669;77
14212,669;90
14213,669;67
14214,669;10883
14215,669;88
14216,669;62
14217,669;65
14218,669;83
14219,669;84
14220,669;10917
14221,669;67
14222,669;64
14223,669;82
14224,669;69
14225,669;64
14226,669;10923
14227,669;89
14228,669;72
14229,669;83
14230,669;64
14231,669;64
14232,669;10887
14233,669;70
14234,669;62
14235,669;73
14236,669;74
14237,669;64
14238,669;10915
14239,669;70
14240,669;81
14241,669;72
14242,669;70
14247,858;61
14248,858;10903
14249,858;76
14250,858;66
14251,858;59
14252,858;84
14253,858;78
14254,858;10886
14255,858;90
14256,858;71
14257,858;66
14258,858;58
14259,858;61
14260,858;10940
14261,858;90
14262,858;62
14263,858;74
14264,858;71
14265,858;75
14266,858;10899
14267,858;65
14268,858;88
14269,858;71
14270,858;74
14271,858;62
14272,858;10921
14273,858;67
14274,858;66
14275,858;73
14276,858;57
14277,858;57
14278,858;10890
14279,858;76
14280,858;80
14281,858;76
14282,858;81
14283,858;86
14284,858;10915
14285,858;74
14286,858;69
14287,858;65
14288,858;69
14289,858;55
14290,858;10919
14291,858;84
14292,858;76
14293,858;85
14294,858;77
14295,858;75
14296,858;10915
14297,858;67
14298,858;79
14299,858;83
14300,858;67
14301,858;79
14302,858;10924
14303,858;78
14304,858;60
14305,858;78
14306,858;78
14307,858;77
14308,858;10939
14309,858;88
14310,858;62
14311,858;75
14312,858;68
14313,858;96
14314,858;10918
14315,858;85
14316,858;67
14317,858;82
14318,858;81
14319,858;70
14320,858;10919
14321,858;92
14322,858;60
14323,858;62
14324,858;81
14325,858;58
14326,858;10932
14327,858;86
14328,858;84
14329,858;73
14330,858;73
14331,858;80
14332,858;10953
14333,858;84
14334,858;65
14335,858;72
14336,858;79
14337,858;86
14338,858;10907
14339,858;84
14340,858;73
14341,858;77
14342,858;73
14343,858;80
14344,858;10920
14345,858;80
14346,858;62
14347,858;85
14343,858;71
14344,858;80
14345,858;10922
14346,858;75
14347,858;67
14348,858;73
14349,858;75
14350,858;58
14351,858;10896
14352,858;72
14353,858;66
14354,858;76
14355,858;71
14356,858;75
14357,858;10909
14358,858;92
14359,858;76
14360,858;70
14361,858;75
14362,858;80
14363,858;10921
14364,858;88
14365,858;73
14366,858;78
14367,858;71
14368,858;85
14369,858;10566
14370,858;67
14371,858;71
14372,858;70
14373,858;77
14374,858;74
14375,858;10870
14376,858;71
14377,858;66
14378,858;86
14379,858;89
14380,858;73
14381,858;10924
14382,858;84
14383,858;73
14384,858;72
14385,858;74
14386,858;62
14387,858;10911
14388,858;82
14389,858;67
14390,858;79
14391,858;83
14392,858;73
14393,858;10944
14394,858;72
14395,858;75
14396,858;57
14397,858;76
14398,858;79
14399,858;10945
14400,858;71
14401,858;72
14402,858;83
14403,858;76
14404,858;79
14405,858;10926
14406,858;70
14407,858;74
14408,858;73
14409,858;77
14410,858;54
14411,858;10937
14412,858;79
14413,858;63
14414,858;72
14415,858;88
14416,858;69
14417,858;10953
14418,858;68
14419,858;56
14420,858;81
14421,858;70
14422,858;71
14423,858;10933
14424,858;66
14425,858;59
14426,858;68
14427,858;73
14428,858;76
14429,858;10886
14430,858;73
14431,858;63
14432,858;80
14433,858;82
14434,858;81
14435,858;10927
14436,858;79
14437,858;63
14438,858;64
14439,858;79
14440,858;72
14441,858;10929
14442,858;96
14443,858;66
14445,902;68
14446,902;67
14447,902;71
14448,902;10903
14449,902;92
14450,902;55
14451,902;72
14452,902;79
14453,902;58
14454,902;10899
14455,902;82
14456,902;61
14457,902;82
14458,902;74
14459,902;66
14460,902;10913
14461,902;81
14462,902;75
14463,902;67
14464,902;80
14465,902;84
14466,902;10895
14467,902;70
14468,902;72
14469,902;72
14470,902;71
14471,902;84
14472,902;10926
14473,902;74
14474,902;89
14475,902;77
14476,902;76
14477,902;74
14478,902;10886
14479,902;72
14480,902;71
14481,902;56
14482,902;69
14483,902;74
14484,902;10927
14485,902;82
14486,902;65
14487,902;69
14488,902;78
14489,902;71
14490,902;10922
14491,902;85
14492,902;79
14493,902;82
14494,902;69
14495,902;75
14496,902;10907
14497,902;76
14498,902;64
14499,902;89
14500,902;86
14501,902;75
14502,902;10904
14503,902;67
14504,902;74
14505,902;70
14506,902;80
14507,902;88
14508,902;10887
14509,902;89
14510,902;75
14511,902;70
14512,902;75
14513,902;77
14514,902;10909
14515,902;76
14516,902;55
14517,902;64
14518,902;79
14519,902;81
14520,902;10945
14521,902;93
14522,902;65
14523,902;58
14524,902;72
14525,902;73
14526,902;10918
14527,902;64
14528,902;65
14529,902;81
14530,902;65
14531,902;68
14532,902;10902
14533,902;80
14534,902;70
14535,902;76
14536,902;68
14537,902;84
14538,902;10887
14539,902;82
14540,902;71
14541,902;68
14542,902;79
14543,902;94
14544,902;10886
14545,902;102
14546,646;67
14547,646;73
14548,646;68
14549,646;64
14550,646;10904
14551,646;87
14552,646;58
14553,646;67
14554,646;69
14555,646;75
14556,646;10925
14557,646;95
14558,646;66
14559,646;76
14560,646;74
14561,646;63
14562,646;10925
14563,646;91
14564,646;76
14565,646;68
14566,646;70
14567,646;83
14568,646;10884
14569,646;70
14570,646;65
14571,646;78
14572,646;76
14573,646;76
14574,646;10918
14575,646;73
14576,646;68
14577,646;72
14578,646;65
14579,646;73
14580,646;10894
14581,646;73
14582,646;66
14583,646;70
14584,646;64
14585,646;83
14586,646;10924
14587,646;71
14588,646;67
14589,646;56
14590,646;71
14591,646;71
14592,646;10879
14593,646;73
14594,646;67
14595,646;71
14596,646;79
14597,646;70
14598,646;10910
14599,646;73
14600,646;76
14601,646;60
14602,646;67
14603,646;61
14604,646;10912
14605,646;75
14606,646;69
14607,646;48
14608,646;92
14609,646;74
14610,646;10928
14611,646;78
14612,646;65
14613,646;73
14614,646;79
14615,646;74
14616,646;10907
14617,646;83
14618,646;65
14619,646;77
14620,646;75
14621,646;64
14622,646;10903
14623,646;63
14624,646;65
14625,646;63
14626,646;58
14627,646;77
14628,646;10901
14629,646;62
14630,646;50
14631,646;61
14632,646;67
14633,646;60
14634,646;10905
14635,646;80
14636,646;56
14637,646;59
14638,646;68
14639,646;71
14640,646;10897
14641,646;71
14642,646;72
14643,646;70
14644,646;62
14645,646;67
14646,646;10898
14646,778;77
14647,778;60
14648,778;89
14649,778;70
14650,778;75
14651,778;10910
14652,778;64
14653,778;69
14654,778;70
14655,778;64
14656,778;80
14657,778;10839
14658,778;89
14659,778;71
14660,778;54
14661,778;66
14662,778;71
14663,778;10905
14664,778;79
14665,778;58
14666,778;68
14667,778;73
14668,778;66
14669,778;10883
14670,778;78
14671,778;55
14672,778;59
14673,778;64
14674,778;67
14675,778;10881
14676,778;86
14677,778;56
14678,778;53
14679,778;77
14680,778;71
14681,778;10573
14682,778;76
14683,778;59
14684,778;59
14685,778;70
14686,778;75
14687,778;10791
14688,778;77
14689,778;71
14690,778;60
14691,778;64
14692,778;74
14693,778;10910
14694,778;84
14695,778;72
14696,778;77
14697,778;65
14698,778;63
14699,778;10897
14700,778;105
14701,778;55
14702,778;68
14703,778;69
14704,778;80
14705,778;10869
14706,778;79
14707,778;61
14708,778;77
14709,778;49
14710,778;78
14711,778;10882
14712,778;94
14713,778;64
14714,778;67
14715,778;75
14716,778;66
14717,778;10861
14718,778;83
14719,778;69
14720,778;59
14721,778;68
14722,778;80
14723,778;10895
14724,778;84
14725,778;70
14726,778;74
14727,778;59
14728,778;72
14729,778;10897
14730,778;86
14731,778;55
14732,778;59
14733,778;70
14734,778;71
14735,778;10902
14736,778;96
14737,778;70
14738,778;74
14739,778;64
14740,778;69
14741,778;10925
14742,778;98
14743,778;76
14744,778;76
14745,778;73
14746,778;60
14751,158;10874
14752,158;86
14753,158;64
14754,158;63
14755,158;73
14756,158;78
14757,158;10895
14758,158;93
14759,158;63
14760,158;84
14761,158;65
14762,158;72
14763,158;10885
14764,158;108
14765,158;74
14766,158;70
14767,158;72
14768,158;62
14769,158;10887
14770,158;95
14771,158;61
14772,158;81
14773,158;73
14774,158;71
14775,158;10875
14776,158;103
14777,158;85
14778,158;66
14779,158;74
14780,158;67
14781,158;10889
14782,158;96
14783,158;72
14784,158;60
14785,158;78
14786,158;58
14787,158;10864
14788,158;95
14789,158;48
14790,158;64
14791,158;71
14792,158;65
14793,158;10921
14794,158;101
14795,158;65
14796,158;67
14797,158;78
14798,158;75
14799,158;10876
14800,158;81
14801,158;67
14802,158;56
14803,158;67
14804,158;86
14805,158;10870
14806,158;110
14807,158;76
14808,158;70
14809,158;73
14810,158;78
14811,158;10856
14812,158;110
14813,158;69
14814,158;63
14815,158;62
14816,158;61
14817,158;10890
14818,158;109
14819,158;81
14820,158;67
14821,158;70
14822,158;67
14823,158;10872
14824,158;103
14825,158;73
14826,158;66
14827,158;74
14828,158;44
14829,158;10897
14830,158;99
14831,158;71
14832,158;67
14833,158;69
14834,158;85
14835,158;10894
14836,158;105
14837,158;67
14838,158;63
14839,158;72
14840,158;71
14841,158;10902
14842,158;118
14843,158;71
14844,158;75
14845,158;78
14846,158;76
14847,158;10880
14848,158;112
14849,158;78
14850,158;64
14851,158;71
14849,158;81
14850,158;10849
14851,158;108
14852,158;70
14853,158;60
14854,158;78
14855,158;73
14856,158;10899
14857,158;123
14858,158;55
14859,158;70
14860,158;63
14861,158;76
14862,158;10907
14863,158;111
14864,158;79
14865,158;76
14866,158;65
14867,158;49
14868,158;10859
14869,158;115
14870,158;73
14871,158;78
14872,158;68
14873,158;90
14874,158;10872
14875,158;129
14876,158;77
14877,158;77
14878,158;82
14879,158;73
14880,158;10856
14881,158;103
14882,158;67
14883,158;59
14884,158;74
14885,158;60
14886,158;10904
14887,158;120
14888,158;58
14889,158;87
14890,158;55
14891,158;68
14892,158;10859
14893,158;109
14894,158;65
14895,158;87
14896,158;83
14897,158;71
14898,158;10876
14899,158;120
14900,158;80
14901,158;72
14902,158;78
14903,158;73
14904,158;10868
14905,158;113
14906,158;75
14907,158;79
14908,158;70
14909,158;89
14910,158;10882
14911,158;142
14912,158;71
14913,158;62
14914,158;82
14915,158;57
14916,158;10874
14917,158;125
14918,158;82
14919,158;68
14920,158;73
14921,158;79
14922,158;10881
14923,158;125
14924,158;76
14925,158;73
14926,158;91
14927,158;83
14928,158;10886
14929,158;133
14930,158;82
14931,158;70
14932,158;65
14933,158;79
14934,158;10874
14935,158;115
14936,158;81
14937,158;81
14938,158;66
14939,158;66
14940,158;10869
14941,158;145
14942,158;75
14943,158;58
14944,158;84
14945,158;74
14946,158;10932
14947,158;66
14948,158;86
14949,158;71
14950,607;74
14951,607;89
14952,607;10873
14953,607;132
14954,607;73
14955,607;79
14956,607;70
14957,607;75
14958,607;10859
14959,607;129
14960,607;65
14961,607;81
14962,607;71
14963,607;68
14964,607;10848
14965,607;122
14966,607;68
14967,607;78
14968,607;62
14969,607;79
14970,607;10880
14971,607;127
14972,607;71
14973,607;85
14974,607;66
14975,607;80
14976,607;10886
14977,607;138
14978,607;42
14979,607;67
14980,607;81
14981,607;81
14982,607;10934
14983,607;97
14984,607;70
14985,607;64
14986,607;77
14987,607;91
14988,607;10882
14989,607;134
14990,607;67
14991,607;60
14992,607;73
14993,607;80
14994,607;10484
14995,607;135
14996,607;65
14997,607;74
14998,607;81
14999,607;63
15000,607;10780
15001,607;145
15002,607;88
15003,607;79
15004,607;62
15005,607;68
15006,607;10861
15007,607;143
15008,607;73
15009,607;83
15010,607;79
15011,607;75
15012,607;10864
15013,607;129
15014,607;76
15015,607;70
15016,607;83
15017,607;75
15018,607;10882
15019,607;134
15020,607;66
15021,607;80
15022,607;66
15023,607;90
15024,607;10890
15025,607;129
15026,607;64
15027,607;85
15028,607;74
15029,607;81
15030,607;10857
15031,607;145
15032,607;73
15033,607;63
15034,607;77
15035,607;80
15036,607;10899
15037,607;131
15038,607;60
15039,607;75
15040,607;67
15041,607;70
15042,607;10864
15043,607;130
15044,607;76
15045,607;72
15046,607;72
15047,607;82
15048,607;10900
15049,607;149
15050,607;71
15051,808;82
15052,808;68
15053,808;74
15054,808;10854
15055,808;129
15056,808;75
15057,808;72
15058,808;65
15059,808;79
15060,808;10922
15061,808;76
15062,808;54
15063,808;71
15064,808;65
15065,808;62
15066,808;10864
15067,808;139
15068,808;61
15069,808;67
15070,808;79
15071,808;65
15072,808;10844
15073,808;142
15074,808;51
15075,808;83
15076,808;82
15077,808;89
15078,808;10836
15079,808;147
15080,808;70
15081,808;74
15082,808;97
15083,808;76
15084,808;10858
15085,808;151
15086,808;57
15087,808;73
15088,808;62
15089,808;72
15090,808;10868
15091,808;141
15092,808;64
15093,808;69
15094,808;61
15095,808;81
15096,808;10852
15097,808;135
15098,808;53
15099,808;57
15100,808;69
15101,808;77
15102,808;10838
15103,808;143
15104,808;71
15105,808;61
15106,808;79
15107,808;78
15108,808;10839
15109,808;141
15110,808;51
15111,808;76
15112,808;75
15113,808;65
15114,808;10841
15115,808;136
15116,808;59
15117,808;72
15118,808;79
15119,808;65
15120,808;10848
15121,808;147
15122,808;62
15123,808;72
15124,808;69
15125,808;49
15126,808;10824
15127,808;142
15128,808;79
15129,808;61
15130,808;66
15131,808;85
15132,808;10850
15133,808;136
15134,808;93
15135,808;65
15136,808;75
15137,808;71
15138,808;10817
15139,808;148
15140,808;69
15141,808;63
15142,808;67
15143,808;84
15144,808;10832
15145,808;142
15146,808;68
15147,808;63
15148,808;64
15149,808;74
15150,808;10846
15151,808;148
15151,464;71
15152,464;74
15153,464;74
15154,464;78
15155,464;10856
15156,464;149
15157,464;76
15158,464;63
15159,464;72
15160,464;59
15161,464;10810
15162,464;139
15163,464;59
15164,464;75
15165,464;87
15166,464;78
15167,464;10868
15168,464;111
15169,464;72
15170,464;80
15171,464;76
15172,464;74
15173,464;10828
15174,464;163
15175,464;65
15176,464;79
15177,464;59
15178,464;75
15179,464;10821
15180,464;162
15181,464;58
15182,464;70
15183,464;57
15184,464;62
15185,464;10841
15186,464;153
15187,464;57
15188,464;75
15189,464;62
15190,464;79
15191,464;10811
15192,464;173
15193,464;78
15194,464;69
15195,464;65
15196,464;72
15197,464;10856
15198,464;155
15199,464;67
15200,464;82
15201,464;63
15202,464;73
15203,464;10814
15204,464;153
15205,464;52
15206,464;74
15207,464;78
15208,464;71
15209,464;10818
15210,464;161
15211,464;73
15212,464;81
15213,464;56
15214,464;62
15215,464;10829
15216,464;160
15217,464;64
15218,464;68
15219,464;70
15220,464;71
15221,464;10824
15222,464;160
15223,464;70
15224,464;65
15225,464;79
15226,464;71
15227,464;10834
15228,464;143
15229,464;74
15230,464;58
15231,464;67
15232,464;69
15233,464;10832
15234,464;150
15235,464;75
15236,464;56
15237,464;66
15238,464;61
15239,464;10836
15240,464;162
15241,464;81
15242,464;57
15243,464;66
15244,464;84
15245,464;10804
15246,464;167
15247,464;72
15248,464;57
15249,464;59
15250,464;67
15251,464;10829
15253,681;161
15254,681;53
15255,681;75
15256,681;74
15257,681;72
15258,681;10792
15259,681;167
15260,681;48
15261,681;69
15262,681;54
15263,681;68
15264,681;10822
15265,681;163
15266,681;80
15267,681;77
15268,681;71
15269,681;71
15270,681;10809
15271,681;163
15272,681;58
15273,681;63
15274,681;81
15275,681;67
15276,681;10804
15277,681;176
15278,681;61
15279,681;63
15280,681;63
15281,681;68
15282,681;10845
15283,681;142
15284,681;75
15285,681;70
15286,681;65
15287,681;77
15288,681;10872
15289,681;124
15290,681;70
15291,681;74
15292,681;54
15293,681;54
15294,681;10842
15295,681;181
15296,681;63
15297,681;60
15298,681;71
15299,681;67
15300,681;10780
15301,681;179
15302,681;64
15303,681;81
15304,681;57
15305,681;63
15306,681;10472
15307,681;157
15308,681;59
15309,681;62
15310,681;68
15311,681;58
15312,681;10752
15313,681;176
15314,681;56
15315,681;50
15316,681;73
15317,681;63
15318,681;10768
15319,681;173
15320,681;52
15321,681;67
15322,681;75
15323,681;72
15324,681;10842
15325,681;157
15326,681;60
15327,681;70
15328,681;66
15329,681;55
15330,681;10821
15331,681;181
15332,681;81
15333,681;70
15334,681;65
15335,681;68
15336,681;10774
15337,681;167
15338,681;68
15339,681;69
15340,681;70
15341,681;68
15342,681;10827
15343,681;181
15344,681;66
15345,681;55
15346,681;54
15347,681;76
15348,681;10803
15349,681;177
15350,681;64
15351,681;50
15352,681;71
15353,681;73
15354,681;10825
15355,681;173
15356,681;55
15357,681;58
15358,681;63
15359,681;74
15360,681;10802
15361,681;178
15362,681;62
15363,681;73
15364,681;68
15365,681;76
15366,681;10816
15367,681;182
15368,681;61
15369,681;57
15370,681;62
15371,681;75
15372,681;10826
15373,681;183
15374,681;75
15375,681;69
15376,681;73
15377,681;79
15378,681;10803
15379,681;192
15380,681;72
15381,681;67
15382,681;64
15383,681;57
15384,681;10807
15385,681;194
15386,681;70
15387,681;69
15388,681;63
15389,681;80
15390,681;10861
15391,681;125
15392,681;78
15393,681;65
15394,681;70
15395,681;70
15396,681;10799
15397,681;192
15398,681;67
15399,681;88
15400,681;73
15401,681;74
15402,681;10809
15403,681;192
15404,681;77
15405,681;57
15406,681;62
15407,681;79
15408,681;10832
15409,681;187
15410,681;79
15411,681;66
15412,681;67
15413,681;76
15414,681;10823
15415,681;198
15416,681;77
15417,681;60
15418,681;74
15419,681;76
15420,681;10807
15421,681;187
15422,681;73
15423,681;76
15424,681;68
15425,681;84
15426,681;10787
15427,681;202
15428,681;79
15429,681;52
15430,681;67
15431,681;63
15432,681;10777
15433,681;178
15434,681;70
15435,681;58
15436,681;50
15437,681;68
15438,681;10781
15439,681;167
15440,681;76
15441,681;65
15442,681;82
15443,681;71
15444,681;10763
15445,681;201
15446,681;73
15447,681;70
15448,681;78
15449,681;66
15450,681;10757
15451,681;212
15452,681;52
15453,681;94
15454,681;61
15455,785;58
15456,785;10763
15457,785;191
15458,785;58
15459,785;66
15460,785;71
15461,785;65
15462,785;10800
15463,785;213
15464,785;58
15465,785;78
15466,785;56
15467,785;61
15468,785;10786
15469,785;214
15470,785;68
15471,785;72
15472,785;77
15473,785;73
15474,785;10808
15475,785;186
15476,785;57
15477,785;73
15478,785;72
15479,785;75
15480,785;10790
15481,785;197
15482,785;74
15483,785;61
15484,785;63
15485,785;67
15486,785;10795
15487,785;185
15488,785;65
15489,785;66
15490,785;84
15491,785;80
15492,785;10802
15493,785;208
15494,785;68
15495,785;81
15496,785;84
15497,785;77
15498,785;10804
15499,785;217
15500,785;83
15501,785;79
15502,785;70
15503,785;77
15504,785;10790
15505,785;210
15506,785;71
15507,785;72
15508,785;69
15509,785;87
15510,785;10802
15511,785;210
15512,785;65
15513,785;59
15514,785;77
15515,785;67
15516,785;10784
15517,785;206
15518,785;70
15519,785;71
15520,785;83
15521,785;64
15522,785;10775
15523,785;194
15524,785;64
15525,785;75
15526,785;72
15527,785;76
15528,785;10768
15529,785;202
15530,785;64
15531,785;61
15532,785;72
15533,785;77
15534,785;10803
15535,785;208
15536,785;61
15537,785;66
15538,785;71
15539,785;73
15540,785;10807
15541,785;207
15542,785;81
15543,785;88
15544,785;77
15545,785;85
15546,785;10897
15547,785;93
15548,785;66
15549,785;79
15550,785;79
15551,785;84
15552,785;10873
15553,785;117
15554,785;68
15555,785;88
15556,853;70
15557,853;89
15558,853;10778
15559,853;229
15560,853;70
15561,853;69
15562,853;68
15563,853;67
15564,853;10797
15565,853;209
15566,853;79
15567,853;78
15568,853;70
15569,853;97
15570,853;10873
15571,853;121
15572,853;63
15573,853;73
15574,853;71
15575,853;70
15576,853;10813
15577,853;213
15578,853;82
15579,853;60
15580,853;90
15581,853;76
15582,853;10807
15583,853;212
15584,853;68
15585,853;85
15586,853;58
15587,853;75
15588,853;10778
15589,853;225
15590,853;74
15591,853;91
15592,853;65
15593,853;89
15594,853;10775
15595,853;224
15596,853;71
15597,853;77
15598,853;84
15599,853;64
15600,853;10806
15601,853;217
15602,853;62
15603,853;86
15604,853;78
15605,853;85
15606,853;10813
15607,853;242
15608,853;84
15609,853;73
15610,853;80
15611,853;70
15612,853;10786
15613,853;220
15614,853;73
15615,853;59
15616,853;90
15617,853;82
15618,853;10437
15619,853;225
15620,853;53
15621,853;75
15622,853;89
15623,853;75
15624,853;10814
15625,853;139
15626,853;67
15627,853;58
15628,853;69
15629,853;72
15630,853;10759
15631,853;224
15632,853;59
15633,853;81
15634,853;80
15635,853;73
15636,853;10782
15637,853;227
15638,853;83
15639,853;68
15640,853;77
15641,853;76
15642,853;10776
15643,853;228
15644,853;72
15645,853;70
15646,853;77
15647,853;80
15648,853;10741
15649,853;234
15650,853;71
15651,853;75
15652,853;74
15653,853;77
15654,853;10795
15655,853;225
15656,853;76
15657,81;75
15658,81;77
15659,81;63
15660,81;10792
15661,81;225
15662,81;81
15663,81;72
15664,81;62
15665,81;85
15666,81;10771
15667,81;251
15668,81;66
15669,81;74
15670,81;60
15671,81;75
15672,81;10825
15673,81;162
15674,81;72
15675,81;58
15676,81;83
15677,81;76
15678,81;10784
15679,81;253
15680,81;89
15681,81;73
15682,81;79
15683,81;63
15684,81;10762
15685,81;224
15686,81;89
15687,81;68
15688,81;76
15689,81;89
15690,81;10800
15691,81;236
15692,81;73
15693,81;62
15694,81;60
15695,81;76
15696,81;10776
15697,81;234
15698,81;79
15699,81;84
15700,81;73
15701,81;78
15702,81;10761
15703,81;248
15704,81;69
15705,81;72
15706,81;69
15707,81;75
15708,81;10776
15709,81;235
15710,81;80
15711,81;68
15712,81;81
15713,81;91
15714,81;10746
15715,81;233
15716,81;71
15717,81;64
15718,81;77
15719,81;80
15720,81;10766
15721,81;226
15722,81;57
15723,81;64
15724,81;65
15725,81;62
15726,81;10771
15727,81;236
15728,81;60
15729,81;70
15730,81;75
15731,81;74
15732,81;10754
15733,81;238
15734,81;88
15735,81;74
15736,81;75
15737,81;87
15738,81;10749
15739,81;231
15740,81;63
15741,81;72
15742,81;80
15743,81;86
15744,81;10798
15745,81;231
15746,81;64
15747,81;70
15748,81;73
15749,81;57
15750,81;10746
15751,81;227
15752,81;61
15753,81;71
15754,81;80
15755,81;64
15756,81;10760
15757,81;251
15758,91;72
15759,91;64
15760,91;66
15761,91;61
15762,91;10745
15763,91;232
15764,91;70
15765,91;61
15766,91;79
15767,91;71
15768,91;10760
15769,91;226
15770,91;71
15771,91;61
15772,91;64
15773,91;70
15774,91;10805
15775,91;195
15776,91;77
15777,91;72
15778,91;77
15779,91;72
15780,91;10738
15781,91;242
15782,91;58
15783,91;70
15784,91;65
15785,91;82
15786,91;10723
15787,91;238
15788,91;76
15789,91;70
15790,91;89
15791,91;71
15792,91;10733
15793,91;238
15794,91;60
15795,91;61
15796,91;70
15797,91;76
15798,91;10731
15799,91;242
15800,91;74
15801,91;57
15802,91;85
15803,91;78
15804,91;10837
15805,91;181
15806,91;68
15807,91;67
15808,91;69
15809,91;58
15810,91;10763
15811,91;248
15812,91;59
15813,91;68
15814,91;77
15815,91;79
15816,91;10746
15817,91;250
15818,91;64
15819,91;64
15820,91;82
15821,91;54
15822,91;10750
15823,91;237
15824,91;66
15825,91;82
15826,91;65
15827,91;71
15828,91;10822
15829,91;165
15830,91;62
15831,91;80
15832,91;75
15833,91;57
15834,91;10771
15835,91;265
15836,91;62
15837,91;63
15838,91;69
15839,91;51
15840,91;10755
15841,91;238
15842,91;67
15843,91;73
15844,91;68
15845,91;71
15846,91;10783
15847,91;241
15848,91;53
15849,91;80
15850,91;77
15851,91;65
15852,91;10756
15853,91;246
15854,91;63
15855,91;51
15856,91;70
15857,91;71
15858,91;10738
15859,91;261
15860,91;61
15861,91;67
15862,91;70
15863,91;69
15864,91;10740
15865,91;249
15866,91;67
15867,91;71
15868,91;82
15869,91;55
15870,91;10738
15871,91;255
15872,91;63
15873,91;68
15874,91;67
15875,91;71
15876,91;10744
15877,91;260
15878,91;66
15879,91;66
15880,91;72
15881,91;65
15882,91;10715
15883,91;255
15884,91;73
15885,91;73
15886,91;60
15887,91;57
15888,91;10729
15889,91;199
15890,91;60
15891,91;58
15892,91;56
15893,91;79
15894,91;10764
15895,91;245
15896,91;62
15897,91;79
15898,91;61
15899,91;61
15900,91;10754
15901,91;270
15902,91;58
15903,91;74
15904,91;62
15905,91;64
15906,91;10730
15907,91;262
15908,91;63
15909,91;61
15910,91;78
15911,91;67
15912,91;10824
15913,91;148
15914,91;65
15915,91;57
15916,91;68
15917,91;57
15918,91;10733
15919,91;253
15920,91;44
15921,91;63
15922,91;76
15923,91;62
15924,91;10713
15925,91;258
15926,91;47
15927,91;56
15928,91;77
15929,91;61
15930,91;10382
15931,91;256
15932,91;47
15933,91;78
15934,91;62
15935,91;69
15936,91;10656
15937,91;284
15938,91;66
15939,91;59
15940,91;68
15941,91;68
15942,91;10735
15943,91;241
15944,91;65
15945,91;75
15946,91;74
15947,91;57
15948,91;10711
15949,91;252
15950,91;49
15951,91;69
15952,91;65
15953,91;73
15954,91;10717
15955,91;266
15956,91;78
15957,91;64
15958,91;80
15959,91;59
15960,648;10717
15961,648;264
15962,648;67
15963,648;65
15964,648;59
15965,648;64
15966,648;10772
15967,648;263
15968,648;55
15969,648;69
15970,648;59
15971,648;79
15972,648;10772
15973,648;248
15974,648;64
15975,648;69
15976,648;76
15977,648;83
15978,648;10744
15979,648;259
15980,648;47
15981,648;69
15982,648;70
15983,648;68
15984,648;10704
15985,648;279
15986,648;62
15987,648;48
15988,648;64
15989,648;76
15990,648;10739
15991,648;273
15992,648;63
15993,648;79
15994,648;63
15995,648;72
15996,648;10710
15997,648;267
15998,648;64
15999,648;55
16000,648;63
16001,648;67
16002,648;10725
16003,648;255
16004,648;71
16005,648;66
16006,648;67
16007,648;67
16008,648;10850
16009,648;158
16010,648;74
16011,648;78
16012,648;64
16013,648;71
16014,648;10735
16015,648;277
16016,648;73
16017,648;70
16018,648;74
16019,648;78
16020,648;10729
16021,648;291
16022,648;82
16023,648;72
16024,648;58
16025,648;60
16026,648;10802
16027,648;201
16028,648;65
16029,648;79
16030,648;69
16031,648;67
16032,648;10721
16033,648;282
16034,648;77
16035,648;66
16036,648;73
16037,648;74
16038,648;10725
16039,648;288
16040,648;66
16041,648;57
16042,648;79
16043,648;79
16044,648;10736
16045,648;292
16046,648;68
16047,648;54
16048,648;71
16049,648;74
16050,648;10704
16051,648;285
16052,648;75
16053,648;78
16054,648;66
16055,648;83
16056,648;10691
16057,648;281
16058,648;74
16059,648;79
16060,648;69
16061,029;77
16062,029;10701
16063,029;268
16064,029;77
16065,029;83
16066,029;72
16067,029;58
16068,029;10712
16069,029;288
16070,029;78
16071,029;73
16072,029;78
16073,029;62
16074,029;10711
16075,029;300
16076,029;77
16077,029;58
16078,029;72
16079,029;59
16080,029;10724
16081,029;279
16082,029;71
16083,029;58
16084,029;69
16085,029;71
16086,029;10704
16087,029;290
16088,029;59
16089,029;74
16090,029;72
16091,029;77
16092,029;10722
16093,029;291
16094,029;56
16095,029;65
16096,029;75
16097,029;67
16098,029;10734
16099,029;277
16100,029;67
16101,029;85
16102,029;72
16103,029;71
16104,029;10705
16105,029;296
16106,029;68
16107,029;59
16108,029;87
16109,029;45
16110,029;10697
16111,029;281
16112,029;74
16113,029;64
16114,029;67
16115,029;80
16116,029;10728
16117,029;291
16118,029;64
16119,029;61
16120,029;78
16121,029;85
16122,029;10707
16123,029;286
16124,029;76
16125,029;75
16126,029;91
16127,029;76
16128,029;10694
16129,029;281
16130,029;63
16131,029;74
16132,029;74
16133,029;68
16134,029;10708
16135,029;296
16136,029;81
16137,029;80
16138,029;91
16139,029;69
16140,029;10728
16141,029;317
16142,029;88
16143,029;59
16144,029;72
16145,029;63
16146,029;10735
16147,029;299
16148,029;71
16149,029;83
16150,029;72
16151,029;74
16152,029;10718
16153,029;307
16154,029;68
16155,029;84
16156,029;68
16157,029;82
16158,029;10731
16159,029;311
16160,029;73
16161,029;76
16161,872;73
16162,872;58
16163,872;10711
16164,872;293
16165,872;91
16166,872;71
16167,872;79
16168,872;70
16169,872;10727
16170,872;290
16171,872;62
16172,872;86
16173,872;79
16174,872;63
16175,872;10722
16176,872;309
16177,872;66
16178,872;77
16179,872;74
16180,872;66
16181,872;10700
16182,872;293
16183,872;66
16184,872;80
16185,872;72
16186,872;76
16187,872;10717
16188,872;311
16189,872;64
16190,872;77
16191,872;75
16192,872;79
16193,872;10701
16194,872;312
16195,872;69
16196,872;67
16197,872;73
16198,872;80
16199,872;10719
16200,872;317
16201,872;64
16202,872;70
16203,872;72
16204,872;74
16205,872;10694
16206,872;298
16207,872;73
16208,872;74
16209,872;80
16210,872;73
16211,872;10678
16212,872;298
16213,872;83
16214,872;69
16215,872;78
16216,872;89
16217,872;10731
16218,872;291
16219,872;71
16220,872;78
16221,872;84
16222,872;77
16223,872;10798
16224,872;185
16225,872;63
16226,872;62
16227,872;71
16228,872;84
16229,872;10702
16230,872;309
16231,872;73
16232,872;78
16233,872;78
16234,872;79
16235,872;10692
16236,872;289
16237,872;67
16238,872;71
16239,872;76
16240,872;76
16241,872;10387
16242,872;317
16243,872;62
16244,872;64
16245,872;94
16246,872;73
16247,872;10640
16248,872;313
16249,872;69
16250,872;74
16251,872;79
16252,872;91
16253,872;10684
16254,872;315
16255,872;74
16256,872;87
16257,872;82
16258,872;66
16259,872;10696
16260,872;325
16261,872;82
16263,755;76
16264,755;79
16265,755;74
16266,755;10696
16267,755;294
16268,755;81
16269,755;69
16270,755;78
16271,755;72
16272,755;10715
16273,755;311
16274,755;60
16275,755;58
16276,755;68
16277,755;78
16278,755;10686
16279,755;318
16280,755;71
16281,755;67
16282,755;70
16283,755;80
16284,755;10704
16285,755;319
16286,755;57
16287,755;71
16288,755;80
16289,755;86
16290,755;10678
16291,755;304
16292,755;62
16293,755;67
16294,755;91
16295,755;73
16296,755;10701
16297,755;307
16298,755;80
16299,755;69
16300,755;77
16301,755;73
16302,755;10705
16303,755;324
16304,755;57
16305,755;66
16306,755;73
16307,755;70
16308,755;10666
16309,755;331
16310,755;73
16311,755;84
16312,755;86
16313,755;86
16314,755;10693
16315,755;322
16316,755;68
16317,755;69
16318,755;68
16319,755;74
16320,755;10665
16321,755;314
16322,755;77
16323,755;88
16324,755;90
16325,755;66
16326,755;10687
16327,755;331
16328,755;62
16329,755;68
16330,755;77
16331,755;82
16332,755;10662
16333,755;312
16334,755;62
16335,755;78
16336,755;87
16337,755;65
16338,755;10747
16339,755;237
16340,755;66
16341,755;64
16342,755;84
16343,755;75
16344,755;10673
16345,755;335
16346,755;81
16347,755;74
16348,755;81
16349,755;74
16350,755;10671
16351,755;326
16352,755;64
16353,755;77
16354,755;74
16355,755;75
16356,755;10639
16357,755;322
16358,755;59
16359,755;76
16360,755;73
16361,755;81
16362,755;10744
16363,755;285
16364,234;69
16365,234;68
16366,234;60
16367,234;63
16368,234;10670
16369,234;341
16370,234;56
16371,234;77
16372,234;81
16373,234;61
16374,234;10753
16375,234;214
16376,234;78
16377,234;61
16378,234;73
16379,234;64
16380,234;10660
16381,234;313
16382,234;64
16383,234;69
16384,234;73
16385,234;81
16386,234;10646
16387,234;331
16388,234;70
16389,234;69
16390,234;63
16391,234;73
16392,234;10663
16393,234;339
16394,234;66
16395,234;62
16396,234;71
16397,234;69
16398,234;10643
16399,234;338
16400,234;81
16401,234;67
16402,234;57
16403,234;68
16404,234;10667
16405,234;330
16406,234;50
16407,234;68
16408,234;65
16409,234;72
16410,234;10684
16411,234;322
16412,234;87
16413,234;70
16414,234;73
16415,234;70
16416,234;10667
16417,234;332
16418,234;85
16419,234;60
16420,234;90
16421,234;66
16422,234;10652
16423,234;349
16424,234;65
16425,234;70
16426,234;67
16427,234;76
16428,234;10676
16429,234;334
16430,234;65
16431,234;68
16432,234;68
16433,234;55
16434,234;10645
16435,234;341
16436,234;56
16437,234;67
16438,234;71
16439,234;75
16440,234;10683
16441,234;335
16442,234;65
16443,234;70
16444,234;75
16445,234;77
16446,234;10660
16447,234;340
16448,234;66
16449,234;74
16450,234;75
16451,234;75
16452,234;10673
16453,234;327
16454,234;67
16455,234;70
16456,234;86
16457,234;73
16458,234;10641
16459,234;330
16460,234;64
16461,234;77
16462,234;64
16463,234;100
16464,234;10635
16465,234;337
16466,234;77
16467,234;53
16468,234;74
16469,234;75
16470,234;10676
16471,234;336
16472,234;88
16473,234;51
16474,234;67
16475,234;81
16476,234;10658
16477,234;332
16478,234;71
16479,234;48
16480,234;85
16481,234;68
16482,234;10668
16483,234;343
16484,234;70
16485,234;78
16486,234;79
16487,234;67
16488,234;10657
16489,234;338
16490,234;83
16491,234;72
16492,234;65
16493,234;70
16494,234;10695
16495,234;351
16496,234;59
16497,234;68
16498,234;60
16499,234;66
16500,234;10654
16501,234;350
16502,234;50
16503,234;70
16504,234;67
16505,234;65
16506,234;10667
16507,234;333
16508,234;72
16509,234;72
16510,234;67
16511,234;64
16512,234;10753
16513,234;240
16514,234;64
16515,234;75
16516,234;73
16517,234;74
16518,234;10683
16519,234;343
16520,234;60
16521,234;67
16522,234;70
16523,234;79
16524,234;10644
16525,234;338
16526,234;71
16527,234;69
16528,234;69
16529,234;71
16530,234;10658
16531,234;332
16532,234;63
16533,234;57
16534,234;60
16535,234;77
16536,234;10610
16537,234;342
16538,234;59
16539,234;46
16540,234;62
16541,234;66
16542,234;10619
16543,234;348
16544,234;59
16545,234;60
16546,234;54
16547,234;63
16548,234;10624
16549,234;352
16550,234;60
16551,234;67
16552,234;69
16553,234;65
16554,234;10292
16555,234;346
16556,234;71
16557,234;67
16558,234;70
16559,234;61
16560,234;10547
16561,234;355
16562,234;71
16563,234;54
16564,234;47
16565,234;66
16566,46;10620
16567,46;333
16568,46;53
16569,46;62
16570,46;62
16571,46;68
16572,46;10652
16573,46;343
16574,46;64
16575,46;58
16576,46;66
16577,46;59
16578,46;10649
16579,46;358
16580,46;64
16581,46;62
16582,46;76
16583,46;65
16584,46;10643
16585,46;354
16586,46;68
16587,46;68
16588,46;55
16589,46;69
16590,46;10670
16591,46;356
16592,46;52
16593,46;74
16594,46;64
16595,46;66
16596,46;10662
16597,46;349
16598,46;63
16599,46;74
16600,46;66
16601,46;78
16602,46;10655
16603,46;386
16604,46;72
16605,46;58
16606,46;66
16607,46;79
16608,46;10665
16609,46;349
16610,46;68
16611,46;66
16612,46;67
16613,46;59
16614,46;10630
16615,46;372
16616,46;65
16617,46;76
16618,46;69
16619,46;77
16620,46;10656
16621,46;351
16622,46;71
16623,46;83
16624,46;66
16625,46;65
16626,46;10670
16627,46;346
16628,46;62
16629,46;67
16630,46;54
16631,46;76
16632,46;10647
16633,46;369
16634,46;90
16635,46;63
16636,46;78
16637,46;59
16638,46;10656
16639,46;366
16640,46;73
16641,46;75
16642,46;67
16643,46;63
16644,46;10678
16645,46;368
16646,46;66
16647,46;65
16648,46;68
16649,46;85
16650,46;10610
16651,46;370
16652,46;78
16653,46;66
16654,46;70
16655,46;70
16656,46;10617
16657,46;369
16658,46;67
16659,46;68
16660,46;68
16661,46;79
16662,46;10622
16663,46;363
16664,46;79
16665,46;60
16666,46;63
16667,024;67
16668,024;10637
16669,024;362
16670,024;77
16671,024;81
16672,024;81
16673,024;69
16674,024;10634
16675,024;370
16676,024;81
16677,024;54
16678,024;65
16679,024;71
16680,024;10630
16681,024;372
16682,024;81
16683,024;67
16684,024;74
16685,024;74
16686,024;10627
16687,024;387
16688,024;66
16689,024;63
16690,024;79
16691,024;73
16692,024;10624
16693,024;360
16694,024;59
16695,024;67
16696,024;58
16697,024;67
16698,024;10623
16699,024;365
16700,024;84
16701,024;71
16702,024;77
16703,024;65
16704,024;10627
16705,024;376
16706,024;51
16707,024;66
16708,024;67
16709,024;79
16710,024;10593
16711,024;360
16712,024;74
16713,024;81
16714,024;73
16715,024;68
16716,024;10629
16717,024;386
16718,024;72
16719,024;58
16720,024;77
16721,024;77
16722,024;10599
16723,024;366
16724,024;60
16725,024;70
16726,024;71
16727,024;65
16728,024;10633
16729,024;374
16730,024;56
16731,024;66
16732,024;80
16733,024;67
16734,024;10623
16735,024;377
16736,024;66
16737,024;68
16738,024;79
16739,024;73
16740,024;10643
16741,024;380
16742,024;70
16743,024;81
16744,024;77
16745,024;65
16746,024;10621
16747,024;384
16748,024;61
16749,024;79
16750,024;58
16751,024;76
16752,024;10633
16753,024;343
16754,024;72
16755,024;77
16756,024;51
16757,024;73
16758,024;10623
16759,024;377
16760,024;66
16761,024;76
16762,024;59
16763,024;75
16764,024;10622
16765,024;379
16766,024;86
16767,024;69
16767,684;77
16768,684;75
16769,684;10629
16770,684;390
16771,684;70
16772,684;66
16773,684;75
16774,684;84
16775,684;10592
16776,684;382
16777,684;65
16778,684;76
16779,684;73
16780,684;81
16781,684;10662
16782,684;358
16783,684;49
16784,684;71
16785,684;76
16786,684;68
16787,684;10616
16788,684;382
16789,684;59
16790,684;70
16791,684;75
16792,684;79
16793,684;10619
16794,684;392
16795,684;65
16796,684;84
16797,684;84
16798,684;73
16799,684;10616
16800,684;397
16801,684;69
16802,684;65
16803,684;70
16804,684;55
16805,684;10620
16806,684;380
16807,684;61
16808,684;88
16809,684;84
16810,684;72
16811,684;10622
16812,684;391
16813,684;73
16814,684;78
16815,684;73
16816,684;74
16817,684;10633
16818,684;373
16819,684;77
16820,684;74
16821,684;93
16822,684;66
16823,684;10634
16824,684;396
16825,684;65
16826,684;65
16827,684;73
16828,684;80
16829,684;10625
16830,684;403
16831,684;91
16832,684;76
16833,684;66
16834,684;84
16835,684;10629
16836,684;384
16837,684;63
16838,684;76
16839,684;67
16840,684;92
16841,684;10594
16842,684;396
16843,684;70
16844,684;69
16845,684;74
16846,684;62
16847,684;10628
16848,684;395
16849,684;81
16850,684;91
16851,684;66
16852,684;65
16853,684;10612
16854,684;391
16855,684;78
16856,684;60
16857,684;62
16858,684;65
16859,684;10622
16860,684;398
16861,684;70
16862,684;86
16863,684;72
16864,684;60
16865,684;10267
16866,684;399
16867,684;70
16868,375;80
16869,375;65
16870,375;77
16871,375;10550
16872,375;419
16873,375;57
16874,375;68
16875,375;85
16876,375;63
16877,375;10718
16878,375;301
16879,375;83
16880,375;68
16881,375;70
16882,375;97
16883,375;10610
16884,375;407
16885,375;75
16886,375;68
16887,375;83
16888,375;89
16889,375;10607
16890,375;398
16891,375;81
16892,375;72
16893,375;64
16894,375;72
16895,375;10610
16896,375;388
16897,375;88
16898,375;61
16899,375;74
16900,375;74
16901,375;10625
16902,375;403
16903,375;75
16904,375;60
16905,375;62
16906,375;90
16907,375;10616
16908,375;396
16909,375;73
16910,375;74
16911,375;60
16912,375;65
16913,375;10696
16914,375;323
16915,375;65
16916,375;65
16917,375;78
16918,375;77
16919,375;10609
16920,375;398
16921,375;74
16922,375;71
16923,375;82
16924,375;81
16925,375;10614
16926,375;402
16927,375;64
16928,375;75
16929,375;81
16930,375;77
16931,375;10603
16932,375;390
16933,375;84
16934,375;77
16935,375;76
16936,375;86
16937,375;10614
16938,375;420
16939,375;55
16940,375;65
16941,375;80
16942,375;73
16943,375;10596
16944,375;391
16945,375;74
16946,375;54
16947,375;69
16948,375;78
16949,375;10601
16950,375;412
16951,375;66
16952,375;70
16953,375;85
16954,375;66
16955,375;10608
16956,375;408
16957,375;79
16958,375;64
16959,375;76
16960,375;86
16961,375;10583
16962,375;415
16963,375;86
16964,375;74
16965,375;57
16966,375;87
16967,375;10566
16968,375;407
16970,375;54
16971,375;68
16972,375;70
16973,375;82
16974,375;10592
16975,375;424
16976,375;59
16977,375;56
16978,375;74
16979,375;74
16980,375;10581
16981,375;403
16982,375;80
16983,375;85
16984,375;79
16985,375;81
16986,375;10595
16987,375;418
16988,375;53
16989,375;71
16990,375;70
16991,375;71
16992,375;10589
16993,375;415
16994,375;73
16995,375;69
16996,375;78
16997,375;71
16998,375;10586
16999,375;405
17000,375;67
17001,375;74
17002,375;71
17003,375;67
17004,375;10553
17005,375;423
17006,375;50
17007,375;74
17008,375;71
17009,375;74
17010,375;10573
17011,375;421
17012,375;48
17013,375;56
17014,375;61
17015,375;69
17016,375;10558
17017,375;422
17018,375;70
17019,375;82
17020,375;53
17021,375;53
17022,375;10578
17023,375;415
17024,375;88
17025,375;97
17026,375;72
17027,375;74
17028,375;10590
17029,375;429
17030,375;75
17031,375;83
17032,375;64
17033,375;71
17034,375;10569
17035,375;428
17036,375;59
17037,375;62
17038,375;63
17039,375;60
17040,375;10564
17041,375;433
17042,375;80
17043,375;68
17044,375;65
17045,375;54
17046,375;10582
17047,375;407
17048,375;82
17049,375;53
17050,375;75
17051,375;70
17052,375;10553
17053,375;417
17054,375;75
17055,375;74
17056,375;83
17057,375;66
17058,375;10575
17059,375;415
17060,375;64
17061,375;63
17062,375;77
17063,375;69
17064,375;10601
17065,375;425
17066,375;67
17067,375;70
17068,375;80
17069,375;80
17070,375;10572
17070,812;428
17071,812;71
17072,812;82
17073,812;66
17074,812;67
17075,812;10584
17076,812;425
17077,812;82
17078,812;69
17079,812;67
17080,812;74
17081,812;10580
17082,812;421
17083,812;61
17084,812;63
17085,812;72
17086,812;67
17087,812;10590
17088,812;421
17089,812;64
17090,812;62
17091,812;74
17092,812;69
17093,812;10561
17094,812;425
17095,812;67
17096,812;74
17097,812;61
17098,812;64
17099,812;10577
17100,812;416
17101,812;70
17102,812;62
17103,812;58
17104,812;63
17105,812;10572
17106,812;444
17107,812;81
17108,812;62
17109,812;86
17110,812;53
17111,812;10553
17112,812;421
17113,812;71
17114,812;72
17115,812;65
17116,812;71
17117,812;10581
17118,812;438
17119,812;81
17120,812;50
17121,812;69
17122,812;80
17123,812;10569
17124,812;412
17125,812;67
17126,812;70
17127,812;81
17128,812;65
17129,812;10542
17130,812;427
17131,812;69
17132,812;56
17133,812;62
17134,812;65
17135,812;10607
17136,812;367
17137,812;57
17138,812;55
17139,812;83
17140,812;74
17141,812;10558
17142,812;427
17143,812;81
17144,812;68
17145,812;63
17146,812;54
17147,812;10558
17148,812;439
17149,812;79
17150,812;62
17151,812;55
17152,812;77
17153,812;10530
17154,812;431
17155,812;60
17156,812;62
17157,812;62
17158,812;74
17159,812;10572
17160,812;429
17161,812;59
17162,812;56
17163,812;67
17164,812;61
17165,812;10544
17166,812;444
17167,812;70
17168,812;65
17169,812;61
17170,812;62
17172,678;10506
17173,678;422
17174,678;69
17175,678;55
17176,678;76
17177,678;66
17178,678;10203
17179,678;431
17180,678;66
17181,678;65
17182,678;54
17183,678;69
17184,678;10462
17185,678;434
17186,678;49
17187,678;54
17188,678;57
17189,678;59
17190,678;10545
17191,678;440
17192,678;57
17193,678;65
17194,678;61
17195,678;72
17196,678;10517
17197,678;433
17198,678;68
17199,678;66
17200,678;70
17201,678;68
17202,678;10538
17203,678;443
17204,678;63
17205,678;62
17206,678;56
17207,678;64
17208,678;10520
17209,678;434
17210,678;79
17211,678;67
17212,678;55
17213,678;75
17214,678;10556
17215,678;445
17216,678;65
17217,678;85
17218,678;65
17219,678;45
17220,678;10560
17221,678;443
17222,678;70
17223,678;58
17224,678;60
17225,678;66
17226,678;10573
17227,678;443
17228,678;64
17229,678;79
17230,678;57
17231,678;68
17232,678;10526
17233,678;443
17234,678;65
17235,678;61
17236,678;63
17237,678;68
17238,678;10515
17239,678;450
17240,678;62
17241,678;59
17242,678;62
17243,678;62
17244,678;10550
17245,678;448
17246,678;64
17247,678;68
17248,678;74
17249,678;67
17250,678;10507
17251,678;460
17252,678;66
17253,678;56
17254,678;83
17255,678;71
17256,678;10568
17257,678;402
17258,678;67
17259,678;82
17260,678;57
17261,678;86
17262,678;10524
17263,678;458
17264,678;67
17265,678;54
17266,678;69
17267,678;56
17268,678;10545
17269,678;427
17270,678;65
17271,678;71
17272,678;59
17273,144;53
17274,144;10540
17275,144;433
17276,144;47
17277,144;73
17278,144;71
17279,144;75
17280,144;10540
17281,144;449
17282,144;71
17283,144;77
17284,144;70
17285,144;68
17286,144;10540
17287,144;443
17288,144;57
17289,144;75
17290,144;63
17291,144;83
17292,144;10520
17293,144;455
17294,144;58
17295,144;61
17296,144;78
17297,144;50
17298,144;10621
17299,144;347
17300,144;65
17301,144;71
17302,144;74
17303,144;68
17304,144;10521
17305,144;463
17306,144;62
17307,144;73
17308,144;80
17309,144;82
17310,144;10521
17311,144;452
17312,144;56
17313,144;70
17314,144;74
17315,144;82
17316,144;10530
17317,144;455
17318,144;76
17319,144;74
17320,144;76
17321,144;80
17322,144;10545
17323,144;466
17324,144;73
17325,144;61
17326,144;85
17327,144;68
17328,144;10520
17329,144;453
17330,144;71
17331,144;59
17332,144;68
17333,144;84
17334,144;10528
17335,144;459
17336,144;63
17337,144;67
17338,144;81
17339,144;82
17340,144;10541
17341,144;469
17342,144;66
17343,144;66
17344,144;70
17345,144;71
17346,144;10546
17347,144;483
17348,144;71
17349,144;72
17350,144;75
17351,144;69
17352,144;10520
17353,144;462
17354,144;75
17355,144;75
17356,144;71
17357,144;71
17358,144;10541
17359,144;466
17360,144;59
17361,144;73
17362,144;63
17363,144;91
17364,144;10556
17365,144;433
17366,144;74
17367,144;74
17368,144;76
17369,144;79
17370,144;10503
17371,144;463
17372,144;62
17373,144;56
17375,817;54
17376,817;51
17377,817;10532
17378,817;463
17379,817;79
17380,817;79
17381,817;85
17382,817;72
17383,817;10539
17384,817;476
17385,817;57
17386,817;64
17387,817;60
17388,817;65
17389,817;10530
17390,817;464
17391,817;84
17392,817;62
17393,817;74
17394,817;67
17395,817;10544
17396,817;461
17397,817;56
17398,817;56
17399,817;86
17400,817;75
17401,817;10562
17402,817;453
17403,817;60
17404,817;79
17405,817;85
17406,817;75
17407,817;10558
17408,817;457
17409,817;74
17410,817;73
17411,817;64
17412,817;64
17413,817;10521
17414,817;471
17415,817;65
17416,817;65
17417,817;66
17418,817;75
17419,817;10566
17420,817;477
17421,817;84
17422,817;79
17423,817;62
17424,817;87
17425,817;10577
17426,817;462
17427,817;56
17428,817;83
17429,817;58
17430,817;73
17431,817;10516
17432,817;492
17433,817;73
17434,817;69
17435,817;76
17436,817;73
17437,817;10592
17438,817;433
17439,817;77
17440,817;78
17441,817;77
17442,817;79
17443,817;10503
17444,817;475
17445,817;79
17446,817;72
17447,817;82
17448,817;82
17449,817;10538
17450,817;476
17451,817;62
17452,817;77
17453,817;65
17454,817;68
17455,817;10526
17456,817;467
17457,817;64
17458,817;58
17459,817;79
17460,817;67
17461,817;10503
17462,817;504
17463,817;67
17464,817;80
17465,817;74
17466,817;74
17467,817;10551
17468,817;491
17469,817;64
17470,817;65
17471,817;77
17472,817;80
17473,817;10532
17474,817;488
17475,817;81
17475,817;66
17476,817;58
17477,817;80
17478,817;10559
17479,817;494
17480,817;69
17481,817;70
17482,817;65
17483,817;79
17484,817;10504
17485,817;492
17486,817;70
17487,817;74
17488,817;80
17489,817;71
17490,817;10154
17491,817;496
17492,817;79
17493,817;75
17494,817;80
17495,817;79
17496,817;10464
17497,817;505
17498,817;81
17499,817;73
17500,817;81
17501,817;78
17502,817;10510
17503,817;488
17504,817;70
17505,817;65
17506,817;60
17507,817;79
17508,817;10519
17509,817;476
17510,817;69
17511,817;73
17512,817;72
17513,817;75
17514,817;10515
17515,817;486
17516,817;86
17517,817;74
17518,817;88
17519,817;69
17520,817;10504
17521,817;483
17522,817;70
17523,817;67
17524,817;77
17525,817;62
17526,817;10538
17527,817;484
17528,817;72
17529,817;64
17530,817;67
17531,817;96
17532,817;10536
17533,817;456
17534,817;72
17535,817;59
17536,817;87
17537,817;83
17538,817;10544
17539,817;496
17540,817;70
17541,817;60
17542,817;81
17543,817;88
17544,817;10505
17545,817;495
17546,817;70
17547,817;86
17548,817;83
17549,817;67
17550,817;10538
17551,817;498
17552,817;63
17553,817;80
17554,817;81
17555,817;79
17556,817;10526
17557,817;504
17558,817;66
17559,817;57
17560,817;67
17561,817;67
17562,817;10495
17563,817;497
17564,817;69
17565,817;71
17566,817;69
17567,817;61
17568,817;10493
17569,817;498
17570,817;58
17571,817;57
17572,817;65
17573,817;77
17574,817;10521
17575,817;489
17576,834;68
17577,834;71
17578,834;74
17579,834;64
17580,834;10495
17581,834;504
17582,834;67
17583,834;79
17584,834;66
17585,834;84
17586,834;10506
17587,834;503
17588,834;66
17589,834;56
17590,834;70
17591,834;60
17592,834;10505
17593,834;497
17594,834;62
17595,834;66
17596,834;65
17597,834;65
17598,834;10528
17599,834;478
17600,834;73
17601,834;76
17602,834;73
17603,834;77
17604,834;10507
17605,834;510
17606,834;64
17607,834;71
17608,834;82
17609,834;68
17610,834;10465
17611,834;496
17612,834;76
17613,834;91
17614,834;57
17615,834;68
17616,834;10476
17617,834;517
17618,834;59
17619,834;67
17620,834;74
17621,834;72
17622,834;10502
17623,834;512
17624,834;56
17625,834;88
17626,834;75
17627,834;60
17628,834;10483
17629,834;513
17630,834;69
17631,834;70
17632,834;69
17633,834;63
17634,834;10486
17635,834;487
17636,834;53
17637,834;76
17638,834;80
17639,834;81
17640,834;10504
17641,834;524
17642,834;73
17643,834;62
17644,834;68
17645,834;66
17646,834;10515
17647,834;520
17648,834;80
17649,834;61
17650,834;78
17651,834;96
17652,834;10462
17653,834;519
17654,834;67
17655,834;73
17656,834;88
17657,834;73
17658,834;10482
17659,834;494
17660,834;68
17661,834;86
17662,834;77
17663,834;79
17664,834;10487
17665,834;520
17666,834;61
17667,834;68
17668,834;84
17669,834;89
17670,834;10486
17671,834;504
17672,834;62
17673,834;67
17674,834;68
17675,834;62
17676,834;10488
17677,649;506
17678,649;63
17679,649;76
17680,649;52
17681,649;70
17682,649;10580
17683,649;395
17684,649;54
17685,649;76
17686,649;66
17687,649;73
17688,649;10536
17689,649;461
17690,649;73
17691,649;67
17692,649;84
17693,649;64
17694,649;10495
17695,649;513
17696,649;66
17697,649;84
17698,649;90
17699,649;72
17700,649;10475
17701,649;517
17702,649;77
17703,649;75
17704,649;76
17705,649;72
17706,649;10493
17707,649;502
17708,649;72
17709,649;73
17710,649;65
17711,649;94
17712,649;10431
17713,649;506
17714,649;69
17715,649;65
17716,649;77
17717,649;64
17718,649;10490
17719,649;523
17720,649;63
17721,649;65
17722,649;91
17723,649;83
17724,649;10478
17725,649;512
17726,649;64
17727,649;62
17728,649;71
17729,649;64
17730,649;10574
17731,649;429
17732,649;79
17733,649;64
17734,649;69
17735,649;71
17736,649;10479
17737,649;516
17738,649;58
17739,649;72
17740,649;80
17741,649;57
17742,649;10492
17743,649;503
17744,649;64
17745,649;57
17746,649;67
17747,649;77
17748,649;10479
17749,649;523
17750,649;77
17751,649;62
17752,649;72
17753,649;66
17754,649;10470
17755,649;507
17756,649;70
17757,649;81
17758,649;77
17759,649;58
17760,649;10465
17761,649;519
17762,649;57
17763,649;60
17764,649;61
17765,649;73
17766,649;10491
17767,649;532
17768,649;67
17769,649;92
17770,649;59
17771,649;61
17772,649;10435
17773,649;525
17774,649;70
17775,649;50
17776,649;70
17777,649;61
17778,471;10539
17779,471;427
17780,471;68
17781,471;54
17782,471;83
17783,471;88
17784,471;10446
17785,471;525
17786,471;66
17787,471;53
17788,471;61
17789,471;64
17790,471;10471
17791,471;524
17792,471;60
17793,471;74
17794,471;63
17795,471;44
17796,471;10446
17797,471;521
17798,471;64
17799,471;69
17800,471;67
17801,471;67
17802,471;10134
17803,471;520
17804,471;54
17805,471;54
17806,471;72
17807,471;61
17808,471;10408
17809,471;529
17810,471;64
17811,471;47
17812,471;68
17813,471;55
17814,471;10465
17815,471;514
17816,471;71
17817,471;59
17818,471;62
17819,471;61
17820,471;10494
17821,471;521
17822,471;65
17823,471;45
17824,471;59
17825,471;61
17826,471;10440
17827,471;523
17828,471;63
17829,471;89
17830,471;66
17831,471;56
17832,471;10451
17833,471;503
17834,471;51
17835,471;75
17836,471;77
17837,471;62
17838,471;10463
17839,471;547
17840,471;67
17841,471;77
17842,471;84
17843,471;69
17844,471;10465
17845,471;518
17846,471;75
17847,471;75
17848,471;73
17849,471;59
17850,471;10448
17851,471;523
17852,471;66
17853,471;62
17854,471;73
17855,471;69
17856,471;10454
17857,471;539
17858,471;67
17859,471;61
17860,471;65
17861,471;74
17862,471;10520
17863,471;481
17864,471;54
17865,471;65
17866,471;73
17867,471;74
17868,471;10465
17869,471;529
17870,471;42
17871,471;66
17872,471;72
17873,471;59
17874,471;10446
17875,471;534
17876,471;79
17877,471;75
17878,471;60
17879,591;64
17880,591;10457
17881,591;524
17882,591;60
17883,591;78
17884,591;78
17885,591;65
17886,591;10467
17887,591;551
17888,591;51
17889,591;69
17890,591;75
17891,591;74
17892,591;10446
17893,591;536
17894,591;55
17895,591;73
17896,591;65
17897,591;79
17898,591;10448
17899,591;552
17900,591;67
17901,591;63
17902,591;65
17903,591;58
17904,591;10457
17905,591;541
17906,591;73
17907,591;67
17908,591;72
17909,591;62
17910,591;10469
17911,591;553
17912,591;78
17913,591;57
17914,591;64
17915,591;60
17916,591;10446
17917,591;540
17918,591;77
17919,591;63
17920,591;46
17921,591;87
17922,591;10421
17923,591;544
17924,591;57
17925,591;62
17926,591;78
17927,591;75
17928,591;10444
17929,591;542
17930,591;70
17931,591;71
17932,591;71
17933,591;74
17934,591;10453
17935,591;552
17936,591;58
17937,591;68
17938,591;70
17939,591;78
17940,591;10460
17941,591;550
17942,591;76
17943,591;76
17944,591;73
17945,591;67
17946,591;10439
17947,591;546
17948,591;73
17949,591;52
17950,591;75
17951,591;91
17952,591;10431
17953,591;534
17954,591;66
17955,591;80
17956,591;60
17957,591;76
17958,591;10458
17959,591;565
17960,591;75
17961,591;65
17962,591;78
17963,591;80
17964,591;10471
17965,591;558
17966,591;65
17967,591;68
17968,591;74
17969,591;81
17970,591;10422
17971,591;565
17972,591;63
17973,591;70
17974,591;69
17975,591;74
17976,591;10447
17977,591;556
17978,591;61
17979,591;78
17980,591;72
17981,591;70
17982,591;10491
17983,591;493
17984,591;75
17985,591;61
17986,591;73
17987,591;64
17988,591;10421
17989,591;557
17990,591;81
17991,591;62
17992,591;86
17993,591;79
17994,591;10450
17995,591;561
17996,591;78
17997,591;71
17998,591;73
17999,591;77
18000,591;10435
18001,591;544
18002,591;75
18003,591;77
18004,591;69
18005,591;68
18006,591;10409
18007,591;556
18008,591;80
18009,591;66
18010,591;68
18011,591;72
18012,591;10438
18013,591;549
18014,591;58
18015,591;68
18016,591;68
18017,591;62
18018,591;10447
18019,591;550
18020,591;63
18021,591;86
18022,591;75
18023,591;78
18024,591;10457
18025,591;498
18026,591;58
18027,591;59
18028,591;83
18029,591;77
18030,591;10465
18031,591;545
18032,591;66
18033,591;84
18034,591;71
18035,591;60
18036,591;10435
18037,591;546
18038,591;74
18039,591;78
18040,591;77
18041,591;68
18042,591;10429
18043,591;543
18044,591;62
18045,591;67
18046,591;56
18047,591;80
18048,591;10438
18049,591;580
18050,591;70
18051,591;93
18052,591;74
18053,591;67
18054,591;10421
18055,591;560
18056,591;69
18057,591;77
18058,591;71
18059,591;84
18060,591;10449
18061,591;565
18062,591;62
18063,591;99
18064,591;82
18065,591;83
18066,591;10409
18067,591;566
18068,591;68
18069,591;66
18070,591;68
18071,591;70
18072,591;10470
18073,591;536
18074,591;76
18075,591;76
18076,591;85
18077,591;80
18078,591;10427
18079,591;567
18080,591;69
18081,359;58
18082,359;85
18083,359;55
18084,359;10414
18085,359;558
18086,359;76
18087,359;76
18088,359;71
18089,359;84
18090,359;10412
18091,359;574
18092,359;59
18093,359;90
18094,359;67
18095,359;74
18096,359;10446
18097,359;583
18098,359;80
18099,359;69
18100,359;94
18101,359;84
18102,359;10427
18103,359;575
18104,359;55
18105,359;66
18106,359;70
18107,359;70
18108,359;10434
18109,359;578
18110,359;80
18111,359;80
18112,359;79
18113,359;81
18114,359;10059
18115,359;564
18116,359;71
18117,359;62
18118,359;73
18119,359;74
18120,359;10355
18121,359;596
18122,359;60
18123,359;86
18124,359;60
18125,359;61
18126,359;10445
18127,359;574
18128,359;79
18129,359;76
18130,359;79
18131,359;88
18132,359;10418
18133,359;562
18134,359;65
18135,359;87
18136,359;68
18137,359;74
18138,359;10399
18139,359;586
18140,359;72
18141,359;61
18142,359;66
18143,359;74
18144,359;10428
18145,359;573
18146,359;70
18147,359;79
18148,359;78
18149,359;83
18150,359;10391
18151,359;580
18152,359;54
18153,359;58
18154,359;80
18155,359;74
18156,359;10434
18157,359;582
18158,359;74
18159,359;77
18160,359;76
18161,359;73
18162,359;10431
18163,359;574
18164,359;74
18165,359;67
18166,359;78
18167,359;65
18168,359;10422
18169,359;566
18170,359;72
18171,359;78
18172,359;85
18173,359;71
18174,359;10417
18175,359;600
18176,359;74
18177,359;67
18178,359;69
18179,359;93
18180,359;10457
18181,359;573
18182,84;66
18183,84;71
18184,84;84
18185,84;55
18186,84;10411
18187,84;576
18188,84;79
18189,84;68
18190,84;75
18191,84;66
18192,84;10427
18193,84;567
18194,84;59
18195,84;79
18196,84;70
18197,84;74
18198,84;10382
18199,84;592
18200,84;61
18201,84;69
18202,84;79
18203,84;70
18204,84;10413
18205,84;594
18206,84;58
18207,84;78
18208,84;69
18209,84;92
18210,84;10483
18211,84;546
18212,84;72
18213,84;62
18214,84;70
18215,84;62
18216,84;10383
18217,84;595
18218,84;84
18219,84;68
18220,84;60
18221,84;83
18222,84;10397
18223,84;589
18224,84;59
18225,84;72
18226,84;88
18227,84;66
18228,84;10407
18229,84;607
18230,84;70
18231,84;71
18232,84;74
18233,84;74
18234,84;10390
18235,84;602
18236,84;67
18237,84;79
18238,84;69
18239,84;73
18240,84;10381
18241,84;566
18242,84;71
18243,84;66
18244,84;72
18245,84;60
18246,84;10407
18247,84;583
18248,84;67
18249,84;84
18250,84;69
18251,84;64
18252,84;10402
18253,84;592
18254,84;76
18255,84;72
18256,84;86
18257,84;71
18258,84;10407
18259,84;598
18260,84;81
18261,84;73
18262,84;84
18263,84;84
18264,84;10375
18265,84;601
18266,84;76
18267,84;63
18268,84;79
18269,84;68
18270,84;10387
18271,84;591
18272,84;63
18273,84;63
18274,84;61
18275,84;69
18276,84;10403
18277,84;605
18278,84;69
18279,84;82
18280,84;68
18281,84;66
18282,84;10335
18283,465;592
18284,465;67
18285,465;64
18286,465;69
18287,465;79
18288,465;10362
18289,465;590
18290,465;51
18291,465;67
18292,465;88
18293,465;80
18294,465;10383
18295,465;594
18296,465;63
18297,465;64
18298,465;85
18299,465;68
18300,465;10381
18301,465;599
18302,465;68
18303,465;66
18304,465;80
18305,465;65
18306,465;10395
18307,465;609
18308,465;62
18309,465;76
18310,465;63
18311,465;64
18312,465;10401
18313,465;590
18314,465;77
18315,465;66
18316,465;84
18317,465;61
18318,465;10360
18319,465;616
18320,465;60
18321,465;50
18322,465;58
18323,465;73
18324,465;10361
18325,465;603
18326,465;85
18327,465;73
18328,465;70
18329,465;69
18330,465;10375
18331,465;606
18332,465;67
18333,465;59
18334,465;81
18335,465;74
18336,465;10370
18337,465;575
18338,465;69
18339,465;72
18340,465;66
18341,465;81
18342,465;10358
18343,465;609
18344,465;72
18345,465;68
18346,465;72
18347,465;69
18348,465;10416
18349,465;556
18350,465;64
18351,465;66
18352,465;58
18353,465;65
18354,465;10388
18355,465;601
18356,465;75
18357,465;70
18358,465;75
18359,465;89
18360,465;10367
18361,465;596
18362,465;64
18363,465;66
18364,465;71
18365,465;75
18366,465;10367
18367,465;599
18368,465;59
18369,465;74
18370,465;73
18371,465;64
18372,465;10483
18373,465;538
18374,465;78
18375,465;57
18376,465;79
18377,465;77
18378,465;10382
18379,465;601
18380,465;64
18381,465;57
18382,465;64
18383,465;69
18387,75;10385
18388,75;614
18389,75;63
18390,75;72
18391,75;65
18392,75;61
18393,75;10370
18394,75;612
18395,75;77
18396,75;69
18397,75;71
18398,75;50
18399,75;10329
18400,75;606
18401,75;61
18402,75;71
18403,75;68
18404,75;73
18405,75;10416
18406,75;566
18407,75;71
18408,75;69
18409,75;81
18410,75;74
18411,75;10427
18412,75;516
18413,75;51
18414,75;67
18415,75;59
18416,75;66
18417,75;10341
18418,75;607
18419,75;75
18420,75;65
18421,75;68
18422,75;67
18423,75;10362
18424,75;609
18425,75;54
18426,75;72
18427,75;74
18428,75;76
18429,75;10018
18430,75;603
18431,75;59
18432,75;50
18433,75;66
18434,75;70
18435,75;10298
18436,75;596
18437,75;69
18438,75;63
18439,75;60
18440,75;77
18441,75;10328
18442,75;629
18443,75;66
18444,75;60
18445,75;58
18446,75;70
18447,75;10368
18448,75;628
18449,75;57
18450,75;64
18451,75;59
18452,75;52
18453,75;10366
18454,75;614
18455,75;64
18456,75;75
18457,75;71
18458,75;53
18459,75;10346
18460,75;598
18461,75;60
18462,75;69
18463,75;69
18464,75;92
18465,75;10354
18466,75;619
18467,75;69
18468,75;79
18469,75;58
18470,75;77
18471,75;10339
18472,75;616
18473,75;51
18474,75;59
18475,75;64
18476,75;72
18477,75;10313
18478,75;628
18479,75;74
18480,75;64
18481,75;58
18482,75;76
18483,75;10341
18484,75;620
18485,75;54
18486,75;70
18487,75;66
18485,75;72
18486,75;10357
18487,75;619
18488,75;68
18489,75;63
18490,75;61
18491,75;75
18492,75;10370
18493,75;620
18494,75;73
18495,75;79
18496,75;59
18497,75;80
18498,75;10367
18499,75;643
18500,75;80
18501,75;69
18502,75;77
18503,75;73
18504,75;10346
18505,75;616
18506,75;73
18507,75;81
18508,75;53
18509,75;59
18510,75;10377
18511,75;627
18512,75;80
18513,75;78
18514,75;75
18515,75;81
18516,75;10342
18517,75;622
18518,75;74
18519,75;75
18520,75;62
18521,75;69
18522,75;10324
18523,75;635
18524,75;78
18525,75;71
18526,75;87
18527,75;85
18528,75;10317
18529,75;632
18530,75;66
18531,75;67
18532,75;75
18533,75;71
18534,75;10330
18535,75;630
18536,75;57
18537,75;77
18538,75;75
18539,75;67
18540,75;10353
18541,75;623
18542,75;69
18543,75;75
18544,75;78
18545,75;69
18546,75;10335
18547,75;640
18548,75;65
18549,75;59
18550,75;73
18551,75;65
18552,75;10352
18553,75;619
18554,75;66
18555,75;58
18556,75;70
18557,75;82
18558,75;10334
18559,75;647
18560,75;74
18561,75;54
18562,75;90
18563,75;64
18564,75;10326
18565,75;643
18566,75;60
18567,75;73
18568,75;70
18569,75;66
18570,75;10330
18571,75;649
18572,75;75
18573,75;74
18574,75;76
18575,75;85
18576,75;10327
18577,75;632
18578,75;70
18579,75;82
18580,75;65
18581,75;66
18582,75;10336
18583,75;646
18584,75;61
18585,75;47
18586,93;71
18587,93;74
18588,93;10338
18589,93;639
18590,93;68
18591,93;69
18592,93;81
18593,93;52
18594,93;10326
18595,93;637
18596,93;65
18597,93;76
18598,93;63
18599,93;62
18600,93;10335
18601,93;657
18602,93;69
18603,93;86
18604,93;59
18605,93;79
18606,93;10320
18607,93;639
18608,93;56
18609,93;71
18610,93;74
18611,93;74
18612,93;10339
18613,93;643
18614,93;63
18615,93;76
18616,93;64
18617,93;67
18618,93;10352
18619,93;660
18620,93;72
18621,93;79
18622,93;69
18623,93;75
18624,93;10319
18625,93;640
18626,93;68
18627,93;66
18628,93;78
18629,93;72
18630,93;10296
18631,93;661
18632,93;63
18633,93;76
18634,93;81
18635,93;63
18636,93;10323
18637,93;654
18638,93;66
18639,93;67
18640,93;71
18641,93;78
18642,93;10322
18643,93;632
18644,93;61
18645,93;69
18646,93;72
18647,93;66
18648,93;10321
18649,93;644
18650,93;67
18651,93;81
18652,93;74
18653,93;63
18654,93;10323
18655,93;647
18656,93;61
18657,93;82
18658,93;89
18659,93;73
18660,93;10344
18661,93;649
18662,93;77
18663,93;72
18664,93;67
18665,93;72
18666,93;10336
18667,93;669
18668,93;84
18669,93;70
18670,93;80
18671,93;72
18672,93;10296
18673,93;674
18674,93;67
18675,93;79
18676,93;55
18677,93;75
18678,93;10333
18679,93;652
18680,93;83
18681,93;75
18682,93;75
18683,93;67
18684,93;10348
18685,93;617
18686,93;64
18687,622;73
18688,622;70
18689,622;66
18690,622;10318
18691,622;648
18692,622;66
18693,622;70
18694,622;63
18695,622;71
18696,622;10322
18697,622;669
18698,622;71
18699,622;79
18700,622;86
18701,622;75
18702,622;10398
18703,622;602
18704,622;84
18705,622;79
18706,622;75
18707,622;77
18708,622;10337
18709,622;634
18710,622;75
18711,622;76
18712,622;71
18713,622;95
18714,622;10341
18715,622;674
18716,622;74
18717,622;63
18718,622;79
18719,622;62
18720,622;10298
18721,622;661
18722,622;68
18723,622;64
18724,622;81
18725,622;89
18726,622;10294
18727,622;653
18728,622;75
18729,622;74
18730,622;81
18731,622;72
18732,622;10323
18733,622;670
18734,622;59
18735,622;70
18736,622;84
18737,622;69
18738,622;9943
18739,622;658
18740,622;52
18741,622;77
18742,622;79
18743,622;87
18744,622;10239
18745,622;656
18746,622;69
18747,622;61
18748,622;71
18749,622;72
18750,622;10291
18751,622;661
18752,622;58
18753,622;79
18754,622;74
18755,622;77
18756,622;10325
18757,622;658
18758,622;58
18759,622;106
18760,622;83
18761,622;67
18762,622;10321
18763,622;658
18764,622;77
18765,622;63
18766,622;64
18767,622;67
18768,622;10313
18769,622;682
18770,622;67
18771,622;70
18772,622;82
18773,622;77
18774,622;10328
18775,622;645
18776,622;83
18777,622;81
18778,622;70
18779,622;83
18780,622;10347
18781,622;646
18782,622;72
18783,622;60
18784,622;65
18785,622;67
18786,622;10310
18787,622;668
18788,257;63
18789,257;79
18790,257;59
18791,257;65
18792,257;10297
18793,257;656
18794,257;77
18795,257;75
18796,257;84
18797,257;63
18798,257;10412
18799,257;569
18800,257;66
18801,257;72
18802,257;73
18803,257;79
18804,257;10278
18805,257;675
18806,257;59
18807,257;78
18808,257;56
18809,257;86
18810,257;10303
18811,257;675
18812,257;72
18813,257;63
18814,257;86
18815,257;80
18816,257;10302
18817,257;667
18818,257;77
18819,257;61
18820,257;83
18821,257;75
18822,257;10322
18823,257;681
18824,257;61
18825,257;74
18826,257;56
18827,257;48
18828,257;10317
18829,257;671
18830,257;75
18831,257;82
18832,257;82
18833,257;78
18834,257;10278
18835,257;681
18836,257;71
18837,257;55
18838,257;70
18839,257;70
18840,257;10293
18841,257;681
18842,257;72
18843,257;74
18844,257;64
18845,257;67
18846,257;10272
18847,257;682
18848,257;79
18849,257;70
18850,257;61
18851,257;72
18852,257;10278
18853,257;677
18854,257;66
18855,257;83
18856,257;75
18857,257;75
18858,257;10262
18859,257;673
18860,257;63
18861,257;68
18862,257;75
18863,257;73
18864,257;10288
18865,257;691
18866,257;73
18867,257;60
18868,257;68
18869,257;65
18870,257;10275
18871,257;670
18872,257;61
18873,257;85
18874,257;75
18875,257;93
18876,257;10350
18877,257;654
18878,257;62
18879,257;69
18880,257;54
18881,257;79
18882,257;10263
18883,257;682
18884,257;85
18885,257;62
18886,257;88
18887,257;70
18888,257;10291
18888,899;669
18889,899;68
18890,899;81
18891,899;59
18892,899;64
18893,899;10257
18894,899;683
18895,899;55
18896,899;55
18897,899;75
18898,899;60
18899,899;10277
18900,899;677
18901,899;74
18902,899;82
18903,899;56
18904,899;68
18905,899;10388
18906,899;611
18907,899;73
18908,899;58
18909,899;80
18910,899;60
18911,899;10283
18912,899;685
18913,899;57
18914,899;73
18915,899;66
18916,899;68
18917,899;10287
18918,899;683
18919,899;76
18920,899;71
18921,899;77
18922,899;71
18923,899;10280
18924,899;696
18925,899;59
18926,899;68
18927,899;87
18928,899;64
18929,899;10256
18930,899;696
18931,899;58
18932,899;72
18933,899;72
18934,899;63
18935,899;10281
18936,899;694
18937,899;70
18938,899;70
18939,899;75
18940,899;75
18941,899;10238
18942,899;676
18943,899;74
18944,899;65
18945,899;85
18946,899;70
18947,899;10300
18948,899;632
18949,899;73
18950,899;69
18951,899;75
18952,899;63
18953,899;10248
18954,899;692
18955,899;64
18956,899;61
18957,899;73
18958,899;69
18959,899;10250
18960,899;688
18961,899;57
18962,899;58
18963,899;71
18964,899;67
18965,899;10261
18966,899;689
18967,899;83
18968,899;62
18969,899;75
18970,899;64
18971,899;10240
18972,899;690
18973,899;60
18974,899;68
18975,899;76
18976,899;72
18977,899;10269
18978,899;695
18979,899;56
18980,899;71
18981,899;55
18982,899;70
18983,899;10252
18984,899;706
18985,899;56
18986,899;67
18987,899;86
18988,899;56
18990,205;10254
18991,205;696
18992,205;69
18993,205;78
18994,205;60
18995,205;75
18996,205;10265
18997,205;693
18998,205;52
18999,205;66
19000,205;78
19001,205;62
19002,205;10252
19003,205;699
19004,205;74
19005,205;61
19006,205;74
19007,205;61
19008,205;10251
19009,205;682
19010,205;61
19011,205;60
19012,205;68
19013,205;81
19014,205;10309
19015,205;673
19016,205;74
19017,205;65
19018,205;72
19019,205;64
19020,205;10349
19021,205;601
19022,205;49
19023,205;56
19024,205;77
19025,205;67
19026,205;10253
19027,205;696
19028,205;60
19029,205;75
19030,205;74
19031,205;69
19032,205;10244
19033,205;694
19034,205;74
19035,205;57
19036,205;67
19037,205;71
19038,205;10287
19039,205;685
19040,205;65
19041,205;58
19042,205;64
19043,205;57
19044,205;10276
19045,205;710
